Nr.;Schritt;Materialnummer;Volumen[mm^3];Arbeitsplatz;Qualifikation;Kosten[($)];Dauer[min]
0;initWorkingstep;null;5625000.0;null;1;0.0;0.0
1;liefern;00000016;5625000.0;liefern_4;1;0.0;0.0
2;fräsen;00000016;3260198.9999999995;CNC_M_null_08;2;11.543465302828276;17.333690316271863
3;bohren;00000016;3244098.337650351;DrillPress_null_03;2;8.744319223100707;17.4675055195804
4;schweißen;00000016;3246523.639894688;Welding_null_01;2;4.236946861306418;5.523598775598299
5;schleifen;00000016;3246523.639894688;GrindingStation_null_04;1;8.815099636945174;15.038918443353658
6;kontrollieren;00000016;3246523.639894688;GrindingStation_null_04;1;2.3333333333333335;4.0
