Nr.;Schritt;Materialnummer;Volumen[mm^3];Arbeitsplatz;Qualifikation;Kosten[($)];Dauer[min]
0;initWorkingstep;null;589048.6225480862;null;1;0.0;0.0
1;liefern;00000018;589048.6225480862;liefern_3;1;0.0;0.0
2;drehen;00000018;283331.23240021174;drehen_1;1;0.0;0.0
3;bohren;00000018;275433.41926553426;DrillPress_null_02;2;5.734076117920528;11.441571810234556
4;fräsen;00000018;274509.5822372119;CNC_M_null_06;2;5.125436400262062;8.452913064435506
5;prüfen;00000018;274509.5822372119;CNC_M_null_06;1;0.0;2.0
