ISO-10303-21;
HEADER;
FILE_DESCRIPTION(('Open CASCADE Model'),'2;1');
FILE_NAME('Open CASCADE Shape Model','2025-08-06T14:37:57',('Author'),(
    'Open CASCADE'),'Open CASCADE STEP processor 7.7','Open CASCADE 7.7'
  ,'Unknown');
FILE_SCHEMA(('AUTOMOTIVE_DESIGN { 1 0 10303 214 1 1 1 1 }'));
ENDSEC;
DATA;
#1 = APPLICATION_PROTOCOL_DEFINITION('international standard',
  'automotive_design',2000,#2);
#2 = APPLICATION_CONTEXT(
  'core data for automotive mechanical design processes');
#3 = SHAPE_DEFINITION_REPRESENTATION(#4,#10);
#4 = PRODUCT_DEFINITION_SHAPE('','',#5);
#5 = PRODUCT_DEFINITION('design','',#6,#9);
#6 = PRODUCT_DEFINITION_FORMATION('','',#7);
#7 = PRODUCT('interim_bohren_step3','interim_bohren_step3','',(#8));
#8 = PRODUCT_CONTEXT('',#2,'mechanical');
#9 = PRODUCT_DEFINITION_CONTEXT('part definition',#2,'design');
#10 = ADVANCED_BREP_SHAPE_REPRESENTATION('',(#11,#15),#4096);
#11 = AXIS2_PLACEMENT_3D('',#12,#13,#14);
#12 = CARTESIAN_POINT('',(0.,0.,0.));
#13 = DIRECTION('',(0.,0.,1.));
#14 = DIRECTION('',(1.,0.,-0.));
#15 = MANIFOLD_SOLID_BREP('PartBody',#16);
#16 = CLOSED_SHELL('',(#17,#377,#621,#837,#886,#959,#1035,#1084,#1133,
    #1182,#1231,#1258,#1313,#1368,#1497,#1546,#1595,#1761,#1841,#1868,
    #1875,#1882,#1958,#2008,#2057,#2085,#2094,#2129,#2164,#2171,#2226,
    #2281,#2336,#2391,#2446,#2453,#2508,#2563,#2598,#2651,#3705,#3740,
    #3793,#3797,#3801,#3856,#3911,#3966,#4021,#4076,#4080,#4084,#4088,
    #4092));
#17 = ADVANCED_FACE('',(#18,#137,#307,#342),#32,.F.);
#18 = FACE_BOUND('',#19,.F.);
#19 = EDGE_LOOP('',(#20,#55,#83,#111));
#20 = ORIENTED_EDGE('',*,*,#21,.F.);
#21 = EDGE_CURVE('',#22,#24,#26,.T.);
#22 = VERTEX_POINT('',#23);
#23 = CARTESIAN_POINT('',(-50.,-125.,100.));
#24 = VERTEX_POINT('',#25);
#25 = CARTESIAN_POINT('',(-50.,113.,100.));
#26 = SURFACE_CURVE('',#27,(#31,#43),.PCURVE_S1.);
#27 = LINE('',#28,#29);
#28 = CARTESIAN_POINT('',(-50.,-125.,100.));
#29 = VECTOR('',#30,1.);
#30 = DIRECTION('',(0.,1.,0.));
#31 = PCURVE('',#32,#37);
#32 = PLANE('',#33);
#33 = AXIS2_PLACEMENT_3D('',#34,#35,#36);
#34 = CARTESIAN_POINT('',(-50.,-125.,-100.));
#35 = DIRECTION('',(1.,0.,0.));
#36 = DIRECTION('',(0.,0.,1.));
#37 = DEFINITIONAL_REPRESENTATION('',(#38),#42);
#38 = LINE('',#39,#40);
#39 = CARTESIAN_POINT('',(200.,0.));
#40 = VECTOR('',#41,1.);
#41 = DIRECTION('',(0.,-1.));
#42 = ( GEOMETRIC_REPRESENTATION_CONTEXT(2) 
PARAMETRIC_REPRESENTATION_CONTEXT() REPRESENTATION_CONTEXT('2D SPACE',''
  ) );
#43 = PCURVE('',#44,#49);
#44 = PLANE('',#45);
#45 = AXIS2_PLACEMENT_3D('',#46,#47,#48);
#46 = CARTESIAN_POINT('',(-50.,-125.,100.));
#47 = DIRECTION('',(0.,0.,1.));
#48 = DIRECTION('',(1.,0.,0.));
#49 = DEFINITIONAL_REPRESENTATION('',(#50),#54);
#50 = LINE('',#51,#52);
#51 = CARTESIAN_POINT('',(0.,0.));
#52 = VECTOR('',#53,1.);
#53 = DIRECTION('',(0.,1.));
#54 = ( GEOMETRIC_REPRESENTATION_CONTEXT(2) 
PARAMETRIC_REPRESENTATION_CONTEXT() REPRESENTATION_CONTEXT('2D SPACE',''
  ) );
#55 = ORIENTED_EDGE('',*,*,#56,.F.);
#56 = EDGE_CURVE('',#57,#22,#59,.T.);
#57 = VERTEX_POINT('',#58);
#58 = CARTESIAN_POINT('',(-50.,-125.,-100.));
#59 = SURFACE_CURVE('',#60,(#64,#71),.PCURVE_S1.);
#60 = LINE('',#61,#62);
#61 = CARTESIAN_POINT('',(-50.,-125.,-100.));
#62 = VECTOR('',#63,1.);
#63 = DIRECTION('',(0.,0.,1.));
#64 = PCURVE('',#32,#65);
#65 = DEFINITIONAL_REPRESENTATION('',(#66),#70);
#66 = LINE('',#67,#68);
#67 = CARTESIAN_POINT('',(0.,0.));
#68 = VECTOR('',#69,1.);
#69 = DIRECTION('',(1.,0.));
#70 = ( GEOMETRIC_REPRESENTATION_CONTEXT(2) 
PARAMETRIC_REPRESENTATION_CONTEXT() REPRESENTATION_CONTEXT('2D SPACE',''
  ) );
#71 = PCURVE('',#72,#77);
#72 = PLANE('',#73);
#73 = AXIS2_PLACEMENT_3D('',#74,#75,#76);
#74 = CARTESIAN_POINT('',(-50.,-125.,-100.));
#75 = DIRECTION('',(0.,1.,0.));
#76 = DIRECTION('',(0.,0.,1.));
#77 = DEFINITIONAL_REPRESENTATION('',(#78),#82);
#78 = LINE('',#79,#80);
#79 = CARTESIAN_POINT('',(0.,0.));
#80 = VECTOR('',#81,1.);
#81 = DIRECTION('',(1.,0.));
#82 = ( GEOMETRIC_REPRESENTATION_CONTEXT(2) 
PARAMETRIC_REPRESENTATION_CONTEXT() REPRESENTATION_CONTEXT('2D SPACE',''
  ) );
#83 = ORIENTED_EDGE('',*,*,#84,.T.);
#84 = EDGE_CURVE('',#57,#85,#87,.T.);
#85 = VERTEX_POINT('',#86);
#86 = CARTESIAN_POINT('',(-50.,113.,-100.));
#87 = SURFACE_CURVE('',#88,(#92,#99),.PCURVE_S1.);
#88 = LINE('',#89,#90);
#89 = CARTESIAN_POINT('',(-50.,-125.,-100.));
#90 = VECTOR('',#91,1.);
#91 = DIRECTION('',(0.,1.,0.));
#92 = PCURVE('',#32,#93);
#93 = DEFINITIONAL_REPRESENTATION('',(#94),#98);
#94 = LINE('',#95,#96);
#95 = CARTESIAN_POINT('',(0.,0.));
#96 = VECTOR('',#97,1.);
#97 = DIRECTION('',(0.,-1.));
#98 = ( GEOMETRIC_REPRESENTATION_CONTEXT(2) 
PARAMETRIC_REPRESENTATION_CONTEXT() REPRESENTATION_CONTEXT('2D SPACE',''
  ) );
#99 = PCURVE('',#100,#105);
#100 = PLANE('',#101);
#101 = AXIS2_PLACEMENT_3D('',#102,#103,#104);
#102 = CARTESIAN_POINT('',(-50.,-125.,-100.));
#103 = DIRECTION('',(0.,0.,1.));
#104 = DIRECTION('',(1.,0.,0.));
#105 = DEFINITIONAL_REPRESENTATION('',(#106),#110);
#106 = LINE('',#107,#108);
#107 = CARTESIAN_POINT('',(0.,0.));
#108 = VECTOR('',#109,1.);
#109 = DIRECTION('',(0.,1.));
#110 = ( GEOMETRIC_REPRESENTATION_CONTEXT(2) 
PARAMETRIC_REPRESENTATION_CONTEXT() REPRESENTATION_CONTEXT('2D SPACE',''
  ) );
#111 = ORIENTED_EDGE('',*,*,#112,.T.);
#112 = EDGE_CURVE('',#85,#24,#113,.T.);
#113 = SURFACE_CURVE('',#114,(#118,#125),.PCURVE_S1.);
#114 = LINE('',#115,#116);
#115 = CARTESIAN_POINT('',(-50.,113.,-100.));
#116 = VECTOR('',#117,1.);
#117 = DIRECTION('',(0.,0.,1.));
#118 = PCURVE('',#32,#119);
#119 = DEFINITIONAL_REPRESENTATION('',(#120),#124);
#120 = LINE('',#121,#122);
#121 = CARTESIAN_POINT('',(0.,-238.));
#122 = VECTOR('',#123,1.);
#123 = DIRECTION('',(1.,0.));
#124 = ( GEOMETRIC_REPRESENTATION_CONTEXT(2) 
PARAMETRIC_REPRESENTATION_CONTEXT() REPRESENTATION_CONTEXT('2D SPACE',''
  ) );
#125 = PCURVE('',#126,#131);
#126 = PLANE('',#127);
#127 = AXIS2_PLACEMENT_3D('',#128,#129,#130);
#128 = CARTESIAN_POINT('',(-29.35225812098,113.,-7.718337579279));
#129 = DIRECTION('',(5.905823814986E-32,1.,1.195566328974E-32));
#130 = DIRECTION('',(1.,-5.905823814986E-32,0.));
#131 = DEFINITIONAL_REPRESENTATION('',(#132),#136);
#132 = LINE('',#133,#134);
#133 = CARTESIAN_POINT('',(-20.64774187901,92.281662420721));
#134 = VECTOR('',#135,1.);
#135 = DIRECTION('',(0.,-1.));
#136 = ( GEOMETRIC_REPRESENTATION_CONTEXT(2) 
PARAMETRIC_REPRESENTATION_CONTEXT() REPRESENTATION_CONTEXT('2D SPACE',''
  ) );
#137 = FACE_BOUND('',#138,.F.);
#138 = EDGE_LOOP('',(#139,#169,#197,#225,#253,#281));
#139 = ORIENTED_EDGE('',*,*,#140,.T.);
#140 = EDGE_CURVE('',#141,#143,#145,.T.);
#141 = VERTEX_POINT('',#142);
#142 = CARTESIAN_POINT('',(-50.,107.99038105676,31.5));
#143 = VERTEX_POINT('',#144);
#144 = CARTESIAN_POINT('',(-50.,95.,24.));
#145 = SURFACE_CURVE('',#146,(#150,#157),.PCURVE_S1.);
#146 = LINE('',#147,#148);
#147 = CARTESIAN_POINT('',(-50.,107.99038105676,31.5));
#148 = VECTOR('',#149,1.);
#149 = DIRECTION('',(0.,-0.866025403784,-0.5));
#150 = PCURVE('',#32,#151);
#151 = DEFINITIONAL_REPRESENTATION('',(#152),#156);
#152 = LINE('',#153,#154);
#153 = CARTESIAN_POINT('',(131.5,-232.9903810567));
#154 = VECTOR('',#155,1.);
#155 = DIRECTION('',(-0.5,0.866025403784));
#156 = ( GEOMETRIC_REPRESENTATION_CONTEXT(2) 
PARAMETRIC_REPRESENTATION_CONTEXT() REPRESENTATION_CONTEXT('2D SPACE',''
  ) );
#157 = PCURVE('',#158,#163);
#158 = PLANE('',#159);
#159 = AXIS2_PLACEMENT_3D('',#160,#161,#162);
#160 = CARTESIAN_POINT('',(-50.,107.99038105676,31.5));
#161 = DIRECTION('',(0.,0.5,-0.866025403784));
#162 = DIRECTION('',(0.,-0.866025403784,-0.5));
#163 = DEFINITIONAL_REPRESENTATION('',(#164),#168);
#164 = LINE('',#165,#166);
#165 = CARTESIAN_POINT('',(0.,0.));
#166 = VECTOR('',#167,1.);
#167 = DIRECTION('',(1.,0.));
#168 = ( GEOMETRIC_REPRESENTATION_CONTEXT(2) 
PARAMETRIC_REPRESENTATION_CONTEXT() REPRESENTATION_CONTEXT('2D SPACE',''
  ) );
#169 = ORIENTED_EDGE('',*,*,#170,.T.);
#170 = EDGE_CURVE('',#143,#171,#173,.T.);
#171 = VERTEX_POINT('',#172);
#172 = CARTESIAN_POINT('',(-50.,82.009618943233,31.5));
#173 = SURFACE_CURVE('',#174,(#178,#185),.PCURVE_S1.);
#174 = LINE('',#175,#176);
#175 = CARTESIAN_POINT('',(-50.,95.,24.));
#176 = VECTOR('',#177,1.);
#177 = DIRECTION('',(0.,-0.866025403784,0.5));
#178 = PCURVE('',#32,#179);
#179 = DEFINITIONAL_REPRESENTATION('',(#180),#184);
#180 = LINE('',#181,#182);
#181 = CARTESIAN_POINT('',(124.,-220.));
#182 = VECTOR('',#183,1.);
#183 = DIRECTION('',(0.5,0.866025403784));
#184 = ( GEOMETRIC_REPRESENTATION_CONTEXT(2) 
PARAMETRIC_REPRESENTATION_CONTEXT() REPRESENTATION_CONTEXT('2D SPACE',''
  ) );
#185 = PCURVE('',#186,#191);
#186 = PLANE('',#187);
#187 = AXIS2_PLACEMENT_3D('',#188,#189,#190);
#188 = CARTESIAN_POINT('',(-50.,95.,24.));
#189 = DIRECTION('',(0.,-0.5,-0.866025403784));
#190 = DIRECTION('',(0.,-0.866025403784,0.5));
#191 = DEFINITIONAL_REPRESENTATION('',(#192),#196);
#192 = LINE('',#193,#194);
#193 = CARTESIAN_POINT('',(0.,0.));
#194 = VECTOR('',#195,1.);
#195 = DIRECTION('',(1.,0.));
#196 = ( GEOMETRIC_REPRESENTATION_CONTEXT(2) 
PARAMETRIC_REPRESENTATION_CONTEXT() REPRESENTATION_CONTEXT('2D SPACE',''
  ) );
#197 = ORIENTED_EDGE('',*,*,#198,.T.);
#198 = EDGE_CURVE('',#171,#199,#201,.T.);
#199 = VERTEX_POINT('',#200);
#200 = CARTESIAN_POINT('',(-50.,82.009618943233,46.5));
#201 = SURFACE_CURVE('',#202,(#206,#213),.PCURVE_S1.);
#202 = LINE('',#203,#204);
#203 = CARTESIAN_POINT('',(-50.,82.009618943233,31.5));
#204 = VECTOR('',#205,1.);
#205 = DIRECTION('',(0.,-0.,1.));
#206 = PCURVE('',#32,#207);
#207 = DEFINITIONAL_REPRESENTATION('',(#208),#212);
#208 = LINE('',#209,#210);
#209 = CARTESIAN_POINT('',(131.5,-207.0096189432));
#210 = VECTOR('',#211,1.);
#211 = DIRECTION('',(1.,0.));
#212 = ( GEOMETRIC_REPRESENTATION_CONTEXT(2) 
PARAMETRIC_REPRESENTATION_CONTEXT() REPRESENTATION_CONTEXT('2D SPACE',''
  ) );
#213 = PCURVE('',#214,#219);
#214 = PLANE('',#215);
#215 = AXIS2_PLACEMENT_3D('',#216,#217,#218);
#216 = CARTESIAN_POINT('',(-50.,82.009618943233,31.5));
#217 = DIRECTION('',(0.,-1.,-0.));
#218 = DIRECTION('',(0.,-0.,1.));
#219 = DEFINITIONAL_REPRESENTATION('',(#220),#224);
#220 = LINE('',#221,#222);
#221 = CARTESIAN_POINT('',(0.,0.));
#222 = VECTOR('',#223,1.);
#223 = DIRECTION('',(1.,0.));
#224 = ( GEOMETRIC_REPRESENTATION_CONTEXT(2) 
PARAMETRIC_REPRESENTATION_CONTEXT() REPRESENTATION_CONTEXT('2D SPACE',''
  ) );
#225 = ORIENTED_EDGE('',*,*,#226,.T.);
#226 = EDGE_CURVE('',#199,#227,#229,.T.);
#227 = VERTEX_POINT('',#228);
#228 = CARTESIAN_POINT('',(-50.,95.,54.));
#229 = SURFACE_CURVE('',#230,(#234,#241),.PCURVE_S1.);
#230 = LINE('',#231,#232);
#231 = CARTESIAN_POINT('',(-50.,82.009618943233,46.5));
#232 = VECTOR('',#233,1.);
#233 = DIRECTION('',(-0.,0.866025403784,0.5));
#234 = PCURVE('',#32,#235);
#235 = DEFINITIONAL_REPRESENTATION('',(#236),#240);
#236 = LINE('',#237,#238);
#237 = CARTESIAN_POINT('',(146.5,-207.0096189432));
#238 = VECTOR('',#239,1.);
#239 = DIRECTION('',(0.5,-0.866025403784));
#240 = ( GEOMETRIC_REPRESENTATION_CONTEXT(2) 
PARAMETRIC_REPRESENTATION_CONTEXT() REPRESENTATION_CONTEXT('2D SPACE',''
  ) );
#241 = PCURVE('',#242,#247);
#242 = PLANE('',#243);
#243 = AXIS2_PLACEMENT_3D('',#244,#245,#246);
#244 = CARTESIAN_POINT('',(-50.,82.009618943233,46.5));
#245 = DIRECTION('',(0.,-0.5,0.866025403784));
#246 = DIRECTION('',(-0.,0.866025403784,0.5));
#247 = DEFINITIONAL_REPRESENTATION('',(#248),#252);
#248 = LINE('',#249,#250);
#249 = CARTESIAN_POINT('',(0.,0.));
#250 = VECTOR('',#251,1.);
#251 = DIRECTION('',(1.,0.));
#252 = ( GEOMETRIC_REPRESENTATION_CONTEXT(2) 
PARAMETRIC_REPRESENTATION_CONTEXT() REPRESENTATION_CONTEXT('2D SPACE',''
  ) );
#253 = ORIENTED_EDGE('',*,*,#254,.T.);
#254 = EDGE_CURVE('',#227,#255,#257,.T.);
#255 = VERTEX_POINT('',#256);
#256 = CARTESIAN_POINT('',(-50.,107.99038105676,46.5));
#257 = SURFACE_CURVE('',#258,(#262,#269),.PCURVE_S1.);
#258 = LINE('',#259,#260);
#259 = CARTESIAN_POINT('',(-50.,95.,54.));
#260 = VECTOR('',#261,1.);
#261 = DIRECTION('',(0.,0.866025403784,-0.5));
#262 = PCURVE('',#32,#263);
#263 = DEFINITIONAL_REPRESENTATION('',(#264),#268);
#264 = LINE('',#265,#266);
#265 = CARTESIAN_POINT('',(154.,-220.));
#266 = VECTOR('',#267,1.);
#267 = DIRECTION('',(-0.5,-0.866025403784));
#268 = ( GEOMETRIC_REPRESENTATION_CONTEXT(2) 
PARAMETRIC_REPRESENTATION_CONTEXT() REPRESENTATION_CONTEXT('2D SPACE',''
  ) );
#269 = PCURVE('',#270,#275);
#270 = PLANE('',#271);
#271 = AXIS2_PLACEMENT_3D('',#272,#273,#274);
#272 = CARTESIAN_POINT('',(-50.,95.,54.));
#273 = DIRECTION('',(-0.,0.5,0.866025403784));
#274 = DIRECTION('',(0.,0.866025403784,-0.5));
#275 = DEFINITIONAL_REPRESENTATION('',(#276),#280);
#276 = LINE('',#277,#278);
#277 = CARTESIAN_POINT('',(0.,0.));
#278 = VECTOR('',#279,1.);
#279 = DIRECTION('',(1.,0.));
#280 = ( GEOMETRIC_REPRESENTATION_CONTEXT(2) 
PARAMETRIC_REPRESENTATION_CONTEXT() REPRESENTATION_CONTEXT('2D SPACE',''
  ) );
#281 = ORIENTED_EDGE('',*,*,#282,.T.);
#282 = EDGE_CURVE('',#255,#141,#283,.T.);
#283 = SURFACE_CURVE('',#284,(#288,#295),.PCURVE_S1.);
#284 = LINE('',#285,#286);
#285 = CARTESIAN_POINT('',(-50.,107.99038105676,46.5));
#286 = VECTOR('',#287,1.);
#287 = DIRECTION('',(0.,7.105427357601E-16,-1.));
#288 = PCURVE('',#32,#289);
#289 = DEFINITIONAL_REPRESENTATION('',(#290),#294);
#290 = LINE('',#291,#292);
#291 = CARTESIAN_POINT('',(146.5,-232.9903810567));
#292 = VECTOR('',#293,1.);
#293 = DIRECTION('',(-1.,-7.105427357601E-16));
#294 = ( GEOMETRIC_REPRESENTATION_CONTEXT(2) 
PARAMETRIC_REPRESENTATION_CONTEXT() REPRESENTATION_CONTEXT('2D SPACE',''
  ) );
#295 = PCURVE('',#296,#301);
#296 = PLANE('',#297);
#297 = AXIS2_PLACEMENT_3D('',#298,#299,#300);
#298 = CARTESIAN_POINT('',(-50.,107.99038105676,46.5));
#299 = DIRECTION('',(-0.,1.,7.105427357601E-16));
#300 = DIRECTION('',(0.,7.105427357601E-16,-1.));
#301 = DEFINITIONAL_REPRESENTATION('',(#302),#306);
#302 = LINE('',#303,#304);
#303 = CARTESIAN_POINT('',(0.,0.));
#304 = VECTOR('',#305,1.);
#305 = DIRECTION('',(1.,0.));
#306 = ( GEOMETRIC_REPRESENTATION_CONTEXT(2) 
PARAMETRIC_REPRESENTATION_CONTEXT() REPRESENTATION_CONTEXT('2D SPACE',''
  ) );
#307 = FACE_BOUND('',#308,.F.);
#308 = EDGE_LOOP('',(#309));
#309 = ORIENTED_EDGE('',*,*,#310,.T.);
#310 = EDGE_CURVE('',#311,#311,#313,.T.);
#311 = VERTEX_POINT('',#312);
#312 = CARTESIAN_POINT('',(-50.,-13.14,-16.8));
#313 = SURFACE_CURVE('',#314,(#319,#330),.PCURVE_S1.);
#314 = CIRCLE('',#315,8.);
#315 = AXIS2_PLACEMENT_3D('',#316,#317,#318);
#316 = CARTESIAN_POINT('',(-50.,-13.14,-8.8));
#317 = DIRECTION('',(-1.,0.,0.));
#318 = DIRECTION('',(0.,0.,-1.));
#319 = PCURVE('',#32,#320);
#320 = DEFINITIONAL_REPRESENTATION('',(#321),#329);
#321 = ( BOUNDED_CURVE() B_SPLINE_CURVE(2,(#322,#323,#324,#325,#326,#327
,#328),.UNSPECIFIED.,.T.,.F.) B_SPLINE_CURVE_WITH_KNOTS((1,2,2,2,2,1),(
    -2.094395102393,0.,2.094395102393,4.188790204786,6.28318530718,
8.377580409573),.UNSPECIFIED.) CURVE() GEOMETRIC_REPRESENTATION_ITEM() 
RATIONAL_B_SPLINE_CURVE((1.,0.5,1.,0.5,1.,0.5,1.)) REPRESENTATION_ITEM(
  '') );
#322 = CARTESIAN_POINT('',(83.2,-111.86));
#323 = CARTESIAN_POINT('',(83.2,-98.00359353944));
#324 = CARTESIAN_POINT('',(95.2,-104.9317967697));
#325 = CARTESIAN_POINT('',(107.2,-111.86));
#326 = CARTESIAN_POINT('',(95.2,-118.7882032302));
#327 = CARTESIAN_POINT('',(83.2,-125.7164064605));
#328 = CARTESIAN_POINT('',(83.2,-111.86));
#329 = ( GEOMETRIC_REPRESENTATION_CONTEXT(2) 
PARAMETRIC_REPRESENTATION_CONTEXT() REPRESENTATION_CONTEXT('2D SPACE',''
  ) );
#330 = PCURVE('',#331,#336);
#331 = CYLINDRICAL_SURFACE('',#332,8.);
#332 = AXIS2_PLACEMENT_3D('',#333,#334,#335);
#333 = CARTESIAN_POINT('',(-50.,-13.14,-8.8));
#334 = DIRECTION('',(-1.,0.,0.));
#335 = DIRECTION('',(0.,0.,-1.));
#336 = DEFINITIONAL_REPRESENTATION('',(#337),#341);
#337 = LINE('',#338,#339);
#338 = CARTESIAN_POINT('',(0.,0.));
#339 = VECTOR('',#340,1.);
#340 = DIRECTION('',(1.,0.));
#341 = ( GEOMETRIC_REPRESENTATION_CONTEXT(2) 
PARAMETRIC_REPRESENTATION_CONTEXT() REPRESENTATION_CONTEXT('2D SPACE',''
  ) );
#342 = FACE_BOUND('',#343,.F.);
#343 = EDGE_LOOP('',(#344));
#344 = ORIENTED_EDGE('',*,*,#345,.T.);
#345 = EDGE_CURVE('',#346,#346,#348,.T.);
#346 = VERTEX_POINT('',#347);
#347 = CARTESIAN_POINT('',(-50.,-13.14,1.2));
#348 = SURFACE_CURVE('',#349,(#354,#365),.PCURVE_S1.);
#349 = CIRCLE('',#350,8.);
#350 = AXIS2_PLACEMENT_3D('',#351,#352,#353);
#351 = CARTESIAN_POINT('',(-50.,-13.14,9.2));
#352 = DIRECTION('',(-1.,0.,0.));
#353 = DIRECTION('',(0.,0.,-1.));
#354 = PCURVE('',#32,#355);
#355 = DEFINITIONAL_REPRESENTATION('',(#356),#364);
#356 = ( BOUNDED_CURVE() B_SPLINE_CURVE(2,(#357,#358,#359,#360,#361,#362
,#363),.UNSPECIFIED.,.T.,.F.) B_SPLINE_CURVE_WITH_KNOTS((1,2,2,2,2,1),(
    -2.094395102393,0.,2.094395102393,4.188790204786,6.28318530718,
8.377580409573),.UNSPECIFIED.) CURVE() GEOMETRIC_REPRESENTATION_ITEM() 
RATIONAL_B_SPLINE_CURVE((1.,0.5,1.,0.5,1.,0.5,1.)) REPRESENTATION_ITEM(
  '') );
#357 = CARTESIAN_POINT('',(101.2,-111.86));
#358 = CARTESIAN_POINT('',(101.2,-98.00359353944));
#359 = CARTESIAN_POINT('',(113.2,-104.9317967697));
#360 = CARTESIAN_POINT('',(125.2,-111.86));
#361 = CARTESIAN_POINT('',(113.2,-118.7882032302));
#362 = CARTESIAN_POINT('',(101.2,-125.7164064605));
#363 = CARTESIAN_POINT('',(101.2,-111.86));
#364 = ( GEOMETRIC_REPRESENTATION_CONTEXT(2) 
PARAMETRIC_REPRESENTATION_CONTEXT() REPRESENTATION_CONTEXT('2D SPACE',''
  ) );
#365 = PCURVE('',#366,#371);
#366 = CYLINDRICAL_SURFACE('',#367,8.);
#367 = AXIS2_PLACEMENT_3D('',#368,#369,#370);
#368 = CARTESIAN_POINT('',(-50.,-13.14,9.2));
#369 = DIRECTION('',(-1.,0.,0.));
#370 = DIRECTION('',(0.,0.,-1.));
#371 = DEFINITIONAL_REPRESENTATION('',(#372),#376);
#372 = LINE('',#373,#374);
#373 = CARTESIAN_POINT('',(0.,0.));
#374 = VECTOR('',#375,1.);
#375 = DIRECTION('',(1.,0.));
#376 = ( GEOMETRIC_REPRESENTATION_CONTEXT(2) 
PARAMETRIC_REPRESENTATION_CONTEXT() REPRESENTATION_CONTEXT('2D SPACE',''
  ) );
#377 = ADVANCED_FACE('',(#378),#44,.T.);
#378 = FACE_BOUND('',#379,.T.);
#379 = EDGE_LOOP('',(#380,#410,#438,#459,#460,#483,#511,#539,#567,#595)
  );
#380 = ORIENTED_EDGE('',*,*,#381,.F.);
#381 = EDGE_CURVE('',#382,#384,#386,.T.);
#382 = VERTEX_POINT('',#383);
#383 = CARTESIAN_POINT('',(-29.048,125.,100.));
#384 = VERTEX_POINT('',#385);
#385 = CARTESIAN_POINT('',(34.,125.,100.));
#386 = SURFACE_CURVE('',#387,(#391,#398),.PCURVE_S1.);
#387 = LINE('',#388,#389);
#388 = CARTESIAN_POINT('',(-50.,125.,100.));
#389 = VECTOR('',#390,1.);
#390 = DIRECTION('',(1.,0.,0.));
#391 = PCURVE('',#44,#392);
#392 = DEFINITIONAL_REPRESENTATION('',(#393),#397);
#393 = LINE('',#394,#395);
#394 = CARTESIAN_POINT('',(0.,250.));
#395 = VECTOR('',#396,1.);
#396 = DIRECTION('',(1.,0.));
#397 = ( GEOMETRIC_REPRESENTATION_CONTEXT(2) 
PARAMETRIC_REPRESENTATION_CONTEXT() REPRESENTATION_CONTEXT('2D SPACE',''
  ) );
#398 = PCURVE('',#399,#404);
#399 = PLANE('',#400);
#400 = AXIS2_PLACEMENT_3D('',#401,#402,#403);
#401 = CARTESIAN_POINT('',(-50.,125.,-100.));
#402 = DIRECTION('',(0.,1.,0.));
#403 = DIRECTION('',(0.,0.,1.));
#404 = DEFINITIONAL_REPRESENTATION('',(#405),#409);
#405 = LINE('',#406,#407);
#406 = CARTESIAN_POINT('',(200.,0.));
#407 = VECTOR('',#408,1.);
#408 = DIRECTION('',(0.,1.));
#409 = ( GEOMETRIC_REPRESENTATION_CONTEXT(2) 
PARAMETRIC_REPRESENTATION_CONTEXT() REPRESENTATION_CONTEXT('2D SPACE',''
  ) );
#410 = ORIENTED_EDGE('',*,*,#411,.T.);
#411 = EDGE_CURVE('',#382,#412,#414,.T.);
#412 = VERTEX_POINT('',#413);
#413 = CARTESIAN_POINT('',(-29.048,113.,100.));
#414 = SURFACE_CURVE('',#415,(#419,#426),.PCURVE_S1.);
#415 = LINE('',#416,#417);
#416 = CARTESIAN_POINT('',(-29.048,125.,100.));
#417 = VECTOR('',#418,1.);
#418 = DIRECTION('',(-0.,-1.,-0.));
#419 = PCURVE('',#44,#420);
#420 = DEFINITIONAL_REPRESENTATION('',(#421),#425);
#421 = LINE('',#422,#423);
#422 = CARTESIAN_POINT('',(20.952,250.));
#423 = VECTOR('',#424,1.);
#424 = DIRECTION('',(0.,-1.));
#425 = ( GEOMETRIC_REPRESENTATION_CONTEXT(2) 
PARAMETRIC_REPRESENTATION_CONTEXT() REPRESENTATION_CONTEXT('2D SPACE',''
  ) );
#426 = PCURVE('',#427,#432);
#427 = PLANE('',#428);
#428 = AXIS2_PLACEMENT_3D('',#429,#430,#431);
#429 = CARTESIAN_POINT('',(-29.048,125.,100.));
#430 = DIRECTION('',(0.98309582693,-0.,0.183091766807));
#431 = DIRECTION('',(0.183091766807,0.,-0.98309582693));
#432 = DEFINITIONAL_REPRESENTATION('',(#433),#437);
#433 = LINE('',#434,#435);
#434 = CARTESIAN_POINT('',(0.,0.));
#435 = VECTOR('',#436,1.);
#436 = DIRECTION('',(0.,-1.));
#437 = ( GEOMETRIC_REPRESENTATION_CONTEXT(2) 
PARAMETRIC_REPRESENTATION_CONTEXT() REPRESENTATION_CONTEXT('2D SPACE',''
  ) );
#438 = ORIENTED_EDGE('',*,*,#439,.F.);
#439 = EDGE_CURVE('',#24,#412,#440,.T.);
#440 = SURFACE_CURVE('',#441,(#445,#452),.PCURVE_S1.);
#441 = LINE('',#442,#443);
#442 = CARTESIAN_POINT('',(-50.,113.,100.));
#443 = VECTOR('',#444,1.);
#444 = DIRECTION('',(1.,0.,0.));
#445 = PCURVE('',#44,#446);
#446 = DEFINITIONAL_REPRESENTATION('',(#447),#451);
#447 = LINE('',#448,#449);
#448 = CARTESIAN_POINT('',(0.,238.));
#449 = VECTOR('',#450,1.);
#450 = DIRECTION('',(1.,0.));
#451 = ( GEOMETRIC_REPRESENTATION_CONTEXT(2) 
PARAMETRIC_REPRESENTATION_CONTEXT() REPRESENTATION_CONTEXT('2D SPACE',''
  ) );
#452 = PCURVE('',#126,#453);
#453 = DEFINITIONAL_REPRESENTATION('',(#454),#458);
#454 = LINE('',#455,#456);
#455 = CARTESIAN_POINT('',(-20.64774187901,-107.7183375792));
#456 = VECTOR('',#457,1.);
#457 = DIRECTION('',(1.,7.060804098048E-64));
#458 = ( GEOMETRIC_REPRESENTATION_CONTEXT(2) 
PARAMETRIC_REPRESENTATION_CONTEXT() REPRESENTATION_CONTEXT('2D SPACE',''
  ) );
#459 = ORIENTED_EDGE('',*,*,#21,.F.);
#460 = ORIENTED_EDGE('',*,*,#461,.T.);
#461 = EDGE_CURVE('',#22,#462,#464,.T.);
#462 = VERTEX_POINT('',#463);
#463 = CARTESIAN_POINT('',(2.,-125.,100.));
#464 = SURFACE_CURVE('',#465,(#469,#476),.PCURVE_S1.);
#465 = LINE('',#466,#467);
#466 = CARTESIAN_POINT('',(-50.,-125.,100.));
#467 = VECTOR('',#468,1.);
#468 = DIRECTION('',(1.,0.,0.));
#469 = PCURVE('',#44,#470);
#470 = DEFINITIONAL_REPRESENTATION('',(#471),#475);
#471 = LINE('',#472,#473);
#472 = CARTESIAN_POINT('',(0.,0.));
#473 = VECTOR('',#474,1.);
#474 = DIRECTION('',(1.,0.));
#475 = ( GEOMETRIC_REPRESENTATION_CONTEXT(2) 
PARAMETRIC_REPRESENTATION_CONTEXT() REPRESENTATION_CONTEXT('2D SPACE',''
  ) );
#476 = PCURVE('',#72,#477);
#477 = DEFINITIONAL_REPRESENTATION('',(#478),#482);
#478 = LINE('',#479,#480);
#479 = CARTESIAN_POINT('',(200.,0.));
#480 = VECTOR('',#481,1.);
#481 = DIRECTION('',(0.,1.));
#482 = ( GEOMETRIC_REPRESENTATION_CONTEXT(2) 
PARAMETRIC_REPRESENTATION_CONTEXT() REPRESENTATION_CONTEXT('2D SPACE',''
  ) );
#483 = ORIENTED_EDGE('',*,*,#484,.F.);
#484 = EDGE_CURVE('',#485,#462,#487,.T.);
#485 = VERTEX_POINT('',#486);
#486 = CARTESIAN_POINT('',(2.,-92.,100.));
#487 = SURFACE_CURVE('',#488,(#492,#499),.PCURVE_S1.);
#488 = LINE('',#489,#490);
#489 = CARTESIAN_POINT('',(2.,-92.,100.));
#490 = VECTOR('',#491,1.);
#491 = DIRECTION('',(0.,-1.,0.));
#492 = PCURVE('',#44,#493);
#493 = DEFINITIONAL_REPRESENTATION('',(#494),#498);
#494 = LINE('',#495,#496);
#495 = CARTESIAN_POINT('',(52.,33.));
#496 = VECTOR('',#497,1.);
#497 = DIRECTION('',(0.,-1.));
#498 = ( GEOMETRIC_REPRESENTATION_CONTEXT(2) 
PARAMETRIC_REPRESENTATION_CONTEXT() REPRESENTATION_CONTEXT('2D SPACE',''
  ) );
#499 = PCURVE('',#500,#505);
#500 = PLANE('',#501);
#501 = AXIS2_PLACEMENT_3D('',#502,#503,#504);
#502 = CARTESIAN_POINT('',(2.,-108.5,53.5));
#503 = DIRECTION('',(1.,0.,0.));
#504 = DIRECTION('',(-0.,0.,1.));
#505 = DEFINITIONAL_REPRESENTATION('',(#506),#510);
#506 = LINE('',#507,#508);
#507 = CARTESIAN_POINT('',(46.5,-16.5));
#508 = VECTOR('',#509,1.);
#509 = DIRECTION('',(0.,1.));
#510 = ( GEOMETRIC_REPRESENTATION_CONTEXT(2) 
PARAMETRIC_REPRESENTATION_CONTEXT() REPRESENTATION_CONTEXT('2D SPACE',''
  ) );
#511 = ORIENTED_EDGE('',*,*,#512,.F.);
#512 = EDGE_CURVE('',#513,#485,#515,.T.);
#513 = VERTEX_POINT('',#514);
#514 = CARTESIAN_POINT('',(50.,-92.,100.));
#515 = SURFACE_CURVE('',#516,(#520,#527),.PCURVE_S1.);
#516 = LINE('',#517,#518);
#517 = CARTESIAN_POINT('',(50.,-92.,100.));
#518 = VECTOR('',#519,1.);
#519 = DIRECTION('',(-1.,0.,-0.));
#520 = PCURVE('',#44,#521);
#521 = DEFINITIONAL_REPRESENTATION('',(#522),#526);
#522 = LINE('',#523,#524);
#523 = CARTESIAN_POINT('',(100.,33.));
#524 = VECTOR('',#525,1.);
#525 = DIRECTION('',(-1.,0.));
#526 = ( GEOMETRIC_REPRESENTATION_CONTEXT(2) 
PARAMETRIC_REPRESENTATION_CONTEXT() REPRESENTATION_CONTEXT('2D SPACE',''
  ) );
#527 = PCURVE('',#528,#533);
#528 = PLANE('',#529);
#529 = AXIS2_PLACEMENT_3D('',#530,#531,#532);
#530 = CARTESIAN_POINT('',(50.,-92.,7.));
#531 = DIRECTION('',(0.,1.,-0.));
#532 = DIRECTION('',(0.,0.,1.));
#533 = DEFINITIONAL_REPRESENTATION('',(#534),#538);
#534 = LINE('',#535,#536);
#535 = CARTESIAN_POINT('',(93.,0.));
#536 = VECTOR('',#537,1.);
#537 = DIRECTION('',(0.,-1.));
#538 = ( GEOMETRIC_REPRESENTATION_CONTEXT(2) 
PARAMETRIC_REPRESENTATION_CONTEXT() REPRESENTATION_CONTEXT('2D SPACE',''
  ) );
#539 = ORIENTED_EDGE('',*,*,#540,.T.);
#540 = EDGE_CURVE('',#513,#541,#543,.T.);
#541 = VERTEX_POINT('',#542);
#542 = CARTESIAN_POINT('',(50.,-55.,100.));
#543 = SURFACE_CURVE('',#544,(#548,#555),.PCURVE_S1.);
#544 = LINE('',#545,#546);
#545 = CARTESIAN_POINT('',(50.,-125.,100.));
#546 = VECTOR('',#547,1.);
#547 = DIRECTION('',(0.,1.,0.));
#548 = PCURVE('',#44,#549);
#549 = DEFINITIONAL_REPRESENTATION('',(#550),#554);
#550 = LINE('',#551,#552);
#551 = CARTESIAN_POINT('',(100.,0.));
#552 = VECTOR('',#553,1.);
#553 = DIRECTION('',(0.,1.));
#554 = ( GEOMETRIC_REPRESENTATION_CONTEXT(2) 
PARAMETRIC_REPRESENTATION_CONTEXT() REPRESENTATION_CONTEXT('2D SPACE',''
  ) );
#555 = PCURVE('',#556,#561);
#556 = PLANE('',#557);
#557 = AXIS2_PLACEMENT_3D('',#558,#559,#560);
#558 = CARTESIAN_POINT('',(50.,-125.,-100.));
#559 = DIRECTION('',(1.,0.,0.));
#560 = DIRECTION('',(0.,0.,1.));
#561 = DEFINITIONAL_REPRESENTATION('',(#562),#566);
#562 = LINE('',#563,#564);
#563 = CARTESIAN_POINT('',(200.,0.));
#564 = VECTOR('',#565,1.);
#565 = DIRECTION('',(0.,-1.));
#566 = ( GEOMETRIC_REPRESENTATION_CONTEXT(2) 
PARAMETRIC_REPRESENTATION_CONTEXT() REPRESENTATION_CONTEXT('2D SPACE',''
  ) );
#567 = ORIENTED_EDGE('',*,*,#568,.T.);
#568 = EDGE_CURVE('',#541,#569,#571,.T.);
#569 = VERTEX_POINT('',#570);
#570 = CARTESIAN_POINT('',(34.,-55.,100.));
#571 = SURFACE_CURVE('',#572,(#576,#583),.PCURVE_S1.);
#572 = LINE('',#573,#574);
#573 = CARTESIAN_POINT('',(50.,-55.,100.));
#574 = VECTOR('',#575,1.);
#575 = DIRECTION('',(-1.,0.,0.));
#576 = PCURVE('',#44,#577);
#577 = DEFINITIONAL_REPRESENTATION('',(#578),#582);
#578 = LINE('',#579,#580);
#579 = CARTESIAN_POINT('',(100.,70.));
#580 = VECTOR('',#581,1.);
#581 = DIRECTION('',(-1.,0.));
#582 = ( GEOMETRIC_REPRESENTATION_CONTEXT(2) 
PARAMETRIC_REPRESENTATION_CONTEXT() REPRESENTATION_CONTEXT('2D SPACE',''
  ) );
#583 = PCURVE('',#584,#589);
#584 = PLANE('',#585);
#585 = AXIS2_PLACEMENT_3D('',#586,#587,#588);
#586 = CARTESIAN_POINT('',(50.,-55.,100.));
#587 = DIRECTION('',(0.,1.,-0.));
#588 = DIRECTION('',(-1.,0.,0.));
#589 = DEFINITIONAL_REPRESENTATION('',(#590),#594);
#590 = LINE('',#591,#592);
#591 = CARTESIAN_POINT('',(0.,0.));
#592 = VECTOR('',#593,1.);
#593 = DIRECTION('',(1.,0.));
#594 = ( GEOMETRIC_REPRESENTATION_CONTEXT(2) 
PARAMETRIC_REPRESENTATION_CONTEXT() REPRESENTATION_CONTEXT('2D SPACE',''
  ) );
#595 = ORIENTED_EDGE('',*,*,#596,.T.);
#596 = EDGE_CURVE('',#569,#384,#597,.T.);
#597 = SURFACE_CURVE('',#598,(#602,#609),.PCURVE_S1.);
#598 = LINE('',#599,#600);
#599 = CARTESIAN_POINT('',(34.,-55.,100.));
#600 = VECTOR('',#601,1.);
#601 = DIRECTION('',(-0.,1.,0.));
#602 = PCURVE('',#44,#603);
#603 = DEFINITIONAL_REPRESENTATION('',(#604),#608);
#604 = LINE('',#605,#606);
#605 = CARTESIAN_POINT('',(84.,70.));
#606 = VECTOR('',#607,1.);
#607 = DIRECTION('',(0.,1.));
#608 = ( GEOMETRIC_REPRESENTATION_CONTEXT(2) 
PARAMETRIC_REPRESENTATION_CONTEXT() REPRESENTATION_CONTEXT('2D SPACE',''
  ) );
#609 = PCURVE('',#610,#615);
#610 = PLANE('',#611);
#611 = AXIS2_PLACEMENT_3D('',#612,#613,#614);
#612 = CARTESIAN_POINT('',(34.,-55.,100.));
#613 = DIRECTION('',(1.,0.,-0.));
#614 = DIRECTION('',(0.,1.,0.));
#615 = DEFINITIONAL_REPRESENTATION('',(#616),#620);
#616 = LINE('',#617,#618);
#617 = CARTESIAN_POINT('',(0.,0.));
#618 = VECTOR('',#619,1.);
#619 = DIRECTION('',(1.,0.));
#620 = ( GEOMETRIC_REPRESENTATION_CONTEXT(2) 
PARAMETRIC_REPRESENTATION_CONTEXT() REPRESENTATION_CONTEXT('2D SPACE',''
  ) );
#621 = ADVANCED_FACE('',(#622,#721),#72,.F.);
#622 = FACE_BOUND('',#623,.F.);
#623 = EDGE_LOOP('',(#624,#649,#670,#671,#672,#695));
#624 = ORIENTED_EDGE('',*,*,#625,.F.);
#625 = EDGE_CURVE('',#626,#628,#630,.T.);
#626 = VERTEX_POINT('',#627);
#627 = CARTESIAN_POINT('',(50.,-125.,-100.));
#628 = VERTEX_POINT('',#629);
#629 = CARTESIAN_POINT('',(50.,-125.,7.));
#630 = SURFACE_CURVE('',#631,(#635,#642),.PCURVE_S1.);
#631 = LINE('',#632,#633);
#632 = CARTESIAN_POINT('',(50.,-125.,-100.));
#633 = VECTOR('',#634,1.);
#634 = DIRECTION('',(0.,0.,1.));
#635 = PCURVE('',#72,#636);
#636 = DEFINITIONAL_REPRESENTATION('',(#637),#641);
#637 = LINE('',#638,#639);
#638 = CARTESIAN_POINT('',(0.,100.));
#639 = VECTOR('',#640,1.);
#640 = DIRECTION('',(1.,0.));
#641 = ( GEOMETRIC_REPRESENTATION_CONTEXT(2) 
PARAMETRIC_REPRESENTATION_CONTEXT() REPRESENTATION_CONTEXT('2D SPACE',''
  ) );
#642 = PCURVE('',#556,#643);
#643 = DEFINITIONAL_REPRESENTATION('',(#644),#648);
#644 = LINE('',#645,#646);
#645 = CARTESIAN_POINT('',(0.,0.));
#646 = VECTOR('',#647,1.);
#647 = DIRECTION('',(1.,0.));
#648 = ( GEOMETRIC_REPRESENTATION_CONTEXT(2) 
PARAMETRIC_REPRESENTATION_CONTEXT() REPRESENTATION_CONTEXT('2D SPACE',''
  ) );
#649 = ORIENTED_EDGE('',*,*,#650,.F.);
#650 = EDGE_CURVE('',#57,#626,#651,.T.);
#651 = SURFACE_CURVE('',#652,(#656,#663),.PCURVE_S1.);
#652 = LINE('',#653,#654);
#653 = CARTESIAN_POINT('',(-50.,-125.,-100.));
#654 = VECTOR('',#655,1.);
#655 = DIRECTION('',(1.,0.,0.));
#656 = PCURVE('',#72,#657);
#657 = DEFINITIONAL_REPRESENTATION('',(#658),#662);
#658 = LINE('',#659,#660);
#659 = CARTESIAN_POINT('',(0.,0.));
#660 = VECTOR('',#661,1.);
#661 = DIRECTION('',(0.,1.));
#662 = ( GEOMETRIC_REPRESENTATION_CONTEXT(2) 
PARAMETRIC_REPRESENTATION_CONTEXT() REPRESENTATION_CONTEXT('2D SPACE',''
  ) );
#663 = PCURVE('',#100,#664);
#664 = DEFINITIONAL_REPRESENTATION('',(#665),#669);
#665 = LINE('',#666,#667);
#666 = CARTESIAN_POINT('',(0.,0.));
#667 = VECTOR('',#668,1.);
#668 = DIRECTION('',(1.,0.));
#669 = ( GEOMETRIC_REPRESENTATION_CONTEXT(2) 
PARAMETRIC_REPRESENTATION_CONTEXT() REPRESENTATION_CONTEXT('2D SPACE',''
  ) );
#670 = ORIENTED_EDGE('',*,*,#56,.T.);
#671 = ORIENTED_EDGE('',*,*,#461,.T.);
#672 = ORIENTED_EDGE('',*,*,#673,.T.);
#673 = EDGE_CURVE('',#462,#674,#676,.T.);
#674 = VERTEX_POINT('',#675);
#675 = CARTESIAN_POINT('',(2.,-125.,7.));
#676 = SURFACE_CURVE('',#677,(#681,#688),.PCURVE_S1.);
#677 = LINE('',#678,#679);
#678 = CARTESIAN_POINT('',(2.,-125.,100.));
#679 = VECTOR('',#680,1.);
#680 = DIRECTION('',(0.,0.,-1.));
#681 = PCURVE('',#72,#682);
#682 = DEFINITIONAL_REPRESENTATION('',(#683),#687);
#683 = LINE('',#684,#685);
#684 = CARTESIAN_POINT('',(200.,52.));
#685 = VECTOR('',#686,1.);
#686 = DIRECTION('',(-1.,0.));
#687 = ( GEOMETRIC_REPRESENTATION_CONTEXT(2) 
PARAMETRIC_REPRESENTATION_CONTEXT() REPRESENTATION_CONTEXT('2D SPACE',''
  ) );
#688 = PCURVE('',#500,#689);
#689 = DEFINITIONAL_REPRESENTATION('',(#690),#694);
#690 = LINE('',#691,#692);
#691 = CARTESIAN_POINT('',(46.5,16.5));
#692 = VECTOR('',#693,1.);
#693 = DIRECTION('',(-1.,0.));
#694 = ( GEOMETRIC_REPRESENTATION_CONTEXT(2) 
PARAMETRIC_REPRESENTATION_CONTEXT() REPRESENTATION_CONTEXT('2D SPACE',''
  ) );
#695 = ORIENTED_EDGE('',*,*,#696,.F.);
#696 = EDGE_CURVE('',#628,#674,#697,.T.);
#697 = SURFACE_CURVE('',#698,(#702,#709),.PCURVE_S1.);
#698 = LINE('',#699,#700);
#699 = CARTESIAN_POINT('',(50.,-125.,7.));
#700 = VECTOR('',#701,1.);
#701 = DIRECTION('',(-1.,0.,-0.));
#702 = PCURVE('',#72,#703);
#703 = DEFINITIONAL_REPRESENTATION('',(#704),#708);
#704 = LINE('',#705,#706);
#705 = CARTESIAN_POINT('',(107.,100.));
#706 = VECTOR('',#707,1.);
#707 = DIRECTION('',(0.,-1.));
#708 = ( GEOMETRIC_REPRESENTATION_CONTEXT(2) 
PARAMETRIC_REPRESENTATION_CONTEXT() REPRESENTATION_CONTEXT('2D SPACE',''
  ) );
#709 = PCURVE('',#710,#715);
#710 = PLANE('',#711);
#711 = AXIS2_PLACEMENT_3D('',#712,#713,#714);
#712 = CARTESIAN_POINT('',(50.,-125.,7.));
#713 = DIRECTION('',(0.,0.,-1.));
#714 = DIRECTION('',(0.,1.,0.));
#715 = DEFINITIONAL_REPRESENTATION('',(#716),#720);
#716 = LINE('',#717,#718);
#717 = CARTESIAN_POINT('',(0.,0.));
#718 = VECTOR('',#719,1.);
#719 = DIRECTION('',(0.,-1.));
#720 = ( GEOMETRIC_REPRESENTATION_CONTEXT(2) 
PARAMETRIC_REPRESENTATION_CONTEXT() REPRESENTATION_CONTEXT('2D SPACE',''
  ) );
#721 = FACE_BOUND('',#722,.F.);
#722 = EDGE_LOOP('',(#723,#753,#782,#810));
#723 = ORIENTED_EDGE('',*,*,#724,.F.);
#724 = EDGE_CURVE('',#725,#727,#729,.T.);
#725 = VERTEX_POINT('',#726);
#726 = CARTESIAN_POINT('',(-37.4,-125.,-1.9));
#727 = VERTEX_POINT('',#728);
#728 = CARTESIAN_POINT('',(-37.4,-125.,13.1));
#729 = SURFACE_CURVE('',#730,(#734,#741),.PCURVE_S1.);
#730 = LINE('',#731,#732);
#731 = CARTESIAN_POINT('',(-37.4,-125.,-1.9));
#732 = VECTOR('',#733,1.);
#733 = DIRECTION('',(-1.600321476937E-16,0.,1.));
#734 = PCURVE('',#72,#735);
#735 = DEFINITIONAL_REPRESENTATION('',(#736),#740);
#736 = LINE('',#737,#738);
#737 = CARTESIAN_POINT('',(98.1,12.6));
#738 = VECTOR('',#739,1.);
#739 = DIRECTION('',(1.,-1.600321476937E-16));
#740 = ( GEOMETRIC_REPRESENTATION_CONTEXT(2) 
PARAMETRIC_REPRESENTATION_CONTEXT() REPRESENTATION_CONTEXT('2D SPACE',''
  ) );
#741 = PCURVE('',#742,#747);
#742 = PLANE('',#743);
#743 = AXIS2_PLACEMENT_3D('',#744,#745,#746);
#744 = CARTESIAN_POINT('',(-37.4,-125.,-1.9));
#745 = DIRECTION('',(1.,0.,1.600321476937E-16));
#746 = DIRECTION('',(-1.600321476937E-16,0.,1.));
#747 = DEFINITIONAL_REPRESENTATION('',(#748),#752);
#748 = LINE('',#749,#750);
#749 = CARTESIAN_POINT('',(0.,0.));
#750 = VECTOR('',#751,1.);
#751 = DIRECTION('',(1.,0.));
#752 = ( GEOMETRIC_REPRESENTATION_CONTEXT(2) 
PARAMETRIC_REPRESENTATION_CONTEXT() REPRESENTATION_CONTEXT('2D SPACE',''
  ) );
#753 = ORIENTED_EDGE('',*,*,#754,.F.);
#754 = EDGE_CURVE('',#755,#725,#757,.T.);
#755 = VERTEX_POINT('',#756);
#756 = CARTESIAN_POINT('',(-19.4,-125.,-1.9));
#757 = SURFACE_CURVE('',#758,(#763,#770),.PCURVE_S1.);
#758 = CIRCLE('',#759,9.);
#759 = AXIS2_PLACEMENT_3D('',#760,#761,#762);
#760 = CARTESIAN_POINT('',(-28.4,-125.,-1.9));
#761 = DIRECTION('',(-0.,1.,0.));
#762 = DIRECTION('',(1.,0.,2.212644876511E-16));
#763 = PCURVE('',#72,#764);
#764 = DEFINITIONAL_REPRESENTATION('',(#765),#769);
#765 = CIRCLE('',#766,9.);
#766 = AXIS2_PLACEMENT_2D('',#767,#768);
#767 = CARTESIAN_POINT('',(98.1,21.6));
#768 = DIRECTION('',(2.212644876511E-16,1.));
#769 = ( GEOMETRIC_REPRESENTATION_CONTEXT(2) 
PARAMETRIC_REPRESENTATION_CONTEXT() REPRESENTATION_CONTEXT('2D SPACE',''
  ) );
#770 = PCURVE('',#771,#776);
#771 = CYLINDRICAL_SURFACE('',#772,9.);
#772 = AXIS2_PLACEMENT_3D('',#773,#774,#775);
#773 = CARTESIAN_POINT('',(-28.4,-125.,-1.9));
#774 = DIRECTION('',(0.,-1.,-0.));
#775 = DIRECTION('',(1.,0.,2.212644876511E-16));
#776 = DEFINITIONAL_REPRESENTATION('',(#777),#781);
#777 = LINE('',#778,#779);
#778 = CARTESIAN_POINT('',(-0.,0.));
#779 = VECTOR('',#780,1.);
#780 = DIRECTION('',(-1.,0.));
#781 = ( GEOMETRIC_REPRESENTATION_CONTEXT(2) 
PARAMETRIC_REPRESENTATION_CONTEXT() REPRESENTATION_CONTEXT('2D SPACE',''
  ) );
#782 = ORIENTED_EDGE('',*,*,#783,.F.);
#783 = EDGE_CURVE('',#784,#755,#786,.T.);
#784 = VERTEX_POINT('',#785);
#785 = CARTESIAN_POINT('',(-19.4,-125.,13.1));
#786 = SURFACE_CURVE('',#787,(#791,#798),.PCURVE_S1.);
#787 = LINE('',#788,#789);
#788 = CARTESIAN_POINT('',(-19.4,-125.,13.1));
#789 = VECTOR('',#790,1.);
#790 = DIRECTION('',(1.600321476937E-16,0.,-1.));
#791 = PCURVE('',#72,#792);
#792 = DEFINITIONAL_REPRESENTATION('',(#793),#797);
#793 = LINE('',#794,#795);
#794 = CARTESIAN_POINT('',(113.1,30.6));
#795 = VECTOR('',#796,1.);
#796 = DIRECTION('',(-1.,1.600321476937E-16));
#797 = ( GEOMETRIC_REPRESENTATION_CONTEXT(2) 
PARAMETRIC_REPRESENTATION_CONTEXT() REPRESENTATION_CONTEXT('2D SPACE',''
  ) );
#798 = PCURVE('',#799,#804);
#799 = PLANE('',#800);
#800 = AXIS2_PLACEMENT_3D('',#801,#802,#803);
#801 = CARTESIAN_POINT('',(-19.4,-125.,13.1));
#802 = DIRECTION('',(-1.,0.,-1.600321476937E-16));
#803 = DIRECTION('',(1.600321476937E-16,0.,-1.));
#804 = DEFINITIONAL_REPRESENTATION('',(#805),#809);
#805 = LINE('',#806,#807);
#806 = CARTESIAN_POINT('',(0.,0.));
#807 = VECTOR('',#808,1.);
#808 = DIRECTION('',(1.,0.));
#809 = ( GEOMETRIC_REPRESENTATION_CONTEXT(2) 
PARAMETRIC_REPRESENTATION_CONTEXT() REPRESENTATION_CONTEXT('2D SPACE',''
  ) );
#810 = ORIENTED_EDGE('',*,*,#811,.F.);
#811 = EDGE_CURVE('',#727,#784,#812,.T.);
#812 = SURFACE_CURVE('',#813,(#818,#825),.PCURVE_S1.);
#813 = CIRCLE('',#814,9.);
#814 = AXIS2_PLACEMENT_3D('',#815,#816,#817);
#815 = CARTESIAN_POINT('',(-28.4,-125.,13.1));
#816 = DIRECTION('',(0.,1.,0.));
#817 = DIRECTION('',(-1.,0.,-2.212644876511E-16));
#818 = PCURVE('',#72,#819);
#819 = DEFINITIONAL_REPRESENTATION('',(#820),#824);
#820 = CIRCLE('',#821,9.);
#821 = AXIS2_PLACEMENT_2D('',#822,#823);
#822 = CARTESIAN_POINT('',(113.1,21.6));
#823 = DIRECTION('',(-2.212644876511E-16,-1.));
#824 = ( GEOMETRIC_REPRESENTATION_CONTEXT(2) 
PARAMETRIC_REPRESENTATION_CONTEXT() REPRESENTATION_CONTEXT('2D SPACE',''
  ) );
#825 = PCURVE('',#826,#831);
#826 = CYLINDRICAL_SURFACE('',#827,9.);
#827 = AXIS2_PLACEMENT_3D('',#828,#829,#830);
#828 = CARTESIAN_POINT('',(-28.4,-125.,13.1));
#829 = DIRECTION('',(-0.,-1.,-0.));
#830 = DIRECTION('',(-1.,0.,-2.212644876511E-16));
#831 = DEFINITIONAL_REPRESENTATION('',(#832),#836);
#832 = LINE('',#833,#834);
#833 = CARTESIAN_POINT('',(-0.,0.));
#834 = VECTOR('',#835,1.);
#835 = DIRECTION('',(-1.,0.));
#836 = ( GEOMETRIC_REPRESENTATION_CONTEXT(2) 
PARAMETRIC_REPRESENTATION_CONTEXT() REPRESENTATION_CONTEXT('2D SPACE',''
  ) );
#837 = ADVANCED_FACE('',(#838),#126,.T.);
#838 = FACE_BOUND('',#839,.T.);
#839 = EDGE_LOOP('',(#840,#841,#842,#865));
#840 = ORIENTED_EDGE('',*,*,#112,.T.);
#841 = ORIENTED_EDGE('',*,*,#439,.T.);
#842 = ORIENTED_EDGE('',*,*,#843,.T.);
#843 = EDGE_CURVE('',#412,#844,#846,.T.);
#844 = VERTEX_POINT('',#845);
#845 = CARTESIAN_POINT('',(8.2,113.,-100.));
#846 = SURFACE_CURVE('',#847,(#851,#858),.PCURVE_S1.);
#847 = LINE('',#848,#849);
#848 = CARTESIAN_POINT('',(-29.048,113.,100.));
#849 = VECTOR('',#850,1.);
#850 = DIRECTION('',(0.183091766807,0.,-0.98309582693));
#851 = PCURVE('',#126,#852);
#852 = DEFINITIONAL_REPRESENTATION('',(#853),#857);
#853 = LINE('',#854,#855);
#854 = CARTESIAN_POINT('',(0.304258120985,-107.7183375792));
#855 = VECTOR('',#856,1.);
#856 = DIRECTION('',(0.183091766807,0.98309582693));
#857 = ( GEOMETRIC_REPRESENTATION_CONTEXT(2) 
PARAMETRIC_REPRESENTATION_CONTEXT() REPRESENTATION_CONTEXT('2D SPACE',''
  ) );
#858 = PCURVE('',#427,#859);
#859 = DEFINITIONAL_REPRESENTATION('',(#860),#864);
#860 = LINE('',#861,#862);
#861 = CARTESIAN_POINT('',(0.,-12.));
#862 = VECTOR('',#863,1.);
#863 = DIRECTION('',(1.,0.));
#864 = ( GEOMETRIC_REPRESENTATION_CONTEXT(2) 
PARAMETRIC_REPRESENTATION_CONTEXT() REPRESENTATION_CONTEXT('2D SPACE',''
  ) );
#865 = ORIENTED_EDGE('',*,*,#866,.T.);
#866 = EDGE_CURVE('',#844,#85,#867,.T.);
#867 = SURFACE_CURVE('',#868,(#872,#879),.PCURVE_S1.);
#868 = LINE('',#869,#870);
#869 = CARTESIAN_POINT('',(8.2,113.,-100.));
#870 = VECTOR('',#871,1.);
#871 = DIRECTION('',(-1.,0.,0.));
#872 = PCURVE('',#126,#873);
#873 = DEFINITIONAL_REPRESENTATION('',(#874),#878);
#874 = LINE('',#875,#876);
#875 = CARTESIAN_POINT('',(37.552258120985,92.281662420721));
#876 = VECTOR('',#877,1.);
#877 = DIRECTION('',(-1.,-7.060804098048E-64));
#878 = ( GEOMETRIC_REPRESENTATION_CONTEXT(2) 
PARAMETRIC_REPRESENTATION_CONTEXT() REPRESENTATION_CONTEXT('2D SPACE',''
  ) );
#879 = PCURVE('',#100,#880);
#880 = DEFINITIONAL_REPRESENTATION('',(#881),#885);
#881 = LINE('',#882,#883);
#882 = CARTESIAN_POINT('',(58.2,238.));
#883 = VECTOR('',#884,1.);
#884 = DIRECTION('',(-1.,0.));
#885 = ( GEOMETRIC_REPRESENTATION_CONTEXT(2) 
PARAMETRIC_REPRESENTATION_CONTEXT() REPRESENTATION_CONTEXT('2D SPACE',''
  ) );
#886 = ADVANCED_FACE('',(#887),#100,.F.);
#887 = FACE_BOUND('',#888,.F.);
#888 = EDGE_LOOP('',(#889,#890,#891,#914,#937,#958));
#889 = ORIENTED_EDGE('',*,*,#84,.F.);
#890 = ORIENTED_EDGE('',*,*,#650,.T.);
#891 = ORIENTED_EDGE('',*,*,#892,.T.);
#892 = EDGE_CURVE('',#626,#893,#895,.T.);
#893 = VERTEX_POINT('',#894);
#894 = CARTESIAN_POINT('',(50.,125.,-100.));
#895 = SURFACE_CURVE('',#896,(#900,#907),.PCURVE_S1.);
#896 = LINE('',#897,#898);
#897 = CARTESIAN_POINT('',(50.,-125.,-100.));
#898 = VECTOR('',#899,1.);
#899 = DIRECTION('',(0.,1.,0.));
#900 = PCURVE('',#100,#901);
#901 = DEFINITIONAL_REPRESENTATION('',(#902),#906);
#902 = LINE('',#903,#904);
#903 = CARTESIAN_POINT('',(100.,0.));
#904 = VECTOR('',#905,1.);
#905 = DIRECTION('',(0.,1.));
#906 = ( GEOMETRIC_REPRESENTATION_CONTEXT(2) 
PARAMETRIC_REPRESENTATION_CONTEXT() REPRESENTATION_CONTEXT('2D SPACE',''
  ) );
#907 = PCURVE('',#556,#908);
#908 = DEFINITIONAL_REPRESENTATION('',(#909),#913);
#909 = LINE('',#910,#911);
#910 = CARTESIAN_POINT('',(0.,0.));
#911 = VECTOR('',#912,1.);
#912 = DIRECTION('',(0.,-1.));
#913 = ( GEOMETRIC_REPRESENTATION_CONTEXT(2) 
PARAMETRIC_REPRESENTATION_CONTEXT() REPRESENTATION_CONTEXT('2D SPACE',''
  ) );
#914 = ORIENTED_EDGE('',*,*,#915,.F.);
#915 = EDGE_CURVE('',#916,#893,#918,.T.);
#916 = VERTEX_POINT('',#917);
#917 = CARTESIAN_POINT('',(8.2,125.,-100.));
#918 = SURFACE_CURVE('',#919,(#923,#930),.PCURVE_S1.);
#919 = LINE('',#920,#921);
#920 = CARTESIAN_POINT('',(-50.,125.,-100.));
#921 = VECTOR('',#922,1.);
#922 = DIRECTION('',(1.,0.,0.));
#923 = PCURVE('',#100,#924);
#924 = DEFINITIONAL_REPRESENTATION('',(#925),#929);
#925 = LINE('',#926,#927);
#926 = CARTESIAN_POINT('',(0.,250.));
#927 = VECTOR('',#928,1.);
#928 = DIRECTION('',(1.,0.));
#929 = ( GEOMETRIC_REPRESENTATION_CONTEXT(2) 
PARAMETRIC_REPRESENTATION_CONTEXT() REPRESENTATION_CONTEXT('2D SPACE',''
  ) );
#930 = PCURVE('',#399,#931);
#931 = DEFINITIONAL_REPRESENTATION('',(#932),#936);
#932 = LINE('',#933,#934);
#933 = CARTESIAN_POINT('',(0.,0.));
#934 = VECTOR('',#935,1.);
#935 = DIRECTION('',(0.,1.));
#936 = ( GEOMETRIC_REPRESENTATION_CONTEXT(2) 
PARAMETRIC_REPRESENTATION_CONTEXT() REPRESENTATION_CONTEXT('2D SPACE',''
  ) );
#937 = ORIENTED_EDGE('',*,*,#938,.T.);
#938 = EDGE_CURVE('',#916,#844,#939,.T.);
#939 = SURFACE_CURVE('',#940,(#944,#951),.PCURVE_S1.);
#940 = LINE('',#941,#942);
#941 = CARTESIAN_POINT('',(8.2,125.,-100.));
#942 = VECTOR('',#943,1.);
#943 = DIRECTION('',(-0.,-1.,-0.));
#944 = PCURVE('',#100,#945);
#945 = DEFINITIONAL_REPRESENTATION('',(#946),#950);
#946 = LINE('',#947,#948);
#947 = CARTESIAN_POINT('',(58.2,250.));
#948 = VECTOR('',#949,1.);
#949 = DIRECTION('',(0.,-1.));
#950 = ( GEOMETRIC_REPRESENTATION_CONTEXT(2) 
PARAMETRIC_REPRESENTATION_CONTEXT() REPRESENTATION_CONTEXT('2D SPACE',''
  ) );
#951 = PCURVE('',#427,#952);
#952 = DEFINITIONAL_REPRESENTATION('',(#953),#957);
#953 = LINE('',#954,#955);
#954 = CARTESIAN_POINT('',(203.43896751605,0.));
#955 = VECTOR('',#956,1.);
#956 = DIRECTION('',(0.,-1.));
#957 = ( GEOMETRIC_REPRESENTATION_CONTEXT(2) 
PARAMETRIC_REPRESENTATION_CONTEXT() REPRESENTATION_CONTEXT('2D SPACE',''
  ) );
#958 = ORIENTED_EDGE('',*,*,#866,.T.);
#959 = ADVANCED_FACE('',(#960),#158,.F.);
#960 = FACE_BOUND('',#961,.F.);
#961 = EDGE_LOOP('',(#962,#985,#1013,#1034));
#962 = ORIENTED_EDGE('',*,*,#963,.T.);
#963 = EDGE_CURVE('',#141,#964,#966,.T.);
#964 = VERTEX_POINT('',#965);
#965 = CARTESIAN_POINT('',(-47.,107.99038105676,31.5));
#966 = SURFACE_CURVE('',#967,(#971,#978),.PCURVE_S1.);
#967 = LINE('',#968,#969);
#968 = CARTESIAN_POINT('',(-50.,107.99038105676,31.5));
#969 = VECTOR('',#970,1.);
#970 = DIRECTION('',(1.,0.,0.));
#971 = PCURVE('',#158,#972);
#972 = DEFINITIONAL_REPRESENTATION('',(#973),#977);
#973 = LINE('',#974,#975);
#974 = CARTESIAN_POINT('',(0.,0.));
#975 = VECTOR('',#976,1.);
#976 = DIRECTION('',(0.,-1.));
#977 = ( GEOMETRIC_REPRESENTATION_CONTEXT(2) 
PARAMETRIC_REPRESENTATION_CONTEXT() REPRESENTATION_CONTEXT('2D SPACE',''
  ) );
#978 = PCURVE('',#296,#979);
#979 = DEFINITIONAL_REPRESENTATION('',(#980),#984);
#980 = LINE('',#981,#982);
#981 = CARTESIAN_POINT('',(15.,0.));
#982 = VECTOR('',#983,1.);
#983 = DIRECTION('',(0.,-1.));
#984 = ( GEOMETRIC_REPRESENTATION_CONTEXT(2) 
PARAMETRIC_REPRESENTATION_CONTEXT() REPRESENTATION_CONTEXT('2D SPACE',''
  ) );
#985 = ORIENTED_EDGE('',*,*,#986,.T.);
#986 = EDGE_CURVE('',#964,#987,#989,.T.);
#987 = VERTEX_POINT('',#988);
#988 = CARTESIAN_POINT('',(-47.,95.,24.));
#989 = SURFACE_CURVE('',#990,(#994,#1001),.PCURVE_S1.);
#990 = LINE('',#991,#992);
#991 = CARTESIAN_POINT('',(-47.,107.99038105676,31.5));
#992 = VECTOR('',#993,1.);
#993 = DIRECTION('',(0.,-0.866025403784,-0.5));
#994 = PCURVE('',#158,#995);
#995 = DEFINITIONAL_REPRESENTATION('',(#996),#1000);
#996 = LINE('',#997,#998);
#997 = CARTESIAN_POINT('',(0.,-3.));
#998 = VECTOR('',#999,1.);
#999 = DIRECTION('',(1.,0.));
#1000 = ( GEOMETRIC_REPRESENTATION_CONTEXT(2) 
PARAMETRIC_REPRESENTATION_CONTEXT() REPRESENTATION_CONTEXT('2D SPACE',''
  ) );
#1001 = PCURVE('',#1002,#1007);
#1002 = PLANE('',#1003);
#1003 = AXIS2_PLACEMENT_3D('',#1004,#1005,#1006);
#1004 = CARTESIAN_POINT('',(-47.,95.,39.));
#1005 = DIRECTION('',(-1.,-0.,-0.));
#1006 = DIRECTION('',(0.,0.,-1.));
#1007 = DEFINITIONAL_REPRESENTATION('',(#1008),#1012);
#1008 = LINE('',#1009,#1010);
#1009 = CARTESIAN_POINT('',(7.5,-12.99038105676));
#1010 = VECTOR('',#1011,1.);
#1011 = DIRECTION('',(0.5,0.866025403784));
#1012 = ( GEOMETRIC_REPRESENTATION_CONTEXT(2) 
PARAMETRIC_REPRESENTATION_CONTEXT() REPRESENTATION_CONTEXT('2D SPACE',''
  ) );
#1013 = ORIENTED_EDGE('',*,*,#1014,.F.);
#1014 = EDGE_CURVE('',#143,#987,#1015,.T.);
#1015 = SURFACE_CURVE('',#1016,(#1020,#1027),.PCURVE_S1.);
#1016 = LINE('',#1017,#1018);
#1017 = CARTESIAN_POINT('',(-50.,95.,24.));
#1018 = VECTOR('',#1019,1.);
#1019 = DIRECTION('',(1.,0.,0.));
#1020 = PCURVE('',#158,#1021);
#1021 = DEFINITIONAL_REPRESENTATION('',(#1022),#1026);
#1022 = LINE('',#1023,#1024);
#1023 = CARTESIAN_POINT('',(15.,0.));
#1024 = VECTOR('',#1025,1.);
#1025 = DIRECTION('',(0.,-1.));
#1026 = ( GEOMETRIC_REPRESENTATION_CONTEXT(2) 
PARAMETRIC_REPRESENTATION_CONTEXT() REPRESENTATION_CONTEXT('2D SPACE',''
  ) );
#1027 = PCURVE('',#186,#1028);
#1028 = DEFINITIONAL_REPRESENTATION('',(#1029),#1033);
#1029 = LINE('',#1030,#1031);
#1030 = CARTESIAN_POINT('',(0.,0.));
#1031 = VECTOR('',#1032,1.);
#1032 = DIRECTION('',(0.,-1.));
#1033 = ( GEOMETRIC_REPRESENTATION_CONTEXT(2) 
PARAMETRIC_REPRESENTATION_CONTEXT() REPRESENTATION_CONTEXT('2D SPACE',''
  ) );
#1034 = ORIENTED_EDGE('',*,*,#140,.F.);
#1035 = ADVANCED_FACE('',(#1036),#296,.F.);
#1036 = FACE_BOUND('',#1037,.F.);
#1037 = EDGE_LOOP('',(#1038,#1061,#1082,#1083));
#1038 = ORIENTED_EDGE('',*,*,#1039,.T.);
#1039 = EDGE_CURVE('',#255,#1040,#1042,.T.);
#1040 = VERTEX_POINT('',#1041);
#1041 = CARTESIAN_POINT('',(-47.,107.99038105676,46.5));
#1042 = SURFACE_CURVE('',#1043,(#1047,#1054),.PCURVE_S1.);
#1043 = LINE('',#1044,#1045);
#1044 = CARTESIAN_POINT('',(-50.,107.99038105676,46.5));
#1045 = VECTOR('',#1046,1.);
#1046 = DIRECTION('',(1.,0.,0.));
#1047 = PCURVE('',#296,#1048);
#1048 = DEFINITIONAL_REPRESENTATION('',(#1049),#1053);
#1049 = LINE('',#1050,#1051);
#1050 = CARTESIAN_POINT('',(0.,0.));
#1051 = VECTOR('',#1052,1.);
#1052 = DIRECTION('',(0.,-1.));
#1053 = ( GEOMETRIC_REPRESENTATION_CONTEXT(2) 
PARAMETRIC_REPRESENTATION_CONTEXT() REPRESENTATION_CONTEXT('2D SPACE',''
  ) );
#1054 = PCURVE('',#270,#1055);
#1055 = DEFINITIONAL_REPRESENTATION('',(#1056),#1060);
#1056 = LINE('',#1057,#1058);
#1057 = CARTESIAN_POINT('',(15.,0.));
#1058 = VECTOR('',#1059,1.);
#1059 = DIRECTION('',(0.,-1.));
#1060 = ( GEOMETRIC_REPRESENTATION_CONTEXT(2) 
PARAMETRIC_REPRESENTATION_CONTEXT() REPRESENTATION_CONTEXT('2D SPACE',''
  ) );
#1061 = ORIENTED_EDGE('',*,*,#1062,.T.);
#1062 = EDGE_CURVE('',#1040,#964,#1063,.T.);
#1063 = SURFACE_CURVE('',#1064,(#1068,#1075),.PCURVE_S1.);
#1064 = LINE('',#1065,#1066);
#1065 = CARTESIAN_POINT('',(-47.,107.99038105676,46.5));
#1066 = VECTOR('',#1067,1.);
#1067 = DIRECTION('',(0.,7.105427357601E-16,-1.));
#1068 = PCURVE('',#296,#1069);
#1069 = DEFINITIONAL_REPRESENTATION('',(#1070),#1074);
#1070 = LINE('',#1071,#1072);
#1071 = CARTESIAN_POINT('',(0.,-3.));
#1072 = VECTOR('',#1073,1.);
#1073 = DIRECTION('',(1.,0.));
#1074 = ( GEOMETRIC_REPRESENTATION_CONTEXT(2) 
PARAMETRIC_REPRESENTATION_CONTEXT() REPRESENTATION_CONTEXT('2D SPACE',''
  ) );
#1075 = PCURVE('',#1002,#1076);
#1076 = DEFINITIONAL_REPRESENTATION('',(#1077),#1081);
#1077 = LINE('',#1078,#1079);
#1078 = CARTESIAN_POINT('',(-7.5,-12.99038105676));
#1079 = VECTOR('',#1080,1.);
#1080 = DIRECTION('',(1.,-7.105427357601E-16));
#1081 = ( GEOMETRIC_REPRESENTATION_CONTEXT(2) 
PARAMETRIC_REPRESENTATION_CONTEXT() REPRESENTATION_CONTEXT('2D SPACE',''
  ) );
#1082 = ORIENTED_EDGE('',*,*,#963,.F.);
#1083 = ORIENTED_EDGE('',*,*,#282,.F.);
#1084 = ADVANCED_FACE('',(#1085),#186,.F.);
#1085 = FACE_BOUND('',#1086,.F.);
#1086 = EDGE_LOOP('',(#1087,#1088,#1111,#1132));
#1087 = ORIENTED_EDGE('',*,*,#1014,.T.);
#1088 = ORIENTED_EDGE('',*,*,#1089,.T.);
#1089 = EDGE_CURVE('',#987,#1090,#1092,.T.);
#1090 = VERTEX_POINT('',#1091);
#1091 = CARTESIAN_POINT('',(-47.,82.009618943233,31.5));
#1092 = SURFACE_CURVE('',#1093,(#1097,#1104),.PCURVE_S1.);
#1093 = LINE('',#1094,#1095);
#1094 = CARTESIAN_POINT('',(-47.,95.,24.));
#1095 = VECTOR('',#1096,1.);
#1096 = DIRECTION('',(0.,-0.866025403784,0.5));
#1097 = PCURVE('',#186,#1098);
#1098 = DEFINITIONAL_REPRESENTATION('',(#1099),#1103);
#1099 = LINE('',#1100,#1101);
#1100 = CARTESIAN_POINT('',(0.,-3.));
#1101 = VECTOR('',#1102,1.);
#1102 = DIRECTION('',(1.,0.));
#1103 = ( GEOMETRIC_REPRESENTATION_CONTEXT(2) 
PARAMETRIC_REPRESENTATION_CONTEXT() REPRESENTATION_CONTEXT('2D SPACE',''
  ) );
#1104 = PCURVE('',#1002,#1105);
#1105 = DEFINITIONAL_REPRESENTATION('',(#1106),#1110);
#1106 = LINE('',#1107,#1108);
#1107 = CARTESIAN_POINT('',(15.,0.));
#1108 = VECTOR('',#1109,1.);
#1109 = DIRECTION('',(-0.5,0.866025403784));
#1110 = ( GEOMETRIC_REPRESENTATION_CONTEXT(2) 
PARAMETRIC_REPRESENTATION_CONTEXT() REPRESENTATION_CONTEXT('2D SPACE',''
  ) );
#1111 = ORIENTED_EDGE('',*,*,#1112,.F.);
#1112 = EDGE_CURVE('',#171,#1090,#1113,.T.);
#1113 = SURFACE_CURVE('',#1114,(#1118,#1125),.PCURVE_S1.);
#1114 = LINE('',#1115,#1116);
#1115 = CARTESIAN_POINT('',(-50.,82.009618943233,31.5));
#1116 = VECTOR('',#1117,1.);
#1117 = DIRECTION('',(1.,0.,0.));
#1118 = PCURVE('',#186,#1119);
#1119 = DEFINITIONAL_REPRESENTATION('',(#1120),#1124);
#1120 = LINE('',#1121,#1122);
#1121 = CARTESIAN_POINT('',(15.,0.));
#1122 = VECTOR('',#1123,1.);
#1123 = DIRECTION('',(0.,-1.));
#1124 = ( GEOMETRIC_REPRESENTATION_CONTEXT(2) 
PARAMETRIC_REPRESENTATION_CONTEXT() REPRESENTATION_CONTEXT('2D SPACE',''
  ) );
#1125 = PCURVE('',#214,#1126);
#1126 = DEFINITIONAL_REPRESENTATION('',(#1127),#1131);
#1127 = LINE('',#1128,#1129);
#1128 = CARTESIAN_POINT('',(0.,0.));
#1129 = VECTOR('',#1130,1.);
#1130 = DIRECTION('',(0.,-1.));
#1131 = ( GEOMETRIC_REPRESENTATION_CONTEXT(2) 
PARAMETRIC_REPRESENTATION_CONTEXT() REPRESENTATION_CONTEXT('2D SPACE',''
  ) );
#1132 = ORIENTED_EDGE('',*,*,#170,.F.);
#1133 = ADVANCED_FACE('',(#1134),#270,.F.);
#1134 = FACE_BOUND('',#1135,.F.);
#1135 = EDGE_LOOP('',(#1136,#1159,#1180,#1181));
#1136 = ORIENTED_EDGE('',*,*,#1137,.T.);
#1137 = EDGE_CURVE('',#227,#1138,#1140,.T.);
#1138 = VERTEX_POINT('',#1139);
#1139 = CARTESIAN_POINT('',(-47.,95.,54.));
#1140 = SURFACE_CURVE('',#1141,(#1145,#1152),.PCURVE_S1.);
#1141 = LINE('',#1142,#1143);
#1142 = CARTESIAN_POINT('',(-50.,95.,54.));
#1143 = VECTOR('',#1144,1.);
#1144 = DIRECTION('',(1.,0.,0.));
#1145 = PCURVE('',#270,#1146);
#1146 = DEFINITIONAL_REPRESENTATION('',(#1147),#1151);
#1147 = LINE('',#1148,#1149);
#1148 = CARTESIAN_POINT('',(0.,0.));
#1149 = VECTOR('',#1150,1.);
#1150 = DIRECTION('',(0.,-1.));
#1151 = ( GEOMETRIC_REPRESENTATION_CONTEXT(2) 
PARAMETRIC_REPRESENTATION_CONTEXT() REPRESENTATION_CONTEXT('2D SPACE',''
  ) );
#1152 = PCURVE('',#242,#1153);
#1153 = DEFINITIONAL_REPRESENTATION('',(#1154),#1158);
#1154 = LINE('',#1155,#1156);
#1155 = CARTESIAN_POINT('',(15.,0.));
#1156 = VECTOR('',#1157,1.);
#1157 = DIRECTION('',(0.,-1.));
#1158 = ( GEOMETRIC_REPRESENTATION_CONTEXT(2) 
PARAMETRIC_REPRESENTATION_CONTEXT() REPRESENTATION_CONTEXT('2D SPACE',''
  ) );
#1159 = ORIENTED_EDGE('',*,*,#1160,.T.);
#1160 = EDGE_CURVE('',#1138,#1040,#1161,.T.);
#1161 = SURFACE_CURVE('',#1162,(#1166,#1173),.PCURVE_S1.);
#1162 = LINE('',#1163,#1164);
#1163 = CARTESIAN_POINT('',(-47.,95.,54.));
#1164 = VECTOR('',#1165,1.);
#1165 = DIRECTION('',(0.,0.866025403784,-0.5));
#1166 = PCURVE('',#270,#1167);
#1167 = DEFINITIONAL_REPRESENTATION('',(#1168),#1172);
#1168 = LINE('',#1169,#1170);
#1169 = CARTESIAN_POINT('',(0.,-3.));
#1170 = VECTOR('',#1171,1.);
#1171 = DIRECTION('',(1.,0.));
#1172 = ( GEOMETRIC_REPRESENTATION_CONTEXT(2) 
PARAMETRIC_REPRESENTATION_CONTEXT() REPRESENTATION_CONTEXT('2D SPACE',''
  ) );
#1173 = PCURVE('',#1002,#1174);
#1174 = DEFINITIONAL_REPRESENTATION('',(#1175),#1179);
#1175 = LINE('',#1176,#1177);
#1176 = CARTESIAN_POINT('',(-15.,0.));
#1177 = VECTOR('',#1178,1.);
#1178 = DIRECTION('',(0.5,-0.866025403784));
#1179 = ( GEOMETRIC_REPRESENTATION_CONTEXT(2) 
PARAMETRIC_REPRESENTATION_CONTEXT() REPRESENTATION_CONTEXT('2D SPACE',''
  ) );
#1180 = ORIENTED_EDGE('',*,*,#1039,.F.);
#1181 = ORIENTED_EDGE('',*,*,#254,.F.);
#1182 = ADVANCED_FACE('',(#1183),#214,.F.);
#1183 = FACE_BOUND('',#1184,.F.);
#1184 = EDGE_LOOP('',(#1185,#1186,#1209,#1230));
#1185 = ORIENTED_EDGE('',*,*,#1112,.T.);
#1186 = ORIENTED_EDGE('',*,*,#1187,.T.);
#1187 = EDGE_CURVE('',#1090,#1188,#1190,.T.);
#1188 = VERTEX_POINT('',#1189);
#1189 = CARTESIAN_POINT('',(-47.,82.009618943233,46.5));
#1190 = SURFACE_CURVE('',#1191,(#1195,#1202),.PCURVE_S1.);
#1191 = LINE('',#1192,#1193);
#1192 = CARTESIAN_POINT('',(-47.,82.009618943233,31.5));
#1193 = VECTOR('',#1194,1.);
#1194 = DIRECTION('',(0.,-0.,1.));
#1195 = PCURVE('',#214,#1196);
#1196 = DEFINITIONAL_REPRESENTATION('',(#1197),#1201);
#1197 = LINE('',#1198,#1199);
#1198 = CARTESIAN_POINT('',(0.,-3.));
#1199 = VECTOR('',#1200,1.);
#1200 = DIRECTION('',(1.,0.));
#1201 = ( GEOMETRIC_REPRESENTATION_CONTEXT(2) 
PARAMETRIC_REPRESENTATION_CONTEXT() REPRESENTATION_CONTEXT('2D SPACE',''
  ) );
#1202 = PCURVE('',#1002,#1203);
#1203 = DEFINITIONAL_REPRESENTATION('',(#1204),#1208);
#1204 = LINE('',#1205,#1206);
#1205 = CARTESIAN_POINT('',(7.5,12.990381056767));
#1206 = VECTOR('',#1207,1.);
#1207 = DIRECTION('',(-1.,0.));
#1208 = ( GEOMETRIC_REPRESENTATION_CONTEXT(2) 
PARAMETRIC_REPRESENTATION_CONTEXT() REPRESENTATION_CONTEXT('2D SPACE',''
  ) );
#1209 = ORIENTED_EDGE('',*,*,#1210,.F.);
#1210 = EDGE_CURVE('',#199,#1188,#1211,.T.);
#1211 = SURFACE_CURVE('',#1212,(#1216,#1223),.PCURVE_S1.);
#1212 = LINE('',#1213,#1214);
#1213 = CARTESIAN_POINT('',(-50.,82.009618943233,46.5));
#1214 = VECTOR('',#1215,1.);
#1215 = DIRECTION('',(1.,0.,0.));
#1216 = PCURVE('',#214,#1217);
#1217 = DEFINITIONAL_REPRESENTATION('',(#1218),#1222);
#1218 = LINE('',#1219,#1220);
#1219 = CARTESIAN_POINT('',(15.,0.));
#1220 = VECTOR('',#1221,1.);
#1221 = DIRECTION('',(0.,-1.));
#1222 = ( GEOMETRIC_REPRESENTATION_CONTEXT(2) 
PARAMETRIC_REPRESENTATION_CONTEXT() REPRESENTATION_CONTEXT('2D SPACE',''
  ) );
#1223 = PCURVE('',#242,#1224);
#1224 = DEFINITIONAL_REPRESENTATION('',(#1225),#1229);
#1225 = LINE('',#1226,#1227);
#1226 = CARTESIAN_POINT('',(0.,0.));
#1227 = VECTOR('',#1228,1.);
#1228 = DIRECTION('',(0.,-1.));
#1229 = ( GEOMETRIC_REPRESENTATION_CONTEXT(2) 
PARAMETRIC_REPRESENTATION_CONTEXT() REPRESENTATION_CONTEXT('2D SPACE',''
  ) );
#1230 = ORIENTED_EDGE('',*,*,#198,.F.);
#1231 = ADVANCED_FACE('',(#1232),#242,.F.);
#1232 = FACE_BOUND('',#1233,.F.);
#1233 = EDGE_LOOP('',(#1234,#1235,#1256,#1257));
#1234 = ORIENTED_EDGE('',*,*,#1210,.T.);
#1235 = ORIENTED_EDGE('',*,*,#1236,.T.);
#1236 = EDGE_CURVE('',#1188,#1138,#1237,.T.);
#1237 = SURFACE_CURVE('',#1238,(#1242,#1249),.PCURVE_S1.);
#1238 = LINE('',#1239,#1240);
#1239 = CARTESIAN_POINT('',(-47.,82.009618943233,46.5));
#1240 = VECTOR('',#1241,1.);
#1241 = DIRECTION('',(-0.,0.866025403784,0.5));
#1242 = PCURVE('',#242,#1243);
#1243 = DEFINITIONAL_REPRESENTATION('',(#1244),#1248);
#1244 = LINE('',#1245,#1246);
#1245 = CARTESIAN_POINT('',(0.,-3.));
#1246 = VECTOR('',#1247,1.);
#1247 = DIRECTION('',(1.,0.));
#1248 = ( GEOMETRIC_REPRESENTATION_CONTEXT(2) 
PARAMETRIC_REPRESENTATION_CONTEXT() REPRESENTATION_CONTEXT('2D SPACE',''
  ) );
#1249 = PCURVE('',#1002,#1250);
#1250 = DEFINITIONAL_REPRESENTATION('',(#1251),#1255);
#1251 = LINE('',#1252,#1253);
#1252 = CARTESIAN_POINT('',(-7.5,12.990381056767));
#1253 = VECTOR('',#1254,1.);
#1254 = DIRECTION('',(-0.5,-0.866025403784));
#1255 = ( GEOMETRIC_REPRESENTATION_CONTEXT(2) 
PARAMETRIC_REPRESENTATION_CONTEXT() REPRESENTATION_CONTEXT('2D SPACE',''
  ) );
#1256 = ORIENTED_EDGE('',*,*,#1137,.F.);
#1257 = ORIENTED_EDGE('',*,*,#226,.F.);
#1258 = ADVANCED_FACE('',(#1259),#331,.F.);
#1259 = FACE_BOUND('',#1260,.F.);
#1260 = EDGE_LOOP('',(#1261,#1284,#1311,#1312));
#1261 = ORIENTED_EDGE('',*,*,#1262,.T.);
#1262 = EDGE_CURVE('',#311,#1263,#1265,.T.);
#1263 = VERTEX_POINT('',#1264);
#1264 = CARTESIAN_POINT('',(-45.5,-13.14,-16.8));
#1265 = SEAM_CURVE('',#1266,(#1270,#1277),.PCURVE_S1.);
#1266 = LINE('',#1267,#1268);
#1267 = CARTESIAN_POINT('',(-50.,-13.14,-16.8));
#1268 = VECTOR('',#1269,1.);
#1269 = DIRECTION('',(1.,-0.,-0.));
#1270 = PCURVE('',#331,#1271);
#1271 = DEFINITIONAL_REPRESENTATION('',(#1272),#1276);
#1272 = LINE('',#1273,#1274);
#1273 = CARTESIAN_POINT('',(0.,0.));
#1274 = VECTOR('',#1275,1.);
#1275 = DIRECTION('',(0.,-1.));
#1276 = ( GEOMETRIC_REPRESENTATION_CONTEXT(2) 
PARAMETRIC_REPRESENTATION_CONTEXT() REPRESENTATION_CONTEXT('2D SPACE',''
  ) );
#1277 = PCURVE('',#331,#1278);
#1278 = DEFINITIONAL_REPRESENTATION('',(#1279),#1283);
#1279 = LINE('',#1280,#1281);
#1280 = CARTESIAN_POINT('',(6.28318530718,0.));
#1281 = VECTOR('',#1282,1.);
#1282 = DIRECTION('',(0.,-1.));
#1283 = ( GEOMETRIC_REPRESENTATION_CONTEXT(2) 
PARAMETRIC_REPRESENTATION_CONTEXT() REPRESENTATION_CONTEXT('2D SPACE',''
  ) );
#1284 = ORIENTED_EDGE('',*,*,#1285,.T.);
#1285 = EDGE_CURVE('',#1263,#1263,#1286,.T.);
#1286 = SURFACE_CURVE('',#1287,(#1292,#1299),.PCURVE_S1.);
#1287 = CIRCLE('',#1288,8.);
#1288 = AXIS2_PLACEMENT_3D('',#1289,#1290,#1291);
#1289 = CARTESIAN_POINT('',(-45.5,-13.14,-8.8));
#1290 = DIRECTION('',(-1.,0.,0.));
#1291 = DIRECTION('',(0.,0.,-1.));
#1292 = PCURVE('',#331,#1293);
#1293 = DEFINITIONAL_REPRESENTATION('',(#1294),#1298);
#1294 = LINE('',#1295,#1296);
#1295 = CARTESIAN_POINT('',(0.,-4.5));
#1296 = VECTOR('',#1297,1.);
#1297 = DIRECTION('',(1.,0.));
#1298 = ( GEOMETRIC_REPRESENTATION_CONTEXT(2) 
PARAMETRIC_REPRESENTATION_CONTEXT() REPRESENTATION_CONTEXT('2D SPACE',''
  ) );
#1299 = PCURVE('',#1300,#1305);
#1300 = PLANE('',#1301);
#1301 = AXIS2_PLACEMENT_3D('',#1302,#1303,#1304);
#1302 = CARTESIAN_POINT('',(-45.5,-13.14,-8.8));
#1303 = DIRECTION('',(-1.,7.231224964526E-31,6.573840876842E-32));
#1304 = DIRECTION('',(-7.231224964526E-31,-1.,0.));
#1305 = DEFINITIONAL_REPRESENTATION('',(#1306),#1310);
#1306 = CIRCLE('',#1307,8.);
#1307 = AXIS2_PLACEMENT_2D('',#1308,#1309);
#1308 = CARTESIAN_POINT('',(-3.552713678801E-15,-1.688850739663E-76));
#1309 = DIRECTION('',(0.,-1.));
#1310 = ( GEOMETRIC_REPRESENTATION_CONTEXT(2) 
PARAMETRIC_REPRESENTATION_CONTEXT() REPRESENTATION_CONTEXT('2D SPACE',''
  ) );
#1311 = ORIENTED_EDGE('',*,*,#1262,.F.);
#1312 = ORIENTED_EDGE('',*,*,#310,.F.);
#1313 = ADVANCED_FACE('',(#1314),#366,.F.);
#1314 = FACE_BOUND('',#1315,.F.);
#1315 = EDGE_LOOP('',(#1316,#1339,#1366,#1367));
#1316 = ORIENTED_EDGE('',*,*,#1317,.T.);
#1317 = EDGE_CURVE('',#346,#1318,#1320,.T.);
#1318 = VERTEX_POINT('',#1319);
#1319 = CARTESIAN_POINT('',(-45.5,-13.14,1.2));
#1320 = SEAM_CURVE('',#1321,(#1325,#1332),.PCURVE_S1.);
#1321 = LINE('',#1322,#1323);
#1322 = CARTESIAN_POINT('',(-50.,-13.14,1.2));
#1323 = VECTOR('',#1324,1.);
#1324 = DIRECTION('',(1.,-0.,-0.));
#1325 = PCURVE('',#366,#1326);
#1326 = DEFINITIONAL_REPRESENTATION('',(#1327),#1331);
#1327 = LINE('',#1328,#1329);
#1328 = CARTESIAN_POINT('',(0.,0.));
#1329 = VECTOR('',#1330,1.);
#1330 = DIRECTION('',(0.,-1.));
#1331 = ( GEOMETRIC_REPRESENTATION_CONTEXT(2) 
PARAMETRIC_REPRESENTATION_CONTEXT() REPRESENTATION_CONTEXT('2D SPACE',''
  ) );
#1332 = PCURVE('',#366,#1333);
#1333 = DEFINITIONAL_REPRESENTATION('',(#1334),#1338);
#1334 = LINE('',#1335,#1336);
#1335 = CARTESIAN_POINT('',(6.28318530718,0.));
#1336 = VECTOR('',#1337,1.);
#1337 = DIRECTION('',(0.,-1.));
#1338 = ( GEOMETRIC_REPRESENTATION_CONTEXT(2) 
PARAMETRIC_REPRESENTATION_CONTEXT() REPRESENTATION_CONTEXT('2D SPACE',''
  ) );
#1339 = ORIENTED_EDGE('',*,*,#1340,.T.);
#1340 = EDGE_CURVE('',#1318,#1318,#1341,.T.);
#1341 = SURFACE_CURVE('',#1342,(#1347,#1354),.PCURVE_S1.);
#1342 = CIRCLE('',#1343,8.);
#1343 = AXIS2_PLACEMENT_3D('',#1344,#1345,#1346);
#1344 = CARTESIAN_POINT('',(-45.5,-13.14,9.2));
#1345 = DIRECTION('',(-1.,0.,0.));
#1346 = DIRECTION('',(0.,0.,-1.));
#1347 = PCURVE('',#366,#1348);
#1348 = DEFINITIONAL_REPRESENTATION('',(#1349),#1353);
#1349 = LINE('',#1350,#1351);
#1350 = CARTESIAN_POINT('',(0.,-4.5));
#1351 = VECTOR('',#1352,1.);
#1352 = DIRECTION('',(1.,0.));
#1353 = ( GEOMETRIC_REPRESENTATION_CONTEXT(2) 
PARAMETRIC_REPRESENTATION_CONTEXT() REPRESENTATION_CONTEXT('2D SPACE',''
  ) );
#1354 = PCURVE('',#1355,#1360);
#1355 = PLANE('',#1356);
#1356 = AXIS2_PLACEMENT_3D('',#1357,#1358,#1359);
#1357 = CARTESIAN_POINT('',(-45.5,-13.14,9.2));
#1358 = DIRECTION('',(-1.,3.286920438421E-31,-3.286920438421E-31));
#1359 = DIRECTION('',(-3.286920438421E-31,-1.,0.));
#1360 = DEFINITIONAL_REPRESENTATION('',(#1361),#1365);
#1361 = CIRCLE('',#1362,8.);
#1362 = AXIS2_PLACEMENT_2D('',#1363,#1364);
#1363 = CARTESIAN_POINT('',(-1.7763568394E-15,-1.7763568394E-15));
#1364 = DIRECTION('',(0.,-1.));
#1365 = ( GEOMETRIC_REPRESENTATION_CONTEXT(2) 
PARAMETRIC_REPRESENTATION_CONTEXT() REPRESENTATION_CONTEXT('2D SPACE',''
  ) );
#1366 = ORIENTED_EDGE('',*,*,#1317,.F.);
#1367 = ORIENTED_EDGE('',*,*,#345,.F.);
#1368 = ADVANCED_FACE('',(#1369,#1466),#399,.T.);
#1369 = FACE_BOUND('',#1370,.T.);
#1370 = EDGE_LOOP('',(#1371,#1394,#1395,#1416,#1417,#1440));
#1371 = ORIENTED_EDGE('',*,*,#1372,.F.);
#1372 = EDGE_CURVE('',#893,#1373,#1375,.T.);
#1373 = VERTEX_POINT('',#1374);
#1374 = CARTESIAN_POINT('',(50.,125.,84.));
#1375 = SURFACE_CURVE('',#1376,(#1380,#1387),.PCURVE_S1.);
#1376 = LINE('',#1377,#1378);
#1377 = CARTESIAN_POINT('',(50.,125.,-100.));
#1378 = VECTOR('',#1379,1.);
#1379 = DIRECTION('',(0.,0.,1.));
#1380 = PCURVE('',#399,#1381);
#1381 = DEFINITIONAL_REPRESENTATION('',(#1382),#1386);
#1382 = LINE('',#1383,#1384);
#1383 = CARTESIAN_POINT('',(0.,100.));
#1384 = VECTOR('',#1385,1.);
#1385 = DIRECTION('',(1.,0.));
#1386 = ( GEOMETRIC_REPRESENTATION_CONTEXT(2) 
PARAMETRIC_REPRESENTATION_CONTEXT() REPRESENTATION_CONTEXT('2D SPACE',''
  ) );
#1387 = PCURVE('',#556,#1388);
#1388 = DEFINITIONAL_REPRESENTATION('',(#1389),#1393);
#1389 = LINE('',#1390,#1391);
#1390 = CARTESIAN_POINT('',(0.,-250.));
#1391 = VECTOR('',#1392,1.);
#1392 = DIRECTION('',(1.,0.));
#1393 = ( GEOMETRIC_REPRESENTATION_CONTEXT(2) 
PARAMETRIC_REPRESENTATION_CONTEXT() REPRESENTATION_CONTEXT('2D SPACE',''
  ) );
#1394 = ORIENTED_EDGE('',*,*,#915,.F.);
#1395 = ORIENTED_EDGE('',*,*,#1396,.F.);
#1396 = EDGE_CURVE('',#382,#916,#1397,.T.);
#1397 = SURFACE_CURVE('',#1398,(#1402,#1409),.PCURVE_S1.);
#1398 = LINE('',#1399,#1400);
#1399 = CARTESIAN_POINT('',(-29.048,125.,100.));
#1400 = VECTOR('',#1401,1.);
#1401 = DIRECTION('',(0.183091766807,0.,-0.98309582693));
#1402 = PCURVE('',#399,#1403);
#1403 = DEFINITIONAL_REPRESENTATION('',(#1404),#1408);
#1404 = LINE('',#1405,#1406);
#1405 = CARTESIAN_POINT('',(200.,20.952));
#1406 = VECTOR('',#1407,1.);
#1407 = DIRECTION('',(-0.98309582693,0.183091766807));
#1408 = ( GEOMETRIC_REPRESENTATION_CONTEXT(2) 
PARAMETRIC_REPRESENTATION_CONTEXT() REPRESENTATION_CONTEXT('2D SPACE',''
  ) );
#1409 = PCURVE('',#427,#1410);
#1410 = DEFINITIONAL_REPRESENTATION('',(#1411),#1415);
#1411 = LINE('',#1412,#1413);
#1412 = CARTESIAN_POINT('',(0.,0.));
#1413 = VECTOR('',#1414,1.);
#1414 = DIRECTION('',(1.,0.));
#1415 = ( GEOMETRIC_REPRESENTATION_CONTEXT(2) 
PARAMETRIC_REPRESENTATION_CONTEXT() REPRESENTATION_CONTEXT('2D SPACE',''
  ) );
#1416 = ORIENTED_EDGE('',*,*,#381,.T.);
#1417 = ORIENTED_EDGE('',*,*,#1418,.T.);
#1418 = EDGE_CURVE('',#384,#1419,#1421,.T.);
#1419 = VERTEX_POINT('',#1420);
#1420 = CARTESIAN_POINT('',(34.,125.,84.));
#1421 = SURFACE_CURVE('',#1422,(#1426,#1433),.PCURVE_S1.);
#1422 = LINE('',#1423,#1424);
#1423 = CARTESIAN_POINT('',(34.,125.,100.));
#1424 = VECTOR('',#1425,1.);
#1425 = DIRECTION('',(-0.,-0.,-1.));
#1426 = PCURVE('',#399,#1427);
#1427 = DEFINITIONAL_REPRESENTATION('',(#1428),#1432);
#1428 = LINE('',#1429,#1430);
#1429 = CARTESIAN_POINT('',(200.,84.));
#1430 = VECTOR('',#1431,1.);
#1431 = DIRECTION('',(-1.,0.));
#1432 = ( GEOMETRIC_REPRESENTATION_CONTEXT(2) 
PARAMETRIC_REPRESENTATION_CONTEXT() REPRESENTATION_CONTEXT('2D SPACE',''
  ) );
#1433 = PCURVE('',#610,#1434);
#1434 = DEFINITIONAL_REPRESENTATION('',(#1435),#1439);
#1435 = LINE('',#1436,#1437);
#1436 = CARTESIAN_POINT('',(180.,0.));
#1437 = VECTOR('',#1438,1.);
#1438 = DIRECTION('',(-0.,-1.));
#1439 = ( GEOMETRIC_REPRESENTATION_CONTEXT(2) 
PARAMETRIC_REPRESENTATION_CONTEXT() REPRESENTATION_CONTEXT('2D SPACE',''
  ) );
#1440 = ORIENTED_EDGE('',*,*,#1441,.T.);
#1441 = EDGE_CURVE('',#1419,#1373,#1442,.T.);
#1442 = SURFACE_CURVE('',#1443,(#1447,#1454),.PCURVE_S1.);
#1443 = LINE('',#1444,#1445);
#1444 = CARTESIAN_POINT('',(34.,125.,84.));
#1445 = VECTOR('',#1446,1.);
#1446 = DIRECTION('',(1.,-0.,0.));
#1447 = PCURVE('',#399,#1448);
#1448 = DEFINITIONAL_REPRESENTATION('',(#1449),#1453);
#1449 = LINE('',#1450,#1451);
#1450 = CARTESIAN_POINT('',(184.,84.));
#1451 = VECTOR('',#1452,1.);
#1452 = DIRECTION('',(0.,1.));
#1453 = ( GEOMETRIC_REPRESENTATION_CONTEXT(2) 
PARAMETRIC_REPRESENTATION_CONTEXT() REPRESENTATION_CONTEXT('2D SPACE',''
  ) );
#1454 = PCURVE('',#1455,#1460);
#1455 = PLANE('',#1456);
#1456 = AXIS2_PLACEMENT_3D('',#1457,#1458,#1459);
#1457 = CARTESIAN_POINT('',(42.,35.,84.));
#1458 = DIRECTION('',(-0.,-0.,-1.));
#1459 = DIRECTION('',(-1.,0.,0.));
#1460 = DEFINITIONAL_REPRESENTATION('',(#1461),#1465);
#1461 = LINE('',#1462,#1463);
#1462 = CARTESIAN_POINT('',(8.,90.));
#1463 = VECTOR('',#1464,1.);
#1464 = DIRECTION('',(-1.,0.));
#1465 = ( GEOMETRIC_REPRESENTATION_CONTEXT(2) 
PARAMETRIC_REPRESENTATION_CONTEXT() REPRESENTATION_CONTEXT('2D SPACE',''
  ) );
#1466 = FACE_BOUND('',#1467,.T.);
#1467 = EDGE_LOOP('',(#1468));
#1468 = ORIENTED_EDGE('',*,*,#1469,.F.);
#1469 = EDGE_CURVE('',#1470,#1470,#1472,.T.);
#1470 = VERTEX_POINT('',#1471);
#1471 = CARTESIAN_POINT('',(7.2,125.,-10.));
#1472 = SURFACE_CURVE('',#1473,(#1478,#1485),.PCURVE_S1.);
#1473 = CIRCLE('',#1474,10.);
#1474 = AXIS2_PLACEMENT_3D('',#1475,#1476,#1477);
#1475 = CARTESIAN_POINT('',(7.2,125.,0.));
#1476 = DIRECTION('',(0.,1.,0.));
#1477 = DIRECTION('',(0.,0.,-1.));
#1478 = PCURVE('',#399,#1479);
#1479 = DEFINITIONAL_REPRESENTATION('',(#1480),#1484);
#1480 = CIRCLE('',#1481,10.);
#1481 = AXIS2_PLACEMENT_2D('',#1482,#1483);
#1482 = CARTESIAN_POINT('',(100.,57.2));
#1483 = DIRECTION('',(-1.,0.));
#1484 = ( GEOMETRIC_REPRESENTATION_CONTEXT(2) 
PARAMETRIC_REPRESENTATION_CONTEXT() REPRESENTATION_CONTEXT('2D SPACE',''
  ) );
#1485 = PCURVE('',#1486,#1491);
#1486 = CYLINDRICAL_SURFACE('',#1487,10.);
#1487 = AXIS2_PLACEMENT_3D('',#1488,#1489,#1490);
#1488 = CARTESIAN_POINT('',(7.2,125.,0.));
#1489 = DIRECTION('',(0.,1.,0.));
#1490 = DIRECTION('',(0.,0.,-1.));
#1491 = DEFINITIONAL_REPRESENTATION('',(#1492),#1496);
#1492 = LINE('',#1493,#1494);
#1493 = CARTESIAN_POINT('',(0.,0.));
#1494 = VECTOR('',#1495,1.);
#1495 = DIRECTION('',(1.,0.));
#1496 = ( GEOMETRIC_REPRESENTATION_CONTEXT(2) 
PARAMETRIC_REPRESENTATION_CONTEXT() REPRESENTATION_CONTEXT('2D SPACE',''
  ) );
#1497 = ADVANCED_FACE('',(#1498),#610,.T.);
#1498 = FACE_BOUND('',#1499,.T.);
#1499 = EDGE_LOOP('',(#1500,#1523,#1544,#1545));
#1500 = ORIENTED_EDGE('',*,*,#1501,.T.);
#1501 = EDGE_CURVE('',#569,#1502,#1504,.T.);
#1502 = VERTEX_POINT('',#1503);
#1503 = CARTESIAN_POINT('',(34.,-55.,84.));
#1504 = SURFACE_CURVE('',#1505,(#1509,#1516),.PCURVE_S1.);
#1505 = LINE('',#1506,#1507);
#1506 = CARTESIAN_POINT('',(34.,-55.,100.));
#1507 = VECTOR('',#1508,1.);
#1508 = DIRECTION('',(-0.,-0.,-1.));
#1509 = PCURVE('',#610,#1510);
#1510 = DEFINITIONAL_REPRESENTATION('',(#1511),#1515);
#1511 = LINE('',#1512,#1513);
#1512 = CARTESIAN_POINT('',(0.,0.));
#1513 = VECTOR('',#1514,1.);
#1514 = DIRECTION('',(-0.,-1.));
#1515 = ( GEOMETRIC_REPRESENTATION_CONTEXT(2) 
PARAMETRIC_REPRESENTATION_CONTEXT() REPRESENTATION_CONTEXT('2D SPACE',''
  ) );
#1516 = PCURVE('',#584,#1517);
#1517 = DEFINITIONAL_REPRESENTATION('',(#1518),#1522);
#1518 = LINE('',#1519,#1520);
#1519 = CARTESIAN_POINT('',(16.,0.));
#1520 = VECTOR('',#1521,1.);
#1521 = DIRECTION('',(0.,-1.));
#1522 = ( GEOMETRIC_REPRESENTATION_CONTEXT(2) 
PARAMETRIC_REPRESENTATION_CONTEXT() REPRESENTATION_CONTEXT('2D SPACE',''
  ) );
#1523 = ORIENTED_EDGE('',*,*,#1524,.T.);
#1524 = EDGE_CURVE('',#1502,#1419,#1525,.T.);
#1525 = SURFACE_CURVE('',#1526,(#1530,#1537),.PCURVE_S1.);
#1526 = LINE('',#1527,#1528);
#1527 = CARTESIAN_POINT('',(34.,-55.,84.));
#1528 = VECTOR('',#1529,1.);
#1529 = DIRECTION('',(-0.,1.,0.));
#1530 = PCURVE('',#610,#1531);
#1531 = DEFINITIONAL_REPRESENTATION('',(#1532),#1536);
#1532 = LINE('',#1533,#1534);
#1533 = CARTESIAN_POINT('',(0.,-16.));
#1534 = VECTOR('',#1535,1.);
#1535 = DIRECTION('',(1.,0.));
#1536 = ( GEOMETRIC_REPRESENTATION_CONTEXT(2) 
PARAMETRIC_REPRESENTATION_CONTEXT() REPRESENTATION_CONTEXT('2D SPACE',''
  ) );
#1537 = PCURVE('',#1455,#1538);
#1538 = DEFINITIONAL_REPRESENTATION('',(#1539),#1543);
#1539 = LINE('',#1540,#1541);
#1540 = CARTESIAN_POINT('',(8.,-90.));
#1541 = VECTOR('',#1542,1.);
#1542 = DIRECTION('',(0.,1.));
#1543 = ( GEOMETRIC_REPRESENTATION_CONTEXT(2) 
PARAMETRIC_REPRESENTATION_CONTEXT() REPRESENTATION_CONTEXT('2D SPACE',''
  ) );
#1544 = ORIENTED_EDGE('',*,*,#1418,.F.);
#1545 = ORIENTED_EDGE('',*,*,#596,.F.);
#1546 = ADVANCED_FACE('',(#1547),#584,.T.);
#1547 = FACE_BOUND('',#1548,.T.);
#1548 = EDGE_LOOP('',(#1549,#1572,#1593,#1594));
#1549 = ORIENTED_EDGE('',*,*,#1550,.T.);
#1550 = EDGE_CURVE('',#541,#1551,#1553,.T.);
#1551 = VERTEX_POINT('',#1552);
#1552 = CARTESIAN_POINT('',(50.,-55.,84.));
#1553 = SURFACE_CURVE('',#1554,(#1558,#1565),.PCURVE_S1.);
#1554 = LINE('',#1555,#1556);
#1555 = CARTESIAN_POINT('',(50.,-55.,100.));
#1556 = VECTOR('',#1557,1.);
#1557 = DIRECTION('',(-0.,-0.,-1.));
#1558 = PCURVE('',#584,#1559);
#1559 = DEFINITIONAL_REPRESENTATION('',(#1560),#1564);
#1560 = LINE('',#1561,#1562);
#1561 = CARTESIAN_POINT('',(0.,0.));
#1562 = VECTOR('',#1563,1.);
#1563 = DIRECTION('',(0.,-1.));
#1564 = ( GEOMETRIC_REPRESENTATION_CONTEXT(2) 
PARAMETRIC_REPRESENTATION_CONTEXT() REPRESENTATION_CONTEXT('2D SPACE',''
  ) );
#1565 = PCURVE('',#556,#1566);
#1566 = DEFINITIONAL_REPRESENTATION('',(#1567),#1571);
#1567 = LINE('',#1568,#1569);
#1568 = CARTESIAN_POINT('',(200.,-70.));
#1569 = VECTOR('',#1570,1.);
#1570 = DIRECTION('',(-1.,0.));
#1571 = ( GEOMETRIC_REPRESENTATION_CONTEXT(2) 
PARAMETRIC_REPRESENTATION_CONTEXT() REPRESENTATION_CONTEXT('2D SPACE',''
  ) );
#1572 = ORIENTED_EDGE('',*,*,#1573,.T.);
#1573 = EDGE_CURVE('',#1551,#1502,#1574,.T.);
#1574 = SURFACE_CURVE('',#1575,(#1579,#1586),.PCURVE_S1.);
#1575 = LINE('',#1576,#1577);
#1576 = CARTESIAN_POINT('',(50.,-55.,84.));
#1577 = VECTOR('',#1578,1.);
#1578 = DIRECTION('',(-1.,0.,0.));
#1579 = PCURVE('',#584,#1580);
#1580 = DEFINITIONAL_REPRESENTATION('',(#1581),#1585);
#1581 = LINE('',#1582,#1583);
#1582 = CARTESIAN_POINT('',(0.,-16.));
#1583 = VECTOR('',#1584,1.);
#1584 = DIRECTION('',(1.,0.));
#1585 = ( GEOMETRIC_REPRESENTATION_CONTEXT(2) 
PARAMETRIC_REPRESENTATION_CONTEXT() REPRESENTATION_CONTEXT('2D SPACE',''
  ) );
#1586 = PCURVE('',#1455,#1587);
#1587 = DEFINITIONAL_REPRESENTATION('',(#1588),#1592);
#1588 = LINE('',#1589,#1590);
#1589 = CARTESIAN_POINT('',(-8.,-90.));
#1590 = VECTOR('',#1591,1.);
#1591 = DIRECTION('',(1.,0.));
#1592 = ( GEOMETRIC_REPRESENTATION_CONTEXT(2) 
PARAMETRIC_REPRESENTATION_CONTEXT() REPRESENTATION_CONTEXT('2D SPACE',''
  ) );
#1593 = ORIENTED_EDGE('',*,*,#1501,.F.);
#1594 = ORIENTED_EDGE('',*,*,#568,.F.);
#1595 = ADVANCED_FACE('',(#1596,#1668,#1699,#1730),#556,.T.);
#1596 = FACE_BOUND('',#1597,.T.);
#1597 = EDGE_LOOP('',(#1598,#1599,#1600,#1601,#1622,#1623,#1624,#1647));
#1598 = ORIENTED_EDGE('',*,*,#625,.F.);
#1599 = ORIENTED_EDGE('',*,*,#892,.T.);
#1600 = ORIENTED_EDGE('',*,*,#1372,.T.);
#1601 = ORIENTED_EDGE('',*,*,#1602,.T.);
#1602 = EDGE_CURVE('',#1373,#1551,#1603,.T.);
#1603 = SURFACE_CURVE('',#1604,(#1608,#1615),.PCURVE_S1.);
#1604 = LINE('',#1605,#1606);
#1605 = CARTESIAN_POINT('',(50.,125.,84.));
#1606 = VECTOR('',#1607,1.);
#1607 = DIRECTION('',(0.,-1.,0.));
#1608 = PCURVE('',#556,#1609);
#1609 = DEFINITIONAL_REPRESENTATION('',(#1610),#1614);
#1610 = LINE('',#1611,#1612);
#1611 = CARTESIAN_POINT('',(184.,-250.));
#1612 = VECTOR('',#1613,1.);
#1613 = DIRECTION('',(0.,1.));
#1614 = ( GEOMETRIC_REPRESENTATION_CONTEXT(2) 
PARAMETRIC_REPRESENTATION_CONTEXT() REPRESENTATION_CONTEXT('2D SPACE',''
  ) );
#1615 = PCURVE('',#1455,#1616);
#1616 = DEFINITIONAL_REPRESENTATION('',(#1617),#1621);
#1617 = LINE('',#1618,#1619);
#1618 = CARTESIAN_POINT('',(-8.,90.));
#1619 = VECTOR('',#1620,1.);
#1620 = DIRECTION('',(0.,-1.));
#1621 = ( GEOMETRIC_REPRESENTATION_CONTEXT(2) 
PARAMETRIC_REPRESENTATION_CONTEXT() REPRESENTATION_CONTEXT('2D SPACE',''
  ) );
#1622 = ORIENTED_EDGE('',*,*,#1550,.F.);
#1623 = ORIENTED_EDGE('',*,*,#540,.F.);
#1624 = ORIENTED_EDGE('',*,*,#1625,.F.);
#1625 = EDGE_CURVE('',#1626,#513,#1628,.T.);
#1626 = VERTEX_POINT('',#1627);
#1627 = CARTESIAN_POINT('',(50.,-92.,7.));
#1628 = SURFACE_CURVE('',#1629,(#1633,#1640),.PCURVE_S1.);
#1629 = LINE('',#1630,#1631);
#1630 = CARTESIAN_POINT('',(50.,-92.,7.));
#1631 = VECTOR('',#1632,1.);
#1632 = DIRECTION('',(0.,0.,1.));
#1633 = PCURVE('',#556,#1634);
#1634 = DEFINITIONAL_REPRESENTATION('',(#1635),#1639);
#1635 = LINE('',#1636,#1637);
#1636 = CARTESIAN_POINT('',(107.,-33.));
#1637 = VECTOR('',#1638,1.);
#1638 = DIRECTION('',(1.,0.));
#1639 = ( GEOMETRIC_REPRESENTATION_CONTEXT(2) 
PARAMETRIC_REPRESENTATION_CONTEXT() REPRESENTATION_CONTEXT('2D SPACE',''
  ) );
#1640 = PCURVE('',#528,#1641);
#1641 = DEFINITIONAL_REPRESENTATION('',(#1642),#1646);
#1642 = LINE('',#1643,#1644);
#1643 = CARTESIAN_POINT('',(0.,0.));
#1644 = VECTOR('',#1645,1.);
#1645 = DIRECTION('',(1.,0.));
#1646 = ( GEOMETRIC_REPRESENTATION_CONTEXT(2) 
PARAMETRIC_REPRESENTATION_CONTEXT() REPRESENTATION_CONTEXT('2D SPACE',''
  ) );
#1647 = ORIENTED_EDGE('',*,*,#1648,.F.);
#1648 = EDGE_CURVE('',#628,#1626,#1649,.T.);
#1649 = SURFACE_CURVE('',#1650,(#1654,#1661),.PCURVE_S1.);
#1650 = LINE('',#1651,#1652);
#1651 = CARTESIAN_POINT('',(50.,-125.,7.));
#1652 = VECTOR('',#1653,1.);
#1653 = DIRECTION('',(0.,1.,0.));
#1654 = PCURVE('',#556,#1655);
#1655 = DEFINITIONAL_REPRESENTATION('',(#1656),#1660);
#1656 = LINE('',#1657,#1658);
#1657 = CARTESIAN_POINT('',(107.,0.));
#1658 = VECTOR('',#1659,1.);
#1659 = DIRECTION('',(0.,-1.));
#1660 = ( GEOMETRIC_REPRESENTATION_CONTEXT(2) 
PARAMETRIC_REPRESENTATION_CONTEXT() REPRESENTATION_CONTEXT('2D SPACE',''
  ) );
#1661 = PCURVE('',#710,#1662);
#1662 = DEFINITIONAL_REPRESENTATION('',(#1663),#1667);
#1663 = LINE('',#1664,#1665);
#1664 = CARTESIAN_POINT('',(0.,0.));
#1665 = VECTOR('',#1666,1.);
#1666 = DIRECTION('',(1.,0.));
#1667 = ( GEOMETRIC_REPRESENTATION_CONTEXT(2) 
PARAMETRIC_REPRESENTATION_CONTEXT() REPRESENTATION_CONTEXT('2D SPACE',''
  ) );
#1668 = FACE_BOUND('',#1669,.T.);
#1669 = EDGE_LOOP('',(#1670));
#1670 = ORIENTED_EDGE('',*,*,#1671,.F.);
#1671 = EDGE_CURVE('',#1672,#1672,#1674,.T.);
#1672 = VERTEX_POINT('',#1673);
#1673 = CARTESIAN_POINT('',(50.,97.416666666667,78.));
#1674 = SURFACE_CURVE('',#1675,(#1680,#1687),.PCURVE_S1.);
#1675 = CIRCLE('',#1676,8.);
#1676 = AXIS2_PLACEMENT_3D('',#1677,#1678,#1679);
#1677 = CARTESIAN_POINT('',(50.,97.416666666667,70.));
#1678 = DIRECTION('',(1.,0.,-0.));
#1679 = DIRECTION('',(0.,0.,1.));
#1680 = PCURVE('',#556,#1681);
#1681 = DEFINITIONAL_REPRESENTATION('',(#1682),#1686);
#1682 = CIRCLE('',#1683,8.);
#1683 = AXIS2_PLACEMENT_2D('',#1684,#1685);
#1684 = CARTESIAN_POINT('',(170.,-222.4166666666));
#1685 = DIRECTION('',(1.,0.));
#1686 = ( GEOMETRIC_REPRESENTATION_CONTEXT(2) 
PARAMETRIC_REPRESENTATION_CONTEXT() REPRESENTATION_CONTEXT('2D SPACE',''
  ) );
#1687 = PCURVE('',#1688,#1693);
#1688 = CYLINDRICAL_SURFACE('',#1689,8.);
#1689 = AXIS2_PLACEMENT_3D('',#1690,#1691,#1692);
#1690 = CARTESIAN_POINT('',(50.,97.416666666667,70.));
#1691 = DIRECTION('',(1.,0.,-0.));
#1692 = DIRECTION('',(0.,0.,1.));
#1693 = DEFINITIONAL_REPRESENTATION('',(#1694),#1698);
#1694 = LINE('',#1695,#1696);
#1695 = CARTESIAN_POINT('',(0.,0.));
#1696 = VECTOR('',#1697,1.);
#1697 = DIRECTION('',(1.,0.));
#1698 = ( GEOMETRIC_REPRESENTATION_CONTEXT(2) 
PARAMETRIC_REPRESENTATION_CONTEXT() REPRESENTATION_CONTEXT('2D SPACE',''
  ) );
#1699 = FACE_BOUND('',#1700,.T.);
#1700 = EDGE_LOOP('',(#1701));
#1701 = ORIENTED_EDGE('',*,*,#1702,.F.);
#1702 = EDGE_CURVE('',#1703,#1703,#1705,.T.);
#1703 = VERTEX_POINT('',#1704);
#1704 = CARTESIAN_POINT('',(50.,69.833333333333,78.));
#1705 = SURFACE_CURVE('',#1706,(#1711,#1718),.PCURVE_S1.);
#1706 = CIRCLE('',#1707,8.);
#1707 = AXIS2_PLACEMENT_3D('',#1708,#1709,#1710);
#1708 = CARTESIAN_POINT('',(50.,69.833333333333,70.));
#1709 = DIRECTION('',(1.,0.,-0.));
#1710 = DIRECTION('',(0.,0.,1.));
#1711 = PCURVE('',#556,#1712);
#1712 = DEFINITIONAL_REPRESENTATION('',(#1713),#1717);
#1713 = CIRCLE('',#1714,8.);
#1714 = AXIS2_PLACEMENT_2D('',#1715,#1716);
#1715 = CARTESIAN_POINT('',(170.,-194.8333333333));
#1716 = DIRECTION('',(1.,0.));
#1717 = ( GEOMETRIC_REPRESENTATION_CONTEXT(2) 
PARAMETRIC_REPRESENTATION_CONTEXT() REPRESENTATION_CONTEXT('2D SPACE',''
  ) );
#1718 = PCURVE('',#1719,#1724);
#1719 = CYLINDRICAL_SURFACE('',#1720,8.);
#1720 = AXIS2_PLACEMENT_3D('',#1721,#1722,#1723);
#1721 = CARTESIAN_POINT('',(50.,69.833333333333,70.));
#1722 = DIRECTION('',(1.,0.,-0.));
#1723 = DIRECTION('',(0.,0.,1.));
#1724 = DEFINITIONAL_REPRESENTATION('',(#1725),#1729);
#1725 = LINE('',#1726,#1727);
#1726 = CARTESIAN_POINT('',(0.,0.));
#1727 = VECTOR('',#1728,1.);
#1728 = DIRECTION('',(1.,0.));
#1729 = ( GEOMETRIC_REPRESENTATION_CONTEXT(2) 
PARAMETRIC_REPRESENTATION_CONTEXT() REPRESENTATION_CONTEXT('2D SPACE',''
  ) );
#1730 = FACE_BOUND('',#1731,.T.);
#1731 = EDGE_LOOP('',(#1732));
#1732 = ORIENTED_EDGE('',*,*,#1733,.F.);
#1733 = EDGE_CURVE('',#1734,#1734,#1736,.T.);
#1734 = VERTEX_POINT('',#1735);
#1735 = CARTESIAN_POINT('',(50.,63.25,-28.5));
#1736 = SURFACE_CURVE('',#1737,(#1742,#1749),.PCURVE_S1.);
#1737 = CIRCLE('',#1738,33.);
#1738 = AXIS2_PLACEMENT_3D('',#1739,#1740,#1741);
#1739 = CARTESIAN_POINT('',(50.,30.25,-28.5));
#1740 = DIRECTION('',(1.,0.,0.));
#1741 = DIRECTION('',(0.,1.,0.));
#1742 = PCURVE('',#556,#1743);
#1743 = DEFINITIONAL_REPRESENTATION('',(#1744),#1748);
#1744 = CIRCLE('',#1745,33.);
#1745 = AXIS2_PLACEMENT_2D('',#1746,#1747);
#1746 = CARTESIAN_POINT('',(71.5,-155.25));
#1747 = DIRECTION('',(0.,-1.));
#1748 = ( GEOMETRIC_REPRESENTATION_CONTEXT(2) 
PARAMETRIC_REPRESENTATION_CONTEXT() REPRESENTATION_CONTEXT('2D SPACE',''
  ) );
#1749 = PCURVE('',#1750,#1755);
#1750 = CYLINDRICAL_SURFACE('',#1751,33.);
#1751 = AXIS2_PLACEMENT_3D('',#1752,#1753,#1754);
#1752 = CARTESIAN_POINT('',(50.,30.25,-28.5));
#1753 = DIRECTION('',(1.,0.,0.));
#1754 = DIRECTION('',(0.,1.,0.));
#1755 = DEFINITIONAL_REPRESENTATION('',(#1756),#1760);
#1756 = LINE('',#1757,#1758);
#1757 = CARTESIAN_POINT('',(0.,0.));
#1758 = VECTOR('',#1759,1.);
#1759 = DIRECTION('',(1.,0.));
#1760 = ( GEOMETRIC_REPRESENTATION_CONTEXT(2) 
PARAMETRIC_REPRESENTATION_CONTEXT() REPRESENTATION_CONTEXT('2D SPACE',''
  ) );
#1761 = ADVANCED_FACE('',(#1762,#1810),#528,.F.);
#1762 = FACE_BOUND('',#1763,.F.);
#1763 = EDGE_LOOP('',(#1764,#1787,#1808,#1809));
#1764 = ORIENTED_EDGE('',*,*,#1765,.T.);
#1765 = EDGE_CURVE('',#1626,#1766,#1768,.T.);
#1766 = VERTEX_POINT('',#1767);
#1767 = CARTESIAN_POINT('',(2.,-92.,7.));
#1768 = SURFACE_CURVE('',#1769,(#1773,#1780),.PCURVE_S1.);
#1769 = LINE('',#1770,#1771);
#1770 = CARTESIAN_POINT('',(50.,-92.,7.));
#1771 = VECTOR('',#1772,1.);
#1772 = DIRECTION('',(-1.,0.,-0.));
#1773 = PCURVE('',#528,#1774);
#1774 = DEFINITIONAL_REPRESENTATION('',(#1775),#1779);
#1775 = LINE('',#1776,#1777);
#1776 = CARTESIAN_POINT('',(0.,0.));
#1777 = VECTOR('',#1778,1.);
#1778 = DIRECTION('',(0.,-1.));
#1779 = ( GEOMETRIC_REPRESENTATION_CONTEXT(2) 
PARAMETRIC_REPRESENTATION_CONTEXT() REPRESENTATION_CONTEXT('2D SPACE',''
  ) );
#1780 = PCURVE('',#710,#1781);
#1781 = DEFINITIONAL_REPRESENTATION('',(#1782),#1786);
#1782 = LINE('',#1783,#1784);
#1783 = CARTESIAN_POINT('',(33.,0.));
#1784 = VECTOR('',#1785,1.);
#1785 = DIRECTION('',(0.,-1.));
#1786 = ( GEOMETRIC_REPRESENTATION_CONTEXT(2) 
PARAMETRIC_REPRESENTATION_CONTEXT() REPRESENTATION_CONTEXT('2D SPACE',''
  ) );
#1787 = ORIENTED_EDGE('',*,*,#1788,.T.);
#1788 = EDGE_CURVE('',#1766,#485,#1789,.T.);
#1789 = SURFACE_CURVE('',#1790,(#1794,#1801),.PCURVE_S1.);
#1790 = LINE('',#1791,#1792);
#1791 = CARTESIAN_POINT('',(2.,-92.,7.));
#1792 = VECTOR('',#1793,1.);
#1793 = DIRECTION('',(0.,0.,1.));
#1794 = PCURVE('',#528,#1795);
#1795 = DEFINITIONAL_REPRESENTATION('',(#1796),#1800);
#1796 = LINE('',#1797,#1798);
#1797 = CARTESIAN_POINT('',(0.,-48.));
#1798 = VECTOR('',#1799,1.);
#1799 = DIRECTION('',(1.,0.));
#1800 = ( GEOMETRIC_REPRESENTATION_CONTEXT(2) 
PARAMETRIC_REPRESENTATION_CONTEXT() REPRESENTATION_CONTEXT('2D SPACE',''
  ) );
#1801 = PCURVE('',#500,#1802);
#1802 = DEFINITIONAL_REPRESENTATION('',(#1803),#1807);
#1803 = LINE('',#1804,#1805);
#1804 = CARTESIAN_POINT('',(-46.5,-16.5));
#1805 = VECTOR('',#1806,1.);
#1806 = DIRECTION('',(1.,0.));
#1807 = ( GEOMETRIC_REPRESENTATION_CONTEXT(2) 
PARAMETRIC_REPRESENTATION_CONTEXT() REPRESENTATION_CONTEXT('2D SPACE',''
  ) );
#1808 = ORIENTED_EDGE('',*,*,#512,.F.);
#1809 = ORIENTED_EDGE('',*,*,#1625,.F.);
#1810 = FACE_BOUND('',#1811,.F.);
#1811 = EDGE_LOOP('',(#1812));
#1812 = ORIENTED_EDGE('',*,*,#1813,.F.);
#1813 = EDGE_CURVE('',#1814,#1814,#1816,.T.);
#1814 = VERTEX_POINT('',#1815);
#1815 = CARTESIAN_POINT('',(26.,-92.,61.5));
#1816 = SURFACE_CURVE('',#1817,(#1822,#1829),.PCURVE_S1.);
#1817 = CIRCLE('',#1818,8.);
#1818 = AXIS2_PLACEMENT_3D('',#1819,#1820,#1821);
#1819 = CARTESIAN_POINT('',(26.,-92.,53.5));
#1820 = DIRECTION('',(0.,1.,0.));
#1821 = DIRECTION('',(0.,0.,1.));
#1822 = PCURVE('',#528,#1823);
#1823 = DEFINITIONAL_REPRESENTATION('',(#1824),#1828);
#1824 = CIRCLE('',#1825,8.);
#1825 = AXIS2_PLACEMENT_2D('',#1826,#1827);
#1826 = CARTESIAN_POINT('',(46.5,-24.));
#1827 = DIRECTION('',(1.,0.));
#1828 = ( GEOMETRIC_REPRESENTATION_CONTEXT(2) 
PARAMETRIC_REPRESENTATION_CONTEXT() REPRESENTATION_CONTEXT('2D SPACE',''
  ) );
#1829 = PCURVE('',#1830,#1835);
#1830 = CYLINDRICAL_SURFACE('',#1831,8.);
#1831 = AXIS2_PLACEMENT_3D('',#1832,#1833,#1834);
#1832 = CARTESIAN_POINT('',(26.,-92.,53.5));
#1833 = DIRECTION('',(-0.,-1.,-0.));
#1834 = DIRECTION('',(0.,0.,1.));
#1835 = DEFINITIONAL_REPRESENTATION('',(#1836),#1840);
#1836 = LINE('',#1837,#1838);
#1837 = CARTESIAN_POINT('',(-0.,0.));
#1838 = VECTOR('',#1839,1.);
#1839 = DIRECTION('',(-1.,0.));
#1840 = ( GEOMETRIC_REPRESENTATION_CONTEXT(2) 
PARAMETRIC_REPRESENTATION_CONTEXT() REPRESENTATION_CONTEXT('2D SPACE',''
  ) );
#1841 = ADVANCED_FACE('',(#1842),#500,.T.);
#1842 = FACE_BOUND('',#1843,.T.);
#1843 = EDGE_LOOP('',(#1844,#1845,#1866,#1867));
#1844 = ORIENTED_EDGE('',*,*,#673,.T.);
#1845 = ORIENTED_EDGE('',*,*,#1846,.T.);
#1846 = EDGE_CURVE('',#674,#1766,#1847,.T.);
#1847 = SURFACE_CURVE('',#1848,(#1852,#1859),.PCURVE_S1.);
#1848 = LINE('',#1849,#1850);
#1849 = CARTESIAN_POINT('',(2.,-125.,7.));
#1850 = VECTOR('',#1851,1.);
#1851 = DIRECTION('',(0.,1.,0.));
#1852 = PCURVE('',#500,#1853);
#1853 = DEFINITIONAL_REPRESENTATION('',(#1854),#1858);
#1854 = LINE('',#1855,#1856);
#1855 = CARTESIAN_POINT('',(-46.5,16.5));
#1856 = VECTOR('',#1857,1.);
#1857 = DIRECTION('',(0.,-1.));
#1858 = ( GEOMETRIC_REPRESENTATION_CONTEXT(2) 
PARAMETRIC_REPRESENTATION_CONTEXT() REPRESENTATION_CONTEXT('2D SPACE',''
  ) );
#1859 = PCURVE('',#710,#1860);
#1860 = DEFINITIONAL_REPRESENTATION('',(#1861),#1865);
#1861 = LINE('',#1862,#1863);
#1862 = CARTESIAN_POINT('',(0.,-48.));
#1863 = VECTOR('',#1864,1.);
#1864 = DIRECTION('',(1.,0.));
#1865 = ( GEOMETRIC_REPRESENTATION_CONTEXT(2) 
PARAMETRIC_REPRESENTATION_CONTEXT() REPRESENTATION_CONTEXT('2D SPACE',''
  ) );
#1866 = ORIENTED_EDGE('',*,*,#1788,.T.);
#1867 = ORIENTED_EDGE('',*,*,#484,.T.);
#1868 = ADVANCED_FACE('',(#1869),#427,.F.);
#1869 = FACE_BOUND('',#1870,.F.);
#1870 = EDGE_LOOP('',(#1871,#1872,#1873,#1874));
#1871 = ORIENTED_EDGE('',*,*,#411,.T.);
#1872 = ORIENTED_EDGE('',*,*,#843,.T.);
#1873 = ORIENTED_EDGE('',*,*,#938,.F.);
#1874 = ORIENTED_EDGE('',*,*,#1396,.F.);
#1875 = ADVANCED_FACE('',(#1876),#710,.F.);
#1876 = FACE_BOUND('',#1877,.F.);
#1877 = EDGE_LOOP('',(#1878,#1879,#1880,#1881));
#1878 = ORIENTED_EDGE('',*,*,#696,.T.);
#1879 = ORIENTED_EDGE('',*,*,#1846,.T.);
#1880 = ORIENTED_EDGE('',*,*,#1765,.F.);
#1881 = ORIENTED_EDGE('',*,*,#1648,.F.);
#1882 = ADVANCED_FACE('',(#1883),#742,.T.);
#1883 = FACE_BOUND('',#1884,.T.);
#1884 = EDGE_LOOP('',(#1885,#1908,#1936,#1957));
#1885 = ORIENTED_EDGE('',*,*,#1886,.T.);
#1886 = EDGE_CURVE('',#725,#1887,#1889,.T.);
#1887 = VERTEX_POINT('',#1888);
#1888 = CARTESIAN_POINT('',(-37.4,-109.,-1.9));
#1889 = SURFACE_CURVE('',#1890,(#1894,#1901),.PCURVE_S1.);
#1890 = LINE('',#1891,#1892);
#1891 = CARTESIAN_POINT('',(-37.4,-125.,-1.9));
#1892 = VECTOR('',#1893,1.);
#1893 = DIRECTION('',(0.,1.,-0.));
#1894 = PCURVE('',#742,#1895);
#1895 = DEFINITIONAL_REPRESENTATION('',(#1896),#1900);
#1896 = LINE('',#1897,#1898);
#1897 = CARTESIAN_POINT('',(0.,0.));
#1898 = VECTOR('',#1899,1.);
#1899 = DIRECTION('',(0.,-1.));
#1900 = ( GEOMETRIC_REPRESENTATION_CONTEXT(2) 
PARAMETRIC_REPRESENTATION_CONTEXT() REPRESENTATION_CONTEXT('2D SPACE',''
  ) );
#1901 = PCURVE('',#771,#1902);
#1902 = DEFINITIONAL_REPRESENTATION('',(#1903),#1907);
#1903 = LINE('',#1904,#1905);
#1904 = CARTESIAN_POINT('',(-3.14159265359,0.));
#1905 = VECTOR('',#1906,1.);
#1906 = DIRECTION('',(-0.,-1.));
#1907 = ( GEOMETRIC_REPRESENTATION_CONTEXT(2) 
PARAMETRIC_REPRESENTATION_CONTEXT() REPRESENTATION_CONTEXT('2D SPACE',''
  ) );
#1908 = ORIENTED_EDGE('',*,*,#1909,.T.);
#1909 = EDGE_CURVE('',#1887,#1910,#1912,.T.);
#1910 = VERTEX_POINT('',#1911);
#1911 = CARTESIAN_POINT('',(-37.4,-109.,13.1));
#1912 = SURFACE_CURVE('',#1913,(#1917,#1924),.PCURVE_S1.);
#1913 = LINE('',#1914,#1915);
#1914 = CARTESIAN_POINT('',(-37.4,-109.,-1.9));
#1915 = VECTOR('',#1916,1.);
#1916 = DIRECTION('',(-1.600321476937E-16,0.,1.));
#1917 = PCURVE('',#742,#1918);
#1918 = DEFINITIONAL_REPRESENTATION('',(#1919),#1923);
#1919 = LINE('',#1920,#1921);
#1920 = CARTESIAN_POINT('',(0.,-16.));
#1921 = VECTOR('',#1922,1.);
#1922 = DIRECTION('',(1.,0.));
#1923 = ( GEOMETRIC_REPRESENTATION_CONTEXT(2) 
PARAMETRIC_REPRESENTATION_CONTEXT() REPRESENTATION_CONTEXT('2D SPACE',''
  ) );
#1924 = PCURVE('',#1925,#1930);
#1925 = PLANE('',#1926);
#1926 = AXIS2_PLACEMENT_3D('',#1927,#1928,#1929);
#1927 = CARTESIAN_POINT('',(-28.4,-109.,5.6));
#1928 = DIRECTION('',(0.,1.,0.));
#1929 = DIRECTION('',(0.,-0.,1.));
#1930 = DEFINITIONAL_REPRESENTATION('',(#1931),#1935);
#1931 = LINE('',#1932,#1933);
#1932 = CARTESIAN_POINT('',(-7.5,-9.));
#1933 = VECTOR('',#1934,1.);
#1934 = DIRECTION('',(1.,-1.600321476937E-16));
#1935 = ( GEOMETRIC_REPRESENTATION_CONTEXT(2) 
PARAMETRIC_REPRESENTATION_CONTEXT() REPRESENTATION_CONTEXT('2D SPACE',''
  ) );
#1936 = ORIENTED_EDGE('',*,*,#1937,.F.);
#1937 = EDGE_CURVE('',#727,#1910,#1938,.T.);
#1938 = SURFACE_CURVE('',#1939,(#1943,#1950),.PCURVE_S1.);
#1939 = LINE('',#1940,#1941);
#1940 = CARTESIAN_POINT('',(-37.4,-125.,13.1));
#1941 = VECTOR('',#1942,1.);
#1942 = DIRECTION('',(0.,1.,-0.));
#1943 = PCURVE('',#742,#1944);
#1944 = DEFINITIONAL_REPRESENTATION('',(#1945),#1949);
#1945 = LINE('',#1946,#1947);
#1946 = CARTESIAN_POINT('',(15.,0.));
#1947 = VECTOR('',#1948,1.);
#1948 = DIRECTION('',(0.,-1.));
#1949 = ( GEOMETRIC_REPRESENTATION_CONTEXT(2) 
PARAMETRIC_REPRESENTATION_CONTEXT() REPRESENTATION_CONTEXT('2D SPACE',''
  ) );
#1950 = PCURVE('',#826,#1951);
#1951 = DEFINITIONAL_REPRESENTATION('',(#1952),#1956);
#1952 = LINE('',#1953,#1954);
#1953 = CARTESIAN_POINT('',(-6.123233995737E-17,0.));
#1954 = VECTOR('',#1955,1.);
#1955 = DIRECTION('',(-0.,-1.));
#1956 = ( GEOMETRIC_REPRESENTATION_CONTEXT(2) 
PARAMETRIC_REPRESENTATION_CONTEXT() REPRESENTATION_CONTEXT('2D SPACE',''
  ) );
#1957 = ORIENTED_EDGE('',*,*,#724,.F.);
#1958 = ADVANCED_FACE('',(#1959),#826,.F.);
#1959 = FACE_BOUND('',#1960,.T.);
#1960 = EDGE_LOOP('',(#1961,#1962,#1986,#2007));
#1961 = ORIENTED_EDGE('',*,*,#1937,.T.);
#1962 = ORIENTED_EDGE('',*,*,#1963,.T.);
#1963 = EDGE_CURVE('',#1910,#1964,#1966,.T.);
#1964 = VERTEX_POINT('',#1965);
#1965 = CARTESIAN_POINT('',(-19.4,-109.,13.1));
#1966 = SURFACE_CURVE('',#1967,(#1972,#1979),.PCURVE_S1.);
#1967 = CIRCLE('',#1968,9.);
#1968 = AXIS2_PLACEMENT_3D('',#1969,#1970,#1971);
#1969 = CARTESIAN_POINT('',(-28.4,-109.,13.1));
#1970 = DIRECTION('',(0.,1.,0.));
#1971 = DIRECTION('',(-1.,0.,-2.212644876511E-16));
#1972 = PCURVE('',#826,#1973);
#1973 = DEFINITIONAL_REPRESENTATION('',(#1974),#1978);
#1974 = LINE('',#1975,#1976);
#1975 = CARTESIAN_POINT('',(-0.,-16.));
#1976 = VECTOR('',#1977,1.);
#1977 = DIRECTION('',(-1.,0.));
#1978 = ( GEOMETRIC_REPRESENTATION_CONTEXT(2) 
PARAMETRIC_REPRESENTATION_CONTEXT() REPRESENTATION_CONTEXT('2D SPACE',''
  ) );
#1979 = PCURVE('',#1925,#1980);
#1980 = DEFINITIONAL_REPRESENTATION('',(#1981),#1985);
#1981 = CIRCLE('',#1982,9.);
#1982 = AXIS2_PLACEMENT_2D('',#1983,#1984);
#1983 = CARTESIAN_POINT('',(7.5,-3.552713678801E-15));
#1984 = DIRECTION('',(-2.212644876511E-16,-1.));
#1985 = ( GEOMETRIC_REPRESENTATION_CONTEXT(2) 
PARAMETRIC_REPRESENTATION_CONTEXT() REPRESENTATION_CONTEXT('2D SPACE',''
  ) );
#1986 = ORIENTED_EDGE('',*,*,#1987,.F.);
#1987 = EDGE_CURVE('',#784,#1964,#1988,.T.);
#1988 = SURFACE_CURVE('',#1989,(#1993,#2000),.PCURVE_S1.);
#1989 = LINE('',#1990,#1991);
#1990 = CARTESIAN_POINT('',(-19.4,-125.,13.1));
#1991 = VECTOR('',#1992,1.);
#1992 = DIRECTION('',(0.,1.,-0.));
#1993 = PCURVE('',#826,#1994);
#1994 = DEFINITIONAL_REPRESENTATION('',(#1995),#1999);
#1995 = LINE('',#1996,#1997);
#1996 = CARTESIAN_POINT('',(-3.14159265359,0.));
#1997 = VECTOR('',#1998,1.);
#1998 = DIRECTION('',(-0.,-1.));
#1999 = ( GEOMETRIC_REPRESENTATION_CONTEXT(2) 
PARAMETRIC_REPRESENTATION_CONTEXT() REPRESENTATION_CONTEXT('2D SPACE',''
  ) );
#2000 = PCURVE('',#799,#2001);
#2001 = DEFINITIONAL_REPRESENTATION('',(#2002),#2006);
#2002 = LINE('',#2003,#2004);
#2003 = CARTESIAN_POINT('',(0.,0.));
#2004 = VECTOR('',#2005,1.);
#2005 = DIRECTION('',(0.,-1.));
#2006 = ( GEOMETRIC_REPRESENTATION_CONTEXT(2) 
PARAMETRIC_REPRESENTATION_CONTEXT() REPRESENTATION_CONTEXT('2D SPACE',''
  ) );
#2007 = ORIENTED_EDGE('',*,*,#811,.F.);
#2008 = ADVANCED_FACE('',(#2009),#799,.T.);
#2009 = FACE_BOUND('',#2010,.T.);
#2010 = EDGE_LOOP('',(#2011,#2012,#2035,#2056));
#2011 = ORIENTED_EDGE('',*,*,#1987,.T.);
#2012 = ORIENTED_EDGE('',*,*,#2013,.T.);
#2013 = EDGE_CURVE('',#1964,#2014,#2016,.T.);
#2014 = VERTEX_POINT('',#2015);
#2015 = CARTESIAN_POINT('',(-19.4,-109.,-1.9));
#2016 = SURFACE_CURVE('',#2017,(#2021,#2028),.PCURVE_S1.);
#2017 = LINE('',#2018,#2019);
#2018 = CARTESIAN_POINT('',(-19.4,-109.,13.1));
#2019 = VECTOR('',#2020,1.);
#2020 = DIRECTION('',(1.600321476937E-16,0.,-1.));
#2021 = PCURVE('',#799,#2022);
#2022 = DEFINITIONAL_REPRESENTATION('',(#2023),#2027);
#2023 = LINE('',#2024,#2025);
#2024 = CARTESIAN_POINT('',(0.,-16.));
#2025 = VECTOR('',#2026,1.);
#2026 = DIRECTION('',(1.,0.));
#2027 = ( GEOMETRIC_REPRESENTATION_CONTEXT(2) 
PARAMETRIC_REPRESENTATION_CONTEXT() REPRESENTATION_CONTEXT('2D SPACE',''
  ) );
#2028 = PCURVE('',#1925,#2029);
#2029 = DEFINITIONAL_REPRESENTATION('',(#2030),#2034);
#2030 = LINE('',#2031,#2032);
#2031 = CARTESIAN_POINT('',(7.5,9.));
#2032 = VECTOR('',#2033,1.);
#2033 = DIRECTION('',(-1.,1.600321476937E-16));
#2034 = ( GEOMETRIC_REPRESENTATION_CONTEXT(2) 
PARAMETRIC_REPRESENTATION_CONTEXT() REPRESENTATION_CONTEXT('2D SPACE',''
  ) );
#2035 = ORIENTED_EDGE('',*,*,#2036,.F.);
#2036 = EDGE_CURVE('',#755,#2014,#2037,.T.);
#2037 = SURFACE_CURVE('',#2038,(#2042,#2049),.PCURVE_S1.);
#2038 = LINE('',#2039,#2040);
#2039 = CARTESIAN_POINT('',(-19.4,-125.,-1.9));
#2040 = VECTOR('',#2041,1.);
#2041 = DIRECTION('',(0.,1.,-0.));
#2042 = PCURVE('',#799,#2043);
#2043 = DEFINITIONAL_REPRESENTATION('',(#2044),#2048);
#2044 = LINE('',#2045,#2046);
#2045 = CARTESIAN_POINT('',(15.,0.));
#2046 = VECTOR('',#2047,1.);
#2047 = DIRECTION('',(0.,-1.));
#2048 = ( GEOMETRIC_REPRESENTATION_CONTEXT(2) 
PARAMETRIC_REPRESENTATION_CONTEXT() REPRESENTATION_CONTEXT('2D SPACE',''
  ) );
#2049 = PCURVE('',#771,#2050);
#2050 = DEFINITIONAL_REPRESENTATION('',(#2051),#2055);
#2051 = LINE('',#2052,#2053);
#2052 = CARTESIAN_POINT('',(-6.123233995737E-17,0.));
#2053 = VECTOR('',#2054,1.);
#2054 = DIRECTION('',(-0.,-1.));
#2055 = ( GEOMETRIC_REPRESENTATION_CONTEXT(2) 
PARAMETRIC_REPRESENTATION_CONTEXT() REPRESENTATION_CONTEXT('2D SPACE',''
  ) );
#2056 = ORIENTED_EDGE('',*,*,#783,.F.);
#2057 = ADVANCED_FACE('',(#2058),#771,.F.);
#2058 = FACE_BOUND('',#2059,.T.);
#2059 = EDGE_LOOP('',(#2060,#2061,#2083,#2084));
#2060 = ORIENTED_EDGE('',*,*,#2036,.T.);
#2061 = ORIENTED_EDGE('',*,*,#2062,.T.);
#2062 = EDGE_CURVE('',#2014,#1887,#2063,.T.);
#2063 = SURFACE_CURVE('',#2064,(#2069,#2076),.PCURVE_S1.);
#2064 = CIRCLE('',#2065,9.);
#2065 = AXIS2_PLACEMENT_3D('',#2066,#2067,#2068);
#2066 = CARTESIAN_POINT('',(-28.4,-109.,-1.9));
#2067 = DIRECTION('',(-0.,1.,0.));
#2068 = DIRECTION('',(1.,0.,2.212644876511E-16));
#2069 = PCURVE('',#771,#2070);
#2070 = DEFINITIONAL_REPRESENTATION('',(#2071),#2075);
#2071 = LINE('',#2072,#2073);
#2072 = CARTESIAN_POINT('',(-0.,-16.));
#2073 = VECTOR('',#2074,1.);
#2074 = DIRECTION('',(-1.,0.));
#2075 = ( GEOMETRIC_REPRESENTATION_CONTEXT(2) 
PARAMETRIC_REPRESENTATION_CONTEXT() REPRESENTATION_CONTEXT('2D SPACE',''
  ) );
#2076 = PCURVE('',#1925,#2077);
#2077 = DEFINITIONAL_REPRESENTATION('',(#2078),#2082);
#2078 = CIRCLE('',#2079,9.);
#2079 = AXIS2_PLACEMENT_2D('',#2080,#2081);
#2080 = CARTESIAN_POINT('',(-7.5,3.552713678801E-15));
#2081 = DIRECTION('',(2.212644876511E-16,1.));
#2082 = ( GEOMETRIC_REPRESENTATION_CONTEXT(2) 
PARAMETRIC_REPRESENTATION_CONTEXT() REPRESENTATION_CONTEXT('2D SPACE',''
  ) );
#2083 = ORIENTED_EDGE('',*,*,#1886,.F.);
#2084 = ORIENTED_EDGE('',*,*,#754,.F.);
#2085 = ADVANCED_FACE('',(#2086),#1002,.T.);
#2086 = FACE_BOUND('',#2087,.T.);
#2087 = EDGE_LOOP('',(#2088,#2089,#2090,#2091,#2092,#2093));
#2088 = ORIENTED_EDGE('',*,*,#1089,.T.);
#2089 = ORIENTED_EDGE('',*,*,#1187,.T.);
#2090 = ORIENTED_EDGE('',*,*,#1236,.T.);
#2091 = ORIENTED_EDGE('',*,*,#1160,.T.);
#2092 = ORIENTED_EDGE('',*,*,#1062,.T.);
#2093 = ORIENTED_EDGE('',*,*,#986,.T.);
#2094 = ADVANCED_FACE('',(#2095,#2098),#1300,.T.);
#2095 = FACE_BOUND('',#2096,.T.);
#2096 = EDGE_LOOP('',(#2097));
#2097 = ORIENTED_EDGE('',*,*,#1285,.T.);
#2098 = FACE_BOUND('',#2099,.T.);
#2099 = EDGE_LOOP('',(#2100));
#2100 = ORIENTED_EDGE('',*,*,#2101,.F.);
#2101 = EDGE_CURVE('',#2102,#2102,#2104,.T.);
#2102 = VERTEX_POINT('',#2103);
#2103 = CARTESIAN_POINT('',(-45.5,-13.14,-13.8));
#2104 = SURFACE_CURVE('',#2105,(#2110,#2117),.PCURVE_S1.);
#2105 = CIRCLE('',#2106,5.);
#2106 = AXIS2_PLACEMENT_3D('',#2107,#2108,#2109);
#2107 = CARTESIAN_POINT('',(-45.5,-13.14,-8.8));
#2108 = DIRECTION('',(-1.,0.,0.));
#2109 = DIRECTION('',(0.,0.,-1.));
#2110 = PCURVE('',#1300,#2111);
#2111 = DEFINITIONAL_REPRESENTATION('',(#2112),#2116);
#2112 = CIRCLE('',#2113,5.);
#2113 = AXIS2_PLACEMENT_2D('',#2114,#2115);
#2114 = CARTESIAN_POINT('',(-3.552713678801E-15,-1.688850739663E-76));
#2115 = DIRECTION('',(-0.,-1.));
#2116 = ( GEOMETRIC_REPRESENTATION_CONTEXT(2) 
PARAMETRIC_REPRESENTATION_CONTEXT() REPRESENTATION_CONTEXT('2D SPACE',''
  ) );
#2117 = PCURVE('',#2118,#2123);
#2118 = CYLINDRICAL_SURFACE('',#2119,5.);
#2119 = AXIS2_PLACEMENT_3D('',#2120,#2121,#2122);
#2120 = CARTESIAN_POINT('',(-47.75,-13.14,-8.8));
#2121 = DIRECTION('',(-1.,0.,0.));
#2122 = DIRECTION('',(0.,0.,-1.));
#2123 = DEFINITIONAL_REPRESENTATION('',(#2124),#2128);
#2124 = LINE('',#2125,#2126);
#2125 = CARTESIAN_POINT('',(0.,-2.25));
#2126 = VECTOR('',#2127,1.);
#2127 = DIRECTION('',(1.,0.));
#2128 = ( GEOMETRIC_REPRESENTATION_CONTEXT(2) 
PARAMETRIC_REPRESENTATION_CONTEXT() REPRESENTATION_CONTEXT('2D SPACE',''
  ) );
#2129 = ADVANCED_FACE('',(#2130,#2133),#1355,.T.);
#2130 = FACE_BOUND('',#2131,.T.);
#2131 = EDGE_LOOP('',(#2132));
#2132 = ORIENTED_EDGE('',*,*,#1340,.T.);
#2133 = FACE_BOUND('',#2134,.T.);
#2134 = EDGE_LOOP('',(#2135));
#2135 = ORIENTED_EDGE('',*,*,#2136,.F.);
#2136 = EDGE_CURVE('',#2137,#2137,#2139,.T.);
#2137 = VERTEX_POINT('',#2138);
#2138 = CARTESIAN_POINT('',(-45.5,-13.14,4.2));
#2139 = SURFACE_CURVE('',#2140,(#2145,#2152),.PCURVE_S1.);
#2140 = CIRCLE('',#2141,5.);
#2141 = AXIS2_PLACEMENT_3D('',#2142,#2143,#2144);
#2142 = CARTESIAN_POINT('',(-45.5,-13.14,9.2));
#2143 = DIRECTION('',(-1.,0.,0.));
#2144 = DIRECTION('',(0.,0.,-1.));
#2145 = PCURVE('',#1355,#2146);
#2146 = DEFINITIONAL_REPRESENTATION('',(#2147),#2151);
#2147 = CIRCLE('',#2148,5.);
#2148 = AXIS2_PLACEMENT_2D('',#2149,#2150);
#2149 = CARTESIAN_POINT('',(-1.7763568394E-15,-3.552713678801E-15));
#2150 = DIRECTION('',(-0.,-1.));
#2151 = ( GEOMETRIC_REPRESENTATION_CONTEXT(2) 
PARAMETRIC_REPRESENTATION_CONTEXT() REPRESENTATION_CONTEXT('2D SPACE',''
  ) );
#2152 = PCURVE('',#2153,#2158);
#2153 = CYLINDRICAL_SURFACE('',#2154,5.);
#2154 = AXIS2_PLACEMENT_3D('',#2155,#2156,#2157);
#2155 = CARTESIAN_POINT('',(-47.75,-13.14,9.2));
#2156 = DIRECTION('',(-1.,0.,0.));
#2157 = DIRECTION('',(0.,0.,-1.));
#2158 = DEFINITIONAL_REPRESENTATION('',(#2159),#2163);
#2159 = LINE('',#2160,#2161);
#2160 = CARTESIAN_POINT('',(0.,-2.25));
#2161 = VECTOR('',#2162,1.);
#2162 = DIRECTION('',(1.,0.));
#2163 = ( GEOMETRIC_REPRESENTATION_CONTEXT(2) 
PARAMETRIC_REPRESENTATION_CONTEXT() REPRESENTATION_CONTEXT('2D SPACE',''
  ) );
#2164 = ADVANCED_FACE('',(#2165),#1455,.F.);
#2165 = FACE_BOUND('',#2166,.F.);
#2166 = EDGE_LOOP('',(#2167,#2168,#2169,#2170));
#2167 = ORIENTED_EDGE('',*,*,#1602,.T.);
#2168 = ORIENTED_EDGE('',*,*,#1573,.T.);
#2169 = ORIENTED_EDGE('',*,*,#1524,.T.);
#2170 = ORIENTED_EDGE('',*,*,#1441,.T.);
#2171 = ADVANCED_FACE('',(#2172),#1486,.F.);
#2172 = FACE_BOUND('',#2173,.F.);
#2173 = EDGE_LOOP('',(#2174,#2197,#2224,#2225));
#2174 = ORIENTED_EDGE('',*,*,#2175,.T.);
#2175 = EDGE_CURVE('',#1470,#2176,#2178,.T.);
#2176 = VERTEX_POINT('',#2177);
#2177 = CARTESIAN_POINT('',(7.2,122.,-10.));
#2178 = SEAM_CURVE('',#2179,(#2183,#2190),.PCURVE_S1.);
#2179 = LINE('',#2180,#2181);
#2180 = CARTESIAN_POINT('',(7.2,125.,-10.));
#2181 = VECTOR('',#2182,1.);
#2182 = DIRECTION('',(-0.,-1.,-0.));
#2183 = PCURVE('',#1486,#2184);
#2184 = DEFINITIONAL_REPRESENTATION('',(#2185),#2189);
#2185 = LINE('',#2186,#2187);
#2186 = CARTESIAN_POINT('',(0.,0.));
#2187 = VECTOR('',#2188,1.);
#2188 = DIRECTION('',(0.,-1.));
#2189 = ( GEOMETRIC_REPRESENTATION_CONTEXT(2) 
PARAMETRIC_REPRESENTATION_CONTEXT() REPRESENTATION_CONTEXT('2D SPACE',''
  ) );
#2190 = PCURVE('',#1486,#2191);
#2191 = DEFINITIONAL_REPRESENTATION('',(#2192),#2196);
#2192 = LINE('',#2193,#2194);
#2193 = CARTESIAN_POINT('',(6.28318530718,0.));
#2194 = VECTOR('',#2195,1.);
#2195 = DIRECTION('',(0.,-1.));
#2196 = ( GEOMETRIC_REPRESENTATION_CONTEXT(2) 
PARAMETRIC_REPRESENTATION_CONTEXT() REPRESENTATION_CONTEXT('2D SPACE',''
  ) );
#2197 = ORIENTED_EDGE('',*,*,#2198,.T.);
#2198 = EDGE_CURVE('',#2176,#2176,#2199,.T.);
#2199 = SURFACE_CURVE('',#2200,(#2205,#2212),.PCURVE_S1.);
#2200 = CIRCLE('',#2201,10.);
#2201 = AXIS2_PLACEMENT_3D('',#2202,#2203,#2204);
#2202 = CARTESIAN_POINT('',(7.2,122.,0.));
#2203 = DIRECTION('',(0.,1.,0.));
#2204 = DIRECTION('',(0.,0.,-1.));
#2205 = PCURVE('',#1486,#2206);
#2206 = DEFINITIONAL_REPRESENTATION('',(#2207),#2211);
#2207 = LINE('',#2208,#2209);
#2208 = CARTESIAN_POINT('',(0.,-3.));
#2209 = VECTOR('',#2210,1.);
#2210 = DIRECTION('',(1.,0.));
#2211 = ( GEOMETRIC_REPRESENTATION_CONTEXT(2) 
PARAMETRIC_REPRESENTATION_CONTEXT() REPRESENTATION_CONTEXT('2D SPACE',''
  ) );
#2212 = PCURVE('',#2213,#2218);
#2213 = PLANE('',#2214);
#2214 = AXIS2_PLACEMENT_3D('',#2215,#2216,#2217);
#2215 = CARTESIAN_POINT('',(7.2,122.,-5.469760530158E-16));
#2216 = DIRECTION('',(0.,1.,0.));
#2217 = DIRECTION('',(0.,-0.,1.));
#2218 = DEFINITIONAL_REPRESENTATION('',(#2219),#2223);
#2219 = CIRCLE('',#2220,10.);
#2220 = AXIS2_PLACEMENT_2D('',#2221,#2222);
#2221 = CARTESIAN_POINT('',(5.469760530158E-16,1.7763568394E-15));
#2222 = DIRECTION('',(-1.,0.));
#2223 = ( GEOMETRIC_REPRESENTATION_CONTEXT(2) 
PARAMETRIC_REPRESENTATION_CONTEXT() REPRESENTATION_CONTEXT('2D SPACE',''
  ) );
#2224 = ORIENTED_EDGE('',*,*,#2175,.F.);
#2225 = ORIENTED_EDGE('',*,*,#1469,.F.);
#2226 = ADVANCED_FACE('',(#2227),#1688,.F.);
#2227 = FACE_BOUND('',#2228,.F.);
#2228 = EDGE_LOOP('',(#2229,#2252,#2279,#2280));
#2229 = ORIENTED_EDGE('',*,*,#2230,.T.);
#2230 = EDGE_CURVE('',#1672,#2231,#2233,.T.);
#2231 = VERTEX_POINT('',#2232);
#2232 = CARTESIAN_POINT('',(49.6,97.416666666667,78.));
#2233 = SEAM_CURVE('',#2234,(#2238,#2245),.PCURVE_S1.);
#2234 = LINE('',#2235,#2236);
#2235 = CARTESIAN_POINT('',(50.,97.416666666667,78.));
#2236 = VECTOR('',#2237,1.);
#2237 = DIRECTION('',(-1.,-0.,-0.));
#2238 = PCURVE('',#1688,#2239);
#2239 = DEFINITIONAL_REPRESENTATION('',(#2240),#2244);
#2240 = LINE('',#2241,#2242);
#2241 = CARTESIAN_POINT('',(0.,0.));
#2242 = VECTOR('',#2243,1.);
#2243 = DIRECTION('',(0.,-1.));
#2244 = ( GEOMETRIC_REPRESENTATION_CONTEXT(2) 
PARAMETRIC_REPRESENTATION_CONTEXT() REPRESENTATION_CONTEXT('2D SPACE',''
  ) );
#2245 = PCURVE('',#1688,#2246);
#2246 = DEFINITIONAL_REPRESENTATION('',(#2247),#2251);
#2247 = LINE('',#2248,#2249);
#2248 = CARTESIAN_POINT('',(6.28318530718,0.));
#2249 = VECTOR('',#2250,1.);
#2250 = DIRECTION('',(0.,-1.));
#2251 = ( GEOMETRIC_REPRESENTATION_CONTEXT(2) 
PARAMETRIC_REPRESENTATION_CONTEXT() REPRESENTATION_CONTEXT('2D SPACE',''
  ) );
#2252 = ORIENTED_EDGE('',*,*,#2253,.T.);
#2253 = EDGE_CURVE('',#2231,#2231,#2254,.T.);
#2254 = SURFACE_CURVE('',#2255,(#2260,#2267),.PCURVE_S1.);
#2255 = CIRCLE('',#2256,8.);
#2256 = AXIS2_PLACEMENT_3D('',#2257,#2258,#2259);
#2257 = CARTESIAN_POINT('',(49.6,97.416666666667,70.));
#2258 = DIRECTION('',(1.,0.,-0.));
#2259 = DIRECTION('',(0.,0.,1.));
#2260 = PCURVE('',#1688,#2261);
#2261 = DEFINITIONAL_REPRESENTATION('',(#2262),#2266);
#2262 = LINE('',#2263,#2264);
#2263 = CARTESIAN_POINT('',(0.,-0.4));
#2264 = VECTOR('',#2265,1.);
#2265 = DIRECTION('',(1.,0.));
#2266 = ( GEOMETRIC_REPRESENTATION_CONTEXT(2) 
PARAMETRIC_REPRESENTATION_CONTEXT() REPRESENTATION_CONTEXT('2D SPACE',''
  ) );
#2267 = PCURVE('',#2268,#2273);
#2268 = CONICAL_SURFACE('',#2269,8.,0.785398163397);
#2269 = AXIS2_PLACEMENT_3D('',#2270,#2271,#2272);
#2270 = CARTESIAN_POINT('',(49.6,97.416666666667,70.));
#2271 = DIRECTION('',(1.,0.,0.));
#2272 = DIRECTION('',(0.,0.,1.));
#2273 = DEFINITIONAL_REPRESENTATION('',(#2274),#2278);
#2274 = LINE('',#2275,#2276);
#2275 = CARTESIAN_POINT('',(0.,-0.));
#2276 = VECTOR('',#2277,1.);
#2277 = DIRECTION('',(1.,-0.));
#2278 = ( GEOMETRIC_REPRESENTATION_CONTEXT(2) 
PARAMETRIC_REPRESENTATION_CONTEXT() REPRESENTATION_CONTEXT('2D SPACE',''
  ) );
#2279 = ORIENTED_EDGE('',*,*,#2230,.F.);
#2280 = ORIENTED_EDGE('',*,*,#1671,.F.);
#2281 = ADVANCED_FACE('',(#2282),#1719,.F.);
#2282 = FACE_BOUND('',#2283,.F.);
#2283 = EDGE_LOOP('',(#2284,#2307,#2334,#2335));
#2284 = ORIENTED_EDGE('',*,*,#2285,.T.);
#2285 = EDGE_CURVE('',#1703,#2286,#2288,.T.);
#2286 = VERTEX_POINT('',#2287);
#2287 = CARTESIAN_POINT('',(49.6,69.833333333333,78.));
#2288 = SEAM_CURVE('',#2289,(#2293,#2300),.PCURVE_S1.);
#2289 = LINE('',#2290,#2291);
#2290 = CARTESIAN_POINT('',(50.,69.833333333333,78.));
#2291 = VECTOR('',#2292,1.);
#2292 = DIRECTION('',(-1.,-0.,-0.));
#2293 = PCURVE('',#1719,#2294);
#2294 = DEFINITIONAL_REPRESENTATION('',(#2295),#2299);
#2295 = LINE('',#2296,#2297);
#2296 = CARTESIAN_POINT('',(0.,0.));
#2297 = VECTOR('',#2298,1.);
#2298 = DIRECTION('',(0.,-1.));
#2299 = ( GEOMETRIC_REPRESENTATION_CONTEXT(2) 
PARAMETRIC_REPRESENTATION_CONTEXT() REPRESENTATION_CONTEXT('2D SPACE',''
  ) );
#2300 = PCURVE('',#1719,#2301);
#2301 = DEFINITIONAL_REPRESENTATION('',(#2302),#2306);
#2302 = LINE('',#2303,#2304);
#2303 = CARTESIAN_POINT('',(6.28318530718,0.));
#2304 = VECTOR('',#2305,1.);
#2305 = DIRECTION('',(0.,-1.));
#2306 = ( GEOMETRIC_REPRESENTATION_CONTEXT(2) 
PARAMETRIC_REPRESENTATION_CONTEXT() REPRESENTATION_CONTEXT('2D SPACE',''
  ) );
#2307 = ORIENTED_EDGE('',*,*,#2308,.T.);
#2308 = EDGE_CURVE('',#2286,#2286,#2309,.T.);
#2309 = SURFACE_CURVE('',#2310,(#2315,#2322),.PCURVE_S1.);
#2310 = CIRCLE('',#2311,8.);
#2311 = AXIS2_PLACEMENT_3D('',#2312,#2313,#2314);
#2312 = CARTESIAN_POINT('',(49.6,69.833333333333,70.));
#2313 = DIRECTION('',(1.,0.,-0.));
#2314 = DIRECTION('',(0.,0.,1.));
#2315 = PCURVE('',#1719,#2316);
#2316 = DEFINITIONAL_REPRESENTATION('',(#2317),#2321);
#2317 = LINE('',#2318,#2319);
#2318 = CARTESIAN_POINT('',(0.,-0.4));
#2319 = VECTOR('',#2320,1.);
#2320 = DIRECTION('',(1.,0.));
#2321 = ( GEOMETRIC_REPRESENTATION_CONTEXT(2) 
PARAMETRIC_REPRESENTATION_CONTEXT() REPRESENTATION_CONTEXT('2D SPACE',''
  ) );
#2322 = PCURVE('',#2323,#2328);
#2323 = CONICAL_SURFACE('',#2324,8.,0.785398163397);
#2324 = AXIS2_PLACEMENT_3D('',#2325,#2326,#2327);
#2325 = CARTESIAN_POINT('',(49.6,69.833333333333,70.));
#2326 = DIRECTION('',(1.,0.,0.));
#2327 = DIRECTION('',(0.,0.,1.));
#2328 = DEFINITIONAL_REPRESENTATION('',(#2329),#2333);
#2329 = LINE('',#2330,#2331);
#2330 = CARTESIAN_POINT('',(0.,-0.));
#2331 = VECTOR('',#2332,1.);
#2332 = DIRECTION('',(1.,-0.));
#2333 = ( GEOMETRIC_REPRESENTATION_CONTEXT(2) 
PARAMETRIC_REPRESENTATION_CONTEXT() REPRESENTATION_CONTEXT('2D SPACE',''
  ) );
#2334 = ORIENTED_EDGE('',*,*,#2285,.F.);
#2335 = ORIENTED_EDGE('',*,*,#1702,.F.);
#2336 = ADVANCED_FACE('',(#2337),#1750,.F.);
#2337 = FACE_BOUND('',#2338,.F.);
#2338 = EDGE_LOOP('',(#2339,#2362,#2389,#2390));
#2339 = ORIENTED_EDGE('',*,*,#2340,.T.);
#2340 = EDGE_CURVE('',#1734,#2341,#2343,.T.);
#2341 = VERTEX_POINT('',#2342);
#2342 = CARTESIAN_POINT('',(42.,63.25,-28.5));
#2343 = SEAM_CURVE('',#2344,(#2348,#2355),.PCURVE_S1.);
#2344 = LINE('',#2345,#2346);
#2345 = CARTESIAN_POINT('',(50.,63.25,-28.5));
#2346 = VECTOR('',#2347,1.);
#2347 = DIRECTION('',(-1.,-0.,-0.));
#2348 = PCURVE('',#1750,#2349);
#2349 = DEFINITIONAL_REPRESENTATION('',(#2350),#2354);
#2350 = LINE('',#2351,#2352);
#2351 = CARTESIAN_POINT('',(0.,0.));
#2352 = VECTOR('',#2353,1.);
#2353 = DIRECTION('',(0.,-1.));
#2354 = ( GEOMETRIC_REPRESENTATION_CONTEXT(2) 
PARAMETRIC_REPRESENTATION_CONTEXT() REPRESENTATION_CONTEXT('2D SPACE',''
  ) );
#2355 = PCURVE('',#1750,#2356);
#2356 = DEFINITIONAL_REPRESENTATION('',(#2357),#2361);
#2357 = LINE('',#2358,#2359);
#2358 = CARTESIAN_POINT('',(6.28318530718,0.));
#2359 = VECTOR('',#2360,1.);
#2360 = DIRECTION('',(0.,-1.));
#2361 = ( GEOMETRIC_REPRESENTATION_CONTEXT(2) 
PARAMETRIC_REPRESENTATION_CONTEXT() REPRESENTATION_CONTEXT('2D SPACE',''
  ) );
#2362 = ORIENTED_EDGE('',*,*,#2363,.T.);
#2363 = EDGE_CURVE('',#2341,#2341,#2364,.T.);
#2364 = SURFACE_CURVE('',#2365,(#2370,#2377),.PCURVE_S1.);
#2365 = CIRCLE('',#2366,33.);
#2366 = AXIS2_PLACEMENT_3D('',#2367,#2368,#2369);
#2367 = CARTESIAN_POINT('',(42.,30.25,-28.5));
#2368 = DIRECTION('',(1.,0.,0.));
#2369 = DIRECTION('',(0.,1.,0.));
#2370 = PCURVE('',#1750,#2371);
#2371 = DEFINITIONAL_REPRESENTATION('',(#2372),#2376);
#2372 = LINE('',#2373,#2374);
#2373 = CARTESIAN_POINT('',(0.,-8.));
#2374 = VECTOR('',#2375,1.);
#2375 = DIRECTION('',(1.,0.));
#2376 = ( GEOMETRIC_REPRESENTATION_CONTEXT(2) 
PARAMETRIC_REPRESENTATION_CONTEXT() REPRESENTATION_CONTEXT('2D SPACE',''
  ) );
#2377 = PCURVE('',#2378,#2383);
#2378 = PLANE('',#2379);
#2379 = AXIS2_PLACEMENT_3D('',#2380,#2381,#2382);
#2380 = CARTESIAN_POINT('',(42.,30.25,-28.5));
#2381 = DIRECTION('',(1.,5.473822126269E-48,-3.090731431536E-32));
#2382 = DIRECTION('',(3.090731431536E-32,0.,1.));
#2383 = DEFINITIONAL_REPRESENTATION('',(#2384),#2388);
#2384 = CIRCLE('',#2385,33.);
#2385 = AXIS2_PLACEMENT_2D('',#2386,#2387);
#2386 = CARTESIAN_POINT('',(0.,0.));
#2387 = DIRECTION('',(0.,-1.));
#2388 = ( GEOMETRIC_REPRESENTATION_CONTEXT(2) 
PARAMETRIC_REPRESENTATION_CONTEXT() REPRESENTATION_CONTEXT('2D SPACE',''
  ) );
#2389 = ORIENTED_EDGE('',*,*,#2340,.F.);
#2390 = ORIENTED_EDGE('',*,*,#1733,.F.);
#2391 = ADVANCED_FACE('',(#2392),#1830,.F.);
#2392 = FACE_BOUND('',#2393,.T.);
#2393 = EDGE_LOOP('',(#2394,#2417,#2444,#2445));
#2394 = ORIENTED_EDGE('',*,*,#2395,.T.);
#2395 = EDGE_CURVE('',#1814,#2396,#2398,.T.);
#2396 = VERTEX_POINT('',#2397);
#2397 = CARTESIAN_POINT('',(26.,-91.6,61.5));
#2398 = SEAM_CURVE('',#2399,(#2403,#2410),.PCURVE_S1.);
#2399 = LINE('',#2400,#2401);
#2400 = CARTESIAN_POINT('',(26.,-92.,61.5));
#2401 = VECTOR('',#2402,1.);
#2402 = DIRECTION('',(0.,1.,0.));
#2403 = PCURVE('',#1830,#2404);
#2404 = DEFINITIONAL_REPRESENTATION('',(#2405),#2409);
#2405 = LINE('',#2406,#2407);
#2406 = CARTESIAN_POINT('',(-0.,0.));
#2407 = VECTOR('',#2408,1.);
#2408 = DIRECTION('',(-0.,-1.));
#2409 = ( GEOMETRIC_REPRESENTATION_CONTEXT(2) 
PARAMETRIC_REPRESENTATION_CONTEXT() REPRESENTATION_CONTEXT('2D SPACE',''
  ) );
#2410 = PCURVE('',#1830,#2411);
#2411 = DEFINITIONAL_REPRESENTATION('',(#2412),#2416);
#2412 = LINE('',#2413,#2414);
#2413 = CARTESIAN_POINT('',(-6.28318530718,0.));
#2414 = VECTOR('',#2415,1.);
#2415 = DIRECTION('',(-0.,-1.));
#2416 = ( GEOMETRIC_REPRESENTATION_CONTEXT(2) 
PARAMETRIC_REPRESENTATION_CONTEXT() REPRESENTATION_CONTEXT('2D SPACE',''
  ) );
#2417 = ORIENTED_EDGE('',*,*,#2418,.T.);
#2418 = EDGE_CURVE('',#2396,#2396,#2419,.T.);
#2419 = SURFACE_CURVE('',#2420,(#2425,#2432),.PCURVE_S1.);
#2420 = CIRCLE('',#2421,8.);
#2421 = AXIS2_PLACEMENT_3D('',#2422,#2423,#2424);
#2422 = CARTESIAN_POINT('',(26.,-91.6,53.5));
#2423 = DIRECTION('',(0.,1.,0.));
#2424 = DIRECTION('',(0.,-0.,1.));
#2425 = PCURVE('',#1830,#2426);
#2426 = DEFINITIONAL_REPRESENTATION('',(#2427),#2431);
#2427 = LINE('',#2428,#2429);
#2428 = CARTESIAN_POINT('',(-0.,-0.4));
#2429 = VECTOR('',#2430,1.);
#2430 = DIRECTION('',(-1.,0.));
#2431 = ( GEOMETRIC_REPRESENTATION_CONTEXT(2) 
PARAMETRIC_REPRESENTATION_CONTEXT() REPRESENTATION_CONTEXT('2D SPACE',''
  ) );
#2432 = PCURVE('',#2433,#2438);
#2433 = CONICAL_SURFACE('',#2434,8.,0.785398163397);
#2434 = AXIS2_PLACEMENT_3D('',#2435,#2436,#2437);
#2435 = CARTESIAN_POINT('',(26.,-91.6,53.5));
#2436 = DIRECTION('',(-0.,-1.,-0.));
#2437 = DIRECTION('',(0.,0.,1.));
#2438 = DEFINITIONAL_REPRESENTATION('',(#2439),#2443);
#2439 = LINE('',#2440,#2441);
#2440 = CARTESIAN_POINT('',(-0.,-0.));
#2441 = VECTOR('',#2442,1.);
#2442 = DIRECTION('',(-1.,-0.));
#2443 = ( GEOMETRIC_REPRESENTATION_CONTEXT(2) 
PARAMETRIC_REPRESENTATION_CONTEXT() REPRESENTATION_CONTEXT('2D SPACE',''
  ) );
#2444 = ORIENTED_EDGE('',*,*,#2395,.F.);
#2445 = ORIENTED_EDGE('',*,*,#1813,.F.);
#2446 = ADVANCED_FACE('',(#2447),#1925,.F.);
#2447 = FACE_BOUND('',#2448,.F.);
#2448 = EDGE_LOOP('',(#2449,#2450,#2451,#2452));
#2449 = ORIENTED_EDGE('',*,*,#1909,.T.);
#2450 = ORIENTED_EDGE('',*,*,#1963,.T.);
#2451 = ORIENTED_EDGE('',*,*,#2013,.T.);
#2452 = ORIENTED_EDGE('',*,*,#2062,.T.);
#2453 = ADVANCED_FACE('',(#2454),#2118,.F.);
#2454 = FACE_BOUND('',#2455,.F.);
#2455 = EDGE_LOOP('',(#2456,#2457,#2480,#2507));
#2456 = ORIENTED_EDGE('',*,*,#2101,.F.);
#2457 = ORIENTED_EDGE('',*,*,#2458,.T.);
#2458 = EDGE_CURVE('',#2102,#2459,#2461,.T.);
#2459 = VERTEX_POINT('',#2460);
#2460 = CARTESIAN_POINT('',(-2.25,-13.14,-13.8));
#2461 = SEAM_CURVE('',#2462,(#2466,#2473),.PCURVE_S1.);
#2462 = LINE('',#2463,#2464);
#2463 = CARTESIAN_POINT('',(-47.75,-13.14,-13.8));
#2464 = VECTOR('',#2465,1.);
#2465 = DIRECTION('',(1.,-0.,-0.));
#2466 = PCURVE('',#2118,#2467);
#2467 = DEFINITIONAL_REPRESENTATION('',(#2468),#2472);
#2468 = LINE('',#2469,#2470);
#2469 = CARTESIAN_POINT('',(6.28318530718,0.));
#2470 = VECTOR('',#2471,1.);
#2471 = DIRECTION('',(0.,-1.));
#2472 = ( GEOMETRIC_REPRESENTATION_CONTEXT(2) 
PARAMETRIC_REPRESENTATION_CONTEXT() REPRESENTATION_CONTEXT('2D SPACE',''
  ) );
#2473 = PCURVE('',#2118,#2474);
#2474 = DEFINITIONAL_REPRESENTATION('',(#2475),#2479);
#2475 = LINE('',#2476,#2477);
#2476 = CARTESIAN_POINT('',(0.,0.));
#2477 = VECTOR('',#2478,1.);
#2478 = DIRECTION('',(0.,-1.));
#2479 = ( GEOMETRIC_REPRESENTATION_CONTEXT(2) 
PARAMETRIC_REPRESENTATION_CONTEXT() REPRESENTATION_CONTEXT('2D SPACE',''
  ) );
#2480 = ORIENTED_EDGE('',*,*,#2481,.T.);
#2481 = EDGE_CURVE('',#2459,#2459,#2482,.T.);
#2482 = SURFACE_CURVE('',#2483,(#2488,#2495),.PCURVE_S1.);
#2483 = CIRCLE('',#2484,5.);
#2484 = AXIS2_PLACEMENT_3D('',#2485,#2486,#2487);
#2485 = CARTESIAN_POINT('',(-2.25,-13.14,-8.8));
#2486 = DIRECTION('',(-1.,0.,0.));
#2487 = DIRECTION('',(0.,0.,-1.));
#2488 = PCURVE('',#2118,#2489);
#2489 = DEFINITIONAL_REPRESENTATION('',(#2490),#2494);
#2490 = LINE('',#2491,#2492);
#2491 = CARTESIAN_POINT('',(0.,-45.5));
#2492 = VECTOR('',#2493,1.);
#2493 = DIRECTION('',(1.,0.));
#2494 = ( GEOMETRIC_REPRESENTATION_CONTEXT(2) 
PARAMETRIC_REPRESENTATION_CONTEXT() REPRESENTATION_CONTEXT('2D SPACE',''
  ) );
#2495 = PCURVE('',#2496,#2501);
#2496 = PLANE('',#2497);
#2497 = AXIS2_PLACEMENT_3D('',#2498,#2499,#2500);
#2498 = CARTESIAN_POINT('',(-2.25,-13.14,-8.8));
#2499 = DIRECTION('',(-1.,-0.,-0.));
#2500 = DIRECTION('',(0.,0.,-1.));
#2501 = DEFINITIONAL_REPRESENTATION('',(#2502),#2506);
#2502 = CIRCLE('',#2503,5.);
#2503 = AXIS2_PLACEMENT_2D('',#2504,#2505);
#2504 = CARTESIAN_POINT('',(0.,1.7763568394E-15));
#2505 = DIRECTION('',(1.,0.));
#2506 = ( GEOMETRIC_REPRESENTATION_CONTEXT(2) 
PARAMETRIC_REPRESENTATION_CONTEXT() REPRESENTATION_CONTEXT('2D SPACE',''
  ) );
#2507 = ORIENTED_EDGE('',*,*,#2458,.F.);
#2508 = ADVANCED_FACE('',(#2509),#2153,.F.);
#2509 = FACE_BOUND('',#2510,.F.);
#2510 = EDGE_LOOP('',(#2511,#2512,#2535,#2562));
#2511 = ORIENTED_EDGE('',*,*,#2136,.F.);
#2512 = ORIENTED_EDGE('',*,*,#2513,.T.);
#2513 = EDGE_CURVE('',#2137,#2514,#2516,.T.);
#2514 = VERTEX_POINT('',#2515);
#2515 = CARTESIAN_POINT('',(-2.25,-13.14,4.2));
#2516 = SEAM_CURVE('',#2517,(#2521,#2528),.PCURVE_S1.);
#2517 = LINE('',#2518,#2519);
#2518 = CARTESIAN_POINT('',(-47.75,-13.14,4.2));
#2519 = VECTOR('',#2520,1.);
#2520 = DIRECTION('',(1.,-0.,-0.));
#2521 = PCURVE('',#2153,#2522);
#2522 = DEFINITIONAL_REPRESENTATION('',(#2523),#2527);
#2523 = LINE('',#2524,#2525);
#2524 = CARTESIAN_POINT('',(6.28318530718,0.));
#2525 = VECTOR('',#2526,1.);
#2526 = DIRECTION('',(0.,-1.));
#2527 = ( GEOMETRIC_REPRESENTATION_CONTEXT(2) 
PARAMETRIC_REPRESENTATION_CONTEXT() REPRESENTATION_CONTEXT('2D SPACE',''
  ) );
#2528 = PCURVE('',#2153,#2529);
#2529 = DEFINITIONAL_REPRESENTATION('',(#2530),#2534);
#2530 = LINE('',#2531,#2532);
#2531 = CARTESIAN_POINT('',(0.,0.));
#2532 = VECTOR('',#2533,1.);
#2533 = DIRECTION('',(0.,-1.));
#2534 = ( GEOMETRIC_REPRESENTATION_CONTEXT(2) 
PARAMETRIC_REPRESENTATION_CONTEXT() REPRESENTATION_CONTEXT('2D SPACE',''
  ) );
#2535 = ORIENTED_EDGE('',*,*,#2536,.T.);
#2536 = EDGE_CURVE('',#2514,#2514,#2537,.T.);
#2537 = SURFACE_CURVE('',#2538,(#2543,#2550),.PCURVE_S1.);
#2538 = CIRCLE('',#2539,5.);
#2539 = AXIS2_PLACEMENT_3D('',#2540,#2541,#2542);
#2540 = CARTESIAN_POINT('',(-2.25,-13.14,9.2));
#2541 = DIRECTION('',(-1.,0.,0.));
#2542 = DIRECTION('',(0.,0.,-1.));
#2543 = PCURVE('',#2153,#2544);
#2544 = DEFINITIONAL_REPRESENTATION('',(#2545),#2549);
#2545 = LINE('',#2546,#2547);
#2546 = CARTESIAN_POINT('',(0.,-45.5));
#2547 = VECTOR('',#2548,1.);
#2548 = DIRECTION('',(1.,0.));
#2549 = ( GEOMETRIC_REPRESENTATION_CONTEXT(2) 
PARAMETRIC_REPRESENTATION_CONTEXT() REPRESENTATION_CONTEXT('2D SPACE',''
  ) );
#2550 = PCURVE('',#2551,#2556);
#2551 = PLANE('',#2552);
#2552 = AXIS2_PLACEMENT_3D('',#2553,#2554,#2555);
#2553 = CARTESIAN_POINT('',(-2.25,-13.14,9.2));
#2554 = DIRECTION('',(-1.,-0.,-0.));
#2555 = DIRECTION('',(0.,0.,-1.));
#2556 = DEFINITIONAL_REPRESENTATION('',(#2557),#2561);
#2557 = CIRCLE('',#2558,5.);
#2558 = AXIS2_PLACEMENT_2D('',#2559,#2560);
#2559 = CARTESIAN_POINT('',(0.,-1.7763568394E-15));
#2560 = DIRECTION('',(1.,0.));
#2561 = ( GEOMETRIC_REPRESENTATION_CONTEXT(2) 
PARAMETRIC_REPRESENTATION_CONTEXT() REPRESENTATION_CONTEXT('2D SPACE',''
  ) );
#2562 = ORIENTED_EDGE('',*,*,#2513,.F.);
#2563 = ADVANCED_FACE('',(#2564,#2567),#2213,.T.);
#2564 = FACE_BOUND('',#2565,.T.);
#2565 = EDGE_LOOP('',(#2566));
#2566 = ORIENTED_EDGE('',*,*,#2198,.T.);
#2567 = FACE_BOUND('',#2568,.T.);
#2568 = EDGE_LOOP('',(#2569));
#2569 = ORIENTED_EDGE('',*,*,#2570,.F.);
#2570 = EDGE_CURVE('',#2571,#2571,#2573,.T.);
#2571 = VERTEX_POINT('',#2572);
#2572 = CARTESIAN_POINT('',(7.2,122.,-6.));
#2573 = SURFACE_CURVE('',#2574,(#2579,#2586),.PCURVE_S1.);
#2574 = CIRCLE('',#2575,6.);
#2575 = AXIS2_PLACEMENT_3D('',#2576,#2577,#2578);
#2576 = CARTESIAN_POINT('',(7.2,122.,0.));
#2577 = DIRECTION('',(0.,1.,0.));
#2578 = DIRECTION('',(0.,0.,-1.));
#2579 = PCURVE('',#2213,#2580);
#2580 = DEFINITIONAL_REPRESENTATION('',(#2581),#2585);
#2581 = CIRCLE('',#2582,6.);
#2582 = AXIS2_PLACEMENT_2D('',#2583,#2584);
#2583 = CARTESIAN_POINT('',(5.469760530158E-16,1.7763568394E-15));
#2584 = DIRECTION('',(-1.,0.));
#2585 = ( GEOMETRIC_REPRESENTATION_CONTEXT(2) 
PARAMETRIC_REPRESENTATION_CONTEXT() REPRESENTATION_CONTEXT('2D SPACE',''
  ) );
#2586 = PCURVE('',#2587,#2592);
#2587 = CYLINDRICAL_SURFACE('',#2588,6.);
#2588 = AXIS2_PLACEMENT_3D('',#2589,#2590,#2591);
#2589 = CARTESIAN_POINT('',(7.2,125.,0.));
#2590 = DIRECTION('',(0.,1.,0.));
#2591 = DIRECTION('',(0.,0.,-1.));
#2592 = DEFINITIONAL_REPRESENTATION('',(#2593),#2597);
#2593 = LINE('',#2594,#2595);
#2594 = CARTESIAN_POINT('',(0.,-3.));
#2595 = VECTOR('',#2596,1.);
#2596 = DIRECTION('',(1.,0.));
#2597 = ( GEOMETRIC_REPRESENTATION_CONTEXT(2) 
PARAMETRIC_REPRESENTATION_CONTEXT() REPRESENTATION_CONTEXT('2D SPACE',''
  ) );
#2598 = ADVANCED_FACE('',(#2599),#2268,.F.);
#2599 = FACE_BOUND('',#2600,.T.);
#2600 = EDGE_LOOP('',(#2601,#2602,#2623,#2650));
#2601 = ORIENTED_EDGE('',*,*,#2253,.T.);
#2602 = ORIENTED_EDGE('',*,*,#2603,.T.);
#2603 = EDGE_CURVE('',#2231,#2604,#2606,.T.);
#2604 = VERTEX_POINT('',#2605);
#2605 = CARTESIAN_POINT('',(46.6,97.416666666667,75.));
#2606 = SEAM_CURVE('',#2607,(#2611,#2617),.PCURVE_S1.);
#2607 = LINE('',#2608,#2609);
#2608 = CARTESIAN_POINT('',(49.6,97.416666666667,78.));
#2609 = VECTOR('',#2610,1.);
#2610 = DIRECTION('',(-0.707106781187,0.,-0.707106781187));
#2611 = PCURVE('',#2268,#2612);
#2612 = DEFINITIONAL_REPRESENTATION('',(#2613),#2616);
#2613 = B_SPLINE_CURVE_WITH_KNOTS('',1,(#2614,#2615),.UNSPECIFIED.,.F.,
  .F.,(2,2),(0.,5.091168824543),.PIECEWISE_BEZIER_KNOTS.);
#2614 = CARTESIAN_POINT('',(0.,0.));
#2615 = CARTESIAN_POINT('',(0.,-3.6));
#2616 = ( GEOMETRIC_REPRESENTATION_CONTEXT(2) 
PARAMETRIC_REPRESENTATION_CONTEXT() REPRESENTATION_CONTEXT('2D SPACE',''
  ) );
#2617 = PCURVE('',#2268,#2618);
#2618 = DEFINITIONAL_REPRESENTATION('',(#2619),#2622);
#2619 = B_SPLINE_CURVE_WITH_KNOTS('',1,(#2620,#2621),.UNSPECIFIED.,.F.,
  .F.,(2,2),(0.,5.091168824543),.PIECEWISE_BEZIER_KNOTS.);
#2620 = CARTESIAN_POINT('',(6.28318530718,0.));
#2621 = CARTESIAN_POINT('',(6.28318530718,-3.6));
#2622 = ( GEOMETRIC_REPRESENTATION_CONTEXT(2) 
PARAMETRIC_REPRESENTATION_CONTEXT() REPRESENTATION_CONTEXT('2D SPACE',''
  ) );
#2623 = ORIENTED_EDGE('',*,*,#2624,.F.);
#2624 = EDGE_CURVE('',#2604,#2604,#2625,.T.);
#2625 = SURFACE_CURVE('',#2626,(#2631,#2638),.PCURVE_S1.);
#2626 = CIRCLE('',#2627,5.);
#2627 = AXIS2_PLACEMENT_3D('',#2628,#2629,#2630);
#2628 = CARTESIAN_POINT('',(46.6,97.416666666667,70.));
#2629 = DIRECTION('',(1.,0.,-0.));
#2630 = DIRECTION('',(0.,0.,1.));
#2631 = PCURVE('',#2268,#2632);
#2632 = DEFINITIONAL_REPRESENTATION('',(#2633),#2637);
#2633 = LINE('',#2634,#2635);
#2634 = CARTESIAN_POINT('',(0.,-3.));
#2635 = VECTOR('',#2636,1.);
#2636 = DIRECTION('',(1.,-0.));
#2637 = ( GEOMETRIC_REPRESENTATION_CONTEXT(2) 
PARAMETRIC_REPRESENTATION_CONTEXT() REPRESENTATION_CONTEXT('2D SPACE',''
  ) );
#2638 = PCURVE('',#2639,#2644);
#2639 = CYLINDRICAL_SURFACE('',#2640,5.);
#2640 = AXIS2_PLACEMENT_3D('',#2641,#2642,#2643);
#2641 = CARTESIAN_POINT('',(48.39218452154,97.416666666667,70.));
#2642 = DIRECTION('',(1.,0.,-0.));
#2643 = DIRECTION('',(0.,0.,1.));
#2644 = DEFINITIONAL_REPRESENTATION('',(#2645),#2649);
#2645 = LINE('',#2646,#2647);
#2646 = CARTESIAN_POINT('',(0.,-1.79218452154));
#2647 = VECTOR('',#2648,1.);
#2648 = DIRECTION('',(1.,0.));
#2649 = ( GEOMETRIC_REPRESENTATION_CONTEXT(2) 
PARAMETRIC_REPRESENTATION_CONTEXT() REPRESENTATION_CONTEXT('2D SPACE',''
  ) );
#2650 = ORIENTED_EDGE('',*,*,#2603,.F.);
#2651 = ADVANCED_FACE('',(#2652),#2323,.F.);
#2652 = FACE_BOUND('',#2653,.T.);
#2653 = EDGE_LOOP('',(#2654,#2655,#2676,#3704));
#2654 = ORIENTED_EDGE('',*,*,#2308,.T.);
#2655 = ORIENTED_EDGE('',*,*,#2656,.T.);
#2656 = EDGE_CURVE('',#2286,#2657,#2659,.T.);
#2657 = VERTEX_POINT('',#2658);
#2658 = CARTESIAN_POINT('',(46.6,69.833333333333,75.));
#2659 = SEAM_CURVE('',#2660,(#2664,#2670),.PCURVE_S1.);
#2660 = LINE('',#2661,#2662);
#2661 = CARTESIAN_POINT('',(49.6,69.833333333333,78.));
#2662 = VECTOR('',#2663,1.);
#2663 = DIRECTION('',(-0.707106781187,0.,-0.707106781187));
#2664 = PCURVE('',#2323,#2665);
#2665 = DEFINITIONAL_REPRESENTATION('',(#2666),#2669);
#2666 = B_SPLINE_CURVE_WITH_KNOTS('',1,(#2667,#2668),.UNSPECIFIED.,.F.,
  .F.,(2,2),(0.,5.091168824543),.PIECEWISE_BEZIER_KNOTS.);
#2667 = CARTESIAN_POINT('',(0.,0.));
#2668 = CARTESIAN_POINT('',(0.,-3.6));
#2669 = ( GEOMETRIC_REPRESENTATION_CONTEXT(2) 
PARAMETRIC_REPRESENTATION_CONTEXT() REPRESENTATION_CONTEXT('2D SPACE',''
  ) );
#2670 = PCURVE('',#2323,#2671);
#2671 = DEFINITIONAL_REPRESENTATION('',(#2672),#2675);
#2672 = B_SPLINE_CURVE_WITH_KNOTS('',1,(#2673,#2674),.UNSPECIFIED.,.F.,
  .F.,(2,2),(0.,5.091168824543),.PIECEWISE_BEZIER_KNOTS.);
#2673 = CARTESIAN_POINT('',(6.28318530718,0.));
#2674 = CARTESIAN_POINT('',(6.28318530718,-3.6));
#2675 = ( GEOMETRIC_REPRESENTATION_CONTEXT(2) 
PARAMETRIC_REPRESENTATION_CONTEXT() REPRESENTATION_CONTEXT('2D SPACE',''
  ) );
#2676 = ORIENTED_EDGE('',*,*,#2677,.F.);
#2677 = EDGE_CURVE('',#2657,#2657,#2678,.T.);
#2678 = SURFACE_CURVE('',#2679,(#3017,#3358),.PCURVE_S1.);
#2679 = B_SPLINE_CURVE_WITH_KNOTS('',6,(#2680,#2681,#2682,#2683,#2684,
    #2685,#2686,#2687,#2688,#2689,#2690,#2691,#2692,#2693,#2694,#2695,
    #2696,#2697,#2698,#2699,#2700,#2701,#2702,#2703,#2704,#2705,#2706,
    #2707,#2708,#2709,#2710,#2711,#2712,#2713,#2714,#2715,#2716,#2717,
    #2718,#2719,#2720,#2721,#2722,#2723,#2724,#2725,#2726,#2727,#2728,
    #2729,#2730,#2731,#2732,#2733,#2734,#2735,#2736,#2737,#2738,#2739,
    #2740,#2741,#2742,#2743,#2744,#2745,#2746,#2747,#2748,#2749,#2750,
    #2751,#2752,#2753,#2754,#2755,#2756,#2757,#2758,#2759,#2760,#2761,
    #2762,#2763,#2764,#2765,#2766,#2767,#2768,#2769,#2770,#2771,#2772,
    #2773,#2774,#2775,#2776,#2777,#2778,#2779,#2780,#2781,#2782,#2783,
    #2784,#2785,#2786,#2787,#2788,#2789,#2790,#2791,#2792,#2793,#2794,
    #2795,#2796,#2797,#2798,#2799,#2800,#2801,#2802,#2803,#2804,#2805,
    #2806,#2807,#2808,#2809,#2810,#2811,#2812,#2813,#2814,#2815,#2816,
    #2817,#2818,#2819,#2820,#2821,#2822,#2823,#2824,#2825,#2826,#2827,
    #2828,#2829,#2830,#2831,#2832,#2833,#2834,#2835,#2836,#2837,#2838,
    #2839,#2840,#2841,#2842,#2843,#2844,#2845,#2846,#2847,#2848,#2849,
    #2850,#2851,#2852,#2853,#2854,#2855,#2856,#2857,#2858,#2859,#2860,
    #2861,#2862,#2863,#2864,#2865,#2866,#2867,#2868,#2869,#2870,#2871,
    #2872,#2873,#2874,#2875,#2876,#2877,#2878,#2879,#2880,#2881,#2882,
    #2883,#2884,#2885,#2886,#2887,#2888,#2889,#2890,#2891,#2892,#2893,
    #2894,#2895,#2896,#2897,#2898,#2899,#2900,#2901,#2902,#2903,#2904,
    #2905,#2906,#2907,#2908,#2909,#2910,#2911,#2912,#2913,#2914,#2915,
    #2916,#2917,#2918,#2919,#2920,#2921,#2922,#2923,#2924,#2925,#2926,
    #2927,#2928,#2929,#2930,#2931,#2932,#2933,#2934,#2935,#2936,#2937,
    #2938,#2939,#2940,#2941,#2942,#2943,#2944,#2945,#2946,#2947,#2948,
    #2949,#2950,#2951,#2952,#2953,#2954,#2955,#2956,#2957,#2958,#2959,
    #2960,#2961,#2962,#2963,#2964,#2965,#2966,#2967,#2968,#2969,#2970,
    #2971,#2972,#2973,#2974,#2975,#2976,#2977,#2978,#2979,#2980,#2981,
    #2982,#2983,#2984,#2985,#2986,#2987,#2988,#2989,#2990,#2991,#2992,
    #2993,#2994,#2995,#2996,#2997,#2998,#2999,#3000,#3001,#3002,#3003,
    #3004,#3005,#3006,#3007,#3008,#3009,#3010,#3011,#3012,#3013,#3014,
    #3015,#3016),.UNSPECIFIED.,.T.,.F.,(7,5,5,5,5,5,5,5,5,5,5,5,5,5,5,5,
    5,5,5,5,5,5,5,5,5,5,5,5,5,5,5,5,5,5,5,5,5,5,5,5,5,5,5,5,5,5,5,5,5,5,
    5,5,5,5,5,5,5,5,5,5,5,5,5,5,5,5,5,7),(0.,1.959795365061E-02,
    3.266344158578E-02,4.723648558797E-02,6.080449222528E-02,
    7.487501755209E-02,8.442287431946E-02,9.447324984499E-02,
    0.106533700343,0.120101706981,0.134674750983,0.14824275762,
    0.162815801622,0.175881289557,0.188946777492,0.201509746714,
    0.216082790716,0.230655834718,0.243721322654,0.257289329291,
    0.271862373293,0.286435417295,0.29950090523,0.310556318256,
    0.325129362258,0.335682256537,0.350255300539,0.362315751037,
    0.375381238972,0.389954282974,0.404527326976,0.418597852303,
    0.43266837763,0.442718753155,0.457291797157,0.47186484116,
    0.485935366486,0.500508410488,0.515081454491,0.529654498493,
    0.544227542495,0.558298067822,0.572871111824,0.587444155826,
    0.602017199828,0.61659024383,0.630158250467,0.644731294469,
    0.655284188748,0.66985723275,0.681415164516,0.695988208518,
    0.705033546523,0.719606590525,0.729154447292,0.743727491294,
    0.757295497932,0.770360985867,0.784934029869,0.799507073871,
    0.813577599198,0.8281506432,0.841718649837,0.854784137772,
    0.869357181774,0.8804125948,0.894985638802,1.),.UNSPECIFIED.);
#2680 = CARTESIAN_POINT('',(46.6,69.833333333333,75.));
#2681 = CARTESIAN_POINT('',(46.6,69.730712240806,75.));
#2682 = CARTESIAN_POINT('',(46.6,69.628098443042,74.997472721008));
#2683 = CARTESIAN_POINT('',(46.6,69.525564050575,74.992418300535));
#2684 = CARTESIAN_POINT('',(46.6,69.423183885386,74.984840010308));
#2685 = CARTESIAN_POINT('',(46.6,69.321035480902,74.974744256264));
#2686 = CARTESIAN_POINT('',(46.6,69.151307185471,74.953738007449));
#2687 = CARTESIAN_POINT('',(46.6,69.083553237998,74.944220760759));
#2688 = CARTESIAN_POINT('',(46.6,69.01596013257,74.933591672123));
#2689 = CARTESIAN_POINT('',(46.6,68.948550659075,74.921854197537));
#2690 = CARTESIAN_POINT('',(46.6,68.88134750429,74.909012415355));
#2691 = CARTESIAN_POINT('',(46.6,68.739671202316,74.879521015655));
#2692 = CARTESIAN_POINT('',(46.6,68.665253904253,74.862602998314));
#2693 = CARTESIAN_POINT('',(46.6,68.591152700828,74.844323499273));
#2694 = CARTESIAN_POINT('',(46.6,68.51739869265,74.824689989347));
#2695 = CARTESIAN_POINT('',(46.6,68.444022737806,74.803710885159));
#2696 = CARTESIAN_POINT('',(46.6,68.303120391765,74.760619201581));
#2697 = CARTESIAN_POINT('',(46.6,68.23553955657,74.738684568634));
#2698 = CARTESIAN_POINT('',(46.6,68.168337651163,74.715599206117));
#2699 = CARTESIAN_POINT('',(46.6,68.101539136175,74.691371361634));
#2700 = CARTESIAN_POINT('',(46.6,68.035168227978,74.666009974581));
#2701 = CARTESIAN_POINT('',(46.6,67.900888113116,74.612058440864));
#2702 = CARTESIAN_POINT('',(46.6,67.833012956886,74.58338349201));
#2703 = CARTESIAN_POINT('',(46.6,67.765650166781,74.553510572495));
#2704 = CARTESIAN_POINT('',(46.6,67.698826128761,74.522451197845));
#2705 = CARTESIAN_POINT('',(46.6,67.632566877954,74.49021765619));
#2706 = CARTESIAN_POINT('',(46.6,67.522337139901,74.43416235362));
#2707 = CARTESIAN_POINT('',(46.6,67.478048063238,74.41096705397));
#2708 = CARTESIAN_POINT('',(46.6,67.434038890111,74.387241188529));
#2709 = CARTESIAN_POINT('',(46.6,67.390317555649,74.362988994339));
#2710 = CARTESIAN_POINT('',(46.6,67.346891908661,74.338214866277));
#2711 = CARTESIAN_POINT('',(46.6,67.258377925393,74.286300715816));
#2712 = CARTESIAN_POINT('',(46.6,67.213322368529,74.259104797132));
#2713 = CARTESIAN_POINT('',(46.6,67.168612095162,74.231340911384));
#2714 = CARTESIAN_POINT('',(46.6,67.124256041705,74.203014555844));
#2715 = CARTESIAN_POINT('',(46.6,67.080263026877,74.174131414677));
#2716 = CARTESIAN_POINT('',(46.6,66.984296222057,74.109376492444));
#2717 = CARTESIAN_POINT('',(46.6,66.932485990885,74.073262304459));
#2718 = CARTESIAN_POINT('',(46.6,66.881226096216,74.036364942335));
#2719 = CARTESIAN_POINT('',(46.6,66.830531305713,73.998694923101));
#2720 = CARTESIAN_POINT('',(46.6,66.780416116666,73.960263133463));
#2721 = CARTESIAN_POINT('',(46.6,66.675183225944,73.877000738742));
#2722 = CARTESIAN_POINT('',(46.6,66.620223247744,73.831970768673));
#2723 = CARTESIAN_POINT('',(46.6,66.566035080993,73.786006949891));
#2724 = CARTESIAN_POINT('',(46.6,66.51263850597,73.739125868113));
#2725 = CARTESIAN_POINT('',(46.6,66.460052823636,73.691344664469));
#2726 = CARTESIAN_POINT('',(46.6,66.352707112848,73.590412693871));
#2727 = CARTESIAN_POINT('',(46.6,66.298074540465,73.537126339177));
#2728 = CARTESIAN_POINT('',(46.6,66.24442246225,73.482843902445));
#2729 = CARTESIAN_POINT('',(46.6,66.191773501268,73.42758799469));
#2730 = CARTESIAN_POINT('',(46.6,66.140149579884,73.371381906918));
#2731 = CARTESIAN_POINT('',(46.6,66.042482373597,73.26105747114));
#2732 = CARTESIAN_POINT('',(46.6,65.996299739461,73.207062455514));
#2733 = CARTESIAN_POINT('',(46.6,65.951041141463,73.152283907157));
#2734 = CARTESIAN_POINT('',(46.6,65.906723134177,73.096741632419));
#2735 = CARTESIAN_POINT('',(46.6,65.863361702634,73.0404559001));
#2736 = CARTESIAN_POINT('',(46.6,65.775442863987,72.922216134688));
#2737 = CARTESIAN_POINT('',(46.6,65.731034774806,72.860151046458));
#2738 = CARTESIAN_POINT('',(46.6,65.687767097388,72.797277868352));
#2739 = CARTESIAN_POINT('',(46.6,65.64565812496,72.733622838108));
#2740 = CARTESIAN_POINT('',(46.6,65.604725341363,72.669212739608));
#2741 = CARTESIAN_POINT('',(46.6,65.529356526423,72.54567546211));
#2742 = CARTESIAN_POINT('',(46.6,65.494686451792,72.486691046306));
#2743 = CARTESIAN_POINT('',(46.6,65.460987210907,72.427141347815));
#2744 = CARTESIAN_POINT('',(46.6,65.42827026595,72.367046365169));
#2745 = CARTESIAN_POINT('',(46.6,65.396546527545,72.306426403074));
#2746 = CARTESIAN_POINT('',(46.6,65.335106181973,72.184177741755));
#2747 = CARTESIAN_POINT('',(46.6,65.305389568001,72.122549028992));
#2748 = CARTESIAN_POINT('',(46.6,65.27668687136,72.060436545287));
#2749 = CARTESIAN_POINT('',(46.6,65.249007875756,71.997861161717));
#2750 = CARTESIAN_POINT('',(46.6,65.222361790092,71.934844009278));
#2751 = CARTESIAN_POINT('',(46.6,65.172137496791,71.810408853246));
#2752 = CARTESIAN_POINT('',(46.6,65.148480706164,71.749022552293));
#2753 = CARTESIAN_POINT('',(46.6,65.125794551358,71.687266591622));
#2754 = CARTESIAN_POINT('',(46.6,65.104086199533,71.625160168773));
#2755 = CARTESIAN_POINT('',(46.6,65.083362310226,71.562722663221));
#2756 = CARTESIAN_POINT('',(46.6,65.04073843697,71.427184766732));
#2757 = CARTESIAN_POINT('',(46.6,65.019180803013,71.353976693544));
#2758 = CARTESIAN_POINT('',(46.6,64.998965737284,71.28037995753));
#2759 = CARTESIAN_POINT('',(46.6,64.980101899719,71.20642534938));
#2760 = CARTESIAN_POINT('',(46.6,64.962597006388,71.132143909765));
#2761 = CARTESIAN_POINT('',(46.6,64.930318652611,70.982989948913));
#2762 = CARTESIAN_POINT('',(46.6,64.915545186632,70.908117402111));
#2763 = CARTESIAN_POINT('',(46.6,64.902144202607,70.832980579836));
#2764 = CARTESIAN_POINT('',(46.6,64.890121508814,70.757610935627));
#2765 = CARTESIAN_POINT('',(46.6,64.879481950762,70.68204008565));
#2766 = CARTESIAN_POINT('',(46.6,64.861934030757,70.538394731738));
#2767 = CARTESIAN_POINT('',(46.6,64.854753540459,70.470353450579));
#2768 = CARTESIAN_POINT('',(46.6,64.848690737181,70.402198862743));
#2769 = CARTESIAN_POINT('',(46.6,64.843747789007,70.333953916484));
#2770 = CARTESIAN_POINT('',(46.6,64.839926235226,70.265641610789));
#2771 = CARTESIAN_POINT('',(46.6,64.834423920176,70.126299279719));
#2772 = CARTESIAN_POINT('',(46.6,64.832831149601,70.055265763052));
#2773 = CARTESIAN_POINT('',(46.6,64.832449693567,69.984210259788));
#2774 = CARTESIAN_POINT('',(46.6,64.8332798374,69.913158582016));
#2775 = CARTESIAN_POINT('',(46.6,64.835321132783,69.842136539513));
#2776 = CARTESIAN_POINT('',(46.6,64.842064497143,69.694946555647));
#2777 = CARTESIAN_POINT('',(46.6,64.846952461067,69.618787108626));
#2778 = CARTESIAN_POINT('',(46.6,64.853234823736,69.54272358022));
#2779 = CARTESIAN_POINT('',(46.6,64.860909147035,69.466787862694));
#2780 = CARTESIAN_POINT('',(46.6,64.869972020533,69.391011759035));
#2781 = CARTESIAN_POINT('',(46.6,64.890866102427,69.239842206869));
#2782 = CARTESIAN_POINT('',(46.6,64.902697314405,69.164448732451));
#2783 = CARTESIAN_POINT('',(46.6,64.915908313489,69.089278273243));
#2784 = CARTESIAN_POINT('',(46.6,64.930493755671,69.014362364981));
#2785 = CARTESIAN_POINT('',(46.6,64.946447336866,68.939732365592));
#2786 = CARTESIAN_POINT('',(46.6,64.979285098569,68.798794086181));
#2787 = CARTESIAN_POINT('',(46.6,64.995902286281,68.732423577254));
#2788 = CARTESIAN_POINT('',(46.6,65.01360812131,68.666330394304));
#2789 = CARTESIAN_POINT('',(46.6,65.032396760929,68.600536834985));
#2790 = CARTESIAN_POINT('',(46.6,65.052261754418,68.535065028713));
#2791 = CARTESIAN_POINT('',(46.6,65.090909672168,68.414828550306));
#2792 = CARTESIAN_POINT('',(46.6,65.109388893931,68.359966246892));
#2793 = CARTESIAN_POINT('',(46.6,65.128629432592,68.305363328248));
#2794 = CARTESIAN_POINT('',(46.6,65.148626708156,68.251032986611));
#2795 = CARTESIAN_POINT('',(46.6,65.169375836393,68.196988304631));
#2796 = CARTESIAN_POINT('',(46.6,65.219206990735,68.072395192583));
#2797 = CARTESIAN_POINT('',(46.6,65.248839765917,68.002067017598));
#2798 = CARTESIAN_POINT('',(46.6,65.279758064963,67.932287455988));
#2799 = CARTESIAN_POINT('',(46.6,65.311949109415,67.863085829624));
#2800 = CARTESIAN_POINT('',(46.6,65.345399231772,67.794491056675));
#2801 = CARTESIAN_POINT('',(46.6,65.40521758384,67.677319667014));
#2802 = CARTESIAN_POINT('',(46.6,65.430993893241,67.628440845467));
#2803 = CARTESIAN_POINT('',(46.6,65.457417278374,67.579906009701));
#2804 = CARTESIAN_POINT('',(46.6,65.48448197899,67.531725852528));
#2805 = CARTESIAN_POINT('',(46.6,65.51218199991,67.48391093683));
#2806 = CARTESIAN_POINT('',(46.6,65.579632263187,67.370960364529));
#2807 = CARTESIAN_POINT('',(46.6,65.619953118263,67.306165440286));
#2808 = CARTESIAN_POINT('',(46.6,65.661457261411,67.24211440957));
#2809 = CARTESIAN_POINT('',(46.6,65.70412746327,67.178834220666));
#2810 = CARTESIAN_POINT('',(46.6,65.747945679958,67.116351283411));
#2811 = CARTESIAN_POINT('',(46.6,65.830090879997,67.003662656194));
#2812 = CARTESIAN_POINT('',(46.6,65.868062073161,66.953197587902));
#2813 = CARTESIAN_POINT('',(46.6,65.906795945996,66.903310924069));
#2814 = CARTESIAN_POINT('',(46.6,65.946281452311,66.854017040836));
#2815 = CARTESIAN_POINT('',(46.6,65.986507186298,66.805330030728));
#2816 = CARTESIAN_POINT('',(46.6,66.071828428097,66.705191847664));
#2817 = CARTESIAN_POINT('',(46.6,66.117050413847,66.653848421721));
#2818 = CARTESIAN_POINT('',(46.6,66.163112379053,66.603250983171));
#2819 = CARTESIAN_POINT('',(46.6,66.209998900001,66.553416661865));
#2820 = CARTESIAN_POINT('',(46.6,66.257694089987,66.504362159168));
#2821 = CARTESIAN_POINT('',(46.6,66.36026382041,66.402277059383));
#2822 = CARTESIAN_POINT('',(46.6,66.4153317684,66.349440758737));
#2823 = CARTESIAN_POINT('',(46.6,66.471362751223,66.297617430031));
#2824 = CARTESIAN_POINT('',(46.6,66.528333420416,66.246828934425));
#2825 = CARTESIAN_POINT('',(46.6,66.586219771123,66.197096410222));
#2826 = CARTESIAN_POINT('',(46.6,66.703774513066,66.099784135522));
#2827 = CARTESIAN_POINT('',(46.6,66.763442924451,66.052204368346));
#2828 = CARTESIAN_POINT('',(46.6,66.823977714243,66.005721385878));
#2829 = CARTESIAN_POINT('',(46.6,66.885353632888,65.960354822808));
#2830 = CARTESIAN_POINT('',(46.6,66.947544843282,65.916123533978));
#2831 = CARTESIAN_POINT('',(46.6,67.071333271816,65.831453100748));
#2832 = CARTESIAN_POINT('',(46.6,67.132877042448,65.790935773325));
#2833 = CARTESIAN_POINT('',(46.6,67.195132449306,65.751509879195));
#2834 = CARTESIAN_POINT('',(46.6,67.258075261395,65.713190964578));
#2835 = CARTESIAN_POINT('',(46.6,67.321680800089,65.675993854846));
#2836 = CARTESIAN_POINT('',(46.6,67.450167078179,65.603871454179));
#2837 = CARTESIAN_POINT('',(46.6,67.515047836713,65.568946152503));
#2838 = CARTESIAN_POINT('',(46.6,67.580541088009,65.53517085316));
#2839 = CARTESIAN_POINT('',(46.6,67.646621323103,65.502558902268));
#2840 = CARTESIAN_POINT('',(46.6,67.713262650793,65.471122888384));
#2841 = CARTESIAN_POINT('',(46.6,67.828421761068,65.419268751969));
#2842 = CARTESIAN_POINT('',(46.6,67.876677598356,65.398268862327));
#2843 = CARTESIAN_POINT('',(46.6,67.925196738481,65.377879283176));
#2844 = CARTESIAN_POINT('',(46.6,67.973969526141,65.358104119958));
#2845 = CARTESIAN_POINT('',(46.6,68.022986221756,65.338947273964));
#2846 = CARTESIAN_POINT('',(46.6,68.14365062954,65.293536937408));
#2847 = CARTESIAN_POINT('',(46.6,68.21555643573,65.267969211699));
#2848 = CARTESIAN_POINT('',(46.6,68.287924456313,65.243720540989));
#2849 = CARTESIAN_POINT('',(46.6,68.360724425845,65.220801272448));
#2850 = CARTESIAN_POINT('',(46.6,68.433925777153,65.199220824622));
#2851 = CARTESIAN_POINT('',(46.6,68.581069505527,65.158754550262));
#2852 = CARTESIAN_POINT('',(46.6,68.655011907813,65.139868716792));
#2853 = CARTESIAN_POINT('',(46.6,68.729293978986,65.122338675817));
#2854 = CARTESIAN_POINT('',(46.6,68.803884634279,65.106171963803));
#2855 = CARTESIAN_POINT('',(46.6,68.878752573371,65.091375164901));
#2856 = CARTESIAN_POINT('',(46.6,69.026389860013,65.064995458771));
#2857 = CARTESIAN_POINT('',(46.6,69.099142573084,65.053319317884));
#2858 = CARTESIAN_POINT('',(46.6,69.172096054418,65.042930556061));
#2859 = CARTESIAN_POINT('',(46.6,69.245221826637,65.033833400001));
#2860 = CARTESIAN_POINT('',(46.6,69.318491300168,65.026031235324));
#2861 = CARTESIAN_POINT('',(46.6,69.467881119908,65.012789669691));
#2862 = CARTESIAN_POINT('',(46.6,69.544009851809,65.007444602722));
#2863 = CARTESIAN_POINT('',(46.6,69.620230078805,65.003494231737));
#2864 = CARTESIAN_POINT('',(46.6,69.69650986915,65.000940407286));
#2865 = CARTESIAN_POINT('',(46.6,69.772817249488,64.999784004402));
#2866 = CARTESIAN_POINT('',(46.6,69.925423160232,65.000265840785));
#2867 = CARTESIAN_POINT('',(46.6,70.001721716795,65.001904080135));
#2868 = CARTESIAN_POINT('',(46.6,70.077983859592,65.004939538966));
#2869 = CARTESIAN_POINT('',(46.6,70.154177621432,65.009371140362));
#2870 = CARTESIAN_POINT('',(46.6,70.230271082891,65.015196832169));
#2871 = CARTESIAN_POINT('',(46.6,70.382193661725,65.02963034182));
#2872 = CARTESIAN_POINT('',(46.6,70.45802280514,65.038238162138));
#2873 = CARTESIAN_POINT('',(46.6,70.533687931007,65.048234019373));
#2874 = CARTESIAN_POINT('',(46.6,70.609157304515,65.059613918165));
#2875 = CARTESIAN_POINT('',(46.6,70.684399327594,65.072372896368));
#2876 = CARTESIAN_POINT('',(46.6,70.834365750222,65.100637153733));
#2877 = CARTESIAN_POINT('',(46.6,70.909090175477,65.116142437741));
#2878 = CARTESIAN_POINT('',(46.6,70.983524353557,65.133014946974));
#2879 = CARTESIAN_POINT('',(46.6,71.057637047913,65.151247801102));
#2880 = CARTESIAN_POINT('',(46.6,71.131397246557,65.17083316956));
#2881 = CARTESIAN_POINT('',(46.6,71.275620839533,65.21196968049));
#2882 = CARTESIAN_POINT('',(46.6,71.346110233721,65.233429755798));
#2883 = CARTESIAN_POINT('',(46.6,71.416214635525,65.256134593579));
#2884 = CARTESIAN_POINT('',(46.6,71.485906604412,65.280075485034));
#2885 = CARTESIAN_POINT('',(46.6,71.555158968419,65.30524291646));
#2886 = CARTESIAN_POINT('',(46.6,71.695187317174,65.358952495191));
#2887 = CARTESIAN_POINT('',(46.6,71.76592940806,65.387583075674));
#2888 = CARTESIAN_POINT('',(46.6,71.83614120532,65.417506844818));
#2889 = CARTESIAN_POINT('',(46.6,71.905793208492,65.448711442052));
#2890 = CARTESIAN_POINT('',(46.6,71.97485630814,65.481183612116));
#2891 = CARTESIAN_POINT('',(46.6,72.111747263582,65.54863479801));
#2892 = CARTESIAN_POINT('',(46.6,72.179575142839,65.583613825402));
#2893 = CARTESIAN_POINT('',(46.6,72.246756705752,65.619832136225));
#2894 = CARTESIAN_POINT('',(46.6,72.313263705639,65.657274724281));
#2895 = CARTESIAN_POINT('',(46.6,72.379068367017,65.695925728183));
#2896 = CARTESIAN_POINT('',(46.6,72.509218404184,65.775611134538));
#2897 = CARTESIAN_POINT('',(46.6,72.57356380228,65.816645550649));
#2898 = CARTESIAN_POINT('',(46.6,72.637152276225,65.858854962107));
#2899 = CARTESIAN_POINT('',(46.6,72.699957069771,65.90222184281));
#2900 = CARTESIAN_POINT('',(46.6,72.761951974093,65.946727858133));
#2901 = CARTESIAN_POINT('',(46.6,72.884270681469,66.037979871733));
#2902 = CARTESIAN_POINT('',(46.6,72.94459450549,66.084725885652));
#2903 = CARTESIAN_POINT('',(46.6,73.004057139146,66.132572762593));
#2904 = CARTESIAN_POINT('',(46.6,73.062633540792,66.181500603384));
#2905 = CARTESIAN_POINT('',(46.6,73.12029928784,66.231488753771));
#2906 = CARTESIAN_POINT('',(46.6,73.229849363575,66.330023748671));
#2907 = CARTESIAN_POINT('',(46.6,73.281858153789,66.378432251527));
#2908 = CARTESIAN_POINT('',(46.6,73.333037739775,66.427724036149));
#2909 = CARTESIAN_POINT('',(46.6,73.38336942733,66.477881301631));
#2910 = CARTESIAN_POINT('',(46.6,73.432835035665,66.528885723011));
#2911 = CARTESIAN_POINT('',(46.6,73.533597414983,66.636390640236));
#2912 = CARTESIAN_POINT('',(46.6,73.584758427583,66.69301841038));
#2913 = CARTESIAN_POINT('',(46.6,73.634878041898,66.750578402521));
#2914 = CARTESIAN_POINT('',(46.6,73.683935106836,66.809046623068));
#2915 = CARTESIAN_POINT('',(46.6,73.731909213521,66.868398444013));
#2916 = CARTESIAN_POINT('',(46.6,73.812722114241,66.972209064262));
#2917 = CARTESIAN_POINT('',(46.6,73.846085349298,67.016259624629));
#2918 = CARTESIAN_POINT('',(46.6,73.878862936084,67.060750695297));
#2919 = CARTESIAN_POINT('',(46.6,73.911047627408,67.105672529733));
#2920 = CARTESIAN_POINT('',(46.6,73.942632393272,67.151015223604));
#2921 = CARTESIAN_POINT('',(46.6,74.016389600433,67.259952105288));
#2922 = CARTESIAN_POINT('',(46.6,74.058011722241,67.323918913383));
#2923 = CARTESIAN_POINT('',(46.6,74.098458837629,67.388642628443));
#2924 = CARTESIAN_POINT('',(46.6,74.137713830658,67.454096229999));
#2925 = CARTESIAN_POINT('',(46.6,74.175760418113,67.52025218774));
#2926 = CARTESIAN_POINT('',(46.6,74.24178738555,67.640085783542));
#2927 = CARTESIAN_POINT('',(46.6,74.270221806135,67.69351326994));
#2928 = CARTESIAN_POINT('',(46.6,74.297878706408,67.747350936715));
#2929 = CARTESIAN_POINT('',(46.6,74.324750726401,67.801584625857));
#2930 = CARTESIAN_POINT('',(46.6,74.350830851034,67.856200005338));
#2931 = CARTESIAN_POINT('',(46.6,74.407989157645,67.980508408502));
#2932 = CARTESIAN_POINT('',(46.6,74.438596360086,68.050418012424));
#2933 = CARTESIAN_POINT('',(46.6,74.467920643227,68.120882293109));
#2934 = CARTESIAN_POINT('',(46.6,74.495949537721,68.191871795909));
#2935 = CARTESIAN_POINT('',(46.6,74.522671479079,68.263356699293));
#2936 = CARTESIAN_POINT('',(46.6,74.563844012231,68.379965508987));
#2937 = CARTESIAN_POINT('',(46.6,74.579104601167,68.424803434607));
#2938 = CARTESIAN_POINT('',(46.6,74.593855027084,68.469813376877));
#2939 = CARTESIAN_POINT('',(46.6,74.608092880541,68.51498807662));
#2940 = CARTESIAN_POINT('',(46.6,74.621815890052,68.560320230315));
#2941 = CARTESIAN_POINT('',(46.6,74.656298306216,68.679079461366));
#2942 = CARTESIAN_POINT('',(46.6,74.676232787129,68.752746075462));
#2943 = CARTESIAN_POINT('',(46.6,74.694816438319,68.826771586894));
#2944 = CARTESIAN_POINT('',(46.6,74.712041282434,68.901125021109));
#2945 = CARTESIAN_POINT('',(46.6,74.727900291283,68.975775174492));
#2946 = CARTESIAN_POINT('',(46.6,74.751878930886,69.09977314575));
#2947 = CARTESIAN_POINT('',(46.6,74.760781581933,69.148969558647));
#2948 = CARTESIAN_POINT('',(46.6,74.769093630436,69.19827101765));
#2949 = CARTESIAN_POINT('',(46.6,74.776813545426,69.247668658512));
#2950 = CARTESIAN_POINT('',(46.6,74.783939973499,69.297153588142));
#2951 = CARTESIAN_POINT('',(46.6,74.800441274992,69.422366123786));
#2952 = CARTESIAN_POINT('',(46.6,74.809025463134,69.498197946102));
#2953 = CARTESIAN_POINT('',(46.6,74.816220120845,69.5741806108));
#2954 = CARTESIAN_POINT('',(46.6,74.82202203859,69.650282293993));
#2955 = CARTESIAN_POINT('',(46.6,74.826428979693,69.726471088654));
#2956 = CARTESIAN_POINT('',(46.6,74.83224274649,69.873700720281));
#2957 = CARTESIAN_POINT('',(46.6,74.833835517065,69.944734236948));
#2958 = CARTESIAN_POINT('',(46.6,74.834216973099,70.015789740213));
#2959 = CARTESIAN_POINT('',(46.6,74.833386829267,70.086841417984));
#2960 = CARTESIAN_POINT('',(46.6,74.831345533884,70.157863460487));
#2961 = CARTESIAN_POINT('',(46.6,74.824963421134,70.297168267783));
#2962 = CARTESIAN_POINT('',(46.6,74.820710570659,70.365455079435));
#2963 = CARTESIAN_POINT('',(46.6,74.815336773507,70.433667451705));
#2964 = CARTESIAN_POINT('',(46.6,74.808843714165,70.501782395785));
#2965 = CARTESIAN_POINT('',(46.6,74.801233705588,70.56977697757));
#2966 = CARTESIAN_POINT('',(46.6,74.782779055677,70.713308657327));
#2967 = CARTESIAN_POINT('',(46.6,74.771662501215,70.78881081477));
#2968 = CARTESIAN_POINT('',(46.6,74.759164109147,70.864103036347));
#2969 = CARTESIAN_POINT('',(46.6,74.745288924532,70.939153737118));
#2970 = CARTESIAN_POINT('',(46.6,74.730042954152,71.013931500851));
#2971 = CARTESIAN_POINT('',(46.6,74.69682337887,71.162878659194));
#2972 = CARTESIAN_POINT('',(46.6,74.678849768273,71.237048079334));
#2973 = CARTESIAN_POINT('',(46.6,74.659519304384,71.310882093177));
#2974 = CARTESIAN_POINT('',(46.6,74.638839899134,71.384349709395));
#2975 = CARTESIAN_POINT('',(46.6,74.616820406719,71.457420192598));
#2976 = CARTESIAN_POINT('',(46.6,74.57092600529,71.600201007906));
#2977 = CARTESIAN_POINT('',(46.6,74.547141251599,71.66994034413));
#2978 = CARTESIAN_POINT('',(46.6,74.522125180539,71.739253640111));
#2979 = CARTESIAN_POINT('',(46.6,74.49588740568,71.808113759058));
#2980 = CARTESIAN_POINT('',(46.6,74.468438336151,71.876493859286));
#2981 = CARTESIAN_POINT('',(46.6,74.410116833036,72.014664983537));
#2982 = CARTESIAN_POINT('',(46.6,74.379157138324,72.08441920108));
#2983 = CARTESIAN_POINT('',(46.6,74.346922542882,72.153600551826));
#2984 = CARTESIAN_POINT('',(46.6,74.313426378323,72.222179961229));
#2985 = CARTESIAN_POINT('',(46.6,74.278682857495,72.290128775216));
#2986 = CARTESIAN_POINT('',(46.6,74.209212379578,72.420068057235));
#2987 = CARTESIAN_POINT('',(46.6,74.174649519124,72.482146282769));
#2988 = CARTESIAN_POINT('',(46.6,74.139030674016,72.543630654166));
#2989 = CARTESIAN_POINT('',(46.6,74.102368656801,72.604498761961));
#2990 = CARTESIAN_POINT('',(46.6,74.064676911683,72.664728569848));
#2991 = CARTESIAN_POINT('',(46.6,73.988695724482,72.781661969227));
#2992 = CARTESIAN_POINT('',(46.6,73.950480113933,72.838413555048));
#2993 = CARTESIAN_POINT('',(46.6,73.911335251793,72.894533829411));
#2994 = CARTESIAN_POINT('',(46.6,73.871274221407,72.950003814727));
#2995 = CARTESIAN_POINT('',(46.6,73.830310620548,73.004804898543));
#2996 = CARTESIAN_POINT('',(46.6,73.741777419284,73.119276683149));
#2997 = CARTESIAN_POINT('',(46.6,73.693990947641,73.178779680466));
#2998 = CARTESIAN_POINT('',(46.6,73.645118733286,73.237402501094));
#2999 = CARTESIAN_POINT('',(46.6,73.595181107234,73.295120452708));
#3000 = CARTESIAN_POINT('',(46.6,73.544199144713,73.351909475057));
#3001 = CARTESIAN_POINT('',(46.6,73.452742989838,73.450104990476));
#3002 = CARTESIAN_POINT('',(46.6,73.412702843172,73.491915762148));
#3003 = CARTESIAN_POINT('',(46.6,73.372083747952,73.53316823063));
#3004 = CARTESIAN_POINT('',(46.6,73.330895455799,73.573852400057));
#3005 = CARTESIAN_POINT('',(46.6,73.289147947172,73.613958503038));
#3006 = CARTESIAN_POINT('',(46.6,73.191096934954,73.705569564138));
#3007 = CARTESIAN_POINT('',(46.6,73.134388468042,73.75664111534));
#3008 = CARTESIAN_POINT('',(46.6,73.076749424339,73.806669797866));
#3009 = CARTESIAN_POINT('',(46.6,73.018203830796,73.855634498529));
#3010 = CARTESIAN_POINT('',(46.6,72.95877634761,73.903514847358));
#3011 = CARTESIAN_POINT('',(46.6,72.464081030192,74.287364970984));
#3012 = CARTESIAN_POINT('',(46.6,71.985002856975,74.567255028369));
#3013 = CARTESIAN_POINT('',(46.6,71.471072116208,74.782211740541));
#3014 = CARTESIAN_POINT('',(46.6,70.933261600477,74.927439298487));
#3015 = CARTESIAN_POINT('',(46.6,70.383180438402,75.));
#3016 = CARTESIAN_POINT('',(46.6,69.833333333333,75.));
#3017 = PCURVE('',#2323,#3018);
#3018 = DEFINITIONAL_REPRESENTATION('',(#3019),#3357);
#3019 = B_SPLINE_CURVE_WITH_KNOTS('',6,(#3020,#3021,#3022,#3023,#3024,
    #3025,#3026,#3027,#3028,#3029,#3030,#3031,#3032,#3033,#3034,#3035,
    #3036,#3037,#3038,#3039,#3040,#3041,#3042,#3043,#3044,#3045,#3046,
    #3047,#3048,#3049,#3050,#3051,#3052,#3053,#3054,#3055,#3056,#3057,
    #3058,#3059,#3060,#3061,#3062,#3063,#3064,#3065,#3066,#3067,#3068,
    #3069,#3070,#3071,#3072,#3073,#3074,#3075,#3076,#3077,#3078,#3079,
    #3080,#3081,#3082,#3083,#3084,#3085,#3086,#3087,#3088,#3089,#3090,
    #3091,#3092,#3093,#3094,#3095,#3096,#3097,#3098,#3099,#3100,#3101,
    #3102,#3103,#3104,#3105,#3106,#3107,#3108,#3109,#3110,#3111,#3112,
    #3113,#3114,#3115,#3116,#3117,#3118,#3119,#3120,#3121,#3122,#3123,
    #3124,#3125,#3126,#3127,#3128,#3129,#3130,#3131,#3132,#3133,#3134,
    #3135,#3136,#3137,#3138,#3139,#3140,#3141,#3142,#3143,#3144,#3145,
    #3146,#3147,#3148,#3149,#3150,#3151,#3152,#3153,#3154,#3155,#3156,
    #3157,#3158,#3159,#3160,#3161,#3162,#3163,#3164,#3165,#3166,#3167,
    #3168,#3169,#3170,#3171,#3172,#3173,#3174,#3175,#3176,#3177,#3178,
    #3179,#3180,#3181,#3182,#3183,#3184,#3185,#3186,#3187,#3188,#3189,
    #3190,#3191,#3192,#3193,#3194,#3195,#3196,#3197,#3198,#3199,#3200,
    #3201,#3202,#3203,#3204,#3205,#3206,#3207,#3208,#3209,#3210,#3211,
    #3212,#3213,#3214,#3215,#3216,#3217,#3218,#3219,#3220,#3221,#3222,
    #3223,#3224,#3225,#3226,#3227,#3228,#3229,#3230,#3231,#3232,#3233,
    #3234,#3235,#3236,#3237,#3238,#3239,#3240,#3241,#3242,#3243,#3244,
    #3245,#3246,#3247,#3248,#3249,#3250,#3251,#3252,#3253,#3254,#3255,
    #3256,#3257,#3258,#3259,#3260,#3261,#3262,#3263,#3264,#3265,#3266,
    #3267,#3268,#3269,#3270,#3271,#3272,#3273,#3274,#3275,#3276,#3277,
    #3278,#3279,#3280,#3281,#3282,#3283,#3284,#3285,#3286,#3287,#3288,
    #3289,#3290,#3291,#3292,#3293,#3294,#3295,#3296,#3297,#3298,#3299,
    #3300,#3301,#3302,#3303,#3304,#3305,#3306,#3307,#3308,#3309,#3310,
    #3311,#3312,#3313,#3314,#3315,#3316,#3317,#3318,#3319,#3320,#3321,
    #3322,#3323,#3324,#3325,#3326,#3327,#3328,#3329,#3330,#3331,#3332,
    #3333,#3334,#3335,#3336,#3337,#3338,#3339,#3340,#3341,#3342,#3343,
    #3344,#3345,#3346,#3347,#3348,#3349,#3350,#3351,#3352,#3353,#3354,
    #3355,#3356),.UNSPECIFIED.,.F.,.F.,(7,5,5,5,5,5,5,5,5,5,5,5,5,5,5,5,
    5,5,5,5,5,5,5,5,5,5,5,5,5,5,5,5,5,5,5,5,5,5,5,5,5,5,5,5,5,5,5,5,5,5,
    5,5,5,5,5,5,5,5,5,5,5,5,5,5,5,5,5,7),(0.,1.959795365061E-02,
    3.266344158578E-02,4.723648558797E-02,6.080449222528E-02,
    7.487501755209E-02,8.442287431946E-02,9.447324984499E-02,
    0.106533700343,0.120101706981,0.134674750983,0.14824275762,
    0.162815801622,0.175881289557,0.188946777492,0.201509746714,
    0.216082790716,0.230655834718,0.243721322654,0.257289329291,
    0.271862373293,0.286435417295,0.29950090523,0.310556318256,
    0.325129362258,0.335682256537,0.350255300539,0.362315751037,
    0.375381238972,0.389954282974,0.404527326976,0.418597852303,
    0.43266837763,0.442718753155,0.457291797157,0.47186484116,
    0.485935366486,0.500508410488,0.515081454491,0.529654498493,
    0.544227542495,0.558298067822,0.572871111824,0.587444155826,
    0.602017199828,0.61659024383,0.630158250467,0.644731294469,
    0.655284188748,0.66985723275,0.681415164516,0.695988208518,
    0.705033546523,0.719606590525,0.729154447292,0.743727491294,
    0.757295497932,0.770360985867,0.784934029869,0.799507073871,
    0.813577599198,0.8281506432,0.841718649837,0.854784137772,
    0.869357181774,0.8804125948,0.894985638802,1.),.UNSPECIFIED.);
#3020 = CARTESIAN_POINT('',(2.84217094304E-15,-3.));
#3021 = CARTESIAN_POINT('',(2.052421850541E-02,-3.));
#3022 = CARTESIAN_POINT('',(4.104697023053E-02,-3.));
#3023 = CARTESIAN_POINT('',(6.156941666056E-02,-3.));
#3024 = CARTESIAN_POINT('',(8.209213684542E-02,-3.));
#3025 = CARTESIAN_POINT('',(0.1026151274,-3.));
#3026 = CARTESIAN_POINT('',(0.136819780159,-3.));
#3027 = CARTESIAN_POINT('',(0.150501758294,-3.));
#3028 = CARTESIAN_POINT('',(0.16418373667,-3.));
#3029 = CARTESIAN_POINT('',(0.177865715046,-3.));
#3030 = CARTESIAN_POINT('',(0.191547693181,-3.));
#3031 = CARTESIAN_POINT('',(0.220490337979,-3.));
#3032 = CARTESIAN_POINT('',(0.235751005949,-3.));
#3033 = CARTESIAN_POINT('',(0.251011674332,-3.));
#3034 = CARTESIAN_POINT('',(0.266272342716,-3.));
#3035 = CARTESIAN_POINT('',(0.281533010685,-3.));
#3036 = CARTESIAN_POINT('',(0.311001885325,-3.));
#3037 = CARTESIAN_POINT('',(0.325210093403,-3.));
#3038 = CARTESIAN_POINT('',(0.33941830177,-3.));
#3039 = CARTESIAN_POINT('',(0.353626510137,-3.));
#3040 = CARTESIAN_POINT('',(0.367834718215,-3.));
#3041 = CARTESIAN_POINT('',(0.39677736304,-3.));
#3042 = CARTESIAN_POINT('',(0.411511801062,-3.));
#3043 = CARTESIAN_POINT('',(0.426246239432,-3.));
#3044 = CARTESIAN_POINT('',(0.440980677801,-3.));
#3045 = CARTESIAN_POINT('',(0.455715115823,-3.));
#3046 = CARTESIAN_POINT('',(0.480447921647,-3.));
#3047 = CARTESIAN_POINT('',(0.490446290243,-3.));
#3048 = CARTESIAN_POINT('',(0.500444658888,-3.));
#3049 = CARTESIAN_POINT('',(0.510443027534,-3.));
#3050 = CARTESIAN_POINT('',(0.52044139613,-3.));
#3051 = CARTESIAN_POINT('',(0.540964363023,-3.));
#3052 = CARTESIAN_POINT('',(0.551488961549,-3.));
#3053 = CARTESIAN_POINT('',(0.56201356014,-3.));
#3054 = CARTESIAN_POINT('',(0.57253815873,-3.));
#3055 = CARTESIAN_POINT('',(0.583062757256,-3.));
#3056 = CARTESIAN_POINT('',(0.606216873591,-3.));
#3057 = CARTESIAN_POINT('',(0.61884639185,-3.));
#3058 = CARTESIAN_POINT('',(0.631475910269,-3.));
#3059 = CARTESIAN_POINT('',(0.644105428689,-3.));
#3060 = CARTESIAN_POINT('',(0.656734946948,-3.));
#3061 = CARTESIAN_POINT('',(0.683572672384,-3.));
#3062 = CARTESIAN_POINT('',(0.697780880461,-3.));
#3063 = CARTESIAN_POINT('',(0.711989088829,-3.));
#3064 = CARTESIAN_POINT('',(0.726197297196,-3.));
#3065 = CARTESIAN_POINT('',(0.740405505273,-3.));
#3066 = CARTESIAN_POINT('',(0.769874379913,-3.));
#3067 = CARTESIAN_POINT('',(0.785135047883,-3.));
#3068 = CARTESIAN_POINT('',(0.800395716266,-3.));
#3069 = CARTESIAN_POINT('',(0.81565638465,-3.));
#3070 = CARTESIAN_POINT('',(0.830917052619,-3.));
#3071 = CARTESIAN_POINT('',(0.860385927259,-3.));
#3072 = CARTESIAN_POINT('',(0.874594135337,-3.));
#3073 = CARTESIAN_POINT('',(0.888802343704,-3.));
#3074 = CARTESIAN_POINT('',(0.903010552071,-3.));
#3075 = CARTESIAN_POINT('',(0.917218760149,-3.));
#3076 = CARTESIAN_POINT('',(0.946687634789,-3.));
#3077 = CARTESIAN_POINT('',(0.961948302758,-3.));
#3078 = CARTESIAN_POINT('',(0.977208971142,-3.));
#3079 = CARTESIAN_POINT('',(0.992469639525,-3.));
#3080 = CARTESIAN_POINT('',(1.007730307495,-3.));
#3081 = CARTESIAN_POINT('',(1.036672952292,-3.));
#3082 = CARTESIAN_POINT('',(1.050354930428,-3.));
#3083 = CARTESIAN_POINT('',(1.064036908804,-3.));
#3084 = CARTESIAN_POINT('',(1.077718887179,-3.));
#3085 = CARTESIAN_POINT('',(1.091400865315,-3.));
#3086 = CARTESIAN_POINT('',(1.118764820627,-3.));
#3087 = CARTESIAN_POINT('',(1.132446798763,-3.));
#3088 = CARTESIAN_POINT('',(1.146128777139,-3.));
#3089 = CARTESIAN_POINT('',(1.159810755514,-3.));
#3090 = CARTESIAN_POINT('',(1.17349273365,-3.));
#3091 = CARTESIAN_POINT('',(1.200330459108,-3.));
#3092 = CARTESIAN_POINT('',(1.213486207305,-3.));
#3093 = CARTESIAN_POINT('',(1.226641955698,-3.));
#3094 = CARTESIAN_POINT('',(1.239797704092,-3.));
#3095 = CARTESIAN_POINT('',(1.252953452288,-3.));
#3096 = CARTESIAN_POINT('',(1.281369867231,-3.));
#3097 = CARTESIAN_POINT('',(1.296630535201,-3.));
#3098 = CARTESIAN_POINT('',(1.311891203584,-3.));
#3099 = CARTESIAN_POINT('',(1.327151871968,-3.));
#3100 = CARTESIAN_POINT('',(1.342412539937,-3.));
#3101 = CARTESIAN_POINT('',(1.372933874221,-3.));
#3102 = CARTESIAN_POINT('',(1.38819454219,-3.));
#3103 = CARTESIAN_POINT('',(1.403455210574,-3.));
#3104 = CARTESIAN_POINT('',(1.418715878957,-3.));
#3105 = CARTESIAN_POINT('',(1.433976546927,-3.));
#3106 = CARTESIAN_POINT('',(1.462919191724,-3.));
#3107 = CARTESIAN_POINT('',(1.47660116986,-3.));
#3108 = CARTESIAN_POINT('',(1.490283148236,-3.));
#3109 = CARTESIAN_POINT('',(1.503965126611,-3.));
#3110 = CARTESIAN_POINT('',(1.517647104747,-3.));
#3111 = CARTESIAN_POINT('',(1.545537289901,-3.));
#3112 = CARTESIAN_POINT('',(1.559745497979,-3.));
#3113 = CARTESIAN_POINT('',(1.573953706346,-3.));
#3114 = CARTESIAN_POINT('',(1.588161914713,-3.));
#3115 = CARTESIAN_POINT('',(1.602370122791,-3.));
#3116 = CARTESIAN_POINT('',(1.631838997431,-3.));
#3117 = CARTESIAN_POINT('',(1.6470996654,-3.));
#3118 = CARTESIAN_POINT('',(1.662360333784,-3.));
#3119 = CARTESIAN_POINT('',(1.677621002167,-3.));
#3120 = CARTESIAN_POINT('',(1.692881670137,-3.));
#3121 = CARTESIAN_POINT('',(1.72340300442,-3.));
#3122 = CARTESIAN_POINT('',(1.738663672389,-3.));
#3123 = CARTESIAN_POINT('',(1.753924340773,-3.));
#3124 = CARTESIAN_POINT('',(1.769185009156,-3.));
#3125 = CARTESIAN_POINT('',(1.784445677126,-3.));
#3126 = CARTESIAN_POINT('',(1.813388321924,-3.));
#3127 = CARTESIAN_POINT('',(1.827070300059,-3.));
#3128 = CARTESIAN_POINT('',(1.840752278435,-3.));
#3129 = CARTESIAN_POINT('',(1.854434256811,-3.));
#3130 = CARTESIAN_POINT('',(1.868116234946,-3.));
#3131 = CARTESIAN_POINT('',(1.893375270784,-3.));
#3132 = CARTESIAN_POINT('',(1.904952329174,-3.));
#3133 = CARTESIAN_POINT('',(1.916529387667,-3.));
#3134 = CARTESIAN_POINT('',(1.928106446161,-3.));
#3135 = CARTESIAN_POINT('',(1.939683504551,-3.));
#3136 = CARTESIAN_POINT('',(1.966521229874,-3.));
#3137 = CARTESIAN_POINT('',(1.981781897843,-3.));
#3138 = CARTESIAN_POINT('',(1.997042566227,-3.));
#3139 = CARTESIAN_POINT('',(2.01230323461,-3.));
#3140 = CARTESIAN_POINT('',(2.02756390258,-3.));
#3141 = CARTESIAN_POINT('',(2.053875398013,-3.));
#3142 = CARTESIAN_POINT('',(2.064926226471,-3.));
#3143 = CARTESIAN_POINT('',(2.07597705501,-3.));
#3144 = CARTESIAN_POINT('',(2.08702788355,-3.));
#3145 = CARTESIAN_POINT('',(2.098078712007,-3.));
#3146 = CARTESIAN_POINT('',(2.124390207441,-3.));
#3147 = CARTESIAN_POINT('',(2.13965087541,-3.));
#3148 = CARTESIAN_POINT('',(2.154911543794,-3.));
#3149 = CARTESIAN_POINT('',(2.170172212177,-3.));
#3150 = CARTESIAN_POINT('',(2.185432880147,-3.));
#3151 = CARTESIAN_POINT('',(2.213323065226,-3.));
#3152 = CARTESIAN_POINT('',(2.225952583485,-3.));
#3153 = CARTESIAN_POINT('',(2.238582101905,-3.));
#3154 = CARTESIAN_POINT('',(2.251211620324,-3.));
#3155 = CARTESIAN_POINT('',(2.263841138583,-3.));
#3156 = CARTESIAN_POINT('',(2.290152634177,-3.));
#3157 = CARTESIAN_POINT('',(2.303834612313,-3.));
#3158 = CARTESIAN_POINT('',(2.317516590688,-3.));
#3159 = CARTESIAN_POINT('',(2.331198569064,-3.));
#3160 = CARTESIAN_POINT('',(2.3448805472,-3.));
#3161 = CARTESIAN_POINT('',(2.373823191997,-3.));
#3162 = CARTESIAN_POINT('',(2.389083859967,-3.));
#3163 = CARTESIAN_POINT('',(2.40434452835,-3.));
#3164 = CARTESIAN_POINT('',(2.419605196734,-3.));
#3165 = CARTESIAN_POINT('',(2.434865864703,-3.));
#3166 = CARTESIAN_POINT('',(2.465387198986,-3.));
#3167 = CARTESIAN_POINT('',(2.480647866956,-3.));
#3168 = CARTESIAN_POINT('',(2.495908535339,-3.));
#3169 = CARTESIAN_POINT('',(2.511169203723,-3.));
#3170 = CARTESIAN_POINT('',(2.526429871692,-3.));
#3171 = CARTESIAN_POINT('',(2.556424976161,-3.));
#3172 = CARTESIAN_POINT('',(2.571159414183,-3.));
#3173 = CARTESIAN_POINT('',(2.585893852553,-3.));
#3174 = CARTESIAN_POINT('',(2.600628290922,-3.));
#3175 = CARTESIAN_POINT('',(2.615362728944,-3.));
#3176 = CARTESIAN_POINT('',(2.644831603599,-3.));
#3177 = CARTESIAN_POINT('',(2.659566041621,-3.));
#3178 = CARTESIAN_POINT('',(2.674300479991,-3.));
#3179 = CARTESIAN_POINT('',(2.68903491836,-3.));
#3180 = CARTESIAN_POINT('',(2.703769356382,-3.));
#3181 = CARTESIAN_POINT('',(2.729028392106,-3.));
#3182 = CARTESIAN_POINT('',(2.739552990632,-3.));
#3183 = CARTESIAN_POINT('',(2.750077589223,-3.));
#3184 = CARTESIAN_POINT('',(2.760602187813,-3.));
#3185 = CARTESIAN_POINT('',(2.771126786339,-3.));
#3186 = CARTESIAN_POINT('',(2.796912051878,-3.));
#3187 = CARTESIAN_POINT('',(2.812172719847,-3.));
#3188 = CARTESIAN_POINT('',(2.827433388231,-3.));
#3189 = CARTESIAN_POINT('',(2.842694056614,-3.));
#3190 = CARTESIAN_POINT('',(2.857954724584,-3.));
#3191 = CARTESIAN_POINT('',(2.888476058867,-3.));
#3192 = CARTESIAN_POINT('',(2.903736726836,-3.));
#3193 = CARTESIAN_POINT('',(2.91899739522,-3.));
#3194 = CARTESIAN_POINT('',(2.934258063603,-3.));
#3195 = CARTESIAN_POINT('',(2.949518731573,-3.));
#3196 = CARTESIAN_POINT('',(2.979513836042,-3.));
#3197 = CARTESIAN_POINT('',(2.994248274064,-3.));
#3198 = CARTESIAN_POINT('',(3.008982712433,-3.));
#3199 = CARTESIAN_POINT('',(3.023717150803,-3.));
#3200 = CARTESIAN_POINT('',(3.038451588825,-3.));
#3201 = CARTESIAN_POINT('',(3.068446693294,-3.));
#3202 = CARTESIAN_POINT('',(3.083707361263,-3.));
#3203 = CARTESIAN_POINT('',(3.098968029647,-3.));
#3204 = CARTESIAN_POINT('',(3.11422869803,-3.));
#3205 = CARTESIAN_POINT('',(3.129489366,-3.));
#3206 = CARTESIAN_POINT('',(3.160010700283,-3.));
#3207 = CARTESIAN_POINT('',(3.175271368252,-3.));
#3208 = CARTESIAN_POINT('',(3.190532036636,-3.));
#3209 = CARTESIAN_POINT('',(3.205792705019,-3.));
#3210 = CARTESIAN_POINT('',(3.221053372989,-3.));
#3211 = CARTESIAN_POINT('',(3.251574707272,-3.));
#3212 = CARTESIAN_POINT('',(3.266835375241,-3.));
#3213 = CARTESIAN_POINT('',(3.282096043625,-3.));
#3214 = CARTESIAN_POINT('',(3.297356712008,-3.));
#3215 = CARTESIAN_POINT('',(3.312617379978,-3.));
#3216 = CARTESIAN_POINT('',(3.343138714261,-3.));
#3217 = CARTESIAN_POINT('',(3.35839938223,-3.));
#3218 = CARTESIAN_POINT('',(3.373660050614,-3.));
#3219 = CARTESIAN_POINT('',(3.388920718997,-3.));
#3220 = CARTESIAN_POINT('',(3.404181386967,-3.));
#3221 = CARTESIAN_POINT('',(3.434176491436,-3.));
#3222 = CARTESIAN_POINT('',(3.448910929458,-3.));
#3223 = CARTESIAN_POINT('',(3.463645367827,-3.));
#3224 = CARTESIAN_POINT('',(3.478379806197,-3.));
#3225 = CARTESIAN_POINT('',(3.493114244219,-3.));
#3226 = CARTESIAN_POINT('',(3.523109348688,-3.));
#3227 = CARTESIAN_POINT('',(3.538370016657,-3.));
#3228 = CARTESIAN_POINT('',(3.553630685041,-3.));
#3229 = CARTESIAN_POINT('',(3.568891353424,-3.));
#3230 = CARTESIAN_POINT('',(3.584152021394,-3.));
#3231 = CARTESIAN_POINT('',(3.614673355677,-3.));
#3232 = CARTESIAN_POINT('',(3.629934023646,-3.));
#3233 = CARTESIAN_POINT('',(3.64519469203,-3.));
#3234 = CARTESIAN_POINT('',(3.660455360413,-3.));
#3235 = CARTESIAN_POINT('',(3.675716028383,-3.));
#3236 = CARTESIAN_POINT('',(3.706237362666,-3.));
#3237 = CARTESIAN_POINT('',(3.721498030635,-3.));
#3238 = CARTESIAN_POINT('',(3.736758699019,-3.));
#3239 = CARTESIAN_POINT('',(3.752019367402,-3.));
#3240 = CARTESIAN_POINT('',(3.767280035372,-3.));
#3241 = CARTESIAN_POINT('',(3.797801369655,-3.));
#3242 = CARTESIAN_POINT('',(3.813062037624,-3.));
#3243 = CARTESIAN_POINT('',(3.828322706008,-3.));
#3244 = CARTESIAN_POINT('',(3.843583374391,-3.));
#3245 = CARTESIAN_POINT('',(3.858844042361,-3.));
#3246 = CARTESIAN_POINT('',(3.888312917001,-3.));
#3247 = CARTESIAN_POINT('',(3.902521125078,-3.));
#3248 = CARTESIAN_POINT('',(3.916729333445,-3.));
#3249 = CARTESIAN_POINT('',(3.930937541813,-3.));
#3250 = CARTESIAN_POINT('',(3.94514574989,-3.));
#3251 = CARTESIAN_POINT('',(3.97461462453,-3.));
#3252 = CARTESIAN_POINT('',(3.9898752925,-3.));
#3253 = CARTESIAN_POINT('',(4.005135960883,-3.));
#3254 = CARTESIAN_POINT('',(4.020396629267,-3.));
#3255 = CARTESIAN_POINT('',(4.035657297236,-3.));
#3256 = CARTESIAN_POINT('',(4.06196879267,-3.));
#3257 = CARTESIAN_POINT('',(4.073019621127,-3.));
#3258 = CARTESIAN_POINT('',(4.084070449667,-3.));
#3259 = CARTESIAN_POINT('',(4.095121278206,-3.));
#3260 = CARTESIAN_POINT('',(4.106172106664,-3.));
#3261 = CARTESIAN_POINT('',(4.132483602097,-3.));
#3262 = CARTESIAN_POINT('',(4.147744270067,-3.));
#3263 = CARTESIAN_POINT('',(4.16300493845,-3.));
#3264 = CARTESIAN_POINT('',(4.178265606834,-3.));
#3265 = CARTESIAN_POINT('',(4.193526274803,-3.));
#3266 = CARTESIAN_POINT('',(4.220890230009,-3.));
#3267 = CARTESIAN_POINT('',(4.232993518332,-3.));
#3268 = CARTESIAN_POINT('',(4.245096806785,-3.));
#3269 = CARTESIAN_POINT('',(4.257200095239,-3.));
#3270 = CARTESIAN_POINT('',(4.269303383562,-3.));
#3271 = CARTESIAN_POINT('',(4.296667338767,-3.));
#3272 = CARTESIAN_POINT('',(4.311928006737,-3.));
#3273 = CARTESIAN_POINT('',(4.32718867512,-3.));
#3274 = CARTESIAN_POINT('',(4.342449343504,-3.));
#3275 = CARTESIAN_POINT('',(4.357710011473,-3.));
#3276 = CARTESIAN_POINT('',(4.382442817205,-3.));
#3277 = CARTESIAN_POINT('',(4.391914955872,-3.));
#3278 = CARTESIAN_POINT('',(4.401387094577,-3.));
#3279 = CARTESIAN_POINT('',(4.410859233282,-3.));
#3280 = CARTESIAN_POINT('',(4.420331371949,-3.));
#3281 = CARTESIAN_POINT('',(4.445064177681,-3.));
#3282 = CARTESIAN_POINT('',(4.46032484565,-3.));
#3283 = CARTESIAN_POINT('',(4.475585514034,-3.));
#3284 = CARTESIAN_POINT('',(4.490846182417,-3.));
#3285 = CARTESIAN_POINT('',(4.506106850387,-3.));
#3286 = CARTESIAN_POINT('',(4.531365886024,-3.));
#3287 = CARTESIAN_POINT('',(4.54136425462,-3.));
#3288 = CARTESIAN_POINT('',(4.551362623266,-3.));
#3289 = CARTESIAN_POINT('',(4.561360991912,-3.));
#3290 = CARTESIAN_POINT('',(4.571359360508,-3.));
#3291 = CARTESIAN_POINT('',(4.596618396145,-3.));
#3292 = CARTESIAN_POINT('',(4.611879064115,-3.));
#3293 = CARTESIAN_POINT('',(4.627139732498,-3.));
#3294 = CARTESIAN_POINT('',(4.642400400882,-3.));
#3295 = CARTESIAN_POINT('',(4.657661068851,-3.));
#3296 = CARTESIAN_POINT('',(4.687129943491,-3.));
#3297 = CARTESIAN_POINT('',(4.701338151569,-3.));
#3298 = CARTESIAN_POINT('',(4.715546359936,-3.));
#3299 = CARTESIAN_POINT('',(4.729754568303,-3.));
#3300 = CARTESIAN_POINT('',(4.743962776381,-3.));
#3301 = CARTESIAN_POINT('',(4.771852961535,-3.));
#3302 = CARTESIAN_POINT('',(4.785534939671,-3.));
#3303 = CARTESIAN_POINT('',(4.799216918047,-3.));
#3304 = CARTESIAN_POINT('',(4.812898896422,-3.));
#3305 = CARTESIAN_POINT('',(4.826580874558,-3.));
#3306 = CARTESIAN_POINT('',(4.855523519356,-3.));
#3307 = CARTESIAN_POINT('',(4.870784187325,-3.));
#3308 = CARTESIAN_POINT('',(4.886044855709,-3.));
#3309 = CARTESIAN_POINT('',(4.901305524092,-3.));
#3310 = CARTESIAN_POINT('',(4.916566192062,-3.));
#3311 = CARTESIAN_POINT('',(4.947087526345,-3.));
#3312 = CARTESIAN_POINT('',(4.962348194314,-3.));
#3313 = CARTESIAN_POINT('',(4.977608862698,-3.));
#3314 = CARTESIAN_POINT('',(4.992869531081,-3.));
#3315 = CARTESIAN_POINT('',(5.008130199051,-3.));
#3316 = CARTESIAN_POINT('',(5.03812530352,-3.));
#3317 = CARTESIAN_POINT('',(5.052859741542,-3.));
#3318 = CARTESIAN_POINT('',(5.067594179911,-3.));
#3319 = CARTESIAN_POINT('',(5.082328618281,-3.));
#3320 = CARTESIAN_POINT('',(5.097063056303,-3.));
#3321 = CARTESIAN_POINT('',(5.127058160772,-3.));
#3322 = CARTESIAN_POINT('',(5.142318828741,-3.));
#3323 = CARTESIAN_POINT('',(5.157579497125,-3.));
#3324 = CARTESIAN_POINT('',(5.172840165508,-3.));
#3325 = CARTESIAN_POINT('',(5.188100833478,-3.));
#3326 = CARTESIAN_POINT('',(5.217569708118,-3.));
#3327 = CARTESIAN_POINT('',(5.231777916195,-3.));
#3328 = CARTESIAN_POINT('',(5.245986124562,-3.));
#3329 = CARTESIAN_POINT('',(5.26019433293,-3.));
#3330 = CARTESIAN_POINT('',(5.274402541007,-3.));
#3331 = CARTESIAN_POINT('',(5.302292726162,-3.));
#3332 = CARTESIAN_POINT('',(5.315974704297,-3.));
#3333 = CARTESIAN_POINT('',(5.329656682673,-3.));
#3334 = CARTESIAN_POINT('',(5.343338661049,-3.));
#3335 = CARTESIAN_POINT('',(5.357020639184,-3.));
#3336 = CARTESIAN_POINT('',(5.385963283982,-3.));
#3337 = CARTESIAN_POINT('',(5.401223951952,-3.));
#3338 = CARTESIAN_POINT('',(5.416484620335,-3.));
#3339 = CARTESIAN_POINT('',(5.431745288719,-3.));
#3340 = CARTESIAN_POINT('',(5.447005956688,-3.));
#3341 = CARTESIAN_POINT('',(5.473843682011,-3.));
#3342 = CARTESIAN_POINT('',(5.485420740401,-3.));
#3343 = CARTESIAN_POINT('',(5.496997798894,-3.));
#3344 = CARTESIAN_POINT('',(5.508574857388,-3.));
#3345 = CARTESIAN_POINT('',(5.520151915778,-3.));
#3346 = CARTESIAN_POINT('',(5.546989641101,-3.));
#3347 = CARTESIAN_POINT('',(5.56225030907,-3.));
#3348 = CARTESIAN_POINT('',(5.577510977454,-3.));
#3349 = CARTESIAN_POINT('',(5.592771645837,-3.));
#3350 = CARTESIAN_POINT('',(5.608032313807,-3.));
#3351 = CARTESIAN_POINT('',(5.733262401962,-3.));
#3352 = CARTESIAN_POINT('',(5.843277455908,-3.));
#3353 = CARTESIAN_POINT('',(5.953239144064,-3.));
#3354 = CARTESIAN_POINT('',(6.06320083222,-3.));
#3355 = CARTESIAN_POINT('',(6.173215886166,-3.));
#3356 = CARTESIAN_POINT('',(6.28318530718,-3.));
#3357 = ( GEOMETRIC_REPRESENTATION_CONTEXT(2) 
PARAMETRIC_REPRESENTATION_CONTEXT() REPRESENTATION_CONTEXT('2D SPACE',''
  ) );
#3358 = PCURVE('',#3359,#3364);
#3359 = CYLINDRICAL_SURFACE('',#3360,5.);
#3360 = AXIS2_PLACEMENT_3D('',#3361,#3362,#3363);
#3361 = CARTESIAN_POINT('',(48.39218452154,69.833333333333,70.));
#3362 = DIRECTION('',(1.,0.,-0.));
#3363 = DIRECTION('',(0.,0.,1.));
#3364 = DEFINITIONAL_REPRESENTATION('',(#3365),#3703);
#3365 = B_SPLINE_CURVE_WITH_KNOTS('',6,(#3366,#3367,#3368,#3369,#3370,
    #3371,#3372,#3373,#3374,#3375,#3376,#3377,#3378,#3379,#3380,#3381,
    #3382,#3383,#3384,#3385,#3386,#3387,#3388,#3389,#3390,#3391,#3392,
    #3393,#3394,#3395,#3396,#3397,#3398,#3399,#3400,#3401,#3402,#3403,
    #3404,#3405,#3406,#3407,#3408,#3409,#3410,#3411,#3412,#3413,#3414,
    #3415,#3416,#3417,#3418,#3419,#3420,#3421,#3422,#3423,#3424,#3425,
    #3426,#3427,#3428,#3429,#3430,#3431,#3432,#3433,#3434,#3435,#3436,
    #3437,#3438,#3439,#3440,#3441,#3442,#3443,#3444,#3445,#3446,#3447,
    #3448,#3449,#3450,#3451,#3452,#3453,#3454,#3455,#3456,#3457,#3458,
    #3459,#3460,#3461,#3462,#3463,#3464,#3465,#3466,#3467,#3468,#3469,
    #3470,#3471,#3472,#3473,#3474,#3475,#3476,#3477,#3478,#3479,#3480,
    #3481,#3482,#3483,#3484,#3485,#3486,#3487,#3488,#3489,#3490,#3491,
    #3492,#3493,#3494,#3495,#3496,#3497,#3498,#3499,#3500,#3501,#3502,
    #3503,#3504,#3505,#3506,#3507,#3508,#3509,#3510,#3511,#3512,#3513,
    #3514,#3515,#3516,#3517,#3518,#3519,#3520,#3521,#3522,#3523,#3524,
    #3525,#3526,#3527,#3528,#3529,#3530,#3531,#3532,#3533,#3534,#3535,
    #3536,#3537,#3538,#3539,#3540,#3541,#3542,#3543,#3544,#3545,#3546,
    #3547,#3548,#3549,#3550,#3551,#3552,#3553,#3554,#3555,#3556,#3557,
    #3558,#3559,#3560,#3561,#3562,#3563,#3564,#3565,#3566,#3567,#3568,
    #3569,#3570,#3571,#3572,#3573,#3574,#3575,#3576,#3577,#3578,#3579,
    #3580,#3581,#3582,#3583,#3584,#3585,#3586,#3587,#3588,#3589,#3590,
    #3591,#3592,#3593,#3594,#3595,#3596,#3597,#3598,#3599,#3600,#3601,
    #3602,#3603,#3604,#3605,#3606,#3607,#3608,#3609,#3610,#3611,#3612,
    #3613,#3614,#3615,#3616,#3617,#3618,#3619,#3620,#3621,#3622,#3623,
    #3624,#3625,#3626,#3627,#3628,#3629,#3630,#3631,#3632,#3633,#3634,
    #3635,#3636,#3637,#3638,#3639,#3640,#3641,#3642,#3643,#3644,#3645,
    #3646,#3647,#3648,#3649,#3650,#3651,#3652,#3653,#3654,#3655,#3656,
    #3657,#3658,#3659,#3660,#3661,#3662,#3663,#3664,#3665,#3666,#3667,
    #3668,#3669,#3670,#3671,#3672,#3673,#3674,#3675,#3676,#3677,#3678,
    #3679,#3680,#3681,#3682,#3683,#3684,#3685,#3686,#3687,#3688,#3689,
    #3690,#3691,#3692,#3693,#3694,#3695,#3696,#3697,#3698,#3699,#3700,
    #3701,#3702),.UNSPECIFIED.,.F.,.F.,(7,5,5,5,5,5,5,5,5,5,5,5,5,5,5,5,
    5,5,5,5,5,5,5,5,5,5,5,5,5,5,5,5,5,5,5,5,5,5,5,5,5,5,5,5,5,5,5,5,5,5,
    5,5,5,5,5,5,5,5,5,5,5,5,5,5,5,5,5,7),(0.,1.959795365061E-02,
    3.266344158578E-02,4.723648558797E-02,6.080449222528E-02,
    7.487501755209E-02,8.442287431946E-02,9.447324984499E-02,
    0.106533700343,0.120101706981,0.134674750983,0.14824275762,
    0.162815801622,0.175881289557,0.188946777492,0.201509746714,
    0.216082790716,0.230655834718,0.243721322654,0.257289329291,
    0.271862373293,0.286435417295,0.29950090523,0.310556318256,
    0.325129362258,0.335682256537,0.350255300539,0.362315751037,
    0.375381238972,0.389954282974,0.404527326976,0.418597852303,
    0.43266837763,0.442718753155,0.457291797157,0.47186484116,
    0.485935366486,0.500508410488,0.515081454491,0.529654498493,
    0.544227542495,0.558298067822,0.572871111824,0.587444155826,
    0.602017199828,0.61659024383,0.630158250467,0.644731294469,
    0.655284188748,0.66985723275,0.681415164516,0.695988208518,
    0.705033546523,0.719606590525,0.729154447292,0.743727491294,
    0.757295497932,0.770360985867,0.784934029869,0.799507073871,
    0.813577599198,0.8281506432,0.841718649837,0.854784137772,
    0.869357181774,0.8804125948,0.894985638802,1.),.UNSPECIFIED.);
#3366 = CARTESIAN_POINT('',(0.,-1.79218452154));
#3367 = CARTESIAN_POINT('',(2.052421850541E-02,-1.79218452154));
#3368 = CARTESIAN_POINT('',(4.104697023052E-02,-1.79218452154));
#3369 = CARTESIAN_POINT('',(6.156941666056E-02,-1.79218452154));
#3370 = CARTESIAN_POINT('',(8.209213684542E-02,-1.79218452154));
#3371 = CARTESIAN_POINT('',(0.1026151274,-1.79218452154));
#3372 = CARTESIAN_POINT('',(0.136819780159,-1.79218452154));
#3373 = CARTESIAN_POINT('',(0.150501758294,-1.79218452154));
#3374 = CARTESIAN_POINT('',(0.16418373667,-1.79218452154));
#3375 = CARTESIAN_POINT('',(0.177865715046,-1.79218452154));
#3376 = CARTESIAN_POINT('',(0.191547693181,-1.79218452154));
#3377 = CARTESIAN_POINT('',(0.220490337979,-1.79218452154));
#3378 = CARTESIAN_POINT('',(0.235751005949,-1.79218452154));
#3379 = CARTESIAN_POINT('',(0.251011674332,-1.79218452154));
#3380 = CARTESIAN_POINT('',(0.266272342716,-1.79218452154));
#3381 = CARTESIAN_POINT('',(0.281533010685,-1.79218452154));
#3382 = CARTESIAN_POINT('',(0.311001885325,-1.79218452154));
#3383 = CARTESIAN_POINT('',(0.325210093403,-1.79218452154));
#3384 = CARTESIAN_POINT('',(0.33941830177,-1.79218452154));
#3385 = CARTESIAN_POINT('',(0.353626510137,-1.79218452154));
#3386 = CARTESIAN_POINT('',(0.367834718215,-1.79218452154));
#3387 = CARTESIAN_POINT('',(0.39677736304,-1.79218452154));
#3388 = CARTESIAN_POINT('',(0.411511801062,-1.79218452154));
#3389 = CARTESIAN_POINT('',(0.426246239432,-1.79218452154));
#3390 = CARTESIAN_POINT('',(0.440980677801,-1.79218452154));
#3391 = CARTESIAN_POINT('',(0.455715115823,-1.79218452154));
#3392 = CARTESIAN_POINT('',(0.480447921647,-1.79218452154));
#3393 = CARTESIAN_POINT('',(0.490446290243,-1.79218452154));
#3394 = CARTESIAN_POINT('',(0.500444658888,-1.79218452154));
#3395 = CARTESIAN_POINT('',(0.510443027534,-1.79218452154));
#3396 = CARTESIAN_POINT('',(0.52044139613,-1.79218452154));
#3397 = CARTESIAN_POINT('',(0.540964363023,-1.79218452154));
#3398 = CARTESIAN_POINT('',(0.551488961549,-1.79218452154));
#3399 = CARTESIAN_POINT('',(0.56201356014,-1.79218452154));
#3400 = CARTESIAN_POINT('',(0.57253815873,-1.79218452154));
#3401 = CARTESIAN_POINT('',(0.583062757256,-1.79218452154));
#3402 = CARTESIAN_POINT('',(0.606216873591,-1.79218452154));
#3403 = CARTESIAN_POINT('',(0.61884639185,-1.79218452154));
#3404 = CARTESIAN_POINT('',(0.631475910269,-1.79218452154));
#3405 = CARTESIAN_POINT('',(0.644105428689,-1.79218452154));
#3406 = CARTESIAN_POINT('',(0.656734946948,-1.79218452154));
#3407 = CARTESIAN_POINT('',(0.683572672384,-1.79218452154));
#3408 = CARTESIAN_POINT('',(0.697780880461,-1.79218452154));
#3409 = CARTESIAN_POINT('',(0.711989088829,-1.79218452154));
#3410 = CARTESIAN_POINT('',(0.726197297196,-1.79218452154));
#3411 = CARTESIAN_POINT('',(0.740405505273,-1.79218452154));
#3412 = CARTESIAN_POINT('',(0.769874379913,-1.79218452154));
#3413 = CARTESIAN_POINT('',(0.785135047883,-1.79218452154));
#3414 = CARTESIAN_POINT('',(0.800395716266,-1.79218452154));
#3415 = CARTESIAN_POINT('',(0.81565638465,-1.79218452154));
#3416 = CARTESIAN_POINT('',(0.830917052619,-1.79218452154));
#3417 = CARTESIAN_POINT('',(0.860385927259,-1.79218452154));
#3418 = CARTESIAN_POINT('',(0.874594135337,-1.79218452154));
#3419 = CARTESIAN_POINT('',(0.888802343704,-1.79218452154));
#3420 = CARTESIAN_POINT('',(0.903010552071,-1.79218452154));
#3421 = CARTESIAN_POINT('',(0.917218760149,-1.79218452154));
#3422 = CARTESIAN_POINT('',(0.946687634789,-1.79218452154));
#3423 = CARTESIAN_POINT('',(0.961948302758,-1.79218452154));
#3424 = CARTESIAN_POINT('',(0.977208971142,-1.79218452154));
#3425 = CARTESIAN_POINT('',(0.992469639525,-1.79218452154));
#3426 = CARTESIAN_POINT('',(1.007730307495,-1.79218452154));
#3427 = CARTESIAN_POINT('',(1.036672952292,-1.79218452154));
#3428 = CARTESIAN_POINT('',(1.050354930428,-1.79218452154));
#3429 = CARTESIAN_POINT('',(1.064036908804,-1.79218452154));
#3430 = CARTESIAN_POINT('',(1.077718887179,-1.79218452154));
#3431 = CARTESIAN_POINT('',(1.091400865315,-1.79218452154));
#3432 = CARTESIAN_POINT('',(1.118764820627,-1.79218452154));
#3433 = CARTESIAN_POINT('',(1.132446798763,-1.79218452154));
#3434 = CARTESIAN_POINT('',(1.146128777139,-1.79218452154));
#3435 = CARTESIAN_POINT('',(1.159810755514,-1.79218452154));
#3436 = CARTESIAN_POINT('',(1.17349273365,-1.79218452154));
#3437 = CARTESIAN_POINT('',(1.200330459108,-1.79218452154));
#3438 = CARTESIAN_POINT('',(1.213486207305,-1.79218452154));
#3439 = CARTESIAN_POINT('',(1.226641955698,-1.79218452154));
#3440 = CARTESIAN_POINT('',(1.239797704092,-1.79218452154));
#3441 = CARTESIAN_POINT('',(1.252953452288,-1.79218452154));
#3442 = CARTESIAN_POINT('',(1.281369867231,-1.79218452154));
#3443 = CARTESIAN_POINT('',(1.296630535201,-1.79218452154));
#3444 = CARTESIAN_POINT('',(1.311891203584,-1.79218452154));
#3445 = CARTESIAN_POINT('',(1.327151871968,-1.79218452154));
#3446 = CARTESIAN_POINT('',(1.342412539937,-1.79218452154));
#3447 = CARTESIAN_POINT('',(1.372933874221,-1.79218452154));
#3448 = CARTESIAN_POINT('',(1.38819454219,-1.79218452154));
#3449 = CARTESIAN_POINT('',(1.403455210574,-1.79218452154));
#3450 = CARTESIAN_POINT('',(1.418715878957,-1.79218452154));
#3451 = CARTESIAN_POINT('',(1.433976546927,-1.79218452154));
#3452 = CARTESIAN_POINT('',(1.462919191724,-1.79218452154));
#3453 = CARTESIAN_POINT('',(1.47660116986,-1.79218452154));
#3454 = CARTESIAN_POINT('',(1.490283148236,-1.79218452154));
#3455 = CARTESIAN_POINT('',(1.503965126611,-1.79218452154));
#3456 = CARTESIAN_POINT('',(1.517647104747,-1.79218452154));
#3457 = CARTESIAN_POINT('',(1.545537289901,-1.79218452154));
#3458 = CARTESIAN_POINT('',(1.559745497979,-1.79218452154));
#3459 = CARTESIAN_POINT('',(1.573953706346,-1.79218452154));
#3460 = CARTESIAN_POINT('',(1.588161914713,-1.79218452154));
#3461 = CARTESIAN_POINT('',(1.602370122791,-1.79218452154));
#3462 = CARTESIAN_POINT('',(1.631838997431,-1.79218452154));
#3463 = CARTESIAN_POINT('',(1.6470996654,-1.79218452154));
#3464 = CARTESIAN_POINT('',(1.662360333784,-1.79218452154));
#3465 = CARTESIAN_POINT('',(1.677621002167,-1.79218452154));
#3466 = CARTESIAN_POINT('',(1.692881670137,-1.79218452154));
#3467 = CARTESIAN_POINT('',(1.72340300442,-1.79218452154));
#3468 = CARTESIAN_POINT('',(1.738663672389,-1.79218452154));
#3469 = CARTESIAN_POINT('',(1.753924340773,-1.79218452154));
#3470 = CARTESIAN_POINT('',(1.769185009156,-1.79218452154));
#3471 = CARTESIAN_POINT('',(1.784445677126,-1.79218452154));
#3472 = CARTESIAN_POINT('',(1.813388321924,-1.79218452154));
#3473 = CARTESIAN_POINT('',(1.827070300059,-1.79218452154));
#3474 = CARTESIAN_POINT('',(1.840752278435,-1.79218452154));
#3475 = CARTESIAN_POINT('',(1.854434256811,-1.79218452154));
#3476 = CARTESIAN_POINT('',(1.868116234946,-1.79218452154));
#3477 = CARTESIAN_POINT('',(1.893375270784,-1.79218452154));
#3478 = CARTESIAN_POINT('',(1.904952329174,-1.79218452154));
#3479 = CARTESIAN_POINT('',(1.916529387667,-1.79218452154));
#3480 = CARTESIAN_POINT('',(1.928106446161,-1.79218452154));
#3481 = CARTESIAN_POINT('',(1.939683504551,-1.79218452154));
#3482 = CARTESIAN_POINT('',(1.966521229874,-1.79218452154));
#3483 = CARTESIAN_POINT('',(1.981781897843,-1.79218452154));
#3484 = CARTESIAN_POINT('',(1.997042566227,-1.79218452154));
#3485 = CARTESIAN_POINT('',(2.01230323461,-1.79218452154));
#3486 = CARTESIAN_POINT('',(2.02756390258,-1.79218452154));
#3487 = CARTESIAN_POINT('',(2.053875398013,-1.79218452154));
#3488 = CARTESIAN_POINT('',(2.064926226471,-1.79218452154));
#3489 = CARTESIAN_POINT('',(2.07597705501,-1.79218452154));
#3490 = CARTESIAN_POINT('',(2.08702788355,-1.79218452154));
#3491 = CARTESIAN_POINT('',(2.098078712007,-1.79218452154));
#3492 = CARTESIAN_POINT('',(2.124390207441,-1.79218452154));
#3493 = CARTESIAN_POINT('',(2.13965087541,-1.79218452154));
#3494 = CARTESIAN_POINT('',(2.154911543794,-1.79218452154));
#3495 = CARTESIAN_POINT('',(2.170172212177,-1.79218452154));
#3496 = CARTESIAN_POINT('',(2.185432880147,-1.79218452154));
#3497 = CARTESIAN_POINT('',(2.213323065226,-1.79218452154));
#3498 = CARTESIAN_POINT('',(2.225952583485,-1.79218452154));
#3499 = CARTESIAN_POINT('',(2.238582101905,-1.79218452154));
#3500 = CARTESIAN_POINT('',(2.251211620324,-1.79218452154));
#3501 = CARTESIAN_POINT('',(2.263841138583,-1.79218452154));
#3502 = CARTESIAN_POINT('',(2.290152634177,-1.79218452154));
#3503 = CARTESIAN_POINT('',(2.303834612313,-1.79218452154));
#3504 = CARTESIAN_POINT('',(2.317516590688,-1.79218452154));
#3505 = CARTESIAN_POINT('',(2.331198569064,-1.79218452154));
#3506 = CARTESIAN_POINT('',(2.3448805472,-1.79218452154));
#3507 = CARTESIAN_POINT('',(2.373823191997,-1.79218452154));
#3508 = CARTESIAN_POINT('',(2.389083859967,-1.79218452154));
#3509 = CARTESIAN_POINT('',(2.40434452835,-1.79218452154));
#3510 = CARTESIAN_POINT('',(2.419605196734,-1.79218452154));
#3511 = CARTESIAN_POINT('',(2.434865864703,-1.79218452154));
#3512 = CARTESIAN_POINT('',(2.465387198986,-1.79218452154));
#3513 = CARTESIAN_POINT('',(2.480647866956,-1.79218452154));
#3514 = CARTESIAN_POINT('',(2.495908535339,-1.79218452154));
#3515 = CARTESIAN_POINT('',(2.511169203723,-1.79218452154));
#3516 = CARTESIAN_POINT('',(2.526429871692,-1.79218452154));
#3517 = CARTESIAN_POINT('',(2.556424976161,-1.79218452154));
#3518 = CARTESIAN_POINT('',(2.571159414183,-1.79218452154));
#3519 = CARTESIAN_POINT('',(2.585893852553,-1.79218452154));
#3520 = CARTESIAN_POINT('',(2.600628290922,-1.79218452154));
#3521 = CARTESIAN_POINT('',(2.615362728944,-1.79218452154));
#3522 = CARTESIAN_POINT('',(2.644831603599,-1.79218452154));
#3523 = CARTESIAN_POINT('',(2.659566041621,-1.79218452154));
#3524 = CARTESIAN_POINT('',(2.674300479991,-1.79218452154));
#3525 = CARTESIAN_POINT('',(2.68903491836,-1.79218452154));
#3526 = CARTESIAN_POINT('',(2.703769356382,-1.79218452154));
#3527 = CARTESIAN_POINT('',(2.729028392106,-1.79218452154));
#3528 = CARTESIAN_POINT('',(2.739552990632,-1.79218452154));
#3529 = CARTESIAN_POINT('',(2.750077589223,-1.79218452154));
#3530 = CARTESIAN_POINT('',(2.760602187813,-1.79218452154));
#3531 = CARTESIAN_POINT('',(2.771126786339,-1.79218452154));
#3532 = CARTESIAN_POINT('',(2.796912051878,-1.79218452154));
#3533 = CARTESIAN_POINT('',(2.812172719847,-1.79218452154));
#3534 = CARTESIAN_POINT('',(2.827433388231,-1.79218452154));
#3535 = CARTESIAN_POINT('',(2.842694056614,-1.79218452154));
#3536 = CARTESIAN_POINT('',(2.857954724584,-1.79218452154));
#3537 = CARTESIAN_POINT('',(2.888476058867,-1.79218452154));
#3538 = CARTESIAN_POINT('',(2.903736726836,-1.79218452154));
#3539 = CARTESIAN_POINT('',(2.91899739522,-1.79218452154));
#3540 = CARTESIAN_POINT('',(2.934258063603,-1.79218452154));
#3541 = CARTESIAN_POINT('',(2.949518731573,-1.79218452154));
#3542 = CARTESIAN_POINT('',(2.979513836042,-1.79218452154));
#3543 = CARTESIAN_POINT('',(2.994248274064,-1.79218452154));
#3544 = CARTESIAN_POINT('',(3.008982712433,-1.79218452154));
#3545 = CARTESIAN_POINT('',(3.023717150803,-1.79218452154));
#3546 = CARTESIAN_POINT('',(3.038451588825,-1.79218452154));
#3547 = CARTESIAN_POINT('',(3.068446693294,-1.79218452154));
#3548 = CARTESIAN_POINT('',(3.083707361263,-1.79218452154));
#3549 = CARTESIAN_POINT('',(3.098968029647,-1.79218452154));
#3550 = CARTESIAN_POINT('',(3.11422869803,-1.79218452154));
#3551 = CARTESIAN_POINT('',(3.129489366,-1.79218452154));
#3552 = CARTESIAN_POINT('',(3.160010700283,-1.79218452154));
#3553 = CARTESIAN_POINT('',(3.175271368252,-1.79218452154));
#3554 = CARTESIAN_POINT('',(3.190532036636,-1.79218452154));
#3555 = CARTESIAN_POINT('',(3.205792705019,-1.79218452154));
#3556 = CARTESIAN_POINT('',(3.221053372989,-1.79218452154));
#3557 = CARTESIAN_POINT('',(3.251574707272,-1.79218452154));
#3558 = CARTESIAN_POINT('',(3.266835375241,-1.79218452154));
#3559 = CARTESIAN_POINT('',(3.282096043625,-1.79218452154));
#3560 = CARTESIAN_POINT('',(3.297356712008,-1.79218452154));
#3561 = CARTESIAN_POINT('',(3.312617379978,-1.79218452154));
#3562 = CARTESIAN_POINT('',(3.343138714261,-1.79218452154));
#3563 = CARTESIAN_POINT('',(3.35839938223,-1.79218452154));
#3564 = CARTESIAN_POINT('',(3.373660050614,-1.79218452154));
#3565 = CARTESIAN_POINT('',(3.388920718997,-1.79218452154));
#3566 = CARTESIAN_POINT('',(3.404181386967,-1.79218452154));
#3567 = CARTESIAN_POINT('',(3.434176491436,-1.79218452154));
#3568 = CARTESIAN_POINT('',(3.448910929458,-1.79218452154));
#3569 = CARTESIAN_POINT('',(3.463645367827,-1.79218452154));
#3570 = CARTESIAN_POINT('',(3.478379806197,-1.79218452154));
#3571 = CARTESIAN_POINT('',(3.493114244219,-1.79218452154));
#3572 = CARTESIAN_POINT('',(3.523109348688,-1.79218452154));
#3573 = CARTESIAN_POINT('',(3.538370016657,-1.79218452154));
#3574 = CARTESIAN_POINT('',(3.553630685041,-1.79218452154));
#3575 = CARTESIAN_POINT('',(3.568891353424,-1.79218452154));
#3576 = CARTESIAN_POINT('',(3.584152021394,-1.79218452154));
#3577 = CARTESIAN_POINT('',(3.614673355677,-1.79218452154));
#3578 = CARTESIAN_POINT('',(3.629934023646,-1.79218452154));
#3579 = CARTESIAN_POINT('',(3.64519469203,-1.79218452154));
#3580 = CARTESIAN_POINT('',(3.660455360413,-1.79218452154));
#3581 = CARTESIAN_POINT('',(3.675716028383,-1.79218452154));
#3582 = CARTESIAN_POINT('',(3.706237362666,-1.79218452154));
#3583 = CARTESIAN_POINT('',(3.721498030635,-1.79218452154));
#3584 = CARTESIAN_POINT('',(3.736758699019,-1.79218452154));
#3585 = CARTESIAN_POINT('',(3.752019367402,-1.79218452154));
#3586 = CARTESIAN_POINT('',(3.767280035372,-1.79218452154));
#3587 = CARTESIAN_POINT('',(3.797801369655,-1.79218452154));
#3588 = CARTESIAN_POINT('',(3.813062037624,-1.79218452154));
#3589 = CARTESIAN_POINT('',(3.828322706008,-1.79218452154));
#3590 = CARTESIAN_POINT('',(3.843583374391,-1.79218452154));
#3591 = CARTESIAN_POINT('',(3.858844042361,-1.79218452154));
#3592 = CARTESIAN_POINT('',(3.888312917001,-1.79218452154));
#3593 = CARTESIAN_POINT('',(3.902521125078,-1.79218452154));
#3594 = CARTESIAN_POINT('',(3.916729333445,-1.79218452154));
#3595 = CARTESIAN_POINT('',(3.930937541813,-1.79218452154));
#3596 = CARTESIAN_POINT('',(3.94514574989,-1.79218452154));
#3597 = CARTESIAN_POINT('',(3.97461462453,-1.79218452154));
#3598 = CARTESIAN_POINT('',(3.9898752925,-1.79218452154));
#3599 = CARTESIAN_POINT('',(4.005135960883,-1.79218452154));
#3600 = CARTESIAN_POINT('',(4.020396629267,-1.79218452154));
#3601 = CARTESIAN_POINT('',(4.035657297236,-1.79218452154));
#3602 = CARTESIAN_POINT('',(4.06196879267,-1.79218452154));
#3603 = CARTESIAN_POINT('',(4.073019621127,-1.79218452154));
#3604 = CARTESIAN_POINT('',(4.084070449667,-1.79218452154));
#3605 = CARTESIAN_POINT('',(4.095121278206,-1.79218452154));
#3606 = CARTESIAN_POINT('',(4.106172106664,-1.79218452154));
#3607 = CARTESIAN_POINT('',(4.132483602097,-1.79218452154));
#3608 = CARTESIAN_POINT('',(4.147744270067,-1.79218452154));
#3609 = CARTESIAN_POINT('',(4.16300493845,-1.79218452154));
#3610 = CARTESIAN_POINT('',(4.178265606834,-1.79218452154));
#3611 = CARTESIAN_POINT('',(4.193526274803,-1.79218452154));
#3612 = CARTESIAN_POINT('',(4.220890230009,-1.79218452154));
#3613 = CARTESIAN_POINT('',(4.232993518332,-1.79218452154));
#3614 = CARTESIAN_POINT('',(4.245096806785,-1.79218452154));
#3615 = CARTESIAN_POINT('',(4.257200095239,-1.79218452154));
#3616 = CARTESIAN_POINT('',(4.269303383562,-1.79218452154));
#3617 = CARTESIAN_POINT('',(4.296667338767,-1.79218452154));
#3618 = CARTESIAN_POINT('',(4.311928006737,-1.79218452154));
#3619 = CARTESIAN_POINT('',(4.32718867512,-1.79218452154));
#3620 = CARTESIAN_POINT('',(4.342449343504,-1.79218452154));
#3621 = CARTESIAN_POINT('',(4.357710011473,-1.79218452154));
#3622 = CARTESIAN_POINT('',(4.382442817205,-1.79218452154));
#3623 = CARTESIAN_POINT('',(4.391914955872,-1.79218452154));
#3624 = CARTESIAN_POINT('',(4.401387094577,-1.79218452154));
#3625 = CARTESIAN_POINT('',(4.410859233282,-1.79218452154));
#3626 = CARTESIAN_POINT('',(4.420331371949,-1.79218452154));
#3627 = CARTESIAN_POINT('',(4.445064177681,-1.79218452154));
#3628 = CARTESIAN_POINT('',(4.46032484565,-1.79218452154));
#3629 = CARTESIAN_POINT('',(4.475585514034,-1.79218452154));
#3630 = CARTESIAN_POINT('',(4.490846182417,-1.79218452154));
#3631 = CARTESIAN_POINT('',(4.506106850387,-1.79218452154));
#3632 = CARTESIAN_POINT('',(4.531365886024,-1.79218452154));
#3633 = CARTESIAN_POINT('',(4.54136425462,-1.79218452154));
#3634 = CARTESIAN_POINT('',(4.551362623266,-1.79218452154));
#3635 = CARTESIAN_POINT('',(4.561360991912,-1.79218452154));
#3636 = CARTESIAN_POINT('',(4.571359360508,-1.79218452154));
#3637 = CARTESIAN_POINT('',(4.596618396145,-1.79218452154));
#3638 = CARTESIAN_POINT('',(4.611879064115,-1.79218452154));
#3639 = CARTESIAN_POINT('',(4.627139732498,-1.79218452154));
#3640 = CARTESIAN_POINT('',(4.642400400882,-1.79218452154));
#3641 = CARTESIAN_POINT('',(4.657661068851,-1.79218452154));
#3642 = CARTESIAN_POINT('',(4.687129943491,-1.79218452154));
#3643 = CARTESIAN_POINT('',(4.701338151569,-1.79218452154));
#3644 = CARTESIAN_POINT('',(4.715546359936,-1.79218452154));
#3645 = CARTESIAN_POINT('',(4.729754568303,-1.79218452154));
#3646 = CARTESIAN_POINT('',(4.743962776381,-1.79218452154));
#3647 = CARTESIAN_POINT('',(4.771852961535,-1.79218452154));
#3648 = CARTESIAN_POINT('',(4.785534939671,-1.79218452154));
#3649 = CARTESIAN_POINT('',(4.799216918047,-1.79218452154));
#3650 = CARTESIAN_POINT('',(4.812898896422,-1.79218452154));
#3651 = CARTESIAN_POINT('',(4.826580874558,-1.79218452154));
#3652 = CARTESIAN_POINT('',(4.855523519356,-1.79218452154));
#3653 = CARTESIAN_POINT('',(4.870784187325,-1.79218452154));
#3654 = CARTESIAN_POINT('',(4.886044855709,-1.79218452154));
#3655 = CARTESIAN_POINT('',(4.901305524092,-1.79218452154));
#3656 = CARTESIAN_POINT('',(4.916566192062,-1.79218452154));
#3657 = CARTESIAN_POINT('',(4.947087526345,-1.79218452154));
#3658 = CARTESIAN_POINT('',(4.962348194314,-1.79218452154));
#3659 = CARTESIAN_POINT('',(4.977608862698,-1.79218452154));
#3660 = CARTESIAN_POINT('',(4.992869531081,-1.79218452154));
#3661 = CARTESIAN_POINT('',(5.008130199051,-1.79218452154));
#3662 = CARTESIAN_POINT('',(5.03812530352,-1.79218452154));
#3663 = CARTESIAN_POINT('',(5.052859741542,-1.79218452154));
#3664 = CARTESIAN_POINT('',(5.067594179911,-1.79218452154));
#3665 = CARTESIAN_POINT('',(5.082328618281,-1.79218452154));
#3666 = CARTESIAN_POINT('',(5.097063056303,-1.79218452154));
#3667 = CARTESIAN_POINT('',(5.127058160772,-1.79218452154));
#3668 = CARTESIAN_POINT('',(5.142318828741,-1.79218452154));
#3669 = CARTESIAN_POINT('',(5.157579497125,-1.79218452154));
#3670 = CARTESIAN_POINT('',(5.172840165508,-1.79218452154));
#3671 = CARTESIAN_POINT('',(5.188100833478,-1.79218452154));
#3672 = CARTESIAN_POINT('',(5.217569708118,-1.79218452154));
#3673 = CARTESIAN_POINT('',(5.231777916195,-1.79218452154));
#3674 = CARTESIAN_POINT('',(5.245986124562,-1.79218452154));
#3675 = CARTESIAN_POINT('',(5.26019433293,-1.79218452154));
#3676 = CARTESIAN_POINT('',(5.274402541007,-1.79218452154));
#3677 = CARTESIAN_POINT('',(5.302292726162,-1.79218452154));
#3678 = CARTESIAN_POINT('',(5.315974704297,-1.79218452154));
#3679 = CARTESIAN_POINT('',(5.329656682673,-1.79218452154));
#3680 = CARTESIAN_POINT('',(5.343338661049,-1.79218452154));
#3681 = CARTESIAN_POINT('',(5.357020639184,-1.79218452154));
#3682 = CARTESIAN_POINT('',(5.385963283982,-1.79218452154));
#3683 = CARTESIAN_POINT('',(5.401223951952,-1.79218452154));
#3684 = CARTESIAN_POINT('',(5.416484620335,-1.79218452154));
#3685 = CARTESIAN_POINT('',(5.431745288719,-1.79218452154));
#3686 = CARTESIAN_POINT('',(5.447005956688,-1.79218452154));
#3687 = CARTESIAN_POINT('',(5.473843682011,-1.79218452154));
#3688 = CARTESIAN_POINT('',(5.485420740401,-1.79218452154));
#3689 = CARTESIAN_POINT('',(5.496997798894,-1.79218452154));
#3690 = CARTESIAN_POINT('',(5.508574857388,-1.79218452154));
#3691 = CARTESIAN_POINT('',(5.520151915778,-1.79218452154));
#3692 = CARTESIAN_POINT('',(5.546989641101,-1.79218452154));
#3693 = CARTESIAN_POINT('',(5.56225030907,-1.79218452154));
#3694 = CARTESIAN_POINT('',(5.577510977454,-1.79218452154));
#3695 = CARTESIAN_POINT('',(5.592771645837,-1.79218452154));
#3696 = CARTESIAN_POINT('',(5.608032313807,-1.79218452154));
#3697 = CARTESIAN_POINT('',(5.733262401962,-1.79218452154));
#3698 = CARTESIAN_POINT('',(5.843277455908,-1.79218452154));
#3699 = CARTESIAN_POINT('',(5.953239144064,-1.79218452154));
#3700 = CARTESIAN_POINT('',(6.06320083222,-1.79218452154));
#3701 = CARTESIAN_POINT('',(6.173215886166,-1.79218452154));
#3702 = CARTESIAN_POINT('',(6.28318530718,-1.79218452154));
#3703 = ( GEOMETRIC_REPRESENTATION_CONTEXT(2) 
PARAMETRIC_REPRESENTATION_CONTEXT() REPRESENTATION_CONTEXT('2D SPACE',''
  ) );
#3704 = ORIENTED_EDGE('',*,*,#2656,.F.);
#3705 = ADVANCED_FACE('',(#3706,#3709),#2378,.T.);
#3706 = FACE_BOUND('',#3707,.T.);
#3707 = EDGE_LOOP('',(#3708));
#3708 = ORIENTED_EDGE('',*,*,#2363,.T.);
#3709 = FACE_BOUND('',#3710,.T.);
#3710 = EDGE_LOOP('',(#3711));
#3711 = ORIENTED_EDGE('',*,*,#3712,.F.);
#3712 = EDGE_CURVE('',#3713,#3713,#3715,.T.);
#3713 = VERTEX_POINT('',#3714);
#3714 = CARTESIAN_POINT('',(42.,54.25,-28.5));
#3715 = SURFACE_CURVE('',#3716,(#3721,#3728),.PCURVE_S1.);
#3716 = CIRCLE('',#3717,24.);
#3717 = AXIS2_PLACEMENT_3D('',#3718,#3719,#3720);
#3718 = CARTESIAN_POINT('',(42.,30.25,-28.5));
#3719 = DIRECTION('',(1.,0.,0.));
#3720 = DIRECTION('',(0.,1.,0.));
#3721 = PCURVE('',#2378,#3722);
#3722 = DEFINITIONAL_REPRESENTATION('',(#3723),#3727);
#3723 = CIRCLE('',#3724,24.);
#3724 = AXIS2_PLACEMENT_2D('',#3725,#3726);
#3725 = CARTESIAN_POINT('',(0.,0.));
#3726 = DIRECTION('',(0.,-1.));
#3727 = ( GEOMETRIC_REPRESENTATION_CONTEXT(2) 
PARAMETRIC_REPRESENTATION_CONTEXT() REPRESENTATION_CONTEXT('2D SPACE',''
  ) );
#3728 = PCURVE('',#3729,#3734);
#3729 = CYLINDRICAL_SURFACE('',#3730,24.);
#3730 = AXIS2_PLACEMENT_3D('',#3731,#3732,#3733);
#3731 = CARTESIAN_POINT('',(50.,30.25,-28.5));
#3732 = DIRECTION('',(1.,0.,0.));
#3733 = DIRECTION('',(0.,1.,0.));
#3734 = DEFINITIONAL_REPRESENTATION('',(#3735),#3739);
#3735 = LINE('',#3736,#3737);
#3736 = CARTESIAN_POINT('',(0.,-8.));
#3737 = VECTOR('',#3738,1.);
#3738 = DIRECTION('',(1.,0.));
#3739 = ( GEOMETRIC_REPRESENTATION_CONTEXT(2) 
PARAMETRIC_REPRESENTATION_CONTEXT() REPRESENTATION_CONTEXT('2D SPACE',''
  ) );
#3740 = ADVANCED_FACE('',(#3741),#2433,.F.);
#3741 = FACE_BOUND('',#3742,.F.);
#3742 = EDGE_LOOP('',(#3743,#3744,#3765,#3792));
#3743 = ORIENTED_EDGE('',*,*,#2418,.T.);
#3744 = ORIENTED_EDGE('',*,*,#3745,.T.);
#3745 = EDGE_CURVE('',#2396,#3746,#3748,.T.);
#3746 = VERTEX_POINT('',#3747);
#3747 = CARTESIAN_POINT('',(26.,-88.6,58.5));
#3748 = SEAM_CURVE('',#3749,(#3753,#3759),.PCURVE_S1.);
#3749 = LINE('',#3750,#3751);
#3750 = CARTESIAN_POINT('',(26.,-91.6,61.5));
#3751 = VECTOR('',#3752,1.);
#3752 = DIRECTION('',(0.,0.707106781187,-0.707106781187));
#3753 = PCURVE('',#2433,#3754);
#3754 = DEFINITIONAL_REPRESENTATION('',(#3755),#3758);
#3755 = B_SPLINE_CURVE_WITH_KNOTS('',1,(#3756,#3757),.UNSPECIFIED.,.F.,
  .F.,(2,2),(0.,5.091168824543),.PIECEWISE_BEZIER_KNOTS.);
#3756 = CARTESIAN_POINT('',(0.,0.));
#3757 = CARTESIAN_POINT('',(0.,-3.6));
#3758 = ( GEOMETRIC_REPRESENTATION_CONTEXT(2) 
PARAMETRIC_REPRESENTATION_CONTEXT() REPRESENTATION_CONTEXT('2D SPACE',''
  ) );
#3759 = PCURVE('',#2433,#3760);
#3760 = DEFINITIONAL_REPRESENTATION('',(#3761),#3764);
#3761 = B_SPLINE_CURVE_WITH_KNOTS('',1,(#3762,#3763),.UNSPECIFIED.,.F.,
  .F.,(2,2),(0.,5.091168824543),.PIECEWISE_BEZIER_KNOTS.);
#3762 = CARTESIAN_POINT('',(-6.28318530718,0.));
#3763 = CARTESIAN_POINT('',(-6.28318530718,-3.6));
#3764 = ( GEOMETRIC_REPRESENTATION_CONTEXT(2) 
PARAMETRIC_REPRESENTATION_CONTEXT() REPRESENTATION_CONTEXT('2D SPACE',''
  ) );
#3765 = ORIENTED_EDGE('',*,*,#3766,.T.);
#3766 = EDGE_CURVE('',#3746,#3746,#3767,.T.);
#3767 = SURFACE_CURVE('',#3768,(#3773,#3780),.PCURVE_S1.);
#3768 = CIRCLE('',#3769,5.);
#3769 = AXIS2_PLACEMENT_3D('',#3770,#3771,#3772);
#3770 = CARTESIAN_POINT('',(26.,-88.6,53.5));
#3771 = DIRECTION('',(0.,-1.,-0.));
#3772 = DIRECTION('',(0.,0.,-1.));
#3773 = PCURVE('',#2433,#3774);
#3774 = DEFINITIONAL_REPRESENTATION('',(#3775),#3779);
#3775 = LINE('',#3776,#3777);
#3776 = CARTESIAN_POINT('',(-9.424777960769,-3.));
#3777 = VECTOR('',#3778,1.);
#3778 = DIRECTION('',(1.,-0.));
#3779 = ( GEOMETRIC_REPRESENTATION_CONTEXT(2) 
PARAMETRIC_REPRESENTATION_CONTEXT() REPRESENTATION_CONTEXT('2D SPACE',''
  ) );
#3780 = PCURVE('',#3781,#3786);
#3781 = CYLINDRICAL_SURFACE('',#3782,5.);
#3782 = AXIS2_PLACEMENT_3D('',#3783,#3784,#3785);
#3783 = CARTESIAN_POINT('',(26.,-90.39218452154,53.5));
#3784 = DIRECTION('',(-0.,-1.,-0.));
#3785 = DIRECTION('',(0.,0.,1.));
#3786 = DEFINITIONAL_REPRESENTATION('',(#3787),#3791);
#3787 = LINE('',#3788,#3789);
#3788 = CARTESIAN_POINT('',(-9.424777960769,-1.79218452154));
#3789 = VECTOR('',#3790,1.);
#3790 = DIRECTION('',(1.,-0.));
#3791 = ( GEOMETRIC_REPRESENTATION_CONTEXT(2) 
PARAMETRIC_REPRESENTATION_CONTEXT() REPRESENTATION_CONTEXT('2D SPACE',''
  ) );
#3792 = ORIENTED_EDGE('',*,*,#3745,.F.);
#3793 = ADVANCED_FACE('',(#3794),#2496,.T.);
#3794 = FACE_BOUND('',#3795,.T.);
#3795 = EDGE_LOOP('',(#3796));
#3796 = ORIENTED_EDGE('',*,*,#2481,.T.);
#3797 = ADVANCED_FACE('',(#3798),#2551,.T.);
#3798 = FACE_BOUND('',#3799,.T.);
#3799 = EDGE_LOOP('',(#3800));
#3800 = ORIENTED_EDGE('',*,*,#2536,.T.);
#3801 = ADVANCED_FACE('',(#3802),#2587,.T.);
#3802 = FACE_BOUND('',#3803,.T.);
#3803 = EDGE_LOOP('',(#3804,#3827,#3828,#3829));
#3804 = ORIENTED_EDGE('',*,*,#3805,.T.);
#3805 = EDGE_CURVE('',#3806,#2571,#3808,.T.);
#3806 = VERTEX_POINT('',#3807);
#3807 = CARTESIAN_POINT('',(7.2,125.,-6.));
#3808 = SEAM_CURVE('',#3809,(#3813,#3820),.PCURVE_S1.);
#3809 = LINE('',#3810,#3811);
#3810 = CARTESIAN_POINT('',(7.2,125.,-6.));
#3811 = VECTOR('',#3812,1.);
#3812 = DIRECTION('',(-0.,-1.,-0.));
#3813 = PCURVE('',#2587,#3814);
#3814 = DEFINITIONAL_REPRESENTATION('',(#3815),#3819);
#3815 = LINE('',#3816,#3817);
#3816 = CARTESIAN_POINT('',(0.,0.));
#3817 = VECTOR('',#3818,1.);
#3818 = DIRECTION('',(0.,-1.));
#3819 = ( GEOMETRIC_REPRESENTATION_CONTEXT(2) 
PARAMETRIC_REPRESENTATION_CONTEXT() REPRESENTATION_CONTEXT('2D SPACE',''
  ) );
#3820 = PCURVE('',#2587,#3821);
#3821 = DEFINITIONAL_REPRESENTATION('',(#3822),#3826);
#3822 = LINE('',#3823,#3824);
#3823 = CARTESIAN_POINT('',(6.28318530718,0.));
#3824 = VECTOR('',#3825,1.);
#3825 = DIRECTION('',(0.,-1.));
#3826 = ( GEOMETRIC_REPRESENTATION_CONTEXT(2) 
PARAMETRIC_REPRESENTATION_CONTEXT() REPRESENTATION_CONTEXT('2D SPACE',''
  ) );
#3827 = ORIENTED_EDGE('',*,*,#2570,.T.);
#3828 = ORIENTED_EDGE('',*,*,#3805,.F.);
#3829 = ORIENTED_EDGE('',*,*,#3830,.F.);
#3830 = EDGE_CURVE('',#3806,#3806,#3831,.T.);
#3831 = SURFACE_CURVE('',#3832,(#3837,#3844),.PCURVE_S1.);
#3832 = CIRCLE('',#3833,6.);
#3833 = AXIS2_PLACEMENT_3D('',#3834,#3835,#3836);
#3834 = CARTESIAN_POINT('',(7.2,125.,0.));
#3835 = DIRECTION('',(0.,1.,0.));
#3836 = DIRECTION('',(0.,0.,-1.));
#3837 = PCURVE('',#2587,#3838);
#3838 = DEFINITIONAL_REPRESENTATION('',(#3839),#3843);
#3839 = LINE('',#3840,#3841);
#3840 = CARTESIAN_POINT('',(0.,0.));
#3841 = VECTOR('',#3842,1.);
#3842 = DIRECTION('',(1.,0.));
#3843 = ( GEOMETRIC_REPRESENTATION_CONTEXT(2) 
PARAMETRIC_REPRESENTATION_CONTEXT() REPRESENTATION_CONTEXT('2D SPACE',''
  ) );
#3844 = PCURVE('',#3845,#3850);
#3845 = PLANE('',#3846);
#3846 = AXIS2_PLACEMENT_3D('',#3847,#3848,#3849);
#3847 = CARTESIAN_POINT('',(-50.,125.,-100.));
#3848 = DIRECTION('',(0.,1.,0.));
#3849 = DIRECTION('',(0.,0.,1.));
#3850 = DEFINITIONAL_REPRESENTATION('',(#3851),#3855);
#3851 = CIRCLE('',#3852,6.);
#3852 = AXIS2_PLACEMENT_2D('',#3853,#3854);
#3853 = CARTESIAN_POINT('',(100.,57.2));
#3854 = DIRECTION('',(-1.,0.));
#3855 = ( GEOMETRIC_REPRESENTATION_CONTEXT(2) 
PARAMETRIC_REPRESENTATION_CONTEXT() REPRESENTATION_CONTEXT('2D SPACE',''
  ) );
#3856 = ADVANCED_FACE('',(#3857),#2639,.F.);
#3857 = FACE_BOUND('',#3858,.F.);
#3858 = EDGE_LOOP('',(#3859,#3860,#3883,#3910));
#3859 = ORIENTED_EDGE('',*,*,#2624,.F.);
#3860 = ORIENTED_EDGE('',*,*,#3861,.T.);
#3861 = EDGE_CURVE('',#2604,#3862,#3864,.T.);
#3862 = VERTEX_POINT('',#3863);
#3863 = CARTESIAN_POINT('',(2.39218452154,97.416666666667,75.));
#3864 = SEAM_CURVE('',#3865,(#3869,#3876),.PCURVE_S1.);
#3865 = LINE('',#3866,#3867);
#3866 = CARTESIAN_POINT('',(48.39218452154,97.416666666667,75.));
#3867 = VECTOR('',#3868,1.);
#3868 = DIRECTION('',(-1.,-0.,-0.));
#3869 = PCURVE('',#2639,#3870);
#3870 = DEFINITIONAL_REPRESENTATION('',(#3871),#3875);
#3871 = LINE('',#3872,#3873);
#3872 = CARTESIAN_POINT('',(6.28318530718,0.));
#3873 = VECTOR('',#3874,1.);
#3874 = DIRECTION('',(0.,-1.));
#3875 = ( GEOMETRIC_REPRESENTATION_CONTEXT(2) 
PARAMETRIC_REPRESENTATION_CONTEXT() REPRESENTATION_CONTEXT('2D SPACE',''
  ) );
#3876 = PCURVE('',#2639,#3877);
#3877 = DEFINITIONAL_REPRESENTATION('',(#3878),#3882);
#3878 = LINE('',#3879,#3880);
#3879 = CARTESIAN_POINT('',(0.,0.));
#3880 = VECTOR('',#3881,1.);
#3881 = DIRECTION('',(0.,-1.));
#3882 = ( GEOMETRIC_REPRESENTATION_CONTEXT(2) 
PARAMETRIC_REPRESENTATION_CONTEXT() REPRESENTATION_CONTEXT('2D SPACE',''
  ) );
#3883 = ORIENTED_EDGE('',*,*,#3884,.T.);
#3884 = EDGE_CURVE('',#3862,#3862,#3885,.T.);
#3885 = SURFACE_CURVE('',#3886,(#3891,#3898),.PCURVE_S1.);
#3886 = CIRCLE('',#3887,5.);
#3887 = AXIS2_PLACEMENT_3D('',#3888,#3889,#3890);
#3888 = CARTESIAN_POINT('',(2.39218452154,97.416666666667,70.));
#3889 = DIRECTION('',(1.,0.,-0.));
#3890 = DIRECTION('',(0.,0.,1.));
#3891 = PCURVE('',#2639,#3892);
#3892 = DEFINITIONAL_REPRESENTATION('',(#3893),#3897);
#3893 = LINE('',#3894,#3895);
#3894 = CARTESIAN_POINT('',(0.,-46.));
#3895 = VECTOR('',#3896,1.);
#3896 = DIRECTION('',(1.,0.));
#3897 = ( GEOMETRIC_REPRESENTATION_CONTEXT(2) 
PARAMETRIC_REPRESENTATION_CONTEXT() REPRESENTATION_CONTEXT('2D SPACE',''
  ) );
#3898 = PCURVE('',#3899,#3904);
#3899 = PLANE('',#3900);
#3900 = AXIS2_PLACEMENT_3D('',#3901,#3902,#3903);
#3901 = CARTESIAN_POINT('',(2.39218452154,97.416666666667,70.));
#3902 = DIRECTION('',(1.,0.,0.));
#3903 = DIRECTION('',(-0.,0.,1.));
#3904 = DEFINITIONAL_REPRESENTATION('',(#3905),#3909);
#3905 = CIRCLE('',#3906,5.);
#3906 = AXIS2_PLACEMENT_2D('',#3907,#3908);
#3907 = CARTESIAN_POINT('',(0.,0.));
#3908 = DIRECTION('',(1.,0.));
#3909 = ( GEOMETRIC_REPRESENTATION_CONTEXT(2) 
PARAMETRIC_REPRESENTATION_CONTEXT() REPRESENTATION_CONTEXT('2D SPACE',''
  ) );
#3910 = ORIENTED_EDGE('',*,*,#3861,.F.);
#3911 = ADVANCED_FACE('',(#3912),#3359,.F.);
#3912 = FACE_BOUND('',#3913,.F.);
#3913 = EDGE_LOOP('',(#3914,#3915,#3938,#3965));
#3914 = ORIENTED_EDGE('',*,*,#2677,.F.);
#3915 = ORIENTED_EDGE('',*,*,#3916,.T.);
#3916 = EDGE_CURVE('',#2657,#3917,#3919,.T.);
#3917 = VERTEX_POINT('',#3918);
#3918 = CARTESIAN_POINT('',(2.39218452154,69.833333333333,75.));
#3919 = SEAM_CURVE('',#3920,(#3924,#3931),.PCURVE_S1.);
#3920 = LINE('',#3921,#3922);
#3921 = CARTESIAN_POINT('',(48.39218452154,69.833333333333,75.));
#3922 = VECTOR('',#3923,1.);
#3923 = DIRECTION('',(-1.,-0.,-0.));
#3924 = PCURVE('',#3359,#3925);
#3925 = DEFINITIONAL_REPRESENTATION('',(#3926),#3930);
#3926 = LINE('',#3927,#3928);
#3927 = CARTESIAN_POINT('',(6.28318530718,0.));
#3928 = VECTOR('',#3929,1.);
#3929 = DIRECTION('',(0.,-1.));
#3930 = ( GEOMETRIC_REPRESENTATION_CONTEXT(2) 
PARAMETRIC_REPRESENTATION_CONTEXT() REPRESENTATION_CONTEXT('2D SPACE',''
  ) );
#3931 = PCURVE('',#3359,#3932);
#3932 = DEFINITIONAL_REPRESENTATION('',(#3933),#3937);
#3933 = LINE('',#3934,#3935);
#3934 = CARTESIAN_POINT('',(0.,0.));
#3935 = VECTOR('',#3936,1.);
#3936 = DIRECTION('',(0.,-1.));
#3937 = ( GEOMETRIC_REPRESENTATION_CONTEXT(2) 
PARAMETRIC_REPRESENTATION_CONTEXT() REPRESENTATION_CONTEXT('2D SPACE',''
  ) );
#3938 = ORIENTED_EDGE('',*,*,#3939,.T.);
#3939 = EDGE_CURVE('',#3917,#3917,#3940,.T.);
#3940 = SURFACE_CURVE('',#3941,(#3946,#3953),.PCURVE_S1.);
#3941 = CIRCLE('',#3942,5.);
#3942 = AXIS2_PLACEMENT_3D('',#3943,#3944,#3945);
#3943 = CARTESIAN_POINT('',(2.39218452154,69.833333333333,70.));
#3944 = DIRECTION('',(1.,0.,-0.));
#3945 = DIRECTION('',(0.,0.,1.));
#3946 = PCURVE('',#3359,#3947);
#3947 = DEFINITIONAL_REPRESENTATION('',(#3948),#3952);
#3948 = LINE('',#3949,#3950);
#3949 = CARTESIAN_POINT('',(0.,-46.));
#3950 = VECTOR('',#3951,1.);
#3951 = DIRECTION('',(1.,0.));
#3952 = ( GEOMETRIC_REPRESENTATION_CONTEXT(2) 
PARAMETRIC_REPRESENTATION_CONTEXT() REPRESENTATION_CONTEXT('2D SPACE',''
  ) );
#3953 = PCURVE('',#3954,#3959);
#3954 = PLANE('',#3955);
#3955 = AXIS2_PLACEMENT_3D('',#3956,#3957,#3958);
#3956 = CARTESIAN_POINT('',(2.39218452154,69.833333333333,70.));
#3957 = DIRECTION('',(1.,0.,-3.365806528943E-31));
#3958 = DIRECTION('',(3.365806528943E-31,0.,1.));
#3959 = DEFINITIONAL_REPRESENTATION('',(#3960),#3964);
#3960 = CIRCLE('',#3961,5.);
#3961 = AXIS2_PLACEMENT_2D('',#3962,#3963);
#3962 = CARTESIAN_POINT('',(0.,0.));
#3963 = DIRECTION('',(1.,0.));
#3964 = ( GEOMETRIC_REPRESENTATION_CONTEXT(2) 
PARAMETRIC_REPRESENTATION_CONTEXT() REPRESENTATION_CONTEXT('2D SPACE',''
  ) );
#3965 = ORIENTED_EDGE('',*,*,#3916,.F.);
#3966 = ADVANCED_FACE('',(#3967),#3729,.T.);
#3967 = FACE_BOUND('',#3968,.T.);
#3968 = EDGE_LOOP('',(#3969,#3992,#3993,#3994));
#3969 = ORIENTED_EDGE('',*,*,#3970,.T.);
#3970 = EDGE_CURVE('',#3971,#3713,#3973,.T.);
#3971 = VERTEX_POINT('',#3972);
#3972 = CARTESIAN_POINT('',(50.,54.25,-28.5));
#3973 = SEAM_CURVE('',#3974,(#3978,#3985),.PCURVE_S1.);
#3974 = LINE('',#3975,#3976);
#3975 = CARTESIAN_POINT('',(50.,54.25,-28.5));
#3976 = VECTOR('',#3977,1.);
#3977 = DIRECTION('',(-1.,-0.,-0.));
#3978 = PCURVE('',#3729,#3979);
#3979 = DEFINITIONAL_REPRESENTATION('',(#3980),#3984);
#3980 = LINE('',#3981,#3982);
#3981 = CARTESIAN_POINT('',(0.,0.));
#3982 = VECTOR('',#3983,1.);
#3983 = DIRECTION('',(0.,-1.));
#3984 = ( GEOMETRIC_REPRESENTATION_CONTEXT(2) 
PARAMETRIC_REPRESENTATION_CONTEXT() REPRESENTATION_CONTEXT('2D SPACE',''
  ) );
#3985 = PCURVE('',#3729,#3986);
#3986 = DEFINITIONAL_REPRESENTATION('',(#3987),#3991);
#3987 = LINE('',#3988,#3989);
#3988 = CARTESIAN_POINT('',(6.28318530718,0.));
#3989 = VECTOR('',#3990,1.);
#3990 = DIRECTION('',(0.,-1.));
#3991 = ( GEOMETRIC_REPRESENTATION_CONTEXT(2) 
PARAMETRIC_REPRESENTATION_CONTEXT() REPRESENTATION_CONTEXT('2D SPACE',''
  ) );
#3992 = ORIENTED_EDGE('',*,*,#3712,.T.);
#3993 = ORIENTED_EDGE('',*,*,#3970,.F.);
#3994 = ORIENTED_EDGE('',*,*,#3995,.F.);
#3995 = EDGE_CURVE('',#3971,#3971,#3996,.T.);
#3996 = SURFACE_CURVE('',#3997,(#4002,#4009),.PCURVE_S1.);
#3997 = CIRCLE('',#3998,24.);
#3998 = AXIS2_PLACEMENT_3D('',#3999,#4000,#4001);
#3999 = CARTESIAN_POINT('',(50.,30.25,-28.5));
#4000 = DIRECTION('',(1.,0.,0.));
#4001 = DIRECTION('',(0.,1.,0.));
#4002 = PCURVE('',#3729,#4003);
#4003 = DEFINITIONAL_REPRESENTATION('',(#4004),#4008);
#4004 = LINE('',#4005,#4006);
#4005 = CARTESIAN_POINT('',(0.,0.));
#4006 = VECTOR('',#4007,1.);
#4007 = DIRECTION('',(1.,0.));
#4008 = ( GEOMETRIC_REPRESENTATION_CONTEXT(2) 
PARAMETRIC_REPRESENTATION_CONTEXT() REPRESENTATION_CONTEXT('2D SPACE',''
  ) );
#4009 = PCURVE('',#4010,#4015);
#4010 = PLANE('',#4011);
#4011 = AXIS2_PLACEMENT_3D('',#4012,#4013,#4014);
#4012 = CARTESIAN_POINT('',(50.,-125.,-100.));
#4013 = DIRECTION('',(1.,0.,0.));
#4014 = DIRECTION('',(0.,0.,1.));
#4015 = DEFINITIONAL_REPRESENTATION('',(#4016),#4020);
#4016 = CIRCLE('',#4017,24.);
#4017 = AXIS2_PLACEMENT_2D('',#4018,#4019);
#4018 = CARTESIAN_POINT('',(71.5,-155.25));
#4019 = DIRECTION('',(0.,-1.));
#4020 = ( GEOMETRIC_REPRESENTATION_CONTEXT(2) 
PARAMETRIC_REPRESENTATION_CONTEXT() REPRESENTATION_CONTEXT('2D SPACE',''
  ) );
#4021 = ADVANCED_FACE('',(#4022),#3781,.F.);
#4022 = FACE_BOUND('',#4023,.T.);
#4023 = EDGE_LOOP('',(#4024,#4025,#4048,#4075));
#4024 = ORIENTED_EDGE('',*,*,#3766,.T.);
#4025 = ORIENTED_EDGE('',*,*,#4026,.T.);
#4026 = EDGE_CURVE('',#3746,#4027,#4029,.T.);
#4027 = VERTEX_POINT('',#4028);
#4028 = CARTESIAN_POINT('',(26.,-44.39218452154,58.5));
#4029 = SEAM_CURVE('',#4030,(#4034,#4041),.PCURVE_S1.);
#4030 = LINE('',#4031,#4032);
#4031 = CARTESIAN_POINT('',(26.,-90.39218452154,58.5));
#4032 = VECTOR('',#4033,1.);
#4033 = DIRECTION('',(0.,1.,0.));
#4034 = PCURVE('',#3781,#4035);
#4035 = DEFINITIONAL_REPRESENTATION('',(#4036),#4040);
#4036 = LINE('',#4037,#4038);
#4037 = CARTESIAN_POINT('',(-6.28318530718,0.));
#4038 = VECTOR('',#4039,1.);
#4039 = DIRECTION('',(-0.,-1.));
#4040 = ( GEOMETRIC_REPRESENTATION_CONTEXT(2) 
PARAMETRIC_REPRESENTATION_CONTEXT() REPRESENTATION_CONTEXT('2D SPACE',''
  ) );
#4041 = PCURVE('',#3781,#4042);
#4042 = DEFINITIONAL_REPRESENTATION('',(#4043),#4047);
#4043 = LINE('',#4044,#4045);
#4044 = CARTESIAN_POINT('',(-0.,0.));
#4045 = VECTOR('',#4046,1.);
#4046 = DIRECTION('',(-0.,-1.));
#4047 = ( GEOMETRIC_REPRESENTATION_CONTEXT(2) 
PARAMETRIC_REPRESENTATION_CONTEXT() REPRESENTATION_CONTEXT('2D SPACE',''
  ) );
#4048 = ORIENTED_EDGE('',*,*,#4049,.T.);
#4049 = EDGE_CURVE('',#4027,#4027,#4050,.T.);
#4050 = SURFACE_CURVE('',#4051,(#4056,#4063),.PCURVE_S1.);
#4051 = CIRCLE('',#4052,5.);
#4052 = AXIS2_PLACEMENT_3D('',#4053,#4054,#4055);
#4053 = CARTESIAN_POINT('',(26.,-44.39218452154,53.5));
#4054 = DIRECTION('',(0.,1.,0.));
#4055 = DIRECTION('',(0.,0.,1.));
#4056 = PCURVE('',#3781,#4057);
#4057 = DEFINITIONAL_REPRESENTATION('',(#4058),#4062);
#4058 = LINE('',#4059,#4060);
#4059 = CARTESIAN_POINT('',(-0.,-46.));
#4060 = VECTOR('',#4061,1.);
#4061 = DIRECTION('',(-1.,0.));
#4062 = ( GEOMETRIC_REPRESENTATION_CONTEXT(2) 
PARAMETRIC_REPRESENTATION_CONTEXT() REPRESENTATION_CONTEXT('2D SPACE',''
  ) );
#4063 = PCURVE('',#4064,#4069);
#4064 = PLANE('',#4065);
#4065 = AXIS2_PLACEMENT_3D('',#4066,#4067,#4068);
#4066 = CARTESIAN_POINT('',(26.,-44.39218452154,53.5));
#4067 = DIRECTION('',(1.346322611577E-30,1.,1.682903264471E-31));
#4068 = DIRECTION('',(1.,-1.346322611577E-30,0.));
#4069 = DEFINITIONAL_REPRESENTATION('',(#4070),#4074);
#4070 = CIRCLE('',#4071,5.);
#4071 = AXIS2_PLACEMENT_2D('',#4072,#4073);
#4072 = CARTESIAN_POINT('',(0.,0.));
#4073 = DIRECTION('',(0.,-1.));
#4074 = ( GEOMETRIC_REPRESENTATION_CONTEXT(2) 
PARAMETRIC_REPRESENTATION_CONTEXT() REPRESENTATION_CONTEXT('2D SPACE',''
  ) );
#4075 = ORIENTED_EDGE('',*,*,#4026,.F.);
#4076 = ADVANCED_FACE('',(#4077),#3845,.T.);
#4077 = FACE_BOUND('',#4078,.T.);
#4078 = EDGE_LOOP('',(#4079));
#4079 = ORIENTED_EDGE('',*,*,#3830,.T.);
#4080 = ADVANCED_FACE('',(#4081),#3899,.T.);
#4081 = FACE_BOUND('',#4082,.T.);
#4082 = EDGE_LOOP('',(#4083));
#4083 = ORIENTED_EDGE('',*,*,#3884,.T.);
#4084 = ADVANCED_FACE('',(#4085),#3954,.T.);
#4085 = FACE_BOUND('',#4086,.T.);
#4086 = EDGE_LOOP('',(#4087));
#4087 = ORIENTED_EDGE('',*,*,#3939,.T.);
#4088 = ADVANCED_FACE('',(#4089),#4010,.T.);
#4089 = FACE_BOUND('',#4090,.T.);
#4090 = EDGE_LOOP('',(#4091));
#4091 = ORIENTED_EDGE('',*,*,#3995,.T.);
#4092 = ADVANCED_FACE('',(#4093),#4064,.F.);
#4093 = FACE_BOUND('',#4094,.F.);
#4094 = EDGE_LOOP('',(#4095));
#4095 = ORIENTED_EDGE('',*,*,#4049,.T.);
#4096 = ( GEOMETRIC_REPRESENTATION_CONTEXT(3) 
GLOBAL_UNCERTAINTY_ASSIGNED_CONTEXT((#4100)) 
GLOBAL_UNIT_ASSIGNED_CONTEXT((#4097,#4098,#4099)) REPRESENTATION_CONTEXT
('Context #1','3D Context with UNIT and UNCERTAINTY') );
#4097 = ( LENGTH_UNIT() NAMED_UNIT(*) SI_UNIT(.MILLI.,.METRE.) );
#4098 = ( NAMED_UNIT(*) PLANE_ANGLE_UNIT() SI_UNIT($,.RADIAN.) );
#4099 = ( NAMED_UNIT(*) SI_UNIT($,.STERADIAN.) SOLID_ANGLE_UNIT() );
#4100 = UNCERTAINTY_MEASURE_WITH_UNIT(LENGTH_MEASURE(1.E-07),#4097,
  'distance_accuracy_value','confusion accuracy');
#4101 = PRODUCT_RELATED_PRODUCT_CATEGORY('part',$,(#7));
ENDSEC;
END-ISO-10303-21;
