Nr.;Schritt;Materialnummer;Volumen[mm^3];Arbeitsplatz;Qualifikation;Kosten[($)];Dauer[min]
0;initWorkingstep;null;2250000.0;null;1;0.0;0.0
1;liefern;00000024;2250000.0;liefern_3;1;0.0;0.0
2;bohren;00000024;2227608.29836154;Drill_Press_02;2;6.346187075629225;12.557860401885545
3;schweißen;00000024;2296974.985276378;Welding_Station_02;2;17.552699036482192;22.744837673636766
4;prüfen;00000024;2296974.985276378;Welding_Station_02;1;0.0;30.0
5;fräsen;00000024;2292934.985276379;CNC_Mill_06;2;12.156883050079196;19.211617709081104
