Nr.;Schritt;Materialnummer;Volumen[mm^3];Arbeitsplatz;Qualifikation;Kosten[($)];Dauer[min]
0;initWorkingstep;null;7999999.999999999;null;1;0.0;0.0
1;liefern;00000006;7999999.999999999;liefern_4;1;0.0;0.0
2;fräsen;00000006;6879124.989034761;CNC_Mill_07;2;14.997022807386164;25.36162694146502
3;bohren;00000006;6844711.98310734;Drill_Press_04;2;4.592704463452141;9.095591683131728
4;fräsen;00000006;6832497.470870182;CNC_Mill_08;2;5.113015885580851;8.440651110443802
