Nr.;Schritt;Materialnummer;Volumen[mm^3];Arbeitsplatz;Qualifikation;Kosten[($)];Dauer[min]
0;initWorkingstep;null;1500000.0;null;1;0.0;0.0
1;liefern;00000013;1500000.0;liefern_2;1;0.0;0.0
2;fräsen;00000013;1311961.343894639;CNC_Mill_06;2;13.73525300920619;22.042178702824554
3;bohren;00000013;1299237.893647601;Drill_Press_01;2;4.78867204435907;9.484752922842633
4;schleifen;00000013;1299237.893647601;Grinding_Station_01;1;5.8343688913980385;10.003263827487647
5;kontrollieren;00000013;1299237.893647601;Grinding_Station_01;1;0.5833333333333334;1.0
