Nr.;Schritt;Materialnummer;Volumen[mm^3];Arbeitsplatz;Qualifikation;Kosten[($)];Dauer[min]
0;initWorkingstep;null;502654.8245743669;null;1;0.0;0.0
1;liefern;00000014;502654.8245743669;liefern_2;1;0.0;0.0
2;drehen;00000014;207205.67868858948;CNC_Lathe_04;1;0.0;0.0
3;fräsen;00000014;206447.19235593872;CNC_Mill_08;2;5.110464718663835;8.43813251180562
