Nr.;Schritt;Materialnummer;Volumen[mm^3];Arbeitsplatz;Qualifikation;Kosten[($)];Dauer[min]
0;initWorkingstep;null;3999999.9999999995;null;1;0.0;0.0
1;liefern;00000009;3999999.9999999995;liefern_2;1;0.0;0.0
2;fräsen;00000009;3638075.583933758;CNC_Mill_06;2;12.43103417515508;19.482269012085467
3;bohren;00000009;3587529.803081981;Drill_Press_01;2;9.71903270673676;19.288979977747776
4;schweißen;00000009;4520495.976998782;Welding_Station_01;2;6.769070540099792;8.246312408709453
5;prüfen;00000009;4520495.976998782;Welding_Station_01;1;0.0;10.0
6;schleifen;00000009;4520495.976998782;Grinding_Station_01;1;5.8340359685134215;10.002214535420773
7;kontrollieren;00000009;4520495.976998782;Grinding_Station_01;1;0.5833333333333334;1.0
