Nr.;Schritt;Materialnummer;Volumen[mm^3];Arbeitsplatz;Qualifikation;Kosten[($)];Dauer[min]
0;initWorkingstep;null;9000000.0;null;1;0.0;0.0
1;liefern;00000012;9000000.0;liefern_2;1;0.0;0.0
2;fräsen;00000012;7094477.440656651;CNC_M_null_08;2;13.825626554138388;20.859057979948783
3;bohren;00000012;7062352.657215336;DrillPress_null_04;2;8.725282071364077;17.161039862010977
4;kontrollieren;00000012;7062352.657215336;DrillPress_null_04;1;2.0;4.0
5;fräsen;00000012;6890729.1853422215;CNC_M_null_08;2;13.54689488806746;21.85622516751245
6;prüfen;00000012;6890729.1853422215;CNC_M_null_08;1;0.0;16.0
