Nr.;Schritt;Materialnummer;Volumen[mm^3];Arbeitsplatz;Qualifikation;Kosten[($)];Dauer[min]
0;initWorkingstep;null;2500000.0;null;1;0.0;0.0
1;liefern;00000012;2500000.0;liefern_2;1;0.0;0.0
2;fräsen;00000012;1990540.225094825;CNC_Mill_06;2;10.750827267536598;16.55117112360711
3;bohren;00000012;1981888.3676768318;Drill_Press_02;2;6.149545459252583;12.19925092064584
4;schleifen;00000012;1981888.3676768318;Grinding_Station_02;1;5.891200104769811;10.09036153099506
5;kontrollieren;00000012;1981888.3676768318;Grinding_Station_02;1;0.5833333333333334;1.0
