ISO-10303-21;
HEADER;
FILE_DESCRIPTION(('Open CASCADE Model'),'2;1');
FILE_NAME('Open CASCADE Shape Model','2025-08-06T14:38:19',('Author'),(
    'Open CASCADE'),'Open CASCADE STEP processor 7.7','Open CASCADE 7.7'
  ,'Unknown');
FILE_SCHEMA(('AUTOMOTIVE_DESIGN { 1 0 10303 214 1 1 1 1 }'));
ENDSEC;
DATA;
#1 = APPLICATION_PROTOCOL_DEFINITION('international standard',
  'automotive_design',2000,#2);
#2 = APPLICATION_CONTEXT(
  'core data for automotive mechanical design processes');
#3 = SHAPE_DEFINITION_REPRESENTATION(#4,#10);
#4 = PRODUCT_DEFINITION_SHAPE('','',#5);
#5 = PRODUCT_DEFINITION('design','',#6,#9);
#6 = PRODUCT_DEFINITION_FORMATION('','',#7);
#7 = PRODUCT('substep_5.3','substep_5.3','',(#8));
#8 = PRODUCT_CONTEXT('',#2,'mechanical');
#9 = PRODUCT_DEFINITION_CONTEXT('part definition',#2,'design');
#10 = SHAPE_REPRESENTATION('',(#11,#15,#3213,#3311,#3797),#4207);
#11 = AXIS2_PLACEMENT_3D('',#12,#13,#14);
#12 = CARTESIAN_POINT('',(0.,0.,0.));
#13 = DIRECTION('',(0.,0.,1.));
#14 = DIRECTION('',(1.,0.,-0.));
#15 = MANIFOLD_SOLID_BREP('PartBody',#16);
#16 = CLOSED_SHELL('',(#17,#363,#439,#488,#537,#586,#691,#930,#979,#1161
    ,#1237,#1286,#1335,#1362,#1417,#1444,#1450,#1509,#1564,#1619,#1678,
    #1737,#1787,#2985,#3035,#3085,#3135,#3142,#3149,#3174,#3199,#3206));
#17 = ADVANCED_FACE('',(#18,#249),#32,.F.);
#18 = FACE_BOUND('',#19,.F.);
#19 = EDGE_LOOP('',(#20,#55,#83,#111,#139,#167,#195,#223));
#20 = ORIENTED_EDGE('',*,*,#21,.F.);
#21 = EDGE_CURVE('',#22,#24,#26,.T.);
#22 = VERTEX_POINT('',#23);
#23 = CARTESIAN_POINT('',(-100.,-25.,150.));
#24 = VERTEX_POINT('',#25);
#25 = CARTESIAN_POINT('',(-100.,-3.725,150.));
#26 = SURFACE_CURVE('',#27,(#31,#43),.PCURVE_S1.);
#27 = LINE('',#28,#29);
#28 = CARTESIAN_POINT('',(-100.,-25.,150.));
#29 = VECTOR('',#30,1.);
#30 = DIRECTION('',(0.,1.,0.));
#31 = PCURVE('',#32,#37);
#32 = PLANE('',#33);
#33 = AXIS2_PLACEMENT_3D('',#34,#35,#36);
#34 = CARTESIAN_POINT('',(-100.,-25.,-150.));
#35 = DIRECTION('',(1.,0.,0.));
#36 = DIRECTION('',(0.,0.,1.));
#37 = DEFINITIONAL_REPRESENTATION('',(#38),#42);
#38 = LINE('',#39,#40);
#39 = CARTESIAN_POINT('',(300.,0.));
#40 = VECTOR('',#41,1.);
#41 = DIRECTION('',(0.,-1.));
#42 = ( GEOMETRIC_REPRESENTATION_CONTEXT(2) 
PARAMETRIC_REPRESENTATION_CONTEXT() REPRESENTATION_CONTEXT('2D SPACE',''
  ) );
#43 = PCURVE('',#44,#49);
#44 = PLANE('',#45);
#45 = AXIS2_PLACEMENT_3D('',#46,#47,#48);
#46 = CARTESIAN_POINT('',(-100.,-25.,150.));
#47 = DIRECTION('',(0.,0.,1.));
#48 = DIRECTION('',(1.,0.,0.));
#49 = DEFINITIONAL_REPRESENTATION('',(#50),#54);
#50 = LINE('',#51,#52);
#51 = CARTESIAN_POINT('',(0.,0.));
#52 = VECTOR('',#53,1.);
#53 = DIRECTION('',(0.,1.));
#54 = ( GEOMETRIC_REPRESENTATION_CONTEXT(2) 
PARAMETRIC_REPRESENTATION_CONTEXT() REPRESENTATION_CONTEXT('2D SPACE',''
  ) );
#55 = ORIENTED_EDGE('',*,*,#56,.F.);
#56 = EDGE_CURVE('',#57,#22,#59,.T.);
#57 = VERTEX_POINT('',#58);
#58 = CARTESIAN_POINT('',(-100.,-25.,-150.));
#59 = SURFACE_CURVE('',#60,(#64,#71),.PCURVE_S1.);
#60 = LINE('',#61,#62);
#61 = CARTESIAN_POINT('',(-100.,-25.,-150.));
#62 = VECTOR('',#63,1.);
#63 = DIRECTION('',(0.,0.,1.));
#64 = PCURVE('',#32,#65);
#65 = DEFINITIONAL_REPRESENTATION('',(#66),#70);
#66 = LINE('',#67,#68);
#67 = CARTESIAN_POINT('',(0.,0.));
#68 = VECTOR('',#69,1.);
#69 = DIRECTION('',(1.,0.));
#70 = ( GEOMETRIC_REPRESENTATION_CONTEXT(2) 
PARAMETRIC_REPRESENTATION_CONTEXT() REPRESENTATION_CONTEXT('2D SPACE',''
  ) );
#71 = PCURVE('',#72,#77);
#72 = PLANE('',#73);
#73 = AXIS2_PLACEMENT_3D('',#74,#75,#76);
#74 = CARTESIAN_POINT('',(-100.,-25.,-150.));
#75 = DIRECTION('',(0.,1.,0.));
#76 = DIRECTION('',(0.,0.,1.));
#77 = DEFINITIONAL_REPRESENTATION('',(#78),#82);
#78 = LINE('',#79,#80);
#79 = CARTESIAN_POINT('',(0.,0.));
#80 = VECTOR('',#81,1.);
#81 = DIRECTION('',(1.,0.));
#82 = ( GEOMETRIC_REPRESENTATION_CONTEXT(2) 
PARAMETRIC_REPRESENTATION_CONTEXT() REPRESENTATION_CONTEXT('2D SPACE',''
  ) );
#83 = ORIENTED_EDGE('',*,*,#84,.T.);
#84 = EDGE_CURVE('',#57,#85,#87,.T.);
#85 = VERTEX_POINT('',#86);
#86 = CARTESIAN_POINT('',(-100.,25.,-150.));
#87 = SURFACE_CURVE('',#88,(#92,#99),.PCURVE_S1.);
#88 = LINE('',#89,#90);
#89 = CARTESIAN_POINT('',(-100.,-25.,-150.));
#90 = VECTOR('',#91,1.);
#91 = DIRECTION('',(0.,1.,0.));
#92 = PCURVE('',#32,#93);
#93 = DEFINITIONAL_REPRESENTATION('',(#94),#98);
#94 = LINE('',#95,#96);
#95 = CARTESIAN_POINT('',(0.,0.));
#96 = VECTOR('',#97,1.);
#97 = DIRECTION('',(0.,-1.));
#98 = ( GEOMETRIC_REPRESENTATION_CONTEXT(2) 
PARAMETRIC_REPRESENTATION_CONTEXT() REPRESENTATION_CONTEXT('2D SPACE',''
  ) );
#99 = PCURVE('',#100,#105);
#100 = PLANE('',#101);
#101 = AXIS2_PLACEMENT_3D('',#102,#103,#104);
#102 = CARTESIAN_POINT('',(-100.,-25.,-150.));
#103 = DIRECTION('',(0.,0.,1.));
#104 = DIRECTION('',(1.,0.,0.));
#105 = DEFINITIONAL_REPRESENTATION('',(#106),#110);
#106 = LINE('',#107,#108);
#107 = CARTESIAN_POINT('',(0.,0.));
#108 = VECTOR('',#109,1.);
#109 = DIRECTION('',(0.,1.));
#110 = ( GEOMETRIC_REPRESENTATION_CONTEXT(2) 
PARAMETRIC_REPRESENTATION_CONTEXT() REPRESENTATION_CONTEXT('2D SPACE',''
  ) );
#111 = ORIENTED_EDGE('',*,*,#112,.T.);
#112 = EDGE_CURVE('',#85,#113,#115,.T.);
#113 = VERTEX_POINT('',#114);
#114 = CARTESIAN_POINT('',(-100.,25.,150.));
#115 = SURFACE_CURVE('',#116,(#120,#127),.PCURVE_S1.);
#116 = LINE('',#117,#118);
#117 = CARTESIAN_POINT('',(-100.,25.,-150.));
#118 = VECTOR('',#119,1.);
#119 = DIRECTION('',(0.,0.,1.));
#120 = PCURVE('',#32,#121);
#121 = DEFINITIONAL_REPRESENTATION('',(#122),#126);
#122 = LINE('',#123,#124);
#123 = CARTESIAN_POINT('',(0.,-50.));
#124 = VECTOR('',#125,1.);
#125 = DIRECTION('',(1.,0.));
#126 = ( GEOMETRIC_REPRESENTATION_CONTEXT(2) 
PARAMETRIC_REPRESENTATION_CONTEXT() REPRESENTATION_CONTEXT('2D SPACE',''
  ) );
#127 = PCURVE('',#128,#133);
#128 = PLANE('',#129);
#129 = AXIS2_PLACEMENT_3D('',#130,#131,#132);
#130 = CARTESIAN_POINT('',(-100.,25.,-150.));
#131 = DIRECTION('',(0.,1.,0.));
#132 = DIRECTION('',(0.,0.,1.));
#133 = DEFINITIONAL_REPRESENTATION('',(#134),#138);
#134 = LINE('',#135,#136);
#135 = CARTESIAN_POINT('',(0.,0.));
#136 = VECTOR('',#137,1.);
#137 = DIRECTION('',(1.,0.));
#138 = ( GEOMETRIC_REPRESENTATION_CONTEXT(2) 
PARAMETRIC_REPRESENTATION_CONTEXT() REPRESENTATION_CONTEXT('2D SPACE',''
  ) );
#139 = ORIENTED_EDGE('',*,*,#140,.F.);
#140 = EDGE_CURVE('',#141,#113,#143,.T.);
#141 = VERTEX_POINT('',#142);
#142 = CARTESIAN_POINT('',(-100.,1.,150.));
#143 = SURFACE_CURVE('',#144,(#148,#155),.PCURVE_S1.);
#144 = LINE('',#145,#146);
#145 = CARTESIAN_POINT('',(-100.,-25.,150.));
#146 = VECTOR('',#147,1.);
#147 = DIRECTION('',(0.,1.,0.));
#148 = PCURVE('',#32,#149);
#149 = DEFINITIONAL_REPRESENTATION('',(#150),#154);
#150 = LINE('',#151,#152);
#151 = CARTESIAN_POINT('',(300.,0.));
#152 = VECTOR('',#153,1.);
#153 = DIRECTION('',(0.,-1.));
#154 = ( GEOMETRIC_REPRESENTATION_CONTEXT(2) 
PARAMETRIC_REPRESENTATION_CONTEXT() REPRESENTATION_CONTEXT('2D SPACE',''
  ) );
#155 = PCURVE('',#156,#161);
#156 = PLANE('',#157);
#157 = AXIS2_PLACEMENT_3D('',#158,#159,#160);
#158 = CARTESIAN_POINT('',(-100.,-25.,150.));
#159 = DIRECTION('',(0.,0.,1.));
#160 = DIRECTION('',(1.,0.,0.));
#161 = DEFINITIONAL_REPRESENTATION('',(#162),#166);
#162 = LINE('',#163,#164);
#163 = CARTESIAN_POINT('',(0.,0.));
#164 = VECTOR('',#165,1.);
#165 = DIRECTION('',(0.,1.));
#166 = ( GEOMETRIC_REPRESENTATION_CONTEXT(2) 
PARAMETRIC_REPRESENTATION_CONTEXT() REPRESENTATION_CONTEXT('2D SPACE',''
  ) );
#167 = ORIENTED_EDGE('',*,*,#168,.T.);
#168 = EDGE_CURVE('',#141,#169,#171,.T.);
#169 = VERTEX_POINT('',#170);
#170 = CARTESIAN_POINT('',(-100.,1.,132.));
#171 = SURFACE_CURVE('',#172,(#176,#183),.PCURVE_S1.);
#172 = LINE('',#173,#174);
#173 = CARTESIAN_POINT('',(-100.,1.,150.));
#174 = VECTOR('',#175,1.);
#175 = DIRECTION('',(-0.,-0.,-1.));
#176 = PCURVE('',#32,#177);
#177 = DEFINITIONAL_REPRESENTATION('',(#178),#182);
#178 = LINE('',#179,#180);
#179 = CARTESIAN_POINT('',(300.,-26.));
#180 = VECTOR('',#181,1.);
#181 = DIRECTION('',(-1.,0.));
#182 = ( GEOMETRIC_REPRESENTATION_CONTEXT(2) 
PARAMETRIC_REPRESENTATION_CONTEXT() REPRESENTATION_CONTEXT('2D SPACE',''
  ) );
#183 = PCURVE('',#184,#189);
#184 = PLANE('',#185);
#185 = AXIS2_PLACEMENT_3D('',#186,#187,#188);
#186 = CARTESIAN_POINT('',(100.,1.,150.));
#187 = DIRECTION('',(0.,1.,-0.));
#188 = DIRECTION('',(-1.,0.,0.));
#189 = DEFINITIONAL_REPRESENTATION('',(#190),#194);
#190 = LINE('',#191,#192);
#191 = CARTESIAN_POINT('',(200.,0.));
#192 = VECTOR('',#193,1.);
#193 = DIRECTION('',(0.,-1.));
#194 = ( GEOMETRIC_REPRESENTATION_CONTEXT(2) 
PARAMETRIC_REPRESENTATION_CONTEXT() REPRESENTATION_CONTEXT('2D SPACE',''
  ) );
#195 = ORIENTED_EDGE('',*,*,#196,.T.);
#196 = EDGE_CURVE('',#169,#197,#199,.T.);
#197 = VERTEX_POINT('',#198);
#198 = CARTESIAN_POINT('',(-100.,-3.725,132.));
#199 = SURFACE_CURVE('',#200,(#204,#211),.PCURVE_S1.);
#200 = LINE('',#201,#202);
#201 = CARTESIAN_POINT('',(-100.,1.,132.));
#202 = VECTOR('',#203,1.);
#203 = DIRECTION('',(0.,-1.,0.));
#204 = PCURVE('',#32,#205);
#205 = DEFINITIONAL_REPRESENTATION('',(#206),#210);
#206 = LINE('',#207,#208);
#207 = CARTESIAN_POINT('',(282.,-26.));
#208 = VECTOR('',#209,1.);
#209 = DIRECTION('',(0.,1.));
#210 = ( GEOMETRIC_REPRESENTATION_CONTEXT(2) 
PARAMETRIC_REPRESENTATION_CONTEXT() REPRESENTATION_CONTEXT('2D SPACE',''
  ) );
#211 = PCURVE('',#212,#217);
#212 = PLANE('',#213);
#213 = AXIS2_PLACEMENT_3D('',#214,#215,#216);
#214 = CARTESIAN_POINT('',(2.620142467596,-4.194661515044,132.));
#215 = DIRECTION('',(3.146544895827E-32,7.048394602808E-31,1.));
#216 = DIRECTION('',(0.,1.,-7.048394602808E-31));
#217 = DEFINITIONAL_REPRESENTATION('',(#218),#222);
#218 = LINE('',#219,#220);
#219 = CARTESIAN_POINT('',(5.194661515044,102.62014246759));
#220 = VECTOR('',#221,1.);
#221 = DIRECTION('',(-1.,-2.217809006124E-62));
#222 = ( GEOMETRIC_REPRESENTATION_CONTEXT(2) 
PARAMETRIC_REPRESENTATION_CONTEXT() REPRESENTATION_CONTEXT('2D SPACE',''
  ) );
#223 = ORIENTED_EDGE('',*,*,#224,.F.);
#224 = EDGE_CURVE('',#24,#197,#225,.T.);
#225 = SURFACE_CURVE('',#226,(#230,#237),.PCURVE_S1.);
#226 = LINE('',#227,#228);
#227 = CARTESIAN_POINT('',(-100.,-3.725,150.));
#228 = VECTOR('',#229,1.);
#229 = DIRECTION('',(-0.,-0.,-1.));
#230 = PCURVE('',#32,#231);
#231 = DEFINITIONAL_REPRESENTATION('',(#232),#236);
#232 = LINE('',#233,#234);
#233 = CARTESIAN_POINT('',(300.,-21.275));
#234 = VECTOR('',#235,1.);
#235 = DIRECTION('',(-1.,0.));
#236 = ( GEOMETRIC_REPRESENTATION_CONTEXT(2) 
PARAMETRIC_REPRESENTATION_CONTEXT() REPRESENTATION_CONTEXT('2D SPACE',''
  ) );
#237 = PCURVE('',#238,#243);
#238 = PLANE('',#239);
#239 = AXIS2_PLACEMENT_3D('',#240,#241,#242);
#240 = CARTESIAN_POINT('',(-100.,-3.725,150.));
#241 = DIRECTION('',(-5.504143442645E-02,-0.998484071228,0.));
#242 = DIRECTION('',(0.998484071228,-5.504143442645E-02,0.));
#243 = DEFINITIONAL_REPRESENTATION('',(#244),#248);
#244 = LINE('',#245,#246);
#245 = CARTESIAN_POINT('',(0.,0.));
#246 = VECTOR('',#247,1.);
#247 = DIRECTION('',(0.,-1.));
#248 = ( GEOMETRIC_REPRESENTATION_CONTEXT(2) 
PARAMETRIC_REPRESENTATION_CONTEXT() REPRESENTATION_CONTEXT('2D SPACE',''
  ) );
#249 = FACE_BOUND('',#250,.F.);
#250 = EDGE_LOOP('',(#251,#281,#309,#337));
#251 = ORIENTED_EDGE('',*,*,#252,.T.);
#252 = EDGE_CURVE('',#253,#255,#257,.T.);
#253 = VERTEX_POINT('',#254);
#254 = CARTESIAN_POINT('',(-100.,2.05,118.2));
#255 = VERTEX_POINT('',#256);
#256 = CARTESIAN_POINT('',(-100.,11.05,118.2));
#257 = SURFACE_CURVE('',#258,(#262,#269),.PCURVE_S1.);
#258 = LINE('',#259,#260);
#259 = CARTESIAN_POINT('',(-100.,2.05,118.2));
#260 = VECTOR('',#261,1.);
#261 = DIRECTION('',(0.,1.,6.042030065987E-17));
#262 = PCURVE('',#32,#263);
#263 = DEFINITIONAL_REPRESENTATION('',(#264),#268);
#264 = LINE('',#265,#266);
#265 = CARTESIAN_POINT('',(268.2,-27.05));
#266 = VECTOR('',#267,1.);
#267 = DIRECTION('',(6.042030065987E-17,-1.));
#268 = ( GEOMETRIC_REPRESENTATION_CONTEXT(2) 
PARAMETRIC_REPRESENTATION_CONTEXT() REPRESENTATION_CONTEXT('2D SPACE',''
  ) );
#269 = PCURVE('',#270,#275);
#270 = PLANE('',#271);
#271 = AXIS2_PLACEMENT_3D('',#272,#273,#274);
#272 = CARTESIAN_POINT('',(-100.,2.05,118.2));
#273 = DIRECTION('',(0.,-6.042030065987E-17,1.));
#274 = DIRECTION('',(0.,1.,6.042030065987E-17));
#275 = DEFINITIONAL_REPRESENTATION('',(#276),#280);
#276 = LINE('',#277,#278);
#277 = CARTESIAN_POINT('',(0.,0.));
#278 = VECTOR('',#279,1.);
#279 = DIRECTION('',(1.,0.));
#280 = ( GEOMETRIC_REPRESENTATION_CONTEXT(2) 
PARAMETRIC_REPRESENTATION_CONTEXT() REPRESENTATION_CONTEXT('2D SPACE',''
  ) );
#281 = ORIENTED_EDGE('',*,*,#282,.T.);
#282 = EDGE_CURVE('',#255,#283,#285,.T.);
#283 = VERTEX_POINT('',#284);
#284 = CARTESIAN_POINT('',(-100.,11.05,89.2));
#285 = SURFACE_CURVE('',#286,(#290,#297),.PCURVE_S1.);
#286 = LINE('',#287,#288);
#287 = CARTESIAN_POINT('',(-100.,11.05,118.2));
#288 = VECTOR('',#289,1.);
#289 = DIRECTION('',(0.,6.042030065987E-17,-1.));
#290 = PCURVE('',#32,#291);
#291 = DEFINITIONAL_REPRESENTATION('',(#292),#296);
#292 = LINE('',#293,#294);
#293 = CARTESIAN_POINT('',(268.2,-36.05));
#294 = VECTOR('',#295,1.);
#295 = DIRECTION('',(-1.,-6.042030065987E-17));
#296 = ( GEOMETRIC_REPRESENTATION_CONTEXT(2) 
PARAMETRIC_REPRESENTATION_CONTEXT() REPRESENTATION_CONTEXT('2D SPACE',''
  ) );
#297 = PCURVE('',#298,#303);
#298 = PLANE('',#299);
#299 = AXIS2_PLACEMENT_3D('',#300,#301,#302);
#300 = CARTESIAN_POINT('',(-100.,11.05,118.2));
#301 = DIRECTION('',(-0.,1.,6.042030065987E-17));
#302 = DIRECTION('',(0.,6.042030065987E-17,-1.));
#303 = DEFINITIONAL_REPRESENTATION('',(#304),#308);
#304 = LINE('',#305,#306);
#305 = CARTESIAN_POINT('',(0.,0.));
#306 = VECTOR('',#307,1.);
#307 = DIRECTION('',(1.,0.));
#308 = ( GEOMETRIC_REPRESENTATION_CONTEXT(2) 
PARAMETRIC_REPRESENTATION_CONTEXT() REPRESENTATION_CONTEXT('2D SPACE',''
  ) );
#309 = ORIENTED_EDGE('',*,*,#310,.T.);
#310 = EDGE_CURVE('',#283,#311,#313,.T.);
#311 = VERTEX_POINT('',#312);
#312 = CARTESIAN_POINT('',(-100.,2.05,89.2));
#313 = SURFACE_CURVE('',#314,(#318,#325),.PCURVE_S1.);
#314 = LINE('',#315,#316);
#315 = CARTESIAN_POINT('',(-100.,11.05,89.2));
#316 = VECTOR('',#317,1.);
#317 = DIRECTION('',(0.,-1.,-6.042030065987E-17));
#318 = PCURVE('',#32,#319);
#319 = DEFINITIONAL_REPRESENTATION('',(#320),#324);
#320 = LINE('',#321,#322);
#321 = CARTESIAN_POINT('',(239.2,-36.05));
#322 = VECTOR('',#323,1.);
#323 = DIRECTION('',(-6.042030065987E-17,1.));
#324 = ( GEOMETRIC_REPRESENTATION_CONTEXT(2) 
PARAMETRIC_REPRESENTATION_CONTEXT() REPRESENTATION_CONTEXT('2D SPACE',''
  ) );
#325 = PCURVE('',#326,#331);
#326 = PLANE('',#327);
#327 = AXIS2_PLACEMENT_3D('',#328,#329,#330);
#328 = CARTESIAN_POINT('',(-100.,11.05,89.2));
#329 = DIRECTION('',(0.,6.042030065987E-17,-1.));
#330 = DIRECTION('',(0.,-1.,-6.042030065987E-17));
#331 = DEFINITIONAL_REPRESENTATION('',(#332),#336);
#332 = LINE('',#333,#334);
#333 = CARTESIAN_POINT('',(0.,0.));
#334 = VECTOR('',#335,1.);
#335 = DIRECTION('',(1.,0.));
#336 = ( GEOMETRIC_REPRESENTATION_CONTEXT(2) 
PARAMETRIC_REPRESENTATION_CONTEXT() REPRESENTATION_CONTEXT('2D SPACE',''
  ) );
#337 = ORIENTED_EDGE('',*,*,#338,.T.);
#338 = EDGE_CURVE('',#311,#253,#339,.T.);
#339 = SURFACE_CURVE('',#340,(#344,#351),.PCURVE_S1.);
#340 = LINE('',#341,#342);
#341 = CARTESIAN_POINT('',(-100.,2.05,89.2));
#342 = VECTOR('',#343,1.);
#343 = DIRECTION('',(0.,-6.042030065987E-17,1.));
#344 = PCURVE('',#32,#345);
#345 = DEFINITIONAL_REPRESENTATION('',(#346),#350);
#346 = LINE('',#347,#348);
#347 = CARTESIAN_POINT('',(239.2,-27.05));
#348 = VECTOR('',#349,1.);
#349 = DIRECTION('',(1.,6.042030065987E-17));
#350 = ( GEOMETRIC_REPRESENTATION_CONTEXT(2) 
PARAMETRIC_REPRESENTATION_CONTEXT() REPRESENTATION_CONTEXT('2D SPACE',''
  ) );
#351 = PCURVE('',#352,#357);
#352 = PLANE('',#353);
#353 = AXIS2_PLACEMENT_3D('',#354,#355,#356);
#354 = CARTESIAN_POINT('',(-100.,2.05,89.2));
#355 = DIRECTION('',(0.,-1.,-6.042030065987E-17));
#356 = DIRECTION('',(0.,-6.042030065987E-17,1.));
#357 = DEFINITIONAL_REPRESENTATION('',(#358),#362);
#358 = LINE('',#359,#360);
#359 = CARTESIAN_POINT('',(0.,0.));
#360 = VECTOR('',#361,1.);
#361 = DIRECTION('',(1.,0.));
#362 = ( GEOMETRIC_REPRESENTATION_CONTEXT(2) 
PARAMETRIC_REPRESENTATION_CONTEXT() REPRESENTATION_CONTEXT('2D SPACE',''
  ) );
#363 = ADVANCED_FACE('',(#364),#44,.T.);
#364 = FACE_BOUND('',#365,.T.);
#365 = EDGE_LOOP('',(#366,#367,#390,#418));
#366 = ORIENTED_EDGE('',*,*,#21,.F.);
#367 = ORIENTED_EDGE('',*,*,#368,.T.);
#368 = EDGE_CURVE('',#22,#369,#371,.T.);
#369 = VERTEX_POINT('',#370);
#370 = CARTESIAN_POINT('',(100.,-25.,150.));
#371 = SURFACE_CURVE('',#372,(#376,#383),.PCURVE_S1.);
#372 = LINE('',#373,#374);
#373 = CARTESIAN_POINT('',(-100.,-25.,150.));
#374 = VECTOR('',#375,1.);
#375 = DIRECTION('',(1.,0.,0.));
#376 = PCURVE('',#44,#377);
#377 = DEFINITIONAL_REPRESENTATION('',(#378),#382);
#378 = LINE('',#379,#380);
#379 = CARTESIAN_POINT('',(0.,0.));
#380 = VECTOR('',#381,1.);
#381 = DIRECTION('',(1.,0.));
#382 = ( GEOMETRIC_REPRESENTATION_CONTEXT(2) 
PARAMETRIC_REPRESENTATION_CONTEXT() REPRESENTATION_CONTEXT('2D SPACE',''
  ) );
#383 = PCURVE('',#72,#384);
#384 = DEFINITIONAL_REPRESENTATION('',(#385),#389);
#385 = LINE('',#386,#387);
#386 = CARTESIAN_POINT('',(300.,0.));
#387 = VECTOR('',#388,1.);
#388 = DIRECTION('',(0.,1.));
#389 = ( GEOMETRIC_REPRESENTATION_CONTEXT(2) 
PARAMETRIC_REPRESENTATION_CONTEXT() REPRESENTATION_CONTEXT('2D SPACE',''
  ) );
#390 = ORIENTED_EDGE('',*,*,#391,.T.);
#391 = EDGE_CURVE('',#369,#392,#394,.T.);
#392 = VERTEX_POINT('',#393);
#393 = CARTESIAN_POINT('',(100.,-14.75,150.));
#394 = SURFACE_CURVE('',#395,(#399,#406),.PCURVE_S1.);
#395 = LINE('',#396,#397);
#396 = CARTESIAN_POINT('',(100.,-25.,150.));
#397 = VECTOR('',#398,1.);
#398 = DIRECTION('',(0.,1.,0.));
#399 = PCURVE('',#44,#400);
#400 = DEFINITIONAL_REPRESENTATION('',(#401),#405);
#401 = LINE('',#402,#403);
#402 = CARTESIAN_POINT('',(200.,0.));
#403 = VECTOR('',#404,1.);
#404 = DIRECTION('',(0.,1.));
#405 = ( GEOMETRIC_REPRESENTATION_CONTEXT(2) 
PARAMETRIC_REPRESENTATION_CONTEXT() REPRESENTATION_CONTEXT('2D SPACE',''
  ) );
#406 = PCURVE('',#407,#412);
#407 = PLANE('',#408);
#408 = AXIS2_PLACEMENT_3D('',#409,#410,#411);
#409 = CARTESIAN_POINT('',(100.,-25.,-150.));
#410 = DIRECTION('',(1.,0.,0.));
#411 = DIRECTION('',(0.,0.,1.));
#412 = DEFINITIONAL_REPRESENTATION('',(#413),#417);
#413 = LINE('',#414,#415);
#414 = CARTESIAN_POINT('',(300.,0.));
#415 = VECTOR('',#416,1.);
#416 = DIRECTION('',(0.,-1.));
#417 = ( GEOMETRIC_REPRESENTATION_CONTEXT(2) 
PARAMETRIC_REPRESENTATION_CONTEXT() REPRESENTATION_CONTEXT('2D SPACE',''
  ) );
#418 = ORIENTED_EDGE('',*,*,#419,.F.);
#419 = EDGE_CURVE('',#24,#392,#420,.T.);
#420 = SURFACE_CURVE('',#421,(#425,#432),.PCURVE_S1.);
#421 = LINE('',#422,#423);
#422 = CARTESIAN_POINT('',(-100.,-3.725,150.));
#423 = VECTOR('',#424,1.);
#424 = DIRECTION('',(0.998484071228,-5.504143442645E-02,0.));
#425 = PCURVE('',#44,#426);
#426 = DEFINITIONAL_REPRESENTATION('',(#427),#431);
#427 = LINE('',#428,#429);
#428 = CARTESIAN_POINT('',(0.,21.275));
#429 = VECTOR('',#430,1.);
#430 = DIRECTION('',(0.998484071228,-5.504143442645E-02));
#431 = ( GEOMETRIC_REPRESENTATION_CONTEXT(2) 
PARAMETRIC_REPRESENTATION_CONTEXT() REPRESENTATION_CONTEXT('2D SPACE',''
  ) );
#432 = PCURVE('',#238,#433);
#433 = DEFINITIONAL_REPRESENTATION('',(#434),#438);
#434 = LINE('',#435,#436);
#435 = CARTESIAN_POINT('',(0.,0.));
#436 = VECTOR('',#437,1.);
#437 = DIRECTION('',(1.,0.));
#438 = ( GEOMETRIC_REPRESENTATION_CONTEXT(2) 
PARAMETRIC_REPRESENTATION_CONTEXT() REPRESENTATION_CONTEXT('2D SPACE',''
  ) );
#439 = ADVANCED_FACE('',(#440),#238,.F.);
#440 = FACE_BOUND('',#441,.F.);
#441 = EDGE_LOOP('',(#442,#443,#466,#487));
#442 = ORIENTED_EDGE('',*,*,#224,.T.);
#443 = ORIENTED_EDGE('',*,*,#444,.T.);
#444 = EDGE_CURVE('',#197,#445,#447,.T.);
#445 = VERTEX_POINT('',#446);
#446 = CARTESIAN_POINT('',(100.,-14.75,132.));
#447 = SURFACE_CURVE('',#448,(#452,#459),.PCURVE_S1.);
#448 = LINE('',#449,#450);
#449 = CARTESIAN_POINT('',(-100.,-3.725,132.));
#450 = VECTOR('',#451,1.);
#451 = DIRECTION('',(0.998484071228,-5.504143442645E-02,0.));
#452 = PCURVE('',#238,#453);
#453 = DEFINITIONAL_REPRESENTATION('',(#454),#458);
#454 = LINE('',#455,#456);
#455 = CARTESIAN_POINT('',(0.,-18.));
#456 = VECTOR('',#457,1.);
#457 = DIRECTION('',(1.,0.));
#458 = ( GEOMETRIC_REPRESENTATION_CONTEXT(2) 
PARAMETRIC_REPRESENTATION_CONTEXT() REPRESENTATION_CONTEXT('2D SPACE',''
  ) );
#459 = PCURVE('',#212,#460);
#460 = DEFINITIONAL_REPRESENTATION('',(#461),#465);
#461 = LINE('',#462,#463);
#462 = CARTESIAN_POINT('',(0.469661515044,102.62014246759));
#463 = VECTOR('',#464,1.);
#464 = DIRECTION('',(-5.504143442645E-02,-0.998484071228));
#465 = ( GEOMETRIC_REPRESENTATION_CONTEXT(2) 
PARAMETRIC_REPRESENTATION_CONTEXT() REPRESENTATION_CONTEXT('2D SPACE',''
  ) );
#466 = ORIENTED_EDGE('',*,*,#467,.F.);
#467 = EDGE_CURVE('',#392,#445,#468,.T.);
#468 = SURFACE_CURVE('',#469,(#473,#480),.PCURVE_S1.);
#469 = LINE('',#470,#471);
#470 = CARTESIAN_POINT('',(100.,-14.75,150.));
#471 = VECTOR('',#472,1.);
#472 = DIRECTION('',(-0.,-0.,-1.));
#473 = PCURVE('',#238,#474);
#474 = DEFINITIONAL_REPRESENTATION('',(#475),#479);
#475 = LINE('',#476,#477);
#476 = CARTESIAN_POINT('',(200.30364606017,0.));
#477 = VECTOR('',#478,1.);
#478 = DIRECTION('',(0.,-1.));
#479 = ( GEOMETRIC_REPRESENTATION_CONTEXT(2) 
PARAMETRIC_REPRESENTATION_CONTEXT() REPRESENTATION_CONTEXT('2D SPACE',''
  ) );
#480 = PCURVE('',#407,#481);
#481 = DEFINITIONAL_REPRESENTATION('',(#482),#486);
#482 = LINE('',#483,#484);
#483 = CARTESIAN_POINT('',(300.,-10.25));
#484 = VECTOR('',#485,1.);
#485 = DIRECTION('',(-1.,0.));
#486 = ( GEOMETRIC_REPRESENTATION_CONTEXT(2) 
PARAMETRIC_REPRESENTATION_CONTEXT() REPRESENTATION_CONTEXT('2D SPACE',''
  ) );
#487 = ORIENTED_EDGE('',*,*,#419,.F.);
#488 = ADVANCED_FACE('',(#489),#212,.T.);
#489 = FACE_BOUND('',#490,.T.);
#490 = EDGE_LOOP('',(#491,#514,#515,#516));
#491 = ORIENTED_EDGE('',*,*,#492,.T.);
#492 = EDGE_CURVE('',#493,#169,#495,.T.);
#493 = VERTEX_POINT('',#494);
#494 = CARTESIAN_POINT('',(100.,1.,132.));
#495 = SURFACE_CURVE('',#496,(#500,#507),.PCURVE_S1.);
#496 = LINE('',#497,#498);
#497 = CARTESIAN_POINT('',(100.,1.,132.));
#498 = VECTOR('',#499,1.);
#499 = DIRECTION('',(-1.,0.,0.));
#500 = PCURVE('',#212,#501);
#501 = DEFINITIONAL_REPRESENTATION('',(#502),#506);
#502 = LINE('',#503,#504);
#503 = CARTESIAN_POINT('',(5.194661515044,-97.3798575324));
#504 = VECTOR('',#505,1.);
#505 = DIRECTION('',(0.,1.));
#506 = ( GEOMETRIC_REPRESENTATION_CONTEXT(2) 
PARAMETRIC_REPRESENTATION_CONTEXT() REPRESENTATION_CONTEXT('2D SPACE',''
  ) );
#507 = PCURVE('',#184,#508);
#508 = DEFINITIONAL_REPRESENTATION('',(#509),#513);
#509 = LINE('',#510,#511);
#510 = CARTESIAN_POINT('',(0.,-18.));
#511 = VECTOR('',#512,1.);
#512 = DIRECTION('',(1.,0.));
#513 = ( GEOMETRIC_REPRESENTATION_CONTEXT(2) 
PARAMETRIC_REPRESENTATION_CONTEXT() REPRESENTATION_CONTEXT('2D SPACE',''
  ) );
#514 = ORIENTED_EDGE('',*,*,#196,.T.);
#515 = ORIENTED_EDGE('',*,*,#444,.T.);
#516 = ORIENTED_EDGE('',*,*,#517,.T.);
#517 = EDGE_CURVE('',#445,#493,#518,.T.);
#518 = SURFACE_CURVE('',#519,(#523,#530),.PCURVE_S1.);
#519 = LINE('',#520,#521);
#520 = CARTESIAN_POINT('',(100.,-14.75,132.));
#521 = VECTOR('',#522,1.);
#522 = DIRECTION('',(0.,1.,0.));
#523 = PCURVE('',#212,#524);
#524 = DEFINITIONAL_REPRESENTATION('',(#525),#529);
#525 = LINE('',#526,#527);
#526 = CARTESIAN_POINT('',(-10.55533848495,-97.3798575324));
#527 = VECTOR('',#528,1.);
#528 = DIRECTION('',(1.,2.217809006124E-62));
#529 = ( GEOMETRIC_REPRESENTATION_CONTEXT(2) 
PARAMETRIC_REPRESENTATION_CONTEXT() REPRESENTATION_CONTEXT('2D SPACE',''
  ) );
#530 = PCURVE('',#407,#531);
#531 = DEFINITIONAL_REPRESENTATION('',(#532),#536);
#532 = LINE('',#533,#534);
#533 = CARTESIAN_POINT('',(282.,-10.25));
#534 = VECTOR('',#535,1.);
#535 = DIRECTION('',(0.,-1.));
#536 = ( GEOMETRIC_REPRESENTATION_CONTEXT(2) 
PARAMETRIC_REPRESENTATION_CONTEXT() REPRESENTATION_CONTEXT('2D SPACE',''
  ) );
#537 = ADVANCED_FACE('',(#538),#184,.F.);
#538 = FACE_BOUND('',#539,.F.);
#539 = EDGE_LOOP('',(#540,#563,#564,#565));
#540 = ORIENTED_EDGE('',*,*,#541,.T.);
#541 = EDGE_CURVE('',#542,#493,#544,.T.);
#542 = VERTEX_POINT('',#543);
#543 = CARTESIAN_POINT('',(100.,1.,150.));
#544 = SURFACE_CURVE('',#545,(#549,#556),.PCURVE_S1.);
#545 = LINE('',#546,#547);
#546 = CARTESIAN_POINT('',(100.,1.,150.));
#547 = VECTOR('',#548,1.);
#548 = DIRECTION('',(-0.,-0.,-1.));
#549 = PCURVE('',#184,#550);
#550 = DEFINITIONAL_REPRESENTATION('',(#551),#555);
#551 = LINE('',#552,#553);
#552 = CARTESIAN_POINT('',(0.,0.));
#553 = VECTOR('',#554,1.);
#554 = DIRECTION('',(0.,-1.));
#555 = ( GEOMETRIC_REPRESENTATION_CONTEXT(2) 
PARAMETRIC_REPRESENTATION_CONTEXT() REPRESENTATION_CONTEXT('2D SPACE',''
  ) );
#556 = PCURVE('',#407,#557);
#557 = DEFINITIONAL_REPRESENTATION('',(#558),#562);
#558 = LINE('',#559,#560);
#559 = CARTESIAN_POINT('',(300.,-26.));
#560 = VECTOR('',#561,1.);
#561 = DIRECTION('',(-1.,0.));
#562 = ( GEOMETRIC_REPRESENTATION_CONTEXT(2) 
PARAMETRIC_REPRESENTATION_CONTEXT() REPRESENTATION_CONTEXT('2D SPACE',''
  ) );
#563 = ORIENTED_EDGE('',*,*,#492,.T.);
#564 = ORIENTED_EDGE('',*,*,#168,.F.);
#565 = ORIENTED_EDGE('',*,*,#566,.F.);
#566 = EDGE_CURVE('',#542,#141,#567,.T.);
#567 = SURFACE_CURVE('',#568,(#572,#579),.PCURVE_S1.);
#568 = LINE('',#569,#570);
#569 = CARTESIAN_POINT('',(100.,1.,150.));
#570 = VECTOR('',#571,1.);
#571 = DIRECTION('',(-1.,0.,0.));
#572 = PCURVE('',#184,#573);
#573 = DEFINITIONAL_REPRESENTATION('',(#574),#578);
#574 = LINE('',#575,#576);
#575 = CARTESIAN_POINT('',(0.,0.));
#576 = VECTOR('',#577,1.);
#577 = DIRECTION('',(1.,0.));
#578 = ( GEOMETRIC_REPRESENTATION_CONTEXT(2) 
PARAMETRIC_REPRESENTATION_CONTEXT() REPRESENTATION_CONTEXT('2D SPACE',''
  ) );
#579 = PCURVE('',#156,#580);
#580 = DEFINITIONAL_REPRESENTATION('',(#581),#585);
#581 = LINE('',#582,#583);
#582 = CARTESIAN_POINT('',(200.,26.));
#583 = VECTOR('',#584,1.);
#584 = DIRECTION('',(-1.,0.));
#585 = ( GEOMETRIC_REPRESENTATION_CONTEXT(2) 
PARAMETRIC_REPRESENTATION_CONTEXT() REPRESENTATION_CONTEXT('2D SPACE',''
  ) );
#586 = ADVANCED_FACE('',(#587),#156,.T.);
#587 = FACE_BOUND('',#588,.T.);
#588 = EDGE_LOOP('',(#589,#590,#591,#614,#642,#670));
#589 = ORIENTED_EDGE('',*,*,#140,.F.);
#590 = ORIENTED_EDGE('',*,*,#566,.F.);
#591 = ORIENTED_EDGE('',*,*,#592,.T.);
#592 = EDGE_CURVE('',#542,#593,#595,.T.);
#593 = VERTEX_POINT('',#594);
#594 = CARTESIAN_POINT('',(100.,13.,150.));
#595 = SURFACE_CURVE('',#596,(#600,#607),.PCURVE_S1.);
#596 = LINE('',#597,#598);
#597 = CARTESIAN_POINT('',(100.,-25.,150.));
#598 = VECTOR('',#599,1.);
#599 = DIRECTION('',(0.,1.,0.));
#600 = PCURVE('',#156,#601);
#601 = DEFINITIONAL_REPRESENTATION('',(#602),#606);
#602 = LINE('',#603,#604);
#603 = CARTESIAN_POINT('',(200.,0.));
#604 = VECTOR('',#605,1.);
#605 = DIRECTION('',(0.,1.));
#606 = ( GEOMETRIC_REPRESENTATION_CONTEXT(2) 
PARAMETRIC_REPRESENTATION_CONTEXT() REPRESENTATION_CONTEXT('2D SPACE',''
  ) );
#607 = PCURVE('',#407,#608);
#608 = DEFINITIONAL_REPRESENTATION('',(#609),#613);
#609 = LINE('',#610,#611);
#610 = CARTESIAN_POINT('',(300.,0.));
#611 = VECTOR('',#612,1.);
#612 = DIRECTION('',(0.,-1.));
#613 = ( GEOMETRIC_REPRESENTATION_CONTEXT(2) 
PARAMETRIC_REPRESENTATION_CONTEXT() REPRESENTATION_CONTEXT('2D SPACE',''
  ) );
#614 = ORIENTED_EDGE('',*,*,#615,.F.);
#615 = EDGE_CURVE('',#616,#593,#618,.T.);
#616 = VERTEX_POINT('',#617);
#617 = CARTESIAN_POINT('',(65.,13.,150.));
#618 = SURFACE_CURVE('',#619,(#623,#630),.PCURVE_S1.);
#619 = LINE('',#620,#621);
#620 = CARTESIAN_POINT('',(65.,13.,150.));
#621 = VECTOR('',#622,1.);
#622 = DIRECTION('',(1.,0.,0.));
#623 = PCURVE('',#156,#624);
#624 = DEFINITIONAL_REPRESENTATION('',(#625),#629);
#625 = LINE('',#626,#627);
#626 = CARTESIAN_POINT('',(165.,38.));
#627 = VECTOR('',#628,1.);
#628 = DIRECTION('',(1.,0.));
#629 = ( GEOMETRIC_REPRESENTATION_CONTEXT(2) 
PARAMETRIC_REPRESENTATION_CONTEXT() REPRESENTATION_CONTEXT('2D SPACE',''
  ) );
#630 = PCURVE('',#631,#636);
#631 = PLANE('',#632);
#632 = AXIS2_PLACEMENT_3D('',#633,#634,#635);
#633 = CARTESIAN_POINT('',(89.398495422772,13.,117.39849542277));
#634 = DIRECTION('',(0.,1.,0.));
#635 = DIRECTION('',(0.,-0.,1.));
#636 = DEFINITIONAL_REPRESENTATION('',(#637),#641);
#637 = LINE('',#638,#639);
#638 = CARTESIAN_POINT('',(32.601504577228,-24.39849542277));
#639 = VECTOR('',#640,1.);
#640 = DIRECTION('',(0.,1.));
#641 = ( GEOMETRIC_REPRESENTATION_CONTEXT(2) 
PARAMETRIC_REPRESENTATION_CONTEXT() REPRESENTATION_CONTEXT('2D SPACE',''
  ) );
#642 = ORIENTED_EDGE('',*,*,#643,.F.);
#643 = EDGE_CURVE('',#644,#616,#646,.T.);
#644 = VERTEX_POINT('',#645);
#645 = CARTESIAN_POINT('',(65.,25.,150.));
#646 = SURFACE_CURVE('',#647,(#651,#658),.PCURVE_S1.);
#647 = LINE('',#648,#649);
#648 = CARTESIAN_POINT('',(65.,25.,150.));
#649 = VECTOR('',#650,1.);
#650 = DIRECTION('',(-0.,-1.,-0.));
#651 = PCURVE('',#156,#652);
#652 = DEFINITIONAL_REPRESENTATION('',(#653),#657);
#653 = LINE('',#654,#655);
#654 = CARTESIAN_POINT('',(165.,50.));
#655 = VECTOR('',#656,1.);
#656 = DIRECTION('',(0.,-1.));
#657 = ( GEOMETRIC_REPRESENTATION_CONTEXT(2) 
PARAMETRIC_REPRESENTATION_CONTEXT() REPRESENTATION_CONTEXT('2D SPACE',''
  ) );
#658 = PCURVE('',#659,#664);
#659 = PLANE('',#660);
#660 = AXIS2_PLACEMENT_3D('',#661,#662,#663);
#661 = CARTESIAN_POINT('',(100.,25.,71.));
#662 = DIRECTION('',(-0.914288165872,0.,-0.405064377285));
#663 = DIRECTION('',(-0.405064377285,0.,0.914288165872));
#664 = DEFINITIONAL_REPRESENTATION('',(#665),#669);
#665 = LINE('',#666,#667);
#666 = CARTESIAN_POINT('',(86.406018308912,0.));
#667 = VECTOR('',#668,1.);
#668 = DIRECTION('',(0.,-1.));
#669 = ( GEOMETRIC_REPRESENTATION_CONTEXT(2) 
PARAMETRIC_REPRESENTATION_CONTEXT() REPRESENTATION_CONTEXT('2D SPACE',''
  ) );
#670 = ORIENTED_EDGE('',*,*,#671,.F.);
#671 = EDGE_CURVE('',#113,#644,#672,.T.);
#672 = SURFACE_CURVE('',#673,(#677,#684),.PCURVE_S1.);
#673 = LINE('',#674,#675);
#674 = CARTESIAN_POINT('',(-100.,25.,150.));
#675 = VECTOR('',#676,1.);
#676 = DIRECTION('',(1.,0.,0.));
#677 = PCURVE('',#156,#678);
#678 = DEFINITIONAL_REPRESENTATION('',(#679),#683);
#679 = LINE('',#680,#681);
#680 = CARTESIAN_POINT('',(0.,50.));
#681 = VECTOR('',#682,1.);
#682 = DIRECTION('',(1.,0.));
#683 = ( GEOMETRIC_REPRESENTATION_CONTEXT(2) 
PARAMETRIC_REPRESENTATION_CONTEXT() REPRESENTATION_CONTEXT('2D SPACE',''
  ) );
#684 = PCURVE('',#128,#685);
#685 = DEFINITIONAL_REPRESENTATION('',(#686),#690);
#686 = LINE('',#687,#688);
#687 = CARTESIAN_POINT('',(300.,0.));
#688 = VECTOR('',#689,1.);
#689 = DIRECTION('',(0.,1.));
#690 = ( GEOMETRIC_REPRESENTATION_CONTEXT(2) 
PARAMETRIC_REPRESENTATION_CONTEXT() REPRESENTATION_CONTEXT('2D SPACE',''
  ) );
#691 = ADVANCED_FACE('',(#692,#763,#798,#829,#860,#895),#128,.T.);
#692 = FACE_BOUND('',#693,.T.);
#693 = EDGE_LOOP('',(#694,#719,#740,#741,#742));
#694 = ORIENTED_EDGE('',*,*,#695,.F.);
#695 = EDGE_CURVE('',#696,#698,#700,.T.);
#696 = VERTEX_POINT('',#697);
#697 = CARTESIAN_POINT('',(100.,25.,-150.));
#698 = VERTEX_POINT('',#699);
#699 = CARTESIAN_POINT('',(100.,25.,71.));
#700 = SURFACE_CURVE('',#701,(#705,#712),.PCURVE_S1.);
#701 = LINE('',#702,#703);
#702 = CARTESIAN_POINT('',(100.,25.,-150.));
#703 = VECTOR('',#704,1.);
#704 = DIRECTION('',(0.,0.,1.));
#705 = PCURVE('',#128,#706);
#706 = DEFINITIONAL_REPRESENTATION('',(#707),#711);
#707 = LINE('',#708,#709);
#708 = CARTESIAN_POINT('',(0.,200.));
#709 = VECTOR('',#710,1.);
#710 = DIRECTION('',(1.,0.));
#711 = ( GEOMETRIC_REPRESENTATION_CONTEXT(2) 
PARAMETRIC_REPRESENTATION_CONTEXT() REPRESENTATION_CONTEXT('2D SPACE',''
  ) );
#712 = PCURVE('',#407,#713);
#713 = DEFINITIONAL_REPRESENTATION('',(#714),#718);
#714 = LINE('',#715,#716);
#715 = CARTESIAN_POINT('',(0.,-50.));
#716 = VECTOR('',#717,1.);
#717 = DIRECTION('',(1.,0.));
#718 = ( GEOMETRIC_REPRESENTATION_CONTEXT(2) 
PARAMETRIC_REPRESENTATION_CONTEXT() REPRESENTATION_CONTEXT('2D SPACE',''
  ) );
#719 = ORIENTED_EDGE('',*,*,#720,.F.);
#720 = EDGE_CURVE('',#85,#696,#721,.T.);
#721 = SURFACE_CURVE('',#722,(#726,#733),.PCURVE_S1.);
#722 = LINE('',#723,#724);
#723 = CARTESIAN_POINT('',(-100.,25.,-150.));
#724 = VECTOR('',#725,1.);
#725 = DIRECTION('',(1.,0.,0.));
#726 = PCURVE('',#128,#727);
#727 = DEFINITIONAL_REPRESENTATION('',(#728),#732);
#728 = LINE('',#729,#730);
#729 = CARTESIAN_POINT('',(0.,0.));
#730 = VECTOR('',#731,1.);
#731 = DIRECTION('',(0.,1.));
#732 = ( GEOMETRIC_REPRESENTATION_CONTEXT(2) 
PARAMETRIC_REPRESENTATION_CONTEXT() REPRESENTATION_CONTEXT('2D SPACE',''
  ) );
#733 = PCURVE('',#100,#734);
#734 = DEFINITIONAL_REPRESENTATION('',(#735),#739);
#735 = LINE('',#736,#737);
#736 = CARTESIAN_POINT('',(0.,50.));
#737 = VECTOR('',#738,1.);
#738 = DIRECTION('',(1.,0.));
#739 = ( GEOMETRIC_REPRESENTATION_CONTEXT(2) 
PARAMETRIC_REPRESENTATION_CONTEXT() REPRESENTATION_CONTEXT('2D SPACE',''
  ) );
#740 = ORIENTED_EDGE('',*,*,#112,.T.);
#741 = ORIENTED_EDGE('',*,*,#671,.T.);
#742 = ORIENTED_EDGE('',*,*,#743,.F.);
#743 = EDGE_CURVE('',#698,#644,#744,.T.);
#744 = SURFACE_CURVE('',#745,(#749,#756),.PCURVE_S1.);
#745 = LINE('',#746,#747);
#746 = CARTESIAN_POINT('',(100.,25.,71.));
#747 = VECTOR('',#748,1.);
#748 = DIRECTION('',(-0.405064377285,0.,0.914288165872));
#749 = PCURVE('',#128,#750);
#750 = DEFINITIONAL_REPRESENTATION('',(#751),#755);
#751 = LINE('',#752,#753);
#752 = CARTESIAN_POINT('',(221.,200.));
#753 = VECTOR('',#754,1.);
#754 = DIRECTION('',(0.914288165872,-0.405064377285));
#755 = ( GEOMETRIC_REPRESENTATION_CONTEXT(2) 
PARAMETRIC_REPRESENTATION_CONTEXT() REPRESENTATION_CONTEXT('2D SPACE',''
  ) );
#756 = PCURVE('',#659,#757);
#757 = DEFINITIONAL_REPRESENTATION('',(#758),#762);
#758 = LINE('',#759,#760);
#759 = CARTESIAN_POINT('',(0.,0.));
#760 = VECTOR('',#761,1.);
#761 = DIRECTION('',(1.,0.));
#762 = ( GEOMETRIC_REPRESENTATION_CONTEXT(2) 
PARAMETRIC_REPRESENTATION_CONTEXT() REPRESENTATION_CONTEXT('2D SPACE',''
  ) );
#763 = FACE_BOUND('',#764,.T.);
#764 = EDGE_LOOP('',(#765));
#765 = ORIENTED_EDGE('',*,*,#766,.T.);
#766 = EDGE_CURVE('',#767,#767,#769,.T.);
#767 = VERTEX_POINT('',#768);
#768 = CARTESIAN_POINT('',(-50.,25.,80.));
#769 = SURFACE_CURVE('',#770,(#775,#786),.PCURVE_S1.);
#770 = CIRCLE('',#771,5.);
#771 = AXIS2_PLACEMENT_3D('',#772,#773,#774);
#772 = CARTESIAN_POINT('',(-50.,25.,75.));
#773 = DIRECTION('',(0.,-1.,0.));
#774 = DIRECTION('',(0.,0.,1.));
#775 = PCURVE('',#128,#776);
#776 = DEFINITIONAL_REPRESENTATION('',(#777),#785);
#777 = ( BOUNDED_CURVE() B_SPLINE_CURVE(2,(#778,#779,#780,#781,#782,#783
,#784),.UNSPECIFIED.,.T.,.F.) B_SPLINE_CURVE_WITH_KNOTS((1,2,2,2,2,1),(
    -2.094395102393,0.,2.094395102393,4.188790204786,6.28318530718,
8.377580409573),.UNSPECIFIED.) CURVE() GEOMETRIC_REPRESENTATION_ITEM() 
RATIONAL_B_SPLINE_CURVE((1.,0.5,1.,0.5,1.,0.5,1.)) REPRESENTATION_ITEM(
  '') );
#778 = CARTESIAN_POINT('',(230.,50.));
#779 = CARTESIAN_POINT('',(230.,41.339745962156));
#780 = CARTESIAN_POINT('',(222.5,45.669872981078));
#781 = CARTESIAN_POINT('',(215.,50.));
#782 = CARTESIAN_POINT('',(222.5,54.330127018922));
#783 = CARTESIAN_POINT('',(230.,58.660254037844));
#784 = CARTESIAN_POINT('',(230.,50.));
#785 = ( GEOMETRIC_REPRESENTATION_CONTEXT(2) 
PARAMETRIC_REPRESENTATION_CONTEXT() REPRESENTATION_CONTEXT('2D SPACE',''
  ) );
#786 = PCURVE('',#787,#792);
#787 = CYLINDRICAL_SURFACE('',#788,5.);
#788 = AXIS2_PLACEMENT_3D('',#789,#790,#791);
#789 = CARTESIAN_POINT('',(-50.,-22.75,75.));
#790 = DIRECTION('',(-0.,-1.,-0.));
#791 = DIRECTION('',(0.,0.,1.));
#792 = DEFINITIONAL_REPRESENTATION('',(#793),#797);
#793 = LINE('',#794,#795);
#794 = CARTESIAN_POINT('',(-6.28318530718,-47.75));
#795 = VECTOR('',#796,1.);
#796 = DIRECTION('',(1.,-0.));
#797 = ( GEOMETRIC_REPRESENTATION_CONTEXT(2) 
PARAMETRIC_REPRESENTATION_CONTEXT() REPRESENTATION_CONTEXT('2D SPACE',''
  ) );
#798 = FACE_BOUND('',#799,.T.);
#799 = EDGE_LOOP('',(#800));
#800 = ORIENTED_EDGE('',*,*,#801,.F.);
#801 = EDGE_CURVE('',#802,#802,#804,.T.);
#802 = VERTEX_POINT('',#803);
#803 = CARTESIAN_POINT('',(-33.33333333333,25.,58.));
#804 = SURFACE_CURVE('',#805,(#810,#817),.PCURVE_S1.);
#805 = CIRCLE('',#806,8.);
#806 = AXIS2_PLACEMENT_3D('',#807,#808,#809);
#807 = CARTESIAN_POINT('',(-33.33333333333,25.,50.));
#808 = DIRECTION('',(0.,1.,0.));
#809 = DIRECTION('',(0.,0.,1.));
#810 = PCURVE('',#128,#811);
#811 = DEFINITIONAL_REPRESENTATION('',(#812),#816);
#812 = CIRCLE('',#813,8.);
#813 = AXIS2_PLACEMENT_2D('',#814,#815);
#814 = CARTESIAN_POINT('',(200.,66.666666666667));
#815 = DIRECTION('',(1.,0.));
#816 = ( GEOMETRIC_REPRESENTATION_CONTEXT(2) 
PARAMETRIC_REPRESENTATION_CONTEXT() REPRESENTATION_CONTEXT('2D SPACE',''
  ) );
#817 = PCURVE('',#818,#823);
#818 = CYLINDRICAL_SURFACE('',#819,8.);
#819 = AXIS2_PLACEMENT_3D('',#820,#821,#822);
#820 = CARTESIAN_POINT('',(-33.33333333333,25.,50.));
#821 = DIRECTION('',(0.,1.,0.));
#822 = DIRECTION('',(0.,0.,1.));
#823 = DEFINITIONAL_REPRESENTATION('',(#824),#828);
#824 = LINE('',#825,#826);
#825 = CARTESIAN_POINT('',(0.,0.));
#826 = VECTOR('',#827,1.);
#827 = DIRECTION('',(1.,0.));
#828 = ( GEOMETRIC_REPRESENTATION_CONTEXT(2) 
PARAMETRIC_REPRESENTATION_CONTEXT() REPRESENTATION_CONTEXT('2D SPACE',''
  ) );
#829 = FACE_BOUND('',#830,.T.);
#830 = EDGE_LOOP('',(#831));
#831 = ORIENTED_EDGE('',*,*,#832,.F.);
#832 = EDGE_CURVE('',#833,#833,#835,.T.);
#833 = VERTEX_POINT('',#834);
#834 = CARTESIAN_POINT('',(33.333333333333,25.,-42.));
#835 = SURFACE_CURVE('',#836,(#841,#848),.PCURVE_S1.);
#836 = CIRCLE('',#837,8.);
#837 = AXIS2_PLACEMENT_3D('',#838,#839,#840);
#838 = CARTESIAN_POINT('',(33.333333333333,25.,-50.));
#839 = DIRECTION('',(0.,1.,0.));
#840 = DIRECTION('',(0.,0.,1.));
#841 = PCURVE('',#128,#842);
#842 = DEFINITIONAL_REPRESENTATION('',(#843),#847);
#843 = CIRCLE('',#844,8.);
#844 = AXIS2_PLACEMENT_2D('',#845,#846);
#845 = CARTESIAN_POINT('',(100.,133.33333333333));
#846 = DIRECTION('',(1.,0.));
#847 = ( GEOMETRIC_REPRESENTATION_CONTEXT(2) 
PARAMETRIC_REPRESENTATION_CONTEXT() REPRESENTATION_CONTEXT('2D SPACE',''
  ) );
#848 = PCURVE('',#849,#854);
#849 = CYLINDRICAL_SURFACE('',#850,8.);
#850 = AXIS2_PLACEMENT_3D('',#851,#852,#853);
#851 = CARTESIAN_POINT('',(33.333333333333,25.,-50.));
#852 = DIRECTION('',(0.,1.,0.));
#853 = DIRECTION('',(0.,0.,1.));
#854 = DEFINITIONAL_REPRESENTATION('',(#855),#859);
#855 = LINE('',#856,#857);
#856 = CARTESIAN_POINT('',(0.,0.));
#857 = VECTOR('',#858,1.);
#858 = DIRECTION('',(1.,0.));
#859 = ( GEOMETRIC_REPRESENTATION_CONTEXT(2) 
PARAMETRIC_REPRESENTATION_CONTEXT() REPRESENTATION_CONTEXT('2D SPACE',''
  ) );
#860 = FACE_BOUND('',#861,.T.);
#861 = EDGE_LOOP('',(#862));
#862 = ORIENTED_EDGE('',*,*,#863,.T.);
#863 = EDGE_CURVE('',#864,#864,#866,.T.);
#864 = VERTEX_POINT('',#865);
#865 = CARTESIAN_POINT('',(50.,25.,-70.));
#866 = SURFACE_CURVE('',#867,(#872,#883),.PCURVE_S1.);
#867 = CIRCLE('',#868,5.);
#868 = AXIS2_PLACEMENT_3D('',#869,#870,#871);
#869 = CARTESIAN_POINT('',(50.,25.,-75.));
#870 = DIRECTION('',(0.,-1.,0.));
#871 = DIRECTION('',(0.,0.,1.));
#872 = PCURVE('',#128,#873);
#873 = DEFINITIONAL_REPRESENTATION('',(#874),#882);
#874 = ( BOUNDED_CURVE() B_SPLINE_CURVE(2,(#875,#876,#877,#878,#879,#880
,#881),.UNSPECIFIED.,.T.,.F.) B_SPLINE_CURVE_WITH_KNOTS((1,2,2,2,2,1),(
    -2.094395102393,0.,2.094395102393,4.188790204786,6.28318530718,
8.377580409573),.UNSPECIFIED.) CURVE() GEOMETRIC_REPRESENTATION_ITEM() 
RATIONAL_B_SPLINE_CURVE((1.,0.5,1.,0.5,1.,0.5,1.)) REPRESENTATION_ITEM(
  '') );
#875 = CARTESIAN_POINT('',(80.,150.));
#876 = CARTESIAN_POINT('',(80.,141.33974596215));
#877 = CARTESIAN_POINT('',(72.5,145.66987298107));
#878 = CARTESIAN_POINT('',(65.,150.));
#879 = CARTESIAN_POINT('',(72.5,154.33012701892));
#880 = CARTESIAN_POINT('',(80.,158.66025403784));
#881 = CARTESIAN_POINT('',(80.,150.));
#882 = ( GEOMETRIC_REPRESENTATION_CONTEXT(2) 
PARAMETRIC_REPRESENTATION_CONTEXT() REPRESENTATION_CONTEXT('2D SPACE',''
  ) );
#883 = PCURVE('',#884,#889);
#884 = CYLINDRICAL_SURFACE('',#885,5.);
#885 = AXIS2_PLACEMENT_3D('',#886,#887,#888);
#886 = CARTESIAN_POINT('',(50.,-22.75,-75.));
#887 = DIRECTION('',(-0.,-1.,-0.));
#888 = DIRECTION('',(0.,0.,1.));
#889 = DEFINITIONAL_REPRESENTATION('',(#890),#894);
#890 = LINE('',#891,#892);
#891 = CARTESIAN_POINT('',(-6.28318530718,-47.75));
#892 = VECTOR('',#893,1.);
#893 = DIRECTION('',(1.,-0.));
#894 = ( GEOMETRIC_REPRESENTATION_CONTEXT(2) 
PARAMETRIC_REPRESENTATION_CONTEXT() REPRESENTATION_CONTEXT('2D SPACE',''
  ) );
#895 = FACE_BOUND('',#896,.T.);
#896 = EDGE_LOOP('',(#897));
#897 = ORIENTED_EDGE('',*,*,#898,.T.);
#898 = EDGE_CURVE('',#899,#899,#901,.T.);
#899 = VERTEX_POINT('',#900);
#900 = CARTESIAN_POINT('',(0.,25.,5.));
#901 = SURFACE_CURVE('',#902,(#907,#918),.PCURVE_S1.);
#902 = CIRCLE('',#903,5.);
#903 = AXIS2_PLACEMENT_3D('',#904,#905,#906);
#904 = CARTESIAN_POINT('',(0.,25.,0.));
#905 = DIRECTION('',(0.,-1.,0.));
#906 = DIRECTION('',(0.,0.,1.));
#907 = PCURVE('',#128,#908);
#908 = DEFINITIONAL_REPRESENTATION('',(#909),#917);
#909 = ( BOUNDED_CURVE() B_SPLINE_CURVE(2,(#910,#911,#912,#913,#914,#915
,#916),.UNSPECIFIED.,.T.,.F.) B_SPLINE_CURVE_WITH_KNOTS((1,2,2,2,2,1),(
    -2.094395102393,0.,2.094395102393,4.188790204786,6.28318530718,
8.377580409573),.UNSPECIFIED.) CURVE() GEOMETRIC_REPRESENTATION_ITEM() 
RATIONAL_B_SPLINE_CURVE((1.,0.5,1.,0.5,1.,0.5,1.)) REPRESENTATION_ITEM(
  '') );
#910 = CARTESIAN_POINT('',(155.,100.));
#911 = CARTESIAN_POINT('',(155.,91.339745962156));
#912 = CARTESIAN_POINT('',(147.5,95.669872981078));
#913 = CARTESIAN_POINT('',(140.,100.));
#914 = CARTESIAN_POINT('',(147.5,104.33012701892));
#915 = CARTESIAN_POINT('',(155.,108.66025403784));
#916 = CARTESIAN_POINT('',(155.,100.));
#917 = ( GEOMETRIC_REPRESENTATION_CONTEXT(2) 
PARAMETRIC_REPRESENTATION_CONTEXT() REPRESENTATION_CONTEXT('2D SPACE',''
  ) );
#918 = PCURVE('',#919,#924);
#919 = CYLINDRICAL_SURFACE('',#920,5.);
#920 = AXIS2_PLACEMENT_3D('',#921,#922,#923);
#921 = CARTESIAN_POINT('',(0.,-22.75,0.));
#922 = DIRECTION('',(-0.,-1.,-0.));
#923 = DIRECTION('',(0.,0.,1.));
#924 = DEFINITIONAL_REPRESENTATION('',(#925),#929);
#925 = LINE('',#926,#927);
#926 = CARTESIAN_POINT('',(-6.28318530718,-47.75));
#927 = VECTOR('',#928,1.);
#928 = DIRECTION('',(1.,-0.));
#929 = ( GEOMETRIC_REPRESENTATION_CONTEXT(2) 
PARAMETRIC_REPRESENTATION_CONTEXT() REPRESENTATION_CONTEXT('2D SPACE',''
  ) );
#930 = ADVANCED_FACE('',(#931),#100,.F.);
#931 = FACE_BOUND('',#932,.F.);
#932 = EDGE_LOOP('',(#933,#934,#957,#978));
#933 = ORIENTED_EDGE('',*,*,#84,.F.);
#934 = ORIENTED_EDGE('',*,*,#935,.T.);
#935 = EDGE_CURVE('',#57,#936,#938,.T.);
#936 = VERTEX_POINT('',#937);
#937 = CARTESIAN_POINT('',(100.,-25.,-150.));
#938 = SURFACE_CURVE('',#939,(#943,#950),.PCURVE_S1.);
#939 = LINE('',#940,#941);
#940 = CARTESIAN_POINT('',(-100.,-25.,-150.));
#941 = VECTOR('',#942,1.);
#942 = DIRECTION('',(1.,0.,0.));
#943 = PCURVE('',#100,#944);
#944 = DEFINITIONAL_REPRESENTATION('',(#945),#949);
#945 = LINE('',#946,#947);
#946 = CARTESIAN_POINT('',(0.,0.));
#947 = VECTOR('',#948,1.);
#948 = DIRECTION('',(1.,0.));
#949 = ( GEOMETRIC_REPRESENTATION_CONTEXT(2) 
PARAMETRIC_REPRESENTATION_CONTEXT() REPRESENTATION_CONTEXT('2D SPACE',''
  ) );
#950 = PCURVE('',#72,#951);
#951 = DEFINITIONAL_REPRESENTATION('',(#952),#956);
#952 = LINE('',#953,#954);
#953 = CARTESIAN_POINT('',(0.,0.));
#954 = VECTOR('',#955,1.);
#955 = DIRECTION('',(0.,1.));
#956 = ( GEOMETRIC_REPRESENTATION_CONTEXT(2) 
PARAMETRIC_REPRESENTATION_CONTEXT() REPRESENTATION_CONTEXT('2D SPACE',''
  ) );
#957 = ORIENTED_EDGE('',*,*,#958,.T.);
#958 = EDGE_CURVE('',#936,#696,#959,.T.);
#959 = SURFACE_CURVE('',#960,(#964,#971),.PCURVE_S1.);
#960 = LINE('',#961,#962);
#961 = CARTESIAN_POINT('',(100.,-25.,-150.));
#962 = VECTOR('',#963,1.);
#963 = DIRECTION('',(0.,1.,0.));
#964 = PCURVE('',#100,#965);
#965 = DEFINITIONAL_REPRESENTATION('',(#966),#970);
#966 = LINE('',#967,#968);
#967 = CARTESIAN_POINT('',(200.,0.));
#968 = VECTOR('',#969,1.);
#969 = DIRECTION('',(0.,1.));
#970 = ( GEOMETRIC_REPRESENTATION_CONTEXT(2) 
PARAMETRIC_REPRESENTATION_CONTEXT() REPRESENTATION_CONTEXT('2D SPACE',''
  ) );
#971 = PCURVE('',#407,#972);
#972 = DEFINITIONAL_REPRESENTATION('',(#973),#977);
#973 = LINE('',#974,#975);
#974 = CARTESIAN_POINT('',(0.,0.));
#975 = VECTOR('',#976,1.);
#976 = DIRECTION('',(0.,-1.));
#977 = ( GEOMETRIC_REPRESENTATION_CONTEXT(2) 
PARAMETRIC_REPRESENTATION_CONTEXT() REPRESENTATION_CONTEXT('2D SPACE',''
  ) );
#978 = ORIENTED_EDGE('',*,*,#720,.F.);
#979 = ADVANCED_FACE('',(#980,#1006,#1037,#1068,#1099,#1130),#72,.F.);
#980 = FACE_BOUND('',#981,.F.);
#981 = EDGE_LOOP('',(#982,#983,#984,#985));
#982 = ORIENTED_EDGE('',*,*,#935,.F.);
#983 = ORIENTED_EDGE('',*,*,#56,.T.);
#984 = ORIENTED_EDGE('',*,*,#368,.T.);
#985 = ORIENTED_EDGE('',*,*,#986,.F.);
#986 = EDGE_CURVE('',#936,#369,#987,.T.);
#987 = SURFACE_CURVE('',#988,(#992,#999),.PCURVE_S1.);
#988 = LINE('',#989,#990);
#989 = CARTESIAN_POINT('',(100.,-25.,-150.));
#990 = VECTOR('',#991,1.);
#991 = DIRECTION('',(0.,0.,1.));
#992 = PCURVE('',#72,#993);
#993 = DEFINITIONAL_REPRESENTATION('',(#994),#998);
#994 = LINE('',#995,#996);
#995 = CARTESIAN_POINT('',(0.,200.));
#996 = VECTOR('',#997,1.);
#997 = DIRECTION('',(1.,0.));
#998 = ( GEOMETRIC_REPRESENTATION_CONTEXT(2) 
PARAMETRIC_REPRESENTATION_CONTEXT() REPRESENTATION_CONTEXT('2D SPACE',''
  ) );
#999 = PCURVE('',#407,#1000);
#1000 = DEFINITIONAL_REPRESENTATION('',(#1001),#1005);
#1001 = LINE('',#1002,#1003);
#1002 = CARTESIAN_POINT('',(0.,0.));
#1003 = VECTOR('',#1004,1.);
#1004 = DIRECTION('',(1.,0.));
#1005 = ( GEOMETRIC_REPRESENTATION_CONTEXT(2) 
PARAMETRIC_REPRESENTATION_CONTEXT() REPRESENTATION_CONTEXT('2D SPACE',''
  ) );
#1006 = FACE_BOUND('',#1007,.F.);
#1007 = EDGE_LOOP('',(#1008));
#1008 = ORIENTED_EDGE('',*,*,#1009,.F.);
#1009 = EDGE_CURVE('',#1010,#1010,#1012,.T.);
#1010 = VERTEX_POINT('',#1011);
#1011 = CARTESIAN_POINT('',(-50.,-25.,83.));
#1012 = SURFACE_CURVE('',#1013,(#1018,#1025),.PCURVE_S1.);
#1013 = CIRCLE('',#1014,8.);
#1014 = AXIS2_PLACEMENT_3D('',#1015,#1016,#1017);
#1015 = CARTESIAN_POINT('',(-50.,-25.,75.));
#1016 = DIRECTION('',(0.,1.,0.));
#1017 = DIRECTION('',(0.,0.,1.));
#1018 = PCURVE('',#72,#1019);
#1019 = DEFINITIONAL_REPRESENTATION('',(#1020),#1024);
#1020 = CIRCLE('',#1021,8.);
#1021 = AXIS2_PLACEMENT_2D('',#1022,#1023);
#1022 = CARTESIAN_POINT('',(225.,50.));
#1023 = DIRECTION('',(1.,0.));
#1024 = ( GEOMETRIC_REPRESENTATION_CONTEXT(2) 
PARAMETRIC_REPRESENTATION_CONTEXT() REPRESENTATION_CONTEXT('2D SPACE',''
  ) );
#1025 = PCURVE('',#1026,#1031);
#1026 = CYLINDRICAL_SURFACE('',#1027,8.);
#1027 = AXIS2_PLACEMENT_3D('',#1028,#1029,#1030);
#1028 = CARTESIAN_POINT('',(-50.,-25.,75.));
#1029 = DIRECTION('',(-0.,-1.,-0.));
#1030 = DIRECTION('',(0.,0.,1.));
#1031 = DEFINITIONAL_REPRESENTATION('',(#1032),#1036);
#1032 = LINE('',#1033,#1034);
#1033 = CARTESIAN_POINT('',(-0.,0.));
#1034 = VECTOR('',#1035,1.);
#1035 = DIRECTION('',(-1.,0.));
#1036 = ( GEOMETRIC_REPRESENTATION_CONTEXT(2) 
PARAMETRIC_REPRESENTATION_CONTEXT() REPRESENTATION_CONTEXT('2D SPACE',''
  ) );
#1037 = FACE_BOUND('',#1038,.F.);
#1038 = EDGE_LOOP('',(#1039));
#1039 = ORIENTED_EDGE('',*,*,#1040,.F.);
#1040 = EDGE_CURVE('',#1041,#1041,#1043,.T.);
#1041 = VERTEX_POINT('',#1042);
#1042 = CARTESIAN_POINT('',(-33.33333333333,-25.,55.));
#1043 = SURFACE_CURVE('',#1044,(#1049,#1056),.PCURVE_S1.);
#1044 = CIRCLE('',#1045,5.);
#1045 = AXIS2_PLACEMENT_3D('',#1046,#1047,#1048);
#1046 = CARTESIAN_POINT('',(-33.33333333333,-25.,50.));
#1047 = DIRECTION('',(0.,1.,0.));
#1048 = DIRECTION('',(0.,-0.,1.));
#1049 = PCURVE('',#72,#1050);
#1050 = DEFINITIONAL_REPRESENTATION('',(#1051),#1055);
#1051 = CIRCLE('',#1052,5.);
#1052 = AXIS2_PLACEMENT_2D('',#1053,#1054);
#1053 = CARTESIAN_POINT('',(200.,66.666666666667));
#1054 = DIRECTION('',(1.,0.));
#1055 = ( GEOMETRIC_REPRESENTATION_CONTEXT(2) 
PARAMETRIC_REPRESENTATION_CONTEXT() REPRESENTATION_CONTEXT('2D SPACE',''
  ) );
#1056 = PCURVE('',#1057,#1062);
#1057 = CYLINDRICAL_SURFACE('',#1058,5.);
#1058 = AXIS2_PLACEMENT_3D('',#1059,#1060,#1061);
#1059 = CARTESIAN_POINT('',(-33.33333333333,23.39218452154,50.));
#1060 = DIRECTION('',(0.,1.,0.));
#1061 = DIRECTION('',(0.,0.,1.));
#1062 = DEFINITIONAL_REPRESENTATION('',(#1063),#1067);
#1063 = LINE('',#1064,#1065);
#1064 = CARTESIAN_POINT('',(0.,-48.39218452154));
#1065 = VECTOR('',#1066,1.);
#1066 = DIRECTION('',(1.,0.));
#1067 = ( GEOMETRIC_REPRESENTATION_CONTEXT(2) 
PARAMETRIC_REPRESENTATION_CONTEXT() REPRESENTATION_CONTEXT('2D SPACE',''
  ) );
#1068 = FACE_BOUND('',#1069,.F.);
#1069 = EDGE_LOOP('',(#1070));
#1070 = ORIENTED_EDGE('',*,*,#1071,.F.);
#1071 = EDGE_CURVE('',#1072,#1072,#1074,.T.);
#1072 = VERTEX_POINT('',#1073);
#1073 = CARTESIAN_POINT('',(33.333333333333,-25.,-45.));
#1074 = SURFACE_CURVE('',#1075,(#1080,#1087),.PCURVE_S1.);
#1075 = CIRCLE('',#1076,5.);
#1076 = AXIS2_PLACEMENT_3D('',#1077,#1078,#1079);
#1077 = CARTESIAN_POINT('',(33.333333333333,-25.,-50.));
#1078 = DIRECTION('',(0.,1.,0.));
#1079 = DIRECTION('',(0.,-0.,1.));
#1080 = PCURVE('',#72,#1081);
#1081 = DEFINITIONAL_REPRESENTATION('',(#1082),#1086);
#1082 = CIRCLE('',#1083,5.);
#1083 = AXIS2_PLACEMENT_2D('',#1084,#1085);
#1084 = CARTESIAN_POINT('',(100.,133.33333333333));
#1085 = DIRECTION('',(1.,0.));
#1086 = ( GEOMETRIC_REPRESENTATION_CONTEXT(2) 
PARAMETRIC_REPRESENTATION_CONTEXT() REPRESENTATION_CONTEXT('2D SPACE',''
  ) );
#1087 = PCURVE('',#1088,#1093);
#1088 = CYLINDRICAL_SURFACE('',#1089,5.);
#1089 = AXIS2_PLACEMENT_3D('',#1090,#1091,#1092);
#1090 = CARTESIAN_POINT('',(33.333333333333,23.39218452154,-50.));
#1091 = DIRECTION('',(0.,1.,0.));
#1092 = DIRECTION('',(0.,0.,1.));
#1093 = DEFINITIONAL_REPRESENTATION('',(#1094),#1098);
#1094 = LINE('',#1095,#1096);
#1095 = CARTESIAN_POINT('',(0.,-48.39218452154));
#1096 = VECTOR('',#1097,1.);
#1097 = DIRECTION('',(1.,0.));
#1098 = ( GEOMETRIC_REPRESENTATION_CONTEXT(2) 
PARAMETRIC_REPRESENTATION_CONTEXT() REPRESENTATION_CONTEXT('2D SPACE',''
  ) );
#1099 = FACE_BOUND('',#1100,.F.);
#1100 = EDGE_LOOP('',(#1101));
#1101 = ORIENTED_EDGE('',*,*,#1102,.F.);
#1102 = EDGE_CURVE('',#1103,#1103,#1105,.T.);
#1103 = VERTEX_POINT('',#1104);
#1104 = CARTESIAN_POINT('',(50.,-25.,-67.));
#1105 = SURFACE_CURVE('',#1106,(#1111,#1118),.PCURVE_S1.);
#1106 = CIRCLE('',#1107,8.);
#1107 = AXIS2_PLACEMENT_3D('',#1108,#1109,#1110);
#1108 = CARTESIAN_POINT('',(50.,-25.,-75.));
#1109 = DIRECTION('',(0.,1.,0.));
#1110 = DIRECTION('',(0.,0.,1.));
#1111 = PCURVE('',#72,#1112);
#1112 = DEFINITIONAL_REPRESENTATION('',(#1113),#1117);
#1113 = CIRCLE('',#1114,8.);
#1114 = AXIS2_PLACEMENT_2D('',#1115,#1116);
#1115 = CARTESIAN_POINT('',(75.,150.));
#1116 = DIRECTION('',(1.,0.));
#1117 = ( GEOMETRIC_REPRESENTATION_CONTEXT(2) 
PARAMETRIC_REPRESENTATION_CONTEXT() REPRESENTATION_CONTEXT('2D SPACE',''
  ) );
#1118 = PCURVE('',#1119,#1124);
#1119 = CYLINDRICAL_SURFACE('',#1120,8.);
#1120 = AXIS2_PLACEMENT_3D('',#1121,#1122,#1123);
#1121 = CARTESIAN_POINT('',(50.,-25.,-75.));
#1122 = DIRECTION('',(-0.,-1.,-0.));
#1123 = DIRECTION('',(0.,0.,1.));
#1124 = DEFINITIONAL_REPRESENTATION('',(#1125),#1129);
#1125 = LINE('',#1126,#1127);
#1126 = CARTESIAN_POINT('',(-0.,0.));
#1127 = VECTOR('',#1128,1.);
#1128 = DIRECTION('',(-1.,0.));
#1129 = ( GEOMETRIC_REPRESENTATION_CONTEXT(2) 
PARAMETRIC_REPRESENTATION_CONTEXT() REPRESENTATION_CONTEXT('2D SPACE',''
  ) );
#1130 = FACE_BOUND('',#1131,.F.);
#1131 = EDGE_LOOP('',(#1132));
#1132 = ORIENTED_EDGE('',*,*,#1133,.F.);
#1133 = EDGE_CURVE('',#1134,#1134,#1136,.T.);
#1134 = VERTEX_POINT('',#1135);
#1135 = CARTESIAN_POINT('',(0.,-25.,8.));
#1136 = SURFACE_CURVE('',#1137,(#1142,#1149),.PCURVE_S1.);
#1137 = CIRCLE('',#1138,8.);
#1138 = AXIS2_PLACEMENT_3D('',#1139,#1140,#1141);
#1139 = CARTESIAN_POINT('',(0.,-25.,0.));
#1140 = DIRECTION('',(0.,1.,0.));
#1141 = DIRECTION('',(0.,0.,1.));
#1142 = PCURVE('',#72,#1143);
#1143 = DEFINITIONAL_REPRESENTATION('',(#1144),#1148);
#1144 = CIRCLE('',#1145,8.);
#1145 = AXIS2_PLACEMENT_2D('',#1146,#1147);
#1146 = CARTESIAN_POINT('',(150.,100.));
#1147 = DIRECTION('',(1.,0.));
#1148 = ( GEOMETRIC_REPRESENTATION_CONTEXT(2) 
PARAMETRIC_REPRESENTATION_CONTEXT() REPRESENTATION_CONTEXT('2D SPACE',''
  ) );
#1149 = PCURVE('',#1150,#1155);
#1150 = CYLINDRICAL_SURFACE('',#1151,8.);
#1151 = AXIS2_PLACEMENT_3D('',#1152,#1153,#1154);
#1152 = CARTESIAN_POINT('',(0.,-25.,0.));
#1153 = DIRECTION('',(-0.,-1.,-0.));
#1154 = DIRECTION('',(0.,0.,1.));
#1155 = DEFINITIONAL_REPRESENTATION('',(#1156),#1160);
#1156 = LINE('',#1157,#1158);
#1157 = CARTESIAN_POINT('',(-0.,0.));
#1158 = VECTOR('',#1159,1.);
#1159 = DIRECTION('',(-1.,0.));
#1160 = ( GEOMETRIC_REPRESENTATION_CONTEXT(2) 
PARAMETRIC_REPRESENTATION_CONTEXT() REPRESENTATION_CONTEXT('2D SPACE',''
  ) );
#1161 = ADVANCED_FACE('',(#1162),#270,.F.);
#1162 = FACE_BOUND('',#1163,.F.);
#1163 = EDGE_LOOP('',(#1164,#1187,#1215,#1236));
#1164 = ORIENTED_EDGE('',*,*,#1165,.T.);
#1165 = EDGE_CURVE('',#253,#1166,#1168,.T.);
#1166 = VERTEX_POINT('',#1167);
#1167 = CARTESIAN_POINT('',(-92.,2.05,118.2));
#1168 = SURFACE_CURVE('',#1169,(#1173,#1180),.PCURVE_S1.);
#1169 = LINE('',#1170,#1171);
#1170 = CARTESIAN_POINT('',(-100.,2.05,118.2));
#1171 = VECTOR('',#1172,1.);
#1172 = DIRECTION('',(1.,0.,0.));
#1173 = PCURVE('',#270,#1174);
#1174 = DEFINITIONAL_REPRESENTATION('',(#1175),#1179);
#1175 = LINE('',#1176,#1177);
#1176 = CARTESIAN_POINT('',(0.,0.));
#1177 = VECTOR('',#1178,1.);
#1178 = DIRECTION('',(0.,-1.));
#1179 = ( GEOMETRIC_REPRESENTATION_CONTEXT(2) 
PARAMETRIC_REPRESENTATION_CONTEXT() REPRESENTATION_CONTEXT('2D SPACE',''
  ) );
#1180 = PCURVE('',#352,#1181);
#1181 = DEFINITIONAL_REPRESENTATION('',(#1182),#1186);
#1182 = LINE('',#1183,#1184);
#1183 = CARTESIAN_POINT('',(29.,0.));
#1184 = VECTOR('',#1185,1.);
#1185 = DIRECTION('',(0.,-1.));
#1186 = ( GEOMETRIC_REPRESENTATION_CONTEXT(2) 
PARAMETRIC_REPRESENTATION_CONTEXT() REPRESENTATION_CONTEXT('2D SPACE',''
  ) );
#1187 = ORIENTED_EDGE('',*,*,#1188,.T.);
#1188 = EDGE_CURVE('',#1166,#1189,#1191,.T.);
#1189 = VERTEX_POINT('',#1190);
#1190 = CARTESIAN_POINT('',(-92.,11.05,118.2));
#1191 = SURFACE_CURVE('',#1192,(#1196,#1203),.PCURVE_S1.);
#1192 = LINE('',#1193,#1194);
#1193 = CARTESIAN_POINT('',(-92.,2.05,118.2));
#1194 = VECTOR('',#1195,1.);
#1195 = DIRECTION('',(0.,1.,6.042030065987E-17));
#1196 = PCURVE('',#270,#1197);
#1197 = DEFINITIONAL_REPRESENTATION('',(#1198),#1202);
#1198 = LINE('',#1199,#1200);
#1199 = CARTESIAN_POINT('',(0.,-8.));
#1200 = VECTOR('',#1201,1.);
#1201 = DIRECTION('',(1.,0.));
#1202 = ( GEOMETRIC_REPRESENTATION_CONTEXT(2) 
PARAMETRIC_REPRESENTATION_CONTEXT() REPRESENTATION_CONTEXT('2D SPACE',''
  ) );
#1203 = PCURVE('',#1204,#1209);
#1204 = PLANE('',#1205);
#1205 = AXIS2_PLACEMENT_3D('',#1206,#1207,#1208);
#1206 = CARTESIAN_POINT('',(-92.,6.55,103.7));
#1207 = DIRECTION('',(-1.,-0.,-0.));
#1208 = DIRECTION('',(0.,0.,-1.));
#1209 = DEFINITIONAL_REPRESENTATION('',(#1210),#1214);
#1210 = LINE('',#1211,#1212);
#1211 = CARTESIAN_POINT('',(-14.5,4.5));
#1212 = VECTOR('',#1213,1.);
#1213 = DIRECTION('',(-6.042030065987E-17,-1.));
#1214 = ( GEOMETRIC_REPRESENTATION_CONTEXT(2) 
PARAMETRIC_REPRESENTATION_CONTEXT() REPRESENTATION_CONTEXT('2D SPACE',''
  ) );
#1215 = ORIENTED_EDGE('',*,*,#1216,.F.);
#1216 = EDGE_CURVE('',#255,#1189,#1217,.T.);
#1217 = SURFACE_CURVE('',#1218,(#1222,#1229),.PCURVE_S1.);
#1218 = LINE('',#1219,#1220);
#1219 = CARTESIAN_POINT('',(-100.,11.05,118.2));
#1220 = VECTOR('',#1221,1.);
#1221 = DIRECTION('',(1.,0.,0.));
#1222 = PCURVE('',#270,#1223);
#1223 = DEFINITIONAL_REPRESENTATION('',(#1224),#1228);
#1224 = LINE('',#1225,#1226);
#1225 = CARTESIAN_POINT('',(9.,0.));
#1226 = VECTOR('',#1227,1.);
#1227 = DIRECTION('',(0.,-1.));
#1228 = ( GEOMETRIC_REPRESENTATION_CONTEXT(2) 
PARAMETRIC_REPRESENTATION_CONTEXT() REPRESENTATION_CONTEXT('2D SPACE',''
  ) );
#1229 = PCURVE('',#298,#1230);
#1230 = DEFINITIONAL_REPRESENTATION('',(#1231),#1235);
#1231 = LINE('',#1232,#1233);
#1232 = CARTESIAN_POINT('',(0.,0.));
#1233 = VECTOR('',#1234,1.);
#1234 = DIRECTION('',(0.,-1.));
#1235 = ( GEOMETRIC_REPRESENTATION_CONTEXT(2) 
PARAMETRIC_REPRESENTATION_CONTEXT() REPRESENTATION_CONTEXT('2D SPACE',''
  ) );
#1236 = ORIENTED_EDGE('',*,*,#252,.F.);
#1237 = ADVANCED_FACE('',(#1238),#352,.F.);
#1238 = FACE_BOUND('',#1239,.F.);
#1239 = EDGE_LOOP('',(#1240,#1263,#1284,#1285));
#1240 = ORIENTED_EDGE('',*,*,#1241,.T.);
#1241 = EDGE_CURVE('',#311,#1242,#1244,.T.);
#1242 = VERTEX_POINT('',#1243);
#1243 = CARTESIAN_POINT('',(-92.,2.05,89.2));
#1244 = SURFACE_CURVE('',#1245,(#1249,#1256),.PCURVE_S1.);
#1245 = LINE('',#1246,#1247);
#1246 = CARTESIAN_POINT('',(-100.,2.05,89.2));
#1247 = VECTOR('',#1248,1.);
#1248 = DIRECTION('',(1.,0.,0.));
#1249 = PCURVE('',#352,#1250);
#1250 = DEFINITIONAL_REPRESENTATION('',(#1251),#1255);
#1251 = LINE('',#1252,#1253);
#1252 = CARTESIAN_POINT('',(0.,0.));
#1253 = VECTOR('',#1254,1.);
#1254 = DIRECTION('',(0.,-1.));
#1255 = ( GEOMETRIC_REPRESENTATION_CONTEXT(2) 
PARAMETRIC_REPRESENTATION_CONTEXT() REPRESENTATION_CONTEXT('2D SPACE',''
  ) );
#1256 = PCURVE('',#326,#1257);
#1257 = DEFINITIONAL_REPRESENTATION('',(#1258),#1262);
#1258 = LINE('',#1259,#1260);
#1259 = CARTESIAN_POINT('',(9.,-0.));
#1260 = VECTOR('',#1261,1.);
#1261 = DIRECTION('',(0.,-1.));
#1262 = ( GEOMETRIC_REPRESENTATION_CONTEXT(2) 
PARAMETRIC_REPRESENTATION_CONTEXT() REPRESENTATION_CONTEXT('2D SPACE',''
  ) );
#1263 = ORIENTED_EDGE('',*,*,#1264,.T.);
#1264 = EDGE_CURVE('',#1242,#1166,#1265,.T.);
#1265 = SURFACE_CURVE('',#1266,(#1270,#1277),.PCURVE_S1.);
#1266 = LINE('',#1267,#1268);
#1267 = CARTESIAN_POINT('',(-92.,2.05,89.2));
#1268 = VECTOR('',#1269,1.);
#1269 = DIRECTION('',(0.,-6.042030065987E-17,1.));
#1270 = PCURVE('',#352,#1271);
#1271 = DEFINITIONAL_REPRESENTATION('',(#1272),#1276);
#1272 = LINE('',#1273,#1274);
#1273 = CARTESIAN_POINT('',(0.,-8.));
#1274 = VECTOR('',#1275,1.);
#1275 = DIRECTION('',(1.,0.));
#1276 = ( GEOMETRIC_REPRESENTATION_CONTEXT(2) 
PARAMETRIC_REPRESENTATION_CONTEXT() REPRESENTATION_CONTEXT('2D SPACE',''
  ) );
#1277 = PCURVE('',#1204,#1278);
#1278 = DEFINITIONAL_REPRESENTATION('',(#1279),#1283);
#1279 = LINE('',#1280,#1281);
#1280 = CARTESIAN_POINT('',(14.5,4.5));
#1281 = VECTOR('',#1282,1.);
#1282 = DIRECTION('',(-1.,6.042030065987E-17));
#1283 = ( GEOMETRIC_REPRESENTATION_CONTEXT(2) 
PARAMETRIC_REPRESENTATION_CONTEXT() REPRESENTATION_CONTEXT('2D SPACE',''
  ) );
#1284 = ORIENTED_EDGE('',*,*,#1165,.F.);
#1285 = ORIENTED_EDGE('',*,*,#338,.F.);
#1286 = ADVANCED_FACE('',(#1287),#298,.F.);
#1287 = FACE_BOUND('',#1288,.F.);
#1288 = EDGE_LOOP('',(#1289,#1290,#1313,#1334));
#1289 = ORIENTED_EDGE('',*,*,#1216,.T.);
#1290 = ORIENTED_EDGE('',*,*,#1291,.T.);
#1291 = EDGE_CURVE('',#1189,#1292,#1294,.T.);
#1292 = VERTEX_POINT('',#1293);
#1293 = CARTESIAN_POINT('',(-92.,11.05,89.2));
#1294 = SURFACE_CURVE('',#1295,(#1299,#1306),.PCURVE_S1.);
#1295 = LINE('',#1296,#1297);
#1296 = CARTESIAN_POINT('',(-92.,11.05,118.2));
#1297 = VECTOR('',#1298,1.);
#1298 = DIRECTION('',(0.,6.042030065987E-17,-1.));
#1299 = PCURVE('',#298,#1300);
#1300 = DEFINITIONAL_REPRESENTATION('',(#1301),#1305);
#1301 = LINE('',#1302,#1303);
#1302 = CARTESIAN_POINT('',(0.,-8.));
#1303 = VECTOR('',#1304,1.);
#1304 = DIRECTION('',(1.,0.));
#1305 = ( GEOMETRIC_REPRESENTATION_CONTEXT(2) 
PARAMETRIC_REPRESENTATION_CONTEXT() REPRESENTATION_CONTEXT('2D SPACE',''
  ) );
#1306 = PCURVE('',#1204,#1307);
#1307 = DEFINITIONAL_REPRESENTATION('',(#1308),#1312);
#1308 = LINE('',#1309,#1310);
#1309 = CARTESIAN_POINT('',(-14.5,-4.5));
#1310 = VECTOR('',#1311,1.);
#1311 = DIRECTION('',(1.,-6.042030065987E-17));
#1312 = ( GEOMETRIC_REPRESENTATION_CONTEXT(2) 
PARAMETRIC_REPRESENTATION_CONTEXT() REPRESENTATION_CONTEXT('2D SPACE',''
  ) );
#1313 = ORIENTED_EDGE('',*,*,#1314,.F.);
#1314 = EDGE_CURVE('',#283,#1292,#1315,.T.);
#1315 = SURFACE_CURVE('',#1316,(#1320,#1327),.PCURVE_S1.);
#1316 = LINE('',#1317,#1318);
#1317 = CARTESIAN_POINT('',(-100.,11.05,89.2));
#1318 = VECTOR('',#1319,1.);
#1319 = DIRECTION('',(1.,0.,0.));
#1320 = PCURVE('',#298,#1321);
#1321 = DEFINITIONAL_REPRESENTATION('',(#1322),#1326);
#1322 = LINE('',#1323,#1324);
#1323 = CARTESIAN_POINT('',(29.,0.));
#1324 = VECTOR('',#1325,1.);
#1325 = DIRECTION('',(0.,-1.));
#1326 = ( GEOMETRIC_REPRESENTATION_CONTEXT(2) 
PARAMETRIC_REPRESENTATION_CONTEXT() REPRESENTATION_CONTEXT('2D SPACE',''
  ) );
#1327 = PCURVE('',#326,#1328);
#1328 = DEFINITIONAL_REPRESENTATION('',(#1329),#1333);
#1329 = LINE('',#1330,#1331);
#1330 = CARTESIAN_POINT('',(0.,0.));
#1331 = VECTOR('',#1332,1.);
#1332 = DIRECTION('',(0.,-1.));
#1333 = ( GEOMETRIC_REPRESENTATION_CONTEXT(2) 
PARAMETRIC_REPRESENTATION_CONTEXT() REPRESENTATION_CONTEXT('2D SPACE',''
  ) );
#1334 = ORIENTED_EDGE('',*,*,#282,.F.);
#1335 = ADVANCED_FACE('',(#1336),#326,.F.);
#1336 = FACE_BOUND('',#1337,.F.);
#1337 = EDGE_LOOP('',(#1338,#1339,#1360,#1361));
#1338 = ORIENTED_EDGE('',*,*,#1314,.T.);
#1339 = ORIENTED_EDGE('',*,*,#1340,.T.);
#1340 = EDGE_CURVE('',#1292,#1242,#1341,.T.);
#1341 = SURFACE_CURVE('',#1342,(#1346,#1353),.PCURVE_S1.);
#1342 = LINE('',#1343,#1344);
#1343 = CARTESIAN_POINT('',(-92.,11.05,89.2));
#1344 = VECTOR('',#1345,1.);
#1345 = DIRECTION('',(0.,-1.,-6.042030065987E-17));
#1346 = PCURVE('',#326,#1347);
#1347 = DEFINITIONAL_REPRESENTATION('',(#1348),#1352);
#1348 = LINE('',#1349,#1350);
#1349 = CARTESIAN_POINT('',(0.,-8.));
#1350 = VECTOR('',#1351,1.);
#1351 = DIRECTION('',(1.,0.));
#1352 = ( GEOMETRIC_REPRESENTATION_CONTEXT(2) 
PARAMETRIC_REPRESENTATION_CONTEXT() REPRESENTATION_CONTEXT('2D SPACE',''
  ) );
#1353 = PCURVE('',#1204,#1354);
#1354 = DEFINITIONAL_REPRESENTATION('',(#1355),#1359);
#1355 = LINE('',#1356,#1357);
#1356 = CARTESIAN_POINT('',(14.5,-4.5));
#1357 = VECTOR('',#1358,1.);
#1358 = DIRECTION('',(6.042030065987E-17,1.));
#1359 = ( GEOMETRIC_REPRESENTATION_CONTEXT(2) 
PARAMETRIC_REPRESENTATION_CONTEXT() REPRESENTATION_CONTEXT('2D SPACE',''
  ) );
#1360 = ORIENTED_EDGE('',*,*,#1241,.F.);
#1361 = ORIENTED_EDGE('',*,*,#310,.F.);
#1362 = ADVANCED_FACE('',(#1363),#407,.T.);
#1363 = FACE_BOUND('',#1364,.T.);
#1364 = EDGE_LOOP('',(#1365,#1366,#1367,#1368,#1369,#1392,#1413,#1414,
    #1415,#1416));
#1365 = ORIENTED_EDGE('',*,*,#391,.F.);
#1366 = ORIENTED_EDGE('',*,*,#986,.F.);
#1367 = ORIENTED_EDGE('',*,*,#958,.T.);
#1368 = ORIENTED_EDGE('',*,*,#695,.T.);
#1369 = ORIENTED_EDGE('',*,*,#1370,.T.);
#1370 = EDGE_CURVE('',#698,#1371,#1373,.T.);
#1371 = VERTEX_POINT('',#1372);
#1372 = CARTESIAN_POINT('',(100.,13.,71.));
#1373 = SURFACE_CURVE('',#1374,(#1378,#1385),.PCURVE_S1.);
#1374 = LINE('',#1375,#1376);
#1375 = CARTESIAN_POINT('',(100.,25.,71.));
#1376 = VECTOR('',#1377,1.);
#1377 = DIRECTION('',(-0.,-1.,-0.));
#1378 = PCURVE('',#407,#1379);
#1379 = DEFINITIONAL_REPRESENTATION('',(#1380),#1384);
#1380 = LINE('',#1381,#1382);
#1381 = CARTESIAN_POINT('',(221.,-50.));
#1382 = VECTOR('',#1383,1.);
#1383 = DIRECTION('',(0.,1.));
#1384 = ( GEOMETRIC_REPRESENTATION_CONTEXT(2) 
PARAMETRIC_REPRESENTATION_CONTEXT() REPRESENTATION_CONTEXT('2D SPACE',''
  ) );
#1385 = PCURVE('',#659,#1386);
#1386 = DEFINITIONAL_REPRESENTATION('',(#1387),#1391);
#1387 = LINE('',#1388,#1389);
#1388 = CARTESIAN_POINT('',(0.,0.));
#1389 = VECTOR('',#1390,1.);
#1390 = DIRECTION('',(0.,-1.));
#1391 = ( GEOMETRIC_REPRESENTATION_CONTEXT(2) 
PARAMETRIC_REPRESENTATION_CONTEXT() REPRESENTATION_CONTEXT('2D SPACE',''
  ) );
#1392 = ORIENTED_EDGE('',*,*,#1393,.F.);
#1393 = EDGE_CURVE('',#593,#1371,#1394,.T.);
#1394 = SURFACE_CURVE('',#1395,(#1399,#1406),.PCURVE_S1.);
#1395 = LINE('',#1396,#1397);
#1396 = CARTESIAN_POINT('',(100.,13.,150.));
#1397 = VECTOR('',#1398,1.);
#1398 = DIRECTION('',(0.,0.,-1.));
#1399 = PCURVE('',#407,#1400);
#1400 = DEFINITIONAL_REPRESENTATION('',(#1401),#1405);
#1401 = LINE('',#1402,#1403);
#1402 = CARTESIAN_POINT('',(300.,-38.));
#1403 = VECTOR('',#1404,1.);
#1404 = DIRECTION('',(-1.,0.));
#1405 = ( GEOMETRIC_REPRESENTATION_CONTEXT(2) 
PARAMETRIC_REPRESENTATION_CONTEXT() REPRESENTATION_CONTEXT('2D SPACE',''
  ) );
#1406 = PCURVE('',#631,#1407);
#1407 = DEFINITIONAL_REPRESENTATION('',(#1408),#1412);
#1408 = LINE('',#1409,#1410);
#1409 = CARTESIAN_POINT('',(32.601504577228,10.601504577228));
#1410 = VECTOR('',#1411,1.);
#1411 = DIRECTION('',(-1.,0.));
#1412 = ( GEOMETRIC_REPRESENTATION_CONTEXT(2) 
PARAMETRIC_REPRESENTATION_CONTEXT() REPRESENTATION_CONTEXT('2D SPACE',''
  ) );
#1413 = ORIENTED_EDGE('',*,*,#592,.F.);
#1414 = ORIENTED_EDGE('',*,*,#541,.T.);
#1415 = ORIENTED_EDGE('',*,*,#517,.F.);
#1416 = ORIENTED_EDGE('',*,*,#467,.F.);
#1417 = ADVANCED_FACE('',(#1418),#659,.F.);
#1418 = FACE_BOUND('',#1419,.F.);
#1419 = EDGE_LOOP('',(#1420,#1421,#1442,#1443));
#1420 = ORIENTED_EDGE('',*,*,#1370,.T.);
#1421 = ORIENTED_EDGE('',*,*,#1422,.T.);
#1422 = EDGE_CURVE('',#1371,#616,#1423,.T.);
#1423 = SURFACE_CURVE('',#1424,(#1428,#1435),.PCURVE_S1.);
#1424 = LINE('',#1425,#1426);
#1425 = CARTESIAN_POINT('',(100.,13.,71.));
#1426 = VECTOR('',#1427,1.);
#1427 = DIRECTION('',(-0.405064377285,0.,0.914288165872));
#1428 = PCURVE('',#659,#1429);
#1429 = DEFINITIONAL_REPRESENTATION('',(#1430),#1434);
#1430 = LINE('',#1431,#1432);
#1431 = CARTESIAN_POINT('',(0.,-12.));
#1432 = VECTOR('',#1433,1.);
#1433 = DIRECTION('',(1.,0.));
#1434 = ( GEOMETRIC_REPRESENTATION_CONTEXT(2) 
PARAMETRIC_REPRESENTATION_CONTEXT() REPRESENTATION_CONTEXT('2D SPACE',''
  ) );
#1435 = PCURVE('',#631,#1436);
#1436 = DEFINITIONAL_REPRESENTATION('',(#1437),#1441);
#1437 = LINE('',#1438,#1439);
#1438 = CARTESIAN_POINT('',(-46.39849542277,10.601504577228));
#1439 = VECTOR('',#1440,1.);
#1440 = DIRECTION('',(0.914288165872,-0.405064377285));
#1441 = ( GEOMETRIC_REPRESENTATION_CONTEXT(2) 
PARAMETRIC_REPRESENTATION_CONTEXT() REPRESENTATION_CONTEXT('2D SPACE',''
  ) );
#1442 = ORIENTED_EDGE('',*,*,#643,.F.);
#1443 = ORIENTED_EDGE('',*,*,#743,.F.);
#1444 = ADVANCED_FACE('',(#1445),#631,.T.);
#1445 = FACE_BOUND('',#1446,.T.);
#1446 = EDGE_LOOP('',(#1447,#1448,#1449));
#1447 = ORIENTED_EDGE('',*,*,#1393,.T.);
#1448 = ORIENTED_EDGE('',*,*,#1422,.T.);
#1449 = ORIENTED_EDGE('',*,*,#615,.T.);
#1450 = ADVANCED_FACE('',(#1451),#787,.F.);
#1451 = FACE_BOUND('',#1452,.T.);
#1452 = EDGE_LOOP('',(#1453,#1476,#1507,#1508));
#1453 = ORIENTED_EDGE('',*,*,#1454,.F.);
#1454 = EDGE_CURVE('',#1455,#767,#1457,.T.);
#1455 = VERTEX_POINT('',#1456);
#1456 = CARTESIAN_POINT('',(-50.,-20.5,80.));
#1457 = SEAM_CURVE('',#1458,(#1462,#1469),.PCURVE_S1.);
#1458 = LINE('',#1459,#1460);
#1459 = CARTESIAN_POINT('',(-50.,-22.75,80.));
#1460 = VECTOR('',#1461,1.);
#1461 = DIRECTION('',(0.,1.,0.));
#1462 = PCURVE('',#787,#1463);
#1463 = DEFINITIONAL_REPRESENTATION('',(#1464),#1468);
#1464 = LINE('',#1465,#1466);
#1465 = CARTESIAN_POINT('',(-6.28318530718,0.));
#1466 = VECTOR('',#1467,1.);
#1467 = DIRECTION('',(-0.,-1.));
#1468 = ( GEOMETRIC_REPRESENTATION_CONTEXT(2) 
PARAMETRIC_REPRESENTATION_CONTEXT() REPRESENTATION_CONTEXT('2D SPACE',''
  ) );
#1469 = PCURVE('',#787,#1470);
#1470 = DEFINITIONAL_REPRESENTATION('',(#1471),#1475);
#1471 = LINE('',#1472,#1473);
#1472 = CARTESIAN_POINT('',(-0.,0.));
#1473 = VECTOR('',#1474,1.);
#1474 = DIRECTION('',(-0.,-1.));
#1475 = ( GEOMETRIC_REPRESENTATION_CONTEXT(2) 
PARAMETRIC_REPRESENTATION_CONTEXT() REPRESENTATION_CONTEXT('2D SPACE',''
  ) );
#1476 = ORIENTED_EDGE('',*,*,#1477,.T.);
#1477 = EDGE_CURVE('',#1455,#1455,#1478,.T.);
#1478 = SURFACE_CURVE('',#1479,(#1484,#1491),.PCURVE_S1.);
#1479 = CIRCLE('',#1480,5.);
#1480 = AXIS2_PLACEMENT_3D('',#1481,#1482,#1483);
#1481 = CARTESIAN_POINT('',(-50.,-20.5,75.));
#1482 = DIRECTION('',(0.,-1.,0.));
#1483 = DIRECTION('',(0.,0.,1.));
#1484 = PCURVE('',#787,#1485);
#1485 = DEFINITIONAL_REPRESENTATION('',(#1486),#1490);
#1486 = LINE('',#1487,#1488);
#1487 = CARTESIAN_POINT('',(-6.28318530718,-2.25));
#1488 = VECTOR('',#1489,1.);
#1489 = DIRECTION('',(1.,-0.));
#1490 = ( GEOMETRIC_REPRESENTATION_CONTEXT(2) 
PARAMETRIC_REPRESENTATION_CONTEXT() REPRESENTATION_CONTEXT('2D SPACE',''
  ) );
#1491 = PCURVE('',#1492,#1497);
#1492 = PLANE('',#1493);
#1493 = AXIS2_PLACEMENT_3D('',#1494,#1495,#1496);
#1494 = CARTESIAN_POINT('',(-50.,-20.5,75.));
#1495 = DIRECTION('',(0.,1.,0.));
#1496 = DIRECTION('',(0.,-0.,1.));
#1497 = DEFINITIONAL_REPRESENTATION('',(#1498),#1506);
#1498 = ( BOUNDED_CURVE() B_SPLINE_CURVE(2,(#1499,#1500,#1501,#1502,
#1503,#1504,#1505),.UNSPECIFIED.,.T.,.F.) B_SPLINE_CURVE_WITH_KNOTS((1,2
    ,2,2,2,1),(-2.094395102393,0.,2.094395102393,4.188790204786,
6.28318530718,8.377580409573),.UNSPECIFIED.) CURVE() 
GEOMETRIC_REPRESENTATION_ITEM() RATIONAL_B_SPLINE_CURVE((1.,0.5,1.,0.5,
1.,0.5,1.)) REPRESENTATION_ITEM('') );
#1499 = CARTESIAN_POINT('',(5.,0.));
#1500 = CARTESIAN_POINT('',(5.,-8.660254037844));
#1501 = CARTESIAN_POINT('',(-2.5,-4.330127018922));
#1502 = CARTESIAN_POINT('',(-10.,-1.224646799147E-15));
#1503 = CARTESIAN_POINT('',(-2.5,4.330127018922));
#1504 = CARTESIAN_POINT('',(5.,8.660254037844));
#1505 = CARTESIAN_POINT('',(5.,0.));
#1506 = ( GEOMETRIC_REPRESENTATION_CONTEXT(2) 
PARAMETRIC_REPRESENTATION_CONTEXT() REPRESENTATION_CONTEXT('2D SPACE',''
  ) );
#1507 = ORIENTED_EDGE('',*,*,#1454,.T.);
#1508 = ORIENTED_EDGE('',*,*,#766,.F.);
#1509 = ADVANCED_FACE('',(#1510),#818,.F.);
#1510 = FACE_BOUND('',#1511,.F.);
#1511 = EDGE_LOOP('',(#1512,#1535,#1562,#1563));
#1512 = ORIENTED_EDGE('',*,*,#1513,.T.);
#1513 = EDGE_CURVE('',#802,#1514,#1516,.T.);
#1514 = VERTEX_POINT('',#1515);
#1515 = CARTESIAN_POINT('',(-33.33333333333,24.6,58.));
#1516 = SEAM_CURVE('',#1517,(#1521,#1528),.PCURVE_S1.);
#1517 = LINE('',#1518,#1519);
#1518 = CARTESIAN_POINT('',(-33.33333333333,25.,58.));
#1519 = VECTOR('',#1520,1.);
#1520 = DIRECTION('',(-0.,-1.,-0.));
#1521 = PCURVE('',#818,#1522);
#1522 = DEFINITIONAL_REPRESENTATION('',(#1523),#1527);
#1523 = LINE('',#1524,#1525);
#1524 = CARTESIAN_POINT('',(0.,0.));
#1525 = VECTOR('',#1526,1.);
#1526 = DIRECTION('',(0.,-1.));
#1527 = ( GEOMETRIC_REPRESENTATION_CONTEXT(2) 
PARAMETRIC_REPRESENTATION_CONTEXT() REPRESENTATION_CONTEXT('2D SPACE',''
  ) );
#1528 = PCURVE('',#818,#1529);
#1529 = DEFINITIONAL_REPRESENTATION('',(#1530),#1534);
#1530 = LINE('',#1531,#1532);
#1531 = CARTESIAN_POINT('',(6.28318530718,0.));
#1532 = VECTOR('',#1533,1.);
#1533 = DIRECTION('',(0.,-1.));
#1534 = ( GEOMETRIC_REPRESENTATION_CONTEXT(2) 
PARAMETRIC_REPRESENTATION_CONTEXT() REPRESENTATION_CONTEXT('2D SPACE',''
  ) );
#1535 = ORIENTED_EDGE('',*,*,#1536,.T.);
#1536 = EDGE_CURVE('',#1514,#1514,#1537,.T.);
#1537 = SURFACE_CURVE('',#1538,(#1543,#1550),.PCURVE_S1.);
#1538 = CIRCLE('',#1539,8.);
#1539 = AXIS2_PLACEMENT_3D('',#1540,#1541,#1542);
#1540 = CARTESIAN_POINT('',(-33.33333333333,24.6,50.));
#1541 = DIRECTION('',(9.203377227578E-31,1.,-7.559917008368E-31));
#1542 = DIRECTION('',(4.087120520947E-46,7.559917008368E-31,1.));
#1543 = PCURVE('',#818,#1544);
#1544 = DEFINITIONAL_REPRESENTATION('',(#1545),#1549);
#1545 = LINE('',#1546,#1547);
#1546 = CARTESIAN_POINT('',(0.,-0.4));
#1547 = VECTOR('',#1548,1.);
#1548 = DIRECTION('',(1.,0.));
#1549 = ( GEOMETRIC_REPRESENTATION_CONTEXT(2) 
PARAMETRIC_REPRESENTATION_CONTEXT() REPRESENTATION_CONTEXT('2D SPACE',''
  ) );
#1550 = PCURVE('',#1551,#1556);
#1551 = CONICAL_SURFACE('',#1552,8.,0.785398163397);
#1552 = AXIS2_PLACEMENT_3D('',#1553,#1554,#1555);
#1553 = CARTESIAN_POINT('',(-33.33333333333,24.6,50.));
#1554 = DIRECTION('',(9.203377227578E-31,1.,-7.559917008368E-31));
#1555 = DIRECTION('',(4.087120520947E-46,7.559917008368E-31,1.));
#1556 = DEFINITIONAL_REPRESENTATION('',(#1557),#1561);
#1557 = LINE('',#1558,#1559);
#1558 = CARTESIAN_POINT('',(0.,-0.));
#1559 = VECTOR('',#1560,1.);
#1560 = DIRECTION('',(1.,-0.));
#1561 = ( GEOMETRIC_REPRESENTATION_CONTEXT(2) 
PARAMETRIC_REPRESENTATION_CONTEXT() REPRESENTATION_CONTEXT('2D SPACE',''
  ) );
#1562 = ORIENTED_EDGE('',*,*,#1513,.F.);
#1563 = ORIENTED_EDGE('',*,*,#801,.F.);
#1564 = ADVANCED_FACE('',(#1565),#849,.F.);
#1565 = FACE_BOUND('',#1566,.F.);
#1566 = EDGE_LOOP('',(#1567,#1590,#1617,#1618));
#1567 = ORIENTED_EDGE('',*,*,#1568,.T.);
#1568 = EDGE_CURVE('',#833,#1569,#1571,.T.);
#1569 = VERTEX_POINT('',#1570);
#1570 = CARTESIAN_POINT('',(33.333333333333,24.6,-42.));
#1571 = SEAM_CURVE('',#1572,(#1576,#1583),.PCURVE_S1.);
#1572 = LINE('',#1573,#1574);
#1573 = CARTESIAN_POINT('',(33.333333333333,25.,-42.));
#1574 = VECTOR('',#1575,1.);
#1575 = DIRECTION('',(-0.,-1.,-0.));
#1576 = PCURVE('',#849,#1577);
#1577 = DEFINITIONAL_REPRESENTATION('',(#1578),#1582);
#1578 = LINE('',#1579,#1580);
#1579 = CARTESIAN_POINT('',(0.,0.));
#1580 = VECTOR('',#1581,1.);
#1581 = DIRECTION('',(0.,-1.));
#1582 = ( GEOMETRIC_REPRESENTATION_CONTEXT(2) 
PARAMETRIC_REPRESENTATION_CONTEXT() REPRESENTATION_CONTEXT('2D SPACE',''
  ) );
#1583 = PCURVE('',#849,#1584);
#1584 = DEFINITIONAL_REPRESENTATION('',(#1585),#1589);
#1585 = LINE('',#1586,#1587);
#1586 = CARTESIAN_POINT('',(6.28318530718,0.));
#1587 = VECTOR('',#1588,1.);
#1588 = DIRECTION('',(0.,-1.));
#1589 = ( GEOMETRIC_REPRESENTATION_CONTEXT(2) 
PARAMETRIC_REPRESENTATION_CONTEXT() REPRESENTATION_CONTEXT('2D SPACE',''
  ) );
#1590 = ORIENTED_EDGE('',*,*,#1591,.T.);
#1591 = EDGE_CURVE('',#1569,#1569,#1592,.T.);
#1592 = SURFACE_CURVE('',#1593,(#1598,#1605),.PCURVE_S1.);
#1593 = CIRCLE('',#1594,8.);
#1594 = AXIS2_PLACEMENT_3D('',#1595,#1596,#1597);
#1595 = CARTESIAN_POINT('',(33.333333333333,24.6,-50.));
#1596 = DIRECTION('',(0.,1.,0.));
#1597 = DIRECTION('',(0.,-0.,1.));
#1598 = PCURVE('',#849,#1599);
#1599 = DEFINITIONAL_REPRESENTATION('',(#1600),#1604);
#1600 = LINE('',#1601,#1602);
#1601 = CARTESIAN_POINT('',(0.,-0.4));
#1602 = VECTOR('',#1603,1.);
#1603 = DIRECTION('',(1.,0.));
#1604 = ( GEOMETRIC_REPRESENTATION_CONTEXT(2) 
PARAMETRIC_REPRESENTATION_CONTEXT() REPRESENTATION_CONTEXT('2D SPACE',''
  ) );
#1605 = PCURVE('',#1606,#1611);
#1606 = CONICAL_SURFACE('',#1607,8.,0.785398163397);
#1607 = AXIS2_PLACEMENT_3D('',#1608,#1609,#1610);
#1608 = CARTESIAN_POINT('',(33.333333333333,24.6,-50.));
#1609 = DIRECTION('',(0.,1.,0.));
#1610 = DIRECTION('',(0.,-0.,1.));
#1611 = DEFINITIONAL_REPRESENTATION('',(#1612),#1616);
#1612 = LINE('',#1613,#1614);
#1613 = CARTESIAN_POINT('',(0.,-0.));
#1614 = VECTOR('',#1615,1.);
#1615 = DIRECTION('',(1.,-0.));
#1616 = ( GEOMETRIC_REPRESENTATION_CONTEXT(2) 
PARAMETRIC_REPRESENTATION_CONTEXT() REPRESENTATION_CONTEXT('2D SPACE',''
  ) );
#1617 = ORIENTED_EDGE('',*,*,#1568,.F.);
#1618 = ORIENTED_EDGE('',*,*,#832,.F.);
#1619 = ADVANCED_FACE('',(#1620),#884,.F.);
#1620 = FACE_BOUND('',#1621,.T.);
#1621 = EDGE_LOOP('',(#1622,#1645,#1676,#1677));
#1622 = ORIENTED_EDGE('',*,*,#1623,.F.);
#1623 = EDGE_CURVE('',#1624,#864,#1626,.T.);
#1624 = VERTEX_POINT('',#1625);
#1625 = CARTESIAN_POINT('',(50.,-20.5,-70.));
#1626 = SEAM_CURVE('',#1627,(#1631,#1638),.PCURVE_S1.);
#1627 = LINE('',#1628,#1629);
#1628 = CARTESIAN_POINT('',(50.,-22.75,-70.));
#1629 = VECTOR('',#1630,1.);
#1630 = DIRECTION('',(0.,1.,0.));
#1631 = PCURVE('',#884,#1632);
#1632 = DEFINITIONAL_REPRESENTATION('',(#1633),#1637);
#1633 = LINE('',#1634,#1635);
#1634 = CARTESIAN_POINT('',(-6.28318530718,0.));
#1635 = VECTOR('',#1636,1.);
#1636 = DIRECTION('',(-0.,-1.));
#1637 = ( GEOMETRIC_REPRESENTATION_CONTEXT(2) 
PARAMETRIC_REPRESENTATION_CONTEXT() REPRESENTATION_CONTEXT('2D SPACE',''
  ) );
#1638 = PCURVE('',#884,#1639);
#1639 = DEFINITIONAL_REPRESENTATION('',(#1640),#1644);
#1640 = LINE('',#1641,#1642);
#1641 = CARTESIAN_POINT('',(-0.,0.));
#1642 = VECTOR('',#1643,1.);
#1643 = DIRECTION('',(-0.,-1.));
#1644 = ( GEOMETRIC_REPRESENTATION_CONTEXT(2) 
PARAMETRIC_REPRESENTATION_CONTEXT() REPRESENTATION_CONTEXT('2D SPACE',''
  ) );
#1645 = ORIENTED_EDGE('',*,*,#1646,.T.);
#1646 = EDGE_CURVE('',#1624,#1624,#1647,.T.);
#1647 = SURFACE_CURVE('',#1648,(#1653,#1660),.PCURVE_S1.);
#1648 = CIRCLE('',#1649,5.);
#1649 = AXIS2_PLACEMENT_3D('',#1650,#1651,#1652);
#1650 = CARTESIAN_POINT('',(50.,-20.5,-75.));
#1651 = DIRECTION('',(0.,-1.,0.));
#1652 = DIRECTION('',(0.,0.,1.));
#1653 = PCURVE('',#884,#1654);
#1654 = DEFINITIONAL_REPRESENTATION('',(#1655),#1659);
#1655 = LINE('',#1656,#1657);
#1656 = CARTESIAN_POINT('',(-6.28318530718,-2.25));
#1657 = VECTOR('',#1658,1.);
#1658 = DIRECTION('',(1.,-0.));
#1659 = ( GEOMETRIC_REPRESENTATION_CONTEXT(2) 
PARAMETRIC_REPRESENTATION_CONTEXT() REPRESENTATION_CONTEXT('2D SPACE',''
  ) );
#1660 = PCURVE('',#1661,#1666);
#1661 = PLANE('',#1662);
#1662 = AXIS2_PLACEMENT_3D('',#1663,#1664,#1665);
#1663 = CARTESIAN_POINT('',(50.,-20.5,-75.));
#1664 = DIRECTION('',(0.,1.,0.));
#1665 = DIRECTION('',(0.,-0.,1.));
#1666 = DEFINITIONAL_REPRESENTATION('',(#1667),#1675);
#1667 = ( BOUNDED_CURVE() B_SPLINE_CURVE(2,(#1668,#1669,#1670,#1671,
#1672,#1673,#1674),.UNSPECIFIED.,.T.,.F.) B_SPLINE_CURVE_WITH_KNOTS((1,2
    ,2,2,2,1),(-2.094395102393,0.,2.094395102393,4.188790204786,
6.28318530718,8.377580409573),.UNSPECIFIED.) CURVE() 
GEOMETRIC_REPRESENTATION_ITEM() RATIONAL_B_SPLINE_CURVE((1.,0.5,1.,0.5,
1.,0.5,1.)) REPRESENTATION_ITEM('') );
#1668 = CARTESIAN_POINT('',(5.,0.));
#1669 = CARTESIAN_POINT('',(5.,-8.660254037844));
#1670 = CARTESIAN_POINT('',(-2.5,-4.330127018922));
#1671 = CARTESIAN_POINT('',(-10.,-1.224646799147E-15));
#1672 = CARTESIAN_POINT('',(-2.5,4.330127018922));
#1673 = CARTESIAN_POINT('',(5.,8.660254037844));
#1674 = CARTESIAN_POINT('',(5.,0.));
#1675 = ( GEOMETRIC_REPRESENTATION_CONTEXT(2) 
PARAMETRIC_REPRESENTATION_CONTEXT() REPRESENTATION_CONTEXT('2D SPACE',''
  ) );
#1676 = ORIENTED_EDGE('',*,*,#1623,.T.);
#1677 = ORIENTED_EDGE('',*,*,#863,.F.);
#1678 = ADVANCED_FACE('',(#1679),#919,.F.);
#1679 = FACE_BOUND('',#1680,.T.);
#1680 = EDGE_LOOP('',(#1681,#1704,#1735,#1736));
#1681 = ORIENTED_EDGE('',*,*,#1682,.F.);
#1682 = EDGE_CURVE('',#1683,#899,#1685,.T.);
#1683 = VERTEX_POINT('',#1684);
#1684 = CARTESIAN_POINT('',(0.,-20.5,5.));
#1685 = SEAM_CURVE('',#1686,(#1690,#1697),.PCURVE_S1.);
#1686 = LINE('',#1687,#1688);
#1687 = CARTESIAN_POINT('',(0.,-22.75,5.));
#1688 = VECTOR('',#1689,1.);
#1689 = DIRECTION('',(0.,1.,0.));
#1690 = PCURVE('',#919,#1691);
#1691 = DEFINITIONAL_REPRESENTATION('',(#1692),#1696);
#1692 = LINE('',#1693,#1694);
#1693 = CARTESIAN_POINT('',(-6.28318530718,0.));
#1694 = VECTOR('',#1695,1.);
#1695 = DIRECTION('',(-0.,-1.));
#1696 = ( GEOMETRIC_REPRESENTATION_CONTEXT(2) 
PARAMETRIC_REPRESENTATION_CONTEXT() REPRESENTATION_CONTEXT('2D SPACE',''
  ) );
#1697 = PCURVE('',#919,#1698);
#1698 = DEFINITIONAL_REPRESENTATION('',(#1699),#1703);
#1699 = LINE('',#1700,#1701);
#1700 = CARTESIAN_POINT('',(-0.,0.));
#1701 = VECTOR('',#1702,1.);
#1702 = DIRECTION('',(-0.,-1.));
#1703 = ( GEOMETRIC_REPRESENTATION_CONTEXT(2) 
PARAMETRIC_REPRESENTATION_CONTEXT() REPRESENTATION_CONTEXT('2D SPACE',''
  ) );
#1704 = ORIENTED_EDGE('',*,*,#1705,.T.);
#1705 = EDGE_CURVE('',#1683,#1683,#1706,.T.);
#1706 = SURFACE_CURVE('',#1707,(#1712,#1719),.PCURVE_S1.);
#1707 = CIRCLE('',#1708,5.);
#1708 = AXIS2_PLACEMENT_3D('',#1709,#1710,#1711);
#1709 = CARTESIAN_POINT('',(0.,-20.5,0.));
#1710 = DIRECTION('',(0.,-1.,0.));
#1711 = DIRECTION('',(0.,0.,1.));
#1712 = PCURVE('',#919,#1713);
#1713 = DEFINITIONAL_REPRESENTATION('',(#1714),#1718);
#1714 = LINE('',#1715,#1716);
#1715 = CARTESIAN_POINT('',(-6.28318530718,-2.25));
#1716 = VECTOR('',#1717,1.);
#1717 = DIRECTION('',(1.,-0.));
#1718 = ( GEOMETRIC_REPRESENTATION_CONTEXT(2) 
PARAMETRIC_REPRESENTATION_CONTEXT() REPRESENTATION_CONTEXT('2D SPACE',''
  ) );
#1719 = PCURVE('',#1720,#1725);
#1720 = PLANE('',#1721);
#1721 = AXIS2_PLACEMENT_3D('',#1722,#1723,#1724);
#1722 = CARTESIAN_POINT('',(6.990076196319E-16,-20.5,-5.127900497023E-16
    ));
#1723 = DIRECTION('',(1.632186346944E-32,1.,-3.286920438421E-32));
#1724 = DIRECTION('',(0.,3.286920438421E-32,1.));
#1725 = DEFINITIONAL_REPRESENTATION('',(#1726),#1734);
#1726 = ( BOUNDED_CURVE() B_SPLINE_CURVE(2,(#1727,#1728,#1729,#1730,
#1731,#1732,#1733),.UNSPECIFIED.,.T.,.F.) B_SPLINE_CURVE_WITH_KNOTS((1,2
    ,2,2,2,1),(-2.094395102393,0.,2.094395102393,4.188790204786,
6.28318530718,8.377580409573),.UNSPECIFIED.) CURVE() 
GEOMETRIC_REPRESENTATION_ITEM() RATIONAL_B_SPLINE_CURVE((1.,0.5,1.,0.5,
1.,0.5,1.)) REPRESENTATION_ITEM('') );
#1727 = CARTESIAN_POINT('',(5.,-6.990076196319E-16));
#1728 = CARTESIAN_POINT('',(5.,-8.660254037844));
#1729 = CARTESIAN_POINT('',(-2.5,-4.330127018922));
#1730 = CARTESIAN_POINT('',(-10.,-1.923654418779E-15));
#1731 = CARTESIAN_POINT('',(-2.5,4.330127018922));
#1732 = CARTESIAN_POINT('',(5.,8.660254037844));
#1733 = CARTESIAN_POINT('',(5.,-6.990076196319E-16));
#1734 = ( GEOMETRIC_REPRESENTATION_CONTEXT(2) 
PARAMETRIC_REPRESENTATION_CONTEXT() REPRESENTATION_CONTEXT('2D SPACE',''
  ) );
#1735 = ORIENTED_EDGE('',*,*,#1682,.T.);
#1736 = ORIENTED_EDGE('',*,*,#898,.F.);
#1737 = ADVANCED_FACE('',(#1738),#1026,.F.);
#1738 = FACE_BOUND('',#1739,.T.);
#1739 = EDGE_LOOP('',(#1740,#1763,#1785,#1786));
#1740 = ORIENTED_EDGE('',*,*,#1741,.T.);
#1741 = EDGE_CURVE('',#1010,#1742,#1744,.T.);
#1742 = VERTEX_POINT('',#1743);
#1743 = CARTESIAN_POINT('',(-50.,-20.5,83.));
#1744 = SEAM_CURVE('',#1745,(#1749,#1756),.PCURVE_S1.);
#1745 = LINE('',#1746,#1747);
#1746 = CARTESIAN_POINT('',(-50.,-25.,83.));
#1747 = VECTOR('',#1748,1.);
#1748 = DIRECTION('',(0.,1.,0.));
#1749 = PCURVE('',#1026,#1750);
#1750 = DEFINITIONAL_REPRESENTATION('',(#1751),#1755);
#1751 = LINE('',#1752,#1753);
#1752 = CARTESIAN_POINT('',(-0.,0.));
#1753 = VECTOR('',#1754,1.);
#1754 = DIRECTION('',(-0.,-1.));
#1755 = ( GEOMETRIC_REPRESENTATION_CONTEXT(2) 
PARAMETRIC_REPRESENTATION_CONTEXT() REPRESENTATION_CONTEXT('2D SPACE',''
  ) );
#1756 = PCURVE('',#1026,#1757);
#1757 = DEFINITIONAL_REPRESENTATION('',(#1758),#1762);
#1758 = LINE('',#1759,#1760);
#1759 = CARTESIAN_POINT('',(-6.28318530718,0.));
#1760 = VECTOR('',#1761,1.);
#1761 = DIRECTION('',(-0.,-1.));
#1762 = ( GEOMETRIC_REPRESENTATION_CONTEXT(2) 
PARAMETRIC_REPRESENTATION_CONTEXT() REPRESENTATION_CONTEXT('2D SPACE',''
  ) );
#1763 = ORIENTED_EDGE('',*,*,#1764,.T.);
#1764 = EDGE_CURVE('',#1742,#1742,#1765,.T.);
#1765 = SURFACE_CURVE('',#1766,(#1771,#1778),.PCURVE_S1.);
#1766 = CIRCLE('',#1767,8.);
#1767 = AXIS2_PLACEMENT_3D('',#1768,#1769,#1770);
#1768 = CARTESIAN_POINT('',(-50.,-20.5,75.));
#1769 = DIRECTION('',(0.,1.,0.));
#1770 = DIRECTION('',(0.,0.,1.));
#1771 = PCURVE('',#1026,#1772);
#1772 = DEFINITIONAL_REPRESENTATION('',(#1773),#1777);
#1773 = LINE('',#1774,#1775);
#1774 = CARTESIAN_POINT('',(-0.,-4.5));
#1775 = VECTOR('',#1776,1.);
#1776 = DIRECTION('',(-1.,0.));
#1777 = ( GEOMETRIC_REPRESENTATION_CONTEXT(2) 
PARAMETRIC_REPRESENTATION_CONTEXT() REPRESENTATION_CONTEXT('2D SPACE',''
  ) );
#1778 = PCURVE('',#1492,#1779);
#1779 = DEFINITIONAL_REPRESENTATION('',(#1780),#1784);
#1780 = CIRCLE('',#1781,8.);
#1781 = AXIS2_PLACEMENT_2D('',#1782,#1783);
#1782 = CARTESIAN_POINT('',(0.,0.));
#1783 = DIRECTION('',(1.,0.));
#1784 = ( GEOMETRIC_REPRESENTATION_CONTEXT(2) 
PARAMETRIC_REPRESENTATION_CONTEXT() REPRESENTATION_CONTEXT('2D SPACE',''
  ) );
#1785 = ORIENTED_EDGE('',*,*,#1741,.F.);
#1786 = ORIENTED_EDGE('',*,*,#1009,.F.);
#1787 = ADVANCED_FACE('',(#1788),#1057,.F.);
#1788 = FACE_BOUND('',#1789,.F.);
#1789 = EDGE_LOOP('',(#1790,#1813,#2983,#2984));
#1790 = ORIENTED_EDGE('',*,*,#1791,.F.);
#1791 = EDGE_CURVE('',#1792,#1041,#1794,.T.);
#1792 = VERTEX_POINT('',#1793);
#1793 = CARTESIAN_POINT('',(-33.33333333333,21.6,55.));
#1794 = SEAM_CURVE('',#1795,(#1799,#1806),.PCURVE_S1.);
#1795 = LINE('',#1796,#1797);
#1796 = CARTESIAN_POINT('',(-33.33333333333,23.39218452154,55.));
#1797 = VECTOR('',#1798,1.);
#1798 = DIRECTION('',(-0.,-1.,-0.));
#1799 = PCURVE('',#1057,#1800);
#1800 = DEFINITIONAL_REPRESENTATION('',(#1801),#1805);
#1801 = LINE('',#1802,#1803);
#1802 = CARTESIAN_POINT('',(6.28318530718,0.));
#1803 = VECTOR('',#1804,1.);
#1804 = DIRECTION('',(0.,-1.));
#1805 = ( GEOMETRIC_REPRESENTATION_CONTEXT(2) 
PARAMETRIC_REPRESENTATION_CONTEXT() REPRESENTATION_CONTEXT('2D SPACE',''
  ) );
#1806 = PCURVE('',#1057,#1807);
#1807 = DEFINITIONAL_REPRESENTATION('',(#1808),#1812);
#1808 = LINE('',#1809,#1810);
#1809 = CARTESIAN_POINT('',(0.,0.));
#1810 = VECTOR('',#1811,1.);
#1811 = DIRECTION('',(0.,-1.));
#1812 = ( GEOMETRIC_REPRESENTATION_CONTEXT(2) 
PARAMETRIC_REPRESENTATION_CONTEXT() REPRESENTATION_CONTEXT('2D SPACE',''
  ) );
#1813 = ORIENTED_EDGE('',*,*,#1814,.F.);
#1814 = EDGE_CURVE('',#1792,#1792,#1815,.T.);
#1815 = SURFACE_CURVE('',#1816,(#2203,#2593),.PCURVE_S1.);
#1816 = B_SPLINE_CURVE_WITH_KNOTS('',7,(#1817,#1818,#1819,#1820,#1821,
    #1822,#1823,#1824,#1825,#1826,#1827,#1828,#1829,#1830,#1831,#1832,
    #1833,#1834,#1835,#1836,#1837,#1838,#1839,#1840,#1841,#1842,#1843,
    #1844,#1845,#1846,#1847,#1848,#1849,#1850,#1851,#1852,#1853,#1854,
    #1855,#1856,#1857,#1858,#1859,#1860,#1861,#1862,#1863,#1864,#1865,
    #1866,#1867,#1868,#1869,#1870,#1871,#1872,#1873,#1874,#1875,#1876,
    #1877,#1878,#1879,#1880,#1881,#1882,#1883,#1884,#1885,#1886,#1887,
    #1888,#1889,#1890,#1891,#1892,#1893,#1894,#1895,#1896,#1897,#1898,
    #1899,#1900,#1901,#1902,#1903,#1904,#1905,#1906,#1907,#1908,#1909,
    #1910,#1911,#1912,#1913,#1914,#1915,#1916,#1917,#1918,#1919,#1920,
    #1921,#1922,#1923,#1924,#1925,#1926,#1927,#1928,#1929,#1930,#1931,
    #1932,#1933,#1934,#1935,#1936,#1937,#1938,#1939,#1940,#1941,#1942,
    #1943,#1944,#1945,#1946,#1947,#1948,#1949,#1950,#1951,#1952,#1953,
    #1954,#1955,#1956,#1957,#1958,#1959,#1960,#1961,#1962,#1963,#1964,
    #1965,#1966,#1967,#1968,#1969,#1970,#1971,#1972,#1973,#1974,#1975,
    #1976,#1977,#1978,#1979,#1980,#1981,#1982,#1983,#1984,#1985,#1986,
    #1987,#1988,#1989,#1990,#1991,#1992,#1993,#1994,#1995,#1996,#1997,
    #1998,#1999,#2000,#2001,#2002,#2003,#2004,#2005,#2006,#2007,#2008,
    #2009,#2010,#2011,#2012,#2013,#2014,#2015,#2016,#2017,#2018,#2019,
    #2020,#2021,#2022,#2023,#2024,#2025,#2026,#2027,#2028,#2029,#2030,
    #2031,#2032,#2033,#2034,#2035,#2036,#2037,#2038,#2039,#2040,#2041,
    #2042,#2043,#2044,#2045,#2046,#2047,#2048,#2049,#2050,#2051,#2052,
    #2053,#2054,#2055,#2056,#2057,#2058,#2059,#2060,#2061,#2062,#2063,
    #2064,#2065,#2066,#2067,#2068,#2069,#2070,#2071,#2072,#2073,#2074,
    #2075,#2076,#2077,#2078,#2079,#2080,#2081,#2082,#2083,#2084,#2085,
    #2086,#2087,#2088,#2089,#2090,#2091,#2092,#2093,#2094,#2095,#2096,
    #2097,#2098,#2099,#2100,#2101,#2102,#2103,#2104,#2105,#2106,#2107,
    #2108,#2109,#2110,#2111,#2112,#2113,#2114,#2115,#2116,#2117,#2118,
    #2119,#2120,#2121,#2122,#2123,#2124,#2125,#2126,#2127,#2128,#2129,
    #2130,#2131,#2132,#2133,#2134,#2135,#2136,#2137,#2138,#2139,#2140,
    #2141,#2142,#2143,#2144,#2145,#2146,#2147,#2148,#2149,#2150,#2151,
    #2152,#2153,#2154,#2155,#2156,#2157,#2158,#2159,#2160,#2161,#2162,
    #2163,#2164,#2165,#2166,#2167,#2168,#2169,#2170,#2171,#2172,#2173,
    #2174,#2175,#2176,#2177,#2178,#2179,#2180,#2181,#2182,#2183,#2184,
    #2185,#2186,#2187,#2188,#2189,#2190,#2191,#2192,#2193,#2194,#2195,
    #2196,#2197,#2198,#2199,#2200,#2201,#2202),.UNSPECIFIED.,.T.,.F.,(8,
    6,6,6,6,6,6,6,6,6,6,6,6,6,6,6,6,6,6,6,6,6,6,6,6,6,6,6,6,6,6,6,6,6,6,
    6,6,6,6,6,6,6,6,6,6,6,6,6,6,6,6,6,6,6,6,6,6,6,6,6,6,6,6,6,8),(0.,
    1.859295713105E-02,3.3166026687E-02,4.773909624296E-02,
    6.231216579892E-02,7.688523535488E-02,9.145830491085E-02,
    0.10552885491,0.118091846161,0.13165987659,0.146232946146,
    0.160303496145,0.174876565701,0.189449635257,0.204022704813,
    0.212063019381,0.22613356938,0.239199080226,0.253772149782,
    0.268345219338,0.282415769337,0.296988838893,0.308546790926,
    0.323119860482,0.333672773265,0.34673828411,0.361311353666,
    0.375884423222,0.390457492778,0.404025523207,0.418598592763,
    0.433171662319,0.447744731875,0.461312762303,0.475885831859,
    0.490458901415,0.505031970971,0.517594962222,0.532168031778,
    0.546741101334,0.56131417089,0.575887240446,0.590460310002,
    0.604028340431,0.61809889043,0.632671959986,0.646742509985,
    0.661315579541,0.67488360997,0.689456679526,0.704029749082,
    0.718602818638,0.733175888194,0.74774895775,0.761819507749,
    0.776392577305,0.790965646861,0.805538716417,0.820111785973,
    0.834684855529,0.849257925085,0.863830994641,0.878404064197,
    0.891972094626,1.),.UNSPECIFIED.);
#1817 = CARTESIAN_POINT('',(-33.33333333333,21.6,55.));
#1818 = CARTESIAN_POINT('',(-33.24988305339,21.6,55.));
#1819 = CARTESIAN_POINT('',(-33.1664378237,21.6,54.998375196803));
#1820 = CARTESIAN_POINT('',(-33.08303247904,21.6,54.99512566647));
#1821 = CARTESIAN_POINT('',(-32.99970297403,21.6,54.990252568844));
#1822 = CARTESIAN_POINT('',(-32.91648638315,21.6,54.983758147549));
#1823 = CARTESIAN_POINT('',(-32.83342090067,21.6,54.975645729989));
#1824 = CARTESIAN_POINT('',(-32.68558877103,21.6,54.958296533689));
#1825 = CARTESIAN_POINT('',(-32.62074802707,21.6,54.949682050497));
#1826 = CARTESIAN_POINT('',(-32.5560417785,21.6,54.940078410456));
#1827 = CARTESIAN_POINT('',(-32.4914881272,21.6,54.929488159188));
#1828 = CARTESIAN_POINT('',(-32.42710510728,21.6,54.917914255254));
#1829 = CARTESIAN_POINT('',(-32.36291068514,21.6,54.905360070156));
#1830 = CARTESIAN_POINT('',(-32.2349348337,21.6,54.878298706517));
#1831 = CARTESIAN_POINT('',(-32.17115338612,21.6,54.863791524111));
#1832 = CARTESIAN_POINT('',(-32.10759631517,21.6,54.848311626224));
#1833 = CARTESIAN_POINT('',(-32.04428141415,21.6,54.831863202981));
#1834 = CARTESIAN_POINT('',(-31.98122637111,21.6,54.814450849519));
#1835 = CARTESIAN_POINT('',(-31.9184487689,21.6,54.796079565993));
#1836 = CARTESIAN_POINT('',(-31.79348340141,21.6,54.757429949159));
#1837 = CARTESIAN_POINT('',(-31.73129561827,21.6,54.737151610329));
#1838 = CARTESIAN_POINT('',(-31.66942021317,21.6,54.715925146907));
#1839 = CARTESIAN_POINT('',(-31.60787452173,21.6,54.693756358411));
#1840 = CARTESIAN_POINT('',(-31.54667573774,21.6,54.670651438059));
#1841 = CARTESIAN_POINT('',(-31.48584091321,21.6,54.646616972767));
#1842 = CARTESIAN_POINT('',(-31.36493300344,21.6,54.596702913533));
#1843 = CARTESIAN_POINT('',(-31.30485990093,21.6,54.570823312463));
#1844 = CARTESIAN_POINT('',(-31.24518456071,21.6,54.54402812118));
#1845 = CARTESIAN_POINT('',(-31.18592371551,21.6,54.516324700012));
#1846 = CARTESIAN_POINT('',(-31.12709392081,21.6,54.487720788368));
#1847 = CARTESIAN_POINT('',(-31.0687115549,21.6,54.458224504738));
#1848 = CARTESIAN_POINT('',(-30.95287408279,21.6,54.397464188656));
#1849 = CARTESIAN_POINT('',(-30.89541896005,21.6,54.366200147526));
#1850 = CARTESIAN_POINT('',(-30.83844365137,21.6,54.334060721482));
#1851 = CARTESIAN_POINT('',(-30.78196414637,21.6,54.301054769992));
#1852 = CARTESIAN_POINT('',(-30.72599622353,21.6,54.267191513814));
#1853 = CARTESIAN_POINT('',(-30.6705554502,21.6,54.232480534997));
#1854 = CARTESIAN_POINT('',(-30.56265195841,21.6,54.162608837809));
#1855 = CARTESIAN_POINT('',(-30.51015245692,21.6,54.127504892169));
#1856 = CARTESIAN_POINT('',(-30.45817249878,21.6,54.091628889684));
#1857 = CARTESIAN_POINT('',(-30.40672569365,21.6,54.05499007629));
#1858 = CARTESIAN_POINT('',(-30.35582544026,21.6,54.017597994138));
#1859 = CARTESIAN_POINT('',(-30.30548492637,21.6,53.979462481593));
#1860 = CARTESIAN_POINT('',(-30.2112815946,21.6,53.905889379563));
#1861 = CARTESIAN_POINT('',(-30.16730261789,21.6,53.870600500399));
#1862 = CARTESIAN_POINT('',(-30.12378943353,21.6,53.834734248371));
#1863 = CARTESIAN_POINT('',(-30.08075112704,21.6,53.79829801249));
#1864 = CARTESIAN_POINT('',(-30.03819663462,21.6,53.761299358148));
#1865 = CARTESIAN_POINT('',(-29.99613474316,21.6,53.723746027119));
#1866 = CARTESIAN_POINT('',(-29.90968858543,21.6,53.644497841205));
#1867 = CARTESIAN_POINT('',(-29.86538771662,21.6,53.602711997761));
#1868 = CARTESIAN_POINT('',(-29.82168236556,21.6,53.560298383231));
#1869 = CARTESIAN_POINT('',(-29.77858319187,21.6,53.517267196118));
#1870 = CARTESIAN_POINT('',(-29.73610063303,21.6,53.473628857431));
#1871 = CARTESIAN_POINT('',(-29.69424490436,21.6,53.429394010682));
#1872 = CARTESIAN_POINT('',(-29.60875384194,21.6,53.336432997421));
#1873 = CARTESIAN_POINT('',(-29.56521633521,21.6,53.287616843278));
#1874 = CARTESIAN_POINT('',(-29.52242586231,21.6,53.238138525452));
#1875 = CARTESIAN_POINT('',(-29.48039448606,21.6,53.188011778811));
#1876 = CARTESIAN_POINT('',(-29.4391339486,21.6,53.13725060709));
#1877 = CARTESIAN_POINT('',(-29.39865567145,21.6,53.085869282893));
#1878 = CARTESIAN_POINT('',(-29.32065428462,21.6,52.983688065133));
#1879 = CARTESIAN_POINT('',(-29.28307739368,21.6,52.932929204594));
#1880 = CARTESIAN_POINT('',(-29.2462500732,21.6,52.881618854088));
#1881 = CARTESIAN_POINT('',(-29.21018201521,21.6,52.829770309291));
#1882 = CARTESIAN_POINT('',(-29.17488261322,21.6,52.777397073554));
#1883 = CARTESIAN_POINT('',(-29.14036096219,21.6,52.72451285789));
#1884 = CARTESIAN_POINT('',(-29.07168593006,21.6,52.615843830235));
#1885 = CARTESIAN_POINT('',(-29.03758972469,21.6,52.560022864848));
#1886 = CARTESIAN_POINT('',(-29.00434701552,21.6,52.503684149983));
#1887 = CARTESIAN_POINT('',(-28.97196721198,21.6,52.446843357925));
#1888 = CARTESIAN_POINT('',(-28.94045935991,21.6,52.38951636809));
#1889 = CARTESIAN_POINT('',(-28.90983214154,21.6,52.331719267022));
#1890 = CARTESIAN_POINT('',(-28.85035560944,21.6,52.215217429763));
#1891 = CARTESIAN_POINT('',(-28.82150628723,21.6,52.156512676933));
#1892 = CARTESIAN_POINT('',(-28.79355422687,21.6,52.097370383882));
#1893 = CARTESIAN_POINT('',(-28.76650736537,21.6,52.037807017608));
#1894 = CARTESIAN_POINT('',(-28.74037325872,21.6,51.977839218121));
#1895 = CARTESIAN_POINT('',(-28.71515908189,21.6,51.917483798447));
#1896 = CARTESIAN_POINT('',(-28.66658417577,21.6,51.796031690808));
#1897 = CARTESIAN_POINT('',(-28.64322343954,21.6,51.734934985495));
#1898 = CARTESIAN_POINT('',(-28.62079621347,21.6,51.673484614981));
#1899 = CARTESIAN_POINT('',(-28.59930889563,21.6,51.61169770301));
#1900 = CARTESIAN_POINT('',(-28.57876748886,21.6,51.549591510778));
#1901 = CARTESIAN_POINT('',(-28.55917760075,21.6,51.487183436931));
#1902 = CARTESIAN_POINT('',(-28.53026408072,21.6,51.389902095119));
#1903 = CARTESIAN_POINT('',(-28.52027494525,21.6,51.355226614859));
#1904 = CARTESIAN_POINT('',(-28.51057791204,21.6,51.320467520048));
#1905 = CARTESIAN_POINT('',(-28.50117381844,21.6,51.285627764054));
#1906 = CARTESIAN_POINT('',(-28.49206346435,21.6,51.250710310346));
#1907 = CARTESIAN_POINT('',(-28.48324761226,21.6,51.215718132498));
#1908 = CARTESIAN_POINT('',(-28.45981589391,21.6,51.119292359298));
#1909 = CARTESIAN_POINT('',(-28.44580893133,21.6,51.057710790178));
#1910 = CARTESIAN_POINT('',(-28.43270998719,21.6,50.995925506612));
#1911 = CARTESIAN_POINT('',(-28.42052259237,21.6,50.933952578553));
#1912 = CARTESIAN_POINT('',(-28.40924992094,21.6,50.871808146125));
#1913 = CARTESIAN_POINT('',(-28.39889479014,21.6,50.809508419625));
#1914 = CARTESIAN_POINT('',(-28.3806984684,21.6,50.68909084884));
#1915 = CARTESIAN_POINT('',(-28.37273054077,21.6,50.630992142358));
#1916 = CARTESIAN_POINT('',(-28.36555784685,21.6,50.572786593677));
#1917 = CARTESIAN_POINT('',(-28.35918208721,21.6,50.514487265793));
#1918 = CARTESIAN_POINT('',(-28.35360469366,21.6,50.456107251092));
#1919 = CARTESIAN_POINT('',(-28.34882682926,21.6,50.397659671353));
#1920 = CARTESIAN_POINT('',(-28.34041301195,21.6,50.273905455154));
#1921 = CARTESIAN_POINT('',(-28.33697242762,21.6,50.208585521162));
#1922 = CARTESIAN_POINT('',(-28.33452887593,21.6,50.143216128012));
#1923 = CARTESIAN_POINT('',(-28.3330831791,21.6,50.077815537193));
#1924 = CARTESIAN_POINT('',(-28.33263574103,21.6,50.012402019439));
#1925 = CARTESIAN_POINT('',(-28.33318654723,21.6,49.946993854737));
#1926 = CARTESIAN_POINT('',(-28.33628378249,21.6,49.816224809897));
#1927 = CARTESIAN_POINT('',(-28.33883021201,21.6,49.750863911082));
#1928 = CARTESIAN_POINT('',(-28.34237401988,21.6,49.685544925086));
#1929 = CARTESIAN_POINT('',(-28.34691435515,21.6,49.620286112084));
#1930 = CARTESIAN_POINT('',(-28.35244994939,21.6,49.555105703202));
#1931 = CARTESIAN_POINT('',(-28.35897911675,21.6,49.490021900525));
#1932 = CARTESIAN_POINT('',(-28.37376105876,21.6,49.362324164444));
#1933 = CARTESIAN_POINT('',(-28.381946637,21.6,49.29970243527));
#1934 = CARTESIAN_POINT('',(-28.39105459499,21.6,49.237204045657));
#1935 = CARTESIAN_POINT('',(-28.40108268007,21.6,49.174845293952));
#1936 = CARTESIAN_POINT('',(-28.41202828056,21.6,49.112642420764));
#1937 = CARTESIAN_POINT('',(-28.42388842571,21.6,49.050611608962));
#1938 = CARTESIAN_POINT('',(-28.44988726569,21.6,48.924717693582));
#1939 = CARTESIAN_POINT('',(-28.46409221317,21.6,48.860868254553));
#1940 = CARTESIAN_POINT('',(-28.47927092788,21.6,48.797238582815));
#1941 = CARTESIAN_POINT('',(-28.49541930401,21.6,48.733846491296));
#1942 = CARTESIAN_POINT('',(-28.51253283025,21.6,48.670709689625));
#1943 = CARTESIAN_POINT('',(-28.53060658978,21.6,48.607845784131));
#1944 = CARTESIAN_POINT('',(-28.56472696483,21.6,48.495645012885));
#1945 = CARTESIAN_POINT('',(-28.5804193234,21.6,48.446200404383));
#1946 = CARTESIAN_POINT('',(-28.59670968143,21.6,48.396947181125));
#1947 = CARTESIAN_POINT('',(-28.61359522788,21.6,48.347894018007));
#1948 = CARTESIAN_POINT('',(-28.63107299512,21.6,48.299049536041));
#1949 = CARTESIAN_POINT('',(-28.64913985901,21.6,48.25042230235));
#1950 = CARTESIAN_POINT('',(-28.69131113455,21.6,48.140992888657));
#1951 = CARTESIAN_POINT('',(-28.71576106091,21.6,48.080323847967));
#1952 = CARTESIAN_POINT('',(-28.74113573905,21.6,48.020030778589));
#1953 = CARTESIAN_POINT('',(-28.7674282069,21.6,47.960130582822));
#1954 = CARTESIAN_POINT('',(-28.79463111924,21.6,47.900639994776));
#1955 = CARTESIAN_POINT('',(-28.82273674765,21.6,47.841575580372));
#1956 = CARTESIAN_POINT('',(-28.87273714989,21.6,47.740503435824));
#1957 = CARTESIAN_POINT('',(-28.89420643108,21.6,47.69828520192));
#1958 = CARTESIAN_POINT('',(-28.91614174514,21.6,47.65630525943));
#1959 = CARTESIAN_POINT('',(-28.93853991174,21.6,47.61456977775));
#1960 = CARTESIAN_POINT('',(-28.96139764912,21.6,47.573084871869));
#1961 = CARTESIAN_POINT('',(-28.9847115742,21.6,47.531856602367));
#1962 = CARTESIAN_POINT('',(-29.0379035513,21.6,47.440171628618));
#1963 = CARTESIAN_POINT('',(-29.06802284389,21.6,47.389854874161));
#1964 = CARTESIAN_POINT('',(-29.09882946534,21.6,47.33995211361));
#1965 = CARTESIAN_POINT('',(-29.1303165726,21.6,47.290474603376));
#1966 = CARTESIAN_POINT('',(-29.16247709456,21.6,47.241433454712));
#1967 = CARTESIAN_POINT('',(-29.19530373202,21.6,47.192839633721));
#1968 = CARTESIAN_POINT('',(-29.26613786263,21.6,47.091014173789));
#1969 = CARTESIAN_POINT('',(-29.30430611507,21.6,47.037894347896));
#1970 = CARTESIAN_POINT('',(-29.34328326757,21.6,46.985359501472));
#1971 = CARTESIAN_POINT('',(-29.38305854046,21.6,46.933424397882));
#1972 = CARTESIAN_POINT('',(-29.42362082188,21.6,46.882103546056));
#1973 = CARTESIAN_POINT('',(-29.46495866771,21.6,46.831411200489));
#1974 = CARTESIAN_POINT('',(-29.54916193556,21.6,46.731311521982));
#1975 = CARTESIAN_POINT('',(-29.59202736961,21.6,46.681904174744));
#1976 = CARTESIAN_POINT('',(-29.63564482694,21.6,46.633153319143));
#1977 = CARTESIAN_POINT('',(-29.68000222314,21.6,46.58507267105));
#1978 = CARTESIAN_POINT('',(-29.72508716625,21.6,46.537675662587));
#1979 = CARTESIAN_POINT('',(-29.77088695671,21.6,46.490975442133));
#1980 = CARTESIAN_POINT('',(-29.86389021817,21.6,46.398994306496));
#1981 = CARTESIAN_POINT('',(-29.91109370244,21.6,46.353713378175));
#1982 = CARTESIAN_POINT('',(-29.95898603268,21.6,46.309154953498));
#1983 = CARTESIAN_POINT('',(-30.00755392098,21.6,46.265331585928));
#1984 = CARTESIAN_POINT('',(-30.05678379909,21.6,46.222255518248));
#1985 = CARTESIAN_POINT('',(-30.10666181844,21.6,46.179938682557));
#1986 = CARTESIAN_POINT('',(-30.20420229395,21.6,46.099711957717));
#1987 = CARTESIAN_POINT('',(-30.25178032693,21.6,46.061699401008));
#1988 = CARTESIAN_POINT('',(-30.29989654747,21.6,46.024364407637));
#1989 = CARTESIAN_POINT('',(-30.34853936477,21.6,45.98771610397));
#1990 = CARTESIAN_POINT('',(-30.39769699884,21.6,45.951763365252));
#1991 = CARTESIAN_POINT('',(-30.44735748049,21.6,45.916514815603));
#1992 = CARTESIAN_POINT('',(-30.55137472307,21.6,45.844884619556));
#1993 = CARTESIAN_POINT('',(-30.60580688502,21.6,45.808612438167));
#1994 = CARTESIAN_POINT('',(-30.66079006966,21.6,45.773172659491));
#1995 = CARTESIAN_POINT('',(-30.71630898818,21.6,45.738575304017));
#1996 = CARTESIAN_POINT('',(-30.77234813044,21.6,45.704830037089));
#1997 = CARTESIAN_POINT('',(-30.82889176501,21.6,45.671946168904));
#1998 = CARTESIAN_POINT('',(-30.94295611325,21.6,45.607919140121));
#1999 = CARTESIAN_POINT('',(-31.00047684321,21.6,45.576775970376));
#2000 = CARTESIAN_POINT('',(-31.05847017593,21.6,45.546512099739));
#2001 = CARTESIAN_POINT('',(-31.1169199704,21.6,45.51713610877));
#2002 = CARTESIAN_POINT('',(-31.17580989771,21.6,45.48865620414));
#2003 = CARTESIAN_POINT('',(-31.23512344101,21.6,45.461080218622));
#2004 = CARTESIAN_POINT('',(-31.35456435016,21.6,45.407751003569));
#2005 = CARTESIAN_POINT('',(-31.41469173305,21.6,45.381997766417));
#2006 = CARTESIAN_POINT('',(-31.47520933924,21.6,45.357163357898));
#2007 = CARTESIAN_POINT('',(-31.53610031077,21.6,45.33325484676));
#2008 = CARTESIAN_POINT('',(-31.59734763674,21.6,45.310278912242));
#2009 = CARTESIAN_POINT('',(-31.65893415332,21.6,45.288241844071));
#2010 = CARTESIAN_POINT('',(-31.77848139059,21.6,45.247511882125));
#2011 = CARTESIAN_POINT('',(-31.83639925966,21.6,45.228693164513));
#2012 = CARTESIAN_POINT('',(-31.89458217702,21.6,45.210698150323));
#2013 = CARTESIAN_POINT('',(-31.95301608018,21.6,45.193531298578));
#2014 = CARTESIAN_POINT('',(-32.01168681799,21.6,45.177196766634));
#2015 = CARTESIAN_POINT('',(-32.07058015069,21.6,45.161698410175));
#2016 = CARTESIAN_POINT('',(-32.19316124463,21.6,45.131295332213));
#2017 = CARTESIAN_POINT('',(-32.25688101931,21.6,45.116519618618));
#2018 = CARTESIAN_POINT('',(-32.32082331749,21.6,45.102717046107));
#2019 = CARTESIAN_POINT('',(-32.38497030072,21.6,45.089891608015));
#2020 = CARTESIAN_POINT('',(-32.44930404845,21.6,45.078046887343));
#2021 = CARTESIAN_POINT('',(-32.51380655814,21.6,45.067186056748));
#2022 = CARTESIAN_POINT('',(-32.64311293221,21.6,45.047437700355));
#2023 = CARTESIAN_POINT('',(-32.70791681506,21.6,45.038550171736));
#2024 = CARTESIAN_POINT('',(-32.77285330901,21.6,45.030652054343));
#2025 = CARTESIAN_POINT('',(-32.83790428519,21.6,45.023745693705));
#2026 = CARTESIAN_POINT('',(-32.90305157052,21.6,45.017833019227));
#2027 = CARTESIAN_POINT('',(-32.96827694777,21.6,45.012915544193));
#2028 = CARTESIAN_POINT('',(-33.09884736323,21.6,45.005073187342));
#2029 = CARTESIAN_POINT('',(-33.1641924201,21.6,45.002148304403));
#2030 = CARTESIAN_POINT('',(-33.22957906464,21.6,45.000220813437));
#2031 = CARTESIAN_POINT('',(-33.29498902944,21.6,44.999291392511));
#2032 = CARTESIAN_POINT('',(-33.36040404115,21.6,44.999360301273));
#2033 = CARTESIAN_POINT('',(-33.42580582047,21.6,45.000427380954));
#2034 = CARTESIAN_POINT('',(-33.54752975716,21.6,45.00427194528));
#2035 = CARTESIAN_POINT('',(-33.60386002081,21.6,45.006793211159));
#2036 = CARTESIAN_POINT('',(-33.66015516125,21.6,45.010055481956));
#2037 = CARTESIAN_POINT('',(-33.71640348302,21.6,45.0140581571));
#2038 = CARTESIAN_POINT('',(-33.77259330708,21.6,45.018800405502));
#2039 = CARTESIAN_POINT('',(-33.82871297079,21.6,45.024281165551));
#2040 = CARTESIAN_POINT('',(-33.9497547408,21.6,45.037712001265));
#2041 = CARTESIAN_POINT('',(-34.01464858999,21.6,45.045916861744));
#2042 = CARTESIAN_POINT('',(-34.07941419271,21.6,45.055111708651));
#2043 = CARTESIAN_POINT('',(-34.14403343138,21.6,45.065294110722));
#2044 = CARTESIAN_POINT('',(-34.20848825356,21.6,45.076461223337));
#2045 = CARTESIAN_POINT('',(-34.27276067192,21.6,45.088609788512));
#2046 = CARTESIAN_POINT('',(-34.40090485663,21.6,45.114862481298));
#2047 = CARTESIAN_POINT('',(-34.46477664129,21.6,45.12896661266));
#2048 = CARTESIAN_POINT('',(-34.52843019621,21.6,45.144044856983));
#2049 = CARTESIAN_POINT('',(-34.591847702,21.6,45.160093136587));
#2050 = CARTESIAN_POINT('',(-34.65501144193,21.6,45.177106968121));
#2051 = CARTESIAN_POINT('',(-34.71790380194,21.6,45.195081462559));
#2052 = CARTESIAN_POINT('',(-34.84311073927,21.6,45.232941187849));
#2053 = CARTESIAN_POINT('',(-34.90542533448,21.6,45.252826424109));
#2054 = CARTESIAN_POINT('',(-34.96743354501,21.6,45.273661738636));
#2055 = CARTESIAN_POINT('',(-35.02911799899,21.6,45.295441441498));
#2056 = CARTESIAN_POINT('',(-35.09046146383,21.6,45.318159448174));
#2057 = CARTESIAN_POINT('',(-35.15144684628,21.6,45.341809279557));
#2058 = CARTESIAN_POINT('',(-35.27266753855,21.6,45.390958844353));
#2059 = CARTESIAN_POINT('',(-35.33290286569,21.6,45.416458584786));
#2060 = CARTESIAN_POINT('',(-35.39274622015,21.6,45.442876408932));
#2061 = CARTESIAN_POINT('',(-35.45218082308,21.6,45.470205062274));
#2062 = CARTESIAN_POINT('',(-35.51119007044,21.6,45.4984369101));
#2063 = CARTESIAN_POINT('',(-35.569757533,21.6,45.527563937506));
#2064 = CARTESIAN_POINT('',(-35.68597637975,21.6,45.587591561277));
#2065 = CARTESIAN_POINT('',(-35.74362778053,21.6,45.618492166216));
#2066 = CARTESIAN_POINT('',(-35.80080490462,21.6,45.650271168505));
#2067 = CARTESIAN_POINT('',(-35.85749170678,21.6,45.682919809823));
#2068 = CARTESIAN_POINT('',(-35.91367235061,21.6,45.716428969234));
#2069 = CARTESIAN_POINT('',(-35.96933120856,21.6,45.750789163181));
#2070 = CARTESIAN_POINT('',(-36.07577302258,21.6,45.818764246635));
#2071 = CARTESIAN_POINT('',(-36.12662753308,21.6,45.852267118908));
#2072 = CARTESIAN_POINT('',(-36.17700395167,21.6,45.886491216554));
#2073 = CARTESIAN_POINT('',(-36.22689001688,21.6,45.921428336273));
#2074 = CARTESIAN_POINT('',(-36.27627364765,21.6,45.957070017225));
#2075 = CARTESIAN_POINT('',(-36.32514294326,21.6,45.993407541028));
#2076 = CARTESIAN_POINT('',(-36.42361991358,21.6,46.068827596017));
#2077 = CARTESIAN_POINT('',(-36.4731879114,21.6,46.107961957491));
#2078 = CARTESIAN_POINT('',(-36.52217710494,21.6,46.147825004534));
#2079 = CARTESIAN_POINT('',(-36.57057465596,21.6,46.188406446842));
#2080 = CARTESIAN_POINT('',(-36.61836795989,21.6,46.229695715453));
#2081 = CARTESIAN_POINT('',(-36.66554464581,21.6,46.271681962745));
#2082 = CARTESIAN_POINT('',(-36.76030293289,21.6,46.358550165436));
#2083 = CARTESIAN_POINT('',(-36.80783883406,21.6,46.403481997111));
#2084 = CARTESIAN_POINT('',(-36.85468679487,21.6,46.449137194772));
#2085 = CARTESIAN_POINT('',(-36.90083362685,21.6,46.495503100533));
#2086 = CARTESIAN_POINT('',(-36.94626643812,21.6,46.54256676131));
#2087 = CARTESIAN_POINT('',(-36.9909726334,21.6,46.590314928826));
#2088 = CARTESIAN_POINT('',(-37.07739108171,21.6,46.685483565475));
#2089 = CARTESIAN_POINT('',(-37.1191534269,21.6,46.732858571332));
#2090 = CARTESIAN_POINT('',(-37.16021588089,21.6,46.78084688736));
#2091 = CARTESIAN_POINT('',(-37.20056765477,21.6,46.829436091402));
#2092 = CARTESIAN_POINT('',(-37.24019823939,21.6,46.878613528966));
#2093 = CARTESIAN_POINT('',(-37.27909740537,21.6,46.928366313229));
#2094 = CARTESIAN_POINT('',(-37.35677577905,21.6,47.030793301239));
#2095 = CARTESIAN_POINT('',(-37.39550109696,21.6,47.083508395377));
#2096 = CARTESIAN_POINT('',(-37.43342010247,21.6,47.136812030589));
#2097 = CARTESIAN_POINT('',(-37.47052208588,21.6,47.190689392679));
#2098 = CARTESIAN_POINT('',(-37.50679668214,21.6,47.245125430114));
#2099 = CARTESIAN_POINT('',(-37.54223387085,21.6,47.300104854028));
#2100 = CARTESIAN_POINT('',(-37.60902855748,21.6,47.40729133442));
#2101 = CARTESIAN_POINT('',(-37.64049887331,21.6,47.459428105621));
#2102 = CARTESIAN_POINT('',(-37.67122711632,21.6,47.512009922729));
#2103 = CARTESIAN_POINT('',(-37.70120575279,21.6,47.565024101888));
#2104 = CARTESIAN_POINT('',(-37.7304275227,21.6,47.618457804476));
#2105 = CARTESIAN_POINT('',(-37.75888543971,21.6,47.672298037102));
#2106 = CARTESIAN_POINT('',(-37.81631105722,21.6,47.784782570237));
#2107 = CARTESIAN_POINT('',(-37.84516037943,21.6,47.843487323068));
#2108 = CARTESIAN_POINT('',(-37.87311243979,21.6,47.902629616118));
#2109 = CARTESIAN_POINT('',(-37.90015930129,21.6,47.962192982393));
#2110 = CARTESIAN_POINT('',(-37.92629340794,21.6,48.022160781879));
#2111 = CARTESIAN_POINT('',(-37.95150758477,21.6,48.082516201553));
#2112 = CARTESIAN_POINT('',(-38.00008249089,21.6,48.203968309192));
#2113 = CARTESIAN_POINT('',(-38.02344322712,21.6,48.265065014506));
#2114 = CARTESIAN_POINT('',(-38.04587045319,21.6,48.32651538502));
#2115 = CARTESIAN_POINT('',(-38.06735777103,21.6,48.388302296991));
#2116 = CARTESIAN_POINT('',(-38.0878991778,21.6,48.450408489223));
#2117 = CARTESIAN_POINT('',(-38.10748906591,21.6,48.51281656307));
#2118 = CARTESIAN_POINT('',(-38.14475538008,21.6,48.638201401798));
#2119 = CARTESIAN_POINT('',(-38.16243181146,21.6,48.701178184588));
#2120 = CARTESIAN_POINT('',(-38.17914630545,21.6,48.764421794514));
#2121 = CARTESIAN_POINT('',(-38.19489405649,21.6,48.827914594547));
#2122 = CARTESIAN_POINT('',(-38.20967066519,21.6,48.891638846925));
#2123 = CARTESIAN_POINT('',(-38.2234721383,21.6,48.955576713148));
#2124 = CARTESIAN_POINT('',(-38.24911763918,21.6,49.083843794813));
#2125 = CARTESIAN_POINT('',(-38.26096167062,21.6,49.148173028576));
#2126 = CARTESIAN_POINT('',(-38.27182339663,21.6,49.212680015902));
#2127 = CARTESIAN_POINT('',(-38.28169964445,21.6,49.277346754244));
#2128 = CARTESIAN_POINT('',(-38.290587655,21.6,49.34215517788));
#2129 = CARTESIAN_POINT('',(-38.29848508284,21.6,49.407087157911));
#2130 = CARTESIAN_POINT('',(-38.31229490958,21.6,49.537161846609));
#2131 = CARTESIAN_POINT('',(-38.31820731045,21.6,49.602304573856));
#2132 = CARTESIAN_POINT('',(-38.32312526772,21.6,49.667534491853));
#2133 = CARTESIAN_POINT('',(-38.32704726803,21.6,49.732833383364));
#2134 = CARTESIAN_POINT('',(-38.32997221568,21.6,49.798183006063));
#2135 = CARTESIAN_POINT('',(-38.33189943272,21.6,49.863565092537));
#2136 = CARTESIAN_POINT('',(-38.33372584277,21.6,49.992102565035));
#2137 = CARTESIAN_POINT('',(-38.33369267631,21.6,50.055257007126));
#2138 = CARTESIAN_POINT('',(-38.33272892585,21.6,50.118408212878));
#2139 = CARTESIAN_POINT('',(-38.33083472123,21.6,50.181539729521));
#2140 = CARTESIAN_POINT('',(-38.32801055575,21.6,50.244635115186));
#2141 = CARTESIAN_POINT('',(-38.32425728625,21.6,50.307677938916));
#2142 = CARTESIAN_POINT('',(-38.31472779578,21.6,50.435874687788));
#2143 = CARTESIAN_POINT('',(-38.30888411255,21.6,50.501023615358));
#2144 = CARTESIAN_POINT('',(-38.30204643983,21.6,50.566080319374));
#2145 = CARTESIAN_POINT('',(-38.29421654958,21.6,50.631026605931));
#2146 = CARTESIAN_POINT('',(-38.28539662921,21.6,50.695844331211));
#2147 = CARTESIAN_POINT('',(-38.27558928159,21.6,50.76051540148));
#2148 = CARTESIAN_POINT('',(-38.25400576845,21.6,50.889528144708));
#2149 = CARTESIAN_POINT('',(-38.24222959985,21.6,50.953869836094));
#2150 = CARTESIAN_POINT('',(-38.22947203821,21.6,51.018028803719));
#2151 = CARTESIAN_POINT('',(-38.21573651164,21.6,51.081987091913));
#2152 = CARTESIAN_POINT('',(-38.20102685739,21.6,51.145726832871));
#2153 = CARTESIAN_POINT('',(-38.18534732183,21.6,51.209230246652));
#2154 = CARTESIAN_POINT('',(-38.15205779911,21.6,51.335729035706));
#2155 = CARTESIAN_POINT('',(-38.13444780721,21.6,51.398724429048));
#2156 = CARTESIAN_POINT('',(-38.11587724092,21.6,51.4614481293));
#2157 = CARTESIAN_POINT('',(-38.0963511558,21.6,51.523882569465));
#2158 = CARTESIAN_POINT('',(-38.07587500678,21.6,51.586010307448));
#2159 = CARTESIAN_POINT('',(-38.05445464818,21.6,51.647814026064));
#2160 = CARTESIAN_POINT('',(-38.00973801922,21.6,51.770739039993));
#2161 = CARTESIAN_POINT('',(-37.98644174248,21.6,51.831860352865));
#2162 = CARTESIAN_POINT('',(-37.96221375782,21.6,51.892623279595));
#2163 = CARTESIAN_POINT('',(-37.93706070586,21.6,51.953010789033));
#2164 = CARTESIAN_POINT('',(-37.91098961353,21.6,52.01300601093));
#2165 = CARTESIAN_POINT('',(-37.88400789404,21.6,52.072592235938));
#2166 = CARTESIAN_POINT('',(-37.82823879975,21.6,52.190913595277));
#2167 = CARTESIAN_POINT('',(-37.79945141697,21.6,52.249648746509));
#2168 = CARTESIAN_POINT('',(-37.76976899869,21.6,52.307941821145));
#2169 = CARTESIAN_POINT('',(-37.73919971497,21.6,52.365776466574));
#2170 = CARTESIAN_POINT('',(-37.70775210585,21.6,52.42313652573));
#2171 = CARTESIAN_POINT('',(-37.67543508133,21.6,52.480006037096));
#2172 = CARTESIAN_POINT('',(-37.60908076137,21.6,52.592732432312));
#2173 = CARTESIAN_POINT('',(-37.57504345647,21.6,52.648589332262));
#2174 = CARTESIAN_POINT('',(-37.54015528717,21.6,52.703924168928));
#2175 = CARTESIAN_POINT('',(-37.50442588456,21.6,52.758721405242));
#2176 = CARTESIAN_POINT('',(-37.46786523022,21.6,52.812965732689));
#2177 = CARTESIAN_POINT('',(-37.43048365629,21.6,52.866642071312));
#2178 = CARTESIAN_POINT('',(-37.35410003457,21.6,52.972829068102));
#2179 = CARTESIAN_POINT('',(-37.31509797587,21.6,53.025339741437));
#2180 = CARTESIAN_POINT('',(-37.27529635253,21.6,53.077252738707));
#2181 = CARTESIAN_POINT('',(-37.23470617594,21.6,53.128553468554));
#2182 = CARTESIAN_POINT('',(-37.19333878562,21.6,53.179227599273));
#2183 = CARTESIAN_POINT('',(-37.15120584928,21.6,53.229261058804));
#2184 = CARTESIAN_POINT('',(-37.06543287629,21.6,53.328019010677));
#2185 = CARTESIAN_POINT('',(-37.02179282738,21.6,53.376743517125));
#2186 = CARTESIAN_POINT('',(-36.97741121244,21.6,53.424799742121));
#2187 = CARTESIAN_POINT('',(-36.93230033089,21.6,53.472174162271));
#2188 = CARTESIAN_POINT('',(-36.8864727852,21.6,53.518853542746));
#2189 = CARTESIAN_POINT('',(-36.83994148088,21.6,53.564824937287));
#2190 = CARTESIAN_POINT('',(-36.74875445126,21.6,53.652205698148));
#2191 = CARTESIAN_POINT('',(-36.70419067926,21.6,53.693711046178));
#2192 = CARTESIAN_POINT('',(-36.65903896948,21.6,53.73458151856));
#2193 = CARTESIAN_POINT('',(-36.61331018854,21.6,53.774807137641));
#2194 = CARTESIAN_POINT('',(-36.56701541073,21.6,53.814378161846));
#2195 = CARTESIAN_POINT('',(-36.52016591802,21.6,53.853285085681));
#2196 = CARTESIAN_POINT('',(-36.09543500929,21.6,54.195932075441));
#2197 = CARTESIAN_POINT('',(-35.68351099684,21.6,54.457778552072));
#2198 = CARTESIAN_POINT('',(-35.24302048793,21.6,54.672108397425));
#2199 = CARTESIAN_POINT('',(-34.78057737458,21.6,54.835388980298));
#2200 = CARTESIAN_POINT('',(-34.30316683714,21.6,54.945153955567));
#2201 = CARTESIAN_POINT('',(-33.81815458909,21.6,55.));
#2202 = CARTESIAN_POINT('',(-33.33333333333,21.6,55.));
#2203 = PCURVE('',#1057,#2204);
#2204 = DEFINITIONAL_REPRESENTATION('',(#2205),#2592);
#2205 = B_SPLINE_CURVE_WITH_KNOTS('',7,(#2206,#2207,#2208,#2209,#2210,
    #2211,#2212,#2213,#2214,#2215,#2216,#2217,#2218,#2219,#2220,#2221,
    #2222,#2223,#2224,#2225,#2226,#2227,#2228,#2229,#2230,#2231,#2232,
    #2233,#2234,#2235,#2236,#2237,#2238,#2239,#2240,#2241,#2242,#2243,
    #2244,#2245,#2246,#2247,#2248,#2249,#2250,#2251,#2252,#2253,#2254,
    #2255,#2256,#2257,#2258,#2259,#2260,#2261,#2262,#2263,#2264,#2265,
    #2266,#2267,#2268,#2269,#2270,#2271,#2272,#2273,#2274,#2275,#2276,
    #2277,#2278,#2279,#2280,#2281,#2282,#2283,#2284,#2285,#2286,#2287,
    #2288,#2289,#2290,#2291,#2292,#2293,#2294,#2295,#2296,#2297,#2298,
    #2299,#2300,#2301,#2302,#2303,#2304,#2305,#2306,#2307,#2308,#2309,
    #2310,#2311,#2312,#2313,#2314,#2315,#2316,#2317,#2318,#2319,#2320,
    #2321,#2322,#2323,#2324,#2325,#2326,#2327,#2328,#2329,#2330,#2331,
    #2332,#2333,#2334,#2335,#2336,#2337,#2338,#2339,#2340,#2341,#2342,
    #2343,#2344,#2345,#2346,#2347,#2348,#2349,#2350,#2351,#2352,#2353,
    #2354,#2355,#2356,#2357,#2358,#2359,#2360,#2361,#2362,#2363,#2364,
    #2365,#2366,#2367,#2368,#2369,#2370,#2371,#2372,#2373,#2374,#2375,
    #2376,#2377,#2378,#2379,#2380,#2381,#2382,#2383,#2384,#2385,#2386,
    #2387,#2388,#2389,#2390,#2391,#2392,#2393,#2394,#2395,#2396,#2397,
    #2398,#2399,#2400,#2401,#2402,#2403,#2404,#2405,#2406,#2407,#2408,
    #2409,#2410,#2411,#2412,#2413,#2414,#2415,#2416,#2417,#2418,#2419,
    #2420,#2421,#2422,#2423,#2424,#2425,#2426,#2427,#2428,#2429,#2430,
    #2431,#2432,#2433,#2434,#2435,#2436,#2437,#2438,#2439,#2440,#2441,
    #2442,#2443,#2444,#2445,#2446,#2447,#2448,#2449,#2450,#2451,#2452,
    #2453,#2454,#2455,#2456,#2457,#2458,#2459,#2460,#2461,#2462,#2463,
    #2464,#2465,#2466,#2467,#2468,#2469,#2470,#2471,#2472,#2473,#2474,
    #2475,#2476,#2477,#2478,#2479,#2480,#2481,#2482,#2483,#2484,#2485,
    #2486,#2487,#2488,#2489,#2490,#2491,#2492,#2493,#2494,#2495,#2496,
    #2497,#2498,#2499,#2500,#2501,#2502,#2503,#2504,#2505,#2506,#2507,
    #2508,#2509,#2510,#2511,#2512,#2513,#2514,#2515,#2516,#2517,#2518,
    #2519,#2520,#2521,#2522,#2523,#2524,#2525,#2526,#2527,#2528,#2529,
    #2530,#2531,#2532,#2533,#2534,#2535,#2536,#2537,#2538,#2539,#2540,
    #2541,#2542,#2543,#2544,#2545,#2546,#2547,#2548,#2549,#2550,#2551,
    #2552,#2553,#2554,#2555,#2556,#2557,#2558,#2559,#2560,#2561,#2562,
    #2563,#2564,#2565,#2566,#2567,#2568,#2569,#2570,#2571,#2572,#2573,
    #2574,#2575,#2576,#2577,#2578,#2579,#2580,#2581,#2582,#2583,#2584,
    #2585,#2586,#2587,#2588,#2589,#2590,#2591),.UNSPECIFIED.,.F.,.F.,(8,
    6,6,6,6,6,6,6,6,6,6,6,6,6,6,6,6,6,6,6,6,6,6,6,6,6,6,6,6,6,6,6,6,6,6,
    6,6,6,6,6,6,6,6,6,6,6,6,6,6,6,6,6,6,6,6,6,6,6,6,6,6,6,6,6,8),(0.,
    1.859295713105E-02,3.3166026687E-02,4.773909624296E-02,
    6.231216579892E-02,7.688523535488E-02,9.145830491085E-02,
    0.10552885491,0.118091846161,0.13165987659,0.146232946146,
    0.160303496145,0.174876565701,0.189449635257,0.204022704813,
    0.212063019381,0.22613356938,0.239199080226,0.253772149782,
    0.268345219338,0.282415769337,0.296988838893,0.308546790926,
    0.323119860482,0.333672773265,0.34673828411,0.361311353666,
    0.375884423222,0.390457492778,0.404025523207,0.418598592763,
    0.433171662319,0.447744731875,0.461312762303,0.475885831859,
    0.490458901415,0.505031970971,0.517594962222,0.532168031778,
    0.546741101334,0.56131417089,0.575887240446,0.590460310002,
    0.604028340431,0.61809889043,0.632671959986,0.646742509985,
    0.661315579541,0.67488360997,0.689456679526,0.704029749082,
    0.718602818638,0.733175888194,0.74774895775,0.761819507749,
    0.776392577305,0.790965646861,0.805538716417,0.820111785973,
    0.834684855529,0.849257925085,0.863830994641,0.878404064197,
    0.891972094626,1.),.UNSPECIFIED.);
#2206 = CARTESIAN_POINT('',(0.,-1.79218452154));
#2207 = CARTESIAN_POINT('',(1.669005598778E-02,-1.79218452154));
#2208 = CARTESIAN_POINT('',(3.337909764753E-02,-1.79218452154));
#2209 = CARTESIAN_POINT('',(5.006776083881E-02,-1.79218452154));
#2210 = CARTESIAN_POINT('',(6.675644420091E-02,-1.79218452154));
#2211 = CARTESIAN_POINT('',(8.344530915275E-02,-1.79218452154));
#2212 = CARTESIAN_POINT('',(0.100134279893,-1.79218452154));
#2213 = CARTESIAN_POINT('',(0.129903615235,-1.79218452154));
#2214 = CARTESIAN_POINT('',(0.142984187662,-1.79218452154));
#2215 = CARTESIAN_POINT('',(0.156064760444,-1.79218452154));
#2216 = CARTESIAN_POINT('',(0.169145333344,-1.79218452154));
#2217 = CARTESIAN_POINT('',(0.182225906126,-1.79218452154));
#2218 = CARTESIAN_POINT('',(0.195306478553,-1.79218452154));
#2219 = CARTESIAN_POINT('',(0.221467622224,-1.79218452154));
#2220 = CARTESIAN_POINT('',(0.234548194651,-1.79218452154));
#2221 = CARTESIAN_POINT('',(0.247628767433,-1.79218452154));
#2222 = CARTESIAN_POINT('',(0.260709340333,-1.79218452154));
#2223 = CARTESIAN_POINT('',(0.273789913115,-1.79218452154));
#2224 = CARTESIAN_POINT('',(0.286870485542,-1.79218452154));
#2225 = CARTESIAN_POINT('',(0.313031629214,-1.79218452154));
#2226 = CARTESIAN_POINT('',(0.326112201641,-1.79218452154));
#2227 = CARTESIAN_POINT('',(0.339192774422,-1.79218452154));
#2228 = CARTESIAN_POINT('',(0.352273347323,-1.79218452154));
#2229 = CARTESIAN_POINT('',(0.365353920104,-1.79218452154));
#2230 = CARTESIAN_POINT('',(0.378434492531,-1.79218452154));
#2231 = CARTESIAN_POINT('',(0.404595636203,-1.79218452154));
#2232 = CARTESIAN_POINT('',(0.41767620863,-1.79218452154));
#2233 = CARTESIAN_POINT('',(0.430756781411,-1.79218452154));
#2234 = CARTESIAN_POINT('',(0.443837354312,-1.79218452154));
#2235 = CARTESIAN_POINT('',(0.456917927093,-1.79218452154));
#2236 = CARTESIAN_POINT('',(0.46999849952,-1.79218452154));
#2237 = CARTESIAN_POINT('',(0.496159643192,-1.79218452154));
#2238 = CARTESIAN_POINT('',(0.509240215619,-1.79218452154));
#2239 = CARTESIAN_POINT('',(0.5223207884,-1.79218452154));
#2240 = CARTESIAN_POINT('',(0.535401361301,-1.79218452154));
#2241 = CARTESIAN_POINT('',(0.548481934082,-1.79218452154));
#2242 = CARTESIAN_POINT('',(0.561562506509,-1.79218452154));
#2243 = CARTESIAN_POINT('',(0.587272596054,-1.79218452154));
#2244 = CARTESIAN_POINT('',(0.59990211426,-1.79218452154));
#2245 = CARTESIAN_POINT('',(0.612531632763,-1.79218452154));
#2246 = CARTESIAN_POINT('',(0.625161151365,-1.79218452154));
#2247 = CARTESIAN_POINT('',(0.637790669868,-1.79218452154));
#2248 = CARTESIAN_POINT('',(0.650420188074,-1.79218452154));
#2249 = CARTESIAN_POINT('',(0.674326061042,-1.79218452154));
#2250 = CARTESIAN_POINT('',(0.685602416582,-1.79218452154));
#2251 = CARTESIAN_POINT('',(0.696878772292,-1.79218452154));
#2252 = CARTESIAN_POINT('',(0.708155128057,-1.79218452154));
#2253 = CARTESIAN_POINT('',(0.719431483767,-1.79218452154));
#2254 = CARTESIAN_POINT('',(0.730707839307,-1.79218452154));
#2255 = CARTESIAN_POINT('',(0.754162658136,-1.79218452154));
#2256 = CARTESIAN_POINT('',(0.76634112212,-1.79218452154));
#2257 = CARTESIAN_POINT('',(0.778519586352,-1.79218452154));
#2258 = CARTESIAN_POINT('',(0.790698050667,-1.79218452154));
#2259 = CARTESIAN_POINT('',(0.802876514899,-1.79218452154));
#2260 = CARTESIAN_POINT('',(0.815054978883,-1.79218452154));
#2261 = CARTESIAN_POINT('',(0.840314014288,-1.79218452154));
#2262 = CARTESIAN_POINT('',(0.853394586715,-1.79218452154));
#2263 = CARTESIAN_POINT('',(0.866475159497,-1.79218452154));
#2264 = CARTESIAN_POINT('',(0.879555732397,-1.79218452154));
#2265 = CARTESIAN_POINT('',(0.892636305179,-1.79218452154));
#2266 = CARTESIAN_POINT('',(0.905716877606,-1.79218452154));
#2267 = CARTESIAN_POINT('',(0.931426967151,-1.79218452154));
#2268 = CARTESIAN_POINT('',(0.944056485356,-1.79218452154));
#2269 = CARTESIAN_POINT('',(0.95668600386,-1.79218452154));
#2270 = CARTESIAN_POINT('',(0.969315522462,-1.79218452154));
#2271 = CARTESIAN_POINT('',(0.981945040965,-1.79218452154));
#2272 = CARTESIAN_POINT('',(0.99457455917,-1.79218452154));
#2273 = CARTESIAN_POINT('',(1.020284648715,-1.79218452154));
#2274 = CARTESIAN_POINT('',(1.033365221142,-1.79218452154));
#2275 = CARTESIAN_POINT('',(1.046445793924,-1.79218452154));
#2276 = CARTESIAN_POINT('',(1.059526366824,-1.79218452154));
#2277 = CARTESIAN_POINT('',(1.072606939606,-1.79218452154));
#2278 = CARTESIAN_POINT('',(1.085687512033,-1.79218452154));
#2279 = CARTESIAN_POINT('',(1.111848655704,-1.79218452154));
#2280 = CARTESIAN_POINT('',(1.124929228131,-1.79218452154));
#2281 = CARTESIAN_POINT('',(1.138009800913,-1.79218452154));
#2282 = CARTESIAN_POINT('',(1.151090373813,-1.79218452154));
#2283 = CARTESIAN_POINT('',(1.164170946595,-1.79218452154));
#2284 = CARTESIAN_POINT('',(1.177251519022,-1.79218452154));
#2285 = CARTESIAN_POINT('',(1.203412662693,-1.79218452154));
#2286 = CARTESIAN_POINT('',(1.21649323512,-1.79218452154));
#2287 = CARTESIAN_POINT('',(1.229573807902,-1.79218452154));
#2288 = CARTESIAN_POINT('',(1.242654380802,-1.79218452154));
#2289 = CARTESIAN_POINT('',(1.255734953584,-1.79218452154));
#2290 = CARTESIAN_POINT('',(1.268815526011,-1.79218452154));
#2291 = CARTESIAN_POINT('',(1.289112965362,-1.79218452154));
#2292 = CARTESIAN_POINT('',(1.296329832908,-1.79218452154));
#2293 = CARTESIAN_POINT('',(1.303546700472,-1.79218452154));
#2294 = CARTESIAN_POINT('',(1.310763568043,-1.79218452154));
#2295 = CARTESIAN_POINT('',(1.317980435607,-1.79218452154));
#2296 = CARTESIAN_POINT('',(1.325197303153,-1.79218452154));
#2297 = CARTESIAN_POINT('',(1.345043688377,-1.79218452154));
#2298 = CARTESIAN_POINT('',(1.357673206583,-1.79218452154));
#2299 = CARTESIAN_POINT('',(1.370302725086,-1.79218452154));
#2300 = CARTESIAN_POINT('',(1.382932243688,-1.79218452154));
#2301 = CARTESIAN_POINT('',(1.395561762191,-1.79218452154));
#2302 = CARTESIAN_POINT('',(1.408191280397,-1.79218452154));
#2303 = CARTESIAN_POINT('',(1.432548207525,-1.79218452154));
#2304 = CARTESIAN_POINT('',(1.444275617288,-1.79218452154));
#2305 = CARTESIAN_POINT('',(1.456003027255,-1.79218452154));
#2306 = CARTESIAN_POINT('',(1.467730437292,-1.79218452154));
#2307 = CARTESIAN_POINT('',(1.479457847259,-1.79218452154));
#2308 = CARTESIAN_POINT('',(1.491185257021,-1.79218452154));
#2309 = CARTESIAN_POINT('',(1.515993238277,-1.79218452154));
#2310 = CARTESIAN_POINT('',(1.529073810704,-1.79218452154));
#2311 = CARTESIAN_POINT('',(1.542154383485,-1.79218452154));
#2312 = CARTESIAN_POINT('',(1.555234956386,-1.79218452154));
#2313 = CARTESIAN_POINT('',(1.568315529167,-1.79218452154));
#2314 = CARTESIAN_POINT('',(1.581396101594,-1.79218452154));
#2315 = CARTESIAN_POINT('',(1.607557245266,-1.79218452154));
#2316 = CARTESIAN_POINT('',(1.620637817693,-1.79218452154));
#2317 = CARTESIAN_POINT('',(1.633718390474,-1.79218452154));
#2318 = CARTESIAN_POINT('',(1.646798963375,-1.79218452154));
#2319 = CARTESIAN_POINT('',(1.659879536156,-1.79218452154));
#2320 = CARTESIAN_POINT('',(1.672960108583,-1.79218452154));
#2321 = CARTESIAN_POINT('',(1.698670198128,-1.79218452154));
#2322 = CARTESIAN_POINT('',(1.711299716334,-1.79218452154));
#2323 = CARTESIAN_POINT('',(1.723929234837,-1.79218452154));
#2324 = CARTESIAN_POINT('',(1.736558753439,-1.79218452154));
#2325 = CARTESIAN_POINT('',(1.749188271942,-1.79218452154));
#2326 = CARTESIAN_POINT('',(1.761817790148,-1.79218452154));
#2327 = CARTESIAN_POINT('',(1.787527879692,-1.79218452154));
#2328 = CARTESIAN_POINT('',(1.800608452119,-1.79218452154));
#2329 = CARTESIAN_POINT('',(1.813689024901,-1.79218452154));
#2330 = CARTESIAN_POINT('',(1.826769597801,-1.79218452154));
#2331 = CARTESIAN_POINT('',(1.839850170583,-1.79218452154));
#2332 = CARTESIAN_POINT('',(1.85293074301,-1.79218452154));
#2333 = CARTESIAN_POINT('',(1.876385561757,-1.79218452154));
#2334 = CARTESIAN_POINT('',(1.886759808855,-1.79218452154));
#2335 = CARTESIAN_POINT('',(1.897134056063,-1.79218452154));
#2336 = CARTESIAN_POINT('',(1.907508303309,-1.79218452154));
#2337 = CARTESIAN_POINT('',(1.917882550518,-1.79218452154));
#2338 = CARTESIAN_POINT('',(1.928256797615,-1.79218452154));
#2339 = CARTESIAN_POINT('',(1.951711616362,-1.79218452154));
#2340 = CARTESIAN_POINT('',(1.964792188789,-1.79218452154));
#2341 = CARTESIAN_POINT('',(1.977872761571,-1.79218452154));
#2342 = CARTESIAN_POINT('',(1.990953334471,-1.79218452154));
#2343 = CARTESIAN_POINT('',(2.004033907253,-1.79218452154));
#2344 = CARTESIAN_POINT('',(2.01711447968,-1.79218452154));
#2345 = CARTESIAN_POINT('',(2.039667190052,-1.79218452154));
#2346 = CARTESIAN_POINT('',(2.049139328706,-1.79218452154));
#2347 = CARTESIAN_POINT('',(2.058611467431,-1.79218452154));
#2348 = CARTESIAN_POINT('',(2.068083606179,-1.79218452154));
#2349 = CARTESIAN_POINT('',(2.077555744904,-1.79218452154));
#2350 = CARTESIAN_POINT('',(2.087027883558,-1.79218452154));
#2351 = CARTESIAN_POINT('',(2.108227431514,-1.79218452154));
#2352 = CARTESIAN_POINT('',(2.119954841276,-1.79218452154));
#2353 = CARTESIAN_POINT('',(2.131682251243,-1.79218452154));
#2354 = CARTESIAN_POINT('',(2.14340966128,-1.79218452154));
#2355 = CARTESIAN_POINT('',(2.155137071247,-1.79218452154));
#2356 = CARTESIAN_POINT('',(2.16686448101,-1.79218452154));
#2357 = CARTESIAN_POINT('',(2.191672462265,-1.79218452154));
#2358 = CARTESIAN_POINT('',(2.204753034692,-1.79218452154));
#2359 = CARTESIAN_POINT('',(2.217833607474,-1.79218452154));
#2360 = CARTESIAN_POINT('',(2.230914180374,-1.79218452154));
#2361 = CARTESIAN_POINT('',(2.243994753156,-1.79218452154));
#2362 = CARTESIAN_POINT('',(2.257075325583,-1.79218452154));
#2363 = CARTESIAN_POINT('',(2.283236469254,-1.79218452154));
#2364 = CARTESIAN_POINT('',(2.296317041681,-1.79218452154));
#2365 = CARTESIAN_POINT('',(2.309397614463,-1.79218452154));
#2366 = CARTESIAN_POINT('',(2.322478187363,-1.79218452154));
#2367 = CARTESIAN_POINT('',(2.335558760145,-1.79218452154));
#2368 = CARTESIAN_POINT('',(2.348639332572,-1.79218452154));
#2369 = CARTESIAN_POINT('',(2.374800476243,-1.79218452154));
#2370 = CARTESIAN_POINT('',(2.38788104867,-1.79218452154));
#2371 = CARTESIAN_POINT('',(2.400961621452,-1.79218452154));
#2372 = CARTESIAN_POINT('',(2.414042194352,-1.79218452154));
#2373 = CARTESIAN_POINT('',(2.427122767134,-1.79218452154));
#2374 = CARTESIAN_POINT('',(2.440203339561,-1.79218452154));
#2375 = CARTESIAN_POINT('',(2.465462374966,-1.79218452154));
#2376 = CARTESIAN_POINT('',(2.47764083895,-1.79218452154));
#2377 = CARTESIAN_POINT('',(2.489819303182,-1.79218452154));
#2378 = CARTESIAN_POINT('',(2.501997767497,-1.79218452154));
#2379 = CARTESIAN_POINT('',(2.514176231729,-1.79218452154));
#2380 = CARTESIAN_POINT('',(2.526354695713,-1.79218452154));
#2381 = CARTESIAN_POINT('',(2.551613731118,-1.79218452154));
#2382 = CARTESIAN_POINT('',(2.564694303545,-1.79218452154));
#2383 = CARTESIAN_POINT('',(2.577774876327,-1.79218452154));
#2384 = CARTESIAN_POINT('',(2.590855449227,-1.79218452154));
#2385 = CARTESIAN_POINT('',(2.603936022009,-1.79218452154));
#2386 = CARTESIAN_POINT('',(2.617016594436,-1.79218452154));
#2387 = CARTESIAN_POINT('',(2.643177738107,-1.79218452154));
#2388 = CARTESIAN_POINT('',(2.656258310534,-1.79218452154));
#2389 = CARTESIAN_POINT('',(2.669338883316,-1.79218452154));
#2390 = CARTESIAN_POINT('',(2.682419456216,-1.79218452154));
#2391 = CARTESIAN_POINT('',(2.695500028998,-1.79218452154));
#2392 = CARTESIAN_POINT('',(2.708580601425,-1.79218452154));
#2393 = CARTESIAN_POINT('',(2.734741745096,-1.79218452154));
#2394 = CARTESIAN_POINT('',(2.747822317523,-1.79218452154));
#2395 = CARTESIAN_POINT('',(2.760902890305,-1.79218452154));
#2396 = CARTESIAN_POINT('',(2.773983463205,-1.79218452154));
#2397 = CARTESIAN_POINT('',(2.787064035987,-1.79218452154));
#2398 = CARTESIAN_POINT('',(2.800144608414,-1.79218452154));
#2399 = CARTESIAN_POINT('',(2.82540364382,-1.79218452154));
#2400 = CARTESIAN_POINT('',(2.837582107804,-1.79218452154));
#2401 = CARTESIAN_POINT('',(2.849760572036,-1.79218452154));
#2402 = CARTESIAN_POINT('',(2.86193903635,-1.79218452154));
#2403 = CARTESIAN_POINT('',(2.874117500582,-1.79218452154));
#2404 = CARTESIAN_POINT('',(2.886295964566,-1.79218452154));
#2405 = CARTESIAN_POINT('',(2.911554999972,-1.79218452154));
#2406 = CARTESIAN_POINT('',(2.924635572399,-1.79218452154));
#2407 = CARTESIAN_POINT('',(2.937716145181,-1.79218452154));
#2408 = CARTESIAN_POINT('',(2.950796718081,-1.79218452154));
#2409 = CARTESIAN_POINT('',(2.963877290863,-1.79218452154));
#2410 = CARTESIAN_POINT('',(2.97695786329,-1.79218452154));
#2411 = CARTESIAN_POINT('',(3.003119006961,-1.79218452154));
#2412 = CARTESIAN_POINT('',(3.016199579388,-1.79218452154));
#2413 = CARTESIAN_POINT('',(3.02928015217,-1.79218452154));
#2414 = CARTESIAN_POINT('',(3.04236072507,-1.79218452154));
#2415 = CARTESIAN_POINT('',(3.055441297852,-1.79218452154));
#2416 = CARTESIAN_POINT('',(3.068521870279,-1.79218452154));
#2417 = CARTESIAN_POINT('',(3.09468301395,-1.79218452154));
#2418 = CARTESIAN_POINT('',(3.107763586377,-1.79218452154));
#2419 = CARTESIAN_POINT('',(3.120844159159,-1.79218452154));
#2420 = CARTESIAN_POINT('',(3.133924732059,-1.79218452154));
#2421 = CARTESIAN_POINT('',(3.147005304841,-1.79218452154));
#2422 = CARTESIAN_POINT('',(3.160085877268,-1.79218452154));
#2423 = CARTESIAN_POINT('',(3.184442804362,-1.79218452154));
#2424 = CARTESIAN_POINT('',(3.195719159903,-1.79218452154));
#2425 = CARTESIAN_POINT('',(3.206995515612,-1.79218452154));
#2426 = CARTESIAN_POINT('',(3.218271871378,-1.79218452154));
#2427 = CARTESIAN_POINT('',(3.229548227087,-1.79218452154));
#2428 = CARTESIAN_POINT('',(3.240824582628,-1.79218452154));
#2429 = CARTESIAN_POINT('',(3.265181509723,-1.79218452154));
#2430 = CARTESIAN_POINT('',(3.27826208215,-1.79218452154));
#2431 = CARTESIAN_POINT('',(3.291342654931,-1.79218452154));
#2432 = CARTESIAN_POINT('',(3.304423227832,-1.79218452154));
#2433 = CARTESIAN_POINT('',(3.317503800613,-1.79218452154));
#2434 = CARTESIAN_POINT('',(3.33058437304,-1.79218452154));
#2435 = CARTESIAN_POINT('',(3.356745516712,-1.79218452154));
#2436 = CARTESIAN_POINT('',(3.369826089139,-1.79218452154));
#2437 = CARTESIAN_POINT('',(3.38290666192,-1.79218452154));
#2438 = CARTESIAN_POINT('',(3.395987234821,-1.79218452154));
#2439 = CARTESIAN_POINT('',(3.409067807602,-1.79218452154));
#2440 = CARTESIAN_POINT('',(3.422148380029,-1.79218452154));
#2441 = CARTESIAN_POINT('',(3.448309523701,-1.79218452154));
#2442 = CARTESIAN_POINT('',(3.461390096128,-1.79218452154));
#2443 = CARTESIAN_POINT('',(3.47447066891,-1.79218452154));
#2444 = CARTESIAN_POINT('',(3.48755124181,-1.79218452154));
#2445 = CARTESIAN_POINT('',(3.500631814592,-1.79218452154));
#2446 = CARTESIAN_POINT('',(3.513712387019,-1.79218452154));
#2447 = CARTESIAN_POINT('',(3.53987353069,-1.79218452154));
#2448 = CARTESIAN_POINT('',(3.552954103117,-1.79218452154));
#2449 = CARTESIAN_POINT('',(3.566034675899,-1.79218452154));
#2450 = CARTESIAN_POINT('',(3.579115248799,-1.79218452154));
#2451 = CARTESIAN_POINT('',(3.592195821581,-1.79218452154));
#2452 = CARTESIAN_POINT('',(3.605276394008,-1.79218452154));
#2453 = CARTESIAN_POINT('',(3.631437537679,-1.79218452154));
#2454 = CARTESIAN_POINT('',(3.644518110106,-1.79218452154));
#2455 = CARTESIAN_POINT('',(3.657598682888,-1.79218452154));
#2456 = CARTESIAN_POINT('',(3.670679255788,-1.79218452154));
#2457 = CARTESIAN_POINT('',(3.68375982857,-1.79218452154));
#2458 = CARTESIAN_POINT('',(3.696840400997,-1.79218452154));
#2459 = CARTESIAN_POINT('',(3.722099436402,-1.79218452154));
#2460 = CARTESIAN_POINT('',(3.734277900386,-1.79218452154));
#2461 = CARTESIAN_POINT('',(3.746456364618,-1.79218452154));
#2462 = CARTESIAN_POINT('',(3.758634828933,-1.79218452154));
#2463 = CARTESIAN_POINT('',(3.770813293165,-1.79218452154));
#2464 = CARTESIAN_POINT('',(3.782991757149,-1.79218452154));
#2465 = CARTESIAN_POINT('',(3.807799738428,-1.79218452154));
#2466 = CARTESIAN_POINT('',(3.820429256633,-1.79218452154));
#2467 = CARTESIAN_POINT('',(3.833058775136,-1.79218452154));
#2468 = CARTESIAN_POINT('',(3.845688293739,-1.79218452154));
#2469 = CARTESIAN_POINT('',(3.858317812242,-1.79218452154));
#2470 = CARTESIAN_POINT('',(3.870947330447,-1.79218452154));
#2471 = CARTESIAN_POINT('',(3.896657419992,-1.79218452154));
#2472 = CARTESIAN_POINT('',(3.909737992419,-1.79218452154));
#2473 = CARTESIAN_POINT('',(3.922818565201,-1.79218452154));
#2474 = CARTESIAN_POINT('',(3.935899138101,-1.79218452154));
#2475 = CARTESIAN_POINT('',(3.948979710883,-1.79218452154));
#2476 = CARTESIAN_POINT('',(3.96206028331,-1.79218452154));
#2477 = CARTESIAN_POINT('',(3.987770372854,-1.79218452154));
#2478 = CARTESIAN_POINT('',(4.00039989106,-1.79218452154));
#2479 = CARTESIAN_POINT('',(4.013029409563,-1.79218452154));
#2480 = CARTESIAN_POINT('',(4.025658928165,-1.79218452154));
#2481 = CARTESIAN_POINT('',(4.038288446669,-1.79218452154));
#2482 = CARTESIAN_POINT('',(4.050917964874,-1.79218452154));
#2483 = CARTESIAN_POINT('',(4.076628054419,-1.79218452154));
#2484 = CARTESIAN_POINT('',(4.089708626846,-1.79218452154));
#2485 = CARTESIAN_POINT('',(4.102789199627,-1.79218452154));
#2486 = CARTESIAN_POINT('',(4.115869772528,-1.79218452154));
#2487 = CARTESIAN_POINT('',(4.128950345309,-1.79218452154));
#2488 = CARTESIAN_POINT('',(4.142030917737,-1.79218452154));
#2489 = CARTESIAN_POINT('',(4.167289953142,-1.79218452154));
#2490 = CARTESIAN_POINT('',(4.179468417126,-1.79218452154));
#2491 = CARTESIAN_POINT('',(4.191646881358,-1.79218452154));
#2492 = CARTESIAN_POINT('',(4.203825345673,-1.79218452154));
#2493 = CARTESIAN_POINT('',(4.216003809905,-1.79218452154));
#2494 = CARTESIAN_POINT('',(4.228182273888,-1.79218452154));
#2495 = CARTESIAN_POINT('',(4.253441309294,-1.79218452154));
#2496 = CARTESIAN_POINT('',(4.266521881721,-1.79218452154));
#2497 = CARTESIAN_POINT('',(4.279602454503,-1.79218452154));
#2498 = CARTESIAN_POINT('',(4.292683027403,-1.79218452154));
#2499 = CARTESIAN_POINT('',(4.305763600185,-1.79218452154));
#2500 = CARTESIAN_POINT('',(4.318844172612,-1.79218452154));
#2501 = CARTESIAN_POINT('',(4.345005316283,-1.79218452154));
#2502 = CARTESIAN_POINT('',(4.35808588871,-1.79218452154));
#2503 = CARTESIAN_POINT('',(4.371166461492,-1.79218452154));
#2504 = CARTESIAN_POINT('',(4.384247034392,-1.79218452154));
#2505 = CARTESIAN_POINT('',(4.397327607174,-1.79218452154));
#2506 = CARTESIAN_POINT('',(4.410408179601,-1.79218452154));
#2507 = CARTESIAN_POINT('',(4.436569323272,-1.79218452154));
#2508 = CARTESIAN_POINT('',(4.449649895699,-1.79218452154));
#2509 = CARTESIAN_POINT('',(4.462730468481,-1.79218452154));
#2510 = CARTESIAN_POINT('',(4.475811041381,-1.79218452154));
#2511 = CARTESIAN_POINT('',(4.488891614163,-1.79218452154));
#2512 = CARTESIAN_POINT('',(4.50197218659,-1.79218452154));
#2513 = CARTESIAN_POINT('',(4.528133330261,-1.79218452154));
#2514 = CARTESIAN_POINT('',(4.541213902688,-1.79218452154));
#2515 = CARTESIAN_POINT('',(4.55429447547,-1.79218452154));
#2516 = CARTESIAN_POINT('',(4.56737504837,-1.79218452154));
#2517 = CARTESIAN_POINT('',(4.580455621152,-1.79218452154));
#2518 = CARTESIAN_POINT('',(4.593536193579,-1.79218452154));
#2519 = CARTESIAN_POINT('',(4.61969733725,-1.79218452154));
#2520 = CARTESIAN_POINT('',(4.632777909677,-1.79218452154));
#2521 = CARTESIAN_POINT('',(4.645858482459,-1.79218452154));
#2522 = CARTESIAN_POINT('',(4.658939055359,-1.79218452154));
#2523 = CARTESIAN_POINT('',(4.672019628141,-1.79218452154));
#2524 = CARTESIAN_POINT('',(4.685100200568,-1.79218452154));
#2525 = CARTESIAN_POINT('',(4.710810290113,-1.79218452154));
#2526 = CARTESIAN_POINT('',(4.723439808318,-1.79218452154));
#2527 = CARTESIAN_POINT('',(4.736069326821,-1.79218452154));
#2528 = CARTESIAN_POINT('',(4.748698845424,-1.79218452154));
#2529 = CARTESIAN_POINT('',(4.761328363927,-1.79218452154));
#2530 = CARTESIAN_POINT('',(4.773957882132,-1.79218452154));
#2531 = CARTESIAN_POINT('',(4.799667971677,-1.79218452154));
#2532 = CARTESIAN_POINT('',(4.812748544104,-1.79218452154));
#2533 = CARTESIAN_POINT('',(4.825829116886,-1.79218452154));
#2534 = CARTESIAN_POINT('',(4.838909689786,-1.79218452154));
#2535 = CARTESIAN_POINT('',(4.851990262568,-1.79218452154));
#2536 = CARTESIAN_POINT('',(4.865070834995,-1.79218452154));
#2537 = CARTESIAN_POINT('',(4.891231978666,-1.79218452154));
#2538 = CARTESIAN_POINT('',(4.904312551093,-1.79218452154));
#2539 = CARTESIAN_POINT('',(4.917393123875,-1.79218452154));
#2540 = CARTESIAN_POINT('',(4.930473696775,-1.79218452154));
#2541 = CARTESIAN_POINT('',(4.943554269557,-1.79218452154));
#2542 = CARTESIAN_POINT('',(4.956634841984,-1.79218452154));
#2543 = CARTESIAN_POINT('',(4.982795985655,-1.79218452154));
#2544 = CARTESIAN_POINT('',(4.995876558082,-1.79218452154));
#2545 = CARTESIAN_POINT('',(5.008957130864,-1.79218452154));
#2546 = CARTESIAN_POINT('',(5.022037703764,-1.79218452154));
#2547 = CARTESIAN_POINT('',(5.035118276546,-1.79218452154));
#2548 = CARTESIAN_POINT('',(5.048198848973,-1.79218452154));
#2549 = CARTESIAN_POINT('',(5.074359992644,-1.79218452154));
#2550 = CARTESIAN_POINT('',(5.087440565071,-1.79218452154));
#2551 = CARTESIAN_POINT('',(5.100521137853,-1.79218452154));
#2552 = CARTESIAN_POINT('',(5.113601710753,-1.79218452154));
#2553 = CARTESIAN_POINT('',(5.126682283535,-1.79218452154));
#2554 = CARTESIAN_POINT('',(5.139762855962,-1.79218452154));
#2555 = CARTESIAN_POINT('',(5.165923999633,-1.79218452154));
#2556 = CARTESIAN_POINT('',(5.17900457206,-1.79218452154));
#2557 = CARTESIAN_POINT('',(5.192085144842,-1.79218452154));
#2558 = CARTESIAN_POINT('',(5.205165717742,-1.79218452154));
#2559 = CARTESIAN_POINT('',(5.218246290524,-1.79218452154));
#2560 = CARTESIAN_POINT('',(5.231326862951,-1.79218452154));
#2561 = CARTESIAN_POINT('',(5.257488006622,-1.79218452154));
#2562 = CARTESIAN_POINT('',(5.270568579049,-1.79218452154));
#2563 = CARTESIAN_POINT('',(5.283649151831,-1.79218452154));
#2564 = CARTESIAN_POINT('',(5.296729724731,-1.79218452154));
#2565 = CARTESIAN_POINT('',(5.309810297513,-1.79218452154));
#2566 = CARTESIAN_POINT('',(5.32289086994,-1.79218452154));
#2567 = CARTESIAN_POINT('',(5.349052013611,-1.79218452154));
#2568 = CARTESIAN_POINT('',(5.362132586038,-1.79218452154));
#2569 = CARTESIAN_POINT('',(5.37521315882,-1.79218452154));
#2570 = CARTESIAN_POINT('',(5.38829373172,-1.79218452154));
#2571 = CARTESIAN_POINT('',(5.401374304502,-1.79218452154));
#2572 = CARTESIAN_POINT('',(5.414454876929,-1.79218452154));
#2573 = CARTESIAN_POINT('',(5.4406160206,-1.79218452154));
#2574 = CARTESIAN_POINT('',(5.453696593027,-1.79218452154));
#2575 = CARTESIAN_POINT('',(5.466777165809,-1.79218452154));
#2576 = CARTESIAN_POINT('',(5.479857738709,-1.79218452154));
#2577 = CARTESIAN_POINT('',(5.492938311491,-1.79218452154));
#2578 = CARTESIAN_POINT('',(5.506018883918,-1.79218452154));
#2579 = CARTESIAN_POINT('',(5.531277919324,-1.79218452154));
#2580 = CARTESIAN_POINT('',(5.543456383308,-1.79218452154));
#2581 = CARTESIAN_POINT('',(5.55563484754,-1.79218452154));
#2582 = CARTESIAN_POINT('',(5.567813311854,-1.79218452154));
#2583 = CARTESIAN_POINT('',(5.579991776086,-1.79218452154));
#2584 = CARTESIAN_POINT('',(5.59217024007,-1.79218452154));
#2585 = CARTESIAN_POINT('',(5.701312954793,-1.79218452154));
#2586 = CARTESIAN_POINT('',(5.798315425807,-1.79218452154));
#2587 = CARTESIAN_POINT('',(5.895286518647,-1.79218452154));
#2588 = CARTESIAN_POINT('',(5.992247492173,-1.79218452154));
#2589 = CARTESIAN_POINT('',(6.089218585013,-1.79218452154));
#2590 = CARTESIAN_POINT('',(6.186221056027,-1.79218452154));
#2591 = CARTESIAN_POINT('',(6.28318530718,-1.79218452154));
#2592 = ( GEOMETRIC_REPRESENTATION_CONTEXT(2) 
PARAMETRIC_REPRESENTATION_CONTEXT() REPRESENTATION_CONTEXT('2D SPACE',''
  ) );
#2593 = PCURVE('',#1551,#2594);
#2594 = DEFINITIONAL_REPRESENTATION('',(#2595),#2982);
#2595 = B_SPLINE_CURVE_WITH_KNOTS('',7,(#2596,#2597,#2598,#2599,#2600,
    #2601,#2602,#2603,#2604,#2605,#2606,#2607,#2608,#2609,#2610,#2611,
    #2612,#2613,#2614,#2615,#2616,#2617,#2618,#2619,#2620,#2621,#2622,
    #2623,#2624,#2625,#2626,#2627,#2628,#2629,#2630,#2631,#2632,#2633,
    #2634,#2635,#2636,#2637,#2638,#2639,#2640,#2641,#2642,#2643,#2644,
    #2645,#2646,#2647,#2648,#2649,#2650,#2651,#2652,#2653,#2654,#2655,
    #2656,#2657,#2658,#2659,#2660,#2661,#2662,#2663,#2664,#2665,#2666,
    #2667,#2668,#2669,#2670,#2671,#2672,#2673,#2674,#2675,#2676,#2677,
    #2678,#2679,#2680,#2681,#2682,#2683,#2684,#2685,#2686,#2687,#2688,
    #2689,#2690,#2691,#2692,#2693,#2694,#2695,#2696,#2697,#2698,#2699,
    #2700,#2701,#2702,#2703,#2704,#2705,#2706,#2707,#2708,#2709,#2710,
    #2711,#2712,#2713,#2714,#2715,#2716,#2717,#2718,#2719,#2720,#2721,
    #2722,#2723,#2724,#2725,#2726,#2727,#2728,#2729,#2730,#2731,#2732,
    #2733,#2734,#2735,#2736,#2737,#2738,#2739,#2740,#2741,#2742,#2743,
    #2744,#2745,#2746,#2747,#2748,#2749,#2750,#2751,#2752,#2753,#2754,
    #2755,#2756,#2757,#2758,#2759,#2760,#2761,#2762,#2763,#2764,#2765,
    #2766,#2767,#2768,#2769,#2770,#2771,#2772,#2773,#2774,#2775,#2776,
    #2777,#2778,#2779,#2780,#2781,#2782,#2783,#2784,#2785,#2786,#2787,
    #2788,#2789,#2790,#2791,#2792,#2793,#2794,#2795,#2796,#2797,#2798,
    #2799,#2800,#2801,#2802,#2803,#2804,#2805,#2806,#2807,#2808,#2809,
    #2810,#2811,#2812,#2813,#2814,#2815,#2816,#2817,#2818,#2819,#2820,
    #2821,#2822,#2823,#2824,#2825,#2826,#2827,#2828,#2829,#2830,#2831,
    #2832,#2833,#2834,#2835,#2836,#2837,#2838,#2839,#2840,#2841,#2842,
    #2843,#2844,#2845,#2846,#2847,#2848,#2849,#2850,#2851,#2852,#2853,
    #2854,#2855,#2856,#2857,#2858,#2859,#2860,#2861,#2862,#2863,#2864,
    #2865,#2866,#2867,#2868,#2869,#2870,#2871,#2872,#2873,#2874,#2875,
    #2876,#2877,#2878,#2879,#2880,#2881,#2882,#2883,#2884,#2885,#2886,
    #2887,#2888,#2889,#2890,#2891,#2892,#2893,#2894,#2895,#2896,#2897,
    #2898,#2899,#2900,#2901,#2902,#2903,#2904,#2905,#2906,#2907,#2908,
    #2909,#2910,#2911,#2912,#2913,#2914,#2915,#2916,#2917,#2918,#2919,
    #2920,#2921,#2922,#2923,#2924,#2925,#2926,#2927,#2928,#2929,#2930,
    #2931,#2932,#2933,#2934,#2935,#2936,#2937,#2938,#2939,#2940,#2941,
    #2942,#2943,#2944,#2945,#2946,#2947,#2948,#2949,#2950,#2951,#2952,
    #2953,#2954,#2955,#2956,#2957,#2958,#2959,#2960,#2961,#2962,#2963,
    #2964,#2965,#2966,#2967,#2968,#2969,#2970,#2971,#2972,#2973,#2974,
    #2975,#2976,#2977,#2978,#2979,#2980,#2981),.UNSPECIFIED.,.F.,.F.,(8,
    6,6,6,6,6,6,6,6,6,6,6,6,6,6,6,6,6,6,6,6,6,6,6,6,6,6,6,6,6,6,6,6,6,6,
    6,6,6,6,6,6,6,6,6,6,6,6,6,6,6,6,6,6,6,6,6,6,6,6,6,6,6,6,6,8),(0.,
    1.859295713105E-02,3.3166026687E-02,4.773909624296E-02,
    6.231216579892E-02,7.688523535488E-02,9.145830491085E-02,
    0.10552885491,0.118091846161,0.13165987659,0.146232946146,
    0.160303496145,0.174876565701,0.189449635257,0.204022704813,
    0.212063019381,0.22613356938,0.239199080226,0.253772149782,
    0.268345219338,0.282415769337,0.296988838893,0.308546790926,
    0.323119860482,0.333672773265,0.34673828411,0.361311353666,
    0.375884423222,0.390457492778,0.404025523207,0.418598592763,
    0.433171662319,0.447744731875,0.461312762303,0.475885831859,
    0.490458901415,0.505031970971,0.517594962222,0.532168031778,
    0.546741101334,0.56131417089,0.575887240446,0.590460310002,
    0.604028340431,0.61809889043,0.632671959986,0.646742509985,
    0.661315579541,0.67488360997,0.689456679526,0.704029749082,
    0.718602818638,0.733175888194,0.74774895775,0.761819507749,
    0.776392577305,0.790965646861,0.805538716417,0.820111785973,
    0.834684855529,0.849257925085,0.863830994641,0.878404064197,
    0.891972094626,1.),.UNSPECIFIED.);
#2596 = CARTESIAN_POINT('',(-8.881784197001E-16,-3.));
#2597 = CARTESIAN_POINT('',(1.669005598778E-02,-3.));
#2598 = CARTESIAN_POINT('',(3.337909764753E-02,-3.));
#2599 = CARTESIAN_POINT('',(5.006776083881E-02,-3.));
#2600 = CARTESIAN_POINT('',(6.675644420091E-02,-3.));
#2601 = CARTESIAN_POINT('',(8.344530915275E-02,-3.));
#2602 = CARTESIAN_POINT('',(0.100134279893,-3.));
#2603 = CARTESIAN_POINT('',(0.129903615235,-3.));
#2604 = CARTESIAN_POINT('',(0.142984187662,-3.));
#2605 = CARTESIAN_POINT('',(0.156064760444,-3.));
#2606 = CARTESIAN_POINT('',(0.169145333344,-3.));
#2607 = CARTESIAN_POINT('',(0.182225906126,-3.));
#2608 = CARTESIAN_POINT('',(0.195306478553,-3.));
#2609 = CARTESIAN_POINT('',(0.221467622224,-3.));
#2610 = CARTESIAN_POINT('',(0.234548194651,-3.));
#2611 = CARTESIAN_POINT('',(0.247628767433,-3.));
#2612 = CARTESIAN_POINT('',(0.260709340333,-3.));
#2613 = CARTESIAN_POINT('',(0.273789913115,-3.));
#2614 = CARTESIAN_POINT('',(0.286870485542,-3.));
#2615 = CARTESIAN_POINT('',(0.313031629213,-3.));
#2616 = CARTESIAN_POINT('',(0.326112201641,-3.));
#2617 = CARTESIAN_POINT('',(0.339192774422,-3.));
#2618 = CARTESIAN_POINT('',(0.352273347323,-3.));
#2619 = CARTESIAN_POINT('',(0.365353920104,-3.));
#2620 = CARTESIAN_POINT('',(0.378434492531,-3.));
#2621 = CARTESIAN_POINT('',(0.404595636203,-3.));
#2622 = CARTESIAN_POINT('',(0.41767620863,-3.));
#2623 = CARTESIAN_POINT('',(0.430756781411,-3.));
#2624 = CARTESIAN_POINT('',(0.443837354312,-3.));
#2625 = CARTESIAN_POINT('',(0.456917927093,-3.));
#2626 = CARTESIAN_POINT('',(0.46999849952,-3.));
#2627 = CARTESIAN_POINT('',(0.496159643192,-3.));
#2628 = CARTESIAN_POINT('',(0.509240215619,-3.));
#2629 = CARTESIAN_POINT('',(0.5223207884,-3.));
#2630 = CARTESIAN_POINT('',(0.535401361301,-3.));
#2631 = CARTESIAN_POINT('',(0.548481934082,-3.));
#2632 = CARTESIAN_POINT('',(0.561562506509,-3.));
#2633 = CARTESIAN_POINT('',(0.587272596054,-3.));
#2634 = CARTESIAN_POINT('',(0.59990211426,-3.));
#2635 = CARTESIAN_POINT('',(0.612531632763,-3.));
#2636 = CARTESIAN_POINT('',(0.625161151365,-3.));
#2637 = CARTESIAN_POINT('',(0.637790669868,-3.));
#2638 = CARTESIAN_POINT('',(0.650420188074,-3.));
#2639 = CARTESIAN_POINT('',(0.674326061042,-3.));
#2640 = CARTESIAN_POINT('',(0.685602416582,-3.));
#2641 = CARTESIAN_POINT('',(0.696878772292,-3.));
#2642 = CARTESIAN_POINT('',(0.708155128057,-3.));
#2643 = CARTESIAN_POINT('',(0.719431483767,-3.));
#2644 = CARTESIAN_POINT('',(0.730707839307,-3.));
#2645 = CARTESIAN_POINT('',(0.754162658136,-3.));
#2646 = CARTESIAN_POINT('',(0.76634112212,-3.));
#2647 = CARTESIAN_POINT('',(0.778519586352,-3.));
#2648 = CARTESIAN_POINT('',(0.790698050667,-3.));
#2649 = CARTESIAN_POINT('',(0.802876514899,-3.));
#2650 = CARTESIAN_POINT('',(0.815054978883,-3.));
#2651 = CARTESIAN_POINT('',(0.840314014288,-3.));
#2652 = CARTESIAN_POINT('',(0.853394586715,-3.));
#2653 = CARTESIAN_POINT('',(0.866475159497,-3.));
#2654 = CARTESIAN_POINT('',(0.879555732397,-3.));
#2655 = CARTESIAN_POINT('',(0.892636305179,-3.));
#2656 = CARTESIAN_POINT('',(0.905716877606,-3.));
#2657 = CARTESIAN_POINT('',(0.931426967151,-3.));
#2658 = CARTESIAN_POINT('',(0.944056485356,-3.));
#2659 = CARTESIAN_POINT('',(0.956686003859,-3.));
#2660 = CARTESIAN_POINT('',(0.969315522462,-3.));
#2661 = CARTESIAN_POINT('',(0.981945040965,-3.));
#2662 = CARTESIAN_POINT('',(0.99457455917,-3.));
#2663 = CARTESIAN_POINT('',(1.020284648715,-3.));
#2664 = CARTESIAN_POINT('',(1.033365221142,-3.));
#2665 = CARTESIAN_POINT('',(1.046445793924,-3.));
#2666 = CARTESIAN_POINT('',(1.059526366824,-3.));
#2667 = CARTESIAN_POINT('',(1.072606939606,-3.));
#2668 = CARTESIAN_POINT('',(1.085687512033,-3.));
#2669 = CARTESIAN_POINT('',(1.111848655704,-3.));
#2670 = CARTESIAN_POINT('',(1.124929228131,-3.));
#2671 = CARTESIAN_POINT('',(1.138009800913,-3.));
#2672 = CARTESIAN_POINT('',(1.151090373813,-3.));
#2673 = CARTESIAN_POINT('',(1.164170946595,-3.));
#2674 = CARTESIAN_POINT('',(1.177251519022,-3.));
#2675 = CARTESIAN_POINT('',(1.203412662693,-3.));
#2676 = CARTESIAN_POINT('',(1.21649323512,-3.));
#2677 = CARTESIAN_POINT('',(1.229573807902,-3.));
#2678 = CARTESIAN_POINT('',(1.242654380802,-3.));
#2679 = CARTESIAN_POINT('',(1.255734953584,-3.));
#2680 = CARTESIAN_POINT('',(1.268815526011,-3.));
#2681 = CARTESIAN_POINT('',(1.289112965362,-3.));
#2682 = CARTESIAN_POINT('',(1.296329832908,-3.));
#2683 = CARTESIAN_POINT('',(1.303546700472,-3.));
#2684 = CARTESIAN_POINT('',(1.310763568043,-3.));
#2685 = CARTESIAN_POINT('',(1.317980435607,-3.));
#2686 = CARTESIAN_POINT('',(1.325197303153,-3.));
#2687 = CARTESIAN_POINT('',(1.345043688377,-3.));
#2688 = CARTESIAN_POINT('',(1.357673206583,-3.));
#2689 = CARTESIAN_POINT('',(1.370302725086,-3.));
#2690 = CARTESIAN_POINT('',(1.382932243688,-3.));
#2691 = CARTESIAN_POINT('',(1.395561762191,-3.));
#2692 = CARTESIAN_POINT('',(1.408191280397,-3.));
#2693 = CARTESIAN_POINT('',(1.432548207525,-3.));
#2694 = CARTESIAN_POINT('',(1.444275617288,-3.));
#2695 = CARTESIAN_POINT('',(1.456003027255,-3.));
#2696 = CARTESIAN_POINT('',(1.467730437292,-3.));
#2697 = CARTESIAN_POINT('',(1.479457847259,-3.));
#2698 = CARTESIAN_POINT('',(1.491185257021,-3.));
#2699 = CARTESIAN_POINT('',(1.515993238277,-3.));
#2700 = CARTESIAN_POINT('',(1.529073810704,-3.));
#2701 = CARTESIAN_POINT('',(1.542154383485,-3.));
#2702 = CARTESIAN_POINT('',(1.555234956386,-3.));
#2703 = CARTESIAN_POINT('',(1.568315529167,-3.));
#2704 = CARTESIAN_POINT('',(1.581396101594,-3.));
#2705 = CARTESIAN_POINT('',(1.607557245266,-3.));
#2706 = CARTESIAN_POINT('',(1.620637817693,-3.));
#2707 = CARTESIAN_POINT('',(1.633718390474,-3.));
#2708 = CARTESIAN_POINT('',(1.646798963375,-3.));
#2709 = CARTESIAN_POINT('',(1.659879536156,-3.));
#2710 = CARTESIAN_POINT('',(1.672960108583,-3.));
#2711 = CARTESIAN_POINT('',(1.698670198128,-3.));
#2712 = CARTESIAN_POINT('',(1.711299716334,-3.));
#2713 = CARTESIAN_POINT('',(1.723929234837,-3.));
#2714 = CARTESIAN_POINT('',(1.736558753439,-3.));
#2715 = CARTESIAN_POINT('',(1.749188271942,-3.));
#2716 = CARTESIAN_POINT('',(1.761817790148,-3.));
#2717 = CARTESIAN_POINT('',(1.787527879692,-3.));
#2718 = CARTESIAN_POINT('',(1.800608452119,-3.));
#2719 = CARTESIAN_POINT('',(1.813689024901,-3.));
#2720 = CARTESIAN_POINT('',(1.826769597801,-3.));
#2721 = CARTESIAN_POINT('',(1.839850170583,-3.));
#2722 = CARTESIAN_POINT('',(1.85293074301,-3.));
#2723 = CARTESIAN_POINT('',(1.876385561757,-3.));
#2724 = CARTESIAN_POINT('',(1.886759808855,-3.));
#2725 = CARTESIAN_POINT('',(1.897134056063,-3.));
#2726 = CARTESIAN_POINT('',(1.907508303309,-3.));
#2727 = CARTESIAN_POINT('',(1.917882550518,-3.));
#2728 = CARTESIAN_POINT('',(1.928256797615,-3.));
#2729 = CARTESIAN_POINT('',(1.951711616362,-3.));
#2730 = CARTESIAN_POINT('',(1.964792188789,-3.));
#2731 = CARTESIAN_POINT('',(1.977872761571,-3.));
#2732 = CARTESIAN_POINT('',(1.990953334471,-3.));
#2733 = CARTESIAN_POINT('',(2.004033907253,-3.));
#2734 = CARTESIAN_POINT('',(2.01711447968,-3.));
#2735 = CARTESIAN_POINT('',(2.039667190052,-3.));
#2736 = CARTESIAN_POINT('',(2.049139328706,-3.));
#2737 = CARTESIAN_POINT('',(2.058611467431,-3.));
#2738 = CARTESIAN_POINT('',(2.068083606179,-3.));
#2739 = CARTESIAN_POINT('',(2.077555744904,-3.));
#2740 = CARTESIAN_POINT('',(2.087027883558,-3.));
#2741 = CARTESIAN_POINT('',(2.108227431514,-3.));
#2742 = CARTESIAN_POINT('',(2.119954841276,-3.));
#2743 = CARTESIAN_POINT('',(2.131682251243,-3.));
#2744 = CARTESIAN_POINT('',(2.14340966128,-3.));
#2745 = CARTESIAN_POINT('',(2.155137071247,-3.));
#2746 = CARTESIAN_POINT('',(2.16686448101,-3.));
#2747 = CARTESIAN_POINT('',(2.191672462265,-3.));
#2748 = CARTESIAN_POINT('',(2.204753034692,-3.));
#2749 = CARTESIAN_POINT('',(2.217833607474,-3.));
#2750 = CARTESIAN_POINT('',(2.230914180374,-3.));
#2751 = CARTESIAN_POINT('',(2.243994753156,-3.));
#2752 = CARTESIAN_POINT('',(2.257075325583,-3.));
#2753 = CARTESIAN_POINT('',(2.283236469254,-3.));
#2754 = CARTESIAN_POINT('',(2.296317041681,-3.));
#2755 = CARTESIAN_POINT('',(2.309397614463,-3.));
#2756 = CARTESIAN_POINT('',(2.322478187363,-3.));
#2757 = CARTESIAN_POINT('',(2.335558760145,-3.));
#2758 = CARTESIAN_POINT('',(2.348639332572,-3.));
#2759 = CARTESIAN_POINT('',(2.374800476243,-3.));
#2760 = CARTESIAN_POINT('',(2.38788104867,-3.));
#2761 = CARTESIAN_POINT('',(2.400961621452,-3.));
#2762 = CARTESIAN_POINT('',(2.414042194352,-3.));
#2763 = CARTESIAN_POINT('',(2.427122767134,-3.));
#2764 = CARTESIAN_POINT('',(2.440203339561,-3.));
#2765 = CARTESIAN_POINT('',(2.465462374966,-3.));
#2766 = CARTESIAN_POINT('',(2.47764083895,-3.));
#2767 = CARTESIAN_POINT('',(2.489819303182,-3.));
#2768 = CARTESIAN_POINT('',(2.501997767497,-3.));
#2769 = CARTESIAN_POINT('',(2.514176231729,-3.));
#2770 = CARTESIAN_POINT('',(2.526354695713,-3.));
#2771 = CARTESIAN_POINT('',(2.551613731118,-3.));
#2772 = CARTESIAN_POINT('',(2.564694303545,-3.));
#2773 = CARTESIAN_POINT('',(2.577774876327,-3.));
#2774 = CARTESIAN_POINT('',(2.590855449227,-3.));
#2775 = CARTESIAN_POINT('',(2.603936022009,-3.));
#2776 = CARTESIAN_POINT('',(2.617016594436,-3.));
#2777 = CARTESIAN_POINT('',(2.643177738107,-3.));
#2778 = CARTESIAN_POINT('',(2.656258310534,-3.));
#2779 = CARTESIAN_POINT('',(2.669338883316,-3.));
#2780 = CARTESIAN_POINT('',(2.682419456216,-3.));
#2781 = CARTESIAN_POINT('',(2.695500028998,-3.));
#2782 = CARTESIAN_POINT('',(2.708580601425,-3.));
#2783 = CARTESIAN_POINT('',(2.734741745096,-3.));
#2784 = CARTESIAN_POINT('',(2.747822317523,-3.));
#2785 = CARTESIAN_POINT('',(2.760902890305,-3.));
#2786 = CARTESIAN_POINT('',(2.773983463205,-3.));
#2787 = CARTESIAN_POINT('',(2.787064035987,-3.));
#2788 = CARTESIAN_POINT('',(2.800144608414,-3.));
#2789 = CARTESIAN_POINT('',(2.82540364382,-3.));
#2790 = CARTESIAN_POINT('',(2.837582107804,-3.));
#2791 = CARTESIAN_POINT('',(2.849760572036,-3.));
#2792 = CARTESIAN_POINT('',(2.86193903635,-3.));
#2793 = CARTESIAN_POINT('',(2.874117500582,-3.));
#2794 = CARTESIAN_POINT('',(2.886295964566,-3.));
#2795 = CARTESIAN_POINT('',(2.911554999972,-3.));
#2796 = CARTESIAN_POINT('',(2.924635572399,-3.));
#2797 = CARTESIAN_POINT('',(2.937716145181,-3.));
#2798 = CARTESIAN_POINT('',(2.950796718081,-3.));
#2799 = CARTESIAN_POINT('',(2.963877290863,-3.));
#2800 = CARTESIAN_POINT('',(2.97695786329,-3.));
#2801 = CARTESIAN_POINT('',(3.003119006961,-3.));
#2802 = CARTESIAN_POINT('',(3.016199579388,-3.));
#2803 = CARTESIAN_POINT('',(3.02928015217,-3.));
#2804 = CARTESIAN_POINT('',(3.04236072507,-3.));
#2805 = CARTESIAN_POINT('',(3.055441297852,-3.));
#2806 = CARTESIAN_POINT('',(3.068521870279,-3.));
#2807 = CARTESIAN_POINT('',(3.09468301395,-3.));
#2808 = CARTESIAN_POINT('',(3.107763586377,-3.));
#2809 = CARTESIAN_POINT('',(3.120844159159,-3.));
#2810 = CARTESIAN_POINT('',(3.133924732059,-3.));
#2811 = CARTESIAN_POINT('',(3.147005304841,-3.));
#2812 = CARTESIAN_POINT('',(3.160085877268,-3.));
#2813 = CARTESIAN_POINT('',(3.184442804362,-3.));
#2814 = CARTESIAN_POINT('',(3.195719159903,-3.));
#2815 = CARTESIAN_POINT('',(3.206995515612,-3.));
#2816 = CARTESIAN_POINT('',(3.218271871378,-3.));
#2817 = CARTESIAN_POINT('',(3.229548227087,-3.));
#2818 = CARTESIAN_POINT('',(3.240824582628,-3.));
#2819 = CARTESIAN_POINT('',(3.265181509723,-3.));
#2820 = CARTESIAN_POINT('',(3.27826208215,-3.));
#2821 = CARTESIAN_POINT('',(3.291342654931,-3.));
#2822 = CARTESIAN_POINT('',(3.304423227832,-3.));
#2823 = CARTESIAN_POINT('',(3.317503800613,-3.));
#2824 = CARTESIAN_POINT('',(3.33058437304,-3.));
#2825 = CARTESIAN_POINT('',(3.356745516712,-3.));
#2826 = CARTESIAN_POINT('',(3.369826089139,-3.));
#2827 = CARTESIAN_POINT('',(3.38290666192,-3.));
#2828 = CARTESIAN_POINT('',(3.395987234821,-3.));
#2829 = CARTESIAN_POINT('',(3.409067807602,-3.));
#2830 = CARTESIAN_POINT('',(3.422148380029,-3.));
#2831 = CARTESIAN_POINT('',(3.448309523701,-3.));
#2832 = CARTESIAN_POINT('',(3.461390096128,-3.));
#2833 = CARTESIAN_POINT('',(3.47447066891,-3.));
#2834 = CARTESIAN_POINT('',(3.48755124181,-3.));
#2835 = CARTESIAN_POINT('',(3.500631814592,-3.));
#2836 = CARTESIAN_POINT('',(3.513712387019,-3.));
#2837 = CARTESIAN_POINT('',(3.53987353069,-3.));
#2838 = CARTESIAN_POINT('',(3.552954103117,-3.));
#2839 = CARTESIAN_POINT('',(3.566034675899,-3.));
#2840 = CARTESIAN_POINT('',(3.579115248799,-3.));
#2841 = CARTESIAN_POINT('',(3.592195821581,-3.));
#2842 = CARTESIAN_POINT('',(3.605276394008,-3.));
#2843 = CARTESIAN_POINT('',(3.631437537679,-3.));
#2844 = CARTESIAN_POINT('',(3.644518110106,-3.));
#2845 = CARTESIAN_POINT('',(3.657598682888,-3.));
#2846 = CARTESIAN_POINT('',(3.670679255788,-3.));
#2847 = CARTESIAN_POINT('',(3.68375982857,-3.));
#2848 = CARTESIAN_POINT('',(3.696840400997,-3.));
#2849 = CARTESIAN_POINT('',(3.722099436402,-3.));
#2850 = CARTESIAN_POINT('',(3.734277900386,-3.));
#2851 = CARTESIAN_POINT('',(3.746456364618,-3.));
#2852 = CARTESIAN_POINT('',(3.758634828933,-3.));
#2853 = CARTESIAN_POINT('',(3.770813293165,-3.));
#2854 = CARTESIAN_POINT('',(3.782991757149,-3.));
#2855 = CARTESIAN_POINT('',(3.807799738428,-3.));
#2856 = CARTESIAN_POINT('',(3.820429256633,-3.));
#2857 = CARTESIAN_POINT('',(3.833058775136,-3.));
#2858 = CARTESIAN_POINT('',(3.845688293739,-3.));
#2859 = CARTESIAN_POINT('',(3.858317812242,-3.));
#2860 = CARTESIAN_POINT('',(3.870947330447,-3.));
#2861 = CARTESIAN_POINT('',(3.896657419992,-3.));
#2862 = CARTESIAN_POINT('',(3.909737992419,-3.));
#2863 = CARTESIAN_POINT('',(3.922818565201,-3.));
#2864 = CARTESIAN_POINT('',(3.935899138101,-3.));
#2865 = CARTESIAN_POINT('',(3.948979710883,-3.));
#2866 = CARTESIAN_POINT('',(3.96206028331,-3.));
#2867 = CARTESIAN_POINT('',(3.987770372854,-3.));
#2868 = CARTESIAN_POINT('',(4.00039989106,-3.));
#2869 = CARTESIAN_POINT('',(4.013029409563,-3.));
#2870 = CARTESIAN_POINT('',(4.025658928165,-3.));
#2871 = CARTESIAN_POINT('',(4.038288446669,-3.));
#2872 = CARTESIAN_POINT('',(4.050917964874,-3.));
#2873 = CARTESIAN_POINT('',(4.076628054419,-3.));
#2874 = CARTESIAN_POINT('',(4.089708626846,-3.));
#2875 = CARTESIAN_POINT('',(4.102789199627,-3.));
#2876 = CARTESIAN_POINT('',(4.115869772528,-3.));
#2877 = CARTESIAN_POINT('',(4.128950345309,-3.));
#2878 = CARTESIAN_POINT('',(4.142030917737,-3.));
#2879 = CARTESIAN_POINT('',(4.167289953142,-3.));
#2880 = CARTESIAN_POINT('',(4.179468417126,-3.));
#2881 = CARTESIAN_POINT('',(4.191646881358,-3.));
#2882 = CARTESIAN_POINT('',(4.203825345673,-3.));
#2883 = CARTESIAN_POINT('',(4.216003809905,-3.));
#2884 = CARTESIAN_POINT('',(4.228182273888,-3.));
#2885 = CARTESIAN_POINT('',(4.253441309294,-3.));
#2886 = CARTESIAN_POINT('',(4.266521881721,-3.));
#2887 = CARTESIAN_POINT('',(4.279602454503,-3.));
#2888 = CARTESIAN_POINT('',(4.292683027403,-3.));
#2889 = CARTESIAN_POINT('',(4.305763600185,-3.));
#2890 = CARTESIAN_POINT('',(4.318844172612,-3.));
#2891 = CARTESIAN_POINT('',(4.345005316283,-3.));
#2892 = CARTESIAN_POINT('',(4.35808588871,-3.));
#2893 = CARTESIAN_POINT('',(4.371166461492,-3.));
#2894 = CARTESIAN_POINT('',(4.384247034392,-3.));
#2895 = CARTESIAN_POINT('',(4.397327607174,-3.));
#2896 = CARTESIAN_POINT('',(4.410408179601,-3.));
#2897 = CARTESIAN_POINT('',(4.436569323272,-3.));
#2898 = CARTESIAN_POINT('',(4.449649895699,-3.));
#2899 = CARTESIAN_POINT('',(4.462730468481,-3.));
#2900 = CARTESIAN_POINT('',(4.475811041381,-3.));
#2901 = CARTESIAN_POINT('',(4.488891614163,-3.));
#2902 = CARTESIAN_POINT('',(4.50197218659,-3.));
#2903 = CARTESIAN_POINT('',(4.528133330261,-3.));
#2904 = CARTESIAN_POINT('',(4.541213902688,-3.));
#2905 = CARTESIAN_POINT('',(4.55429447547,-3.));
#2906 = CARTESIAN_POINT('',(4.56737504837,-3.));
#2907 = CARTESIAN_POINT('',(4.580455621152,-3.));
#2908 = CARTESIAN_POINT('',(4.593536193579,-3.));
#2909 = CARTESIAN_POINT('',(4.61969733725,-3.));
#2910 = CARTESIAN_POINT('',(4.632777909677,-3.));
#2911 = CARTESIAN_POINT('',(4.645858482459,-3.));
#2912 = CARTESIAN_POINT('',(4.658939055359,-3.));
#2913 = CARTESIAN_POINT('',(4.672019628141,-3.));
#2914 = CARTESIAN_POINT('',(4.685100200568,-3.));
#2915 = CARTESIAN_POINT('',(4.710810290113,-3.));
#2916 = CARTESIAN_POINT('',(4.723439808318,-3.));
#2917 = CARTESIAN_POINT('',(4.736069326821,-3.));
#2918 = CARTESIAN_POINT('',(4.748698845424,-3.));
#2919 = CARTESIAN_POINT('',(4.761328363927,-3.));
#2920 = CARTESIAN_POINT('',(4.773957882132,-3.));
#2921 = CARTESIAN_POINT('',(4.799667971677,-3.));
#2922 = CARTESIAN_POINT('',(4.812748544104,-3.));
#2923 = CARTESIAN_POINT('',(4.825829116886,-3.));
#2924 = CARTESIAN_POINT('',(4.838909689786,-3.));
#2925 = CARTESIAN_POINT('',(4.851990262568,-3.));
#2926 = CARTESIAN_POINT('',(4.865070834995,-3.));
#2927 = CARTESIAN_POINT('',(4.891231978666,-3.));
#2928 = CARTESIAN_POINT('',(4.904312551093,-3.));
#2929 = CARTESIAN_POINT('',(4.917393123875,-3.));
#2930 = CARTESIAN_POINT('',(4.930473696775,-3.));
#2931 = CARTESIAN_POINT('',(4.943554269557,-3.));
#2932 = CARTESIAN_POINT('',(4.956634841984,-3.));
#2933 = CARTESIAN_POINT('',(4.982795985655,-3.));
#2934 = CARTESIAN_POINT('',(4.995876558082,-3.));
#2935 = CARTESIAN_POINT('',(5.008957130864,-3.));
#2936 = CARTESIAN_POINT('',(5.022037703764,-3.));
#2937 = CARTESIAN_POINT('',(5.035118276546,-3.));
#2938 = CARTESIAN_POINT('',(5.048198848973,-3.));
#2939 = CARTESIAN_POINT('',(5.074359992644,-3.));
#2940 = CARTESIAN_POINT('',(5.087440565071,-3.));
#2941 = CARTESIAN_POINT('',(5.100521137853,-3.));
#2942 = CARTESIAN_POINT('',(5.113601710753,-3.));
#2943 = CARTESIAN_POINT('',(5.126682283535,-3.));
#2944 = CARTESIAN_POINT('',(5.139762855962,-3.));
#2945 = CARTESIAN_POINT('',(5.165923999633,-3.));
#2946 = CARTESIAN_POINT('',(5.17900457206,-3.));
#2947 = CARTESIAN_POINT('',(5.192085144842,-3.));
#2948 = CARTESIAN_POINT('',(5.205165717742,-3.));
#2949 = CARTESIAN_POINT('',(5.218246290524,-3.));
#2950 = CARTESIAN_POINT('',(5.231326862951,-3.));
#2951 = CARTESIAN_POINT('',(5.257488006622,-3.));
#2952 = CARTESIAN_POINT('',(5.270568579049,-3.));
#2953 = CARTESIAN_POINT('',(5.283649151831,-3.));
#2954 = CARTESIAN_POINT('',(5.296729724731,-3.));
#2955 = CARTESIAN_POINT('',(5.309810297513,-3.));
#2956 = CARTESIAN_POINT('',(5.32289086994,-3.));
#2957 = CARTESIAN_POINT('',(5.349052013611,-3.));
#2958 = CARTESIAN_POINT('',(5.362132586038,-3.));
#2959 = CARTESIAN_POINT('',(5.37521315882,-3.));
#2960 = CARTESIAN_POINT('',(5.38829373172,-3.));
#2961 = CARTESIAN_POINT('',(5.401374304502,-3.));
#2962 = CARTESIAN_POINT('',(5.414454876929,-3.));
#2963 = CARTESIAN_POINT('',(5.4406160206,-3.));
#2964 = CARTESIAN_POINT('',(5.453696593027,-3.));
#2965 = CARTESIAN_POINT('',(5.466777165809,-3.));
#2966 = CARTESIAN_POINT('',(5.479857738709,-3.));
#2967 = CARTESIAN_POINT('',(5.492938311491,-3.));
#2968 = CARTESIAN_POINT('',(5.506018883918,-3.));
#2969 = CARTESIAN_POINT('',(5.531277919324,-3.));
#2970 = CARTESIAN_POINT('',(5.543456383308,-3.));
#2971 = CARTESIAN_POINT('',(5.55563484754,-3.));
#2972 = CARTESIAN_POINT('',(5.567813311854,-3.));
#2973 = CARTESIAN_POINT('',(5.579991776086,-3.));
#2974 = CARTESIAN_POINT('',(5.59217024007,-3.));
#2975 = CARTESIAN_POINT('',(5.701312954793,-3.));
#2976 = CARTESIAN_POINT('',(5.798315425807,-3.));
#2977 = CARTESIAN_POINT('',(5.895286518648,-3.));
#2978 = CARTESIAN_POINT('',(5.992247492172,-3.));
#2979 = CARTESIAN_POINT('',(6.089218585013,-3.));
#2980 = CARTESIAN_POINT('',(6.186221056027,-3.));
#2981 = CARTESIAN_POINT('',(6.28318530718,-3.));
#2982 = ( GEOMETRIC_REPRESENTATION_CONTEXT(2) 
PARAMETRIC_REPRESENTATION_CONTEXT() REPRESENTATION_CONTEXT('2D SPACE',''
  ) );
#2983 = ORIENTED_EDGE('',*,*,#1791,.T.);
#2984 = ORIENTED_EDGE('',*,*,#1040,.T.);
#2985 = ADVANCED_FACE('',(#2986),#1088,.F.);
#2986 = FACE_BOUND('',#2987,.F.);
#2987 = EDGE_LOOP('',(#2988,#3011,#3033,#3034));
#2988 = ORIENTED_EDGE('',*,*,#2989,.F.);
#2989 = EDGE_CURVE('',#2990,#1072,#2992,.T.);
#2990 = VERTEX_POINT('',#2991);
#2991 = CARTESIAN_POINT('',(33.333333333333,21.6,-45.));
#2992 = SEAM_CURVE('',#2993,(#2997,#3004),.PCURVE_S1.);
#2993 = LINE('',#2994,#2995);
#2994 = CARTESIAN_POINT('',(33.333333333333,23.39218452154,-45.));
#2995 = VECTOR('',#2996,1.);
#2996 = DIRECTION('',(-0.,-1.,-0.));
#2997 = PCURVE('',#1088,#2998);
#2998 = DEFINITIONAL_REPRESENTATION('',(#2999),#3003);
#2999 = LINE('',#3000,#3001);
#3000 = CARTESIAN_POINT('',(6.28318530718,0.));
#3001 = VECTOR('',#3002,1.);
#3002 = DIRECTION('',(0.,-1.));
#3003 = ( GEOMETRIC_REPRESENTATION_CONTEXT(2) 
PARAMETRIC_REPRESENTATION_CONTEXT() REPRESENTATION_CONTEXT('2D SPACE',''
  ) );
#3004 = PCURVE('',#1088,#3005);
#3005 = DEFINITIONAL_REPRESENTATION('',(#3006),#3010);
#3006 = LINE('',#3007,#3008);
#3007 = CARTESIAN_POINT('',(0.,0.));
#3008 = VECTOR('',#3009,1.);
#3009 = DIRECTION('',(0.,-1.));
#3010 = ( GEOMETRIC_REPRESENTATION_CONTEXT(2) 
PARAMETRIC_REPRESENTATION_CONTEXT() REPRESENTATION_CONTEXT('2D SPACE',''
  ) );
#3011 = ORIENTED_EDGE('',*,*,#3012,.F.);
#3012 = EDGE_CURVE('',#2990,#2990,#3013,.T.);
#3013 = SURFACE_CURVE('',#3014,(#3019,#3026),.PCURVE_S1.);
#3014 = CIRCLE('',#3015,5.);
#3015 = AXIS2_PLACEMENT_3D('',#3016,#3017,#3018);
#3016 = CARTESIAN_POINT('',(33.333333333333,21.6,-50.));
#3017 = DIRECTION('',(0.,1.,0.));
#3018 = DIRECTION('',(0.,-0.,1.));
#3019 = PCURVE('',#1088,#3020);
#3020 = DEFINITIONAL_REPRESENTATION('',(#3021),#3025);
#3021 = LINE('',#3022,#3023);
#3022 = CARTESIAN_POINT('',(0.,-1.79218452154));
#3023 = VECTOR('',#3024,1.);
#3024 = DIRECTION('',(1.,0.));
#3025 = ( GEOMETRIC_REPRESENTATION_CONTEXT(2) 
PARAMETRIC_REPRESENTATION_CONTEXT() REPRESENTATION_CONTEXT('2D SPACE',''
  ) );
#3026 = PCURVE('',#1606,#3027);
#3027 = DEFINITIONAL_REPRESENTATION('',(#3028),#3032);
#3028 = LINE('',#3029,#3030);
#3029 = CARTESIAN_POINT('',(0.,-3.));
#3030 = VECTOR('',#3031,1.);
#3031 = DIRECTION('',(1.,-0.));
#3032 = ( GEOMETRIC_REPRESENTATION_CONTEXT(2) 
PARAMETRIC_REPRESENTATION_CONTEXT() REPRESENTATION_CONTEXT('2D SPACE',''
  ) );
#3033 = ORIENTED_EDGE('',*,*,#2989,.T.);
#3034 = ORIENTED_EDGE('',*,*,#1071,.T.);
#3035 = ADVANCED_FACE('',(#3036),#1119,.F.);
#3036 = FACE_BOUND('',#3037,.T.);
#3037 = EDGE_LOOP('',(#3038,#3061,#3083,#3084));
#3038 = ORIENTED_EDGE('',*,*,#3039,.T.);
#3039 = EDGE_CURVE('',#1103,#3040,#3042,.T.);
#3040 = VERTEX_POINT('',#3041);
#3041 = CARTESIAN_POINT('',(50.,-20.5,-67.));
#3042 = SEAM_CURVE('',#3043,(#3047,#3054),.PCURVE_S1.);
#3043 = LINE('',#3044,#3045);
#3044 = CARTESIAN_POINT('',(50.,-25.,-67.));
#3045 = VECTOR('',#3046,1.);
#3046 = DIRECTION('',(0.,1.,0.));
#3047 = PCURVE('',#1119,#3048);
#3048 = DEFINITIONAL_REPRESENTATION('',(#3049),#3053);
#3049 = LINE('',#3050,#3051);
#3050 = CARTESIAN_POINT('',(-0.,0.));
#3051 = VECTOR('',#3052,1.);
#3052 = DIRECTION('',(-0.,-1.));
#3053 = ( GEOMETRIC_REPRESENTATION_CONTEXT(2) 
PARAMETRIC_REPRESENTATION_CONTEXT() REPRESENTATION_CONTEXT('2D SPACE',''
  ) );
#3054 = PCURVE('',#1119,#3055);
#3055 = DEFINITIONAL_REPRESENTATION('',(#3056),#3060);
#3056 = LINE('',#3057,#3058);
#3057 = CARTESIAN_POINT('',(-6.28318530718,0.));
#3058 = VECTOR('',#3059,1.);
#3059 = DIRECTION('',(-0.,-1.));
#3060 = ( GEOMETRIC_REPRESENTATION_CONTEXT(2) 
PARAMETRIC_REPRESENTATION_CONTEXT() REPRESENTATION_CONTEXT('2D SPACE',''
  ) );
#3061 = ORIENTED_EDGE('',*,*,#3062,.T.);
#3062 = EDGE_CURVE('',#3040,#3040,#3063,.T.);
#3063 = SURFACE_CURVE('',#3064,(#3069,#3076),.PCURVE_S1.);
#3064 = CIRCLE('',#3065,8.);
#3065 = AXIS2_PLACEMENT_3D('',#3066,#3067,#3068);
#3066 = CARTESIAN_POINT('',(50.,-20.5,-75.));
#3067 = DIRECTION('',(0.,1.,0.));
#3068 = DIRECTION('',(0.,0.,1.));
#3069 = PCURVE('',#1119,#3070);
#3070 = DEFINITIONAL_REPRESENTATION('',(#3071),#3075);
#3071 = LINE('',#3072,#3073);
#3072 = CARTESIAN_POINT('',(-0.,-4.5));
#3073 = VECTOR('',#3074,1.);
#3074 = DIRECTION('',(-1.,0.));
#3075 = ( GEOMETRIC_REPRESENTATION_CONTEXT(2) 
PARAMETRIC_REPRESENTATION_CONTEXT() REPRESENTATION_CONTEXT('2D SPACE',''
  ) );
#3076 = PCURVE('',#1661,#3077);
#3077 = DEFINITIONAL_REPRESENTATION('',(#3078),#3082);
#3078 = CIRCLE('',#3079,8.);
#3079 = AXIS2_PLACEMENT_2D('',#3080,#3081);
#3080 = CARTESIAN_POINT('',(-1.42108547152E-14,0.));
#3081 = DIRECTION('',(1.,0.));
#3082 = ( GEOMETRIC_REPRESENTATION_CONTEXT(2) 
PARAMETRIC_REPRESENTATION_CONTEXT() REPRESENTATION_CONTEXT('2D SPACE',''
  ) );
#3083 = ORIENTED_EDGE('',*,*,#3039,.F.);
#3084 = ORIENTED_EDGE('',*,*,#1102,.F.);
#3085 = ADVANCED_FACE('',(#3086),#1150,.F.);
#3086 = FACE_BOUND('',#3087,.T.);
#3087 = EDGE_LOOP('',(#3088,#3111,#3133,#3134));
#3088 = ORIENTED_EDGE('',*,*,#3089,.T.);
#3089 = EDGE_CURVE('',#1134,#3090,#3092,.T.);
#3090 = VERTEX_POINT('',#3091);
#3091 = CARTESIAN_POINT('',(0.,-20.5,8.));
#3092 = SEAM_CURVE('',#3093,(#3097,#3104),.PCURVE_S1.);
#3093 = LINE('',#3094,#3095);
#3094 = CARTESIAN_POINT('',(0.,-25.,8.));
#3095 = VECTOR('',#3096,1.);
#3096 = DIRECTION('',(0.,1.,0.));
#3097 = PCURVE('',#1150,#3098);
#3098 = DEFINITIONAL_REPRESENTATION('',(#3099),#3103);
#3099 = LINE('',#3100,#3101);
#3100 = CARTESIAN_POINT('',(-0.,0.));
#3101 = VECTOR('',#3102,1.);
#3102 = DIRECTION('',(-0.,-1.));
#3103 = ( GEOMETRIC_REPRESENTATION_CONTEXT(2) 
PARAMETRIC_REPRESENTATION_CONTEXT() REPRESENTATION_CONTEXT('2D SPACE',''
  ) );
#3104 = PCURVE('',#1150,#3105);
#3105 = DEFINITIONAL_REPRESENTATION('',(#3106),#3110);
#3106 = LINE('',#3107,#3108);
#3107 = CARTESIAN_POINT('',(-6.28318530718,0.));
#3108 = VECTOR('',#3109,1.);
#3109 = DIRECTION('',(-0.,-1.));
#3110 = ( GEOMETRIC_REPRESENTATION_CONTEXT(2) 
PARAMETRIC_REPRESENTATION_CONTEXT() REPRESENTATION_CONTEXT('2D SPACE',''
  ) );
#3111 = ORIENTED_EDGE('',*,*,#3112,.T.);
#3112 = EDGE_CURVE('',#3090,#3090,#3113,.T.);
#3113 = SURFACE_CURVE('',#3114,(#3119,#3126),.PCURVE_S1.);
#3114 = CIRCLE('',#3115,8.);
#3115 = AXIS2_PLACEMENT_3D('',#3116,#3117,#3118);
#3116 = CARTESIAN_POINT('',(0.,-20.5,0.));
#3117 = DIRECTION('',(0.,1.,0.));
#3118 = DIRECTION('',(0.,0.,1.));
#3119 = PCURVE('',#1150,#3120);
#3120 = DEFINITIONAL_REPRESENTATION('',(#3121),#3125);
#3121 = LINE('',#3122,#3123);
#3122 = CARTESIAN_POINT('',(-0.,-4.5));
#3123 = VECTOR('',#3124,1.);
#3124 = DIRECTION('',(-1.,0.));
#3125 = ( GEOMETRIC_REPRESENTATION_CONTEXT(2) 
PARAMETRIC_REPRESENTATION_CONTEXT() REPRESENTATION_CONTEXT('2D SPACE',''
  ) );
#3126 = PCURVE('',#1720,#3127);
#3127 = DEFINITIONAL_REPRESENTATION('',(#3128),#3132);
#3128 = CIRCLE('',#3129,8.);
#3129 = AXIS2_PLACEMENT_2D('',#3130,#3131);
#3130 = CARTESIAN_POINT('',(5.127900497023E-16,-6.990076196319E-16));
#3131 = DIRECTION('',(1.,5.364866663081E-64));
#3132 = ( GEOMETRIC_REPRESENTATION_CONTEXT(2) 
PARAMETRIC_REPRESENTATION_CONTEXT() REPRESENTATION_CONTEXT('2D SPACE',''
  ) );
#3133 = ORIENTED_EDGE('',*,*,#3089,.F.);
#3134 = ORIENTED_EDGE('',*,*,#1133,.F.);
#3135 = ADVANCED_FACE('',(#3136),#1204,.T.);
#3136 = FACE_BOUND('',#3137,.T.);
#3137 = EDGE_LOOP('',(#3138,#3139,#3140,#3141));
#3138 = ORIENTED_EDGE('',*,*,#1291,.T.);
#3139 = ORIENTED_EDGE('',*,*,#1340,.T.);
#3140 = ORIENTED_EDGE('',*,*,#1264,.T.);
#3141 = ORIENTED_EDGE('',*,*,#1188,.T.);
#3142 = ADVANCED_FACE('',(#3143,#3146),#1492,.F.);
#3143 = FACE_BOUND('',#3144,.F.);
#3144 = EDGE_LOOP('',(#3145));
#3145 = ORIENTED_EDGE('',*,*,#1764,.T.);
#3146 = FACE_BOUND('',#3147,.F.);
#3147 = EDGE_LOOP('',(#3148));
#3148 = ORIENTED_EDGE('',*,*,#1477,.T.);
#3149 = ADVANCED_FACE('',(#3150),#1551,.F.);
#3150 = FACE_BOUND('',#3151,.T.);
#3151 = EDGE_LOOP('',(#3152,#3153,#3172,#3173));
#3152 = ORIENTED_EDGE('',*,*,#1536,.T.);
#3153 = ORIENTED_EDGE('',*,*,#3154,.T.);
#3154 = EDGE_CURVE('',#1514,#1792,#3155,.T.);
#3155 = SEAM_CURVE('',#3156,(#3160,#3166),.PCURVE_S1.);
#3156 = LINE('',#3157,#3158);
#3157 = CARTESIAN_POINT('',(-33.33333333333,24.6,58.));
#3158 = VECTOR('',#3159,1.);
#3159 = DIRECTION('',(-6.507770447439E-31,-0.707106781187,
    -0.707106781187));
#3160 = PCURVE('',#1551,#3161);
#3161 = DEFINITIONAL_REPRESENTATION('',(#3162),#3165);
#3162 = B_SPLINE_CURVE_WITH_KNOTS('',1,(#3163,#3164),.UNSPECIFIED.,.F.,
  .F.,(2,2),(0.,5.091168824543),.PIECEWISE_BEZIER_KNOTS.);
#3163 = CARTESIAN_POINT('',(0.,0.));
#3164 = CARTESIAN_POINT('',(0.,-3.6));
#3165 = ( GEOMETRIC_REPRESENTATION_CONTEXT(2) 
PARAMETRIC_REPRESENTATION_CONTEXT() REPRESENTATION_CONTEXT('2D SPACE',''
  ) );
#3166 = PCURVE('',#1551,#3167);
#3167 = DEFINITIONAL_REPRESENTATION('',(#3168),#3171);
#3168 = B_SPLINE_CURVE_WITH_KNOTS('',1,(#3169,#3170),.UNSPECIFIED.,.F.,
  .F.,(2,2),(0.,5.091168824543),.PIECEWISE_BEZIER_KNOTS.);
#3169 = CARTESIAN_POINT('',(6.28318530718,0.));
#3170 = CARTESIAN_POINT('',(6.28318530718,-3.6));
#3171 = ( GEOMETRIC_REPRESENTATION_CONTEXT(2) 
PARAMETRIC_REPRESENTATION_CONTEXT() REPRESENTATION_CONTEXT('2D SPACE',''
  ) );
#3172 = ORIENTED_EDGE('',*,*,#1814,.F.);
#3173 = ORIENTED_EDGE('',*,*,#3154,.F.);
#3174 = ADVANCED_FACE('',(#3175),#1606,.F.);
#3175 = FACE_BOUND('',#3176,.T.);
#3176 = EDGE_LOOP('',(#3177,#3178,#3197,#3198));
#3177 = ORIENTED_EDGE('',*,*,#1591,.T.);
#3178 = ORIENTED_EDGE('',*,*,#3179,.T.);
#3179 = EDGE_CURVE('',#1569,#2990,#3180,.T.);
#3180 = SEAM_CURVE('',#3181,(#3185,#3191),.PCURVE_S1.);
#3181 = LINE('',#3182,#3183);
#3182 = CARTESIAN_POINT('',(33.333333333333,24.6,-42.));
#3183 = VECTOR('',#3184,1.);
#3184 = DIRECTION('',(-0.,-0.707106781187,-0.707106781187));
#3185 = PCURVE('',#1606,#3186);
#3186 = DEFINITIONAL_REPRESENTATION('',(#3187),#3190);
#3187 = B_SPLINE_CURVE_WITH_KNOTS('',1,(#3188,#3189),.UNSPECIFIED.,.F.,
  .F.,(2,2),(0.,5.091168824543),.PIECEWISE_BEZIER_KNOTS.);
#3188 = CARTESIAN_POINT('',(0.,0.));
#3189 = CARTESIAN_POINT('',(0.,-3.6));
#3190 = ( GEOMETRIC_REPRESENTATION_CONTEXT(2) 
PARAMETRIC_REPRESENTATION_CONTEXT() REPRESENTATION_CONTEXT('2D SPACE',''
  ) );
#3191 = PCURVE('',#1606,#3192);
#3192 = DEFINITIONAL_REPRESENTATION('',(#3193),#3196);
#3193 = B_SPLINE_CURVE_WITH_KNOTS('',1,(#3194,#3195),.UNSPECIFIED.,.F.,
  .F.,(2,2),(0.,5.091168824543),.PIECEWISE_BEZIER_KNOTS.);
#3194 = CARTESIAN_POINT('',(6.28318530718,0.));
#3195 = CARTESIAN_POINT('',(6.28318530718,-3.6));
#3196 = ( GEOMETRIC_REPRESENTATION_CONTEXT(2) 
PARAMETRIC_REPRESENTATION_CONTEXT() REPRESENTATION_CONTEXT('2D SPACE',''
  ) );
#3197 = ORIENTED_EDGE('',*,*,#3012,.F.);
#3198 = ORIENTED_EDGE('',*,*,#3179,.F.);
#3199 = ADVANCED_FACE('',(#3200,#3203),#1661,.F.);
#3200 = FACE_BOUND('',#3201,.F.);
#3201 = EDGE_LOOP('',(#3202));
#3202 = ORIENTED_EDGE('',*,*,#3062,.T.);
#3203 = FACE_BOUND('',#3204,.F.);
#3204 = EDGE_LOOP('',(#3205));
#3205 = ORIENTED_EDGE('',*,*,#1646,.T.);
#3206 = ADVANCED_FACE('',(#3207,#3210),#1720,.F.);
#3207 = FACE_BOUND('',#3208,.F.);
#3208 = EDGE_LOOP('',(#3209));
#3209 = ORIENTED_EDGE('',*,*,#3112,.T.);
#3210 = FACE_BOUND('',#3211,.F.);
#3211 = EDGE_LOOP('',(#3212));
#3212 = ORIENTED_EDGE('',*,*,#1705,.T.);
#3213 = MANIFOLD_SOLID_BREP('PartBody',#3214);
#3214 = CLOSED_SHELL('',(#3215,#3303,#3307));
#3215 = ADVANCED_FACE('',(#3216),#3229,.T.);
#3216 = FACE_BOUND('',#3217,.T.);
#3217 = EDGE_LOOP('',(#3218,#3252,#3275,#3302));
#3218 = ORIENTED_EDGE('',*,*,#3219,.T.);
#3219 = EDGE_CURVE('',#3220,#3220,#3222,.T.);
#3220 = VERTEX_POINT('',#3221);
#3221 = CARTESIAN_POINT('',(100.,-19.,0.));
#3222 = SURFACE_CURVE('',#3223,(#3228,#3240),.PCURVE_S1.);
#3223 = CIRCLE('',#3224,19.);
#3224 = AXIS2_PLACEMENT_3D('',#3225,#3226,#3227);
#3225 = CARTESIAN_POINT('',(100.,0.,0.));
#3226 = DIRECTION('',(1.,0.,0.));
#3227 = DIRECTION('',(0.,-1.,0.));
#3228 = PCURVE('',#3229,#3234);
#3229 = CONICAL_SURFACE('',#3230,19.,0.174532925199);
#3230 = AXIS2_PLACEMENT_3D('',#3231,#3232,#3233);
#3231 = CARTESIAN_POINT('',(100.,0.,0.));
#3232 = DIRECTION('',(-1.,-0.,-0.));
#3233 = DIRECTION('',(0.,-1.,0.));
#3234 = DEFINITIONAL_REPRESENTATION('',(#3235),#3239);
#3235 = LINE('',#3236,#3237);
#3236 = CARTESIAN_POINT('',(-0.,-0.));
#3237 = VECTOR('',#3238,1.);
#3238 = DIRECTION('',(-1.,-0.));
#3239 = ( GEOMETRIC_REPRESENTATION_CONTEXT(2) 
PARAMETRIC_REPRESENTATION_CONTEXT() REPRESENTATION_CONTEXT('2D SPACE',''
  ) );
#3240 = PCURVE('',#3241,#3246);
#3241 = PLANE('',#3242);
#3242 = AXIS2_PLACEMENT_3D('',#3243,#3244,#3245);
#3243 = CARTESIAN_POINT('',(100.,0.,0.));
#3244 = DIRECTION('',(1.,0.,0.));
#3245 = DIRECTION('',(0.,-1.,0.));
#3246 = DEFINITIONAL_REPRESENTATION('',(#3247),#3251);
#3247 = CIRCLE('',#3248,19.);
#3248 = AXIS2_PLACEMENT_2D('',#3249,#3250);
#3249 = CARTESIAN_POINT('',(0.,0.));
#3250 = DIRECTION('',(1.,-0.));
#3251 = ( GEOMETRIC_REPRESENTATION_CONTEXT(2) 
PARAMETRIC_REPRESENTATION_CONTEXT() REPRESENTATION_CONTEXT('2D SPACE',''
  ) );
#3252 = ORIENTED_EDGE('',*,*,#3253,.T.);
#3253 = EDGE_CURVE('',#3220,#3254,#3256,.T.);
#3254 = VERTEX_POINT('',#3255);
#3255 = CARTESIAN_POINT('',(120.,-15.47346038583,0.));
#3256 = SEAM_CURVE('',#3257,(#3261,#3268),.PCURVE_S1.);
#3257 = LINE('',#3258,#3259);
#3258 = CARTESIAN_POINT('',(100.,-19.,0.));
#3259 = VECTOR('',#3260,1.);
#3260 = DIRECTION('',(0.984807753012,0.173648177667,0.));
#3261 = PCURVE('',#3229,#3262);
#3262 = DEFINITIONAL_REPRESENTATION('',(#3263),#3267);
#3263 = LINE('',#3264,#3265);
#3264 = CARTESIAN_POINT('',(-0.,-0.));
#3265 = VECTOR('',#3266,1.);
#3266 = DIRECTION('',(-0.,-1.));
#3267 = ( GEOMETRIC_REPRESENTATION_CONTEXT(2) 
PARAMETRIC_REPRESENTATION_CONTEXT() REPRESENTATION_CONTEXT('2D SPACE',''
  ) );
#3268 = PCURVE('',#3229,#3269);
#3269 = DEFINITIONAL_REPRESENTATION('',(#3270),#3274);
#3270 = LINE('',#3271,#3272);
#3271 = CARTESIAN_POINT('',(-6.28318530718,-0.));
#3272 = VECTOR('',#3273,1.);
#3273 = DIRECTION('',(-0.,-1.));
#3274 = ( GEOMETRIC_REPRESENTATION_CONTEXT(2) 
PARAMETRIC_REPRESENTATION_CONTEXT() REPRESENTATION_CONTEXT('2D SPACE',''
  ) );
#3275 = ORIENTED_EDGE('',*,*,#3276,.F.);
#3276 = EDGE_CURVE('',#3254,#3254,#3277,.T.);
#3277 = SURFACE_CURVE('',#3278,(#3283,#3290),.PCURVE_S1.);
#3278 = CIRCLE('',#3279,15.473460385831);
#3279 = AXIS2_PLACEMENT_3D('',#3280,#3281,#3282);
#3280 = CARTESIAN_POINT('',(120.,0.,0.));
#3281 = DIRECTION('',(1.,0.,0.));
#3282 = DIRECTION('',(0.,-1.,0.));
#3283 = PCURVE('',#3229,#3284);
#3284 = DEFINITIONAL_REPRESENTATION('',(#3285),#3289);
#3285 = LINE('',#3286,#3287);
#3286 = CARTESIAN_POINT('',(-0.,-20.));
#3287 = VECTOR('',#3288,1.);
#3288 = DIRECTION('',(-1.,-0.));
#3289 = ( GEOMETRIC_REPRESENTATION_CONTEXT(2) 
PARAMETRIC_REPRESENTATION_CONTEXT() REPRESENTATION_CONTEXT('2D SPACE',''
  ) );
#3290 = PCURVE('',#3291,#3296);
#3291 = PLANE('',#3292);
#3292 = AXIS2_PLACEMENT_3D('',#3293,#3294,#3295);
#3293 = CARTESIAN_POINT('',(120.,0.,0.));
#3294 = DIRECTION('',(1.,0.,0.));
#3295 = DIRECTION('',(0.,-1.,0.));
#3296 = DEFINITIONAL_REPRESENTATION('',(#3297),#3301);
#3297 = CIRCLE('',#3298,15.473460385831);
#3298 = AXIS2_PLACEMENT_2D('',#3299,#3300);
#3299 = CARTESIAN_POINT('',(0.,0.));
#3300 = DIRECTION('',(1.,0.));
#3301 = ( GEOMETRIC_REPRESENTATION_CONTEXT(2) 
PARAMETRIC_REPRESENTATION_CONTEXT() REPRESENTATION_CONTEXT('2D SPACE',''
  ) );
#3302 = ORIENTED_EDGE('',*,*,#3253,.F.);
#3303 = ADVANCED_FACE('',(#3304),#3291,.T.);
#3304 = FACE_BOUND('',#3305,.T.);
#3305 = EDGE_LOOP('',(#3306));
#3306 = ORIENTED_EDGE('',*,*,#3276,.T.);
#3307 = ADVANCED_FACE('',(#3308),#3241,.F.);
#3308 = FACE_BOUND('',#3309,.T.);
#3309 = EDGE_LOOP('',(#3310));
#3310 = ORIENTED_EDGE('',*,*,#3219,.F.);
#3311 = MANIFOLD_SOLID_BREP('PartBody',#3312);
#3312 = CLOSED_SHELL('',(#3313,#3433,#3509,#3585,#3661,#3732,#3779,#3788
    ));
#3313 = ADVANCED_FACE('',(#3314),#3328,.T.);
#3314 = FACE_BOUND('',#3315,.T.);
#3315 = EDGE_LOOP('',(#3316,#3351,#3379,#3407));
#3316 = ORIENTED_EDGE('',*,*,#3317,.T.);
#3317 = EDGE_CURVE('',#3318,#3320,#3322,.T.);
#3318 = VERTEX_POINT('',#3319);
#3319 = CARTESIAN_POINT('',(-100.,20.5,-0.));
#3320 = VERTEX_POINT('',#3321);
#3321 = CARTESIAN_POINT('',(-100.,20.5,-18.));
#3322 = SURFACE_CURVE('',#3323,(#3327,#3339),.PCURVE_S1.);
#3323 = LINE('',#3324,#3325);
#3324 = CARTESIAN_POINT('',(-100.,20.5,-0.));
#3325 = VECTOR('',#3326,1.);
#3326 = DIRECTION('',(0.,0.,-1.));
#3327 = PCURVE('',#3328,#3333);
#3328 = PLANE('',#3329);
#3329 = AXIS2_PLACEMENT_3D('',#3330,#3331,#3332);
#3330 = CARTESIAN_POINT('',(-100.,20.5,0.));
#3331 = DIRECTION('',(0.,1.,0.));
#3332 = DIRECTION('',(-1.,0.,0.));
#3333 = DEFINITIONAL_REPRESENTATION('',(#3334),#3338);
#3334 = LINE('',#3335,#3336);
#3335 = CARTESIAN_POINT('',(0.,0.));
#3336 = VECTOR('',#3337,1.);
#3337 = DIRECTION('',(0.,-1.));
#3338 = ( GEOMETRIC_REPRESENTATION_CONTEXT(2) 
PARAMETRIC_REPRESENTATION_CONTEXT() REPRESENTATION_CONTEXT('2D SPACE',''
  ) );
#3339 = PCURVE('',#3340,#3345);
#3340 = PLANE('',#3341);
#3341 = AXIS2_PLACEMENT_3D('',#3342,#3343,#3344);
#3342 = CARTESIAN_POINT('',(-100.,-20.5,0.));
#3343 = DIRECTION('',(1.,0.,0.));
#3344 = DIRECTION('',(0.,1.,-0.));
#3345 = DEFINITIONAL_REPRESENTATION('',(#3346),#3350);
#3346 = LINE('',#3347,#3348);
#3347 = CARTESIAN_POINT('',(41.,0.));
#3348 = VECTOR('',#3349,1.);
#3349 = DIRECTION('',(0.,-1.));
#3350 = ( GEOMETRIC_REPRESENTATION_CONTEXT(2) 
PARAMETRIC_REPRESENTATION_CONTEXT() REPRESENTATION_CONTEXT('2D SPACE',''
  ) );
#3351 = ORIENTED_EDGE('',*,*,#3352,.T.);
#3352 = EDGE_CURVE('',#3320,#3353,#3355,.T.);
#3353 = VERTEX_POINT('',#3354);
#3354 = CARTESIAN_POINT('',(-159.,20.5,-18.));
#3355 = SURFACE_CURVE('',#3356,(#3360,#3367),.PCURVE_S1.);
#3356 = LINE('',#3357,#3358);
#3357 = CARTESIAN_POINT('',(-100.,20.5,-18.));
#3358 = VECTOR('',#3359,1.);
#3359 = DIRECTION('',(-1.,0.,0.));
#3360 = PCURVE('',#3328,#3361);
#3361 = DEFINITIONAL_REPRESENTATION('',(#3362),#3366);
#3362 = LINE('',#3363,#3364);
#3363 = CARTESIAN_POINT('',(0.,-18.));
#3364 = VECTOR('',#3365,1.);
#3365 = DIRECTION('',(1.,0.));
#3366 = ( GEOMETRIC_REPRESENTATION_CONTEXT(2) 
PARAMETRIC_REPRESENTATION_CONTEXT() REPRESENTATION_CONTEXT('2D SPACE',''
  ) );
#3367 = PCURVE('',#3368,#3373);
#3368 = PLANE('',#3369);
#3369 = AXIS2_PLACEMENT_3D('',#3370,#3371,#3372);
#3370 = CARTESIAN_POINT('',(-119.78,9.72,-18.));
#3371 = DIRECTION('',(0.,0.,1.));
#3372 = DIRECTION('',(1.,0.,-0.));
#3373 = DEFINITIONAL_REPRESENTATION('',(#3374),#3378);
#3374 = LINE('',#3375,#3376);
#3375 = CARTESIAN_POINT('',(19.78,10.78));
#3376 = VECTOR('',#3377,1.);
#3377 = DIRECTION('',(-1.,0.));
#3378 = ( GEOMETRIC_REPRESENTATION_CONTEXT(2) 
PARAMETRIC_REPRESENTATION_CONTEXT() REPRESENTATION_CONTEXT('2D SPACE',''
  ) );
#3379 = ORIENTED_EDGE('',*,*,#3380,.F.);
#3380 = EDGE_CURVE('',#3381,#3353,#3383,.T.);
#3381 = VERTEX_POINT('',#3382);
#3382 = CARTESIAN_POINT('',(-159.,20.5,-0.));
#3383 = SURFACE_CURVE('',#3384,(#3388,#3395),.PCURVE_S1.);
#3384 = LINE('',#3385,#3386);
#3385 = CARTESIAN_POINT('',(-159.,20.5,-0.));
#3386 = VECTOR('',#3387,1.);
#3387 = DIRECTION('',(0.,0.,-1.));
#3388 = PCURVE('',#3328,#3389);
#3389 = DEFINITIONAL_REPRESENTATION('',(#3390),#3394);
#3390 = LINE('',#3391,#3392);
#3391 = CARTESIAN_POINT('',(59.,0.));
#3392 = VECTOR('',#3393,1.);
#3393 = DIRECTION('',(0.,-1.));
#3394 = ( GEOMETRIC_REPRESENTATION_CONTEXT(2) 
PARAMETRIC_REPRESENTATION_CONTEXT() REPRESENTATION_CONTEXT('2D SPACE',''
  ) );
#3395 = PCURVE('',#3396,#3401);
#3396 = PLANE('',#3397);
#3397 = AXIS2_PLACEMENT_3D('',#3398,#3399,#3400);
#3398 = CARTESIAN_POINT('',(-159.,20.5,0.));
#3399 = DIRECTION('',(-1.,-0.,-0.));
#3400 = DIRECTION('',(0.,-1.,0.));
#3401 = DEFINITIONAL_REPRESENTATION('',(#3402),#3406);
#3402 = LINE('',#3403,#3404);
#3403 = CARTESIAN_POINT('',(0.,0.));
#3404 = VECTOR('',#3405,1.);
#3405 = DIRECTION('',(0.,-1.));
#3406 = ( GEOMETRIC_REPRESENTATION_CONTEXT(2) 
PARAMETRIC_REPRESENTATION_CONTEXT() REPRESENTATION_CONTEXT('2D SPACE',''
  ) );
#3407 = ORIENTED_EDGE('',*,*,#3408,.F.);
#3408 = EDGE_CURVE('',#3318,#3381,#3409,.T.);
#3409 = SURFACE_CURVE('',#3410,(#3414,#3421),.PCURVE_S1.);
#3410 = LINE('',#3411,#3412);
#3411 = CARTESIAN_POINT('',(-100.,20.5,-0.));
#3412 = VECTOR('',#3413,1.);
#3413 = DIRECTION('',(-1.,0.,0.));
#3414 = PCURVE('',#3328,#3415);
#3415 = DEFINITIONAL_REPRESENTATION('',(#3416),#3420);
#3416 = LINE('',#3417,#3418);
#3417 = CARTESIAN_POINT('',(0.,0.));
#3418 = VECTOR('',#3419,1.);
#3419 = DIRECTION('',(1.,0.));
#3420 = ( GEOMETRIC_REPRESENTATION_CONTEXT(2) 
PARAMETRIC_REPRESENTATION_CONTEXT() REPRESENTATION_CONTEXT('2D SPACE',''
  ) );
#3421 = PCURVE('',#3422,#3427);
#3422 = PLANE('',#3423);
#3423 = AXIS2_PLACEMENT_3D('',#3424,#3425,#3426);
#3424 = CARTESIAN_POINT('',(-119.78,9.72,0.));
#3425 = DIRECTION('',(0.,0.,1.));
#3426 = DIRECTION('',(1.,0.,-0.));
#3427 = DEFINITIONAL_REPRESENTATION('',(#3428),#3432);
#3428 = LINE('',#3429,#3430);
#3429 = CARTESIAN_POINT('',(19.78,10.78));
#3430 = VECTOR('',#3431,1.);
#3431 = DIRECTION('',(-1.,0.));
#3432 = ( GEOMETRIC_REPRESENTATION_CONTEXT(2) 
PARAMETRIC_REPRESENTATION_CONTEXT() REPRESENTATION_CONTEXT('2D SPACE',''
  ) );
#3433 = ADVANCED_FACE('',(#3434),#3396,.T.);
#3434 = FACE_BOUND('',#3435,.T.);
#3435 = EDGE_LOOP('',(#3436,#3437,#3460,#3488));
#3436 = ORIENTED_EDGE('',*,*,#3380,.T.);
#3437 = ORIENTED_EDGE('',*,*,#3438,.T.);
#3438 = EDGE_CURVE('',#3353,#3439,#3441,.T.);
#3439 = VERTEX_POINT('',#3440);
#3440 = CARTESIAN_POINT('',(-159.,15.5,-18.));
#3441 = SURFACE_CURVE('',#3442,(#3446,#3453),.PCURVE_S1.);
#3442 = LINE('',#3443,#3444);
#3443 = CARTESIAN_POINT('',(-159.,20.5,-18.));
#3444 = VECTOR('',#3445,1.);
#3445 = DIRECTION('',(0.,-1.,0.));
#3446 = PCURVE('',#3396,#3447);
#3447 = DEFINITIONAL_REPRESENTATION('',(#3448),#3452);
#3448 = LINE('',#3449,#3450);
#3449 = CARTESIAN_POINT('',(0.,-18.));
#3450 = VECTOR('',#3451,1.);
#3451 = DIRECTION('',(1.,0.));
#3452 = ( GEOMETRIC_REPRESENTATION_CONTEXT(2) 
PARAMETRIC_REPRESENTATION_CONTEXT() REPRESENTATION_CONTEXT('2D SPACE',''
  ) );
#3453 = PCURVE('',#3368,#3454);
#3454 = DEFINITIONAL_REPRESENTATION('',(#3455),#3459);
#3455 = LINE('',#3456,#3457);
#3456 = CARTESIAN_POINT('',(-39.22,10.78));
#3457 = VECTOR('',#3458,1.);
#3458 = DIRECTION('',(0.,-1.));
#3459 = ( GEOMETRIC_REPRESENTATION_CONTEXT(2) 
PARAMETRIC_REPRESENTATION_CONTEXT() REPRESENTATION_CONTEXT('2D SPACE',''
  ) );
#3460 = ORIENTED_EDGE('',*,*,#3461,.F.);
#3461 = EDGE_CURVE('',#3462,#3439,#3464,.T.);
#3462 = VERTEX_POINT('',#3463);
#3463 = CARTESIAN_POINT('',(-159.,15.5,-0.));
#3464 = SURFACE_CURVE('',#3465,(#3469,#3476),.PCURVE_S1.);
#3465 = LINE('',#3466,#3467);
#3466 = CARTESIAN_POINT('',(-159.,15.5,-0.));
#3467 = VECTOR('',#3468,1.);
#3468 = DIRECTION('',(0.,0.,-1.));
#3469 = PCURVE('',#3396,#3470);
#3470 = DEFINITIONAL_REPRESENTATION('',(#3471),#3475);
#3471 = LINE('',#3472,#3473);
#3472 = CARTESIAN_POINT('',(5.,0.));
#3473 = VECTOR('',#3474,1.);
#3474 = DIRECTION('',(0.,-1.));
#3475 = ( GEOMETRIC_REPRESENTATION_CONTEXT(2) 
PARAMETRIC_REPRESENTATION_CONTEXT() REPRESENTATION_CONTEXT('2D SPACE',''
  ) );
#3476 = PCURVE('',#3477,#3482);
#3477 = PLANE('',#3478);
#3478 = AXIS2_PLACEMENT_3D('',#3479,#3480,#3481);
#3479 = CARTESIAN_POINT('',(-159.,15.5,0.));
#3480 = DIRECTION('',(0.,-1.,0.));
#3481 = DIRECTION('',(1.,0.,0.));
#3482 = DEFINITIONAL_REPRESENTATION('',(#3483),#3487);
#3483 = LINE('',#3484,#3485);
#3484 = CARTESIAN_POINT('',(0.,0.));
#3485 = VECTOR('',#3486,1.);
#3486 = DIRECTION('',(0.,-1.));
#3487 = ( GEOMETRIC_REPRESENTATION_CONTEXT(2) 
PARAMETRIC_REPRESENTATION_CONTEXT() REPRESENTATION_CONTEXT('2D SPACE',''
  ) );
#3488 = ORIENTED_EDGE('',*,*,#3489,.F.);
#3489 = EDGE_CURVE('',#3381,#3462,#3490,.T.);
#3490 = SURFACE_CURVE('',#3491,(#3495,#3502),.PCURVE_S1.);
#3491 = LINE('',#3492,#3493);
#3492 = CARTESIAN_POINT('',(-159.,20.5,-0.));
#3493 = VECTOR('',#3494,1.);
#3494 = DIRECTION('',(0.,-1.,0.));
#3495 = PCURVE('',#3396,#3496);
#3496 = DEFINITIONAL_REPRESENTATION('',(#3497),#3501);
#3497 = LINE('',#3498,#3499);
#3498 = CARTESIAN_POINT('',(0.,0.));
#3499 = VECTOR('',#3500,1.);
#3500 = DIRECTION('',(1.,0.));
#3501 = ( GEOMETRIC_REPRESENTATION_CONTEXT(2) 
PARAMETRIC_REPRESENTATION_CONTEXT() REPRESENTATION_CONTEXT('2D SPACE',''
  ) );
#3502 = PCURVE('',#3422,#3503);
#3503 = DEFINITIONAL_REPRESENTATION('',(#3504),#3508);
#3504 = LINE('',#3505,#3506);
#3505 = CARTESIAN_POINT('',(-39.22,10.78));
#3506 = VECTOR('',#3507,1.);
#3507 = DIRECTION('',(0.,-1.));
#3508 = ( GEOMETRIC_REPRESENTATION_CONTEXT(2) 
PARAMETRIC_REPRESENTATION_CONTEXT() REPRESENTATION_CONTEXT('2D SPACE',''
  ) );
#3509 = ADVANCED_FACE('',(#3510),#3477,.T.);
#3510 = FACE_BOUND('',#3511,.T.);
#3511 = EDGE_LOOP('',(#3512,#3513,#3536,#3564));
#3512 = ORIENTED_EDGE('',*,*,#3461,.T.);
#3513 = ORIENTED_EDGE('',*,*,#3514,.T.);
#3514 = EDGE_CURVE('',#3439,#3515,#3517,.T.);
#3515 = VERTEX_POINT('',#3516);
#3516 = CARTESIAN_POINT('',(-105.,15.5,-18.));
#3517 = SURFACE_CURVE('',#3518,(#3522,#3529),.PCURVE_S1.);
#3518 = LINE('',#3519,#3520);
#3519 = CARTESIAN_POINT('',(-159.,15.5,-18.));
#3520 = VECTOR('',#3521,1.);
#3521 = DIRECTION('',(1.,0.,0.));
#3522 = PCURVE('',#3477,#3523);
#3523 = DEFINITIONAL_REPRESENTATION('',(#3524),#3528);
#3524 = LINE('',#3525,#3526);
#3525 = CARTESIAN_POINT('',(0.,-18.));
#3526 = VECTOR('',#3527,1.);
#3527 = DIRECTION('',(1.,0.));
#3528 = ( GEOMETRIC_REPRESENTATION_CONTEXT(2) 
PARAMETRIC_REPRESENTATION_CONTEXT() REPRESENTATION_CONTEXT('2D SPACE',''
  ) );
#3529 = PCURVE('',#3368,#3530);
#3530 = DEFINITIONAL_REPRESENTATION('',(#3531),#3535);
#3531 = LINE('',#3532,#3533);
#3532 = CARTESIAN_POINT('',(-39.22,5.78));
#3533 = VECTOR('',#3534,1.);
#3534 = DIRECTION('',(1.,0.));
#3535 = ( GEOMETRIC_REPRESENTATION_CONTEXT(2) 
PARAMETRIC_REPRESENTATION_CONTEXT() REPRESENTATION_CONTEXT('2D SPACE',''
  ) );
#3536 = ORIENTED_EDGE('',*,*,#3537,.F.);
#3537 = EDGE_CURVE('',#3538,#3515,#3540,.T.);
#3538 = VERTEX_POINT('',#3539);
#3539 = CARTESIAN_POINT('',(-105.,15.5,-0.));
#3540 = SURFACE_CURVE('',#3541,(#3545,#3552),.PCURVE_S1.);
#3541 = LINE('',#3542,#3543);
#3542 = CARTESIAN_POINT('',(-105.,15.5,-0.));
#3543 = VECTOR('',#3544,1.);
#3544 = DIRECTION('',(0.,0.,-1.));
#3545 = PCURVE('',#3477,#3546);
#3546 = DEFINITIONAL_REPRESENTATION('',(#3547),#3551);
#3547 = LINE('',#3548,#3549);
#3548 = CARTESIAN_POINT('',(54.,0.));
#3549 = VECTOR('',#3550,1.);
#3550 = DIRECTION('',(0.,-1.));
#3551 = ( GEOMETRIC_REPRESENTATION_CONTEXT(2) 
PARAMETRIC_REPRESENTATION_CONTEXT() REPRESENTATION_CONTEXT('2D SPACE',''
  ) );
#3552 = PCURVE('',#3553,#3558);
#3553 = PLANE('',#3554);
#3554 = AXIS2_PLACEMENT_3D('',#3555,#3556,#3557);
#3555 = CARTESIAN_POINT('',(-105.,15.5,0.));
#3556 = DIRECTION('',(-1.,-0.,-0.));
#3557 = DIRECTION('',(0.,-1.,0.));
#3558 = DEFINITIONAL_REPRESENTATION('',(#3559),#3563);
#3559 = LINE('',#3560,#3561);
#3560 = CARTESIAN_POINT('',(0.,0.));
#3561 = VECTOR('',#3562,1.);
#3562 = DIRECTION('',(0.,-1.));
#3563 = ( GEOMETRIC_REPRESENTATION_CONTEXT(2) 
PARAMETRIC_REPRESENTATION_CONTEXT() REPRESENTATION_CONTEXT('2D SPACE',''
  ) );
#3564 = ORIENTED_EDGE('',*,*,#3565,.F.);
#3565 = EDGE_CURVE('',#3462,#3538,#3566,.T.);
#3566 = SURFACE_CURVE('',#3567,(#3571,#3578),.PCURVE_S1.);
#3567 = LINE('',#3568,#3569);
#3568 = CARTESIAN_POINT('',(-159.,15.5,-0.));
#3569 = VECTOR('',#3570,1.);
#3570 = DIRECTION('',(1.,0.,0.));
#3571 = PCURVE('',#3477,#3572);
#3572 = DEFINITIONAL_REPRESENTATION('',(#3573),#3577);
#3573 = LINE('',#3574,#3575);
#3574 = CARTESIAN_POINT('',(0.,0.));
#3575 = VECTOR('',#3576,1.);
#3576 = DIRECTION('',(1.,0.));
#3577 = ( GEOMETRIC_REPRESENTATION_CONTEXT(2) 
PARAMETRIC_REPRESENTATION_CONTEXT() REPRESENTATION_CONTEXT('2D SPACE',''
  ) );
#3578 = PCURVE('',#3422,#3579);
#3579 = DEFINITIONAL_REPRESENTATION('',(#3580),#3584);
#3580 = LINE('',#3581,#3582);
#3581 = CARTESIAN_POINT('',(-39.22,5.78));
#3582 = VECTOR('',#3583,1.);
#3583 = DIRECTION('',(1.,0.));
#3584 = ( GEOMETRIC_REPRESENTATION_CONTEXT(2) 
PARAMETRIC_REPRESENTATION_CONTEXT() REPRESENTATION_CONTEXT('2D SPACE',''
  ) );
#3585 = ADVANCED_FACE('',(#3586),#3553,.T.);
#3586 = FACE_BOUND('',#3587,.T.);
#3587 = EDGE_LOOP('',(#3588,#3589,#3612,#3640));
#3588 = ORIENTED_EDGE('',*,*,#3537,.T.);
#3589 = ORIENTED_EDGE('',*,*,#3590,.T.);
#3590 = EDGE_CURVE('',#3515,#3591,#3593,.T.);
#3591 = VERTEX_POINT('',#3592);
#3592 = CARTESIAN_POINT('',(-105.,-20.5,-18.));
#3593 = SURFACE_CURVE('',#3594,(#3598,#3605),.PCURVE_S1.);
#3594 = LINE('',#3595,#3596);
#3595 = CARTESIAN_POINT('',(-105.,15.5,-18.));
#3596 = VECTOR('',#3597,1.);
#3597 = DIRECTION('',(0.,-1.,0.));
#3598 = PCURVE('',#3553,#3599);
#3599 = DEFINITIONAL_REPRESENTATION('',(#3600),#3604);
#3600 = LINE('',#3601,#3602);
#3601 = CARTESIAN_POINT('',(0.,-18.));
#3602 = VECTOR('',#3603,1.);
#3603 = DIRECTION('',(1.,0.));
#3604 = ( GEOMETRIC_REPRESENTATION_CONTEXT(2) 
PARAMETRIC_REPRESENTATION_CONTEXT() REPRESENTATION_CONTEXT('2D SPACE',''
  ) );
#3605 = PCURVE('',#3368,#3606);
#3606 = DEFINITIONAL_REPRESENTATION('',(#3607),#3611);
#3607 = LINE('',#3608,#3609);
#3608 = CARTESIAN_POINT('',(14.78,5.78));
#3609 = VECTOR('',#3610,1.);
#3610 = DIRECTION('',(0.,-1.));
#3611 = ( GEOMETRIC_REPRESENTATION_CONTEXT(2) 
PARAMETRIC_REPRESENTATION_CONTEXT() REPRESENTATION_CONTEXT('2D SPACE',''
  ) );
#3612 = ORIENTED_EDGE('',*,*,#3613,.F.);
#3613 = EDGE_CURVE('',#3614,#3591,#3616,.T.);
#3614 = VERTEX_POINT('',#3615);
#3615 = CARTESIAN_POINT('',(-105.,-20.5,0.));
#3616 = SURFACE_CURVE('',#3617,(#3621,#3628),.PCURVE_S1.);
#3617 = LINE('',#3618,#3619);
#3618 = CARTESIAN_POINT('',(-105.,-20.5,0.));
#3619 = VECTOR('',#3620,1.);
#3620 = DIRECTION('',(0.,0.,-1.));
#3621 = PCURVE('',#3553,#3622);
#3622 = DEFINITIONAL_REPRESENTATION('',(#3623),#3627);
#3623 = LINE('',#3624,#3625);
#3624 = CARTESIAN_POINT('',(36.,0.));
#3625 = VECTOR('',#3626,1.);
#3626 = DIRECTION('',(0.,-1.));
#3627 = ( GEOMETRIC_REPRESENTATION_CONTEXT(2) 
PARAMETRIC_REPRESENTATION_CONTEXT() REPRESENTATION_CONTEXT('2D SPACE',''
  ) );
#3628 = PCURVE('',#3629,#3634);
#3629 = PLANE('',#3630);
#3630 = AXIS2_PLACEMENT_3D('',#3631,#3632,#3633);
#3631 = CARTESIAN_POINT('',(-105.,-20.5,0.));
#3632 = DIRECTION('',(0.,-1.,0.));
#3633 = DIRECTION('',(1.,0.,0.));
#3634 = DEFINITIONAL_REPRESENTATION('',(#3635),#3639);
#3635 = LINE('',#3636,#3637);
#3636 = CARTESIAN_POINT('',(0.,0.));
#3637 = VECTOR('',#3638,1.);
#3638 = DIRECTION('',(0.,-1.));
#3639 = ( GEOMETRIC_REPRESENTATION_CONTEXT(2) 
PARAMETRIC_REPRESENTATION_CONTEXT() REPRESENTATION_CONTEXT('2D SPACE',''
  ) );
#3640 = ORIENTED_EDGE('',*,*,#3641,.F.);
#3641 = EDGE_CURVE('',#3538,#3614,#3642,.T.);
#3642 = SURFACE_CURVE('',#3643,(#3647,#3654),.PCURVE_S1.);
#3643 = LINE('',#3644,#3645);
#3644 = CARTESIAN_POINT('',(-105.,15.5,-0.));
#3645 = VECTOR('',#3646,1.);
#3646 = DIRECTION('',(0.,-1.,0.));
#3647 = PCURVE('',#3553,#3648);
#3648 = DEFINITIONAL_REPRESENTATION('',(#3649),#3653);
#3649 = LINE('',#3650,#3651);
#3650 = CARTESIAN_POINT('',(0.,0.));
#3651 = VECTOR('',#3652,1.);
#3652 = DIRECTION('',(1.,0.));
#3653 = ( GEOMETRIC_REPRESENTATION_CONTEXT(2) 
PARAMETRIC_REPRESENTATION_CONTEXT() REPRESENTATION_CONTEXT('2D SPACE',''
  ) );
#3654 = PCURVE('',#3422,#3655);
#3655 = DEFINITIONAL_REPRESENTATION('',(#3656),#3660);
#3656 = LINE('',#3657,#3658);
#3657 = CARTESIAN_POINT('',(14.78,5.78));
#3658 = VECTOR('',#3659,1.);
#3659 = DIRECTION('',(0.,-1.));
#3660 = ( GEOMETRIC_REPRESENTATION_CONTEXT(2) 
PARAMETRIC_REPRESENTATION_CONTEXT() REPRESENTATION_CONTEXT('2D SPACE',''
  ) );
#3661 = ADVANCED_FACE('',(#3662),#3629,.T.);
#3662 = FACE_BOUND('',#3663,.T.);
#3663 = EDGE_LOOP('',(#3664,#3665,#3688,#3711));
#3664 = ORIENTED_EDGE('',*,*,#3613,.T.);
#3665 = ORIENTED_EDGE('',*,*,#3666,.T.);
#3666 = EDGE_CURVE('',#3591,#3667,#3669,.T.);
#3667 = VERTEX_POINT('',#3668);
#3668 = CARTESIAN_POINT('',(-100.,-20.5,-18.));
#3669 = SURFACE_CURVE('',#3670,(#3674,#3681),.PCURVE_S1.);
#3670 = LINE('',#3671,#3672);
#3671 = CARTESIAN_POINT('',(-105.,-20.5,-18.));
#3672 = VECTOR('',#3673,1.);
#3673 = DIRECTION('',(1.,0.,0.));
#3674 = PCURVE('',#3629,#3675);
#3675 = DEFINITIONAL_REPRESENTATION('',(#3676),#3680);
#3676 = LINE('',#3677,#3678);
#3677 = CARTESIAN_POINT('',(0.,-18.));
#3678 = VECTOR('',#3679,1.);
#3679 = DIRECTION('',(1.,0.));
#3680 = ( GEOMETRIC_REPRESENTATION_CONTEXT(2) 
PARAMETRIC_REPRESENTATION_CONTEXT() REPRESENTATION_CONTEXT('2D SPACE',''
  ) );
#3681 = PCURVE('',#3368,#3682);
#3682 = DEFINITIONAL_REPRESENTATION('',(#3683),#3687);
#3683 = LINE('',#3684,#3685);
#3684 = CARTESIAN_POINT('',(14.78,-30.22));
#3685 = VECTOR('',#3686,1.);
#3686 = DIRECTION('',(1.,0.));
#3687 = ( GEOMETRIC_REPRESENTATION_CONTEXT(2) 
PARAMETRIC_REPRESENTATION_CONTEXT() REPRESENTATION_CONTEXT('2D SPACE',''
  ) );
#3688 = ORIENTED_EDGE('',*,*,#3689,.F.);
#3689 = EDGE_CURVE('',#3690,#3667,#3692,.T.);
#3690 = VERTEX_POINT('',#3691);
#3691 = CARTESIAN_POINT('',(-100.,-20.5,0.));
#3692 = SURFACE_CURVE('',#3693,(#3697,#3704),.PCURVE_S1.);
#3693 = LINE('',#3694,#3695);
#3694 = CARTESIAN_POINT('',(-100.,-20.5,0.));
#3695 = VECTOR('',#3696,1.);
#3696 = DIRECTION('',(0.,0.,-1.));
#3697 = PCURVE('',#3629,#3698);
#3698 = DEFINITIONAL_REPRESENTATION('',(#3699),#3703);
#3699 = LINE('',#3700,#3701);
#3700 = CARTESIAN_POINT('',(5.,0.));
#3701 = VECTOR('',#3702,1.);
#3702 = DIRECTION('',(0.,-1.));
#3703 = ( GEOMETRIC_REPRESENTATION_CONTEXT(2) 
PARAMETRIC_REPRESENTATION_CONTEXT() REPRESENTATION_CONTEXT('2D SPACE',''
  ) );
#3704 = PCURVE('',#3340,#3705);
#3705 = DEFINITIONAL_REPRESENTATION('',(#3706),#3710);
#3706 = LINE('',#3707,#3708);
#3707 = CARTESIAN_POINT('',(0.,0.));
#3708 = VECTOR('',#3709,1.);
#3709 = DIRECTION('',(0.,-1.));
#3710 = ( GEOMETRIC_REPRESENTATION_CONTEXT(2) 
PARAMETRIC_REPRESENTATION_CONTEXT() REPRESENTATION_CONTEXT('2D SPACE',''
  ) );
#3711 = ORIENTED_EDGE('',*,*,#3712,.F.);
#3712 = EDGE_CURVE('',#3614,#3690,#3713,.T.);
#3713 = SURFACE_CURVE('',#3714,(#3718,#3725),.PCURVE_S1.);
#3714 = LINE('',#3715,#3716);
#3715 = CARTESIAN_POINT('',(-105.,-20.5,0.));
#3716 = VECTOR('',#3717,1.);
#3717 = DIRECTION('',(1.,0.,0.));
#3718 = PCURVE('',#3629,#3719);
#3719 = DEFINITIONAL_REPRESENTATION('',(#3720),#3724);
#3720 = LINE('',#3721,#3722);
#3721 = CARTESIAN_POINT('',(0.,0.));
#3722 = VECTOR('',#3723,1.);
#3723 = DIRECTION('',(1.,0.));
#3724 = ( GEOMETRIC_REPRESENTATION_CONTEXT(2) 
PARAMETRIC_REPRESENTATION_CONTEXT() REPRESENTATION_CONTEXT('2D SPACE',''
  ) );
#3725 = PCURVE('',#3422,#3726);
#3726 = DEFINITIONAL_REPRESENTATION('',(#3727),#3731);
#3727 = LINE('',#3728,#3729);
#3728 = CARTESIAN_POINT('',(14.78,-30.22));
#3729 = VECTOR('',#3730,1.);
#3730 = DIRECTION('',(1.,0.));
#3731 = ( GEOMETRIC_REPRESENTATION_CONTEXT(2) 
PARAMETRIC_REPRESENTATION_CONTEXT() REPRESENTATION_CONTEXT('2D SPACE',''
  ) );
#3732 = ADVANCED_FACE('',(#3733),#3340,.T.);
#3733 = FACE_BOUND('',#3734,.T.);
#3734 = EDGE_LOOP('',(#3735,#3736,#3757,#3758));
#3735 = ORIENTED_EDGE('',*,*,#3689,.T.);
#3736 = ORIENTED_EDGE('',*,*,#3737,.T.);
#3737 = EDGE_CURVE('',#3667,#3320,#3738,.T.);
#3738 = SURFACE_CURVE('',#3739,(#3743,#3750),.PCURVE_S1.);
#3739 = LINE('',#3740,#3741);
#3740 = CARTESIAN_POINT('',(-100.,-20.5,-18.));
#3741 = VECTOR('',#3742,1.);
#3742 = DIRECTION('',(0.,1.,-0.));
#3743 = PCURVE('',#3340,#3744);
#3744 = DEFINITIONAL_REPRESENTATION('',(#3745),#3749);
#3745 = LINE('',#3746,#3747);
#3746 = CARTESIAN_POINT('',(0.,-18.));
#3747 = VECTOR('',#3748,1.);
#3748 = DIRECTION('',(1.,0.));
#3749 = ( GEOMETRIC_REPRESENTATION_CONTEXT(2) 
PARAMETRIC_REPRESENTATION_CONTEXT() REPRESENTATION_CONTEXT('2D SPACE',''
  ) );
#3750 = PCURVE('',#3368,#3751);
#3751 = DEFINITIONAL_REPRESENTATION('',(#3752),#3756);
#3752 = LINE('',#3753,#3754);
#3753 = CARTESIAN_POINT('',(19.78,-30.22));
#3754 = VECTOR('',#3755,1.);
#3755 = DIRECTION('',(0.,1.));
#3756 = ( GEOMETRIC_REPRESENTATION_CONTEXT(2) 
PARAMETRIC_REPRESENTATION_CONTEXT() REPRESENTATION_CONTEXT('2D SPACE',''
  ) );
#3757 = ORIENTED_EDGE('',*,*,#3317,.F.);
#3758 = ORIENTED_EDGE('',*,*,#3759,.F.);
#3759 = EDGE_CURVE('',#3690,#3318,#3760,.T.);
#3760 = SURFACE_CURVE('',#3761,(#3765,#3772),.PCURVE_S1.);
#3761 = LINE('',#3762,#3763);
#3762 = CARTESIAN_POINT('',(-100.,-20.5,0.));
#3763 = VECTOR('',#3764,1.);
#3764 = DIRECTION('',(0.,1.,-0.));
#3765 = PCURVE('',#3340,#3766);
#3766 = DEFINITIONAL_REPRESENTATION('',(#3767),#3771);
#3767 = LINE('',#3768,#3769);
#3768 = CARTESIAN_POINT('',(0.,0.));
#3769 = VECTOR('',#3770,1.);
#3770 = DIRECTION('',(1.,0.));
#3771 = ( GEOMETRIC_REPRESENTATION_CONTEXT(2) 
PARAMETRIC_REPRESENTATION_CONTEXT() REPRESENTATION_CONTEXT('2D SPACE',''
  ) );
#3772 = PCURVE('',#3422,#3773);
#3773 = DEFINITIONAL_REPRESENTATION('',(#3774),#3778);
#3774 = LINE('',#3775,#3776);
#3775 = CARTESIAN_POINT('',(19.78,-30.22));
#3776 = VECTOR('',#3777,1.);
#3777 = DIRECTION('',(0.,1.));
#3778 = ( GEOMETRIC_REPRESENTATION_CONTEXT(2) 
PARAMETRIC_REPRESENTATION_CONTEXT() REPRESENTATION_CONTEXT('2D SPACE',''
  ) );
#3779 = ADVANCED_FACE('',(#3780),#3422,.T.);
#3780 = FACE_BOUND('',#3781,.T.);
#3781 = EDGE_LOOP('',(#3782,#3783,#3784,#3785,#3786,#3787));
#3782 = ORIENTED_EDGE('',*,*,#3408,.T.);
#3783 = ORIENTED_EDGE('',*,*,#3489,.T.);
#3784 = ORIENTED_EDGE('',*,*,#3565,.T.);
#3785 = ORIENTED_EDGE('',*,*,#3641,.T.);
#3786 = ORIENTED_EDGE('',*,*,#3712,.T.);
#3787 = ORIENTED_EDGE('',*,*,#3759,.T.);
#3788 = ADVANCED_FACE('',(#3789),#3368,.F.);
#3789 = FACE_BOUND('',#3790,.F.);
#3790 = EDGE_LOOP('',(#3791,#3792,#3793,#3794,#3795,#3796));
#3791 = ORIENTED_EDGE('',*,*,#3352,.T.);
#3792 = ORIENTED_EDGE('',*,*,#3438,.T.);
#3793 = ORIENTED_EDGE('',*,*,#3514,.T.);
#3794 = ORIENTED_EDGE('',*,*,#3590,.T.);
#3795 = ORIENTED_EDGE('',*,*,#3666,.T.);
#3796 = ORIENTED_EDGE('',*,*,#3737,.T.);
#3797 = MANIFOLD_SOLID_BREP('PartBody',#3798);
#3798 = CLOSED_SHELL('',(#3799,#3919,#3995,#4073,#4144,#4191,#4199));
#3799 = ADVANCED_FACE('',(#3800),#3814,.F.);
#3800 = FACE_BOUND('',#3801,.F.);
#3801 = EDGE_LOOP('',(#3802,#3837,#3865,#3893));
#3802 = ORIENTED_EDGE('',*,*,#3803,.T.);
#3803 = EDGE_CURVE('',#3804,#3806,#3808,.T.);
#3804 = VERTEX_POINT('',#3805);
#3805 = CARTESIAN_POINT('',(-0.,-1.533150896605E-05,-149.999909206));
#3806 = VERTEX_POINT('',#3807);
#3807 = CARTESIAN_POINT('',(-13.,-1.533150896605E-05,-149.999909206));
#3808 = SURFACE_CURVE('',#3809,(#3813,#3825),.PCURVE_S1.);
#3809 = LINE('',#3810,#3811);
#3810 = CARTESIAN_POINT('',(-0.,-1.533150896605E-05,-149.999909206));
#3811 = VECTOR('',#3812,1.);
#3812 = DIRECTION('',(-1.,-0.,-0.));
#3813 = PCURVE('',#3814,#3819);
#3814 = PLANE('',#3815);
#3815 = AXIS2_PLACEMENT_3D('',#3816,#3817,#3818);
#3816 = CARTESIAN_POINT('',(0.,-1.533150896605E-05,-149.999909206));
#3817 = DIRECTION('',(0.,0.,-1.));
#3818 = DIRECTION('',(0.,1.,0.));
#3819 = DEFINITIONAL_REPRESENTATION('',(#3820),#3824);
#3820 = LINE('',#3821,#3822);
#3821 = CARTESIAN_POINT('',(0.,0.));
#3822 = VECTOR('',#3823,1.);
#3823 = DIRECTION('',(0.,-1.));
#3824 = ( GEOMETRIC_REPRESENTATION_CONTEXT(2) 
PARAMETRIC_REPRESENTATION_CONTEXT() REPRESENTATION_CONTEXT('2D SPACE',''
  ) );
#3825 = PCURVE('',#3826,#3831);
#3826 = PLANE('',#3827);
#3827 = AXIS2_PLACEMENT_3D('',#3828,#3829,#3830);
#3828 = CARTESIAN_POINT('',(0.,-22.,-150.));
#3829 = DIRECTION('',(0.,4.126999394246E-06,-0.999999999991));
#3830 = DIRECTION('',(0.,0.999999999991,4.126999394246E-06));
#3831 = DEFINITIONAL_REPRESENTATION('',(#3832),#3836);
#3832 = LINE('',#3833,#3834);
#3833 = CARTESIAN_POINT('',(21.999984668678,0.));
#3834 = VECTOR('',#3835,1.);
#3835 = DIRECTION('',(0.,-1.));
#3836 = ( GEOMETRIC_REPRESENTATION_CONTEXT(2) 
PARAMETRIC_REPRESENTATION_CONTEXT() REPRESENTATION_CONTEXT('2D SPACE',''
  ) );
#3837 = ORIENTED_EDGE('',*,*,#3838,.T.);
#3838 = EDGE_CURVE('',#3806,#3839,#3841,.T.);
#3839 = VERTEX_POINT('',#3840);
#3840 = CARTESIAN_POINT('',(-13.,21.999984668491,-149.999909206));
#3841 = SURFACE_CURVE('',#3842,(#3846,#3853),.PCURVE_S1.);
#3842 = LINE('',#3843,#3844);
#3843 = CARTESIAN_POINT('',(-13.,-1.533150896605E-05,-149.999909206));
#3844 = VECTOR('',#3845,1.);
#3845 = DIRECTION('',(0.,1.,0.));
#3846 = PCURVE('',#3814,#3847);
#3847 = DEFINITIONAL_REPRESENTATION('',(#3848),#3852);
#3848 = LINE('',#3849,#3850);
#3849 = CARTESIAN_POINT('',(0.,-13.));
#3850 = VECTOR('',#3851,1.);
#3851 = DIRECTION('',(1.,0.));
#3852 = ( GEOMETRIC_REPRESENTATION_CONTEXT(2) 
PARAMETRIC_REPRESENTATION_CONTEXT() REPRESENTATION_CONTEXT('2D SPACE',''
  ) );
#3853 = PCURVE('',#3854,#3859);
#3854 = PLANE('',#3855);
#3855 = AXIS2_PLACEMENT_3D('',#3856,#3857,#3858);
#3856 = CARTESIAN_POINT('',(-13.,2.05195122671E-04,-175.8077396022));
#3857 = DIRECTION('',(-1.,-0.,-0.));
#3858 = DIRECTION('',(0.,0.,-1.));
#3859 = DEFINITIONAL_REPRESENTATION('',(#3860),#3864);
#3860 = LINE('',#3861,#3862);
#3861 = CARTESIAN_POINT('',(-25.80783039617,2.205266316371E-04));
#3862 = VECTOR('',#3863,1.);
#3863 = DIRECTION('',(0.,-1.));
#3864 = ( GEOMETRIC_REPRESENTATION_CONTEXT(2) 
PARAMETRIC_REPRESENTATION_CONTEXT() REPRESENTATION_CONTEXT('2D SPACE',''
  ) );
#3865 = ORIENTED_EDGE('',*,*,#3866,.F.);
#3866 = EDGE_CURVE('',#3867,#3839,#3869,.T.);
#3867 = VERTEX_POINT('',#3868);
#3868 = CARTESIAN_POINT('',(0.,21.999984668491,-149.999909206));
#3869 = SURFACE_CURVE('',#3870,(#3874,#3881),.PCURVE_S1.);
#3870 = LINE('',#3871,#3872);
#3871 = CARTESIAN_POINT('',(0.,21.999984668491,-149.999909206));
#3872 = VECTOR('',#3873,1.);
#3873 = DIRECTION('',(-1.,-0.,-0.));
#3874 = PCURVE('',#3814,#3875);
#3875 = DEFINITIONAL_REPRESENTATION('',(#3876),#3880);
#3876 = LINE('',#3877,#3878);
#3877 = CARTESIAN_POINT('',(22.,0.));
#3878 = VECTOR('',#3879,1.);
#3879 = DIRECTION('',(0.,-1.));
#3880 = ( GEOMETRIC_REPRESENTATION_CONTEXT(2) 
PARAMETRIC_REPRESENTATION_CONTEXT() REPRESENTATION_CONTEXT('2D SPACE',''
  ) );
#3881 = PCURVE('',#3882,#3887);
#3882 = PLANE('',#3883);
#3883 = AXIS2_PLACEMENT_3D('',#3884,#3885,#3886);
#3884 = CARTESIAN_POINT('',(0.,21.999984668491,-149.999909206));
#3885 = DIRECTION('',(0.,-0.994146281959,0.108042445672));
#3886 = DIRECTION('',(0.,-0.108042445672,-0.994146281959));
#3887 = DEFINITIONAL_REPRESENTATION('',(#3888),#3892);
#3888 = LINE('',#3889,#3890);
#3889 = CARTESIAN_POINT('',(0.,0.));
#3890 = VECTOR('',#3891,1.);
#3891 = DIRECTION('',(0.,-1.));
#3892 = ( GEOMETRIC_REPRESENTATION_CONTEXT(2) 
PARAMETRIC_REPRESENTATION_CONTEXT() REPRESENTATION_CONTEXT('2D SPACE',''
  ) );
#3893 = ORIENTED_EDGE('',*,*,#3894,.F.);
#3894 = EDGE_CURVE('',#3804,#3867,#3895,.T.);
#3895 = SURFACE_CURVE('',#3896,(#3900,#3907),.PCURVE_S1.);
#3896 = LINE('',#3897,#3898);
#3897 = CARTESIAN_POINT('',(-0.,-1.533150896605E-05,-149.999909206));
#3898 = VECTOR('',#3899,1.);
#3899 = DIRECTION('',(0.,1.,0.));
#3900 = PCURVE('',#3814,#3901);
#3901 = DEFINITIONAL_REPRESENTATION('',(#3902),#3906);
#3902 = LINE('',#3903,#3904);
#3903 = CARTESIAN_POINT('',(0.,0.));
#3904 = VECTOR('',#3905,1.);
#3905 = DIRECTION('',(1.,0.));
#3906 = ( GEOMETRIC_REPRESENTATION_CONTEXT(2) 
PARAMETRIC_REPRESENTATION_CONTEXT() REPRESENTATION_CONTEXT('2D SPACE',''
  ) );
#3907 = PCURVE('',#3908,#3913);
#3908 = PLANE('',#3909);
#3909 = AXIS2_PLACEMENT_3D('',#3910,#3911,#3912);
#3910 = CARTESIAN_POINT('',(0.,2.05195122671E-04,-175.8077396022));
#3911 = DIRECTION('',(-1.,-0.,-0.));
#3912 = DIRECTION('',(0.,0.,-1.));
#3913 = DEFINITIONAL_REPRESENTATION('',(#3914),#3918);
#3914 = LINE('',#3915,#3916);
#3915 = CARTESIAN_POINT('',(-25.80783039617,2.205266316371E-04));
#3916 = VECTOR('',#3917,1.);
#3917 = DIRECTION('',(0.,-1.));
#3918 = ( GEOMETRIC_REPRESENTATION_CONTEXT(2) 
PARAMETRIC_REPRESENTATION_CONTEXT() REPRESENTATION_CONTEXT('2D SPACE',''
  ) );
#3919 = ADVANCED_FACE('',(#3920),#3882,.F.);
#3920 = FACE_BOUND('',#3921,.F.);
#3921 = EDGE_LOOP('',(#3922,#3923,#3946,#3974));
#3922 = ORIENTED_EDGE('',*,*,#3866,.T.);
#3923 = ORIENTED_EDGE('',*,*,#3924,.T.);
#3924 = EDGE_CURVE('',#3839,#3925,#3927,.T.);
#3925 = VERTEX_POINT('',#3926);
#3926 = CARTESIAN_POINT('',(-13.,17.000758296398,-196.));
#3927 = SURFACE_CURVE('',#3928,(#3932,#3939),.PCURVE_S1.);
#3928 = LINE('',#3929,#3930);
#3929 = CARTESIAN_POINT('',(-13.,21.999984668491,-149.999909206));
#3930 = VECTOR('',#3931,1.);
#3931 = DIRECTION('',(0.,-0.108042445672,-0.994146281959));
#3932 = PCURVE('',#3882,#3933);
#3933 = DEFINITIONAL_REPRESENTATION('',(#3934),#3938);
#3934 = LINE('',#3935,#3936);
#3935 = CARTESIAN_POINT('',(-0.,-13.));
#3936 = VECTOR('',#3937,1.);
#3937 = DIRECTION('',(1.,0.));
#3938 = ( GEOMETRIC_REPRESENTATION_CONTEXT(2) 
PARAMETRIC_REPRESENTATION_CONTEXT() REPRESENTATION_CONTEXT('2D SPACE',''
  ) );
#3939 = PCURVE('',#3854,#3940);
#3940 = DEFINITIONAL_REPRESENTATION('',(#3941),#3945);
#3941 = LINE('',#3942,#3943);
#3942 = CARTESIAN_POINT('',(-25.80783039617,-21.99977947336));
#3943 = VECTOR('',#3944,1.);
#3944 = DIRECTION('',(0.994146281959,0.108042445672));
#3945 = ( GEOMETRIC_REPRESENTATION_CONTEXT(2) 
PARAMETRIC_REPRESENTATION_CONTEXT() REPRESENTATION_CONTEXT('2D SPACE',''
  ) );
#3946 = ORIENTED_EDGE('',*,*,#3947,.F.);
#3947 = EDGE_CURVE('',#3948,#3925,#3950,.T.);
#3948 = VERTEX_POINT('',#3949);
#3949 = CARTESIAN_POINT('',(0.,17.000758296398,-196.));
#3950 = SURFACE_CURVE('',#3951,(#3955,#3962),.PCURVE_S1.);
#3951 = LINE('',#3952,#3953);
#3952 = CARTESIAN_POINT('',(0.,17.000758296398,-196.));
#3953 = VECTOR('',#3954,1.);
#3954 = DIRECTION('',(-1.,-0.,-0.));
#3955 = PCURVE('',#3882,#3956);
#3956 = DEFINITIONAL_REPRESENTATION('',(#3957),#3961);
#3957 = LINE('',#3958,#3959);
#3958 = CARTESIAN_POINT('',(46.270947876271,0.));
#3959 = VECTOR('',#3960,1.);
#3960 = DIRECTION('',(0.,-1.));
#3961 = ( GEOMETRIC_REPRESENTATION_CONTEXT(2) 
PARAMETRIC_REPRESENTATION_CONTEXT() REPRESENTATION_CONTEXT('2D SPACE',''
  ) );
#3962 = PCURVE('',#3963,#3968);
#3963 = CYLINDRICAL_SURFACE('',#3964,17.100450811975);
#3964 = AXIS2_PLACEMENT_3D('',#3965,#3966,#3967);
#3965 = CARTESIAN_POINT('',(0.,4.087018466358E-04,-194.1524254721));
#3966 = DIRECTION('',(1.,-0.,0.));
#3967 = DIRECTION('',(0.,0.994146281959,-0.108042445672));
#3968 = DEFINITIONAL_REPRESENTATION('',(#3969),#3973);
#3969 = LINE('',#3970,#3971);
#3970 = CARTESIAN_POINT('',(-4.163336342344E-17,0.));
#3971 = VECTOR('',#3972,1.);
#3972 = DIRECTION('',(-0.,-1.));
#3973 = ( GEOMETRIC_REPRESENTATION_CONTEXT(2) 
PARAMETRIC_REPRESENTATION_CONTEXT() REPRESENTATION_CONTEXT('2D SPACE',''
  ) );
#3974 = ORIENTED_EDGE('',*,*,#3975,.F.);
#3975 = EDGE_CURVE('',#3867,#3948,#3976,.T.);
#3976 = SURFACE_CURVE('',#3977,(#3981,#3988),.PCURVE_S1.);
#3977 = LINE('',#3978,#3979);
#3978 = CARTESIAN_POINT('',(0.,21.999984668491,-149.999909206));
#3979 = VECTOR('',#3980,1.);
#3980 = DIRECTION('',(0.,-0.108042445672,-0.994146281959));
#3981 = PCURVE('',#3882,#3982);
#3982 = DEFINITIONAL_REPRESENTATION('',(#3983),#3987);
#3983 = LINE('',#3984,#3985);
#3984 = CARTESIAN_POINT('',(0.,0.));
#3985 = VECTOR('',#3986,1.);
#3986 = DIRECTION('',(1.,0.));
#3987 = ( GEOMETRIC_REPRESENTATION_CONTEXT(2) 
PARAMETRIC_REPRESENTATION_CONTEXT() REPRESENTATION_CONTEXT('2D SPACE',''
  ) );
#3988 = PCURVE('',#3908,#3989);
#3989 = DEFINITIONAL_REPRESENTATION('',(#3990),#3994);
#3990 = LINE('',#3991,#3992);
#3991 = CARTESIAN_POINT('',(-25.80783039617,-21.99977947336));
#3992 = VECTOR('',#3993,1.);
#3993 = DIRECTION('',(0.994146281959,0.108042445672));
#3994 = ( GEOMETRIC_REPRESENTATION_CONTEXT(2) 
PARAMETRIC_REPRESENTATION_CONTEXT() REPRESENTATION_CONTEXT('2D SPACE',''
  ) );
#3995 = ADVANCED_FACE('',(#3996),#3963,.T.);
#3996 = FACE_BOUND('',#3997,.F.);
#3997 = EDGE_LOOP('',(#3998,#3999,#4023,#4051));
#3998 = ORIENTED_EDGE('',*,*,#3947,.T.);
#3999 = ORIENTED_EDGE('',*,*,#4000,.T.);
#4000 = EDGE_CURVE('',#3925,#4001,#4003,.T.);
#4001 = VERTEX_POINT('',#4002);
#4002 = CARTESIAN_POINT('',(-13.,-16.999941556,-195.9999938967));
#4003 = SURFACE_CURVE('',#4004,(#4009,#4016),.PCURVE_S1.);
#4004 = CIRCLE('',#4005,17.100450811975);
#4005 = AXIS2_PLACEMENT_3D('',#4006,#4007,#4008);
#4006 = CARTESIAN_POINT('',(-13.,4.087018466358E-04,-194.1524254721));
#4007 = DIRECTION('',(-1.,0.,-0.));
#4008 = DIRECTION('',(0.,0.994146281959,-0.108042445672));
#4009 = PCURVE('',#3963,#4010);
#4010 = DEFINITIONAL_REPRESENTATION('',(#4011),#4015);
#4011 = LINE('',#4012,#4013);
#4012 = CARTESIAN_POINT('',(-0.,-13.));
#4013 = VECTOR('',#4014,1.);
#4014 = DIRECTION('',(-1.,0.));
#4015 = ( GEOMETRIC_REPRESENTATION_CONTEXT(2) 
PARAMETRIC_REPRESENTATION_CONTEXT() REPRESENTATION_CONTEXT('2D SPACE',''
  ) );
#4016 = PCURVE('',#3854,#4017);
#4017 = DEFINITIONAL_REPRESENTATION('',(#4018),#4022);
#4018 = CIRCLE('',#4019,17.100450811975);
#4019 = AXIS2_PLACEMENT_2D('',#4020,#4021);
#4020 = CARTESIAN_POINT('',(18.344685869933,-2.035067239648E-04));
#4021 = DIRECTION('',(0.108042445672,-0.994146281959));
#4022 = ( GEOMETRIC_REPRESENTATION_CONTEXT(2) 
PARAMETRIC_REPRESENTATION_CONTEXT() REPRESENTATION_CONTEXT('2D SPACE',''
  ) );
#4023 = ORIENTED_EDGE('',*,*,#4024,.F.);
#4024 = EDGE_CURVE('',#4025,#4001,#4027,.T.);
#4025 = VERTEX_POINT('',#4026);
#4026 = CARTESIAN_POINT('',(0.,-16.999941556,-195.9999938967));
#4027 = SURFACE_CURVE('',#4028,(#4032,#4039),.PCURVE_S1.);
#4028 = LINE('',#4029,#4030);
#4029 = CARTESIAN_POINT('',(0.,-16.999941556,-195.9999938967));
#4030 = VECTOR('',#4031,1.);
#4031 = DIRECTION('',(-1.,-0.,-0.));
#4032 = PCURVE('',#3963,#4033);
#4033 = DEFINITIONAL_REPRESENTATION('',(#4034),#4038);
#4034 = LINE('',#4035,#4036);
#4035 = CARTESIAN_POINT('',(-2.925085498181,0.));
#4036 = VECTOR('',#4037,1.);
#4037 = DIRECTION('',(-0.,-1.));
#4038 = ( GEOMETRIC_REPRESENTATION_CONTEXT(2) 
PARAMETRIC_REPRESENTATION_CONTEXT() REPRESENTATION_CONTEXT('2D SPACE',''
  ) );
#4039 = PCURVE('',#4040,#4045);
#4040 = PLANE('',#4041);
#4041 = AXIS2_PLACEMENT_3D('',#4042,#4043,#4044);
#4042 = CARTESIAN_POINT('',(0.,-16.999941556,-195.9999938967));
#4043 = DIRECTION('',(-0.,0.99414432584,0.108060443272));
#4044 = DIRECTION('',(-0.,-0.108060443272,0.99414432584));
#4045 = DEFINITIONAL_REPRESENTATION('',(#4046),#4050);
#4046 = LINE('',#4047,#4048);
#4047 = CARTESIAN_POINT('',(0.,0.));
#4048 = VECTOR('',#4049,1.);
#4049 = DIRECTION('',(0.,-1.));
#4050 = ( GEOMETRIC_REPRESENTATION_CONTEXT(2) 
PARAMETRIC_REPRESENTATION_CONTEXT() REPRESENTATION_CONTEXT('2D SPACE',''
  ) );
#4051 = ORIENTED_EDGE('',*,*,#4052,.F.);
#4052 = EDGE_CURVE('',#3948,#4025,#4053,.T.);
#4053 = SURFACE_CURVE('',#4054,(#4059,#4066),.PCURVE_S1.);
#4054 = CIRCLE('',#4055,17.100450811975);
#4055 = AXIS2_PLACEMENT_3D('',#4056,#4057,#4058);
#4056 = CARTESIAN_POINT('',(0.,4.087018466358E-04,-194.1524254721));
#4057 = DIRECTION('',(-1.,0.,-0.));
#4058 = DIRECTION('',(0.,0.994146281959,-0.108042445672));
#4059 = PCURVE('',#3963,#4060);
#4060 = DEFINITIONAL_REPRESENTATION('',(#4061),#4065);
#4061 = LINE('',#4062,#4063);
#4062 = CARTESIAN_POINT('',(-0.,0.));
#4063 = VECTOR('',#4064,1.);
#4064 = DIRECTION('',(-1.,0.));
#4065 = ( GEOMETRIC_REPRESENTATION_CONTEXT(2) 
PARAMETRIC_REPRESENTATION_CONTEXT() REPRESENTATION_CONTEXT('2D SPACE',''
  ) );
#4066 = PCURVE('',#3908,#4067);
#4067 = DEFINITIONAL_REPRESENTATION('',(#4068),#4072);
#4068 = CIRCLE('',#4069,17.100450811975);
#4069 = AXIS2_PLACEMENT_2D('',#4070,#4071);
#4070 = CARTESIAN_POINT('',(18.344685869933,-2.035067239648E-04));
#4071 = DIRECTION('',(0.108042445672,-0.994146281959));
#4072 = ( GEOMETRIC_REPRESENTATION_CONTEXT(2) 
PARAMETRIC_REPRESENTATION_CONTEXT() REPRESENTATION_CONTEXT('2D SPACE',''
  ) );
#4073 = ADVANCED_FACE('',(#4074),#4040,.F.);
#4074 = FACE_BOUND('',#4075,.F.);
#4075 = EDGE_LOOP('',(#4076,#4077,#4100,#4123));
#4076 = ORIENTED_EDGE('',*,*,#4024,.T.);
#4077 = ORIENTED_EDGE('',*,*,#4078,.T.);
#4078 = EDGE_CURVE('',#4001,#4079,#4081,.T.);
#4079 = VERTEX_POINT('',#4080);
#4080 = CARTESIAN_POINT('',(-13.,-22.,-150.));
#4081 = SURFACE_CURVE('',#4082,(#4086,#4093),.PCURVE_S1.);
#4082 = LINE('',#4083,#4084);
#4083 = CARTESIAN_POINT('',(-13.,-16.999941556,-195.9999938967));
#4084 = VECTOR('',#4085,1.);
#4085 = DIRECTION('',(-0.,-0.108060443272,0.99414432584));
#4086 = PCURVE('',#4040,#4087);
#4087 = DEFINITIONAL_REPRESENTATION('',(#4088),#4092);
#4088 = LINE('',#4089,#4090);
#4089 = CARTESIAN_POINT('',(0.,-13.));
#4090 = VECTOR('',#4091,1.);
#4091 = DIRECTION('',(1.,0.));
#4092 = ( GEOMETRIC_REPRESENTATION_CONTEXT(2) 
PARAMETRIC_REPRESENTATION_CONTEXT() REPRESENTATION_CONTEXT('2D SPACE',''
  ) );
#4093 = PCURVE('',#3854,#4094);
#4094 = DEFINITIONAL_REPRESENTATION('',(#4095),#4099);
#4095 = LINE('',#4096,#4097);
#4096 = CARTESIAN_POINT('',(20.192254294465,17.000146751122));
#4097 = VECTOR('',#4098,1.);
#4098 = DIRECTION('',(-0.99414432584,0.108060443272));
#4099 = ( GEOMETRIC_REPRESENTATION_CONTEXT(2) 
PARAMETRIC_REPRESENTATION_CONTEXT() REPRESENTATION_CONTEXT('2D SPACE',''
  ) );
#4100 = ORIENTED_EDGE('',*,*,#4101,.F.);
#4101 = EDGE_CURVE('',#4102,#4079,#4104,.T.);
#4102 = VERTEX_POINT('',#4103);
#4103 = CARTESIAN_POINT('',(0.,-22.,-150.));
#4104 = SURFACE_CURVE('',#4105,(#4109,#4116),.PCURVE_S1.);
#4105 = LINE('',#4106,#4107);
#4106 = CARTESIAN_POINT('',(0.,-22.,-150.));
#4107 = VECTOR('',#4108,1.);
#4108 = DIRECTION('',(-1.,-0.,-0.));
#4109 = PCURVE('',#4040,#4110);
#4110 = DEFINITIONAL_REPRESENTATION('',(#4111),#4115);
#4111 = LINE('',#4112,#4113);
#4112 = CARTESIAN_POINT('',(46.270941452943,0.));
#4113 = VECTOR('',#4114,1.);
#4114 = DIRECTION('',(0.,-1.));
#4115 = ( GEOMETRIC_REPRESENTATION_CONTEXT(2) 
PARAMETRIC_REPRESENTATION_CONTEXT() REPRESENTATION_CONTEXT('2D SPACE',''
  ) );
#4116 = PCURVE('',#3826,#4117);
#4117 = DEFINITIONAL_REPRESENTATION('',(#4118),#4122);
#4118 = LINE('',#4119,#4120);
#4119 = CARTESIAN_POINT('',(0.,0.));
#4120 = VECTOR('',#4121,1.);
#4121 = DIRECTION('',(0.,-1.));
#4122 = ( GEOMETRIC_REPRESENTATION_CONTEXT(2) 
PARAMETRIC_REPRESENTATION_CONTEXT() REPRESENTATION_CONTEXT('2D SPACE',''
  ) );
#4123 = ORIENTED_EDGE('',*,*,#4124,.F.);
#4124 = EDGE_CURVE('',#4025,#4102,#4125,.T.);
#4125 = SURFACE_CURVE('',#4126,(#4130,#4137),.PCURVE_S1.);
#4126 = LINE('',#4127,#4128);
#4127 = CARTESIAN_POINT('',(0.,-16.999941556,-195.9999938967));
#4128 = VECTOR('',#4129,1.);
#4129 = DIRECTION('',(-0.,-0.108060443272,0.99414432584));
#4130 = PCURVE('',#4040,#4131);
#4131 = DEFINITIONAL_REPRESENTATION('',(#4132),#4136);
#4132 = LINE('',#4133,#4134);
#4133 = CARTESIAN_POINT('',(0.,0.));
#4134 = VECTOR('',#4135,1.);
#4135 = DIRECTION('',(1.,0.));
#4136 = ( GEOMETRIC_REPRESENTATION_CONTEXT(2) 
PARAMETRIC_REPRESENTATION_CONTEXT() REPRESENTATION_CONTEXT('2D SPACE',''
  ) );
#4137 = PCURVE('',#3908,#4138);
#4138 = DEFINITIONAL_REPRESENTATION('',(#4139),#4143);
#4139 = LINE('',#4140,#4141);
#4140 = CARTESIAN_POINT('',(20.192254294465,17.000146751122));
#4141 = VECTOR('',#4142,1.);
#4142 = DIRECTION('',(-0.99414432584,0.108060443272));
#4143 = ( GEOMETRIC_REPRESENTATION_CONTEXT(2) 
PARAMETRIC_REPRESENTATION_CONTEXT() REPRESENTATION_CONTEXT('2D SPACE',''
  ) );
#4144 = ADVANCED_FACE('',(#4145),#3826,.F.);
#4145 = FACE_BOUND('',#4146,.F.);
#4146 = EDGE_LOOP('',(#4147,#4148,#4169,#4170));
#4147 = ORIENTED_EDGE('',*,*,#4101,.T.);
#4148 = ORIENTED_EDGE('',*,*,#4149,.T.);
#4149 = EDGE_CURVE('',#4079,#3806,#4150,.T.);
#4150 = SURFACE_CURVE('',#4151,(#4155,#4162),.PCURVE_S1.);
#4151 = LINE('',#4152,#4153);
#4152 = CARTESIAN_POINT('',(-13.,-22.,-150.));
#4153 = VECTOR('',#4154,1.);
#4154 = DIRECTION('',(0.,0.999999999991,4.126999394246E-06));
#4155 = PCURVE('',#3826,#4156);
#4156 = DEFINITIONAL_REPRESENTATION('',(#4157),#4161);
#4157 = LINE('',#4158,#4159);
#4158 = CARTESIAN_POINT('',(0.,-13.));
#4159 = VECTOR('',#4160,1.);
#4160 = DIRECTION('',(1.,0.));
#4161 = ( GEOMETRIC_REPRESENTATION_CONTEXT(2) 
PARAMETRIC_REPRESENTATION_CONTEXT() REPRESENTATION_CONTEXT('2D SPACE',''
  ) );
#4162 = PCURVE('',#3854,#4163);
#4163 = DEFINITIONAL_REPRESENTATION('',(#4164),#4168);
#4164 = LINE('',#4165,#4166);
#4165 = CARTESIAN_POINT('',(-25.80773960225,22.000205195123));
#4166 = VECTOR('',#4167,1.);
#4167 = DIRECTION('',(-4.126999394246E-06,-0.999999999991));
#4168 = ( GEOMETRIC_REPRESENTATION_CONTEXT(2) 
PARAMETRIC_REPRESENTATION_CONTEXT() REPRESENTATION_CONTEXT('2D SPACE',''
  ) );
#4169 = ORIENTED_EDGE('',*,*,#3803,.F.);
#4170 = ORIENTED_EDGE('',*,*,#4171,.F.);
#4171 = EDGE_CURVE('',#4102,#3804,#4172,.T.);
#4172 = SURFACE_CURVE('',#4173,(#4177,#4184),.PCURVE_S1.);
#4173 = LINE('',#4174,#4175);
#4174 = CARTESIAN_POINT('',(0.,-22.,-150.));
#4175 = VECTOR('',#4176,1.);
#4176 = DIRECTION('',(0.,0.999999999991,4.126999394246E-06));
#4177 = PCURVE('',#3826,#4178);
#4178 = DEFINITIONAL_REPRESENTATION('',(#4179),#4183);
#4179 = LINE('',#4180,#4181);
#4180 = CARTESIAN_POINT('',(0.,0.));
#4181 = VECTOR('',#4182,1.);
#4182 = DIRECTION('',(1.,0.));
#4183 = ( GEOMETRIC_REPRESENTATION_CONTEXT(2) 
PARAMETRIC_REPRESENTATION_CONTEXT() REPRESENTATION_CONTEXT('2D SPACE',''
  ) );
#4184 = PCURVE('',#3908,#4185);
#4185 = DEFINITIONAL_REPRESENTATION('',(#4186),#4190);
#4186 = LINE('',#4187,#4188);
#4187 = CARTESIAN_POINT('',(-25.80773960225,22.000205195123));
#4188 = VECTOR('',#4189,1.);
#4189 = DIRECTION('',(-4.126999394246E-06,-0.999999999991));
#4190 = ( GEOMETRIC_REPRESENTATION_CONTEXT(2) 
PARAMETRIC_REPRESENTATION_CONTEXT() REPRESENTATION_CONTEXT('2D SPACE',''
  ) );
#4191 = ADVANCED_FACE('',(#4192),#3908,.F.);
#4192 = FACE_BOUND('',#4193,.F.);
#4193 = EDGE_LOOP('',(#4194,#4195,#4196,#4197,#4198));
#4194 = ORIENTED_EDGE('',*,*,#3894,.T.);
#4195 = ORIENTED_EDGE('',*,*,#3975,.T.);
#4196 = ORIENTED_EDGE('',*,*,#4052,.T.);
#4197 = ORIENTED_EDGE('',*,*,#4124,.T.);
#4198 = ORIENTED_EDGE('',*,*,#4171,.T.);
#4199 = ADVANCED_FACE('',(#4200),#3854,.T.);
#4200 = FACE_BOUND('',#4201,.T.);
#4201 = EDGE_LOOP('',(#4202,#4203,#4204,#4205,#4206));
#4202 = ORIENTED_EDGE('',*,*,#3838,.T.);
#4203 = ORIENTED_EDGE('',*,*,#3924,.T.);
#4204 = ORIENTED_EDGE('',*,*,#4000,.T.);
#4205 = ORIENTED_EDGE('',*,*,#4078,.T.);
#4206 = ORIENTED_EDGE('',*,*,#4149,.T.);
#4207 = ( GEOMETRIC_REPRESENTATION_CONTEXT(3) 
GLOBAL_UNCERTAINTY_ASSIGNED_CONTEXT((#4211)) 
GLOBAL_UNIT_ASSIGNED_CONTEXT((#4208,#4209,#4210)) REPRESENTATION_CONTEXT
('Context #1','3D Context with UNIT and UNCERTAINTY') );
#4208 = ( LENGTH_UNIT() NAMED_UNIT(*) SI_UNIT(.MILLI.,.METRE.) );
#4209 = ( NAMED_UNIT(*) PLANE_ANGLE_UNIT() SI_UNIT($,.RADIAN.) );
#4210 = ( NAMED_UNIT(*) SI_UNIT($,.STERADIAN.) SOLID_ANGLE_UNIT() );
#4211 = UNCERTAINTY_MEASURE_WITH_UNIT(LENGTH_MEASURE(1.E-07),#4208,
  'distance_accuracy_value','confusion accuracy');
#4212 = PRODUCT_RELATED_PRODUCT_CATEGORY('part',$,(#7));
ENDSEC;
END-ISO-10303-21;
