ISO-10303-21;
HEADER;
FILE_DESCRIPTION(('Open CASCADE Model'),'2;1');
FILE_NAME('Open CASCADE Shape Model','2025-08-06T14:38:18',('Author'),(
    'Open CASCADE'),'Open CASCADE STEP processor 7.7','Open CASCADE 7.7'
  ,'Unknown');
FILE_SCHEMA(('AUTOMOTIVE_DESIGN { 1 0 10303 214 1 1 1 1 }'));
ENDSEC;
DATA;
#1 = APPLICATION_PROTOCOL_DEFINITION('international standard',
  'automotive_design',2000,#2);
#2 = APPLICATION_CONTEXT(
  'core data for automotive mechanical design processes');
#3 = SHAPE_DEFINITION_REPRESENTATION(#4,#10);
#4 = PRODUCT_DEFINITION_SHAPE('','',#5);
#5 = PRODUCT_DEFINITION('design','',#6,#9);
#6 = PRODUCT_DEFINITION_FORMATION('','',#7);
#7 = PRODUCT('substep_3.3','substep_3.3','',(#8));
#8 = PRODUCT_CONTEXT('',#2,'mechanical');
#9 = PRODUCT_DEFINITION_CONTEXT('part definition',#2,'design');
#10 = SHAPE_REPRESENTATION('',(#11,#15,#2423,#2521,#3007),#3417);
#11 = AXIS2_PLACEMENT_3D('',#12,#13,#14);
#12 = CARTESIAN_POINT('',(0.,0.,0.));
#13 = DIRECTION('',(0.,0.,1.));
#14 = DIRECTION('',(1.,0.,-0.));
#15 = MANIFOLD_SOLID_BREP('PartBody',#16);
#16 = CLOSED_SHELL('',(#17,#137,#368,#417,#633,#660,#667,#722,#1925,
    #1980,#2035,#2090,#2144,#2194,#2244,#2298,#2352,#2359,#2384,#2409,
    #2416));
#17 = ADVANCED_FACE('',(#18),#32,.F.);
#18 = FACE_BOUND('',#19,.F.);
#19 = EDGE_LOOP('',(#20,#55,#83,#111));
#20 = ORIENTED_EDGE('',*,*,#21,.F.);
#21 = EDGE_CURVE('',#22,#24,#26,.T.);
#22 = VERTEX_POINT('',#23);
#23 = CARTESIAN_POINT('',(-100.,-25.,-150.));
#24 = VERTEX_POINT('',#25);
#25 = CARTESIAN_POINT('',(-100.,-25.,150.));
#26 = SURFACE_CURVE('',#27,(#31,#43),.PCURVE_S1.);
#27 = LINE('',#28,#29);
#28 = CARTESIAN_POINT('',(-100.,-25.,-150.));
#29 = VECTOR('',#30,1.);
#30 = DIRECTION('',(0.,0.,1.));
#31 = PCURVE('',#32,#37);
#32 = PLANE('',#33);
#33 = AXIS2_PLACEMENT_3D('',#34,#35,#36);
#34 = CARTESIAN_POINT('',(-100.,-25.,-150.));
#35 = DIRECTION('',(1.,0.,0.));
#36 = DIRECTION('',(0.,0.,1.));
#37 = DEFINITIONAL_REPRESENTATION('',(#38),#42);
#38 = LINE('',#39,#40);
#39 = CARTESIAN_POINT('',(0.,0.));
#40 = VECTOR('',#41,1.);
#41 = DIRECTION('',(1.,0.));
#42 = ( GEOMETRIC_REPRESENTATION_CONTEXT(2) 
PARAMETRIC_REPRESENTATION_CONTEXT() REPRESENTATION_CONTEXT('2D SPACE',''
  ) );
#43 = PCURVE('',#44,#49);
#44 = PLANE('',#45);
#45 = AXIS2_PLACEMENT_3D('',#46,#47,#48);
#46 = CARTESIAN_POINT('',(-100.,-25.,-150.));
#47 = DIRECTION('',(0.,1.,0.));
#48 = DIRECTION('',(0.,0.,1.));
#49 = DEFINITIONAL_REPRESENTATION('',(#50),#54);
#50 = LINE('',#51,#52);
#51 = CARTESIAN_POINT('',(0.,0.));
#52 = VECTOR('',#53,1.);
#53 = DIRECTION('',(1.,0.));
#54 = ( GEOMETRIC_REPRESENTATION_CONTEXT(2) 
PARAMETRIC_REPRESENTATION_CONTEXT() REPRESENTATION_CONTEXT('2D SPACE',''
  ) );
#55 = ORIENTED_EDGE('',*,*,#56,.T.);
#56 = EDGE_CURVE('',#22,#57,#59,.T.);
#57 = VERTEX_POINT('',#58);
#58 = CARTESIAN_POINT('',(-100.,25.,-150.));
#59 = SURFACE_CURVE('',#60,(#64,#71),.PCURVE_S1.);
#60 = LINE('',#61,#62);
#61 = CARTESIAN_POINT('',(-100.,-25.,-150.));
#62 = VECTOR('',#63,1.);
#63 = DIRECTION('',(0.,1.,0.));
#64 = PCURVE('',#32,#65);
#65 = DEFINITIONAL_REPRESENTATION('',(#66),#70);
#66 = LINE('',#67,#68);
#67 = CARTESIAN_POINT('',(0.,0.));
#68 = VECTOR('',#69,1.);
#69 = DIRECTION('',(0.,-1.));
#70 = ( GEOMETRIC_REPRESENTATION_CONTEXT(2) 
PARAMETRIC_REPRESENTATION_CONTEXT() REPRESENTATION_CONTEXT('2D SPACE',''
  ) );
#71 = PCURVE('',#72,#77);
#72 = PLANE('',#73);
#73 = AXIS2_PLACEMENT_3D('',#74,#75,#76);
#74 = CARTESIAN_POINT('',(-100.,-25.,-150.));
#75 = DIRECTION('',(0.,0.,1.));
#76 = DIRECTION('',(1.,0.,0.));
#77 = DEFINITIONAL_REPRESENTATION('',(#78),#82);
#78 = LINE('',#79,#80);
#79 = CARTESIAN_POINT('',(0.,0.));
#80 = VECTOR('',#81,1.);
#81 = DIRECTION('',(0.,1.));
#82 = ( GEOMETRIC_REPRESENTATION_CONTEXT(2) 
PARAMETRIC_REPRESENTATION_CONTEXT() REPRESENTATION_CONTEXT('2D SPACE',''
  ) );
#83 = ORIENTED_EDGE('',*,*,#84,.T.);
#84 = EDGE_CURVE('',#57,#85,#87,.T.);
#85 = VERTEX_POINT('',#86);
#86 = CARTESIAN_POINT('',(-100.,25.,150.));
#87 = SURFACE_CURVE('',#88,(#92,#99),.PCURVE_S1.);
#88 = LINE('',#89,#90);
#89 = CARTESIAN_POINT('',(-100.,25.,-150.));
#90 = VECTOR('',#91,1.);
#91 = DIRECTION('',(0.,0.,1.));
#92 = PCURVE('',#32,#93);
#93 = DEFINITIONAL_REPRESENTATION('',(#94),#98);
#94 = LINE('',#95,#96);
#95 = CARTESIAN_POINT('',(0.,-50.));
#96 = VECTOR('',#97,1.);
#97 = DIRECTION('',(1.,0.));
#98 = ( GEOMETRIC_REPRESENTATION_CONTEXT(2) 
PARAMETRIC_REPRESENTATION_CONTEXT() REPRESENTATION_CONTEXT('2D SPACE',''
  ) );
#99 = PCURVE('',#100,#105);
#100 = PLANE('',#101);
#101 = AXIS2_PLACEMENT_3D('',#102,#103,#104);
#102 = CARTESIAN_POINT('',(-100.,25.,-150.));
#103 = DIRECTION('',(0.,1.,0.));
#104 = DIRECTION('',(0.,0.,1.));
#105 = DEFINITIONAL_REPRESENTATION('',(#106),#110);
#106 = LINE('',#107,#108);
#107 = CARTESIAN_POINT('',(0.,0.));
#108 = VECTOR('',#109,1.);
#109 = DIRECTION('',(1.,0.));
#110 = ( GEOMETRIC_REPRESENTATION_CONTEXT(2) 
PARAMETRIC_REPRESENTATION_CONTEXT() REPRESENTATION_CONTEXT('2D SPACE',''
  ) );
#111 = ORIENTED_EDGE('',*,*,#112,.F.);
#112 = EDGE_CURVE('',#24,#85,#113,.T.);
#113 = SURFACE_CURVE('',#114,(#118,#125),.PCURVE_S1.);
#114 = LINE('',#115,#116);
#115 = CARTESIAN_POINT('',(-100.,-25.,150.));
#116 = VECTOR('',#117,1.);
#117 = DIRECTION('',(0.,1.,0.));
#118 = PCURVE('',#32,#119);
#119 = DEFINITIONAL_REPRESENTATION('',(#120),#124);
#120 = LINE('',#121,#122);
#121 = CARTESIAN_POINT('',(300.,0.));
#122 = VECTOR('',#123,1.);
#123 = DIRECTION('',(0.,-1.));
#124 = ( GEOMETRIC_REPRESENTATION_CONTEXT(2) 
PARAMETRIC_REPRESENTATION_CONTEXT() REPRESENTATION_CONTEXT('2D SPACE',''
  ) );
#125 = PCURVE('',#126,#131);
#126 = PLANE('',#127);
#127 = AXIS2_PLACEMENT_3D('',#128,#129,#130);
#128 = CARTESIAN_POINT('',(-100.,-25.,150.));
#129 = DIRECTION('',(0.,0.,1.));
#130 = DIRECTION('',(1.,0.,0.));
#131 = DEFINITIONAL_REPRESENTATION('',(#132),#136);
#132 = LINE('',#133,#134);
#133 = CARTESIAN_POINT('',(0.,0.));
#134 = VECTOR('',#135,1.);
#135 = DIRECTION('',(0.,1.));
#136 = ( GEOMETRIC_REPRESENTATION_CONTEXT(2) 
PARAMETRIC_REPRESENTATION_CONTEXT() REPRESENTATION_CONTEXT('2D SPACE',''
  ) );
#137 = ADVANCED_FACE('',(#138,#213,#244,#275,#306,#337),#44,.F.);
#138 = FACE_BOUND('',#139,.F.);
#139 = EDGE_LOOP('',(#140,#163,#164,#187));
#140 = ORIENTED_EDGE('',*,*,#141,.F.);
#141 = EDGE_CURVE('',#22,#142,#144,.T.);
#142 = VERTEX_POINT('',#143);
#143 = CARTESIAN_POINT('',(100.,-25.,-150.));
#144 = SURFACE_CURVE('',#145,(#149,#156),.PCURVE_S1.);
#145 = LINE('',#146,#147);
#146 = CARTESIAN_POINT('',(-100.,-25.,-150.));
#147 = VECTOR('',#148,1.);
#148 = DIRECTION('',(1.,0.,0.));
#149 = PCURVE('',#44,#150);
#150 = DEFINITIONAL_REPRESENTATION('',(#151),#155);
#151 = LINE('',#152,#153);
#152 = CARTESIAN_POINT('',(0.,0.));
#153 = VECTOR('',#154,1.);
#154 = DIRECTION('',(0.,1.));
#155 = ( GEOMETRIC_REPRESENTATION_CONTEXT(2) 
PARAMETRIC_REPRESENTATION_CONTEXT() REPRESENTATION_CONTEXT('2D SPACE',''
  ) );
#156 = PCURVE('',#72,#157);
#157 = DEFINITIONAL_REPRESENTATION('',(#158),#162);
#158 = LINE('',#159,#160);
#159 = CARTESIAN_POINT('',(0.,0.));
#160 = VECTOR('',#161,1.);
#161 = DIRECTION('',(1.,0.));
#162 = ( GEOMETRIC_REPRESENTATION_CONTEXT(2) 
PARAMETRIC_REPRESENTATION_CONTEXT() REPRESENTATION_CONTEXT('2D SPACE',''
  ) );
#163 = ORIENTED_EDGE('',*,*,#21,.T.);
#164 = ORIENTED_EDGE('',*,*,#165,.T.);
#165 = EDGE_CURVE('',#24,#166,#168,.T.);
#166 = VERTEX_POINT('',#167);
#167 = CARTESIAN_POINT('',(100.,-25.,150.));
#168 = SURFACE_CURVE('',#169,(#173,#180),.PCURVE_S1.);
#169 = LINE('',#170,#171);
#170 = CARTESIAN_POINT('',(-100.,-25.,150.));
#171 = VECTOR('',#172,1.);
#172 = DIRECTION('',(1.,0.,0.));
#173 = PCURVE('',#44,#174);
#174 = DEFINITIONAL_REPRESENTATION('',(#175),#179);
#175 = LINE('',#176,#177);
#176 = CARTESIAN_POINT('',(300.,0.));
#177 = VECTOR('',#178,1.);
#178 = DIRECTION('',(0.,1.));
#179 = ( GEOMETRIC_REPRESENTATION_CONTEXT(2) 
PARAMETRIC_REPRESENTATION_CONTEXT() REPRESENTATION_CONTEXT('2D SPACE',''
  ) );
#180 = PCURVE('',#126,#181);
#181 = DEFINITIONAL_REPRESENTATION('',(#182),#186);
#182 = LINE('',#183,#184);
#183 = CARTESIAN_POINT('',(0.,0.));
#184 = VECTOR('',#185,1.);
#185 = DIRECTION('',(1.,0.));
#186 = ( GEOMETRIC_REPRESENTATION_CONTEXT(2) 
PARAMETRIC_REPRESENTATION_CONTEXT() REPRESENTATION_CONTEXT('2D SPACE',''
  ) );
#187 = ORIENTED_EDGE('',*,*,#188,.F.);
#188 = EDGE_CURVE('',#142,#166,#189,.T.);
#189 = SURFACE_CURVE('',#190,(#194,#201),.PCURVE_S1.);
#190 = LINE('',#191,#192);
#191 = CARTESIAN_POINT('',(100.,-25.,-150.));
#192 = VECTOR('',#193,1.);
#193 = DIRECTION('',(0.,0.,1.));
#194 = PCURVE('',#44,#195);
#195 = DEFINITIONAL_REPRESENTATION('',(#196),#200);
#196 = LINE('',#197,#198);
#197 = CARTESIAN_POINT('',(0.,200.));
#198 = VECTOR('',#199,1.);
#199 = DIRECTION('',(1.,0.));
#200 = ( GEOMETRIC_REPRESENTATION_CONTEXT(2) 
PARAMETRIC_REPRESENTATION_CONTEXT() REPRESENTATION_CONTEXT('2D SPACE',''
  ) );
#201 = PCURVE('',#202,#207);
#202 = PLANE('',#203);
#203 = AXIS2_PLACEMENT_3D('',#204,#205,#206);
#204 = CARTESIAN_POINT('',(100.,-25.,-150.));
#205 = DIRECTION('',(1.,0.,0.));
#206 = DIRECTION('',(0.,0.,1.));
#207 = DEFINITIONAL_REPRESENTATION('',(#208),#212);
#208 = LINE('',#209,#210);
#209 = CARTESIAN_POINT('',(0.,0.));
#210 = VECTOR('',#211,1.);
#211 = DIRECTION('',(1.,0.));
#212 = ( GEOMETRIC_REPRESENTATION_CONTEXT(2) 
PARAMETRIC_REPRESENTATION_CONTEXT() REPRESENTATION_CONTEXT('2D SPACE',''
  ) );
#213 = FACE_BOUND('',#214,.F.);
#214 = EDGE_LOOP('',(#215));
#215 = ORIENTED_EDGE('',*,*,#216,.F.);
#216 = EDGE_CURVE('',#217,#217,#219,.T.);
#217 = VERTEX_POINT('',#218);
#218 = CARTESIAN_POINT('',(-50.,-25.,83.));
#219 = SURFACE_CURVE('',#220,(#225,#232),.PCURVE_S1.);
#220 = CIRCLE('',#221,8.);
#221 = AXIS2_PLACEMENT_3D('',#222,#223,#224);
#222 = CARTESIAN_POINT('',(-50.,-25.,75.));
#223 = DIRECTION('',(0.,1.,0.));
#224 = DIRECTION('',(0.,0.,1.));
#225 = PCURVE('',#44,#226);
#226 = DEFINITIONAL_REPRESENTATION('',(#227),#231);
#227 = CIRCLE('',#228,8.);
#228 = AXIS2_PLACEMENT_2D('',#229,#230);
#229 = CARTESIAN_POINT('',(225.,50.));
#230 = DIRECTION('',(1.,0.));
#231 = ( GEOMETRIC_REPRESENTATION_CONTEXT(2) 
PARAMETRIC_REPRESENTATION_CONTEXT() REPRESENTATION_CONTEXT('2D SPACE',''
  ) );
#232 = PCURVE('',#233,#238);
#233 = CYLINDRICAL_SURFACE('',#234,8.);
#234 = AXIS2_PLACEMENT_3D('',#235,#236,#237);
#235 = CARTESIAN_POINT('',(-50.,-25.,75.));
#236 = DIRECTION('',(-0.,-1.,-0.));
#237 = DIRECTION('',(0.,0.,1.));
#238 = DEFINITIONAL_REPRESENTATION('',(#239),#243);
#239 = LINE('',#240,#241);
#240 = CARTESIAN_POINT('',(-0.,0.));
#241 = VECTOR('',#242,1.);
#242 = DIRECTION('',(-1.,0.));
#243 = ( GEOMETRIC_REPRESENTATION_CONTEXT(2) 
PARAMETRIC_REPRESENTATION_CONTEXT() REPRESENTATION_CONTEXT('2D SPACE',''
  ) );
#244 = FACE_BOUND('',#245,.F.);
#245 = EDGE_LOOP('',(#246));
#246 = ORIENTED_EDGE('',*,*,#247,.F.);
#247 = EDGE_CURVE('',#248,#248,#250,.T.);
#248 = VERTEX_POINT('',#249);
#249 = CARTESIAN_POINT('',(-33.33333333333,-25.,55.));
#250 = SURFACE_CURVE('',#251,(#256,#263),.PCURVE_S1.);
#251 = CIRCLE('',#252,5.);
#252 = AXIS2_PLACEMENT_3D('',#253,#254,#255);
#253 = CARTESIAN_POINT('',(-33.33333333333,-25.,50.));
#254 = DIRECTION('',(0.,1.,0.));
#255 = DIRECTION('',(0.,-0.,1.));
#256 = PCURVE('',#44,#257);
#257 = DEFINITIONAL_REPRESENTATION('',(#258),#262);
#258 = CIRCLE('',#259,5.);
#259 = AXIS2_PLACEMENT_2D('',#260,#261);
#260 = CARTESIAN_POINT('',(200.,66.666666666667));
#261 = DIRECTION('',(1.,0.));
#262 = ( GEOMETRIC_REPRESENTATION_CONTEXT(2) 
PARAMETRIC_REPRESENTATION_CONTEXT() REPRESENTATION_CONTEXT('2D SPACE',''
  ) );
#263 = PCURVE('',#264,#269);
#264 = CYLINDRICAL_SURFACE('',#265,5.);
#265 = AXIS2_PLACEMENT_3D('',#266,#267,#268);
#266 = CARTESIAN_POINT('',(-33.33333333333,23.39218452154,50.));
#267 = DIRECTION('',(0.,1.,0.));
#268 = DIRECTION('',(0.,0.,1.));
#269 = DEFINITIONAL_REPRESENTATION('',(#270),#274);
#270 = LINE('',#271,#272);
#271 = CARTESIAN_POINT('',(0.,-48.39218452154));
#272 = VECTOR('',#273,1.);
#273 = DIRECTION('',(1.,0.));
#274 = ( GEOMETRIC_REPRESENTATION_CONTEXT(2) 
PARAMETRIC_REPRESENTATION_CONTEXT() REPRESENTATION_CONTEXT('2D SPACE',''
  ) );
#275 = FACE_BOUND('',#276,.F.);
#276 = EDGE_LOOP('',(#277));
#277 = ORIENTED_EDGE('',*,*,#278,.F.);
#278 = EDGE_CURVE('',#279,#279,#281,.T.);
#279 = VERTEX_POINT('',#280);
#280 = CARTESIAN_POINT('',(33.333333333333,-25.,-45.));
#281 = SURFACE_CURVE('',#282,(#287,#294),.PCURVE_S1.);
#282 = CIRCLE('',#283,5.);
#283 = AXIS2_PLACEMENT_3D('',#284,#285,#286);
#284 = CARTESIAN_POINT('',(33.333333333333,-25.,-50.));
#285 = DIRECTION('',(0.,1.,0.));
#286 = DIRECTION('',(0.,-0.,1.));
#287 = PCURVE('',#44,#288);
#288 = DEFINITIONAL_REPRESENTATION('',(#289),#293);
#289 = CIRCLE('',#290,5.);
#290 = AXIS2_PLACEMENT_2D('',#291,#292);
#291 = CARTESIAN_POINT('',(100.,133.33333333333));
#292 = DIRECTION('',(1.,0.));
#293 = ( GEOMETRIC_REPRESENTATION_CONTEXT(2) 
PARAMETRIC_REPRESENTATION_CONTEXT() REPRESENTATION_CONTEXT('2D SPACE',''
  ) );
#294 = PCURVE('',#295,#300);
#295 = CYLINDRICAL_SURFACE('',#296,5.);
#296 = AXIS2_PLACEMENT_3D('',#297,#298,#299);
#297 = CARTESIAN_POINT('',(33.333333333333,23.39218452154,-50.));
#298 = DIRECTION('',(0.,1.,0.));
#299 = DIRECTION('',(0.,0.,1.));
#300 = DEFINITIONAL_REPRESENTATION('',(#301),#305);
#301 = LINE('',#302,#303);
#302 = CARTESIAN_POINT('',(0.,-48.39218452154));
#303 = VECTOR('',#304,1.);
#304 = DIRECTION('',(1.,0.));
#305 = ( GEOMETRIC_REPRESENTATION_CONTEXT(2) 
PARAMETRIC_REPRESENTATION_CONTEXT() REPRESENTATION_CONTEXT('2D SPACE',''
  ) );
#306 = FACE_BOUND('',#307,.F.);
#307 = EDGE_LOOP('',(#308));
#308 = ORIENTED_EDGE('',*,*,#309,.F.);
#309 = EDGE_CURVE('',#310,#310,#312,.T.);
#310 = VERTEX_POINT('',#311);
#311 = CARTESIAN_POINT('',(50.,-25.,-67.));
#312 = SURFACE_CURVE('',#313,(#318,#325),.PCURVE_S1.);
#313 = CIRCLE('',#314,8.);
#314 = AXIS2_PLACEMENT_3D('',#315,#316,#317);
#315 = CARTESIAN_POINT('',(50.,-25.,-75.));
#316 = DIRECTION('',(0.,1.,0.));
#317 = DIRECTION('',(0.,0.,1.));
#318 = PCURVE('',#44,#319);
#319 = DEFINITIONAL_REPRESENTATION('',(#320),#324);
#320 = CIRCLE('',#321,8.);
#321 = AXIS2_PLACEMENT_2D('',#322,#323);
#322 = CARTESIAN_POINT('',(75.,150.));
#323 = DIRECTION('',(1.,0.));
#324 = ( GEOMETRIC_REPRESENTATION_CONTEXT(2) 
PARAMETRIC_REPRESENTATION_CONTEXT() REPRESENTATION_CONTEXT('2D SPACE',''
  ) );
#325 = PCURVE('',#326,#331);
#326 = CYLINDRICAL_SURFACE('',#327,8.);
#327 = AXIS2_PLACEMENT_3D('',#328,#329,#330);
#328 = CARTESIAN_POINT('',(50.,-25.,-75.));
#329 = DIRECTION('',(-0.,-1.,-0.));
#330 = DIRECTION('',(0.,0.,1.));
#331 = DEFINITIONAL_REPRESENTATION('',(#332),#336);
#332 = LINE('',#333,#334);
#333 = CARTESIAN_POINT('',(-0.,0.));
#334 = VECTOR('',#335,1.);
#335 = DIRECTION('',(-1.,0.));
#336 = ( GEOMETRIC_REPRESENTATION_CONTEXT(2) 
PARAMETRIC_REPRESENTATION_CONTEXT() REPRESENTATION_CONTEXT('2D SPACE',''
  ) );
#337 = FACE_BOUND('',#338,.F.);
#338 = EDGE_LOOP('',(#339));
#339 = ORIENTED_EDGE('',*,*,#340,.F.);
#340 = EDGE_CURVE('',#341,#341,#343,.T.);
#341 = VERTEX_POINT('',#342);
#342 = CARTESIAN_POINT('',(0.,-25.,8.));
#343 = SURFACE_CURVE('',#344,(#349,#356),.PCURVE_S1.);
#344 = CIRCLE('',#345,8.);
#345 = AXIS2_PLACEMENT_3D('',#346,#347,#348);
#346 = CARTESIAN_POINT('',(0.,-25.,0.));
#347 = DIRECTION('',(0.,1.,0.));
#348 = DIRECTION('',(0.,0.,1.));
#349 = PCURVE('',#44,#350);
#350 = DEFINITIONAL_REPRESENTATION('',(#351),#355);
#351 = CIRCLE('',#352,8.);
#352 = AXIS2_PLACEMENT_2D('',#353,#354);
#353 = CARTESIAN_POINT('',(150.,100.));
#354 = DIRECTION('',(1.,0.));
#355 = ( GEOMETRIC_REPRESENTATION_CONTEXT(2) 
PARAMETRIC_REPRESENTATION_CONTEXT() REPRESENTATION_CONTEXT('2D SPACE',''
  ) );
#356 = PCURVE('',#357,#362);
#357 = CYLINDRICAL_SURFACE('',#358,8.);
#358 = AXIS2_PLACEMENT_3D('',#359,#360,#361);
#359 = CARTESIAN_POINT('',(0.,-25.,0.));
#360 = DIRECTION('',(-0.,-1.,-0.));
#361 = DIRECTION('',(0.,0.,1.));
#362 = DEFINITIONAL_REPRESENTATION('',(#363),#367);
#363 = LINE('',#364,#365);
#364 = CARTESIAN_POINT('',(-0.,0.));
#365 = VECTOR('',#366,1.);
#366 = DIRECTION('',(-1.,0.));
#367 = ( GEOMETRIC_REPRESENTATION_CONTEXT(2) 
PARAMETRIC_REPRESENTATION_CONTEXT() REPRESENTATION_CONTEXT('2D SPACE',''
  ) );
#368 = ADVANCED_FACE('',(#369),#126,.T.);
#369 = FACE_BOUND('',#370,.T.);
#370 = EDGE_LOOP('',(#371,#372,#373,#396));
#371 = ORIENTED_EDGE('',*,*,#112,.F.);
#372 = ORIENTED_EDGE('',*,*,#165,.T.);
#373 = ORIENTED_EDGE('',*,*,#374,.T.);
#374 = EDGE_CURVE('',#166,#375,#377,.T.);
#375 = VERTEX_POINT('',#376);
#376 = CARTESIAN_POINT('',(100.,25.,150.));
#377 = SURFACE_CURVE('',#378,(#382,#389),.PCURVE_S1.);
#378 = LINE('',#379,#380);
#379 = CARTESIAN_POINT('',(100.,-25.,150.));
#380 = VECTOR('',#381,1.);
#381 = DIRECTION('',(0.,1.,0.));
#382 = PCURVE('',#126,#383);
#383 = DEFINITIONAL_REPRESENTATION('',(#384),#388);
#384 = LINE('',#385,#386);
#385 = CARTESIAN_POINT('',(200.,0.));
#386 = VECTOR('',#387,1.);
#387 = DIRECTION('',(0.,1.));
#388 = ( GEOMETRIC_REPRESENTATION_CONTEXT(2) 
PARAMETRIC_REPRESENTATION_CONTEXT() REPRESENTATION_CONTEXT('2D SPACE',''
  ) );
#389 = PCURVE('',#202,#390);
#390 = DEFINITIONAL_REPRESENTATION('',(#391),#395);
#391 = LINE('',#392,#393);
#392 = CARTESIAN_POINT('',(300.,0.));
#393 = VECTOR('',#394,1.);
#394 = DIRECTION('',(0.,-1.));
#395 = ( GEOMETRIC_REPRESENTATION_CONTEXT(2) 
PARAMETRIC_REPRESENTATION_CONTEXT() REPRESENTATION_CONTEXT('2D SPACE',''
  ) );
#396 = ORIENTED_EDGE('',*,*,#397,.F.);
#397 = EDGE_CURVE('',#85,#375,#398,.T.);
#398 = SURFACE_CURVE('',#399,(#403,#410),.PCURVE_S1.);
#399 = LINE('',#400,#401);
#400 = CARTESIAN_POINT('',(-100.,25.,150.));
#401 = VECTOR('',#402,1.);
#402 = DIRECTION('',(1.,0.,0.));
#403 = PCURVE('',#126,#404);
#404 = DEFINITIONAL_REPRESENTATION('',(#405),#409);
#405 = LINE('',#406,#407);
#406 = CARTESIAN_POINT('',(0.,50.));
#407 = VECTOR('',#408,1.);
#408 = DIRECTION('',(1.,0.));
#409 = ( GEOMETRIC_REPRESENTATION_CONTEXT(2) 
PARAMETRIC_REPRESENTATION_CONTEXT() REPRESENTATION_CONTEXT('2D SPACE',''
  ) );
#410 = PCURVE('',#100,#411);
#411 = DEFINITIONAL_REPRESENTATION('',(#412),#416);
#412 = LINE('',#413,#414);
#413 = CARTESIAN_POINT('',(300.,0.));
#414 = VECTOR('',#415,1.);
#415 = DIRECTION('',(0.,1.));
#416 = ( GEOMETRIC_REPRESENTATION_CONTEXT(2) 
PARAMETRIC_REPRESENTATION_CONTEXT() REPRESENTATION_CONTEXT('2D SPACE',''
  ) );
#417 = ADVANCED_FACE('',(#418,#466,#501,#532,#563,#598),#100,.T.);
#418 = FACE_BOUND('',#419,.T.);
#419 = EDGE_LOOP('',(#420,#443,#444,#445));
#420 = ORIENTED_EDGE('',*,*,#421,.F.);
#421 = EDGE_CURVE('',#57,#422,#424,.T.);
#422 = VERTEX_POINT('',#423);
#423 = CARTESIAN_POINT('',(100.,25.,-150.));
#424 = SURFACE_CURVE('',#425,(#429,#436),.PCURVE_S1.);
#425 = LINE('',#426,#427);
#426 = CARTESIAN_POINT('',(-100.,25.,-150.));
#427 = VECTOR('',#428,1.);
#428 = DIRECTION('',(1.,0.,0.));
#429 = PCURVE('',#100,#430);
#430 = DEFINITIONAL_REPRESENTATION('',(#431),#435);
#431 = LINE('',#432,#433);
#432 = CARTESIAN_POINT('',(0.,0.));
#433 = VECTOR('',#434,1.);
#434 = DIRECTION('',(0.,1.));
#435 = ( GEOMETRIC_REPRESENTATION_CONTEXT(2) 
PARAMETRIC_REPRESENTATION_CONTEXT() REPRESENTATION_CONTEXT('2D SPACE',''
  ) );
#436 = PCURVE('',#72,#437);
#437 = DEFINITIONAL_REPRESENTATION('',(#438),#442);
#438 = LINE('',#439,#440);
#439 = CARTESIAN_POINT('',(0.,50.));
#440 = VECTOR('',#441,1.);
#441 = DIRECTION('',(1.,0.));
#442 = ( GEOMETRIC_REPRESENTATION_CONTEXT(2) 
PARAMETRIC_REPRESENTATION_CONTEXT() REPRESENTATION_CONTEXT('2D SPACE',''
  ) );
#443 = ORIENTED_EDGE('',*,*,#84,.T.);
#444 = ORIENTED_EDGE('',*,*,#397,.T.);
#445 = ORIENTED_EDGE('',*,*,#446,.F.);
#446 = EDGE_CURVE('',#422,#375,#447,.T.);
#447 = SURFACE_CURVE('',#448,(#452,#459),.PCURVE_S1.);
#448 = LINE('',#449,#450);
#449 = CARTESIAN_POINT('',(100.,25.,-150.));
#450 = VECTOR('',#451,1.);
#451 = DIRECTION('',(0.,0.,1.));
#452 = PCURVE('',#100,#453);
#453 = DEFINITIONAL_REPRESENTATION('',(#454),#458);
#454 = LINE('',#455,#456);
#455 = CARTESIAN_POINT('',(0.,200.));
#456 = VECTOR('',#457,1.);
#457 = DIRECTION('',(1.,0.));
#458 = ( GEOMETRIC_REPRESENTATION_CONTEXT(2) 
PARAMETRIC_REPRESENTATION_CONTEXT() REPRESENTATION_CONTEXT('2D SPACE',''
  ) );
#459 = PCURVE('',#202,#460);
#460 = DEFINITIONAL_REPRESENTATION('',(#461),#465);
#461 = LINE('',#462,#463);
#462 = CARTESIAN_POINT('',(0.,-50.));
#463 = VECTOR('',#464,1.);
#464 = DIRECTION('',(1.,0.));
#465 = ( GEOMETRIC_REPRESENTATION_CONTEXT(2) 
PARAMETRIC_REPRESENTATION_CONTEXT() REPRESENTATION_CONTEXT('2D SPACE',''
  ) );
#466 = FACE_BOUND('',#467,.T.);
#467 = EDGE_LOOP('',(#468));
#468 = ORIENTED_EDGE('',*,*,#469,.T.);
#469 = EDGE_CURVE('',#470,#470,#472,.T.);
#470 = VERTEX_POINT('',#471);
#471 = CARTESIAN_POINT('',(-50.,25.,80.));
#472 = SURFACE_CURVE('',#473,(#478,#489),.PCURVE_S1.);
#473 = CIRCLE('',#474,5.);
#474 = AXIS2_PLACEMENT_3D('',#475,#476,#477);
#475 = CARTESIAN_POINT('',(-50.,25.,75.));
#476 = DIRECTION('',(0.,-1.,0.));
#477 = DIRECTION('',(0.,0.,1.));
#478 = PCURVE('',#100,#479);
#479 = DEFINITIONAL_REPRESENTATION('',(#480),#488);
#480 = ( BOUNDED_CURVE() B_SPLINE_CURVE(2,(#481,#482,#483,#484,#485,#486
,#487),.UNSPECIFIED.,.T.,.F.) B_SPLINE_CURVE_WITH_KNOTS((1,2,2,2,2,1),(
    -2.094395102393,0.,2.094395102393,4.188790204786,6.28318530718,
8.377580409573),.UNSPECIFIED.) CURVE() GEOMETRIC_REPRESENTATION_ITEM() 
RATIONAL_B_SPLINE_CURVE((1.,0.5,1.,0.5,1.,0.5,1.)) REPRESENTATION_ITEM(
  '') );
#481 = CARTESIAN_POINT('',(230.,50.));
#482 = CARTESIAN_POINT('',(230.,41.339745962156));
#483 = CARTESIAN_POINT('',(222.5,45.669872981078));
#484 = CARTESIAN_POINT('',(215.,50.));
#485 = CARTESIAN_POINT('',(222.5,54.330127018922));
#486 = CARTESIAN_POINT('',(230.,58.660254037844));
#487 = CARTESIAN_POINT('',(230.,50.));
#488 = ( GEOMETRIC_REPRESENTATION_CONTEXT(2) 
PARAMETRIC_REPRESENTATION_CONTEXT() REPRESENTATION_CONTEXT('2D SPACE',''
  ) );
#489 = PCURVE('',#490,#495);
#490 = CYLINDRICAL_SURFACE('',#491,5.);
#491 = AXIS2_PLACEMENT_3D('',#492,#493,#494);
#492 = CARTESIAN_POINT('',(-50.,-22.75,75.));
#493 = DIRECTION('',(-0.,-1.,-0.));
#494 = DIRECTION('',(0.,0.,1.));
#495 = DEFINITIONAL_REPRESENTATION('',(#496),#500);
#496 = LINE('',#497,#498);
#497 = CARTESIAN_POINT('',(-6.28318530718,-47.75));
#498 = VECTOR('',#499,1.);
#499 = DIRECTION('',(1.,-0.));
#500 = ( GEOMETRIC_REPRESENTATION_CONTEXT(2) 
PARAMETRIC_REPRESENTATION_CONTEXT() REPRESENTATION_CONTEXT('2D SPACE',''
  ) );
#501 = FACE_BOUND('',#502,.T.);
#502 = EDGE_LOOP('',(#503));
#503 = ORIENTED_EDGE('',*,*,#504,.F.);
#504 = EDGE_CURVE('',#505,#505,#507,.T.);
#505 = VERTEX_POINT('',#506);
#506 = CARTESIAN_POINT('',(-33.33333333333,25.,58.));
#507 = SURFACE_CURVE('',#508,(#513,#520),.PCURVE_S1.);
#508 = CIRCLE('',#509,8.);
#509 = AXIS2_PLACEMENT_3D('',#510,#511,#512);
#510 = CARTESIAN_POINT('',(-33.33333333333,25.,50.));
#511 = DIRECTION('',(0.,1.,0.));
#512 = DIRECTION('',(0.,0.,1.));
#513 = PCURVE('',#100,#514);
#514 = DEFINITIONAL_REPRESENTATION('',(#515),#519);
#515 = CIRCLE('',#516,8.);
#516 = AXIS2_PLACEMENT_2D('',#517,#518);
#517 = CARTESIAN_POINT('',(200.,66.666666666667));
#518 = DIRECTION('',(1.,0.));
#519 = ( GEOMETRIC_REPRESENTATION_CONTEXT(2) 
PARAMETRIC_REPRESENTATION_CONTEXT() REPRESENTATION_CONTEXT('2D SPACE',''
  ) );
#520 = PCURVE('',#521,#526);
#521 = CYLINDRICAL_SURFACE('',#522,8.);
#522 = AXIS2_PLACEMENT_3D('',#523,#524,#525);
#523 = CARTESIAN_POINT('',(-33.33333333333,25.,50.));
#524 = DIRECTION('',(0.,1.,0.));
#525 = DIRECTION('',(0.,0.,1.));
#526 = DEFINITIONAL_REPRESENTATION('',(#527),#531);
#527 = LINE('',#528,#529);
#528 = CARTESIAN_POINT('',(0.,0.));
#529 = VECTOR('',#530,1.);
#530 = DIRECTION('',(1.,0.));
#531 = ( GEOMETRIC_REPRESENTATION_CONTEXT(2) 
PARAMETRIC_REPRESENTATION_CONTEXT() REPRESENTATION_CONTEXT('2D SPACE',''
  ) );
#532 = FACE_BOUND('',#533,.T.);
#533 = EDGE_LOOP('',(#534));
#534 = ORIENTED_EDGE('',*,*,#535,.F.);
#535 = EDGE_CURVE('',#536,#536,#538,.T.);
#536 = VERTEX_POINT('',#537);
#537 = CARTESIAN_POINT('',(33.333333333333,25.,-42.));
#538 = SURFACE_CURVE('',#539,(#544,#551),.PCURVE_S1.);
#539 = CIRCLE('',#540,8.);
#540 = AXIS2_PLACEMENT_3D('',#541,#542,#543);
#541 = CARTESIAN_POINT('',(33.333333333333,25.,-50.));
#542 = DIRECTION('',(0.,1.,0.));
#543 = DIRECTION('',(0.,0.,1.));
#544 = PCURVE('',#100,#545);
#545 = DEFINITIONAL_REPRESENTATION('',(#546),#550);
#546 = CIRCLE('',#547,8.);
#547 = AXIS2_PLACEMENT_2D('',#548,#549);
#548 = CARTESIAN_POINT('',(100.,133.33333333333));
#549 = DIRECTION('',(1.,0.));
#550 = ( GEOMETRIC_REPRESENTATION_CONTEXT(2) 
PARAMETRIC_REPRESENTATION_CONTEXT() REPRESENTATION_CONTEXT('2D SPACE',''
  ) );
#551 = PCURVE('',#552,#557);
#552 = CYLINDRICAL_SURFACE('',#553,8.);
#553 = AXIS2_PLACEMENT_3D('',#554,#555,#556);
#554 = CARTESIAN_POINT('',(33.333333333333,25.,-50.));
#555 = DIRECTION('',(0.,1.,0.));
#556 = DIRECTION('',(0.,0.,1.));
#557 = DEFINITIONAL_REPRESENTATION('',(#558),#562);
#558 = LINE('',#559,#560);
#559 = CARTESIAN_POINT('',(0.,0.));
#560 = VECTOR('',#561,1.);
#561 = DIRECTION('',(1.,0.));
#562 = ( GEOMETRIC_REPRESENTATION_CONTEXT(2) 
PARAMETRIC_REPRESENTATION_CONTEXT() REPRESENTATION_CONTEXT('2D SPACE',''
  ) );
#563 = FACE_BOUND('',#564,.T.);
#564 = EDGE_LOOP('',(#565));
#565 = ORIENTED_EDGE('',*,*,#566,.T.);
#566 = EDGE_CURVE('',#567,#567,#569,.T.);
#567 = VERTEX_POINT('',#568);
#568 = CARTESIAN_POINT('',(50.,25.,-70.));
#569 = SURFACE_CURVE('',#570,(#575,#586),.PCURVE_S1.);
#570 = CIRCLE('',#571,5.);
#571 = AXIS2_PLACEMENT_3D('',#572,#573,#574);
#572 = CARTESIAN_POINT('',(50.,25.,-75.));
#573 = DIRECTION('',(0.,-1.,0.));
#574 = DIRECTION('',(0.,0.,1.));
#575 = PCURVE('',#100,#576);
#576 = DEFINITIONAL_REPRESENTATION('',(#577),#585);
#577 = ( BOUNDED_CURVE() B_SPLINE_CURVE(2,(#578,#579,#580,#581,#582,#583
,#584),.UNSPECIFIED.,.T.,.F.) B_SPLINE_CURVE_WITH_KNOTS((1,2,2,2,2,1),(
    -2.094395102393,0.,2.094395102393,4.188790204786,6.28318530718,
8.377580409573),.UNSPECIFIED.) CURVE() GEOMETRIC_REPRESENTATION_ITEM() 
RATIONAL_B_SPLINE_CURVE((1.,0.5,1.,0.5,1.,0.5,1.)) REPRESENTATION_ITEM(
  '') );
#578 = CARTESIAN_POINT('',(80.,150.));
#579 = CARTESIAN_POINT('',(80.,141.33974596215));
#580 = CARTESIAN_POINT('',(72.5,145.66987298107));
#581 = CARTESIAN_POINT('',(65.,150.));
#582 = CARTESIAN_POINT('',(72.5,154.33012701892));
#583 = CARTESIAN_POINT('',(80.,158.66025403784));
#584 = CARTESIAN_POINT('',(80.,150.));
#585 = ( GEOMETRIC_REPRESENTATION_CONTEXT(2) 
PARAMETRIC_REPRESENTATION_CONTEXT() REPRESENTATION_CONTEXT('2D SPACE',''
  ) );
#586 = PCURVE('',#587,#592);
#587 = CYLINDRICAL_SURFACE('',#588,5.);
#588 = AXIS2_PLACEMENT_3D('',#589,#590,#591);
#589 = CARTESIAN_POINT('',(50.,-22.75,-75.));
#590 = DIRECTION('',(-0.,-1.,-0.));
#591 = DIRECTION('',(0.,0.,1.));
#592 = DEFINITIONAL_REPRESENTATION('',(#593),#597);
#593 = LINE('',#594,#595);
#594 = CARTESIAN_POINT('',(-6.28318530718,-47.75));
#595 = VECTOR('',#596,1.);
#596 = DIRECTION('',(1.,-0.));
#597 = ( GEOMETRIC_REPRESENTATION_CONTEXT(2) 
PARAMETRIC_REPRESENTATION_CONTEXT() REPRESENTATION_CONTEXT('2D SPACE',''
  ) );
#598 = FACE_BOUND('',#599,.T.);
#599 = EDGE_LOOP('',(#600));
#600 = ORIENTED_EDGE('',*,*,#601,.T.);
#601 = EDGE_CURVE('',#602,#602,#604,.T.);
#602 = VERTEX_POINT('',#603);
#603 = CARTESIAN_POINT('',(0.,25.,5.));
#604 = SURFACE_CURVE('',#605,(#610,#621),.PCURVE_S1.);
#605 = CIRCLE('',#606,5.);
#606 = AXIS2_PLACEMENT_3D('',#607,#608,#609);
#607 = CARTESIAN_POINT('',(0.,25.,0.));
#608 = DIRECTION('',(0.,-1.,0.));
#609 = DIRECTION('',(0.,0.,1.));
#610 = PCURVE('',#100,#611);
#611 = DEFINITIONAL_REPRESENTATION('',(#612),#620);
#612 = ( BOUNDED_CURVE() B_SPLINE_CURVE(2,(#613,#614,#615,#616,#617,#618
,#619),.UNSPECIFIED.,.T.,.F.) B_SPLINE_CURVE_WITH_KNOTS((1,2,2,2,2,1),(
    -2.094395102393,0.,2.094395102393,4.188790204786,6.28318530718,
8.377580409573),.UNSPECIFIED.) CURVE() GEOMETRIC_REPRESENTATION_ITEM() 
RATIONAL_B_SPLINE_CURVE((1.,0.5,1.,0.5,1.,0.5,1.)) REPRESENTATION_ITEM(
  '') );
#613 = CARTESIAN_POINT('',(155.,100.));
#614 = CARTESIAN_POINT('',(155.,91.339745962156));
#615 = CARTESIAN_POINT('',(147.5,95.669872981078));
#616 = CARTESIAN_POINT('',(140.,100.));
#617 = CARTESIAN_POINT('',(147.5,104.33012701892));
#618 = CARTESIAN_POINT('',(155.,108.66025403784));
#619 = CARTESIAN_POINT('',(155.,100.));
#620 = ( GEOMETRIC_REPRESENTATION_CONTEXT(2) 
PARAMETRIC_REPRESENTATION_CONTEXT() REPRESENTATION_CONTEXT('2D SPACE',''
  ) );
#621 = PCURVE('',#622,#627);
#622 = CYLINDRICAL_SURFACE('',#623,5.);
#623 = AXIS2_PLACEMENT_3D('',#624,#625,#626);
#624 = CARTESIAN_POINT('',(0.,-22.75,0.));
#625 = DIRECTION('',(-0.,-1.,-0.));
#626 = DIRECTION('',(0.,0.,1.));
#627 = DEFINITIONAL_REPRESENTATION('',(#628),#632);
#628 = LINE('',#629,#630);
#629 = CARTESIAN_POINT('',(-6.28318530718,-47.75));
#630 = VECTOR('',#631,1.);
#631 = DIRECTION('',(1.,-0.));
#632 = ( GEOMETRIC_REPRESENTATION_CONTEXT(2) 
PARAMETRIC_REPRESENTATION_CONTEXT() REPRESENTATION_CONTEXT('2D SPACE',''
  ) );
#633 = ADVANCED_FACE('',(#634),#72,.F.);
#634 = FACE_BOUND('',#635,.F.);
#635 = EDGE_LOOP('',(#636,#637,#638,#659));
#636 = ORIENTED_EDGE('',*,*,#56,.F.);
#637 = ORIENTED_EDGE('',*,*,#141,.T.);
#638 = ORIENTED_EDGE('',*,*,#639,.T.);
#639 = EDGE_CURVE('',#142,#422,#640,.T.);
#640 = SURFACE_CURVE('',#641,(#645,#652),.PCURVE_S1.);
#641 = LINE('',#642,#643);
#642 = CARTESIAN_POINT('',(100.,-25.,-150.));
#643 = VECTOR('',#644,1.);
#644 = DIRECTION('',(0.,1.,0.));
#645 = PCURVE('',#72,#646);
#646 = DEFINITIONAL_REPRESENTATION('',(#647),#651);
#647 = LINE('',#648,#649);
#648 = CARTESIAN_POINT('',(200.,0.));
#649 = VECTOR('',#650,1.);
#650 = DIRECTION('',(0.,1.));
#651 = ( GEOMETRIC_REPRESENTATION_CONTEXT(2) 
PARAMETRIC_REPRESENTATION_CONTEXT() REPRESENTATION_CONTEXT('2D SPACE',''
  ) );
#652 = PCURVE('',#202,#653);
#653 = DEFINITIONAL_REPRESENTATION('',(#654),#658);
#654 = LINE('',#655,#656);
#655 = CARTESIAN_POINT('',(0.,0.));
#656 = VECTOR('',#657,1.);
#657 = DIRECTION('',(0.,-1.));
#658 = ( GEOMETRIC_REPRESENTATION_CONTEXT(2) 
PARAMETRIC_REPRESENTATION_CONTEXT() REPRESENTATION_CONTEXT('2D SPACE',''
  ) );
#659 = ORIENTED_EDGE('',*,*,#421,.F.);
#660 = ADVANCED_FACE('',(#661),#202,.T.);
#661 = FACE_BOUND('',#662,.T.);
#662 = EDGE_LOOP('',(#663,#664,#665,#666));
#663 = ORIENTED_EDGE('',*,*,#188,.F.);
#664 = ORIENTED_EDGE('',*,*,#639,.T.);
#665 = ORIENTED_EDGE('',*,*,#446,.T.);
#666 = ORIENTED_EDGE('',*,*,#374,.F.);
#667 = ADVANCED_FACE('',(#668),#233,.F.);
#668 = FACE_BOUND('',#669,.T.);
#669 = EDGE_LOOP('',(#670,#693,#720,#721));
#670 = ORIENTED_EDGE('',*,*,#671,.T.);
#671 = EDGE_CURVE('',#217,#672,#674,.T.);
#672 = VERTEX_POINT('',#673);
#673 = CARTESIAN_POINT('',(-50.,-20.5,83.));
#674 = SEAM_CURVE('',#675,(#679,#686),.PCURVE_S1.);
#675 = LINE('',#676,#677);
#676 = CARTESIAN_POINT('',(-50.,-25.,83.));
#677 = VECTOR('',#678,1.);
#678 = DIRECTION('',(0.,1.,0.));
#679 = PCURVE('',#233,#680);
#680 = DEFINITIONAL_REPRESENTATION('',(#681),#685);
#681 = LINE('',#682,#683);
#682 = CARTESIAN_POINT('',(-0.,0.));
#683 = VECTOR('',#684,1.);
#684 = DIRECTION('',(-0.,-1.));
#685 = ( GEOMETRIC_REPRESENTATION_CONTEXT(2) 
PARAMETRIC_REPRESENTATION_CONTEXT() REPRESENTATION_CONTEXT('2D SPACE',''
  ) );
#686 = PCURVE('',#233,#687);
#687 = DEFINITIONAL_REPRESENTATION('',(#688),#692);
#688 = LINE('',#689,#690);
#689 = CARTESIAN_POINT('',(-6.28318530718,0.));
#690 = VECTOR('',#691,1.);
#691 = DIRECTION('',(-0.,-1.));
#692 = ( GEOMETRIC_REPRESENTATION_CONTEXT(2) 
PARAMETRIC_REPRESENTATION_CONTEXT() REPRESENTATION_CONTEXT('2D SPACE',''
  ) );
#693 = ORIENTED_EDGE('',*,*,#694,.T.);
#694 = EDGE_CURVE('',#672,#672,#695,.T.);
#695 = SURFACE_CURVE('',#696,(#701,#708),.PCURVE_S1.);
#696 = CIRCLE('',#697,8.);
#697 = AXIS2_PLACEMENT_3D('',#698,#699,#700);
#698 = CARTESIAN_POINT('',(-50.,-20.5,75.));
#699 = DIRECTION('',(0.,1.,0.));
#700 = DIRECTION('',(0.,0.,1.));
#701 = PCURVE('',#233,#702);
#702 = DEFINITIONAL_REPRESENTATION('',(#703),#707);
#703 = LINE('',#704,#705);
#704 = CARTESIAN_POINT('',(-0.,-4.5));
#705 = VECTOR('',#706,1.);
#706 = DIRECTION('',(-1.,0.));
#707 = ( GEOMETRIC_REPRESENTATION_CONTEXT(2) 
PARAMETRIC_REPRESENTATION_CONTEXT() REPRESENTATION_CONTEXT('2D SPACE',''
  ) );
#708 = PCURVE('',#709,#714);
#709 = PLANE('',#710);
#710 = AXIS2_PLACEMENT_3D('',#711,#712,#713);
#711 = CARTESIAN_POINT('',(-50.,-20.5,75.));
#712 = DIRECTION('',(0.,1.,0.));
#713 = DIRECTION('',(0.,-0.,1.));
#714 = DEFINITIONAL_REPRESENTATION('',(#715),#719);
#715 = CIRCLE('',#716,8.);
#716 = AXIS2_PLACEMENT_2D('',#717,#718);
#717 = CARTESIAN_POINT('',(0.,0.));
#718 = DIRECTION('',(1.,0.));
#719 = ( GEOMETRIC_REPRESENTATION_CONTEXT(2) 
PARAMETRIC_REPRESENTATION_CONTEXT() REPRESENTATION_CONTEXT('2D SPACE',''
  ) );
#720 = ORIENTED_EDGE('',*,*,#671,.F.);
#721 = ORIENTED_EDGE('',*,*,#216,.F.);
#722 = ADVANCED_FACE('',(#723),#264,.F.);
#723 = FACE_BOUND('',#724,.F.);
#724 = EDGE_LOOP('',(#725,#748,#1923,#1924));
#725 = ORIENTED_EDGE('',*,*,#726,.F.);
#726 = EDGE_CURVE('',#727,#248,#729,.T.);
#727 = VERTEX_POINT('',#728);
#728 = CARTESIAN_POINT('',(-33.33333333333,21.6,55.));
#729 = SEAM_CURVE('',#730,(#734,#741),.PCURVE_S1.);
#730 = LINE('',#731,#732);
#731 = CARTESIAN_POINT('',(-33.33333333333,23.39218452154,55.));
#732 = VECTOR('',#733,1.);
#733 = DIRECTION('',(-0.,-1.,-0.));
#734 = PCURVE('',#264,#735);
#735 = DEFINITIONAL_REPRESENTATION('',(#736),#740);
#736 = LINE('',#737,#738);
#737 = CARTESIAN_POINT('',(6.28318530718,0.));
#738 = VECTOR('',#739,1.);
#739 = DIRECTION('',(0.,-1.));
#740 = ( GEOMETRIC_REPRESENTATION_CONTEXT(2) 
PARAMETRIC_REPRESENTATION_CONTEXT() REPRESENTATION_CONTEXT('2D SPACE',''
  ) );
#741 = PCURVE('',#264,#742);
#742 = DEFINITIONAL_REPRESENTATION('',(#743),#747);
#743 = LINE('',#744,#745);
#744 = CARTESIAN_POINT('',(0.,0.));
#745 = VECTOR('',#746,1.);
#746 = DIRECTION('',(0.,-1.));
#747 = ( GEOMETRIC_REPRESENTATION_CONTEXT(2) 
PARAMETRIC_REPRESENTATION_CONTEXT() REPRESENTATION_CONTEXT('2D SPACE',''
  ) );
#748 = ORIENTED_EDGE('',*,*,#749,.F.);
#749 = EDGE_CURVE('',#727,#727,#750,.T.);
#750 = SURFACE_CURVE('',#751,(#1138,#1528),.PCURVE_S1.);
#751 = B_SPLINE_CURVE_WITH_KNOTS('',7,(#752,#753,#754,#755,#756,#757,
    #758,#759,#760,#761,#762,#763,#764,#765,#766,#767,#768,#769,#770,
    #771,#772,#773,#774,#775,#776,#777,#778,#779,#780,#781,#782,#783,
    #784,#785,#786,#787,#788,#789,#790,#791,#792,#793,#794,#795,#796,
    #797,#798,#799,#800,#801,#802,#803,#804,#805,#806,#807,#808,#809,
    #810,#811,#812,#813,#814,#815,#816,#817,#818,#819,#820,#821,#822,
    #823,#824,#825,#826,#827,#828,#829,#830,#831,#832,#833,#834,#835,
    #836,#837,#838,#839,#840,#841,#842,#843,#844,#845,#846,#847,#848,
    #849,#850,#851,#852,#853,#854,#855,#856,#857,#858,#859,#860,#861,
    #862,#863,#864,#865,#866,#867,#868,#869,#870,#871,#872,#873,#874,
    #875,#876,#877,#878,#879,#880,#881,#882,#883,#884,#885,#886,#887,
    #888,#889,#890,#891,#892,#893,#894,#895,#896,#897,#898,#899,#900,
    #901,#902,#903,#904,#905,#906,#907,#908,#909,#910,#911,#912,#913,
    #914,#915,#916,#917,#918,#919,#920,#921,#922,#923,#924,#925,#926,
    #927,#928,#929,#930,#931,#932,#933,#934,#935,#936,#937,#938,#939,
    #940,#941,#942,#943,#944,#945,#946,#947,#948,#949,#950,#951,#952,
    #953,#954,#955,#956,#957,#958,#959,#960,#961,#962,#963,#964,#965,
    #966,#967,#968,#969,#970,#971,#972,#973,#974,#975,#976,#977,#978,
    #979,#980,#981,#982,#983,#984,#985,#986,#987,#988,#989,#990,#991,
    #992,#993,#994,#995,#996,#997,#998,#999,#1000,#1001,#1002,#1003,
    #1004,#1005,#1006,#1007,#1008,#1009,#1010,#1011,#1012,#1013,#1014,
    #1015,#1016,#1017,#1018,#1019,#1020,#1021,#1022,#1023,#1024,#1025,
    #1026,#1027,#1028,#1029,#1030,#1031,#1032,#1033,#1034,#1035,#1036,
    #1037,#1038,#1039,#1040,#1041,#1042,#1043,#1044,#1045,#1046,#1047,
    #1048,#1049,#1050,#1051,#1052,#1053,#1054,#1055,#1056,#1057,#1058,
    #1059,#1060,#1061,#1062,#1063,#1064,#1065,#1066,#1067,#1068,#1069,
    #1070,#1071,#1072,#1073,#1074,#1075,#1076,#1077,#1078,#1079,#1080,
    #1081,#1082,#1083,#1084,#1085,#1086,#1087,#1088,#1089,#1090,#1091,
    #1092,#1093,#1094,#1095,#1096,#1097,#1098,#1099,#1100,#1101,#1102,
    #1103,#1104,#1105,#1106,#1107,#1108,#1109,#1110,#1111,#1112,#1113,
    #1114,#1115,#1116,#1117,#1118,#1119,#1120,#1121,#1122,#1123,#1124,
    #1125,#1126,#1127,#1128,#1129,#1130,#1131,#1132,#1133,#1134,#1135,
    #1136,#1137),.UNSPECIFIED.,.T.,.F.,(8,6,6,6,6,6,6,6,6,6,6,6,6,6,6,6,
    6,6,6,6,6,6,6,6,6,6,6,6,6,6,6,6,6,6,6,6,6,6,6,6,6,6,6,6,6,6,6,6,6,6,
    6,6,6,6,6,6,6,6,6,6,6,6,6,6,8),(0.,1.859295713105E-02,
    3.3166026687E-02,4.773909624296E-02,6.231216579892E-02,
    7.688523535488E-02,9.145830491085E-02,0.10552885491,0.118091846161,
    0.13165987659,0.146232946146,0.160303496145,0.174876565701,
    0.189449635257,0.204022704813,0.212063019381,0.22613356938,
    0.239199080226,0.253772149782,0.268345219338,0.282415769337,
    0.296988838893,0.308546790926,0.323119860482,0.333672773265,
    0.34673828411,0.361311353666,0.375884423222,0.390457492778,
    0.404025523207,0.418598592763,0.433171662319,0.447744731875,
    0.461312762303,0.475885831859,0.490458901415,0.505031970971,
    0.517594962222,0.532168031778,0.546741101334,0.56131417089,
    0.575887240446,0.590460310002,0.604028340431,0.61809889043,
    0.632671959986,0.646742509985,0.661315579541,0.67488360997,
    0.689456679526,0.704029749082,0.718602818638,0.733175888194,
    0.74774895775,0.761819507749,0.776392577305,0.790965646861,
    0.805538716417,0.820111785973,0.834684855529,0.849257925085,
    0.863830994641,0.878404064197,0.891972094626,1.),.UNSPECIFIED.);
#752 = CARTESIAN_POINT('',(-33.33333333333,21.6,55.));
#753 = CARTESIAN_POINT('',(-33.24988305339,21.6,55.));
#754 = CARTESIAN_POINT('',(-33.1664378237,21.6,54.998375196803));
#755 = CARTESIAN_POINT('',(-33.08303247904,21.6,54.99512566647));
#756 = CARTESIAN_POINT('',(-32.99970297403,21.6,54.990252568844));
#757 = CARTESIAN_POINT('',(-32.91648638315,21.6,54.983758147549));
#758 = CARTESIAN_POINT('',(-32.83342090067,21.6,54.975645729989));
#759 = CARTESIAN_POINT('',(-32.68558877103,21.6,54.958296533689));
#760 = CARTESIAN_POINT('',(-32.62074802707,21.6,54.949682050497));
#761 = CARTESIAN_POINT('',(-32.5560417785,21.6,54.940078410456));
#762 = CARTESIAN_POINT('',(-32.4914881272,21.6,54.929488159188));
#763 = CARTESIAN_POINT('',(-32.42710510728,21.6,54.917914255254));
#764 = CARTESIAN_POINT('',(-32.36291068514,21.6,54.905360070156));
#765 = CARTESIAN_POINT('',(-32.2349348337,21.6,54.878298706517));
#766 = CARTESIAN_POINT('',(-32.17115338612,21.6,54.863791524111));
#767 = CARTESIAN_POINT('',(-32.10759631517,21.6,54.848311626224));
#768 = CARTESIAN_POINT('',(-32.04428141415,21.6,54.831863202981));
#769 = CARTESIAN_POINT('',(-31.98122637111,21.6,54.814450849519));
#770 = CARTESIAN_POINT('',(-31.9184487689,21.6,54.796079565993));
#771 = CARTESIAN_POINT('',(-31.79348340141,21.6,54.757429949159));
#772 = CARTESIAN_POINT('',(-31.73129561827,21.6,54.737151610329));
#773 = CARTESIAN_POINT('',(-31.66942021317,21.6,54.715925146907));
#774 = CARTESIAN_POINT('',(-31.60787452173,21.6,54.693756358411));
#775 = CARTESIAN_POINT('',(-31.54667573774,21.6,54.670651438059));
#776 = CARTESIAN_POINT('',(-31.48584091321,21.6,54.646616972767));
#777 = CARTESIAN_POINT('',(-31.36493300344,21.6,54.596702913533));
#778 = CARTESIAN_POINT('',(-31.30485990093,21.6,54.570823312463));
#779 = CARTESIAN_POINT('',(-31.24518456071,21.6,54.54402812118));
#780 = CARTESIAN_POINT('',(-31.18592371551,21.6,54.516324700012));
#781 = CARTESIAN_POINT('',(-31.12709392081,21.6,54.487720788368));
#782 = CARTESIAN_POINT('',(-31.0687115549,21.6,54.458224504738));
#783 = CARTESIAN_POINT('',(-30.95287408279,21.6,54.397464188656));
#784 = CARTESIAN_POINT('',(-30.89541896005,21.6,54.366200147526));
#785 = CARTESIAN_POINT('',(-30.83844365137,21.6,54.334060721482));
#786 = CARTESIAN_POINT('',(-30.78196414637,21.6,54.301054769992));
#787 = CARTESIAN_POINT('',(-30.72599622353,21.6,54.267191513814));
#788 = CARTESIAN_POINT('',(-30.6705554502,21.6,54.232480534997));
#789 = CARTESIAN_POINT('',(-30.56265195841,21.6,54.162608837809));
#790 = CARTESIAN_POINT('',(-30.51015245692,21.6,54.127504892169));
#791 = CARTESIAN_POINT('',(-30.45817249878,21.6,54.091628889684));
#792 = CARTESIAN_POINT('',(-30.40672569365,21.6,54.05499007629));
#793 = CARTESIAN_POINT('',(-30.35582544026,21.6,54.017597994138));
#794 = CARTESIAN_POINT('',(-30.30548492637,21.6,53.979462481593));
#795 = CARTESIAN_POINT('',(-30.2112815946,21.6,53.905889379563));
#796 = CARTESIAN_POINT('',(-30.16730261789,21.6,53.870600500399));
#797 = CARTESIAN_POINT('',(-30.12378943353,21.6,53.834734248371));
#798 = CARTESIAN_POINT('',(-30.08075112704,21.6,53.79829801249));
#799 = CARTESIAN_POINT('',(-30.03819663462,21.6,53.761299358148));
#800 = CARTESIAN_POINT('',(-29.99613474316,21.6,53.723746027119));
#801 = CARTESIAN_POINT('',(-29.90968858543,21.6,53.644497841205));
#802 = CARTESIAN_POINT('',(-29.86538771662,21.6,53.602711997761));
#803 = CARTESIAN_POINT('',(-29.82168236556,21.6,53.560298383231));
#804 = CARTESIAN_POINT('',(-29.77858319187,21.6,53.517267196118));
#805 = CARTESIAN_POINT('',(-29.73610063303,21.6,53.473628857431));
#806 = CARTESIAN_POINT('',(-29.69424490436,21.6,53.429394010682));
#807 = CARTESIAN_POINT('',(-29.60875384194,21.6,53.336432997421));
#808 = CARTESIAN_POINT('',(-29.56521633521,21.6,53.287616843278));
#809 = CARTESIAN_POINT('',(-29.52242586231,21.6,53.238138525452));
#810 = CARTESIAN_POINT('',(-29.48039448606,21.6,53.188011778811));
#811 = CARTESIAN_POINT('',(-29.4391339486,21.6,53.13725060709));
#812 = CARTESIAN_POINT('',(-29.39865567145,21.6,53.085869282893));
#813 = CARTESIAN_POINT('',(-29.32065428462,21.6,52.983688065133));
#814 = CARTESIAN_POINT('',(-29.28307739368,21.6,52.932929204594));
#815 = CARTESIAN_POINT('',(-29.2462500732,21.6,52.881618854088));
#816 = CARTESIAN_POINT('',(-29.21018201521,21.6,52.829770309291));
#817 = CARTESIAN_POINT('',(-29.17488261322,21.6,52.777397073554));
#818 = CARTESIAN_POINT('',(-29.14036096219,21.6,52.72451285789));
#819 = CARTESIAN_POINT('',(-29.07168593006,21.6,52.615843830235));
#820 = CARTESIAN_POINT('',(-29.03758972469,21.6,52.560022864848));
#821 = CARTESIAN_POINT('',(-29.00434701552,21.6,52.503684149983));
#822 = CARTESIAN_POINT('',(-28.97196721198,21.6,52.446843357925));
#823 = CARTESIAN_POINT('',(-28.94045935991,21.6,52.38951636809));
#824 = CARTESIAN_POINT('',(-28.90983214154,21.6,52.331719267022));
#825 = CARTESIAN_POINT('',(-28.85035560944,21.6,52.215217429763));
#826 = CARTESIAN_POINT('',(-28.82150628723,21.6,52.156512676933));
#827 = CARTESIAN_POINT('',(-28.79355422687,21.6,52.097370383882));
#828 = CARTESIAN_POINT('',(-28.76650736537,21.6,52.037807017608));
#829 = CARTESIAN_POINT('',(-28.74037325872,21.6,51.977839218121));
#830 = CARTESIAN_POINT('',(-28.71515908189,21.6,51.917483798447));
#831 = CARTESIAN_POINT('',(-28.66658417577,21.6,51.796031690808));
#832 = CARTESIAN_POINT('',(-28.64322343954,21.6,51.734934985495));
#833 = CARTESIAN_POINT('',(-28.62079621347,21.6,51.673484614981));
#834 = CARTESIAN_POINT('',(-28.59930889563,21.6,51.61169770301));
#835 = CARTESIAN_POINT('',(-28.57876748886,21.6,51.549591510778));
#836 = CARTESIAN_POINT('',(-28.55917760075,21.6,51.487183436931));
#837 = CARTESIAN_POINT('',(-28.53026408072,21.6,51.389902095119));
#838 = CARTESIAN_POINT('',(-28.52027494525,21.6,51.355226614859));
#839 = CARTESIAN_POINT('',(-28.51057791204,21.6,51.320467520048));
#840 = CARTESIAN_POINT('',(-28.50117381844,21.6,51.285627764054));
#841 = CARTESIAN_POINT('',(-28.49206346435,21.6,51.250710310346));
#842 = CARTESIAN_POINT('',(-28.48324761226,21.6,51.215718132498));
#843 = CARTESIAN_POINT('',(-28.45981589391,21.6,51.119292359298));
#844 = CARTESIAN_POINT('',(-28.44580893133,21.6,51.057710790178));
#845 = CARTESIAN_POINT('',(-28.43270998719,21.6,50.995925506612));
#846 = CARTESIAN_POINT('',(-28.42052259237,21.6,50.933952578553));
#847 = CARTESIAN_POINT('',(-28.40924992094,21.6,50.871808146125));
#848 = CARTESIAN_POINT('',(-28.39889479014,21.6,50.809508419625));
#849 = CARTESIAN_POINT('',(-28.3806984684,21.6,50.68909084884));
#850 = CARTESIAN_POINT('',(-28.37273054077,21.6,50.630992142358));
#851 = CARTESIAN_POINT('',(-28.36555784685,21.6,50.572786593677));
#852 = CARTESIAN_POINT('',(-28.35918208721,21.6,50.514487265793));
#853 = CARTESIAN_POINT('',(-28.35360469366,21.6,50.456107251092));
#854 = CARTESIAN_POINT('',(-28.34882682926,21.6,50.397659671353));
#855 = CARTESIAN_POINT('',(-28.34041301195,21.6,50.273905455154));
#856 = CARTESIAN_POINT('',(-28.33697242762,21.6,50.208585521162));
#857 = CARTESIAN_POINT('',(-28.33452887593,21.6,50.143216128012));
#858 = CARTESIAN_POINT('',(-28.3330831791,21.6,50.077815537193));
#859 = CARTESIAN_POINT('',(-28.33263574103,21.6,50.012402019439));
#860 = CARTESIAN_POINT('',(-28.33318654723,21.6,49.946993854737));
#861 = CARTESIAN_POINT('',(-28.33628378249,21.6,49.816224809897));
#862 = CARTESIAN_POINT('',(-28.33883021201,21.6,49.750863911082));
#863 = CARTESIAN_POINT('',(-28.34237401988,21.6,49.685544925086));
#864 = CARTESIAN_POINT('',(-28.34691435515,21.6,49.620286112084));
#865 = CARTESIAN_POINT('',(-28.35244994939,21.6,49.555105703202));
#866 = CARTESIAN_POINT('',(-28.35897911675,21.6,49.490021900525));
#867 = CARTESIAN_POINT('',(-28.37376105876,21.6,49.362324164444));
#868 = CARTESIAN_POINT('',(-28.381946637,21.6,49.29970243527));
#869 = CARTESIAN_POINT('',(-28.39105459499,21.6,49.237204045657));
#870 = CARTESIAN_POINT('',(-28.40108268007,21.6,49.174845293952));
#871 = CARTESIAN_POINT('',(-28.41202828056,21.6,49.112642420764));
#872 = CARTESIAN_POINT('',(-28.42388842571,21.6,49.050611608962));
#873 = CARTESIAN_POINT('',(-28.44988726569,21.6,48.924717693582));
#874 = CARTESIAN_POINT('',(-28.46409221317,21.6,48.860868254553));
#875 = CARTESIAN_POINT('',(-28.47927092788,21.6,48.797238582815));
#876 = CARTESIAN_POINT('',(-28.49541930401,21.6,48.733846491296));
#877 = CARTESIAN_POINT('',(-28.51253283025,21.6,48.670709689625));
#878 = CARTESIAN_POINT('',(-28.53060658978,21.6,48.607845784131));
#879 = CARTESIAN_POINT('',(-28.56472696483,21.6,48.495645012885));
#880 = CARTESIAN_POINT('',(-28.5804193234,21.6,48.446200404383));
#881 = CARTESIAN_POINT('',(-28.59670968143,21.6,48.396947181125));
#882 = CARTESIAN_POINT('',(-28.61359522788,21.6,48.347894018007));
#883 = CARTESIAN_POINT('',(-28.63107299512,21.6,48.299049536041));
#884 = CARTESIAN_POINT('',(-28.64913985901,21.6,48.25042230235));
#885 = CARTESIAN_POINT('',(-28.69131113455,21.6,48.140992888657));
#886 = CARTESIAN_POINT('',(-28.71576106091,21.6,48.080323847967));
#887 = CARTESIAN_POINT('',(-28.74113573905,21.6,48.020030778589));
#888 = CARTESIAN_POINT('',(-28.7674282069,21.6,47.960130582822));
#889 = CARTESIAN_POINT('',(-28.79463111924,21.6,47.900639994776));
#890 = CARTESIAN_POINT('',(-28.82273674765,21.6,47.841575580372));
#891 = CARTESIAN_POINT('',(-28.87273714989,21.6,47.740503435824));
#892 = CARTESIAN_POINT('',(-28.89420643108,21.6,47.69828520192));
#893 = CARTESIAN_POINT('',(-28.91614174514,21.6,47.65630525943));
#894 = CARTESIAN_POINT('',(-28.93853991174,21.6,47.61456977775));
#895 = CARTESIAN_POINT('',(-28.96139764912,21.6,47.573084871869));
#896 = CARTESIAN_POINT('',(-28.9847115742,21.6,47.531856602367));
#897 = CARTESIAN_POINT('',(-29.0379035513,21.6,47.440171628618));
#898 = CARTESIAN_POINT('',(-29.06802284389,21.6,47.389854874161));
#899 = CARTESIAN_POINT('',(-29.09882946534,21.6,47.33995211361));
#900 = CARTESIAN_POINT('',(-29.1303165726,21.6,47.290474603376));
#901 = CARTESIAN_POINT('',(-29.16247709456,21.6,47.241433454712));
#902 = CARTESIAN_POINT('',(-29.19530373202,21.6,47.192839633721));
#903 = CARTESIAN_POINT('',(-29.26613786263,21.6,47.091014173789));
#904 = CARTESIAN_POINT('',(-29.30430611507,21.6,47.037894347896));
#905 = CARTESIAN_POINT('',(-29.34328326757,21.6,46.985359501472));
#906 = CARTESIAN_POINT('',(-29.38305854046,21.6,46.933424397882));
#907 = CARTESIAN_POINT('',(-29.42362082188,21.6,46.882103546056));
#908 = CARTESIAN_POINT('',(-29.46495866771,21.6,46.831411200489));
#909 = CARTESIAN_POINT('',(-29.54916193556,21.6,46.731311521982));
#910 = CARTESIAN_POINT('',(-29.59202736961,21.6,46.681904174744));
#911 = CARTESIAN_POINT('',(-29.63564482694,21.6,46.633153319143));
#912 = CARTESIAN_POINT('',(-29.68000222314,21.6,46.58507267105));
#913 = CARTESIAN_POINT('',(-29.72508716625,21.6,46.537675662587));
#914 = CARTESIAN_POINT('',(-29.77088695671,21.6,46.490975442133));
#915 = CARTESIAN_POINT('',(-29.86389021817,21.6,46.398994306496));
#916 = CARTESIAN_POINT('',(-29.91109370244,21.6,46.353713378175));
#917 = CARTESIAN_POINT('',(-29.95898603268,21.6,46.309154953498));
#918 = CARTESIAN_POINT('',(-30.00755392098,21.6,46.265331585928));
#919 = CARTESIAN_POINT('',(-30.05678379909,21.6,46.222255518248));
#920 = CARTESIAN_POINT('',(-30.10666181844,21.6,46.179938682557));
#921 = CARTESIAN_POINT('',(-30.20420229395,21.6,46.099711957717));
#922 = CARTESIAN_POINT('',(-30.25178032693,21.6,46.061699401008));
#923 = CARTESIAN_POINT('',(-30.29989654747,21.6,46.024364407637));
#924 = CARTESIAN_POINT('',(-30.34853936477,21.6,45.98771610397));
#925 = CARTESIAN_POINT('',(-30.39769699884,21.6,45.951763365252));
#926 = CARTESIAN_POINT('',(-30.44735748049,21.6,45.916514815603));
#927 = CARTESIAN_POINT('',(-30.55137472307,21.6,45.844884619556));
#928 = CARTESIAN_POINT('',(-30.60580688502,21.6,45.808612438167));
#929 = CARTESIAN_POINT('',(-30.66079006966,21.6,45.773172659491));
#930 = CARTESIAN_POINT('',(-30.71630898818,21.6,45.738575304017));
#931 = CARTESIAN_POINT('',(-30.77234813044,21.6,45.704830037089));
#932 = CARTESIAN_POINT('',(-30.82889176501,21.6,45.671946168904));
#933 = CARTESIAN_POINT('',(-30.94295611325,21.6,45.607919140121));
#934 = CARTESIAN_POINT('',(-31.00047684321,21.6,45.576775970376));
#935 = CARTESIAN_POINT('',(-31.05847017593,21.6,45.546512099739));
#936 = CARTESIAN_POINT('',(-31.1169199704,21.6,45.51713610877));
#937 = CARTESIAN_POINT('',(-31.17580989771,21.6,45.48865620414));
#938 = CARTESIAN_POINT('',(-31.23512344101,21.6,45.461080218622));
#939 = CARTESIAN_POINT('',(-31.35456435016,21.6,45.407751003569));
#940 = CARTESIAN_POINT('',(-31.41469173305,21.6,45.381997766417));
#941 = CARTESIAN_POINT('',(-31.47520933924,21.6,45.357163357898));
#942 = CARTESIAN_POINT('',(-31.53610031077,21.6,45.33325484676));
#943 = CARTESIAN_POINT('',(-31.59734763674,21.6,45.310278912242));
#944 = CARTESIAN_POINT('',(-31.65893415332,21.6,45.288241844071));
#945 = CARTESIAN_POINT('',(-31.77848139059,21.6,45.247511882125));
#946 = CARTESIAN_POINT('',(-31.83639925966,21.6,45.228693164513));
#947 = CARTESIAN_POINT('',(-31.89458217702,21.6,45.210698150323));
#948 = CARTESIAN_POINT('',(-31.95301608018,21.6,45.193531298578));
#949 = CARTESIAN_POINT('',(-32.01168681799,21.6,45.177196766634));
#950 = CARTESIAN_POINT('',(-32.07058015069,21.6,45.161698410175));
#951 = CARTESIAN_POINT('',(-32.19316124463,21.6,45.131295332213));
#952 = CARTESIAN_POINT('',(-32.25688101931,21.6,45.116519618618));
#953 = CARTESIAN_POINT('',(-32.32082331749,21.6,45.102717046107));
#954 = CARTESIAN_POINT('',(-32.38497030072,21.6,45.089891608015));
#955 = CARTESIAN_POINT('',(-32.44930404845,21.6,45.078046887343));
#956 = CARTESIAN_POINT('',(-32.51380655814,21.6,45.067186056748));
#957 = CARTESIAN_POINT('',(-32.64311293221,21.6,45.047437700355));
#958 = CARTESIAN_POINT('',(-32.70791681506,21.6,45.038550171736));
#959 = CARTESIAN_POINT('',(-32.77285330901,21.6,45.030652054343));
#960 = CARTESIAN_POINT('',(-32.83790428519,21.6,45.023745693705));
#961 = CARTESIAN_POINT('',(-32.90305157052,21.6,45.017833019227));
#962 = CARTESIAN_POINT('',(-32.96827694777,21.6,45.012915544193));
#963 = CARTESIAN_POINT('',(-33.09884736323,21.6,45.005073187342));
#964 = CARTESIAN_POINT('',(-33.1641924201,21.6,45.002148304403));
#965 = CARTESIAN_POINT('',(-33.22957906464,21.6,45.000220813437));
#966 = CARTESIAN_POINT('',(-33.29498902944,21.6,44.999291392511));
#967 = CARTESIAN_POINT('',(-33.36040404115,21.6,44.999360301273));
#968 = CARTESIAN_POINT('',(-33.42580582047,21.6,45.000427380954));
#969 = CARTESIAN_POINT('',(-33.54752975716,21.6,45.00427194528));
#970 = CARTESIAN_POINT('',(-33.60386002081,21.6,45.006793211159));
#971 = CARTESIAN_POINT('',(-33.66015516125,21.6,45.010055481956));
#972 = CARTESIAN_POINT('',(-33.71640348302,21.6,45.0140581571));
#973 = CARTESIAN_POINT('',(-33.77259330708,21.6,45.018800405502));
#974 = CARTESIAN_POINT('',(-33.82871297079,21.6,45.024281165551));
#975 = CARTESIAN_POINT('',(-33.9497547408,21.6,45.037712001265));
#976 = CARTESIAN_POINT('',(-34.01464858999,21.6,45.045916861744));
#977 = CARTESIAN_POINT('',(-34.07941419271,21.6,45.055111708651));
#978 = CARTESIAN_POINT('',(-34.14403343138,21.6,45.065294110722));
#979 = CARTESIAN_POINT('',(-34.20848825356,21.6,45.076461223337));
#980 = CARTESIAN_POINT('',(-34.27276067192,21.6,45.088609788512));
#981 = CARTESIAN_POINT('',(-34.40090485663,21.6,45.114862481298));
#982 = CARTESIAN_POINT('',(-34.46477664129,21.6,45.12896661266));
#983 = CARTESIAN_POINT('',(-34.52843019621,21.6,45.144044856983));
#984 = CARTESIAN_POINT('',(-34.591847702,21.6,45.160093136587));
#985 = CARTESIAN_POINT('',(-34.65501144193,21.6,45.177106968121));
#986 = CARTESIAN_POINT('',(-34.71790380194,21.6,45.195081462559));
#987 = CARTESIAN_POINT('',(-34.84311073927,21.6,45.232941187849));
#988 = CARTESIAN_POINT('',(-34.90542533448,21.6,45.252826424109));
#989 = CARTESIAN_POINT('',(-34.96743354501,21.6,45.273661738636));
#990 = CARTESIAN_POINT('',(-35.02911799899,21.6,45.295441441498));
#991 = CARTESIAN_POINT('',(-35.09046146383,21.6,45.318159448174));
#992 = CARTESIAN_POINT('',(-35.15144684628,21.6,45.341809279557));
#993 = CARTESIAN_POINT('',(-35.27266753855,21.6,45.390958844353));
#994 = CARTESIAN_POINT('',(-35.33290286569,21.6,45.416458584786));
#995 = CARTESIAN_POINT('',(-35.39274622015,21.6,45.442876408932));
#996 = CARTESIAN_POINT('',(-35.45218082308,21.6,45.470205062274));
#997 = CARTESIAN_POINT('',(-35.51119007044,21.6,45.4984369101));
#998 = CARTESIAN_POINT('',(-35.569757533,21.6,45.527563937506));
#999 = CARTESIAN_POINT('',(-35.68597637975,21.6,45.587591561277));
#1000 = CARTESIAN_POINT('',(-35.74362778053,21.6,45.618492166216));
#1001 = CARTESIAN_POINT('',(-35.80080490462,21.6,45.650271168505));
#1002 = CARTESIAN_POINT('',(-35.85749170678,21.6,45.682919809823));
#1003 = CARTESIAN_POINT('',(-35.91367235061,21.6,45.716428969234));
#1004 = CARTESIAN_POINT('',(-35.96933120856,21.6,45.750789163181));
#1005 = CARTESIAN_POINT('',(-36.07577302258,21.6,45.818764246635));
#1006 = CARTESIAN_POINT('',(-36.12662753308,21.6,45.852267118908));
#1007 = CARTESIAN_POINT('',(-36.17700395167,21.6,45.886491216554));
#1008 = CARTESIAN_POINT('',(-36.22689001688,21.6,45.921428336273));
#1009 = CARTESIAN_POINT('',(-36.27627364765,21.6,45.957070017225));
#1010 = CARTESIAN_POINT('',(-36.32514294326,21.6,45.993407541028));
#1011 = CARTESIAN_POINT('',(-36.42361991358,21.6,46.068827596017));
#1012 = CARTESIAN_POINT('',(-36.4731879114,21.6,46.107961957491));
#1013 = CARTESIAN_POINT('',(-36.52217710494,21.6,46.147825004534));
#1014 = CARTESIAN_POINT('',(-36.57057465596,21.6,46.188406446842));
#1015 = CARTESIAN_POINT('',(-36.61836795989,21.6,46.229695715453));
#1016 = CARTESIAN_POINT('',(-36.66554464581,21.6,46.271681962745));
#1017 = CARTESIAN_POINT('',(-36.76030293289,21.6,46.358550165436));
#1018 = CARTESIAN_POINT('',(-36.80783883406,21.6,46.403481997111));
#1019 = CARTESIAN_POINT('',(-36.85468679487,21.6,46.449137194772));
#1020 = CARTESIAN_POINT('',(-36.90083362685,21.6,46.495503100533));
#1021 = CARTESIAN_POINT('',(-36.94626643812,21.6,46.54256676131));
#1022 = CARTESIAN_POINT('',(-36.9909726334,21.6,46.590314928826));
#1023 = CARTESIAN_POINT('',(-37.07739108171,21.6,46.685483565475));
#1024 = CARTESIAN_POINT('',(-37.1191534269,21.6,46.732858571332));
#1025 = CARTESIAN_POINT('',(-37.16021588089,21.6,46.78084688736));
#1026 = CARTESIAN_POINT('',(-37.20056765477,21.6,46.829436091402));
#1027 = CARTESIAN_POINT('',(-37.24019823939,21.6,46.878613528966));
#1028 = CARTESIAN_POINT('',(-37.27909740537,21.6,46.928366313229));
#1029 = CARTESIAN_POINT('',(-37.35677577905,21.6,47.030793301239));
#1030 = CARTESIAN_POINT('',(-37.39550109696,21.6,47.083508395377));
#1031 = CARTESIAN_POINT('',(-37.43342010247,21.6,47.136812030589));
#1032 = CARTESIAN_POINT('',(-37.47052208588,21.6,47.190689392679));
#1033 = CARTESIAN_POINT('',(-37.50679668214,21.6,47.245125430114));
#1034 = CARTESIAN_POINT('',(-37.54223387085,21.6,47.300104854028));
#1035 = CARTESIAN_POINT('',(-37.60902855748,21.6,47.40729133442));
#1036 = CARTESIAN_POINT('',(-37.64049887331,21.6,47.459428105621));
#1037 = CARTESIAN_POINT('',(-37.67122711632,21.6,47.512009922729));
#1038 = CARTESIAN_POINT('',(-37.70120575279,21.6,47.565024101888));
#1039 = CARTESIAN_POINT('',(-37.7304275227,21.6,47.618457804476));
#1040 = CARTESIAN_POINT('',(-37.75888543971,21.6,47.672298037102));
#1041 = CARTESIAN_POINT('',(-37.81631105722,21.6,47.784782570237));
#1042 = CARTESIAN_POINT('',(-37.84516037943,21.6,47.843487323068));
#1043 = CARTESIAN_POINT('',(-37.87311243979,21.6,47.902629616118));
#1044 = CARTESIAN_POINT('',(-37.90015930129,21.6,47.962192982393));
#1045 = CARTESIAN_POINT('',(-37.92629340794,21.6,48.022160781879));
#1046 = CARTESIAN_POINT('',(-37.95150758477,21.6,48.082516201553));
#1047 = CARTESIAN_POINT('',(-38.00008249089,21.6,48.203968309192));
#1048 = CARTESIAN_POINT('',(-38.02344322712,21.6,48.265065014506));
#1049 = CARTESIAN_POINT('',(-38.04587045319,21.6,48.32651538502));
#1050 = CARTESIAN_POINT('',(-38.06735777103,21.6,48.388302296991));
#1051 = CARTESIAN_POINT('',(-38.0878991778,21.6,48.450408489223));
#1052 = CARTESIAN_POINT('',(-38.10748906591,21.6,48.51281656307));
#1053 = CARTESIAN_POINT('',(-38.14475538008,21.6,48.638201401798));
#1054 = CARTESIAN_POINT('',(-38.16243181146,21.6,48.701178184588));
#1055 = CARTESIAN_POINT('',(-38.17914630545,21.6,48.764421794514));
#1056 = CARTESIAN_POINT('',(-38.19489405649,21.6,48.827914594547));
#1057 = CARTESIAN_POINT('',(-38.20967066519,21.6,48.891638846925));
#1058 = CARTESIAN_POINT('',(-38.2234721383,21.6,48.955576713148));
#1059 = CARTESIAN_POINT('',(-38.24911763918,21.6,49.083843794813));
#1060 = CARTESIAN_POINT('',(-38.26096167062,21.6,49.148173028576));
#1061 = CARTESIAN_POINT('',(-38.27182339663,21.6,49.212680015902));
#1062 = CARTESIAN_POINT('',(-38.28169964445,21.6,49.277346754244));
#1063 = CARTESIAN_POINT('',(-38.290587655,21.6,49.34215517788));
#1064 = CARTESIAN_POINT('',(-38.29848508284,21.6,49.407087157911));
#1065 = CARTESIAN_POINT('',(-38.31229490958,21.6,49.537161846609));
#1066 = CARTESIAN_POINT('',(-38.31820731045,21.6,49.602304573856));
#1067 = CARTESIAN_POINT('',(-38.32312526772,21.6,49.667534491853));
#1068 = CARTESIAN_POINT('',(-38.32704726803,21.6,49.732833383364));
#1069 = CARTESIAN_POINT('',(-38.32997221568,21.6,49.798183006063));
#1070 = CARTESIAN_POINT('',(-38.33189943272,21.6,49.863565092537));
#1071 = CARTESIAN_POINT('',(-38.33372584277,21.6,49.992102565035));
#1072 = CARTESIAN_POINT('',(-38.33369267631,21.6,50.055257007126));
#1073 = CARTESIAN_POINT('',(-38.33272892585,21.6,50.118408212878));
#1074 = CARTESIAN_POINT('',(-38.33083472123,21.6,50.181539729521));
#1075 = CARTESIAN_POINT('',(-38.32801055575,21.6,50.244635115186));
#1076 = CARTESIAN_POINT('',(-38.32425728625,21.6,50.307677938916));
#1077 = CARTESIAN_POINT('',(-38.31472779578,21.6,50.435874687788));
#1078 = CARTESIAN_POINT('',(-38.30888411255,21.6,50.501023615358));
#1079 = CARTESIAN_POINT('',(-38.30204643983,21.6,50.566080319374));
#1080 = CARTESIAN_POINT('',(-38.29421654958,21.6,50.631026605931));
#1081 = CARTESIAN_POINT('',(-38.28539662921,21.6,50.695844331211));
#1082 = CARTESIAN_POINT('',(-38.27558928159,21.6,50.76051540148));
#1083 = CARTESIAN_POINT('',(-38.25400576845,21.6,50.889528144708));
#1084 = CARTESIAN_POINT('',(-38.24222959985,21.6,50.953869836094));
#1085 = CARTESIAN_POINT('',(-38.22947203821,21.6,51.018028803719));
#1086 = CARTESIAN_POINT('',(-38.21573651164,21.6,51.081987091913));
#1087 = CARTESIAN_POINT('',(-38.20102685739,21.6,51.145726832871));
#1088 = CARTESIAN_POINT('',(-38.18534732183,21.6,51.209230246652));
#1089 = CARTESIAN_POINT('',(-38.15205779911,21.6,51.335729035706));
#1090 = CARTESIAN_POINT('',(-38.13444780721,21.6,51.398724429048));
#1091 = CARTESIAN_POINT('',(-38.11587724092,21.6,51.4614481293));
#1092 = CARTESIAN_POINT('',(-38.0963511558,21.6,51.523882569465));
#1093 = CARTESIAN_POINT('',(-38.07587500678,21.6,51.586010307448));
#1094 = CARTESIAN_POINT('',(-38.05445464818,21.6,51.647814026064));
#1095 = CARTESIAN_POINT('',(-38.00973801922,21.6,51.770739039993));
#1096 = CARTESIAN_POINT('',(-37.98644174248,21.6,51.831860352865));
#1097 = CARTESIAN_POINT('',(-37.96221375782,21.6,51.892623279595));
#1098 = CARTESIAN_POINT('',(-37.93706070586,21.6,51.953010789033));
#1099 = CARTESIAN_POINT('',(-37.91098961353,21.6,52.01300601093));
#1100 = CARTESIAN_POINT('',(-37.88400789404,21.6,52.072592235938));
#1101 = CARTESIAN_POINT('',(-37.82823879975,21.6,52.190913595277));
#1102 = CARTESIAN_POINT('',(-37.79945141697,21.6,52.249648746509));
#1103 = CARTESIAN_POINT('',(-37.76976899869,21.6,52.307941821145));
#1104 = CARTESIAN_POINT('',(-37.73919971497,21.6,52.365776466574));
#1105 = CARTESIAN_POINT('',(-37.70775210585,21.6,52.42313652573));
#1106 = CARTESIAN_POINT('',(-37.67543508133,21.6,52.480006037096));
#1107 = CARTESIAN_POINT('',(-37.60908076137,21.6,52.592732432312));
#1108 = CARTESIAN_POINT('',(-37.57504345647,21.6,52.648589332262));
#1109 = CARTESIAN_POINT('',(-37.54015528717,21.6,52.703924168928));
#1110 = CARTESIAN_POINT('',(-37.50442588456,21.6,52.758721405242));
#1111 = CARTESIAN_POINT('',(-37.46786523022,21.6,52.812965732689));
#1112 = CARTESIAN_POINT('',(-37.43048365629,21.6,52.866642071312));
#1113 = CARTESIAN_POINT('',(-37.35410003457,21.6,52.972829068102));
#1114 = CARTESIAN_POINT('',(-37.31509797587,21.6,53.025339741437));
#1115 = CARTESIAN_POINT('',(-37.27529635253,21.6,53.077252738707));
#1116 = CARTESIAN_POINT('',(-37.23470617594,21.6,53.128553468554));
#1117 = CARTESIAN_POINT('',(-37.19333878562,21.6,53.179227599273));
#1118 = CARTESIAN_POINT('',(-37.15120584928,21.6,53.229261058804));
#1119 = CARTESIAN_POINT('',(-37.06543287629,21.6,53.328019010677));
#1120 = CARTESIAN_POINT('',(-37.02179282738,21.6,53.376743517125));
#1121 = CARTESIAN_POINT('',(-36.97741121244,21.6,53.424799742121));
#1122 = CARTESIAN_POINT('',(-36.93230033089,21.6,53.472174162271));
#1123 = CARTESIAN_POINT('',(-36.8864727852,21.6,53.518853542746));
#1124 = CARTESIAN_POINT('',(-36.83994148088,21.6,53.564824937287));
#1125 = CARTESIAN_POINT('',(-36.74875445126,21.6,53.652205698148));
#1126 = CARTESIAN_POINT('',(-36.70419067926,21.6,53.693711046178));
#1127 = CARTESIAN_POINT('',(-36.65903896948,21.6,53.73458151856));
#1128 = CARTESIAN_POINT('',(-36.61331018854,21.6,53.774807137641));
#1129 = CARTESIAN_POINT('',(-36.56701541073,21.6,53.814378161846));
#1130 = CARTESIAN_POINT('',(-36.52016591802,21.6,53.853285085681));
#1131 = CARTESIAN_POINT('',(-36.09543500929,21.6,54.195932075441));
#1132 = CARTESIAN_POINT('',(-35.68351099684,21.6,54.457778552072));
#1133 = CARTESIAN_POINT('',(-35.24302048793,21.6,54.672108397425));
#1134 = CARTESIAN_POINT('',(-34.78057737458,21.6,54.835388980298));
#1135 = CARTESIAN_POINT('',(-34.30316683714,21.6,54.945153955567));
#1136 = CARTESIAN_POINT('',(-33.81815458909,21.6,55.));
#1137 = CARTESIAN_POINT('',(-33.33333333333,21.6,55.));
#1138 = PCURVE('',#264,#1139);
#1139 = DEFINITIONAL_REPRESENTATION('',(#1140),#1527);
#1140 = B_SPLINE_CURVE_WITH_KNOTS('',7,(#1141,#1142,#1143,#1144,#1145,
    #1146,#1147,#1148,#1149,#1150,#1151,#1152,#1153,#1154,#1155,#1156,
    #1157,#1158,#1159,#1160,#1161,#1162,#1163,#1164,#1165,#1166,#1167,
    #1168,#1169,#1170,#1171,#1172,#1173,#1174,#1175,#1176,#1177,#1178,
    #1179,#1180,#1181,#1182,#1183,#1184,#1185,#1186,#1187,#1188,#1189,
    #1190,#1191,#1192,#1193,#1194,#1195,#1196,#1197,#1198,#1199,#1200,
    #1201,#1202,#1203,#1204,#1205,#1206,#1207,#1208,#1209,#1210,#1211,
    #1212,#1213,#1214,#1215,#1216,#1217,#1218,#1219,#1220,#1221,#1222,
    #1223,#1224,#1225,#1226,#1227,#1228,#1229,#1230,#1231,#1232,#1233,
    #1234,#1235,#1236,#1237,#1238,#1239,#1240,#1241,#1242,#1243,#1244,
    #1245,#1246,#1247,#1248,#1249,#1250,#1251,#1252,#1253,#1254,#1255,
    #1256,#1257,#1258,#1259,#1260,#1261,#1262,#1263,#1264,#1265,#1266,
    #1267,#1268,#1269,#1270,#1271,#1272,#1273,#1274,#1275,#1276,#1277,
    #1278,#1279,#1280,#1281,#1282,#1283,#1284,#1285,#1286,#1287,#1288,
    #1289,#1290,#1291,#1292,#1293,#1294,#1295,#1296,#1297,#1298,#1299,
    #1300,#1301,#1302,#1303,#1304,#1305,#1306,#1307,#1308,#1309,#1310,
    #1311,#1312,#1313,#1314,#1315,#1316,#1317,#1318,#1319,#1320,#1321,
    #1322,#1323,#1324,#1325,#1326,#1327,#1328,#1329,#1330,#1331,#1332,
    #1333,#1334,#1335,#1336,#1337,#1338,#1339,#1340,#1341,#1342,#1343,
    #1344,#1345,#1346,#1347,#1348,#1349,#1350,#1351,#1352,#1353,#1354,
    #1355,#1356,#1357,#1358,#1359,#1360,#1361,#1362,#1363,#1364,#1365,
    #1366,#1367,#1368,#1369,#1370,#1371,#1372,#1373,#1374,#1375,#1376,
    #1377,#1378,#1379,#1380,#1381,#1382,#1383,#1384,#1385,#1386,#1387,
    #1388,#1389,#1390,#1391,#1392,#1393,#1394,#1395,#1396,#1397,#1398,
    #1399,#1400,#1401,#1402,#1403,#1404,#1405,#1406,#1407,#1408,#1409,
    #1410,#1411,#1412,#1413,#1414,#1415,#1416,#1417,#1418,#1419,#1420,
    #1421,#1422,#1423,#1424,#1425,#1426,#1427,#1428,#1429,#1430,#1431,
    #1432,#1433,#1434,#1435,#1436,#1437,#1438,#1439,#1440,#1441,#1442,
    #1443,#1444,#1445,#1446,#1447,#1448,#1449,#1450,#1451,#1452,#1453,
    #1454,#1455,#1456,#1457,#1458,#1459,#1460,#1461,#1462,#1463,#1464,
    #1465,#1466,#1467,#1468,#1469,#1470,#1471,#1472,#1473,#1474,#1475,
    #1476,#1477,#1478,#1479,#1480,#1481,#1482,#1483,#1484,#1485,#1486,
    #1487,#1488,#1489,#1490,#1491,#1492,#1493,#1494,#1495,#1496,#1497,
    #1498,#1499,#1500,#1501,#1502,#1503,#1504,#1505,#1506,#1507,#1508,
    #1509,#1510,#1511,#1512,#1513,#1514,#1515,#1516,#1517,#1518,#1519,
    #1520,#1521,#1522,#1523,#1524,#1525,#1526),.UNSPECIFIED.,.F.,.F.,(8,
    6,6,6,6,6,6,6,6,6,6,6,6,6,6,6,6,6,6,6,6,6,6,6,6,6,6,6,6,6,6,6,6,6,6,
    6,6,6,6,6,6,6,6,6,6,6,6,6,6,6,6,6,6,6,6,6,6,6,6,6,6,6,6,6,8),(0.,
    1.859295713105E-02,3.3166026687E-02,4.773909624296E-02,
    6.231216579892E-02,7.688523535488E-02,9.145830491085E-02,
    0.10552885491,0.118091846161,0.13165987659,0.146232946146,
    0.160303496145,0.174876565701,0.189449635257,0.204022704813,
    0.212063019381,0.22613356938,0.239199080226,0.253772149782,
    0.268345219338,0.282415769337,0.296988838893,0.308546790926,
    0.323119860482,0.333672773265,0.34673828411,0.361311353666,
    0.375884423222,0.390457492778,0.404025523207,0.418598592763,
    0.433171662319,0.447744731875,0.461312762303,0.475885831859,
    0.490458901415,0.505031970971,0.517594962222,0.532168031778,
    0.546741101334,0.56131417089,0.575887240446,0.590460310002,
    0.604028340431,0.61809889043,0.632671959986,0.646742509985,
    0.661315579541,0.67488360997,0.689456679526,0.704029749082,
    0.718602818638,0.733175888194,0.74774895775,0.761819507749,
    0.776392577305,0.790965646861,0.805538716417,0.820111785973,
    0.834684855529,0.849257925085,0.863830994641,0.878404064197,
    0.891972094626,1.),.UNSPECIFIED.);
#1141 = CARTESIAN_POINT('',(0.,-1.79218452154));
#1142 = CARTESIAN_POINT('',(1.669005598778E-02,-1.79218452154));
#1143 = CARTESIAN_POINT('',(3.337909764753E-02,-1.79218452154));
#1144 = CARTESIAN_POINT('',(5.006776083881E-02,-1.79218452154));
#1145 = CARTESIAN_POINT('',(6.675644420091E-02,-1.79218452154));
#1146 = CARTESIAN_POINT('',(8.344530915275E-02,-1.79218452154));
#1147 = CARTESIAN_POINT('',(0.100134279893,-1.79218452154));
#1148 = CARTESIAN_POINT('',(0.129903615235,-1.79218452154));
#1149 = CARTESIAN_POINT('',(0.142984187662,-1.79218452154));
#1150 = CARTESIAN_POINT('',(0.156064760444,-1.79218452154));
#1151 = CARTESIAN_POINT('',(0.169145333344,-1.79218452154));
#1152 = CARTESIAN_POINT('',(0.182225906126,-1.79218452154));
#1153 = CARTESIAN_POINT('',(0.195306478553,-1.79218452154));
#1154 = CARTESIAN_POINT('',(0.221467622224,-1.79218452154));
#1155 = CARTESIAN_POINT('',(0.234548194651,-1.79218452154));
#1156 = CARTESIAN_POINT('',(0.247628767433,-1.79218452154));
#1157 = CARTESIAN_POINT('',(0.260709340333,-1.79218452154));
#1158 = CARTESIAN_POINT('',(0.273789913115,-1.79218452154));
#1159 = CARTESIAN_POINT('',(0.286870485542,-1.79218452154));
#1160 = CARTESIAN_POINT('',(0.313031629214,-1.79218452154));
#1161 = CARTESIAN_POINT('',(0.326112201641,-1.79218452154));
#1162 = CARTESIAN_POINT('',(0.339192774422,-1.79218452154));
#1163 = CARTESIAN_POINT('',(0.352273347323,-1.79218452154));
#1164 = CARTESIAN_POINT('',(0.365353920104,-1.79218452154));
#1165 = CARTESIAN_POINT('',(0.378434492531,-1.79218452154));
#1166 = CARTESIAN_POINT('',(0.404595636203,-1.79218452154));
#1167 = CARTESIAN_POINT('',(0.41767620863,-1.79218452154));
#1168 = CARTESIAN_POINT('',(0.430756781411,-1.79218452154));
#1169 = CARTESIAN_POINT('',(0.443837354312,-1.79218452154));
#1170 = CARTESIAN_POINT('',(0.456917927093,-1.79218452154));
#1171 = CARTESIAN_POINT('',(0.46999849952,-1.79218452154));
#1172 = CARTESIAN_POINT('',(0.496159643192,-1.79218452154));
#1173 = CARTESIAN_POINT('',(0.509240215619,-1.79218452154));
#1174 = CARTESIAN_POINT('',(0.5223207884,-1.79218452154));
#1175 = CARTESIAN_POINT('',(0.535401361301,-1.79218452154));
#1176 = CARTESIAN_POINT('',(0.548481934082,-1.79218452154));
#1177 = CARTESIAN_POINT('',(0.561562506509,-1.79218452154));
#1178 = CARTESIAN_POINT('',(0.587272596054,-1.79218452154));
#1179 = CARTESIAN_POINT('',(0.59990211426,-1.79218452154));
#1180 = CARTESIAN_POINT('',(0.612531632763,-1.79218452154));
#1181 = CARTESIAN_POINT('',(0.625161151365,-1.79218452154));
#1182 = CARTESIAN_POINT('',(0.637790669868,-1.79218452154));
#1183 = CARTESIAN_POINT('',(0.650420188074,-1.79218452154));
#1184 = CARTESIAN_POINT('',(0.674326061042,-1.79218452154));
#1185 = CARTESIAN_POINT('',(0.685602416582,-1.79218452154));
#1186 = CARTESIAN_POINT('',(0.696878772292,-1.79218452154));
#1187 = CARTESIAN_POINT('',(0.708155128057,-1.79218452154));
#1188 = CARTESIAN_POINT('',(0.719431483767,-1.79218452154));
#1189 = CARTESIAN_POINT('',(0.730707839307,-1.79218452154));
#1190 = CARTESIAN_POINT('',(0.754162658136,-1.79218452154));
#1191 = CARTESIAN_POINT('',(0.76634112212,-1.79218452154));
#1192 = CARTESIAN_POINT('',(0.778519586352,-1.79218452154));
#1193 = CARTESIAN_POINT('',(0.790698050667,-1.79218452154));
#1194 = CARTESIAN_POINT('',(0.802876514899,-1.79218452154));
#1195 = CARTESIAN_POINT('',(0.815054978883,-1.79218452154));
#1196 = CARTESIAN_POINT('',(0.840314014288,-1.79218452154));
#1197 = CARTESIAN_POINT('',(0.853394586715,-1.79218452154));
#1198 = CARTESIAN_POINT('',(0.866475159497,-1.79218452154));
#1199 = CARTESIAN_POINT('',(0.879555732397,-1.79218452154));
#1200 = CARTESIAN_POINT('',(0.892636305179,-1.79218452154));
#1201 = CARTESIAN_POINT('',(0.905716877606,-1.79218452154));
#1202 = CARTESIAN_POINT('',(0.931426967151,-1.79218452154));
#1203 = CARTESIAN_POINT('',(0.944056485356,-1.79218452154));
#1204 = CARTESIAN_POINT('',(0.95668600386,-1.79218452154));
#1205 = CARTESIAN_POINT('',(0.969315522462,-1.79218452154));
#1206 = CARTESIAN_POINT('',(0.981945040965,-1.79218452154));
#1207 = CARTESIAN_POINT('',(0.99457455917,-1.79218452154));
#1208 = CARTESIAN_POINT('',(1.020284648715,-1.79218452154));
#1209 = CARTESIAN_POINT('',(1.033365221142,-1.79218452154));
#1210 = CARTESIAN_POINT('',(1.046445793924,-1.79218452154));
#1211 = CARTESIAN_POINT('',(1.059526366824,-1.79218452154));
#1212 = CARTESIAN_POINT('',(1.072606939606,-1.79218452154));
#1213 = CARTESIAN_POINT('',(1.085687512033,-1.79218452154));
#1214 = CARTESIAN_POINT('',(1.111848655704,-1.79218452154));
#1215 = CARTESIAN_POINT('',(1.124929228131,-1.79218452154));
#1216 = CARTESIAN_POINT('',(1.138009800913,-1.79218452154));
#1217 = CARTESIAN_POINT('',(1.151090373813,-1.79218452154));
#1218 = CARTESIAN_POINT('',(1.164170946595,-1.79218452154));
#1219 = CARTESIAN_POINT('',(1.177251519022,-1.79218452154));
#1220 = CARTESIAN_POINT('',(1.203412662693,-1.79218452154));
#1221 = CARTESIAN_POINT('',(1.21649323512,-1.79218452154));
#1222 = CARTESIAN_POINT('',(1.229573807902,-1.79218452154));
#1223 = CARTESIAN_POINT('',(1.242654380802,-1.79218452154));
#1224 = CARTESIAN_POINT('',(1.255734953584,-1.79218452154));
#1225 = CARTESIAN_POINT('',(1.268815526011,-1.79218452154));
#1226 = CARTESIAN_POINT('',(1.289112965362,-1.79218452154));
#1227 = CARTESIAN_POINT('',(1.296329832908,-1.79218452154));
#1228 = CARTESIAN_POINT('',(1.303546700472,-1.79218452154));
#1229 = CARTESIAN_POINT('',(1.310763568043,-1.79218452154));
#1230 = CARTESIAN_POINT('',(1.317980435607,-1.79218452154));
#1231 = CARTESIAN_POINT('',(1.325197303153,-1.79218452154));
#1232 = CARTESIAN_POINT('',(1.345043688377,-1.79218452154));
#1233 = CARTESIAN_POINT('',(1.357673206583,-1.79218452154));
#1234 = CARTESIAN_POINT('',(1.370302725086,-1.79218452154));
#1235 = CARTESIAN_POINT('',(1.382932243688,-1.79218452154));
#1236 = CARTESIAN_POINT('',(1.395561762191,-1.79218452154));
#1237 = CARTESIAN_POINT('',(1.408191280397,-1.79218452154));
#1238 = CARTESIAN_POINT('',(1.432548207525,-1.79218452154));
#1239 = CARTESIAN_POINT('',(1.444275617288,-1.79218452154));
#1240 = CARTESIAN_POINT('',(1.456003027255,-1.79218452154));
#1241 = CARTESIAN_POINT('',(1.467730437292,-1.79218452154));
#1242 = CARTESIAN_POINT('',(1.479457847259,-1.79218452154));
#1243 = CARTESIAN_POINT('',(1.491185257021,-1.79218452154));
#1244 = CARTESIAN_POINT('',(1.515993238277,-1.79218452154));
#1245 = CARTESIAN_POINT('',(1.529073810704,-1.79218452154));
#1246 = CARTESIAN_POINT('',(1.542154383485,-1.79218452154));
#1247 = CARTESIAN_POINT('',(1.555234956386,-1.79218452154));
#1248 = CARTESIAN_POINT('',(1.568315529167,-1.79218452154));
#1249 = CARTESIAN_POINT('',(1.581396101594,-1.79218452154));
#1250 = CARTESIAN_POINT('',(1.607557245266,-1.79218452154));
#1251 = CARTESIAN_POINT('',(1.620637817693,-1.79218452154));
#1252 = CARTESIAN_POINT('',(1.633718390474,-1.79218452154));
#1253 = CARTESIAN_POINT('',(1.646798963375,-1.79218452154));
#1254 = CARTESIAN_POINT('',(1.659879536156,-1.79218452154));
#1255 = CARTESIAN_POINT('',(1.672960108583,-1.79218452154));
#1256 = CARTESIAN_POINT('',(1.698670198128,-1.79218452154));
#1257 = CARTESIAN_POINT('',(1.711299716334,-1.79218452154));
#1258 = CARTESIAN_POINT('',(1.723929234837,-1.79218452154));
#1259 = CARTESIAN_POINT('',(1.736558753439,-1.79218452154));
#1260 = CARTESIAN_POINT('',(1.749188271942,-1.79218452154));
#1261 = CARTESIAN_POINT('',(1.761817790148,-1.79218452154));
#1262 = CARTESIAN_POINT('',(1.787527879692,-1.79218452154));
#1263 = CARTESIAN_POINT('',(1.800608452119,-1.79218452154));
#1264 = CARTESIAN_POINT('',(1.813689024901,-1.79218452154));
#1265 = CARTESIAN_POINT('',(1.826769597801,-1.79218452154));
#1266 = CARTESIAN_POINT('',(1.839850170583,-1.79218452154));
#1267 = CARTESIAN_POINT('',(1.85293074301,-1.79218452154));
#1268 = CARTESIAN_POINT('',(1.876385561757,-1.79218452154));
#1269 = CARTESIAN_POINT('',(1.886759808855,-1.79218452154));
#1270 = CARTESIAN_POINT('',(1.897134056063,-1.79218452154));
#1271 = CARTESIAN_POINT('',(1.907508303309,-1.79218452154));
#1272 = CARTESIAN_POINT('',(1.917882550518,-1.79218452154));
#1273 = CARTESIAN_POINT('',(1.928256797615,-1.79218452154));
#1274 = CARTESIAN_POINT('',(1.951711616362,-1.79218452154));
#1275 = CARTESIAN_POINT('',(1.964792188789,-1.79218452154));
#1276 = CARTESIAN_POINT('',(1.977872761571,-1.79218452154));
#1277 = CARTESIAN_POINT('',(1.990953334471,-1.79218452154));
#1278 = CARTESIAN_POINT('',(2.004033907253,-1.79218452154));
#1279 = CARTESIAN_POINT('',(2.01711447968,-1.79218452154));
#1280 = CARTESIAN_POINT('',(2.039667190052,-1.79218452154));
#1281 = CARTESIAN_POINT('',(2.049139328706,-1.79218452154));
#1282 = CARTESIAN_POINT('',(2.058611467431,-1.79218452154));
#1283 = CARTESIAN_POINT('',(2.068083606179,-1.79218452154));
#1284 = CARTESIAN_POINT('',(2.077555744904,-1.79218452154));
#1285 = CARTESIAN_POINT('',(2.087027883558,-1.79218452154));
#1286 = CARTESIAN_POINT('',(2.108227431514,-1.79218452154));
#1287 = CARTESIAN_POINT('',(2.119954841276,-1.79218452154));
#1288 = CARTESIAN_POINT('',(2.131682251243,-1.79218452154));
#1289 = CARTESIAN_POINT('',(2.14340966128,-1.79218452154));
#1290 = CARTESIAN_POINT('',(2.155137071247,-1.79218452154));
#1291 = CARTESIAN_POINT('',(2.16686448101,-1.79218452154));
#1292 = CARTESIAN_POINT('',(2.191672462265,-1.79218452154));
#1293 = CARTESIAN_POINT('',(2.204753034692,-1.79218452154));
#1294 = CARTESIAN_POINT('',(2.217833607474,-1.79218452154));
#1295 = CARTESIAN_POINT('',(2.230914180374,-1.79218452154));
#1296 = CARTESIAN_POINT('',(2.243994753156,-1.79218452154));
#1297 = CARTESIAN_POINT('',(2.257075325583,-1.79218452154));
#1298 = CARTESIAN_POINT('',(2.283236469254,-1.79218452154));
#1299 = CARTESIAN_POINT('',(2.296317041681,-1.79218452154));
#1300 = CARTESIAN_POINT('',(2.309397614463,-1.79218452154));
#1301 = CARTESIAN_POINT('',(2.322478187363,-1.79218452154));
#1302 = CARTESIAN_POINT('',(2.335558760145,-1.79218452154));
#1303 = CARTESIAN_POINT('',(2.348639332572,-1.79218452154));
#1304 = CARTESIAN_POINT('',(2.374800476243,-1.79218452154));
#1305 = CARTESIAN_POINT('',(2.38788104867,-1.79218452154));
#1306 = CARTESIAN_POINT('',(2.400961621452,-1.79218452154));
#1307 = CARTESIAN_POINT('',(2.414042194352,-1.79218452154));
#1308 = CARTESIAN_POINT('',(2.427122767134,-1.79218452154));
#1309 = CARTESIAN_POINT('',(2.440203339561,-1.79218452154));
#1310 = CARTESIAN_POINT('',(2.465462374966,-1.79218452154));
#1311 = CARTESIAN_POINT('',(2.47764083895,-1.79218452154));
#1312 = CARTESIAN_POINT('',(2.489819303182,-1.79218452154));
#1313 = CARTESIAN_POINT('',(2.501997767497,-1.79218452154));
#1314 = CARTESIAN_POINT('',(2.514176231729,-1.79218452154));
#1315 = CARTESIAN_POINT('',(2.526354695713,-1.79218452154));
#1316 = CARTESIAN_POINT('',(2.551613731118,-1.79218452154));
#1317 = CARTESIAN_POINT('',(2.564694303545,-1.79218452154));
#1318 = CARTESIAN_POINT('',(2.577774876327,-1.79218452154));
#1319 = CARTESIAN_POINT('',(2.590855449227,-1.79218452154));
#1320 = CARTESIAN_POINT('',(2.603936022009,-1.79218452154));
#1321 = CARTESIAN_POINT('',(2.617016594436,-1.79218452154));
#1322 = CARTESIAN_POINT('',(2.643177738107,-1.79218452154));
#1323 = CARTESIAN_POINT('',(2.656258310534,-1.79218452154));
#1324 = CARTESIAN_POINT('',(2.669338883316,-1.79218452154));
#1325 = CARTESIAN_POINT('',(2.682419456216,-1.79218452154));
#1326 = CARTESIAN_POINT('',(2.695500028998,-1.79218452154));
#1327 = CARTESIAN_POINT('',(2.708580601425,-1.79218452154));
#1328 = CARTESIAN_POINT('',(2.734741745096,-1.79218452154));
#1329 = CARTESIAN_POINT('',(2.747822317523,-1.79218452154));
#1330 = CARTESIAN_POINT('',(2.760902890305,-1.79218452154));
#1331 = CARTESIAN_POINT('',(2.773983463205,-1.79218452154));
#1332 = CARTESIAN_POINT('',(2.787064035987,-1.79218452154));
#1333 = CARTESIAN_POINT('',(2.800144608414,-1.79218452154));
#1334 = CARTESIAN_POINT('',(2.82540364382,-1.79218452154));
#1335 = CARTESIAN_POINT('',(2.837582107804,-1.79218452154));
#1336 = CARTESIAN_POINT('',(2.849760572036,-1.79218452154));
#1337 = CARTESIAN_POINT('',(2.86193903635,-1.79218452154));
#1338 = CARTESIAN_POINT('',(2.874117500582,-1.79218452154));
#1339 = CARTESIAN_POINT('',(2.886295964566,-1.79218452154));
#1340 = CARTESIAN_POINT('',(2.911554999972,-1.79218452154));
#1341 = CARTESIAN_POINT('',(2.924635572399,-1.79218452154));
#1342 = CARTESIAN_POINT('',(2.937716145181,-1.79218452154));
#1343 = CARTESIAN_POINT('',(2.950796718081,-1.79218452154));
#1344 = CARTESIAN_POINT('',(2.963877290863,-1.79218452154));
#1345 = CARTESIAN_POINT('',(2.97695786329,-1.79218452154));
#1346 = CARTESIAN_POINT('',(3.003119006961,-1.79218452154));
#1347 = CARTESIAN_POINT('',(3.016199579388,-1.79218452154));
#1348 = CARTESIAN_POINT('',(3.02928015217,-1.79218452154));
#1349 = CARTESIAN_POINT('',(3.04236072507,-1.79218452154));
#1350 = CARTESIAN_POINT('',(3.055441297852,-1.79218452154));
#1351 = CARTESIAN_POINT('',(3.068521870279,-1.79218452154));
#1352 = CARTESIAN_POINT('',(3.09468301395,-1.79218452154));
#1353 = CARTESIAN_POINT('',(3.107763586377,-1.79218452154));
#1354 = CARTESIAN_POINT('',(3.120844159159,-1.79218452154));
#1355 = CARTESIAN_POINT('',(3.133924732059,-1.79218452154));
#1356 = CARTESIAN_POINT('',(3.147005304841,-1.79218452154));
#1357 = CARTESIAN_POINT('',(3.160085877268,-1.79218452154));
#1358 = CARTESIAN_POINT('',(3.184442804362,-1.79218452154));
#1359 = CARTESIAN_POINT('',(3.195719159903,-1.79218452154));
#1360 = CARTESIAN_POINT('',(3.206995515612,-1.79218452154));
#1361 = CARTESIAN_POINT('',(3.218271871378,-1.79218452154));
#1362 = CARTESIAN_POINT('',(3.229548227087,-1.79218452154));
#1363 = CARTESIAN_POINT('',(3.240824582628,-1.79218452154));
#1364 = CARTESIAN_POINT('',(3.265181509723,-1.79218452154));
#1365 = CARTESIAN_POINT('',(3.27826208215,-1.79218452154));
#1366 = CARTESIAN_POINT('',(3.291342654931,-1.79218452154));
#1367 = CARTESIAN_POINT('',(3.304423227832,-1.79218452154));
#1368 = CARTESIAN_POINT('',(3.317503800613,-1.79218452154));
#1369 = CARTESIAN_POINT('',(3.33058437304,-1.79218452154));
#1370 = CARTESIAN_POINT('',(3.356745516712,-1.79218452154));
#1371 = CARTESIAN_POINT('',(3.369826089139,-1.79218452154));
#1372 = CARTESIAN_POINT('',(3.38290666192,-1.79218452154));
#1373 = CARTESIAN_POINT('',(3.395987234821,-1.79218452154));
#1374 = CARTESIAN_POINT('',(3.409067807602,-1.79218452154));
#1375 = CARTESIAN_POINT('',(3.422148380029,-1.79218452154));
#1376 = CARTESIAN_POINT('',(3.448309523701,-1.79218452154));
#1377 = CARTESIAN_POINT('',(3.461390096128,-1.79218452154));
#1378 = CARTESIAN_POINT('',(3.47447066891,-1.79218452154));
#1379 = CARTESIAN_POINT('',(3.48755124181,-1.79218452154));
#1380 = CARTESIAN_POINT('',(3.500631814592,-1.79218452154));
#1381 = CARTESIAN_POINT('',(3.513712387019,-1.79218452154));
#1382 = CARTESIAN_POINT('',(3.53987353069,-1.79218452154));
#1383 = CARTESIAN_POINT('',(3.552954103117,-1.79218452154));
#1384 = CARTESIAN_POINT('',(3.566034675899,-1.79218452154));
#1385 = CARTESIAN_POINT('',(3.579115248799,-1.79218452154));
#1386 = CARTESIAN_POINT('',(3.592195821581,-1.79218452154));
#1387 = CARTESIAN_POINT('',(3.605276394008,-1.79218452154));
#1388 = CARTESIAN_POINT('',(3.631437537679,-1.79218452154));
#1389 = CARTESIAN_POINT('',(3.644518110106,-1.79218452154));
#1390 = CARTESIAN_POINT('',(3.657598682888,-1.79218452154));
#1391 = CARTESIAN_POINT('',(3.670679255788,-1.79218452154));
#1392 = CARTESIAN_POINT('',(3.68375982857,-1.79218452154));
#1393 = CARTESIAN_POINT('',(3.696840400997,-1.79218452154));
#1394 = CARTESIAN_POINT('',(3.722099436402,-1.79218452154));
#1395 = CARTESIAN_POINT('',(3.734277900386,-1.79218452154));
#1396 = CARTESIAN_POINT('',(3.746456364618,-1.79218452154));
#1397 = CARTESIAN_POINT('',(3.758634828933,-1.79218452154));
#1398 = CARTESIAN_POINT('',(3.770813293165,-1.79218452154));
#1399 = CARTESIAN_POINT('',(3.782991757149,-1.79218452154));
#1400 = CARTESIAN_POINT('',(3.807799738428,-1.79218452154));
#1401 = CARTESIAN_POINT('',(3.820429256633,-1.79218452154));
#1402 = CARTESIAN_POINT('',(3.833058775136,-1.79218452154));
#1403 = CARTESIAN_POINT('',(3.845688293739,-1.79218452154));
#1404 = CARTESIAN_POINT('',(3.858317812242,-1.79218452154));
#1405 = CARTESIAN_POINT('',(3.870947330447,-1.79218452154));
#1406 = CARTESIAN_POINT('',(3.896657419992,-1.79218452154));
#1407 = CARTESIAN_POINT('',(3.909737992419,-1.79218452154));
#1408 = CARTESIAN_POINT('',(3.922818565201,-1.79218452154));
#1409 = CARTESIAN_POINT('',(3.935899138101,-1.79218452154));
#1410 = CARTESIAN_POINT('',(3.948979710883,-1.79218452154));
#1411 = CARTESIAN_POINT('',(3.96206028331,-1.79218452154));
#1412 = CARTESIAN_POINT('',(3.987770372854,-1.79218452154));
#1413 = CARTESIAN_POINT('',(4.00039989106,-1.79218452154));
#1414 = CARTESIAN_POINT('',(4.013029409563,-1.79218452154));
#1415 = CARTESIAN_POINT('',(4.025658928165,-1.79218452154));
#1416 = CARTESIAN_POINT('',(4.038288446669,-1.79218452154));
#1417 = CARTESIAN_POINT('',(4.050917964874,-1.79218452154));
#1418 = CARTESIAN_POINT('',(4.076628054419,-1.79218452154));
#1419 = CARTESIAN_POINT('',(4.089708626846,-1.79218452154));
#1420 = CARTESIAN_POINT('',(4.102789199627,-1.79218452154));
#1421 = CARTESIAN_POINT('',(4.115869772528,-1.79218452154));
#1422 = CARTESIAN_POINT('',(4.128950345309,-1.79218452154));
#1423 = CARTESIAN_POINT('',(4.142030917737,-1.79218452154));
#1424 = CARTESIAN_POINT('',(4.167289953142,-1.79218452154));
#1425 = CARTESIAN_POINT('',(4.179468417126,-1.79218452154));
#1426 = CARTESIAN_POINT('',(4.191646881358,-1.79218452154));
#1427 = CARTESIAN_POINT('',(4.203825345673,-1.79218452154));
#1428 = CARTESIAN_POINT('',(4.216003809905,-1.79218452154));
#1429 = CARTESIAN_POINT('',(4.228182273888,-1.79218452154));
#1430 = CARTESIAN_POINT('',(4.253441309294,-1.79218452154));
#1431 = CARTESIAN_POINT('',(4.266521881721,-1.79218452154));
#1432 = CARTESIAN_POINT('',(4.279602454503,-1.79218452154));
#1433 = CARTESIAN_POINT('',(4.292683027403,-1.79218452154));
#1434 = CARTESIAN_POINT('',(4.305763600185,-1.79218452154));
#1435 = CARTESIAN_POINT('',(4.318844172612,-1.79218452154));
#1436 = CARTESIAN_POINT('',(4.345005316283,-1.79218452154));
#1437 = CARTESIAN_POINT('',(4.35808588871,-1.79218452154));
#1438 = CARTESIAN_POINT('',(4.371166461492,-1.79218452154));
#1439 = CARTESIAN_POINT('',(4.384247034392,-1.79218452154));
#1440 = CARTESIAN_POINT('',(4.397327607174,-1.79218452154));
#1441 = CARTESIAN_POINT('',(4.410408179601,-1.79218452154));
#1442 = CARTESIAN_POINT('',(4.436569323272,-1.79218452154));
#1443 = CARTESIAN_POINT('',(4.449649895699,-1.79218452154));
#1444 = CARTESIAN_POINT('',(4.462730468481,-1.79218452154));
#1445 = CARTESIAN_POINT('',(4.475811041381,-1.79218452154));
#1446 = CARTESIAN_POINT('',(4.488891614163,-1.79218452154));
#1447 = CARTESIAN_POINT('',(4.50197218659,-1.79218452154));
#1448 = CARTESIAN_POINT('',(4.528133330261,-1.79218452154));
#1449 = CARTESIAN_POINT('',(4.541213902688,-1.79218452154));
#1450 = CARTESIAN_POINT('',(4.55429447547,-1.79218452154));
#1451 = CARTESIAN_POINT('',(4.56737504837,-1.79218452154));
#1452 = CARTESIAN_POINT('',(4.580455621152,-1.79218452154));
#1453 = CARTESIAN_POINT('',(4.593536193579,-1.79218452154));
#1454 = CARTESIAN_POINT('',(4.61969733725,-1.79218452154));
#1455 = CARTESIAN_POINT('',(4.632777909677,-1.79218452154));
#1456 = CARTESIAN_POINT('',(4.645858482459,-1.79218452154));
#1457 = CARTESIAN_POINT('',(4.658939055359,-1.79218452154));
#1458 = CARTESIAN_POINT('',(4.672019628141,-1.79218452154));
#1459 = CARTESIAN_POINT('',(4.685100200568,-1.79218452154));
#1460 = CARTESIAN_POINT('',(4.710810290113,-1.79218452154));
#1461 = CARTESIAN_POINT('',(4.723439808318,-1.79218452154));
#1462 = CARTESIAN_POINT('',(4.736069326821,-1.79218452154));
#1463 = CARTESIAN_POINT('',(4.748698845424,-1.79218452154));
#1464 = CARTESIAN_POINT('',(4.761328363927,-1.79218452154));
#1465 = CARTESIAN_POINT('',(4.773957882132,-1.79218452154));
#1466 = CARTESIAN_POINT('',(4.799667971677,-1.79218452154));
#1467 = CARTESIAN_POINT('',(4.812748544104,-1.79218452154));
#1468 = CARTESIAN_POINT('',(4.825829116886,-1.79218452154));
#1469 = CARTESIAN_POINT('',(4.838909689786,-1.79218452154));
#1470 = CARTESIAN_POINT('',(4.851990262568,-1.79218452154));
#1471 = CARTESIAN_POINT('',(4.865070834995,-1.79218452154));
#1472 = CARTESIAN_POINT('',(4.891231978666,-1.79218452154));
#1473 = CARTESIAN_POINT('',(4.904312551093,-1.79218452154));
#1474 = CARTESIAN_POINT('',(4.917393123875,-1.79218452154));
#1475 = CARTESIAN_POINT('',(4.930473696775,-1.79218452154));
#1476 = CARTESIAN_POINT('',(4.943554269557,-1.79218452154));
#1477 = CARTESIAN_POINT('',(4.956634841984,-1.79218452154));
#1478 = CARTESIAN_POINT('',(4.982795985655,-1.79218452154));
#1479 = CARTESIAN_POINT('',(4.995876558082,-1.79218452154));
#1480 = CARTESIAN_POINT('',(5.008957130864,-1.79218452154));
#1481 = CARTESIAN_POINT('',(5.022037703764,-1.79218452154));
#1482 = CARTESIAN_POINT('',(5.035118276546,-1.79218452154));
#1483 = CARTESIAN_POINT('',(5.048198848973,-1.79218452154));
#1484 = CARTESIAN_POINT('',(5.074359992644,-1.79218452154));
#1485 = CARTESIAN_POINT('',(5.087440565071,-1.79218452154));
#1486 = CARTESIAN_POINT('',(5.100521137853,-1.79218452154));
#1487 = CARTESIAN_POINT('',(5.113601710753,-1.79218452154));
#1488 = CARTESIAN_POINT('',(5.126682283535,-1.79218452154));
#1489 = CARTESIAN_POINT('',(5.139762855962,-1.79218452154));
#1490 = CARTESIAN_POINT('',(5.165923999633,-1.79218452154));
#1491 = CARTESIAN_POINT('',(5.17900457206,-1.79218452154));
#1492 = CARTESIAN_POINT('',(5.192085144842,-1.79218452154));
#1493 = CARTESIAN_POINT('',(5.205165717742,-1.79218452154));
#1494 = CARTESIAN_POINT('',(5.218246290524,-1.79218452154));
#1495 = CARTESIAN_POINT('',(5.231326862951,-1.79218452154));
#1496 = CARTESIAN_POINT('',(5.257488006622,-1.79218452154));
#1497 = CARTESIAN_POINT('',(5.270568579049,-1.79218452154));
#1498 = CARTESIAN_POINT('',(5.283649151831,-1.79218452154));
#1499 = CARTESIAN_POINT('',(5.296729724731,-1.79218452154));
#1500 = CARTESIAN_POINT('',(5.309810297513,-1.79218452154));
#1501 = CARTESIAN_POINT('',(5.32289086994,-1.79218452154));
#1502 = CARTESIAN_POINT('',(5.349052013611,-1.79218452154));
#1503 = CARTESIAN_POINT('',(5.362132586038,-1.79218452154));
#1504 = CARTESIAN_POINT('',(5.37521315882,-1.79218452154));
#1505 = CARTESIAN_POINT('',(5.38829373172,-1.79218452154));
#1506 = CARTESIAN_POINT('',(5.401374304502,-1.79218452154));
#1507 = CARTESIAN_POINT('',(5.414454876929,-1.79218452154));
#1508 = CARTESIAN_POINT('',(5.4406160206,-1.79218452154));
#1509 = CARTESIAN_POINT('',(5.453696593027,-1.79218452154));
#1510 = CARTESIAN_POINT('',(5.466777165809,-1.79218452154));
#1511 = CARTESIAN_POINT('',(5.479857738709,-1.79218452154));
#1512 = CARTESIAN_POINT('',(5.492938311491,-1.79218452154));
#1513 = CARTESIAN_POINT('',(5.506018883918,-1.79218452154));
#1514 = CARTESIAN_POINT('',(5.531277919324,-1.79218452154));
#1515 = CARTESIAN_POINT('',(5.543456383308,-1.79218452154));
#1516 = CARTESIAN_POINT('',(5.55563484754,-1.79218452154));
#1517 = CARTESIAN_POINT('',(5.567813311854,-1.79218452154));
#1518 = CARTESIAN_POINT('',(5.579991776086,-1.79218452154));
#1519 = CARTESIAN_POINT('',(5.59217024007,-1.79218452154));
#1520 = CARTESIAN_POINT('',(5.701312954793,-1.79218452154));
#1521 = CARTESIAN_POINT('',(5.798315425807,-1.79218452154));
#1522 = CARTESIAN_POINT('',(5.895286518647,-1.79218452154));
#1523 = CARTESIAN_POINT('',(5.992247492173,-1.79218452154));
#1524 = CARTESIAN_POINT('',(6.089218585013,-1.79218452154));
#1525 = CARTESIAN_POINT('',(6.186221056027,-1.79218452154));
#1526 = CARTESIAN_POINT('',(6.28318530718,-1.79218452154));
#1527 = ( GEOMETRIC_REPRESENTATION_CONTEXT(2) 
PARAMETRIC_REPRESENTATION_CONTEXT() REPRESENTATION_CONTEXT('2D SPACE',''
  ) );
#1528 = PCURVE('',#1529,#1534);
#1529 = CONICAL_SURFACE('',#1530,8.,0.785398163397);
#1530 = AXIS2_PLACEMENT_3D('',#1531,#1532,#1533);
#1531 = CARTESIAN_POINT('',(-33.33333333333,24.6,50.));
#1532 = DIRECTION('',(9.203377227578E-31,1.,-7.559917008368E-31));
#1533 = DIRECTION('',(4.087120520947E-46,7.559917008368E-31,1.));
#1534 = DEFINITIONAL_REPRESENTATION('',(#1535),#1922);
#1535 = B_SPLINE_CURVE_WITH_KNOTS('',7,(#1536,#1537,#1538,#1539,#1540,
    #1541,#1542,#1543,#1544,#1545,#1546,#1547,#1548,#1549,#1550,#1551,
    #1552,#1553,#1554,#1555,#1556,#1557,#1558,#1559,#1560,#1561,#1562,
    #1563,#1564,#1565,#1566,#1567,#1568,#1569,#1570,#1571,#1572,#1573,
    #1574,#1575,#1576,#1577,#1578,#1579,#1580,#1581,#1582,#1583,#1584,
    #1585,#1586,#1587,#1588,#1589,#1590,#1591,#1592,#1593,#1594,#1595,
    #1596,#1597,#1598,#1599,#1600,#1601,#1602,#1603,#1604,#1605,#1606,
    #1607,#1608,#1609,#1610,#1611,#1612,#1613,#1614,#1615,#1616,#1617,
    #1618,#1619,#1620,#1621,#1622,#1623,#1624,#1625,#1626,#1627,#1628,
    #1629,#1630,#1631,#1632,#1633,#1634,#1635,#1636,#1637,#1638,#1639,
    #1640,#1641,#1642,#1643,#1644,#1645,#1646,#1647,#1648,#1649,#1650,
    #1651,#1652,#1653,#1654,#1655,#1656,#1657,#1658,#1659,#1660,#1661,
    #1662,#1663,#1664,#1665,#1666,#1667,#1668,#1669,#1670,#1671,#1672,
    #1673,#1674,#1675,#1676,#1677,#1678,#1679,#1680,#1681,#1682,#1683,
    #1684,#1685,#1686,#1687,#1688,#1689,#1690,#1691,#1692,#1693,#1694,
    #1695,#1696,#1697,#1698,#1699,#1700,#1701,#1702,#1703,#1704,#1705,
    #1706,#1707,#1708,#1709,#1710,#1711,#1712,#1713,#1714,#1715,#1716,
    #1717,#1718,#1719,#1720,#1721,#1722,#1723,#1724,#1725,#1726,#1727,
    #1728,#1729,#1730,#1731,#1732,#1733,#1734,#1735,#1736,#1737,#1738,
    #1739,#1740,#1741,#1742,#1743,#1744,#1745,#1746,#1747,#1748,#1749,
    #1750,#1751,#1752,#1753,#1754,#1755,#1756,#1757,#1758,#1759,#1760,
    #1761,#1762,#1763,#1764,#1765,#1766,#1767,#1768,#1769,#1770,#1771,
    #1772,#1773,#1774,#1775,#1776,#1777,#1778,#1779,#1780,#1781,#1782,
    #1783,#1784,#1785,#1786,#1787,#1788,#1789,#1790,#1791,#1792,#1793,
    #1794,#1795,#1796,#1797,#1798,#1799,#1800,#1801,#1802,#1803,#1804,
    #1805,#1806,#1807,#1808,#1809,#1810,#1811,#1812,#1813,#1814,#1815,
    #1816,#1817,#1818,#1819,#1820,#1821,#1822,#1823,#1824,#1825,#1826,
    #1827,#1828,#1829,#1830,#1831,#1832,#1833,#1834,#1835,#1836,#1837,
    #1838,#1839,#1840,#1841,#1842,#1843,#1844,#1845,#1846,#1847,#1848,
    #1849,#1850,#1851,#1852,#1853,#1854,#1855,#1856,#1857,#1858,#1859,
    #1860,#1861,#1862,#1863,#1864,#1865,#1866,#1867,#1868,#1869,#1870,
    #1871,#1872,#1873,#1874,#1875,#1876,#1877,#1878,#1879,#1880,#1881,
    #1882,#1883,#1884,#1885,#1886,#1887,#1888,#1889,#1890,#1891,#1892,
    #1893,#1894,#1895,#1896,#1897,#1898,#1899,#1900,#1901,#1902,#1903,
    #1904,#1905,#1906,#1907,#1908,#1909,#1910,#1911,#1912,#1913,#1914,
    #1915,#1916,#1917,#1918,#1919,#1920,#1921),.UNSPECIFIED.,.F.,.F.,(8,
    6,6,6,6,6,6,6,6,6,6,6,6,6,6,6,6,6,6,6,6,6,6,6,6,6,6,6,6,6,6,6,6,6,6,
    6,6,6,6,6,6,6,6,6,6,6,6,6,6,6,6,6,6,6,6,6,6,6,6,6,6,6,6,6,8),(0.,
    1.859295713105E-02,3.3166026687E-02,4.773909624296E-02,
    6.231216579892E-02,7.688523535488E-02,9.145830491085E-02,
    0.10552885491,0.118091846161,0.13165987659,0.146232946146,
    0.160303496145,0.174876565701,0.189449635257,0.204022704813,
    0.212063019381,0.22613356938,0.239199080226,0.253772149782,
    0.268345219338,0.282415769337,0.296988838893,0.308546790926,
    0.323119860482,0.333672773265,0.34673828411,0.361311353666,
    0.375884423222,0.390457492778,0.404025523207,0.418598592763,
    0.433171662319,0.447744731875,0.461312762303,0.475885831859,
    0.490458901415,0.505031970971,0.517594962222,0.532168031778,
    0.546741101334,0.56131417089,0.575887240446,0.590460310002,
    0.604028340431,0.61809889043,0.632671959986,0.646742509985,
    0.661315579541,0.67488360997,0.689456679526,0.704029749082,
    0.718602818638,0.733175888194,0.74774895775,0.761819507749,
    0.776392577305,0.790965646861,0.805538716417,0.820111785973,
    0.834684855529,0.849257925085,0.863830994641,0.878404064197,
    0.891972094626,1.),.UNSPECIFIED.);
#1536 = CARTESIAN_POINT('',(-8.881784197001E-16,-3.));
#1537 = CARTESIAN_POINT('',(1.669005598778E-02,-3.));
#1538 = CARTESIAN_POINT('',(3.337909764753E-02,-3.));
#1539 = CARTESIAN_POINT('',(5.006776083881E-02,-3.));
#1540 = CARTESIAN_POINT('',(6.675644420091E-02,-3.));
#1541 = CARTESIAN_POINT('',(8.344530915275E-02,-3.));
#1542 = CARTESIAN_POINT('',(0.100134279893,-3.));
#1543 = CARTESIAN_POINT('',(0.129903615235,-3.));
#1544 = CARTESIAN_POINT('',(0.142984187662,-3.));
#1545 = CARTESIAN_POINT('',(0.156064760444,-3.));
#1546 = CARTESIAN_POINT('',(0.169145333344,-3.));
#1547 = CARTESIAN_POINT('',(0.182225906126,-3.));
#1548 = CARTESIAN_POINT('',(0.195306478553,-3.));
#1549 = CARTESIAN_POINT('',(0.221467622224,-3.));
#1550 = CARTESIAN_POINT('',(0.234548194651,-3.));
#1551 = CARTESIAN_POINT('',(0.247628767433,-3.));
#1552 = CARTESIAN_POINT('',(0.260709340333,-3.));
#1553 = CARTESIAN_POINT('',(0.273789913115,-3.));
#1554 = CARTESIAN_POINT('',(0.286870485542,-3.));
#1555 = CARTESIAN_POINT('',(0.313031629213,-3.));
#1556 = CARTESIAN_POINT('',(0.326112201641,-3.));
#1557 = CARTESIAN_POINT('',(0.339192774422,-3.));
#1558 = CARTESIAN_POINT('',(0.352273347323,-3.));
#1559 = CARTESIAN_POINT('',(0.365353920104,-3.));
#1560 = CARTESIAN_POINT('',(0.378434492531,-3.));
#1561 = CARTESIAN_POINT('',(0.404595636203,-3.));
#1562 = CARTESIAN_POINT('',(0.41767620863,-3.));
#1563 = CARTESIAN_POINT('',(0.430756781411,-3.));
#1564 = CARTESIAN_POINT('',(0.443837354312,-3.));
#1565 = CARTESIAN_POINT('',(0.456917927093,-3.));
#1566 = CARTESIAN_POINT('',(0.46999849952,-3.));
#1567 = CARTESIAN_POINT('',(0.496159643192,-3.));
#1568 = CARTESIAN_POINT('',(0.509240215619,-3.));
#1569 = CARTESIAN_POINT('',(0.5223207884,-3.));
#1570 = CARTESIAN_POINT('',(0.535401361301,-3.));
#1571 = CARTESIAN_POINT('',(0.548481934082,-3.));
#1572 = CARTESIAN_POINT('',(0.561562506509,-3.));
#1573 = CARTESIAN_POINT('',(0.587272596054,-3.));
#1574 = CARTESIAN_POINT('',(0.59990211426,-3.));
#1575 = CARTESIAN_POINT('',(0.612531632763,-3.));
#1576 = CARTESIAN_POINT('',(0.625161151365,-3.));
#1577 = CARTESIAN_POINT('',(0.637790669868,-3.));
#1578 = CARTESIAN_POINT('',(0.650420188074,-3.));
#1579 = CARTESIAN_POINT('',(0.674326061042,-3.));
#1580 = CARTESIAN_POINT('',(0.685602416582,-3.));
#1581 = CARTESIAN_POINT('',(0.696878772292,-3.));
#1582 = CARTESIAN_POINT('',(0.708155128057,-3.));
#1583 = CARTESIAN_POINT('',(0.719431483767,-3.));
#1584 = CARTESIAN_POINT('',(0.730707839307,-3.));
#1585 = CARTESIAN_POINT('',(0.754162658136,-3.));
#1586 = CARTESIAN_POINT('',(0.76634112212,-3.));
#1587 = CARTESIAN_POINT('',(0.778519586352,-3.));
#1588 = CARTESIAN_POINT('',(0.790698050667,-3.));
#1589 = CARTESIAN_POINT('',(0.802876514899,-3.));
#1590 = CARTESIAN_POINT('',(0.815054978883,-3.));
#1591 = CARTESIAN_POINT('',(0.840314014288,-3.));
#1592 = CARTESIAN_POINT('',(0.853394586715,-3.));
#1593 = CARTESIAN_POINT('',(0.866475159497,-3.));
#1594 = CARTESIAN_POINT('',(0.879555732397,-3.));
#1595 = CARTESIAN_POINT('',(0.892636305179,-3.));
#1596 = CARTESIAN_POINT('',(0.905716877606,-3.));
#1597 = CARTESIAN_POINT('',(0.931426967151,-3.));
#1598 = CARTESIAN_POINT('',(0.944056485356,-3.));
#1599 = CARTESIAN_POINT('',(0.956686003859,-3.));
#1600 = CARTESIAN_POINT('',(0.969315522462,-3.));
#1601 = CARTESIAN_POINT('',(0.981945040965,-3.));
#1602 = CARTESIAN_POINT('',(0.99457455917,-3.));
#1603 = CARTESIAN_POINT('',(1.020284648715,-3.));
#1604 = CARTESIAN_POINT('',(1.033365221142,-3.));
#1605 = CARTESIAN_POINT('',(1.046445793924,-3.));
#1606 = CARTESIAN_POINT('',(1.059526366824,-3.));
#1607 = CARTESIAN_POINT('',(1.072606939606,-3.));
#1608 = CARTESIAN_POINT('',(1.085687512033,-3.));
#1609 = CARTESIAN_POINT('',(1.111848655704,-3.));
#1610 = CARTESIAN_POINT('',(1.124929228131,-3.));
#1611 = CARTESIAN_POINT('',(1.138009800913,-3.));
#1612 = CARTESIAN_POINT('',(1.151090373813,-3.));
#1613 = CARTESIAN_POINT('',(1.164170946595,-3.));
#1614 = CARTESIAN_POINT('',(1.177251519022,-3.));
#1615 = CARTESIAN_POINT('',(1.203412662693,-3.));
#1616 = CARTESIAN_POINT('',(1.21649323512,-3.));
#1617 = CARTESIAN_POINT('',(1.229573807902,-3.));
#1618 = CARTESIAN_POINT('',(1.242654380802,-3.));
#1619 = CARTESIAN_POINT('',(1.255734953584,-3.));
#1620 = CARTESIAN_POINT('',(1.268815526011,-3.));
#1621 = CARTESIAN_POINT('',(1.289112965362,-3.));
#1622 = CARTESIAN_POINT('',(1.296329832908,-3.));
#1623 = CARTESIAN_POINT('',(1.303546700472,-3.));
#1624 = CARTESIAN_POINT('',(1.310763568043,-3.));
#1625 = CARTESIAN_POINT('',(1.317980435607,-3.));
#1626 = CARTESIAN_POINT('',(1.325197303153,-3.));
#1627 = CARTESIAN_POINT('',(1.345043688377,-3.));
#1628 = CARTESIAN_POINT('',(1.357673206583,-3.));
#1629 = CARTESIAN_POINT('',(1.370302725086,-3.));
#1630 = CARTESIAN_POINT('',(1.382932243688,-3.));
#1631 = CARTESIAN_POINT('',(1.395561762191,-3.));
#1632 = CARTESIAN_POINT('',(1.408191280397,-3.));
#1633 = CARTESIAN_POINT('',(1.432548207525,-3.));
#1634 = CARTESIAN_POINT('',(1.444275617288,-3.));
#1635 = CARTESIAN_POINT('',(1.456003027255,-3.));
#1636 = CARTESIAN_POINT('',(1.467730437292,-3.));
#1637 = CARTESIAN_POINT('',(1.479457847259,-3.));
#1638 = CARTESIAN_POINT('',(1.491185257021,-3.));
#1639 = CARTESIAN_POINT('',(1.515993238277,-3.));
#1640 = CARTESIAN_POINT('',(1.529073810704,-3.));
#1641 = CARTESIAN_POINT('',(1.542154383485,-3.));
#1642 = CARTESIAN_POINT('',(1.555234956386,-3.));
#1643 = CARTESIAN_POINT('',(1.568315529167,-3.));
#1644 = CARTESIAN_POINT('',(1.581396101594,-3.));
#1645 = CARTESIAN_POINT('',(1.607557245266,-3.));
#1646 = CARTESIAN_POINT('',(1.620637817693,-3.));
#1647 = CARTESIAN_POINT('',(1.633718390474,-3.));
#1648 = CARTESIAN_POINT('',(1.646798963375,-3.));
#1649 = CARTESIAN_POINT('',(1.659879536156,-3.));
#1650 = CARTESIAN_POINT('',(1.672960108583,-3.));
#1651 = CARTESIAN_POINT('',(1.698670198128,-3.));
#1652 = CARTESIAN_POINT('',(1.711299716334,-3.));
#1653 = CARTESIAN_POINT('',(1.723929234837,-3.));
#1654 = CARTESIAN_POINT('',(1.736558753439,-3.));
#1655 = CARTESIAN_POINT('',(1.749188271942,-3.));
#1656 = CARTESIAN_POINT('',(1.761817790148,-3.));
#1657 = CARTESIAN_POINT('',(1.787527879692,-3.));
#1658 = CARTESIAN_POINT('',(1.800608452119,-3.));
#1659 = CARTESIAN_POINT('',(1.813689024901,-3.));
#1660 = CARTESIAN_POINT('',(1.826769597801,-3.));
#1661 = CARTESIAN_POINT('',(1.839850170583,-3.));
#1662 = CARTESIAN_POINT('',(1.85293074301,-3.));
#1663 = CARTESIAN_POINT('',(1.876385561757,-3.));
#1664 = CARTESIAN_POINT('',(1.886759808855,-3.));
#1665 = CARTESIAN_POINT('',(1.897134056063,-3.));
#1666 = CARTESIAN_POINT('',(1.907508303309,-3.));
#1667 = CARTESIAN_POINT('',(1.917882550518,-3.));
#1668 = CARTESIAN_POINT('',(1.928256797615,-3.));
#1669 = CARTESIAN_POINT('',(1.951711616362,-3.));
#1670 = CARTESIAN_POINT('',(1.964792188789,-3.));
#1671 = CARTESIAN_POINT('',(1.977872761571,-3.));
#1672 = CARTESIAN_POINT('',(1.990953334471,-3.));
#1673 = CARTESIAN_POINT('',(2.004033907253,-3.));
#1674 = CARTESIAN_POINT('',(2.01711447968,-3.));
#1675 = CARTESIAN_POINT('',(2.039667190052,-3.));
#1676 = CARTESIAN_POINT('',(2.049139328706,-3.));
#1677 = CARTESIAN_POINT('',(2.058611467431,-3.));
#1678 = CARTESIAN_POINT('',(2.068083606179,-3.));
#1679 = CARTESIAN_POINT('',(2.077555744904,-3.));
#1680 = CARTESIAN_POINT('',(2.087027883558,-3.));
#1681 = CARTESIAN_POINT('',(2.108227431514,-3.));
#1682 = CARTESIAN_POINT('',(2.119954841276,-3.));
#1683 = CARTESIAN_POINT('',(2.131682251243,-3.));
#1684 = CARTESIAN_POINT('',(2.14340966128,-3.));
#1685 = CARTESIAN_POINT('',(2.155137071247,-3.));
#1686 = CARTESIAN_POINT('',(2.16686448101,-3.));
#1687 = CARTESIAN_POINT('',(2.191672462265,-3.));
#1688 = CARTESIAN_POINT('',(2.204753034692,-3.));
#1689 = CARTESIAN_POINT('',(2.217833607474,-3.));
#1690 = CARTESIAN_POINT('',(2.230914180374,-3.));
#1691 = CARTESIAN_POINT('',(2.243994753156,-3.));
#1692 = CARTESIAN_POINT('',(2.257075325583,-3.));
#1693 = CARTESIAN_POINT('',(2.283236469254,-3.));
#1694 = CARTESIAN_POINT('',(2.296317041681,-3.));
#1695 = CARTESIAN_POINT('',(2.309397614463,-3.));
#1696 = CARTESIAN_POINT('',(2.322478187363,-3.));
#1697 = CARTESIAN_POINT('',(2.335558760145,-3.));
#1698 = CARTESIAN_POINT('',(2.348639332572,-3.));
#1699 = CARTESIAN_POINT('',(2.374800476243,-3.));
#1700 = CARTESIAN_POINT('',(2.38788104867,-3.));
#1701 = CARTESIAN_POINT('',(2.400961621452,-3.));
#1702 = CARTESIAN_POINT('',(2.414042194352,-3.));
#1703 = CARTESIAN_POINT('',(2.427122767134,-3.));
#1704 = CARTESIAN_POINT('',(2.440203339561,-3.));
#1705 = CARTESIAN_POINT('',(2.465462374966,-3.));
#1706 = CARTESIAN_POINT('',(2.47764083895,-3.));
#1707 = CARTESIAN_POINT('',(2.489819303182,-3.));
#1708 = CARTESIAN_POINT('',(2.501997767497,-3.));
#1709 = CARTESIAN_POINT('',(2.514176231729,-3.));
#1710 = CARTESIAN_POINT('',(2.526354695713,-3.));
#1711 = CARTESIAN_POINT('',(2.551613731118,-3.));
#1712 = CARTESIAN_POINT('',(2.564694303545,-3.));
#1713 = CARTESIAN_POINT('',(2.577774876327,-3.));
#1714 = CARTESIAN_POINT('',(2.590855449227,-3.));
#1715 = CARTESIAN_POINT('',(2.603936022009,-3.));
#1716 = CARTESIAN_POINT('',(2.617016594436,-3.));
#1717 = CARTESIAN_POINT('',(2.643177738107,-3.));
#1718 = CARTESIAN_POINT('',(2.656258310534,-3.));
#1719 = CARTESIAN_POINT('',(2.669338883316,-3.));
#1720 = CARTESIAN_POINT('',(2.682419456216,-3.));
#1721 = CARTESIAN_POINT('',(2.695500028998,-3.));
#1722 = CARTESIAN_POINT('',(2.708580601425,-3.));
#1723 = CARTESIAN_POINT('',(2.734741745096,-3.));
#1724 = CARTESIAN_POINT('',(2.747822317523,-3.));
#1725 = CARTESIAN_POINT('',(2.760902890305,-3.));
#1726 = CARTESIAN_POINT('',(2.773983463205,-3.));
#1727 = CARTESIAN_POINT('',(2.787064035987,-3.));
#1728 = CARTESIAN_POINT('',(2.800144608414,-3.));
#1729 = CARTESIAN_POINT('',(2.82540364382,-3.));
#1730 = CARTESIAN_POINT('',(2.837582107804,-3.));
#1731 = CARTESIAN_POINT('',(2.849760572036,-3.));
#1732 = CARTESIAN_POINT('',(2.86193903635,-3.));
#1733 = CARTESIAN_POINT('',(2.874117500582,-3.));
#1734 = CARTESIAN_POINT('',(2.886295964566,-3.));
#1735 = CARTESIAN_POINT('',(2.911554999972,-3.));
#1736 = CARTESIAN_POINT('',(2.924635572399,-3.));
#1737 = CARTESIAN_POINT('',(2.937716145181,-3.));
#1738 = CARTESIAN_POINT('',(2.950796718081,-3.));
#1739 = CARTESIAN_POINT('',(2.963877290863,-3.));
#1740 = CARTESIAN_POINT('',(2.97695786329,-3.));
#1741 = CARTESIAN_POINT('',(3.003119006961,-3.));
#1742 = CARTESIAN_POINT('',(3.016199579388,-3.));
#1743 = CARTESIAN_POINT('',(3.02928015217,-3.));
#1744 = CARTESIAN_POINT('',(3.04236072507,-3.));
#1745 = CARTESIAN_POINT('',(3.055441297852,-3.));
#1746 = CARTESIAN_POINT('',(3.068521870279,-3.));
#1747 = CARTESIAN_POINT('',(3.09468301395,-3.));
#1748 = CARTESIAN_POINT('',(3.107763586377,-3.));
#1749 = CARTESIAN_POINT('',(3.120844159159,-3.));
#1750 = CARTESIAN_POINT('',(3.133924732059,-3.));
#1751 = CARTESIAN_POINT('',(3.147005304841,-3.));
#1752 = CARTESIAN_POINT('',(3.160085877268,-3.));
#1753 = CARTESIAN_POINT('',(3.184442804362,-3.));
#1754 = CARTESIAN_POINT('',(3.195719159903,-3.));
#1755 = CARTESIAN_POINT('',(3.206995515612,-3.));
#1756 = CARTESIAN_POINT('',(3.218271871378,-3.));
#1757 = CARTESIAN_POINT('',(3.229548227087,-3.));
#1758 = CARTESIAN_POINT('',(3.240824582628,-3.));
#1759 = CARTESIAN_POINT('',(3.265181509723,-3.));
#1760 = CARTESIAN_POINT('',(3.27826208215,-3.));
#1761 = CARTESIAN_POINT('',(3.291342654931,-3.));
#1762 = CARTESIAN_POINT('',(3.304423227832,-3.));
#1763 = CARTESIAN_POINT('',(3.317503800613,-3.));
#1764 = CARTESIAN_POINT('',(3.33058437304,-3.));
#1765 = CARTESIAN_POINT('',(3.356745516712,-3.));
#1766 = CARTESIAN_POINT('',(3.369826089139,-3.));
#1767 = CARTESIAN_POINT('',(3.38290666192,-3.));
#1768 = CARTESIAN_POINT('',(3.395987234821,-3.));
#1769 = CARTESIAN_POINT('',(3.409067807602,-3.));
#1770 = CARTESIAN_POINT('',(3.422148380029,-3.));
#1771 = CARTESIAN_POINT('',(3.448309523701,-3.));
#1772 = CARTESIAN_POINT('',(3.461390096128,-3.));
#1773 = CARTESIAN_POINT('',(3.47447066891,-3.));
#1774 = CARTESIAN_POINT('',(3.48755124181,-3.));
#1775 = CARTESIAN_POINT('',(3.500631814592,-3.));
#1776 = CARTESIAN_POINT('',(3.513712387019,-3.));
#1777 = CARTESIAN_POINT('',(3.53987353069,-3.));
#1778 = CARTESIAN_POINT('',(3.552954103117,-3.));
#1779 = CARTESIAN_POINT('',(3.566034675899,-3.));
#1780 = CARTESIAN_POINT('',(3.579115248799,-3.));
#1781 = CARTESIAN_POINT('',(3.592195821581,-3.));
#1782 = CARTESIAN_POINT('',(3.605276394008,-3.));
#1783 = CARTESIAN_POINT('',(3.631437537679,-3.));
#1784 = CARTESIAN_POINT('',(3.644518110106,-3.));
#1785 = CARTESIAN_POINT('',(3.657598682888,-3.));
#1786 = CARTESIAN_POINT('',(3.670679255788,-3.));
#1787 = CARTESIAN_POINT('',(3.68375982857,-3.));
#1788 = CARTESIAN_POINT('',(3.696840400997,-3.));
#1789 = CARTESIAN_POINT('',(3.722099436402,-3.));
#1790 = CARTESIAN_POINT('',(3.734277900386,-3.));
#1791 = CARTESIAN_POINT('',(3.746456364618,-3.));
#1792 = CARTESIAN_POINT('',(3.758634828933,-3.));
#1793 = CARTESIAN_POINT('',(3.770813293165,-3.));
#1794 = CARTESIAN_POINT('',(3.782991757149,-3.));
#1795 = CARTESIAN_POINT('',(3.807799738428,-3.));
#1796 = CARTESIAN_POINT('',(3.820429256633,-3.));
#1797 = CARTESIAN_POINT('',(3.833058775136,-3.));
#1798 = CARTESIAN_POINT('',(3.845688293739,-3.));
#1799 = CARTESIAN_POINT('',(3.858317812242,-3.));
#1800 = CARTESIAN_POINT('',(3.870947330447,-3.));
#1801 = CARTESIAN_POINT('',(3.896657419992,-3.));
#1802 = CARTESIAN_POINT('',(3.909737992419,-3.));
#1803 = CARTESIAN_POINT('',(3.922818565201,-3.));
#1804 = CARTESIAN_POINT('',(3.935899138101,-3.));
#1805 = CARTESIAN_POINT('',(3.948979710883,-3.));
#1806 = CARTESIAN_POINT('',(3.96206028331,-3.));
#1807 = CARTESIAN_POINT('',(3.987770372854,-3.));
#1808 = CARTESIAN_POINT('',(4.00039989106,-3.));
#1809 = CARTESIAN_POINT('',(4.013029409563,-3.));
#1810 = CARTESIAN_POINT('',(4.025658928165,-3.));
#1811 = CARTESIAN_POINT('',(4.038288446669,-3.));
#1812 = CARTESIAN_POINT('',(4.050917964874,-3.));
#1813 = CARTESIAN_POINT('',(4.076628054419,-3.));
#1814 = CARTESIAN_POINT('',(4.089708626846,-3.));
#1815 = CARTESIAN_POINT('',(4.102789199627,-3.));
#1816 = CARTESIAN_POINT('',(4.115869772528,-3.));
#1817 = CARTESIAN_POINT('',(4.128950345309,-3.));
#1818 = CARTESIAN_POINT('',(4.142030917737,-3.));
#1819 = CARTESIAN_POINT('',(4.167289953142,-3.));
#1820 = CARTESIAN_POINT('',(4.179468417126,-3.));
#1821 = CARTESIAN_POINT('',(4.191646881358,-3.));
#1822 = CARTESIAN_POINT('',(4.203825345673,-3.));
#1823 = CARTESIAN_POINT('',(4.216003809905,-3.));
#1824 = CARTESIAN_POINT('',(4.228182273888,-3.));
#1825 = CARTESIAN_POINT('',(4.253441309294,-3.));
#1826 = CARTESIAN_POINT('',(4.266521881721,-3.));
#1827 = CARTESIAN_POINT('',(4.279602454503,-3.));
#1828 = CARTESIAN_POINT('',(4.292683027403,-3.));
#1829 = CARTESIAN_POINT('',(4.305763600185,-3.));
#1830 = CARTESIAN_POINT('',(4.318844172612,-3.));
#1831 = CARTESIAN_POINT('',(4.345005316283,-3.));
#1832 = CARTESIAN_POINT('',(4.35808588871,-3.));
#1833 = CARTESIAN_POINT('',(4.371166461492,-3.));
#1834 = CARTESIAN_POINT('',(4.384247034392,-3.));
#1835 = CARTESIAN_POINT('',(4.397327607174,-3.));
#1836 = CARTESIAN_POINT('',(4.410408179601,-3.));
#1837 = CARTESIAN_POINT('',(4.436569323272,-3.));
#1838 = CARTESIAN_POINT('',(4.449649895699,-3.));
#1839 = CARTESIAN_POINT('',(4.462730468481,-3.));
#1840 = CARTESIAN_POINT('',(4.475811041381,-3.));
#1841 = CARTESIAN_POINT('',(4.488891614163,-3.));
#1842 = CARTESIAN_POINT('',(4.50197218659,-3.));
#1843 = CARTESIAN_POINT('',(4.528133330261,-3.));
#1844 = CARTESIAN_POINT('',(4.541213902688,-3.));
#1845 = CARTESIAN_POINT('',(4.55429447547,-3.));
#1846 = CARTESIAN_POINT('',(4.56737504837,-3.));
#1847 = CARTESIAN_POINT('',(4.580455621152,-3.));
#1848 = CARTESIAN_POINT('',(4.593536193579,-3.));
#1849 = CARTESIAN_POINT('',(4.61969733725,-3.));
#1850 = CARTESIAN_POINT('',(4.632777909677,-3.));
#1851 = CARTESIAN_POINT('',(4.645858482459,-3.));
#1852 = CARTESIAN_POINT('',(4.658939055359,-3.));
#1853 = CARTESIAN_POINT('',(4.672019628141,-3.));
#1854 = CARTESIAN_POINT('',(4.685100200568,-3.));
#1855 = CARTESIAN_POINT('',(4.710810290113,-3.));
#1856 = CARTESIAN_POINT('',(4.723439808318,-3.));
#1857 = CARTESIAN_POINT('',(4.736069326821,-3.));
#1858 = CARTESIAN_POINT('',(4.748698845424,-3.));
#1859 = CARTESIAN_POINT('',(4.761328363927,-3.));
#1860 = CARTESIAN_POINT('',(4.773957882132,-3.));
#1861 = CARTESIAN_POINT('',(4.799667971677,-3.));
#1862 = CARTESIAN_POINT('',(4.812748544104,-3.));
#1863 = CARTESIAN_POINT('',(4.825829116886,-3.));
#1864 = CARTESIAN_POINT('',(4.838909689786,-3.));
#1865 = CARTESIAN_POINT('',(4.851990262568,-3.));
#1866 = CARTESIAN_POINT('',(4.865070834995,-3.));
#1867 = CARTESIAN_POINT('',(4.891231978666,-3.));
#1868 = CARTESIAN_POINT('',(4.904312551093,-3.));
#1869 = CARTESIAN_POINT('',(4.917393123875,-3.));
#1870 = CARTESIAN_POINT('',(4.930473696775,-3.));
#1871 = CARTESIAN_POINT('',(4.943554269557,-3.));
#1872 = CARTESIAN_POINT('',(4.956634841984,-3.));
#1873 = CARTESIAN_POINT('',(4.982795985655,-3.));
#1874 = CARTESIAN_POINT('',(4.995876558082,-3.));
#1875 = CARTESIAN_POINT('',(5.008957130864,-3.));
#1876 = CARTESIAN_POINT('',(5.022037703764,-3.));
#1877 = CARTESIAN_POINT('',(5.035118276546,-3.));
#1878 = CARTESIAN_POINT('',(5.048198848973,-3.));
#1879 = CARTESIAN_POINT('',(5.074359992644,-3.));
#1880 = CARTESIAN_POINT('',(5.087440565071,-3.));
#1881 = CARTESIAN_POINT('',(5.100521137853,-3.));
#1882 = CARTESIAN_POINT('',(5.113601710753,-3.));
#1883 = CARTESIAN_POINT('',(5.126682283535,-3.));
#1884 = CARTESIAN_POINT('',(5.139762855962,-3.));
#1885 = CARTESIAN_POINT('',(5.165923999633,-3.));
#1886 = CARTESIAN_POINT('',(5.17900457206,-3.));
#1887 = CARTESIAN_POINT('',(5.192085144842,-3.));
#1888 = CARTESIAN_POINT('',(5.205165717742,-3.));
#1889 = CARTESIAN_POINT('',(5.218246290524,-3.));
#1890 = CARTESIAN_POINT('',(5.231326862951,-3.));
#1891 = CARTESIAN_POINT('',(5.257488006622,-3.));
#1892 = CARTESIAN_POINT('',(5.270568579049,-3.));
#1893 = CARTESIAN_POINT('',(5.283649151831,-3.));
#1894 = CARTESIAN_POINT('',(5.296729724731,-3.));
#1895 = CARTESIAN_POINT('',(5.309810297513,-3.));
#1896 = CARTESIAN_POINT('',(5.32289086994,-3.));
#1897 = CARTESIAN_POINT('',(5.349052013611,-3.));
#1898 = CARTESIAN_POINT('',(5.362132586038,-3.));
#1899 = CARTESIAN_POINT('',(5.37521315882,-3.));
#1900 = CARTESIAN_POINT('',(5.38829373172,-3.));
#1901 = CARTESIAN_POINT('',(5.401374304502,-3.));
#1902 = CARTESIAN_POINT('',(5.414454876929,-3.));
#1903 = CARTESIAN_POINT('',(5.4406160206,-3.));
#1904 = CARTESIAN_POINT('',(5.453696593027,-3.));
#1905 = CARTESIAN_POINT('',(5.466777165809,-3.));
#1906 = CARTESIAN_POINT('',(5.479857738709,-3.));
#1907 = CARTESIAN_POINT('',(5.492938311491,-3.));
#1908 = CARTESIAN_POINT('',(5.506018883918,-3.));
#1909 = CARTESIAN_POINT('',(5.531277919324,-3.));
#1910 = CARTESIAN_POINT('',(5.543456383308,-3.));
#1911 = CARTESIAN_POINT('',(5.55563484754,-3.));
#1912 = CARTESIAN_POINT('',(5.567813311854,-3.));
#1913 = CARTESIAN_POINT('',(5.579991776086,-3.));
#1914 = CARTESIAN_POINT('',(5.59217024007,-3.));
#1915 = CARTESIAN_POINT('',(5.701312954793,-3.));
#1916 = CARTESIAN_POINT('',(5.798315425807,-3.));
#1917 = CARTESIAN_POINT('',(5.895286518648,-3.));
#1918 = CARTESIAN_POINT('',(5.992247492172,-3.));
#1919 = CARTESIAN_POINT('',(6.089218585013,-3.));
#1920 = CARTESIAN_POINT('',(6.186221056027,-3.));
#1921 = CARTESIAN_POINT('',(6.28318530718,-3.));
#1922 = ( GEOMETRIC_REPRESENTATION_CONTEXT(2) 
PARAMETRIC_REPRESENTATION_CONTEXT() REPRESENTATION_CONTEXT('2D SPACE',''
  ) );
#1923 = ORIENTED_EDGE('',*,*,#726,.T.);
#1924 = ORIENTED_EDGE('',*,*,#247,.T.);
#1925 = ADVANCED_FACE('',(#1926),#295,.F.);
#1926 = FACE_BOUND('',#1927,.F.);
#1927 = EDGE_LOOP('',(#1928,#1951,#1978,#1979));
#1928 = ORIENTED_EDGE('',*,*,#1929,.F.);
#1929 = EDGE_CURVE('',#1930,#279,#1932,.T.);
#1930 = VERTEX_POINT('',#1931);
#1931 = CARTESIAN_POINT('',(33.333333333333,21.6,-45.));
#1932 = SEAM_CURVE('',#1933,(#1937,#1944),.PCURVE_S1.);
#1933 = LINE('',#1934,#1935);
#1934 = CARTESIAN_POINT('',(33.333333333333,23.39218452154,-45.));
#1935 = VECTOR('',#1936,1.);
#1936 = DIRECTION('',(-0.,-1.,-0.));
#1937 = PCURVE('',#295,#1938);
#1938 = DEFINITIONAL_REPRESENTATION('',(#1939),#1943);
#1939 = LINE('',#1940,#1941);
#1940 = CARTESIAN_POINT('',(6.28318530718,0.));
#1941 = VECTOR('',#1942,1.);
#1942 = DIRECTION('',(0.,-1.));
#1943 = ( GEOMETRIC_REPRESENTATION_CONTEXT(2) 
PARAMETRIC_REPRESENTATION_CONTEXT() REPRESENTATION_CONTEXT('2D SPACE',''
  ) );
#1944 = PCURVE('',#295,#1945);
#1945 = DEFINITIONAL_REPRESENTATION('',(#1946),#1950);
#1946 = LINE('',#1947,#1948);
#1947 = CARTESIAN_POINT('',(0.,0.));
#1948 = VECTOR('',#1949,1.);
#1949 = DIRECTION('',(0.,-1.));
#1950 = ( GEOMETRIC_REPRESENTATION_CONTEXT(2) 
PARAMETRIC_REPRESENTATION_CONTEXT() REPRESENTATION_CONTEXT('2D SPACE',''
  ) );
#1951 = ORIENTED_EDGE('',*,*,#1952,.F.);
#1952 = EDGE_CURVE('',#1930,#1930,#1953,.T.);
#1953 = SURFACE_CURVE('',#1954,(#1959,#1966),.PCURVE_S1.);
#1954 = CIRCLE('',#1955,5.);
#1955 = AXIS2_PLACEMENT_3D('',#1956,#1957,#1958);
#1956 = CARTESIAN_POINT('',(33.333333333333,21.6,-50.));
#1957 = DIRECTION('',(0.,1.,0.));
#1958 = DIRECTION('',(0.,-0.,1.));
#1959 = PCURVE('',#295,#1960);
#1960 = DEFINITIONAL_REPRESENTATION('',(#1961),#1965);
#1961 = LINE('',#1962,#1963);
#1962 = CARTESIAN_POINT('',(0.,-1.79218452154));
#1963 = VECTOR('',#1964,1.);
#1964 = DIRECTION('',(1.,0.));
#1965 = ( GEOMETRIC_REPRESENTATION_CONTEXT(2) 
PARAMETRIC_REPRESENTATION_CONTEXT() REPRESENTATION_CONTEXT('2D SPACE',''
  ) );
#1966 = PCURVE('',#1967,#1972);
#1967 = CONICAL_SURFACE('',#1968,8.,0.785398163397);
#1968 = AXIS2_PLACEMENT_3D('',#1969,#1970,#1971);
#1969 = CARTESIAN_POINT('',(33.333333333333,24.6,-50.));
#1970 = DIRECTION('',(0.,1.,0.));
#1971 = DIRECTION('',(0.,-0.,1.));
#1972 = DEFINITIONAL_REPRESENTATION('',(#1973),#1977);
#1973 = LINE('',#1974,#1975);
#1974 = CARTESIAN_POINT('',(0.,-3.));
#1975 = VECTOR('',#1976,1.);
#1976 = DIRECTION('',(1.,-0.));
#1977 = ( GEOMETRIC_REPRESENTATION_CONTEXT(2) 
PARAMETRIC_REPRESENTATION_CONTEXT() REPRESENTATION_CONTEXT('2D SPACE',''
  ) );
#1978 = ORIENTED_EDGE('',*,*,#1929,.T.);
#1979 = ORIENTED_EDGE('',*,*,#278,.T.);
#1980 = ADVANCED_FACE('',(#1981),#326,.F.);
#1981 = FACE_BOUND('',#1982,.T.);
#1982 = EDGE_LOOP('',(#1983,#2006,#2033,#2034));
#1983 = ORIENTED_EDGE('',*,*,#1984,.T.);
#1984 = EDGE_CURVE('',#310,#1985,#1987,.T.);
#1985 = VERTEX_POINT('',#1986);
#1986 = CARTESIAN_POINT('',(50.,-20.5,-67.));
#1987 = SEAM_CURVE('',#1988,(#1992,#1999),.PCURVE_S1.);
#1988 = LINE('',#1989,#1990);
#1989 = CARTESIAN_POINT('',(50.,-25.,-67.));
#1990 = VECTOR('',#1991,1.);
#1991 = DIRECTION('',(0.,1.,0.));
#1992 = PCURVE('',#326,#1993);
#1993 = DEFINITIONAL_REPRESENTATION('',(#1994),#1998);
#1994 = LINE('',#1995,#1996);
#1995 = CARTESIAN_POINT('',(-0.,0.));
#1996 = VECTOR('',#1997,1.);
#1997 = DIRECTION('',(-0.,-1.));
#1998 = ( GEOMETRIC_REPRESENTATION_CONTEXT(2) 
PARAMETRIC_REPRESENTATION_CONTEXT() REPRESENTATION_CONTEXT('2D SPACE',''
  ) );
#1999 = PCURVE('',#326,#2000);
#2000 = DEFINITIONAL_REPRESENTATION('',(#2001),#2005);
#2001 = LINE('',#2002,#2003);
#2002 = CARTESIAN_POINT('',(-6.28318530718,0.));
#2003 = VECTOR('',#2004,1.);
#2004 = DIRECTION('',(-0.,-1.));
#2005 = ( GEOMETRIC_REPRESENTATION_CONTEXT(2) 
PARAMETRIC_REPRESENTATION_CONTEXT() REPRESENTATION_CONTEXT('2D SPACE',''
  ) );
#2006 = ORIENTED_EDGE('',*,*,#2007,.T.);
#2007 = EDGE_CURVE('',#1985,#1985,#2008,.T.);
#2008 = SURFACE_CURVE('',#2009,(#2014,#2021),.PCURVE_S1.);
#2009 = CIRCLE('',#2010,8.);
#2010 = AXIS2_PLACEMENT_3D('',#2011,#2012,#2013);
#2011 = CARTESIAN_POINT('',(50.,-20.5,-75.));
#2012 = DIRECTION('',(0.,1.,0.));
#2013 = DIRECTION('',(0.,0.,1.));
#2014 = PCURVE('',#326,#2015);
#2015 = DEFINITIONAL_REPRESENTATION('',(#2016),#2020);
#2016 = LINE('',#2017,#2018);
#2017 = CARTESIAN_POINT('',(-0.,-4.5));
#2018 = VECTOR('',#2019,1.);
#2019 = DIRECTION('',(-1.,0.));
#2020 = ( GEOMETRIC_REPRESENTATION_CONTEXT(2) 
PARAMETRIC_REPRESENTATION_CONTEXT() REPRESENTATION_CONTEXT('2D SPACE',''
  ) );
#2021 = PCURVE('',#2022,#2027);
#2022 = PLANE('',#2023);
#2023 = AXIS2_PLACEMENT_3D('',#2024,#2025,#2026);
#2024 = CARTESIAN_POINT('',(50.,-20.5,-75.));
#2025 = DIRECTION('',(0.,1.,0.));
#2026 = DIRECTION('',(0.,-0.,1.));
#2027 = DEFINITIONAL_REPRESENTATION('',(#2028),#2032);
#2028 = CIRCLE('',#2029,8.);
#2029 = AXIS2_PLACEMENT_2D('',#2030,#2031);
#2030 = CARTESIAN_POINT('',(-1.42108547152E-14,0.));
#2031 = DIRECTION('',(1.,0.));
#2032 = ( GEOMETRIC_REPRESENTATION_CONTEXT(2) 
PARAMETRIC_REPRESENTATION_CONTEXT() REPRESENTATION_CONTEXT('2D SPACE',''
  ) );
#2033 = ORIENTED_EDGE('',*,*,#1984,.F.);
#2034 = ORIENTED_EDGE('',*,*,#309,.F.);
#2035 = ADVANCED_FACE('',(#2036),#357,.F.);
#2036 = FACE_BOUND('',#2037,.T.);
#2037 = EDGE_LOOP('',(#2038,#2061,#2088,#2089));
#2038 = ORIENTED_EDGE('',*,*,#2039,.T.);
#2039 = EDGE_CURVE('',#341,#2040,#2042,.T.);
#2040 = VERTEX_POINT('',#2041);
#2041 = CARTESIAN_POINT('',(0.,-20.5,8.));
#2042 = SEAM_CURVE('',#2043,(#2047,#2054),.PCURVE_S1.);
#2043 = LINE('',#2044,#2045);
#2044 = CARTESIAN_POINT('',(0.,-25.,8.));
#2045 = VECTOR('',#2046,1.);
#2046 = DIRECTION('',(0.,1.,0.));
#2047 = PCURVE('',#357,#2048);
#2048 = DEFINITIONAL_REPRESENTATION('',(#2049),#2053);
#2049 = LINE('',#2050,#2051);
#2050 = CARTESIAN_POINT('',(-0.,0.));
#2051 = VECTOR('',#2052,1.);
#2052 = DIRECTION('',(-0.,-1.));
#2053 = ( GEOMETRIC_REPRESENTATION_CONTEXT(2) 
PARAMETRIC_REPRESENTATION_CONTEXT() REPRESENTATION_CONTEXT('2D SPACE',''
  ) );
#2054 = PCURVE('',#357,#2055);
#2055 = DEFINITIONAL_REPRESENTATION('',(#2056),#2060);
#2056 = LINE('',#2057,#2058);
#2057 = CARTESIAN_POINT('',(-6.28318530718,0.));
#2058 = VECTOR('',#2059,1.);
#2059 = DIRECTION('',(-0.,-1.));
#2060 = ( GEOMETRIC_REPRESENTATION_CONTEXT(2) 
PARAMETRIC_REPRESENTATION_CONTEXT() REPRESENTATION_CONTEXT('2D SPACE',''
  ) );
#2061 = ORIENTED_EDGE('',*,*,#2062,.T.);
#2062 = EDGE_CURVE('',#2040,#2040,#2063,.T.);
#2063 = SURFACE_CURVE('',#2064,(#2069,#2076),.PCURVE_S1.);
#2064 = CIRCLE('',#2065,8.);
#2065 = AXIS2_PLACEMENT_3D('',#2066,#2067,#2068);
#2066 = CARTESIAN_POINT('',(0.,-20.5,0.));
#2067 = DIRECTION('',(0.,1.,0.));
#2068 = DIRECTION('',(0.,0.,1.));
#2069 = PCURVE('',#357,#2070);
#2070 = DEFINITIONAL_REPRESENTATION('',(#2071),#2075);
#2071 = LINE('',#2072,#2073);
#2072 = CARTESIAN_POINT('',(-0.,-4.5));
#2073 = VECTOR('',#2074,1.);
#2074 = DIRECTION('',(-1.,0.));
#2075 = ( GEOMETRIC_REPRESENTATION_CONTEXT(2) 
PARAMETRIC_REPRESENTATION_CONTEXT() REPRESENTATION_CONTEXT('2D SPACE',''
  ) );
#2076 = PCURVE('',#2077,#2082);
#2077 = PLANE('',#2078);
#2078 = AXIS2_PLACEMENT_3D('',#2079,#2080,#2081);
#2079 = CARTESIAN_POINT('',(6.990076196319E-16,-20.5,-5.127900497023E-16
    ));
#2080 = DIRECTION('',(1.632186346944E-32,1.,-3.286920438421E-32));
#2081 = DIRECTION('',(0.,3.286920438421E-32,1.));
#2082 = DEFINITIONAL_REPRESENTATION('',(#2083),#2087);
#2083 = CIRCLE('',#2084,8.);
#2084 = AXIS2_PLACEMENT_2D('',#2085,#2086);
#2085 = CARTESIAN_POINT('',(5.127900497023E-16,-6.990076196319E-16));
#2086 = DIRECTION('',(1.,5.364866663081E-64));
#2087 = ( GEOMETRIC_REPRESENTATION_CONTEXT(2) 
PARAMETRIC_REPRESENTATION_CONTEXT() REPRESENTATION_CONTEXT('2D SPACE',''
  ) );
#2088 = ORIENTED_EDGE('',*,*,#2039,.F.);
#2089 = ORIENTED_EDGE('',*,*,#340,.F.);
#2090 = ADVANCED_FACE('',(#2091),#490,.F.);
#2091 = FACE_BOUND('',#2092,.T.);
#2092 = EDGE_LOOP('',(#2093,#2116,#2142,#2143));
#2093 = ORIENTED_EDGE('',*,*,#2094,.F.);
#2094 = EDGE_CURVE('',#2095,#470,#2097,.T.);
#2095 = VERTEX_POINT('',#2096);
#2096 = CARTESIAN_POINT('',(-50.,-20.5,80.));
#2097 = SEAM_CURVE('',#2098,(#2102,#2109),.PCURVE_S1.);
#2098 = LINE('',#2099,#2100);
#2099 = CARTESIAN_POINT('',(-50.,-22.75,80.));
#2100 = VECTOR('',#2101,1.);
#2101 = DIRECTION('',(0.,1.,0.));
#2102 = PCURVE('',#490,#2103);
#2103 = DEFINITIONAL_REPRESENTATION('',(#2104),#2108);
#2104 = LINE('',#2105,#2106);
#2105 = CARTESIAN_POINT('',(-6.28318530718,0.));
#2106 = VECTOR('',#2107,1.);
#2107 = DIRECTION('',(-0.,-1.));
#2108 = ( GEOMETRIC_REPRESENTATION_CONTEXT(2) 
PARAMETRIC_REPRESENTATION_CONTEXT() REPRESENTATION_CONTEXT('2D SPACE',''
  ) );
#2109 = PCURVE('',#490,#2110);
#2110 = DEFINITIONAL_REPRESENTATION('',(#2111),#2115);
#2111 = LINE('',#2112,#2113);
#2112 = CARTESIAN_POINT('',(-0.,0.));
#2113 = VECTOR('',#2114,1.);
#2114 = DIRECTION('',(-0.,-1.));
#2115 = ( GEOMETRIC_REPRESENTATION_CONTEXT(2) 
PARAMETRIC_REPRESENTATION_CONTEXT() REPRESENTATION_CONTEXT('2D SPACE',''
  ) );
#2116 = ORIENTED_EDGE('',*,*,#2117,.T.);
#2117 = EDGE_CURVE('',#2095,#2095,#2118,.T.);
#2118 = SURFACE_CURVE('',#2119,(#2124,#2131),.PCURVE_S1.);
#2119 = CIRCLE('',#2120,5.);
#2120 = AXIS2_PLACEMENT_3D('',#2121,#2122,#2123);
#2121 = CARTESIAN_POINT('',(-50.,-20.5,75.));
#2122 = DIRECTION('',(0.,-1.,0.));
#2123 = DIRECTION('',(0.,0.,1.));
#2124 = PCURVE('',#490,#2125);
#2125 = DEFINITIONAL_REPRESENTATION('',(#2126),#2130);
#2126 = LINE('',#2127,#2128);
#2127 = CARTESIAN_POINT('',(-6.28318530718,-2.25));
#2128 = VECTOR('',#2129,1.);
#2129 = DIRECTION('',(1.,-0.));
#2130 = ( GEOMETRIC_REPRESENTATION_CONTEXT(2) 
PARAMETRIC_REPRESENTATION_CONTEXT() REPRESENTATION_CONTEXT('2D SPACE',''
  ) );
#2131 = PCURVE('',#709,#2132);
#2132 = DEFINITIONAL_REPRESENTATION('',(#2133),#2141);
#2133 = ( BOUNDED_CURVE() B_SPLINE_CURVE(2,(#2134,#2135,#2136,#2137,
#2138,#2139,#2140),.UNSPECIFIED.,.T.,.F.) B_SPLINE_CURVE_WITH_KNOTS((1,2
    ,2,2,2,1),(-2.094395102393,0.,2.094395102393,4.188790204786,
6.28318530718,8.377580409573),.UNSPECIFIED.) CURVE() 
GEOMETRIC_REPRESENTATION_ITEM() RATIONAL_B_SPLINE_CURVE((1.,0.5,1.,0.5,
1.,0.5,1.)) REPRESENTATION_ITEM('') );
#2134 = CARTESIAN_POINT('',(5.,0.));
#2135 = CARTESIAN_POINT('',(5.,-8.660254037844));
#2136 = CARTESIAN_POINT('',(-2.5,-4.330127018922));
#2137 = CARTESIAN_POINT('',(-10.,-1.224646799147E-15));
#2138 = CARTESIAN_POINT('',(-2.5,4.330127018922));
#2139 = CARTESIAN_POINT('',(5.,8.660254037844));
#2140 = CARTESIAN_POINT('',(5.,0.));
#2141 = ( GEOMETRIC_REPRESENTATION_CONTEXT(2) 
PARAMETRIC_REPRESENTATION_CONTEXT() REPRESENTATION_CONTEXT('2D SPACE',''
  ) );
#2142 = ORIENTED_EDGE('',*,*,#2094,.T.);
#2143 = ORIENTED_EDGE('',*,*,#469,.F.);
#2144 = ADVANCED_FACE('',(#2145),#521,.F.);
#2145 = FACE_BOUND('',#2146,.F.);
#2146 = EDGE_LOOP('',(#2147,#2170,#2192,#2193));
#2147 = ORIENTED_EDGE('',*,*,#2148,.T.);
#2148 = EDGE_CURVE('',#505,#2149,#2151,.T.);
#2149 = VERTEX_POINT('',#2150);
#2150 = CARTESIAN_POINT('',(-33.33333333333,24.6,58.));
#2151 = SEAM_CURVE('',#2152,(#2156,#2163),.PCURVE_S1.);
#2152 = LINE('',#2153,#2154);
#2153 = CARTESIAN_POINT('',(-33.33333333333,25.,58.));
#2154 = VECTOR('',#2155,1.);
#2155 = DIRECTION('',(-0.,-1.,-0.));
#2156 = PCURVE('',#521,#2157);
#2157 = DEFINITIONAL_REPRESENTATION('',(#2158),#2162);
#2158 = LINE('',#2159,#2160);
#2159 = CARTESIAN_POINT('',(0.,0.));
#2160 = VECTOR('',#2161,1.);
#2161 = DIRECTION('',(0.,-1.));
#2162 = ( GEOMETRIC_REPRESENTATION_CONTEXT(2) 
PARAMETRIC_REPRESENTATION_CONTEXT() REPRESENTATION_CONTEXT('2D SPACE',''
  ) );
#2163 = PCURVE('',#521,#2164);
#2164 = DEFINITIONAL_REPRESENTATION('',(#2165),#2169);
#2165 = LINE('',#2166,#2167);
#2166 = CARTESIAN_POINT('',(6.28318530718,0.));
#2167 = VECTOR('',#2168,1.);
#2168 = DIRECTION('',(0.,-1.));
#2169 = ( GEOMETRIC_REPRESENTATION_CONTEXT(2) 
PARAMETRIC_REPRESENTATION_CONTEXT() REPRESENTATION_CONTEXT('2D SPACE',''
  ) );
#2170 = ORIENTED_EDGE('',*,*,#2171,.T.);
#2171 = EDGE_CURVE('',#2149,#2149,#2172,.T.);
#2172 = SURFACE_CURVE('',#2173,(#2178,#2185),.PCURVE_S1.);
#2173 = CIRCLE('',#2174,8.);
#2174 = AXIS2_PLACEMENT_3D('',#2175,#2176,#2177);
#2175 = CARTESIAN_POINT('',(-33.33333333333,24.6,50.));
#2176 = DIRECTION('',(9.203377227578E-31,1.,-7.559917008368E-31));
#2177 = DIRECTION('',(4.087120520947E-46,7.559917008368E-31,1.));
#2178 = PCURVE('',#521,#2179);
#2179 = DEFINITIONAL_REPRESENTATION('',(#2180),#2184);
#2180 = LINE('',#2181,#2182);
#2181 = CARTESIAN_POINT('',(0.,-0.4));
#2182 = VECTOR('',#2183,1.);
#2183 = DIRECTION('',(1.,0.));
#2184 = ( GEOMETRIC_REPRESENTATION_CONTEXT(2) 
PARAMETRIC_REPRESENTATION_CONTEXT() REPRESENTATION_CONTEXT('2D SPACE',''
  ) );
#2185 = PCURVE('',#1529,#2186);
#2186 = DEFINITIONAL_REPRESENTATION('',(#2187),#2191);
#2187 = LINE('',#2188,#2189);
#2188 = CARTESIAN_POINT('',(0.,-0.));
#2189 = VECTOR('',#2190,1.);
#2190 = DIRECTION('',(1.,-0.));
#2191 = ( GEOMETRIC_REPRESENTATION_CONTEXT(2) 
PARAMETRIC_REPRESENTATION_CONTEXT() REPRESENTATION_CONTEXT('2D SPACE',''
  ) );
#2192 = ORIENTED_EDGE('',*,*,#2148,.F.);
#2193 = ORIENTED_EDGE('',*,*,#504,.F.);
#2194 = ADVANCED_FACE('',(#2195),#552,.F.);
#2195 = FACE_BOUND('',#2196,.F.);
#2196 = EDGE_LOOP('',(#2197,#2220,#2242,#2243));
#2197 = ORIENTED_EDGE('',*,*,#2198,.T.);
#2198 = EDGE_CURVE('',#536,#2199,#2201,.T.);
#2199 = VERTEX_POINT('',#2200);
#2200 = CARTESIAN_POINT('',(33.333333333333,24.6,-42.));
#2201 = SEAM_CURVE('',#2202,(#2206,#2213),.PCURVE_S1.);
#2202 = LINE('',#2203,#2204);
#2203 = CARTESIAN_POINT('',(33.333333333333,25.,-42.));
#2204 = VECTOR('',#2205,1.);
#2205 = DIRECTION('',(-0.,-1.,-0.));
#2206 = PCURVE('',#552,#2207);
#2207 = DEFINITIONAL_REPRESENTATION('',(#2208),#2212);
#2208 = LINE('',#2209,#2210);
#2209 = CARTESIAN_POINT('',(0.,0.));
#2210 = VECTOR('',#2211,1.);
#2211 = DIRECTION('',(0.,-1.));
#2212 = ( GEOMETRIC_REPRESENTATION_CONTEXT(2) 
PARAMETRIC_REPRESENTATION_CONTEXT() REPRESENTATION_CONTEXT('2D SPACE',''
  ) );
#2213 = PCURVE('',#552,#2214);
#2214 = DEFINITIONAL_REPRESENTATION('',(#2215),#2219);
#2215 = LINE('',#2216,#2217);
#2216 = CARTESIAN_POINT('',(6.28318530718,0.));
#2217 = VECTOR('',#2218,1.);
#2218 = DIRECTION('',(0.,-1.));
#2219 = ( GEOMETRIC_REPRESENTATION_CONTEXT(2) 
PARAMETRIC_REPRESENTATION_CONTEXT() REPRESENTATION_CONTEXT('2D SPACE',''
  ) );
#2220 = ORIENTED_EDGE('',*,*,#2221,.T.);
#2221 = EDGE_CURVE('',#2199,#2199,#2222,.T.);
#2222 = SURFACE_CURVE('',#2223,(#2228,#2235),.PCURVE_S1.);
#2223 = CIRCLE('',#2224,8.);
#2224 = AXIS2_PLACEMENT_3D('',#2225,#2226,#2227);
#2225 = CARTESIAN_POINT('',(33.333333333333,24.6,-50.));
#2226 = DIRECTION('',(0.,1.,0.));
#2227 = DIRECTION('',(0.,-0.,1.));
#2228 = PCURVE('',#552,#2229);
#2229 = DEFINITIONAL_REPRESENTATION('',(#2230),#2234);
#2230 = LINE('',#2231,#2232);
#2231 = CARTESIAN_POINT('',(0.,-0.4));
#2232 = VECTOR('',#2233,1.);
#2233 = DIRECTION('',(1.,0.));
#2234 = ( GEOMETRIC_REPRESENTATION_CONTEXT(2) 
PARAMETRIC_REPRESENTATION_CONTEXT() REPRESENTATION_CONTEXT('2D SPACE',''
  ) );
#2235 = PCURVE('',#1967,#2236);
#2236 = DEFINITIONAL_REPRESENTATION('',(#2237),#2241);
#2237 = LINE('',#2238,#2239);
#2238 = CARTESIAN_POINT('',(0.,-0.));
#2239 = VECTOR('',#2240,1.);
#2240 = DIRECTION('',(1.,-0.));
#2241 = ( GEOMETRIC_REPRESENTATION_CONTEXT(2) 
PARAMETRIC_REPRESENTATION_CONTEXT() REPRESENTATION_CONTEXT('2D SPACE',''
  ) );
#2242 = ORIENTED_EDGE('',*,*,#2198,.F.);
#2243 = ORIENTED_EDGE('',*,*,#535,.F.);
#2244 = ADVANCED_FACE('',(#2245),#587,.F.);
#2245 = FACE_BOUND('',#2246,.T.);
#2246 = EDGE_LOOP('',(#2247,#2270,#2296,#2297));
#2247 = ORIENTED_EDGE('',*,*,#2248,.F.);
#2248 = EDGE_CURVE('',#2249,#567,#2251,.T.);
#2249 = VERTEX_POINT('',#2250);
#2250 = CARTESIAN_POINT('',(50.,-20.5,-70.));
#2251 = SEAM_CURVE('',#2252,(#2256,#2263),.PCURVE_S1.);
#2252 = LINE('',#2253,#2254);
#2253 = CARTESIAN_POINT('',(50.,-22.75,-70.));
#2254 = VECTOR('',#2255,1.);
#2255 = DIRECTION('',(0.,1.,0.));
#2256 = PCURVE('',#587,#2257);
#2257 = DEFINITIONAL_REPRESENTATION('',(#2258),#2262);
#2258 = LINE('',#2259,#2260);
#2259 = CARTESIAN_POINT('',(-6.28318530718,0.));
#2260 = VECTOR('',#2261,1.);
#2261 = DIRECTION('',(-0.,-1.));
#2262 = ( GEOMETRIC_REPRESENTATION_CONTEXT(2) 
PARAMETRIC_REPRESENTATION_CONTEXT() REPRESENTATION_CONTEXT('2D SPACE',''
  ) );
#2263 = PCURVE('',#587,#2264);
#2264 = DEFINITIONAL_REPRESENTATION('',(#2265),#2269);
#2265 = LINE('',#2266,#2267);
#2266 = CARTESIAN_POINT('',(-0.,0.));
#2267 = VECTOR('',#2268,1.);
#2268 = DIRECTION('',(-0.,-1.));
#2269 = ( GEOMETRIC_REPRESENTATION_CONTEXT(2) 
PARAMETRIC_REPRESENTATION_CONTEXT() REPRESENTATION_CONTEXT('2D SPACE',''
  ) );
#2270 = ORIENTED_EDGE('',*,*,#2271,.T.);
#2271 = EDGE_CURVE('',#2249,#2249,#2272,.T.);
#2272 = SURFACE_CURVE('',#2273,(#2278,#2285),.PCURVE_S1.);
#2273 = CIRCLE('',#2274,5.);
#2274 = AXIS2_PLACEMENT_3D('',#2275,#2276,#2277);
#2275 = CARTESIAN_POINT('',(50.,-20.5,-75.));
#2276 = DIRECTION('',(0.,-1.,0.));
#2277 = DIRECTION('',(0.,0.,1.));
#2278 = PCURVE('',#587,#2279);
#2279 = DEFINITIONAL_REPRESENTATION('',(#2280),#2284);
#2280 = LINE('',#2281,#2282);
#2281 = CARTESIAN_POINT('',(-6.28318530718,-2.25));
#2282 = VECTOR('',#2283,1.);
#2283 = DIRECTION('',(1.,-0.));
#2284 = ( GEOMETRIC_REPRESENTATION_CONTEXT(2) 
PARAMETRIC_REPRESENTATION_CONTEXT() REPRESENTATION_CONTEXT('2D SPACE',''
  ) );
#2285 = PCURVE('',#2022,#2286);
#2286 = DEFINITIONAL_REPRESENTATION('',(#2287),#2295);
#2287 = ( BOUNDED_CURVE() B_SPLINE_CURVE(2,(#2288,#2289,#2290,#2291,
#2292,#2293,#2294),.UNSPECIFIED.,.T.,.F.) B_SPLINE_CURVE_WITH_KNOTS((1,2
    ,2,2,2,1),(-2.094395102393,0.,2.094395102393,4.188790204786,
6.28318530718,8.377580409573),.UNSPECIFIED.) CURVE() 
GEOMETRIC_REPRESENTATION_ITEM() RATIONAL_B_SPLINE_CURVE((1.,0.5,1.,0.5,
1.,0.5,1.)) REPRESENTATION_ITEM('') );
#2288 = CARTESIAN_POINT('',(5.,0.));
#2289 = CARTESIAN_POINT('',(5.,-8.660254037844));
#2290 = CARTESIAN_POINT('',(-2.5,-4.330127018922));
#2291 = CARTESIAN_POINT('',(-10.,-1.224646799147E-15));
#2292 = CARTESIAN_POINT('',(-2.5,4.330127018922));
#2293 = CARTESIAN_POINT('',(5.,8.660254037844));
#2294 = CARTESIAN_POINT('',(5.,0.));
#2295 = ( GEOMETRIC_REPRESENTATION_CONTEXT(2) 
PARAMETRIC_REPRESENTATION_CONTEXT() REPRESENTATION_CONTEXT('2D SPACE',''
  ) );
#2296 = ORIENTED_EDGE('',*,*,#2248,.T.);
#2297 = ORIENTED_EDGE('',*,*,#566,.F.);
#2298 = ADVANCED_FACE('',(#2299),#622,.F.);
#2299 = FACE_BOUND('',#2300,.T.);
#2300 = EDGE_LOOP('',(#2301,#2324,#2350,#2351));
#2301 = ORIENTED_EDGE('',*,*,#2302,.F.);
#2302 = EDGE_CURVE('',#2303,#602,#2305,.T.);
#2303 = VERTEX_POINT('',#2304);
#2304 = CARTESIAN_POINT('',(0.,-20.5,5.));
#2305 = SEAM_CURVE('',#2306,(#2310,#2317),.PCURVE_S1.);
#2306 = LINE('',#2307,#2308);
#2307 = CARTESIAN_POINT('',(0.,-22.75,5.));
#2308 = VECTOR('',#2309,1.);
#2309 = DIRECTION('',(0.,1.,0.));
#2310 = PCURVE('',#622,#2311);
#2311 = DEFINITIONAL_REPRESENTATION('',(#2312),#2316);
#2312 = LINE('',#2313,#2314);
#2313 = CARTESIAN_POINT('',(-6.28318530718,0.));
#2314 = VECTOR('',#2315,1.);
#2315 = DIRECTION('',(-0.,-1.));
#2316 = ( GEOMETRIC_REPRESENTATION_CONTEXT(2) 
PARAMETRIC_REPRESENTATION_CONTEXT() REPRESENTATION_CONTEXT('2D SPACE',''
  ) );
#2317 = PCURVE('',#622,#2318);
#2318 = DEFINITIONAL_REPRESENTATION('',(#2319),#2323);
#2319 = LINE('',#2320,#2321);
#2320 = CARTESIAN_POINT('',(-0.,0.));
#2321 = VECTOR('',#2322,1.);
#2322 = DIRECTION('',(-0.,-1.));
#2323 = ( GEOMETRIC_REPRESENTATION_CONTEXT(2) 
PARAMETRIC_REPRESENTATION_CONTEXT() REPRESENTATION_CONTEXT('2D SPACE',''
  ) );
#2324 = ORIENTED_EDGE('',*,*,#2325,.T.);
#2325 = EDGE_CURVE('',#2303,#2303,#2326,.T.);
#2326 = SURFACE_CURVE('',#2327,(#2332,#2339),.PCURVE_S1.);
#2327 = CIRCLE('',#2328,5.);
#2328 = AXIS2_PLACEMENT_3D('',#2329,#2330,#2331);
#2329 = CARTESIAN_POINT('',(0.,-20.5,0.));
#2330 = DIRECTION('',(0.,-1.,0.));
#2331 = DIRECTION('',(0.,0.,1.));
#2332 = PCURVE('',#622,#2333);
#2333 = DEFINITIONAL_REPRESENTATION('',(#2334),#2338);
#2334 = LINE('',#2335,#2336);
#2335 = CARTESIAN_POINT('',(-6.28318530718,-2.25));
#2336 = VECTOR('',#2337,1.);
#2337 = DIRECTION('',(1.,-0.));
#2338 = ( GEOMETRIC_REPRESENTATION_CONTEXT(2) 
PARAMETRIC_REPRESENTATION_CONTEXT() REPRESENTATION_CONTEXT('2D SPACE',''
  ) );
#2339 = PCURVE('',#2077,#2340);
#2340 = DEFINITIONAL_REPRESENTATION('',(#2341),#2349);
#2341 = ( BOUNDED_CURVE() B_SPLINE_CURVE(2,(#2342,#2343,#2344,#2345,
#2346,#2347,#2348),.UNSPECIFIED.,.T.,.F.) B_SPLINE_CURVE_WITH_KNOTS((1,2
    ,2,2,2,1),(-2.094395102393,0.,2.094395102393,4.188790204786,
6.28318530718,8.377580409573),.UNSPECIFIED.) CURVE() 
GEOMETRIC_REPRESENTATION_ITEM() RATIONAL_B_SPLINE_CURVE((1.,0.5,1.,0.5,
1.,0.5,1.)) REPRESENTATION_ITEM('') );
#2342 = CARTESIAN_POINT('',(5.,-6.990076196319E-16));
#2343 = CARTESIAN_POINT('',(5.,-8.660254037844));
#2344 = CARTESIAN_POINT('',(-2.5,-4.330127018922));
#2345 = CARTESIAN_POINT('',(-10.,-1.923654418779E-15));
#2346 = CARTESIAN_POINT('',(-2.5,4.330127018922));
#2347 = CARTESIAN_POINT('',(5.,8.660254037844));
#2348 = CARTESIAN_POINT('',(5.,-6.990076196319E-16));
#2349 = ( GEOMETRIC_REPRESENTATION_CONTEXT(2) 
PARAMETRIC_REPRESENTATION_CONTEXT() REPRESENTATION_CONTEXT('2D SPACE',''
  ) );
#2350 = ORIENTED_EDGE('',*,*,#2302,.T.);
#2351 = ORIENTED_EDGE('',*,*,#601,.F.);
#2352 = ADVANCED_FACE('',(#2353,#2356),#709,.F.);
#2353 = FACE_BOUND('',#2354,.F.);
#2354 = EDGE_LOOP('',(#2355));
#2355 = ORIENTED_EDGE('',*,*,#694,.T.);
#2356 = FACE_BOUND('',#2357,.F.);
#2357 = EDGE_LOOP('',(#2358));
#2358 = ORIENTED_EDGE('',*,*,#2117,.T.);
#2359 = ADVANCED_FACE('',(#2360),#1529,.F.);
#2360 = FACE_BOUND('',#2361,.T.);
#2361 = EDGE_LOOP('',(#2362,#2363,#2382,#2383));
#2362 = ORIENTED_EDGE('',*,*,#2171,.T.);
#2363 = ORIENTED_EDGE('',*,*,#2364,.T.);
#2364 = EDGE_CURVE('',#2149,#727,#2365,.T.);
#2365 = SEAM_CURVE('',#2366,(#2370,#2376),.PCURVE_S1.);
#2366 = LINE('',#2367,#2368);
#2367 = CARTESIAN_POINT('',(-33.33333333333,24.6,58.));
#2368 = VECTOR('',#2369,1.);
#2369 = DIRECTION('',(-6.507770447439E-31,-0.707106781187,
    -0.707106781187));
#2370 = PCURVE('',#1529,#2371);
#2371 = DEFINITIONAL_REPRESENTATION('',(#2372),#2375);
#2372 = B_SPLINE_CURVE_WITH_KNOTS('',1,(#2373,#2374),.UNSPECIFIED.,.F.,
  .F.,(2,2),(0.,5.091168824543),.PIECEWISE_BEZIER_KNOTS.);
#2373 = CARTESIAN_POINT('',(0.,0.));
#2374 = CARTESIAN_POINT('',(0.,-3.6));
#2375 = ( GEOMETRIC_REPRESENTATION_CONTEXT(2) 
PARAMETRIC_REPRESENTATION_CONTEXT() REPRESENTATION_CONTEXT('2D SPACE',''
  ) );
#2376 = PCURVE('',#1529,#2377);
#2377 = DEFINITIONAL_REPRESENTATION('',(#2378),#2381);
#2378 = B_SPLINE_CURVE_WITH_KNOTS('',1,(#2379,#2380),.UNSPECIFIED.,.F.,
  .F.,(2,2),(0.,5.091168824543),.PIECEWISE_BEZIER_KNOTS.);
#2379 = CARTESIAN_POINT('',(6.28318530718,0.));
#2380 = CARTESIAN_POINT('',(6.28318530718,-3.6));
#2381 = ( GEOMETRIC_REPRESENTATION_CONTEXT(2) 
PARAMETRIC_REPRESENTATION_CONTEXT() REPRESENTATION_CONTEXT('2D SPACE',''
  ) );
#2382 = ORIENTED_EDGE('',*,*,#749,.F.);
#2383 = ORIENTED_EDGE('',*,*,#2364,.F.);
#2384 = ADVANCED_FACE('',(#2385),#1967,.F.);
#2385 = FACE_BOUND('',#2386,.T.);
#2386 = EDGE_LOOP('',(#2387,#2388,#2407,#2408));
#2387 = ORIENTED_EDGE('',*,*,#2221,.T.);
#2388 = ORIENTED_EDGE('',*,*,#2389,.T.);
#2389 = EDGE_CURVE('',#2199,#1930,#2390,.T.);
#2390 = SEAM_CURVE('',#2391,(#2395,#2401),.PCURVE_S1.);
#2391 = LINE('',#2392,#2393);
#2392 = CARTESIAN_POINT('',(33.333333333333,24.6,-42.));
#2393 = VECTOR('',#2394,1.);
#2394 = DIRECTION('',(-0.,-0.707106781187,-0.707106781187));
#2395 = PCURVE('',#1967,#2396);
#2396 = DEFINITIONAL_REPRESENTATION('',(#2397),#2400);
#2397 = B_SPLINE_CURVE_WITH_KNOTS('',1,(#2398,#2399),.UNSPECIFIED.,.F.,
  .F.,(2,2),(0.,5.091168824543),.PIECEWISE_BEZIER_KNOTS.);
#2398 = CARTESIAN_POINT('',(0.,0.));
#2399 = CARTESIAN_POINT('',(0.,-3.6));
#2400 = ( GEOMETRIC_REPRESENTATION_CONTEXT(2) 
PARAMETRIC_REPRESENTATION_CONTEXT() REPRESENTATION_CONTEXT('2D SPACE',''
  ) );
#2401 = PCURVE('',#1967,#2402);
#2402 = DEFINITIONAL_REPRESENTATION('',(#2403),#2406);
#2403 = B_SPLINE_CURVE_WITH_KNOTS('',1,(#2404,#2405),.UNSPECIFIED.,.F.,
  .F.,(2,2),(0.,5.091168824543),.PIECEWISE_BEZIER_KNOTS.);
#2404 = CARTESIAN_POINT('',(6.28318530718,0.));
#2405 = CARTESIAN_POINT('',(6.28318530718,-3.6));
#2406 = ( GEOMETRIC_REPRESENTATION_CONTEXT(2) 
PARAMETRIC_REPRESENTATION_CONTEXT() REPRESENTATION_CONTEXT('2D SPACE',''
  ) );
#2407 = ORIENTED_EDGE('',*,*,#1952,.F.);
#2408 = ORIENTED_EDGE('',*,*,#2389,.F.);
#2409 = ADVANCED_FACE('',(#2410,#2413),#2022,.F.);
#2410 = FACE_BOUND('',#2411,.F.);
#2411 = EDGE_LOOP('',(#2412));
#2412 = ORIENTED_EDGE('',*,*,#2007,.T.);
#2413 = FACE_BOUND('',#2414,.F.);
#2414 = EDGE_LOOP('',(#2415));
#2415 = ORIENTED_EDGE('',*,*,#2271,.T.);
#2416 = ADVANCED_FACE('',(#2417,#2420),#2077,.F.);
#2417 = FACE_BOUND('',#2418,.F.);
#2418 = EDGE_LOOP('',(#2419));
#2419 = ORIENTED_EDGE('',*,*,#2062,.T.);
#2420 = FACE_BOUND('',#2421,.F.);
#2421 = EDGE_LOOP('',(#2422));
#2422 = ORIENTED_EDGE('',*,*,#2325,.T.);
#2423 = MANIFOLD_SOLID_BREP('PartBody',#2424);
#2424 = CLOSED_SHELL('',(#2425,#2513,#2517));
#2425 = ADVANCED_FACE('',(#2426),#2439,.T.);
#2426 = FACE_BOUND('',#2427,.T.);
#2427 = EDGE_LOOP('',(#2428,#2462,#2485,#2512));
#2428 = ORIENTED_EDGE('',*,*,#2429,.T.);
#2429 = EDGE_CURVE('',#2430,#2430,#2432,.T.);
#2430 = VERTEX_POINT('',#2431);
#2431 = CARTESIAN_POINT('',(100.,-19.,0.));
#2432 = SURFACE_CURVE('',#2433,(#2438,#2450),.PCURVE_S1.);
#2433 = CIRCLE('',#2434,19.);
#2434 = AXIS2_PLACEMENT_3D('',#2435,#2436,#2437);
#2435 = CARTESIAN_POINT('',(100.,0.,0.));
#2436 = DIRECTION('',(1.,0.,0.));
#2437 = DIRECTION('',(0.,-1.,0.));
#2438 = PCURVE('',#2439,#2444);
#2439 = CONICAL_SURFACE('',#2440,19.,0.174532925199);
#2440 = AXIS2_PLACEMENT_3D('',#2441,#2442,#2443);
#2441 = CARTESIAN_POINT('',(100.,0.,0.));
#2442 = DIRECTION('',(-1.,-0.,-0.));
#2443 = DIRECTION('',(0.,-1.,0.));
#2444 = DEFINITIONAL_REPRESENTATION('',(#2445),#2449);
#2445 = LINE('',#2446,#2447);
#2446 = CARTESIAN_POINT('',(-0.,-0.));
#2447 = VECTOR('',#2448,1.);
#2448 = DIRECTION('',(-1.,-0.));
#2449 = ( GEOMETRIC_REPRESENTATION_CONTEXT(2) 
PARAMETRIC_REPRESENTATION_CONTEXT() REPRESENTATION_CONTEXT('2D SPACE',''
  ) );
#2450 = PCURVE('',#2451,#2456);
#2451 = PLANE('',#2452);
#2452 = AXIS2_PLACEMENT_3D('',#2453,#2454,#2455);
#2453 = CARTESIAN_POINT('',(100.,0.,0.));
#2454 = DIRECTION('',(1.,0.,0.));
#2455 = DIRECTION('',(0.,-1.,0.));
#2456 = DEFINITIONAL_REPRESENTATION('',(#2457),#2461);
#2457 = CIRCLE('',#2458,19.);
#2458 = AXIS2_PLACEMENT_2D('',#2459,#2460);
#2459 = CARTESIAN_POINT('',(0.,0.));
#2460 = DIRECTION('',(1.,-0.));
#2461 = ( GEOMETRIC_REPRESENTATION_CONTEXT(2) 
PARAMETRIC_REPRESENTATION_CONTEXT() REPRESENTATION_CONTEXT('2D SPACE',''
  ) );
#2462 = ORIENTED_EDGE('',*,*,#2463,.T.);
#2463 = EDGE_CURVE('',#2430,#2464,#2466,.T.);
#2464 = VERTEX_POINT('',#2465);
#2465 = CARTESIAN_POINT('',(120.,-15.47346038583,0.));
#2466 = SEAM_CURVE('',#2467,(#2471,#2478),.PCURVE_S1.);
#2467 = LINE('',#2468,#2469);
#2468 = CARTESIAN_POINT('',(100.,-19.,0.));
#2469 = VECTOR('',#2470,1.);
#2470 = DIRECTION('',(0.984807753012,0.173648177667,0.));
#2471 = PCURVE('',#2439,#2472);
#2472 = DEFINITIONAL_REPRESENTATION('',(#2473),#2477);
#2473 = LINE('',#2474,#2475);
#2474 = CARTESIAN_POINT('',(-0.,-0.));
#2475 = VECTOR('',#2476,1.);
#2476 = DIRECTION('',(-0.,-1.));
#2477 = ( GEOMETRIC_REPRESENTATION_CONTEXT(2) 
PARAMETRIC_REPRESENTATION_CONTEXT() REPRESENTATION_CONTEXT('2D SPACE',''
  ) );
#2478 = PCURVE('',#2439,#2479);
#2479 = DEFINITIONAL_REPRESENTATION('',(#2480),#2484);
#2480 = LINE('',#2481,#2482);
#2481 = CARTESIAN_POINT('',(-6.28318530718,-0.));
#2482 = VECTOR('',#2483,1.);
#2483 = DIRECTION('',(-0.,-1.));
#2484 = ( GEOMETRIC_REPRESENTATION_CONTEXT(2) 
PARAMETRIC_REPRESENTATION_CONTEXT() REPRESENTATION_CONTEXT('2D SPACE',''
  ) );
#2485 = ORIENTED_EDGE('',*,*,#2486,.F.);
#2486 = EDGE_CURVE('',#2464,#2464,#2487,.T.);
#2487 = SURFACE_CURVE('',#2488,(#2493,#2500),.PCURVE_S1.);
#2488 = CIRCLE('',#2489,15.473460385831);
#2489 = AXIS2_PLACEMENT_3D('',#2490,#2491,#2492);
#2490 = CARTESIAN_POINT('',(120.,0.,0.));
#2491 = DIRECTION('',(1.,0.,0.));
#2492 = DIRECTION('',(0.,-1.,0.));
#2493 = PCURVE('',#2439,#2494);
#2494 = DEFINITIONAL_REPRESENTATION('',(#2495),#2499);
#2495 = LINE('',#2496,#2497);
#2496 = CARTESIAN_POINT('',(-0.,-20.));
#2497 = VECTOR('',#2498,1.);
#2498 = DIRECTION('',(-1.,-0.));
#2499 = ( GEOMETRIC_REPRESENTATION_CONTEXT(2) 
PARAMETRIC_REPRESENTATION_CONTEXT() REPRESENTATION_CONTEXT('2D SPACE',''
  ) );
#2500 = PCURVE('',#2501,#2506);
#2501 = PLANE('',#2502);
#2502 = AXIS2_PLACEMENT_3D('',#2503,#2504,#2505);
#2503 = CARTESIAN_POINT('',(120.,0.,0.));
#2504 = DIRECTION('',(1.,0.,0.));
#2505 = DIRECTION('',(0.,-1.,0.));
#2506 = DEFINITIONAL_REPRESENTATION('',(#2507),#2511);
#2507 = CIRCLE('',#2508,15.473460385831);
#2508 = AXIS2_PLACEMENT_2D('',#2509,#2510);
#2509 = CARTESIAN_POINT('',(0.,0.));
#2510 = DIRECTION('',(1.,0.));
#2511 = ( GEOMETRIC_REPRESENTATION_CONTEXT(2) 
PARAMETRIC_REPRESENTATION_CONTEXT() REPRESENTATION_CONTEXT('2D SPACE',''
  ) );
#2512 = ORIENTED_EDGE('',*,*,#2463,.F.);
#2513 = ADVANCED_FACE('',(#2514),#2501,.T.);
#2514 = FACE_BOUND('',#2515,.T.);
#2515 = EDGE_LOOP('',(#2516));
#2516 = ORIENTED_EDGE('',*,*,#2486,.T.);
#2517 = ADVANCED_FACE('',(#2518),#2451,.F.);
#2518 = FACE_BOUND('',#2519,.T.);
#2519 = EDGE_LOOP('',(#2520));
#2520 = ORIENTED_EDGE('',*,*,#2429,.F.);
#2521 = MANIFOLD_SOLID_BREP('PartBody',#2522);
#2522 = CLOSED_SHELL('',(#2523,#2643,#2719,#2795,#2871,#2942,#2989,#2998
    ));
#2523 = ADVANCED_FACE('',(#2524),#2538,.T.);
#2524 = FACE_BOUND('',#2525,.T.);
#2525 = EDGE_LOOP('',(#2526,#2561,#2589,#2617));
#2526 = ORIENTED_EDGE('',*,*,#2527,.T.);
#2527 = EDGE_CURVE('',#2528,#2530,#2532,.T.);
#2528 = VERTEX_POINT('',#2529);
#2529 = CARTESIAN_POINT('',(-100.,20.5,-0.));
#2530 = VERTEX_POINT('',#2531);
#2531 = CARTESIAN_POINT('',(-100.,20.5,-18.));
#2532 = SURFACE_CURVE('',#2533,(#2537,#2549),.PCURVE_S1.);
#2533 = LINE('',#2534,#2535);
#2534 = CARTESIAN_POINT('',(-100.,20.5,-0.));
#2535 = VECTOR('',#2536,1.);
#2536 = DIRECTION('',(0.,0.,-1.));
#2537 = PCURVE('',#2538,#2543);
#2538 = PLANE('',#2539);
#2539 = AXIS2_PLACEMENT_3D('',#2540,#2541,#2542);
#2540 = CARTESIAN_POINT('',(-100.,20.5,0.));
#2541 = DIRECTION('',(0.,1.,0.));
#2542 = DIRECTION('',(-1.,0.,0.));
#2543 = DEFINITIONAL_REPRESENTATION('',(#2544),#2548);
#2544 = LINE('',#2545,#2546);
#2545 = CARTESIAN_POINT('',(0.,0.));
#2546 = VECTOR('',#2547,1.);
#2547 = DIRECTION('',(0.,-1.));
#2548 = ( GEOMETRIC_REPRESENTATION_CONTEXT(2) 
PARAMETRIC_REPRESENTATION_CONTEXT() REPRESENTATION_CONTEXT('2D SPACE',''
  ) );
#2549 = PCURVE('',#2550,#2555);
#2550 = PLANE('',#2551);
#2551 = AXIS2_PLACEMENT_3D('',#2552,#2553,#2554);
#2552 = CARTESIAN_POINT('',(-100.,-20.5,0.));
#2553 = DIRECTION('',(1.,0.,0.));
#2554 = DIRECTION('',(0.,1.,-0.));
#2555 = DEFINITIONAL_REPRESENTATION('',(#2556),#2560);
#2556 = LINE('',#2557,#2558);
#2557 = CARTESIAN_POINT('',(41.,0.));
#2558 = VECTOR('',#2559,1.);
#2559 = DIRECTION('',(0.,-1.));
#2560 = ( GEOMETRIC_REPRESENTATION_CONTEXT(2) 
PARAMETRIC_REPRESENTATION_CONTEXT() REPRESENTATION_CONTEXT('2D SPACE',''
  ) );
#2561 = ORIENTED_EDGE('',*,*,#2562,.T.);
#2562 = EDGE_CURVE('',#2530,#2563,#2565,.T.);
#2563 = VERTEX_POINT('',#2564);
#2564 = CARTESIAN_POINT('',(-159.,20.5,-18.));
#2565 = SURFACE_CURVE('',#2566,(#2570,#2577),.PCURVE_S1.);
#2566 = LINE('',#2567,#2568);
#2567 = CARTESIAN_POINT('',(-100.,20.5,-18.));
#2568 = VECTOR('',#2569,1.);
#2569 = DIRECTION('',(-1.,0.,0.));
#2570 = PCURVE('',#2538,#2571);
#2571 = DEFINITIONAL_REPRESENTATION('',(#2572),#2576);
#2572 = LINE('',#2573,#2574);
#2573 = CARTESIAN_POINT('',(0.,-18.));
#2574 = VECTOR('',#2575,1.);
#2575 = DIRECTION('',(1.,0.));
#2576 = ( GEOMETRIC_REPRESENTATION_CONTEXT(2) 
PARAMETRIC_REPRESENTATION_CONTEXT() REPRESENTATION_CONTEXT('2D SPACE',''
  ) );
#2577 = PCURVE('',#2578,#2583);
#2578 = PLANE('',#2579);
#2579 = AXIS2_PLACEMENT_3D('',#2580,#2581,#2582);
#2580 = CARTESIAN_POINT('',(-119.78,9.72,-18.));
#2581 = DIRECTION('',(0.,0.,1.));
#2582 = DIRECTION('',(1.,0.,-0.));
#2583 = DEFINITIONAL_REPRESENTATION('',(#2584),#2588);
#2584 = LINE('',#2585,#2586);
#2585 = CARTESIAN_POINT('',(19.78,10.78));
#2586 = VECTOR('',#2587,1.);
#2587 = DIRECTION('',(-1.,0.));
#2588 = ( GEOMETRIC_REPRESENTATION_CONTEXT(2) 
PARAMETRIC_REPRESENTATION_CONTEXT() REPRESENTATION_CONTEXT('2D SPACE',''
  ) );
#2589 = ORIENTED_EDGE('',*,*,#2590,.F.);
#2590 = EDGE_CURVE('',#2591,#2563,#2593,.T.);
#2591 = VERTEX_POINT('',#2592);
#2592 = CARTESIAN_POINT('',(-159.,20.5,-0.));
#2593 = SURFACE_CURVE('',#2594,(#2598,#2605),.PCURVE_S1.);
#2594 = LINE('',#2595,#2596);
#2595 = CARTESIAN_POINT('',(-159.,20.5,-0.));
#2596 = VECTOR('',#2597,1.);
#2597 = DIRECTION('',(0.,0.,-1.));
#2598 = PCURVE('',#2538,#2599);
#2599 = DEFINITIONAL_REPRESENTATION('',(#2600),#2604);
#2600 = LINE('',#2601,#2602);
#2601 = CARTESIAN_POINT('',(59.,0.));
#2602 = VECTOR('',#2603,1.);
#2603 = DIRECTION('',(0.,-1.));
#2604 = ( GEOMETRIC_REPRESENTATION_CONTEXT(2) 
PARAMETRIC_REPRESENTATION_CONTEXT() REPRESENTATION_CONTEXT('2D SPACE',''
  ) );
#2605 = PCURVE('',#2606,#2611);
#2606 = PLANE('',#2607);
#2607 = AXIS2_PLACEMENT_3D('',#2608,#2609,#2610);
#2608 = CARTESIAN_POINT('',(-159.,20.5,0.));
#2609 = DIRECTION('',(-1.,-0.,-0.));
#2610 = DIRECTION('',(0.,-1.,0.));
#2611 = DEFINITIONAL_REPRESENTATION('',(#2612),#2616);
#2612 = LINE('',#2613,#2614);
#2613 = CARTESIAN_POINT('',(0.,0.));
#2614 = VECTOR('',#2615,1.);
#2615 = DIRECTION('',(0.,-1.));
#2616 = ( GEOMETRIC_REPRESENTATION_CONTEXT(2) 
PARAMETRIC_REPRESENTATION_CONTEXT() REPRESENTATION_CONTEXT('2D SPACE',''
  ) );
#2617 = ORIENTED_EDGE('',*,*,#2618,.F.);
#2618 = EDGE_CURVE('',#2528,#2591,#2619,.T.);
#2619 = SURFACE_CURVE('',#2620,(#2624,#2631),.PCURVE_S1.);
#2620 = LINE('',#2621,#2622);
#2621 = CARTESIAN_POINT('',(-100.,20.5,-0.));
#2622 = VECTOR('',#2623,1.);
#2623 = DIRECTION('',(-1.,0.,0.));
#2624 = PCURVE('',#2538,#2625);
#2625 = DEFINITIONAL_REPRESENTATION('',(#2626),#2630);
#2626 = LINE('',#2627,#2628);
#2627 = CARTESIAN_POINT('',(0.,0.));
#2628 = VECTOR('',#2629,1.);
#2629 = DIRECTION('',(1.,0.));
#2630 = ( GEOMETRIC_REPRESENTATION_CONTEXT(2) 
PARAMETRIC_REPRESENTATION_CONTEXT() REPRESENTATION_CONTEXT('2D SPACE',''
  ) );
#2631 = PCURVE('',#2632,#2637);
#2632 = PLANE('',#2633);
#2633 = AXIS2_PLACEMENT_3D('',#2634,#2635,#2636);
#2634 = CARTESIAN_POINT('',(-119.78,9.72,0.));
#2635 = DIRECTION('',(0.,0.,1.));
#2636 = DIRECTION('',(1.,0.,-0.));
#2637 = DEFINITIONAL_REPRESENTATION('',(#2638),#2642);
#2638 = LINE('',#2639,#2640);
#2639 = CARTESIAN_POINT('',(19.78,10.78));
#2640 = VECTOR('',#2641,1.);
#2641 = DIRECTION('',(-1.,0.));
#2642 = ( GEOMETRIC_REPRESENTATION_CONTEXT(2) 
PARAMETRIC_REPRESENTATION_CONTEXT() REPRESENTATION_CONTEXT('2D SPACE',''
  ) );
#2643 = ADVANCED_FACE('',(#2644),#2606,.T.);
#2644 = FACE_BOUND('',#2645,.T.);
#2645 = EDGE_LOOP('',(#2646,#2647,#2670,#2698));
#2646 = ORIENTED_EDGE('',*,*,#2590,.T.);
#2647 = ORIENTED_EDGE('',*,*,#2648,.T.);
#2648 = EDGE_CURVE('',#2563,#2649,#2651,.T.);
#2649 = VERTEX_POINT('',#2650);
#2650 = CARTESIAN_POINT('',(-159.,15.5,-18.));
#2651 = SURFACE_CURVE('',#2652,(#2656,#2663),.PCURVE_S1.);
#2652 = LINE('',#2653,#2654);
#2653 = CARTESIAN_POINT('',(-159.,20.5,-18.));
#2654 = VECTOR('',#2655,1.);
#2655 = DIRECTION('',(0.,-1.,0.));
#2656 = PCURVE('',#2606,#2657);
#2657 = DEFINITIONAL_REPRESENTATION('',(#2658),#2662);
#2658 = LINE('',#2659,#2660);
#2659 = CARTESIAN_POINT('',(0.,-18.));
#2660 = VECTOR('',#2661,1.);
#2661 = DIRECTION('',(1.,0.));
#2662 = ( GEOMETRIC_REPRESENTATION_CONTEXT(2) 
PARAMETRIC_REPRESENTATION_CONTEXT() REPRESENTATION_CONTEXT('2D SPACE',''
  ) );
#2663 = PCURVE('',#2578,#2664);
#2664 = DEFINITIONAL_REPRESENTATION('',(#2665),#2669);
#2665 = LINE('',#2666,#2667);
#2666 = CARTESIAN_POINT('',(-39.22,10.78));
#2667 = VECTOR('',#2668,1.);
#2668 = DIRECTION('',(0.,-1.));
#2669 = ( GEOMETRIC_REPRESENTATION_CONTEXT(2) 
PARAMETRIC_REPRESENTATION_CONTEXT() REPRESENTATION_CONTEXT('2D SPACE',''
  ) );
#2670 = ORIENTED_EDGE('',*,*,#2671,.F.);
#2671 = EDGE_CURVE('',#2672,#2649,#2674,.T.);
#2672 = VERTEX_POINT('',#2673);
#2673 = CARTESIAN_POINT('',(-159.,15.5,-0.));
#2674 = SURFACE_CURVE('',#2675,(#2679,#2686),.PCURVE_S1.);
#2675 = LINE('',#2676,#2677);
#2676 = CARTESIAN_POINT('',(-159.,15.5,-0.));
#2677 = VECTOR('',#2678,1.);
#2678 = DIRECTION('',(0.,0.,-1.));
#2679 = PCURVE('',#2606,#2680);
#2680 = DEFINITIONAL_REPRESENTATION('',(#2681),#2685);
#2681 = LINE('',#2682,#2683);
#2682 = CARTESIAN_POINT('',(5.,0.));
#2683 = VECTOR('',#2684,1.);
#2684 = DIRECTION('',(0.,-1.));
#2685 = ( GEOMETRIC_REPRESENTATION_CONTEXT(2) 
PARAMETRIC_REPRESENTATION_CONTEXT() REPRESENTATION_CONTEXT('2D SPACE',''
  ) );
#2686 = PCURVE('',#2687,#2692);
#2687 = PLANE('',#2688);
#2688 = AXIS2_PLACEMENT_3D('',#2689,#2690,#2691);
#2689 = CARTESIAN_POINT('',(-159.,15.5,0.));
#2690 = DIRECTION('',(0.,-1.,0.));
#2691 = DIRECTION('',(1.,0.,0.));
#2692 = DEFINITIONAL_REPRESENTATION('',(#2693),#2697);
#2693 = LINE('',#2694,#2695);
#2694 = CARTESIAN_POINT('',(0.,0.));
#2695 = VECTOR('',#2696,1.);
#2696 = DIRECTION('',(0.,-1.));
#2697 = ( GEOMETRIC_REPRESENTATION_CONTEXT(2) 
PARAMETRIC_REPRESENTATION_CONTEXT() REPRESENTATION_CONTEXT('2D SPACE',''
  ) );
#2698 = ORIENTED_EDGE('',*,*,#2699,.F.);
#2699 = EDGE_CURVE('',#2591,#2672,#2700,.T.);
#2700 = SURFACE_CURVE('',#2701,(#2705,#2712),.PCURVE_S1.);
#2701 = LINE('',#2702,#2703);
#2702 = CARTESIAN_POINT('',(-159.,20.5,-0.));
#2703 = VECTOR('',#2704,1.);
#2704 = DIRECTION('',(0.,-1.,0.));
#2705 = PCURVE('',#2606,#2706);
#2706 = DEFINITIONAL_REPRESENTATION('',(#2707),#2711);
#2707 = LINE('',#2708,#2709);
#2708 = CARTESIAN_POINT('',(0.,0.));
#2709 = VECTOR('',#2710,1.);
#2710 = DIRECTION('',(1.,0.));
#2711 = ( GEOMETRIC_REPRESENTATION_CONTEXT(2) 
PARAMETRIC_REPRESENTATION_CONTEXT() REPRESENTATION_CONTEXT('2D SPACE',''
  ) );
#2712 = PCURVE('',#2632,#2713);
#2713 = DEFINITIONAL_REPRESENTATION('',(#2714),#2718);
#2714 = LINE('',#2715,#2716);
#2715 = CARTESIAN_POINT('',(-39.22,10.78));
#2716 = VECTOR('',#2717,1.);
#2717 = DIRECTION('',(0.,-1.));
#2718 = ( GEOMETRIC_REPRESENTATION_CONTEXT(2) 
PARAMETRIC_REPRESENTATION_CONTEXT() REPRESENTATION_CONTEXT('2D SPACE',''
  ) );
#2719 = ADVANCED_FACE('',(#2720),#2687,.T.);
#2720 = FACE_BOUND('',#2721,.T.);
#2721 = EDGE_LOOP('',(#2722,#2723,#2746,#2774));
#2722 = ORIENTED_EDGE('',*,*,#2671,.T.);
#2723 = ORIENTED_EDGE('',*,*,#2724,.T.);
#2724 = EDGE_CURVE('',#2649,#2725,#2727,.T.);
#2725 = VERTEX_POINT('',#2726);
#2726 = CARTESIAN_POINT('',(-105.,15.5,-18.));
#2727 = SURFACE_CURVE('',#2728,(#2732,#2739),.PCURVE_S1.);
#2728 = LINE('',#2729,#2730);
#2729 = CARTESIAN_POINT('',(-159.,15.5,-18.));
#2730 = VECTOR('',#2731,1.);
#2731 = DIRECTION('',(1.,0.,0.));
#2732 = PCURVE('',#2687,#2733);
#2733 = DEFINITIONAL_REPRESENTATION('',(#2734),#2738);
#2734 = LINE('',#2735,#2736);
#2735 = CARTESIAN_POINT('',(0.,-18.));
#2736 = VECTOR('',#2737,1.);
#2737 = DIRECTION('',(1.,0.));
#2738 = ( GEOMETRIC_REPRESENTATION_CONTEXT(2) 
PARAMETRIC_REPRESENTATION_CONTEXT() REPRESENTATION_CONTEXT('2D SPACE',''
  ) );
#2739 = PCURVE('',#2578,#2740);
#2740 = DEFINITIONAL_REPRESENTATION('',(#2741),#2745);
#2741 = LINE('',#2742,#2743);
#2742 = CARTESIAN_POINT('',(-39.22,5.78));
#2743 = VECTOR('',#2744,1.);
#2744 = DIRECTION('',(1.,0.));
#2745 = ( GEOMETRIC_REPRESENTATION_CONTEXT(2) 
PARAMETRIC_REPRESENTATION_CONTEXT() REPRESENTATION_CONTEXT('2D SPACE',''
  ) );
#2746 = ORIENTED_EDGE('',*,*,#2747,.F.);
#2747 = EDGE_CURVE('',#2748,#2725,#2750,.T.);
#2748 = VERTEX_POINT('',#2749);
#2749 = CARTESIAN_POINT('',(-105.,15.5,-0.));
#2750 = SURFACE_CURVE('',#2751,(#2755,#2762),.PCURVE_S1.);
#2751 = LINE('',#2752,#2753);
#2752 = CARTESIAN_POINT('',(-105.,15.5,-0.));
#2753 = VECTOR('',#2754,1.);
#2754 = DIRECTION('',(0.,0.,-1.));
#2755 = PCURVE('',#2687,#2756);
#2756 = DEFINITIONAL_REPRESENTATION('',(#2757),#2761);
#2757 = LINE('',#2758,#2759);
#2758 = CARTESIAN_POINT('',(54.,0.));
#2759 = VECTOR('',#2760,1.);
#2760 = DIRECTION('',(0.,-1.));
#2761 = ( GEOMETRIC_REPRESENTATION_CONTEXT(2) 
PARAMETRIC_REPRESENTATION_CONTEXT() REPRESENTATION_CONTEXT('2D SPACE',''
  ) );
#2762 = PCURVE('',#2763,#2768);
#2763 = PLANE('',#2764);
#2764 = AXIS2_PLACEMENT_3D('',#2765,#2766,#2767);
#2765 = CARTESIAN_POINT('',(-105.,15.5,0.));
#2766 = DIRECTION('',(-1.,-0.,-0.));
#2767 = DIRECTION('',(0.,-1.,0.));
#2768 = DEFINITIONAL_REPRESENTATION('',(#2769),#2773);
#2769 = LINE('',#2770,#2771);
#2770 = CARTESIAN_POINT('',(0.,0.));
#2771 = VECTOR('',#2772,1.);
#2772 = DIRECTION('',(0.,-1.));
#2773 = ( GEOMETRIC_REPRESENTATION_CONTEXT(2) 
PARAMETRIC_REPRESENTATION_CONTEXT() REPRESENTATION_CONTEXT('2D SPACE',''
  ) );
#2774 = ORIENTED_EDGE('',*,*,#2775,.F.);
#2775 = EDGE_CURVE('',#2672,#2748,#2776,.T.);
#2776 = SURFACE_CURVE('',#2777,(#2781,#2788),.PCURVE_S1.);
#2777 = LINE('',#2778,#2779);
#2778 = CARTESIAN_POINT('',(-159.,15.5,-0.));
#2779 = VECTOR('',#2780,1.);
#2780 = DIRECTION('',(1.,0.,0.));
#2781 = PCURVE('',#2687,#2782);
#2782 = DEFINITIONAL_REPRESENTATION('',(#2783),#2787);
#2783 = LINE('',#2784,#2785);
#2784 = CARTESIAN_POINT('',(0.,0.));
#2785 = VECTOR('',#2786,1.);
#2786 = DIRECTION('',(1.,0.));
#2787 = ( GEOMETRIC_REPRESENTATION_CONTEXT(2) 
PARAMETRIC_REPRESENTATION_CONTEXT() REPRESENTATION_CONTEXT('2D SPACE',''
  ) );
#2788 = PCURVE('',#2632,#2789);
#2789 = DEFINITIONAL_REPRESENTATION('',(#2790),#2794);
#2790 = LINE('',#2791,#2792);
#2791 = CARTESIAN_POINT('',(-39.22,5.78));
#2792 = VECTOR('',#2793,1.);
#2793 = DIRECTION('',(1.,0.));
#2794 = ( GEOMETRIC_REPRESENTATION_CONTEXT(2) 
PARAMETRIC_REPRESENTATION_CONTEXT() REPRESENTATION_CONTEXT('2D SPACE',''
  ) );
#2795 = ADVANCED_FACE('',(#2796),#2763,.T.);
#2796 = FACE_BOUND('',#2797,.T.);
#2797 = EDGE_LOOP('',(#2798,#2799,#2822,#2850));
#2798 = ORIENTED_EDGE('',*,*,#2747,.T.);
#2799 = ORIENTED_EDGE('',*,*,#2800,.T.);
#2800 = EDGE_CURVE('',#2725,#2801,#2803,.T.);
#2801 = VERTEX_POINT('',#2802);
#2802 = CARTESIAN_POINT('',(-105.,-20.5,-18.));
#2803 = SURFACE_CURVE('',#2804,(#2808,#2815),.PCURVE_S1.);
#2804 = LINE('',#2805,#2806);
#2805 = CARTESIAN_POINT('',(-105.,15.5,-18.));
#2806 = VECTOR('',#2807,1.);
#2807 = DIRECTION('',(0.,-1.,0.));
#2808 = PCURVE('',#2763,#2809);
#2809 = DEFINITIONAL_REPRESENTATION('',(#2810),#2814);
#2810 = LINE('',#2811,#2812);
#2811 = CARTESIAN_POINT('',(0.,-18.));
#2812 = VECTOR('',#2813,1.);
#2813 = DIRECTION('',(1.,0.));
#2814 = ( GEOMETRIC_REPRESENTATION_CONTEXT(2) 
PARAMETRIC_REPRESENTATION_CONTEXT() REPRESENTATION_CONTEXT('2D SPACE',''
  ) );
#2815 = PCURVE('',#2578,#2816);
#2816 = DEFINITIONAL_REPRESENTATION('',(#2817),#2821);
#2817 = LINE('',#2818,#2819);
#2818 = CARTESIAN_POINT('',(14.78,5.78));
#2819 = VECTOR('',#2820,1.);
#2820 = DIRECTION('',(0.,-1.));
#2821 = ( GEOMETRIC_REPRESENTATION_CONTEXT(2) 
PARAMETRIC_REPRESENTATION_CONTEXT() REPRESENTATION_CONTEXT('2D SPACE',''
  ) );
#2822 = ORIENTED_EDGE('',*,*,#2823,.F.);
#2823 = EDGE_CURVE('',#2824,#2801,#2826,.T.);
#2824 = VERTEX_POINT('',#2825);
#2825 = CARTESIAN_POINT('',(-105.,-20.5,0.));
#2826 = SURFACE_CURVE('',#2827,(#2831,#2838),.PCURVE_S1.);
#2827 = LINE('',#2828,#2829);
#2828 = CARTESIAN_POINT('',(-105.,-20.5,0.));
#2829 = VECTOR('',#2830,1.);
#2830 = DIRECTION('',(0.,0.,-1.));
#2831 = PCURVE('',#2763,#2832);
#2832 = DEFINITIONAL_REPRESENTATION('',(#2833),#2837);
#2833 = LINE('',#2834,#2835);
#2834 = CARTESIAN_POINT('',(36.,0.));
#2835 = VECTOR('',#2836,1.);
#2836 = DIRECTION('',(0.,-1.));
#2837 = ( GEOMETRIC_REPRESENTATION_CONTEXT(2) 
PARAMETRIC_REPRESENTATION_CONTEXT() REPRESENTATION_CONTEXT('2D SPACE',''
  ) );
#2838 = PCURVE('',#2839,#2844);
#2839 = PLANE('',#2840);
#2840 = AXIS2_PLACEMENT_3D('',#2841,#2842,#2843);
#2841 = CARTESIAN_POINT('',(-105.,-20.5,0.));
#2842 = DIRECTION('',(0.,-1.,0.));
#2843 = DIRECTION('',(1.,0.,0.));
#2844 = DEFINITIONAL_REPRESENTATION('',(#2845),#2849);
#2845 = LINE('',#2846,#2847);
#2846 = CARTESIAN_POINT('',(0.,0.));
#2847 = VECTOR('',#2848,1.);
#2848 = DIRECTION('',(0.,-1.));
#2849 = ( GEOMETRIC_REPRESENTATION_CONTEXT(2) 
PARAMETRIC_REPRESENTATION_CONTEXT() REPRESENTATION_CONTEXT('2D SPACE',''
  ) );
#2850 = ORIENTED_EDGE('',*,*,#2851,.F.);
#2851 = EDGE_CURVE('',#2748,#2824,#2852,.T.);
#2852 = SURFACE_CURVE('',#2853,(#2857,#2864),.PCURVE_S1.);
#2853 = LINE('',#2854,#2855);
#2854 = CARTESIAN_POINT('',(-105.,15.5,-0.));
#2855 = VECTOR('',#2856,1.);
#2856 = DIRECTION('',(0.,-1.,0.));
#2857 = PCURVE('',#2763,#2858);
#2858 = DEFINITIONAL_REPRESENTATION('',(#2859),#2863);
#2859 = LINE('',#2860,#2861);
#2860 = CARTESIAN_POINT('',(0.,0.));
#2861 = VECTOR('',#2862,1.);
#2862 = DIRECTION('',(1.,0.));
#2863 = ( GEOMETRIC_REPRESENTATION_CONTEXT(2) 
PARAMETRIC_REPRESENTATION_CONTEXT() REPRESENTATION_CONTEXT('2D SPACE',''
  ) );
#2864 = PCURVE('',#2632,#2865);
#2865 = DEFINITIONAL_REPRESENTATION('',(#2866),#2870);
#2866 = LINE('',#2867,#2868);
#2867 = CARTESIAN_POINT('',(14.78,5.78));
#2868 = VECTOR('',#2869,1.);
#2869 = DIRECTION('',(0.,-1.));
#2870 = ( GEOMETRIC_REPRESENTATION_CONTEXT(2) 
PARAMETRIC_REPRESENTATION_CONTEXT() REPRESENTATION_CONTEXT('2D SPACE',''
  ) );
#2871 = ADVANCED_FACE('',(#2872),#2839,.T.);
#2872 = FACE_BOUND('',#2873,.T.);
#2873 = EDGE_LOOP('',(#2874,#2875,#2898,#2921));
#2874 = ORIENTED_EDGE('',*,*,#2823,.T.);
#2875 = ORIENTED_EDGE('',*,*,#2876,.T.);
#2876 = EDGE_CURVE('',#2801,#2877,#2879,.T.);
#2877 = VERTEX_POINT('',#2878);
#2878 = CARTESIAN_POINT('',(-100.,-20.5,-18.));
#2879 = SURFACE_CURVE('',#2880,(#2884,#2891),.PCURVE_S1.);
#2880 = LINE('',#2881,#2882);
#2881 = CARTESIAN_POINT('',(-105.,-20.5,-18.));
#2882 = VECTOR('',#2883,1.);
#2883 = DIRECTION('',(1.,0.,0.));
#2884 = PCURVE('',#2839,#2885);
#2885 = DEFINITIONAL_REPRESENTATION('',(#2886),#2890);
#2886 = LINE('',#2887,#2888);
#2887 = CARTESIAN_POINT('',(0.,-18.));
#2888 = VECTOR('',#2889,1.);
#2889 = DIRECTION('',(1.,0.));
#2890 = ( GEOMETRIC_REPRESENTATION_CONTEXT(2) 
PARAMETRIC_REPRESENTATION_CONTEXT() REPRESENTATION_CONTEXT('2D SPACE',''
  ) );
#2891 = PCURVE('',#2578,#2892);
#2892 = DEFINITIONAL_REPRESENTATION('',(#2893),#2897);
#2893 = LINE('',#2894,#2895);
#2894 = CARTESIAN_POINT('',(14.78,-30.22));
#2895 = VECTOR('',#2896,1.);
#2896 = DIRECTION('',(1.,0.));
#2897 = ( GEOMETRIC_REPRESENTATION_CONTEXT(2) 
PARAMETRIC_REPRESENTATION_CONTEXT() REPRESENTATION_CONTEXT('2D SPACE',''
  ) );
#2898 = ORIENTED_EDGE('',*,*,#2899,.F.);
#2899 = EDGE_CURVE('',#2900,#2877,#2902,.T.);
#2900 = VERTEX_POINT('',#2901);
#2901 = CARTESIAN_POINT('',(-100.,-20.5,0.));
#2902 = SURFACE_CURVE('',#2903,(#2907,#2914),.PCURVE_S1.);
#2903 = LINE('',#2904,#2905);
#2904 = CARTESIAN_POINT('',(-100.,-20.5,0.));
#2905 = VECTOR('',#2906,1.);
#2906 = DIRECTION('',(0.,0.,-1.));
#2907 = PCURVE('',#2839,#2908);
#2908 = DEFINITIONAL_REPRESENTATION('',(#2909),#2913);
#2909 = LINE('',#2910,#2911);
#2910 = CARTESIAN_POINT('',(5.,0.));
#2911 = VECTOR('',#2912,1.);
#2912 = DIRECTION('',(0.,-1.));
#2913 = ( GEOMETRIC_REPRESENTATION_CONTEXT(2) 
PARAMETRIC_REPRESENTATION_CONTEXT() REPRESENTATION_CONTEXT('2D SPACE',''
  ) );
#2914 = PCURVE('',#2550,#2915);
#2915 = DEFINITIONAL_REPRESENTATION('',(#2916),#2920);
#2916 = LINE('',#2917,#2918);
#2917 = CARTESIAN_POINT('',(0.,0.));
#2918 = VECTOR('',#2919,1.);
#2919 = DIRECTION('',(0.,-1.));
#2920 = ( GEOMETRIC_REPRESENTATION_CONTEXT(2) 
PARAMETRIC_REPRESENTATION_CONTEXT() REPRESENTATION_CONTEXT('2D SPACE',''
  ) );
#2921 = ORIENTED_EDGE('',*,*,#2922,.F.);
#2922 = EDGE_CURVE('',#2824,#2900,#2923,.T.);
#2923 = SURFACE_CURVE('',#2924,(#2928,#2935),.PCURVE_S1.);
#2924 = LINE('',#2925,#2926);
#2925 = CARTESIAN_POINT('',(-105.,-20.5,0.));
#2926 = VECTOR('',#2927,1.);
#2927 = DIRECTION('',(1.,0.,0.));
#2928 = PCURVE('',#2839,#2929);
#2929 = DEFINITIONAL_REPRESENTATION('',(#2930),#2934);
#2930 = LINE('',#2931,#2932);
#2931 = CARTESIAN_POINT('',(0.,0.));
#2932 = VECTOR('',#2933,1.);
#2933 = DIRECTION('',(1.,0.));
#2934 = ( GEOMETRIC_REPRESENTATION_CONTEXT(2) 
PARAMETRIC_REPRESENTATION_CONTEXT() REPRESENTATION_CONTEXT('2D SPACE',''
  ) );
#2935 = PCURVE('',#2632,#2936);
#2936 = DEFINITIONAL_REPRESENTATION('',(#2937),#2941);
#2937 = LINE('',#2938,#2939);
#2938 = CARTESIAN_POINT('',(14.78,-30.22));
#2939 = VECTOR('',#2940,1.);
#2940 = DIRECTION('',(1.,0.));
#2941 = ( GEOMETRIC_REPRESENTATION_CONTEXT(2) 
PARAMETRIC_REPRESENTATION_CONTEXT() REPRESENTATION_CONTEXT('2D SPACE',''
  ) );
#2942 = ADVANCED_FACE('',(#2943),#2550,.T.);
#2943 = FACE_BOUND('',#2944,.T.);
#2944 = EDGE_LOOP('',(#2945,#2946,#2967,#2968));
#2945 = ORIENTED_EDGE('',*,*,#2899,.T.);
#2946 = ORIENTED_EDGE('',*,*,#2947,.T.);
#2947 = EDGE_CURVE('',#2877,#2530,#2948,.T.);
#2948 = SURFACE_CURVE('',#2949,(#2953,#2960),.PCURVE_S1.);
#2949 = LINE('',#2950,#2951);
#2950 = CARTESIAN_POINT('',(-100.,-20.5,-18.));
#2951 = VECTOR('',#2952,1.);
#2952 = DIRECTION('',(0.,1.,-0.));
#2953 = PCURVE('',#2550,#2954);
#2954 = DEFINITIONAL_REPRESENTATION('',(#2955),#2959);
#2955 = LINE('',#2956,#2957);
#2956 = CARTESIAN_POINT('',(0.,-18.));
#2957 = VECTOR('',#2958,1.);
#2958 = DIRECTION('',(1.,0.));
#2959 = ( GEOMETRIC_REPRESENTATION_CONTEXT(2) 
PARAMETRIC_REPRESENTATION_CONTEXT() REPRESENTATION_CONTEXT('2D SPACE',''
  ) );
#2960 = PCURVE('',#2578,#2961);
#2961 = DEFINITIONAL_REPRESENTATION('',(#2962),#2966);
#2962 = LINE('',#2963,#2964);
#2963 = CARTESIAN_POINT('',(19.78,-30.22));
#2964 = VECTOR('',#2965,1.);
#2965 = DIRECTION('',(0.,1.));
#2966 = ( GEOMETRIC_REPRESENTATION_CONTEXT(2) 
PARAMETRIC_REPRESENTATION_CONTEXT() REPRESENTATION_CONTEXT('2D SPACE',''
  ) );
#2967 = ORIENTED_EDGE('',*,*,#2527,.F.);
#2968 = ORIENTED_EDGE('',*,*,#2969,.F.);
#2969 = EDGE_CURVE('',#2900,#2528,#2970,.T.);
#2970 = SURFACE_CURVE('',#2971,(#2975,#2982),.PCURVE_S1.);
#2971 = LINE('',#2972,#2973);
#2972 = CARTESIAN_POINT('',(-100.,-20.5,0.));
#2973 = VECTOR('',#2974,1.);
#2974 = DIRECTION('',(0.,1.,-0.));
#2975 = PCURVE('',#2550,#2976);
#2976 = DEFINITIONAL_REPRESENTATION('',(#2977),#2981);
#2977 = LINE('',#2978,#2979);
#2978 = CARTESIAN_POINT('',(0.,0.));
#2979 = VECTOR('',#2980,1.);
#2980 = DIRECTION('',(1.,0.));
#2981 = ( GEOMETRIC_REPRESENTATION_CONTEXT(2) 
PARAMETRIC_REPRESENTATION_CONTEXT() REPRESENTATION_CONTEXT('2D SPACE',''
  ) );
#2982 = PCURVE('',#2632,#2983);
#2983 = DEFINITIONAL_REPRESENTATION('',(#2984),#2988);
#2984 = LINE('',#2985,#2986);
#2985 = CARTESIAN_POINT('',(19.78,-30.22));
#2986 = VECTOR('',#2987,1.);
#2987 = DIRECTION('',(0.,1.));
#2988 = ( GEOMETRIC_REPRESENTATION_CONTEXT(2) 
PARAMETRIC_REPRESENTATION_CONTEXT() REPRESENTATION_CONTEXT('2D SPACE',''
  ) );
#2989 = ADVANCED_FACE('',(#2990),#2632,.T.);
#2990 = FACE_BOUND('',#2991,.T.);
#2991 = EDGE_LOOP('',(#2992,#2993,#2994,#2995,#2996,#2997));
#2992 = ORIENTED_EDGE('',*,*,#2618,.T.);
#2993 = ORIENTED_EDGE('',*,*,#2699,.T.);
#2994 = ORIENTED_EDGE('',*,*,#2775,.T.);
#2995 = ORIENTED_EDGE('',*,*,#2851,.T.);
#2996 = ORIENTED_EDGE('',*,*,#2922,.T.);
#2997 = ORIENTED_EDGE('',*,*,#2969,.T.);
#2998 = ADVANCED_FACE('',(#2999),#2578,.F.);
#2999 = FACE_BOUND('',#3000,.F.);
#3000 = EDGE_LOOP('',(#3001,#3002,#3003,#3004,#3005,#3006));
#3001 = ORIENTED_EDGE('',*,*,#2562,.T.);
#3002 = ORIENTED_EDGE('',*,*,#2648,.T.);
#3003 = ORIENTED_EDGE('',*,*,#2724,.T.);
#3004 = ORIENTED_EDGE('',*,*,#2800,.T.);
#3005 = ORIENTED_EDGE('',*,*,#2876,.T.);
#3006 = ORIENTED_EDGE('',*,*,#2947,.T.);
#3007 = MANIFOLD_SOLID_BREP('PartBody',#3008);
#3008 = CLOSED_SHELL('',(#3009,#3129,#3205,#3283,#3354,#3401,#3409));
#3009 = ADVANCED_FACE('',(#3010),#3024,.F.);
#3010 = FACE_BOUND('',#3011,.F.);
#3011 = EDGE_LOOP('',(#3012,#3047,#3075,#3103));
#3012 = ORIENTED_EDGE('',*,*,#3013,.T.);
#3013 = EDGE_CURVE('',#3014,#3016,#3018,.T.);
#3014 = VERTEX_POINT('',#3015);
#3015 = CARTESIAN_POINT('',(-0.,-1.533150896605E-05,-149.999909206));
#3016 = VERTEX_POINT('',#3017);
#3017 = CARTESIAN_POINT('',(-13.,-1.533150896605E-05,-149.999909206));
#3018 = SURFACE_CURVE('',#3019,(#3023,#3035),.PCURVE_S1.);
#3019 = LINE('',#3020,#3021);
#3020 = CARTESIAN_POINT('',(-0.,-1.533150896605E-05,-149.999909206));
#3021 = VECTOR('',#3022,1.);
#3022 = DIRECTION('',(-1.,-0.,-0.));
#3023 = PCURVE('',#3024,#3029);
#3024 = PLANE('',#3025);
#3025 = AXIS2_PLACEMENT_3D('',#3026,#3027,#3028);
#3026 = CARTESIAN_POINT('',(0.,-1.533150896605E-05,-149.999909206));
#3027 = DIRECTION('',(0.,0.,-1.));
#3028 = DIRECTION('',(0.,1.,0.));
#3029 = DEFINITIONAL_REPRESENTATION('',(#3030),#3034);
#3030 = LINE('',#3031,#3032);
#3031 = CARTESIAN_POINT('',(0.,0.));
#3032 = VECTOR('',#3033,1.);
#3033 = DIRECTION('',(0.,-1.));
#3034 = ( GEOMETRIC_REPRESENTATION_CONTEXT(2) 
PARAMETRIC_REPRESENTATION_CONTEXT() REPRESENTATION_CONTEXT('2D SPACE',''
  ) );
#3035 = PCURVE('',#3036,#3041);
#3036 = PLANE('',#3037);
#3037 = AXIS2_PLACEMENT_3D('',#3038,#3039,#3040);
#3038 = CARTESIAN_POINT('',(0.,-22.,-150.));
#3039 = DIRECTION('',(0.,4.126999394246E-06,-0.999999999991));
#3040 = DIRECTION('',(0.,0.999999999991,4.126999394246E-06));
#3041 = DEFINITIONAL_REPRESENTATION('',(#3042),#3046);
#3042 = LINE('',#3043,#3044);
#3043 = CARTESIAN_POINT('',(21.999984668678,0.));
#3044 = VECTOR('',#3045,1.);
#3045 = DIRECTION('',(0.,-1.));
#3046 = ( GEOMETRIC_REPRESENTATION_CONTEXT(2) 
PARAMETRIC_REPRESENTATION_CONTEXT() REPRESENTATION_CONTEXT('2D SPACE',''
  ) );
#3047 = ORIENTED_EDGE('',*,*,#3048,.T.);
#3048 = EDGE_CURVE('',#3016,#3049,#3051,.T.);
#3049 = VERTEX_POINT('',#3050);
#3050 = CARTESIAN_POINT('',(-13.,21.999984668491,-149.999909206));
#3051 = SURFACE_CURVE('',#3052,(#3056,#3063),.PCURVE_S1.);
#3052 = LINE('',#3053,#3054);
#3053 = CARTESIAN_POINT('',(-13.,-1.533150896605E-05,-149.999909206));
#3054 = VECTOR('',#3055,1.);
#3055 = DIRECTION('',(0.,1.,0.));
#3056 = PCURVE('',#3024,#3057);
#3057 = DEFINITIONAL_REPRESENTATION('',(#3058),#3062);
#3058 = LINE('',#3059,#3060);
#3059 = CARTESIAN_POINT('',(0.,-13.));
#3060 = VECTOR('',#3061,1.);
#3061 = DIRECTION('',(1.,0.));
#3062 = ( GEOMETRIC_REPRESENTATION_CONTEXT(2) 
PARAMETRIC_REPRESENTATION_CONTEXT() REPRESENTATION_CONTEXT('2D SPACE',''
  ) );
#3063 = PCURVE('',#3064,#3069);
#3064 = PLANE('',#3065);
#3065 = AXIS2_PLACEMENT_3D('',#3066,#3067,#3068);
#3066 = CARTESIAN_POINT('',(-13.,2.05195122671E-04,-175.8077396022));
#3067 = DIRECTION('',(-1.,-0.,-0.));
#3068 = DIRECTION('',(0.,0.,-1.));
#3069 = DEFINITIONAL_REPRESENTATION('',(#3070),#3074);
#3070 = LINE('',#3071,#3072);
#3071 = CARTESIAN_POINT('',(-25.80783039617,2.205266316371E-04));
#3072 = VECTOR('',#3073,1.);
#3073 = DIRECTION('',(0.,-1.));
#3074 = ( GEOMETRIC_REPRESENTATION_CONTEXT(2) 
PARAMETRIC_REPRESENTATION_CONTEXT() REPRESENTATION_CONTEXT('2D SPACE',''
  ) );
#3075 = ORIENTED_EDGE('',*,*,#3076,.F.);
#3076 = EDGE_CURVE('',#3077,#3049,#3079,.T.);
#3077 = VERTEX_POINT('',#3078);
#3078 = CARTESIAN_POINT('',(0.,21.999984668491,-149.999909206));
#3079 = SURFACE_CURVE('',#3080,(#3084,#3091),.PCURVE_S1.);
#3080 = LINE('',#3081,#3082);
#3081 = CARTESIAN_POINT('',(0.,21.999984668491,-149.999909206));
#3082 = VECTOR('',#3083,1.);
#3083 = DIRECTION('',(-1.,-0.,-0.));
#3084 = PCURVE('',#3024,#3085);
#3085 = DEFINITIONAL_REPRESENTATION('',(#3086),#3090);
#3086 = LINE('',#3087,#3088);
#3087 = CARTESIAN_POINT('',(22.,0.));
#3088 = VECTOR('',#3089,1.);
#3089 = DIRECTION('',(0.,-1.));
#3090 = ( GEOMETRIC_REPRESENTATION_CONTEXT(2) 
PARAMETRIC_REPRESENTATION_CONTEXT() REPRESENTATION_CONTEXT('2D SPACE',''
  ) );
#3091 = PCURVE('',#3092,#3097);
#3092 = PLANE('',#3093);
#3093 = AXIS2_PLACEMENT_3D('',#3094,#3095,#3096);
#3094 = CARTESIAN_POINT('',(0.,21.999984668491,-149.999909206));
#3095 = DIRECTION('',(0.,-0.994146281959,0.108042445672));
#3096 = DIRECTION('',(0.,-0.108042445672,-0.994146281959));
#3097 = DEFINITIONAL_REPRESENTATION('',(#3098),#3102);
#3098 = LINE('',#3099,#3100);
#3099 = CARTESIAN_POINT('',(0.,0.));
#3100 = VECTOR('',#3101,1.);
#3101 = DIRECTION('',(0.,-1.));
#3102 = ( GEOMETRIC_REPRESENTATION_CONTEXT(2) 
PARAMETRIC_REPRESENTATION_CONTEXT() REPRESENTATION_CONTEXT('2D SPACE',''
  ) );
#3103 = ORIENTED_EDGE('',*,*,#3104,.F.);
#3104 = EDGE_CURVE('',#3014,#3077,#3105,.T.);
#3105 = SURFACE_CURVE('',#3106,(#3110,#3117),.PCURVE_S1.);
#3106 = LINE('',#3107,#3108);
#3107 = CARTESIAN_POINT('',(-0.,-1.533150896605E-05,-149.999909206));
#3108 = VECTOR('',#3109,1.);
#3109 = DIRECTION('',(0.,1.,0.));
#3110 = PCURVE('',#3024,#3111);
#3111 = DEFINITIONAL_REPRESENTATION('',(#3112),#3116);
#3112 = LINE('',#3113,#3114);
#3113 = CARTESIAN_POINT('',(0.,0.));
#3114 = VECTOR('',#3115,1.);
#3115 = DIRECTION('',(1.,0.));
#3116 = ( GEOMETRIC_REPRESENTATION_CONTEXT(2) 
PARAMETRIC_REPRESENTATION_CONTEXT() REPRESENTATION_CONTEXT('2D SPACE',''
  ) );
#3117 = PCURVE('',#3118,#3123);
#3118 = PLANE('',#3119);
#3119 = AXIS2_PLACEMENT_3D('',#3120,#3121,#3122);
#3120 = CARTESIAN_POINT('',(0.,2.05195122671E-04,-175.8077396022));
#3121 = DIRECTION('',(-1.,-0.,-0.));
#3122 = DIRECTION('',(0.,0.,-1.));
#3123 = DEFINITIONAL_REPRESENTATION('',(#3124),#3128);
#3124 = LINE('',#3125,#3126);
#3125 = CARTESIAN_POINT('',(-25.80783039617,2.205266316371E-04));
#3126 = VECTOR('',#3127,1.);
#3127 = DIRECTION('',(0.,-1.));
#3128 = ( GEOMETRIC_REPRESENTATION_CONTEXT(2) 
PARAMETRIC_REPRESENTATION_CONTEXT() REPRESENTATION_CONTEXT('2D SPACE',''
  ) );
#3129 = ADVANCED_FACE('',(#3130),#3092,.F.);
#3130 = FACE_BOUND('',#3131,.F.);
#3131 = EDGE_LOOP('',(#3132,#3133,#3156,#3184));
#3132 = ORIENTED_EDGE('',*,*,#3076,.T.);
#3133 = ORIENTED_EDGE('',*,*,#3134,.T.);
#3134 = EDGE_CURVE('',#3049,#3135,#3137,.T.);
#3135 = VERTEX_POINT('',#3136);
#3136 = CARTESIAN_POINT('',(-13.,17.000758296398,-196.));
#3137 = SURFACE_CURVE('',#3138,(#3142,#3149),.PCURVE_S1.);
#3138 = LINE('',#3139,#3140);
#3139 = CARTESIAN_POINT('',(-13.,21.999984668491,-149.999909206));
#3140 = VECTOR('',#3141,1.);
#3141 = DIRECTION('',(0.,-0.108042445672,-0.994146281959));
#3142 = PCURVE('',#3092,#3143);
#3143 = DEFINITIONAL_REPRESENTATION('',(#3144),#3148);
#3144 = LINE('',#3145,#3146);
#3145 = CARTESIAN_POINT('',(-0.,-13.));
#3146 = VECTOR('',#3147,1.);
#3147 = DIRECTION('',(1.,0.));
#3148 = ( GEOMETRIC_REPRESENTATION_CONTEXT(2) 
PARAMETRIC_REPRESENTATION_CONTEXT() REPRESENTATION_CONTEXT('2D SPACE',''
  ) );
#3149 = PCURVE('',#3064,#3150);
#3150 = DEFINITIONAL_REPRESENTATION('',(#3151),#3155);
#3151 = LINE('',#3152,#3153);
#3152 = CARTESIAN_POINT('',(-25.80783039617,-21.99977947336));
#3153 = VECTOR('',#3154,1.);
#3154 = DIRECTION('',(0.994146281959,0.108042445672));
#3155 = ( GEOMETRIC_REPRESENTATION_CONTEXT(2) 
PARAMETRIC_REPRESENTATION_CONTEXT() REPRESENTATION_CONTEXT('2D SPACE',''
  ) );
#3156 = ORIENTED_EDGE('',*,*,#3157,.F.);
#3157 = EDGE_CURVE('',#3158,#3135,#3160,.T.);
#3158 = VERTEX_POINT('',#3159);
#3159 = CARTESIAN_POINT('',(0.,17.000758296398,-196.));
#3160 = SURFACE_CURVE('',#3161,(#3165,#3172),.PCURVE_S1.);
#3161 = LINE('',#3162,#3163);
#3162 = CARTESIAN_POINT('',(0.,17.000758296398,-196.));
#3163 = VECTOR('',#3164,1.);
#3164 = DIRECTION('',(-1.,-0.,-0.));
#3165 = PCURVE('',#3092,#3166);
#3166 = DEFINITIONAL_REPRESENTATION('',(#3167),#3171);
#3167 = LINE('',#3168,#3169);
#3168 = CARTESIAN_POINT('',(46.270947876271,0.));
#3169 = VECTOR('',#3170,1.);
#3170 = DIRECTION('',(0.,-1.));
#3171 = ( GEOMETRIC_REPRESENTATION_CONTEXT(2) 
PARAMETRIC_REPRESENTATION_CONTEXT() REPRESENTATION_CONTEXT('2D SPACE',''
  ) );
#3172 = PCURVE('',#3173,#3178);
#3173 = CYLINDRICAL_SURFACE('',#3174,17.100450811975);
#3174 = AXIS2_PLACEMENT_3D('',#3175,#3176,#3177);
#3175 = CARTESIAN_POINT('',(0.,4.087018466358E-04,-194.1524254721));
#3176 = DIRECTION('',(1.,-0.,0.));
#3177 = DIRECTION('',(0.,0.994146281959,-0.108042445672));
#3178 = DEFINITIONAL_REPRESENTATION('',(#3179),#3183);
#3179 = LINE('',#3180,#3181);
#3180 = CARTESIAN_POINT('',(-4.163336342344E-17,0.));
#3181 = VECTOR('',#3182,1.);
#3182 = DIRECTION('',(-0.,-1.));
#3183 = ( GEOMETRIC_REPRESENTATION_CONTEXT(2) 
PARAMETRIC_REPRESENTATION_CONTEXT() REPRESENTATION_CONTEXT('2D SPACE',''
  ) );
#3184 = ORIENTED_EDGE('',*,*,#3185,.F.);
#3185 = EDGE_CURVE('',#3077,#3158,#3186,.T.);
#3186 = SURFACE_CURVE('',#3187,(#3191,#3198),.PCURVE_S1.);
#3187 = LINE('',#3188,#3189);
#3188 = CARTESIAN_POINT('',(0.,21.999984668491,-149.999909206));
#3189 = VECTOR('',#3190,1.);
#3190 = DIRECTION('',(0.,-0.108042445672,-0.994146281959));
#3191 = PCURVE('',#3092,#3192);
#3192 = DEFINITIONAL_REPRESENTATION('',(#3193),#3197);
#3193 = LINE('',#3194,#3195);
#3194 = CARTESIAN_POINT('',(0.,0.));
#3195 = VECTOR('',#3196,1.);
#3196 = DIRECTION('',(1.,0.));
#3197 = ( GEOMETRIC_REPRESENTATION_CONTEXT(2) 
PARAMETRIC_REPRESENTATION_CONTEXT() REPRESENTATION_CONTEXT('2D SPACE',''
  ) );
#3198 = PCURVE('',#3118,#3199);
#3199 = DEFINITIONAL_REPRESENTATION('',(#3200),#3204);
#3200 = LINE('',#3201,#3202);
#3201 = CARTESIAN_POINT('',(-25.80783039617,-21.99977947336));
#3202 = VECTOR('',#3203,1.);
#3203 = DIRECTION('',(0.994146281959,0.108042445672));
#3204 = ( GEOMETRIC_REPRESENTATION_CONTEXT(2) 
PARAMETRIC_REPRESENTATION_CONTEXT() REPRESENTATION_CONTEXT('2D SPACE',''
  ) );
#3205 = ADVANCED_FACE('',(#3206),#3173,.T.);
#3206 = FACE_BOUND('',#3207,.F.);
#3207 = EDGE_LOOP('',(#3208,#3209,#3233,#3261));
#3208 = ORIENTED_EDGE('',*,*,#3157,.T.);
#3209 = ORIENTED_EDGE('',*,*,#3210,.T.);
#3210 = EDGE_CURVE('',#3135,#3211,#3213,.T.);
#3211 = VERTEX_POINT('',#3212);
#3212 = CARTESIAN_POINT('',(-13.,-16.999941556,-195.9999938967));
#3213 = SURFACE_CURVE('',#3214,(#3219,#3226),.PCURVE_S1.);
#3214 = CIRCLE('',#3215,17.100450811975);
#3215 = AXIS2_PLACEMENT_3D('',#3216,#3217,#3218);
#3216 = CARTESIAN_POINT('',(-13.,4.087018466358E-04,-194.1524254721));
#3217 = DIRECTION('',(-1.,0.,-0.));
#3218 = DIRECTION('',(0.,0.994146281959,-0.108042445672));
#3219 = PCURVE('',#3173,#3220);
#3220 = DEFINITIONAL_REPRESENTATION('',(#3221),#3225);
#3221 = LINE('',#3222,#3223);
#3222 = CARTESIAN_POINT('',(-0.,-13.));
#3223 = VECTOR('',#3224,1.);
#3224 = DIRECTION('',(-1.,0.));
#3225 = ( GEOMETRIC_REPRESENTATION_CONTEXT(2) 
PARAMETRIC_REPRESENTATION_CONTEXT() REPRESENTATION_CONTEXT('2D SPACE',''
  ) );
#3226 = PCURVE('',#3064,#3227);
#3227 = DEFINITIONAL_REPRESENTATION('',(#3228),#3232);
#3228 = CIRCLE('',#3229,17.100450811975);
#3229 = AXIS2_PLACEMENT_2D('',#3230,#3231);
#3230 = CARTESIAN_POINT('',(18.344685869933,-2.035067239648E-04));
#3231 = DIRECTION('',(0.108042445672,-0.994146281959));
#3232 = ( GEOMETRIC_REPRESENTATION_CONTEXT(2) 
PARAMETRIC_REPRESENTATION_CONTEXT() REPRESENTATION_CONTEXT('2D SPACE',''
  ) );
#3233 = ORIENTED_EDGE('',*,*,#3234,.F.);
#3234 = EDGE_CURVE('',#3235,#3211,#3237,.T.);
#3235 = VERTEX_POINT('',#3236);
#3236 = CARTESIAN_POINT('',(0.,-16.999941556,-195.9999938967));
#3237 = SURFACE_CURVE('',#3238,(#3242,#3249),.PCURVE_S1.);
#3238 = LINE('',#3239,#3240);
#3239 = CARTESIAN_POINT('',(0.,-16.999941556,-195.9999938967));
#3240 = VECTOR('',#3241,1.);
#3241 = DIRECTION('',(-1.,-0.,-0.));
#3242 = PCURVE('',#3173,#3243);
#3243 = DEFINITIONAL_REPRESENTATION('',(#3244),#3248);
#3244 = LINE('',#3245,#3246);
#3245 = CARTESIAN_POINT('',(-2.925085498181,0.));
#3246 = VECTOR('',#3247,1.);
#3247 = DIRECTION('',(-0.,-1.));
#3248 = ( GEOMETRIC_REPRESENTATION_CONTEXT(2) 
PARAMETRIC_REPRESENTATION_CONTEXT() REPRESENTATION_CONTEXT('2D SPACE',''
  ) );
#3249 = PCURVE('',#3250,#3255);
#3250 = PLANE('',#3251);
#3251 = AXIS2_PLACEMENT_3D('',#3252,#3253,#3254);
#3252 = CARTESIAN_POINT('',(0.,-16.999941556,-195.9999938967));
#3253 = DIRECTION('',(-0.,0.99414432584,0.108060443272));
#3254 = DIRECTION('',(-0.,-0.108060443272,0.99414432584));
#3255 = DEFINITIONAL_REPRESENTATION('',(#3256),#3260);
#3256 = LINE('',#3257,#3258);
#3257 = CARTESIAN_POINT('',(0.,0.));
#3258 = VECTOR('',#3259,1.);
#3259 = DIRECTION('',(0.,-1.));
#3260 = ( GEOMETRIC_REPRESENTATION_CONTEXT(2) 
PARAMETRIC_REPRESENTATION_CONTEXT() REPRESENTATION_CONTEXT('2D SPACE',''
  ) );
#3261 = ORIENTED_EDGE('',*,*,#3262,.F.);
#3262 = EDGE_CURVE('',#3158,#3235,#3263,.T.);
#3263 = SURFACE_CURVE('',#3264,(#3269,#3276),.PCURVE_S1.);
#3264 = CIRCLE('',#3265,17.100450811975);
#3265 = AXIS2_PLACEMENT_3D('',#3266,#3267,#3268);
#3266 = CARTESIAN_POINT('',(0.,4.087018466358E-04,-194.1524254721));
#3267 = DIRECTION('',(-1.,0.,-0.));
#3268 = DIRECTION('',(0.,0.994146281959,-0.108042445672));
#3269 = PCURVE('',#3173,#3270);
#3270 = DEFINITIONAL_REPRESENTATION('',(#3271),#3275);
#3271 = LINE('',#3272,#3273);
#3272 = CARTESIAN_POINT('',(-0.,0.));
#3273 = VECTOR('',#3274,1.);
#3274 = DIRECTION('',(-1.,0.));
#3275 = ( GEOMETRIC_REPRESENTATION_CONTEXT(2) 
PARAMETRIC_REPRESENTATION_CONTEXT() REPRESENTATION_CONTEXT('2D SPACE',''
  ) );
#3276 = PCURVE('',#3118,#3277);
#3277 = DEFINITIONAL_REPRESENTATION('',(#3278),#3282);
#3278 = CIRCLE('',#3279,17.100450811975);
#3279 = AXIS2_PLACEMENT_2D('',#3280,#3281);
#3280 = CARTESIAN_POINT('',(18.344685869933,-2.035067239648E-04));
#3281 = DIRECTION('',(0.108042445672,-0.994146281959));
#3282 = ( GEOMETRIC_REPRESENTATION_CONTEXT(2) 
PARAMETRIC_REPRESENTATION_CONTEXT() REPRESENTATION_CONTEXT('2D SPACE',''
  ) );
#3283 = ADVANCED_FACE('',(#3284),#3250,.F.);
#3284 = FACE_BOUND('',#3285,.F.);
#3285 = EDGE_LOOP('',(#3286,#3287,#3310,#3333));
#3286 = ORIENTED_EDGE('',*,*,#3234,.T.);
#3287 = ORIENTED_EDGE('',*,*,#3288,.T.);
#3288 = EDGE_CURVE('',#3211,#3289,#3291,.T.);
#3289 = VERTEX_POINT('',#3290);
#3290 = CARTESIAN_POINT('',(-13.,-22.,-150.));
#3291 = SURFACE_CURVE('',#3292,(#3296,#3303),.PCURVE_S1.);
#3292 = LINE('',#3293,#3294);
#3293 = CARTESIAN_POINT('',(-13.,-16.999941556,-195.9999938967));
#3294 = VECTOR('',#3295,1.);
#3295 = DIRECTION('',(-0.,-0.108060443272,0.99414432584));
#3296 = PCURVE('',#3250,#3297);
#3297 = DEFINITIONAL_REPRESENTATION('',(#3298),#3302);
#3298 = LINE('',#3299,#3300);
#3299 = CARTESIAN_POINT('',(0.,-13.));
#3300 = VECTOR('',#3301,1.);
#3301 = DIRECTION('',(1.,0.));
#3302 = ( GEOMETRIC_REPRESENTATION_CONTEXT(2) 
PARAMETRIC_REPRESENTATION_CONTEXT() REPRESENTATION_CONTEXT('2D SPACE',''
  ) );
#3303 = PCURVE('',#3064,#3304);
#3304 = DEFINITIONAL_REPRESENTATION('',(#3305),#3309);
#3305 = LINE('',#3306,#3307);
#3306 = CARTESIAN_POINT('',(20.192254294465,17.000146751122));
#3307 = VECTOR('',#3308,1.);
#3308 = DIRECTION('',(-0.99414432584,0.108060443272));
#3309 = ( GEOMETRIC_REPRESENTATION_CONTEXT(2) 
PARAMETRIC_REPRESENTATION_CONTEXT() REPRESENTATION_CONTEXT('2D SPACE',''
  ) );
#3310 = ORIENTED_EDGE('',*,*,#3311,.F.);
#3311 = EDGE_CURVE('',#3312,#3289,#3314,.T.);
#3312 = VERTEX_POINT('',#3313);
#3313 = CARTESIAN_POINT('',(0.,-22.,-150.));
#3314 = SURFACE_CURVE('',#3315,(#3319,#3326),.PCURVE_S1.);
#3315 = LINE('',#3316,#3317);
#3316 = CARTESIAN_POINT('',(0.,-22.,-150.));
#3317 = VECTOR('',#3318,1.);
#3318 = DIRECTION('',(-1.,-0.,-0.));
#3319 = PCURVE('',#3250,#3320);
#3320 = DEFINITIONAL_REPRESENTATION('',(#3321),#3325);
#3321 = LINE('',#3322,#3323);
#3322 = CARTESIAN_POINT('',(46.270941452943,0.));
#3323 = VECTOR('',#3324,1.);
#3324 = DIRECTION('',(0.,-1.));
#3325 = ( GEOMETRIC_REPRESENTATION_CONTEXT(2) 
PARAMETRIC_REPRESENTATION_CONTEXT() REPRESENTATION_CONTEXT('2D SPACE',''
  ) );
#3326 = PCURVE('',#3036,#3327);
#3327 = DEFINITIONAL_REPRESENTATION('',(#3328),#3332);
#3328 = LINE('',#3329,#3330);
#3329 = CARTESIAN_POINT('',(0.,0.));
#3330 = VECTOR('',#3331,1.);
#3331 = DIRECTION('',(0.,-1.));
#3332 = ( GEOMETRIC_REPRESENTATION_CONTEXT(2) 
PARAMETRIC_REPRESENTATION_CONTEXT() REPRESENTATION_CONTEXT('2D SPACE',''
  ) );
#3333 = ORIENTED_EDGE('',*,*,#3334,.F.);
#3334 = EDGE_CURVE('',#3235,#3312,#3335,.T.);
#3335 = SURFACE_CURVE('',#3336,(#3340,#3347),.PCURVE_S1.);
#3336 = LINE('',#3337,#3338);
#3337 = CARTESIAN_POINT('',(0.,-16.999941556,-195.9999938967));
#3338 = VECTOR('',#3339,1.);
#3339 = DIRECTION('',(-0.,-0.108060443272,0.99414432584));
#3340 = PCURVE('',#3250,#3341);
#3341 = DEFINITIONAL_REPRESENTATION('',(#3342),#3346);
#3342 = LINE('',#3343,#3344);
#3343 = CARTESIAN_POINT('',(0.,0.));
#3344 = VECTOR('',#3345,1.);
#3345 = DIRECTION('',(1.,0.));
#3346 = ( GEOMETRIC_REPRESENTATION_CONTEXT(2) 
PARAMETRIC_REPRESENTATION_CONTEXT() REPRESENTATION_CONTEXT('2D SPACE',''
  ) );
#3347 = PCURVE('',#3118,#3348);
#3348 = DEFINITIONAL_REPRESENTATION('',(#3349),#3353);
#3349 = LINE('',#3350,#3351);
#3350 = CARTESIAN_POINT('',(20.192254294465,17.000146751122));
#3351 = VECTOR('',#3352,1.);
#3352 = DIRECTION('',(-0.99414432584,0.108060443272));
#3353 = ( GEOMETRIC_REPRESENTATION_CONTEXT(2) 
PARAMETRIC_REPRESENTATION_CONTEXT() REPRESENTATION_CONTEXT('2D SPACE',''
  ) );
#3354 = ADVANCED_FACE('',(#3355),#3036,.F.);
#3355 = FACE_BOUND('',#3356,.F.);
#3356 = EDGE_LOOP('',(#3357,#3358,#3379,#3380));
#3357 = ORIENTED_EDGE('',*,*,#3311,.T.);
#3358 = ORIENTED_EDGE('',*,*,#3359,.T.);
#3359 = EDGE_CURVE('',#3289,#3016,#3360,.T.);
#3360 = SURFACE_CURVE('',#3361,(#3365,#3372),.PCURVE_S1.);
#3361 = LINE('',#3362,#3363);
#3362 = CARTESIAN_POINT('',(-13.,-22.,-150.));
#3363 = VECTOR('',#3364,1.);
#3364 = DIRECTION('',(0.,0.999999999991,4.126999394246E-06));
#3365 = PCURVE('',#3036,#3366);
#3366 = DEFINITIONAL_REPRESENTATION('',(#3367),#3371);
#3367 = LINE('',#3368,#3369);
#3368 = CARTESIAN_POINT('',(0.,-13.));
#3369 = VECTOR('',#3370,1.);
#3370 = DIRECTION('',(1.,0.));
#3371 = ( GEOMETRIC_REPRESENTATION_CONTEXT(2) 
PARAMETRIC_REPRESENTATION_CONTEXT() REPRESENTATION_CONTEXT('2D SPACE',''
  ) );
#3372 = PCURVE('',#3064,#3373);
#3373 = DEFINITIONAL_REPRESENTATION('',(#3374),#3378);
#3374 = LINE('',#3375,#3376);
#3375 = CARTESIAN_POINT('',(-25.80773960225,22.000205195123));
#3376 = VECTOR('',#3377,1.);
#3377 = DIRECTION('',(-4.126999394246E-06,-0.999999999991));
#3378 = ( GEOMETRIC_REPRESENTATION_CONTEXT(2) 
PARAMETRIC_REPRESENTATION_CONTEXT() REPRESENTATION_CONTEXT('2D SPACE',''
  ) );
#3379 = ORIENTED_EDGE('',*,*,#3013,.F.);
#3380 = ORIENTED_EDGE('',*,*,#3381,.F.);
#3381 = EDGE_CURVE('',#3312,#3014,#3382,.T.);
#3382 = SURFACE_CURVE('',#3383,(#3387,#3394),.PCURVE_S1.);
#3383 = LINE('',#3384,#3385);
#3384 = CARTESIAN_POINT('',(0.,-22.,-150.));
#3385 = VECTOR('',#3386,1.);
#3386 = DIRECTION('',(0.,0.999999999991,4.126999394246E-06));
#3387 = PCURVE('',#3036,#3388);
#3388 = DEFINITIONAL_REPRESENTATION('',(#3389),#3393);
#3389 = LINE('',#3390,#3391);
#3390 = CARTESIAN_POINT('',(0.,0.));
#3391 = VECTOR('',#3392,1.);
#3392 = DIRECTION('',(1.,0.));
#3393 = ( GEOMETRIC_REPRESENTATION_CONTEXT(2) 
PARAMETRIC_REPRESENTATION_CONTEXT() REPRESENTATION_CONTEXT('2D SPACE',''
  ) );
#3394 = PCURVE('',#3118,#3395);
#3395 = DEFINITIONAL_REPRESENTATION('',(#3396),#3400);
#3396 = LINE('',#3397,#3398);
#3397 = CARTESIAN_POINT('',(-25.80773960225,22.000205195123));
#3398 = VECTOR('',#3399,1.);
#3399 = DIRECTION('',(-4.126999394246E-06,-0.999999999991));
#3400 = ( GEOMETRIC_REPRESENTATION_CONTEXT(2) 
PARAMETRIC_REPRESENTATION_CONTEXT() REPRESENTATION_CONTEXT('2D SPACE',''
  ) );
#3401 = ADVANCED_FACE('',(#3402),#3118,.F.);
#3402 = FACE_BOUND('',#3403,.F.);
#3403 = EDGE_LOOP('',(#3404,#3405,#3406,#3407,#3408));
#3404 = ORIENTED_EDGE('',*,*,#3104,.T.);
#3405 = ORIENTED_EDGE('',*,*,#3185,.T.);
#3406 = ORIENTED_EDGE('',*,*,#3262,.T.);
#3407 = ORIENTED_EDGE('',*,*,#3334,.T.);
#3408 = ORIENTED_EDGE('',*,*,#3381,.T.);
#3409 = ADVANCED_FACE('',(#3410),#3064,.T.);
#3410 = FACE_BOUND('',#3411,.T.);
#3411 = EDGE_LOOP('',(#3412,#3413,#3414,#3415,#3416));
#3412 = ORIENTED_EDGE('',*,*,#3048,.T.);
#3413 = ORIENTED_EDGE('',*,*,#3134,.T.);
#3414 = ORIENTED_EDGE('',*,*,#3210,.T.);
#3415 = ORIENTED_EDGE('',*,*,#3288,.T.);
#3416 = ORIENTED_EDGE('',*,*,#3359,.T.);
#3417 = ( GEOMETRIC_REPRESENTATION_CONTEXT(3) 
GLOBAL_UNCERTAINTY_ASSIGNED_CONTEXT((#3421)) 
GLOBAL_UNIT_ASSIGNED_CONTEXT((#3418,#3419,#3420)) REPRESENTATION_CONTEXT
('Context #1','3D Context with UNIT and UNCERTAINTY') );
#3418 = ( LENGTH_UNIT() NAMED_UNIT(*) SI_UNIT(.MILLI.,.METRE.) );
#3419 = ( NAMED_UNIT(*) PLANE_ANGLE_UNIT() SI_UNIT($,.RADIAN.) );
#3420 = ( NAMED_UNIT(*) SI_UNIT($,.STERADIAN.) SOLID_ANGLE_UNIT() );
#3421 = UNCERTAINTY_MEASURE_WITH_UNIT(LENGTH_MEASURE(1.E-07),#3418,
  'distance_accuracy_value','confusion accuracy');
#3422 = PRODUCT_RELATED_PRODUCT_CATEGORY('part',$,(#7));
ENDSEC;
END-ISO-10303-21;
