ISO-10303-21;
HEADER;
FILE_DESCRIPTION(('Open CASCADE Model'),'2;1');
FILE_NAME('Open CASCADE Shape Model','2025-08-06T14:38:19',('Author'),(
    'Open CASCADE'),'Open CASCADE STEP processor 7.7','Open CASCADE 7.7'
  ,'Unknown');
FILE_SCHEMA(('AUTOMOTIVE_DESIGN { 1 0 10303 214 1 1 1 1 }'));
ENDSEC;
DATA;
#1 = APPLICATION_PROTOCOL_DEFINITION('international standard',
  'automotive_design',2000,#2);
#2 = APPLICATION_CONTEXT(
  'core data for automotive mechanical design processes');
#3 = SHAPE_DEFINITION_REPRESENTATION(#4,#10);
#4 = PRODUCT_DEFINITION_SHAPE('','',#5);
#5 = PRODUCT_DEFINITION('design','',#6,#9);
#6 = PRODUCT_DEFINITION_FORMATION('','',#7);
#7 = PRODUCT('substep_5.2','substep_5.2','',(#8));
#8 = PRODUCT_CONTEXT('',#2,'mechanical');
#9 = PRODUCT_DEFINITION_CONTEXT('part definition',#2,'design');
#10 = SHAPE_REPRESENTATION('',(#11,#15,#3057,#3155,#3641),#4051);
#11 = AXIS2_PLACEMENT_3D('',#12,#13,#14);
#12 = CARTESIAN_POINT('',(0.,0.,0.));
#13 = DIRECTION('',(0.,0.,1.));
#14 = DIRECTION('',(1.,0.,-0.));
#15 = MANIFOLD_SOLID_BREP('PartBody',#16);
#16 = CLOSED_SHELL('',(#17,#363,#439,#488,#537,#586,#635,#851,#900,#1082
    ,#1158,#1207,#1256,#1283,#1294,#1353,#1408,#1463,#1522,#1581,#1631,
    #2829,#2879,#2929,#2979,#2986,#2993,#3018,#3043,#3050));
#17 = ADVANCED_FACE('',(#18,#249),#32,.F.);
#18 = FACE_BOUND('',#19,.F.);
#19 = EDGE_LOOP('',(#20,#55,#83,#111,#139,#167,#195,#223));
#20 = ORIENTED_EDGE('',*,*,#21,.F.);
#21 = EDGE_CURVE('',#22,#24,#26,.T.);
#22 = VERTEX_POINT('',#23);
#23 = CARTESIAN_POINT('',(-100.,-25.,150.));
#24 = VERTEX_POINT('',#25);
#25 = CARTESIAN_POINT('',(-100.,-3.725,150.));
#26 = SURFACE_CURVE('',#27,(#31,#43),.PCURVE_S1.);
#27 = LINE('',#28,#29);
#28 = CARTESIAN_POINT('',(-100.,-25.,150.));
#29 = VECTOR('',#30,1.);
#30 = DIRECTION('',(0.,1.,0.));
#31 = PCURVE('',#32,#37);
#32 = PLANE('',#33);
#33 = AXIS2_PLACEMENT_3D('',#34,#35,#36);
#34 = CARTESIAN_POINT('',(-100.,-25.,-150.));
#35 = DIRECTION('',(1.,0.,0.));
#36 = DIRECTION('',(0.,0.,1.));
#37 = DEFINITIONAL_REPRESENTATION('',(#38),#42);
#38 = LINE('',#39,#40);
#39 = CARTESIAN_POINT('',(300.,0.));
#40 = VECTOR('',#41,1.);
#41 = DIRECTION('',(0.,-1.));
#42 = ( GEOMETRIC_REPRESENTATION_CONTEXT(2) 
PARAMETRIC_REPRESENTATION_CONTEXT() REPRESENTATION_CONTEXT('2D SPACE',''
  ) );
#43 = PCURVE('',#44,#49);
#44 = PLANE('',#45);
#45 = AXIS2_PLACEMENT_3D('',#46,#47,#48);
#46 = CARTESIAN_POINT('',(-100.,-25.,150.));
#47 = DIRECTION('',(0.,0.,1.));
#48 = DIRECTION('',(1.,0.,0.));
#49 = DEFINITIONAL_REPRESENTATION('',(#50),#54);
#50 = LINE('',#51,#52);
#51 = CARTESIAN_POINT('',(0.,0.));
#52 = VECTOR('',#53,1.);
#53 = DIRECTION('',(0.,1.));
#54 = ( GEOMETRIC_REPRESENTATION_CONTEXT(2) 
PARAMETRIC_REPRESENTATION_CONTEXT() REPRESENTATION_CONTEXT('2D SPACE',''
  ) );
#55 = ORIENTED_EDGE('',*,*,#56,.F.);
#56 = EDGE_CURVE('',#57,#22,#59,.T.);
#57 = VERTEX_POINT('',#58);
#58 = CARTESIAN_POINT('',(-100.,-25.,-150.));
#59 = SURFACE_CURVE('',#60,(#64,#71),.PCURVE_S1.);
#60 = LINE('',#61,#62);
#61 = CARTESIAN_POINT('',(-100.,-25.,-150.));
#62 = VECTOR('',#63,1.);
#63 = DIRECTION('',(0.,0.,1.));
#64 = PCURVE('',#32,#65);
#65 = DEFINITIONAL_REPRESENTATION('',(#66),#70);
#66 = LINE('',#67,#68);
#67 = CARTESIAN_POINT('',(0.,0.));
#68 = VECTOR('',#69,1.);
#69 = DIRECTION('',(1.,0.));
#70 = ( GEOMETRIC_REPRESENTATION_CONTEXT(2) 
PARAMETRIC_REPRESENTATION_CONTEXT() REPRESENTATION_CONTEXT('2D SPACE',''
  ) );
#71 = PCURVE('',#72,#77);
#72 = PLANE('',#73);
#73 = AXIS2_PLACEMENT_3D('',#74,#75,#76);
#74 = CARTESIAN_POINT('',(-100.,-25.,-150.));
#75 = DIRECTION('',(0.,1.,0.));
#76 = DIRECTION('',(0.,0.,1.));
#77 = DEFINITIONAL_REPRESENTATION('',(#78),#82);
#78 = LINE('',#79,#80);
#79 = CARTESIAN_POINT('',(0.,0.));
#80 = VECTOR('',#81,1.);
#81 = DIRECTION('',(1.,0.));
#82 = ( GEOMETRIC_REPRESENTATION_CONTEXT(2) 
PARAMETRIC_REPRESENTATION_CONTEXT() REPRESENTATION_CONTEXT('2D SPACE',''
  ) );
#83 = ORIENTED_EDGE('',*,*,#84,.T.);
#84 = EDGE_CURVE('',#57,#85,#87,.T.);
#85 = VERTEX_POINT('',#86);
#86 = CARTESIAN_POINT('',(-100.,25.,-150.));
#87 = SURFACE_CURVE('',#88,(#92,#99),.PCURVE_S1.);
#88 = LINE('',#89,#90);
#89 = CARTESIAN_POINT('',(-100.,-25.,-150.));
#90 = VECTOR('',#91,1.);
#91 = DIRECTION('',(0.,1.,0.));
#92 = PCURVE('',#32,#93);
#93 = DEFINITIONAL_REPRESENTATION('',(#94),#98);
#94 = LINE('',#95,#96);
#95 = CARTESIAN_POINT('',(0.,0.));
#96 = VECTOR('',#97,1.);
#97 = DIRECTION('',(0.,-1.));
#98 = ( GEOMETRIC_REPRESENTATION_CONTEXT(2) 
PARAMETRIC_REPRESENTATION_CONTEXT() REPRESENTATION_CONTEXT('2D SPACE',''
  ) );
#99 = PCURVE('',#100,#105);
#100 = PLANE('',#101);
#101 = AXIS2_PLACEMENT_3D('',#102,#103,#104);
#102 = CARTESIAN_POINT('',(-100.,-25.,-150.));
#103 = DIRECTION('',(0.,0.,1.));
#104 = DIRECTION('',(1.,0.,0.));
#105 = DEFINITIONAL_REPRESENTATION('',(#106),#110);
#106 = LINE('',#107,#108);
#107 = CARTESIAN_POINT('',(0.,0.));
#108 = VECTOR('',#109,1.);
#109 = DIRECTION('',(0.,1.));
#110 = ( GEOMETRIC_REPRESENTATION_CONTEXT(2) 
PARAMETRIC_REPRESENTATION_CONTEXT() REPRESENTATION_CONTEXT('2D SPACE',''
  ) );
#111 = ORIENTED_EDGE('',*,*,#112,.T.);
#112 = EDGE_CURVE('',#85,#113,#115,.T.);
#113 = VERTEX_POINT('',#114);
#114 = CARTESIAN_POINT('',(-100.,25.,150.));
#115 = SURFACE_CURVE('',#116,(#120,#127),.PCURVE_S1.);
#116 = LINE('',#117,#118);
#117 = CARTESIAN_POINT('',(-100.,25.,-150.));
#118 = VECTOR('',#119,1.);
#119 = DIRECTION('',(0.,0.,1.));
#120 = PCURVE('',#32,#121);
#121 = DEFINITIONAL_REPRESENTATION('',(#122),#126);
#122 = LINE('',#123,#124);
#123 = CARTESIAN_POINT('',(0.,-50.));
#124 = VECTOR('',#125,1.);
#125 = DIRECTION('',(1.,0.));
#126 = ( GEOMETRIC_REPRESENTATION_CONTEXT(2) 
PARAMETRIC_REPRESENTATION_CONTEXT() REPRESENTATION_CONTEXT('2D SPACE',''
  ) );
#127 = PCURVE('',#128,#133);
#128 = PLANE('',#129);
#129 = AXIS2_PLACEMENT_3D('',#130,#131,#132);
#130 = CARTESIAN_POINT('',(-100.,25.,-150.));
#131 = DIRECTION('',(0.,1.,0.));
#132 = DIRECTION('',(0.,0.,1.));
#133 = DEFINITIONAL_REPRESENTATION('',(#134),#138);
#134 = LINE('',#135,#136);
#135 = CARTESIAN_POINT('',(0.,0.));
#136 = VECTOR('',#137,1.);
#137 = DIRECTION('',(1.,0.));
#138 = ( GEOMETRIC_REPRESENTATION_CONTEXT(2) 
PARAMETRIC_REPRESENTATION_CONTEXT() REPRESENTATION_CONTEXT('2D SPACE',''
  ) );
#139 = ORIENTED_EDGE('',*,*,#140,.F.);
#140 = EDGE_CURVE('',#141,#113,#143,.T.);
#141 = VERTEX_POINT('',#142);
#142 = CARTESIAN_POINT('',(-100.,1.,150.));
#143 = SURFACE_CURVE('',#144,(#148,#155),.PCURVE_S1.);
#144 = LINE('',#145,#146);
#145 = CARTESIAN_POINT('',(-100.,-25.,150.));
#146 = VECTOR('',#147,1.);
#147 = DIRECTION('',(0.,1.,0.));
#148 = PCURVE('',#32,#149);
#149 = DEFINITIONAL_REPRESENTATION('',(#150),#154);
#150 = LINE('',#151,#152);
#151 = CARTESIAN_POINT('',(300.,0.));
#152 = VECTOR('',#153,1.);
#153 = DIRECTION('',(0.,-1.));
#154 = ( GEOMETRIC_REPRESENTATION_CONTEXT(2) 
PARAMETRIC_REPRESENTATION_CONTEXT() REPRESENTATION_CONTEXT('2D SPACE',''
  ) );
#155 = PCURVE('',#156,#161);
#156 = PLANE('',#157);
#157 = AXIS2_PLACEMENT_3D('',#158,#159,#160);
#158 = CARTESIAN_POINT('',(-100.,-25.,150.));
#159 = DIRECTION('',(0.,0.,1.));
#160 = DIRECTION('',(1.,0.,0.));
#161 = DEFINITIONAL_REPRESENTATION('',(#162),#166);
#162 = LINE('',#163,#164);
#163 = CARTESIAN_POINT('',(0.,0.));
#164 = VECTOR('',#165,1.);
#165 = DIRECTION('',(0.,1.));
#166 = ( GEOMETRIC_REPRESENTATION_CONTEXT(2) 
PARAMETRIC_REPRESENTATION_CONTEXT() REPRESENTATION_CONTEXT('2D SPACE',''
  ) );
#167 = ORIENTED_EDGE('',*,*,#168,.T.);
#168 = EDGE_CURVE('',#141,#169,#171,.T.);
#169 = VERTEX_POINT('',#170);
#170 = CARTESIAN_POINT('',(-100.,1.,132.));
#171 = SURFACE_CURVE('',#172,(#176,#183),.PCURVE_S1.);
#172 = LINE('',#173,#174);
#173 = CARTESIAN_POINT('',(-100.,1.,150.));
#174 = VECTOR('',#175,1.);
#175 = DIRECTION('',(-0.,-0.,-1.));
#176 = PCURVE('',#32,#177);
#177 = DEFINITIONAL_REPRESENTATION('',(#178),#182);
#178 = LINE('',#179,#180);
#179 = CARTESIAN_POINT('',(300.,-26.));
#180 = VECTOR('',#181,1.);
#181 = DIRECTION('',(-1.,0.));
#182 = ( GEOMETRIC_REPRESENTATION_CONTEXT(2) 
PARAMETRIC_REPRESENTATION_CONTEXT() REPRESENTATION_CONTEXT('2D SPACE',''
  ) );
#183 = PCURVE('',#184,#189);
#184 = PLANE('',#185);
#185 = AXIS2_PLACEMENT_3D('',#186,#187,#188);
#186 = CARTESIAN_POINT('',(100.,1.,150.));
#187 = DIRECTION('',(0.,1.,-0.));
#188 = DIRECTION('',(-1.,0.,0.));
#189 = DEFINITIONAL_REPRESENTATION('',(#190),#194);
#190 = LINE('',#191,#192);
#191 = CARTESIAN_POINT('',(200.,0.));
#192 = VECTOR('',#193,1.);
#193 = DIRECTION('',(0.,-1.));
#194 = ( GEOMETRIC_REPRESENTATION_CONTEXT(2) 
PARAMETRIC_REPRESENTATION_CONTEXT() REPRESENTATION_CONTEXT('2D SPACE',''
  ) );
#195 = ORIENTED_EDGE('',*,*,#196,.T.);
#196 = EDGE_CURVE('',#169,#197,#199,.T.);
#197 = VERTEX_POINT('',#198);
#198 = CARTESIAN_POINT('',(-100.,-3.725,132.));
#199 = SURFACE_CURVE('',#200,(#204,#211),.PCURVE_S1.);
#200 = LINE('',#201,#202);
#201 = CARTESIAN_POINT('',(-100.,1.,132.));
#202 = VECTOR('',#203,1.);
#203 = DIRECTION('',(0.,-1.,0.));
#204 = PCURVE('',#32,#205);
#205 = DEFINITIONAL_REPRESENTATION('',(#206),#210);
#206 = LINE('',#207,#208);
#207 = CARTESIAN_POINT('',(282.,-26.));
#208 = VECTOR('',#209,1.);
#209 = DIRECTION('',(0.,1.));
#210 = ( GEOMETRIC_REPRESENTATION_CONTEXT(2) 
PARAMETRIC_REPRESENTATION_CONTEXT() REPRESENTATION_CONTEXT('2D SPACE',''
  ) );
#211 = PCURVE('',#212,#217);
#212 = PLANE('',#213);
#213 = AXIS2_PLACEMENT_3D('',#214,#215,#216);
#214 = CARTESIAN_POINT('',(2.620142467596,-4.194661515044,132.));
#215 = DIRECTION('',(3.146544895827E-32,7.048394602808E-31,1.));
#216 = DIRECTION('',(0.,1.,-7.048394602808E-31));
#217 = DEFINITIONAL_REPRESENTATION('',(#218),#222);
#218 = LINE('',#219,#220);
#219 = CARTESIAN_POINT('',(5.194661515044,102.62014246759));
#220 = VECTOR('',#221,1.);
#221 = DIRECTION('',(-1.,-2.217809006124E-62));
#222 = ( GEOMETRIC_REPRESENTATION_CONTEXT(2) 
PARAMETRIC_REPRESENTATION_CONTEXT() REPRESENTATION_CONTEXT('2D SPACE',''
  ) );
#223 = ORIENTED_EDGE('',*,*,#224,.F.);
#224 = EDGE_CURVE('',#24,#197,#225,.T.);
#225 = SURFACE_CURVE('',#226,(#230,#237),.PCURVE_S1.);
#226 = LINE('',#227,#228);
#227 = CARTESIAN_POINT('',(-100.,-3.725,150.));
#228 = VECTOR('',#229,1.);
#229 = DIRECTION('',(-0.,-0.,-1.));
#230 = PCURVE('',#32,#231);
#231 = DEFINITIONAL_REPRESENTATION('',(#232),#236);
#232 = LINE('',#233,#234);
#233 = CARTESIAN_POINT('',(300.,-21.275));
#234 = VECTOR('',#235,1.);
#235 = DIRECTION('',(-1.,0.));
#236 = ( GEOMETRIC_REPRESENTATION_CONTEXT(2) 
PARAMETRIC_REPRESENTATION_CONTEXT() REPRESENTATION_CONTEXT('2D SPACE',''
  ) );
#237 = PCURVE('',#238,#243);
#238 = PLANE('',#239);
#239 = AXIS2_PLACEMENT_3D('',#240,#241,#242);
#240 = CARTESIAN_POINT('',(-100.,-3.725,150.));
#241 = DIRECTION('',(-5.504143442645E-02,-0.998484071228,0.));
#242 = DIRECTION('',(0.998484071228,-5.504143442645E-02,0.));
#243 = DEFINITIONAL_REPRESENTATION('',(#244),#248);
#244 = LINE('',#245,#246);
#245 = CARTESIAN_POINT('',(0.,0.));
#246 = VECTOR('',#247,1.);
#247 = DIRECTION('',(0.,-1.));
#248 = ( GEOMETRIC_REPRESENTATION_CONTEXT(2) 
PARAMETRIC_REPRESENTATION_CONTEXT() REPRESENTATION_CONTEXT('2D SPACE',''
  ) );
#249 = FACE_BOUND('',#250,.F.);
#250 = EDGE_LOOP('',(#251,#281,#309,#337));
#251 = ORIENTED_EDGE('',*,*,#252,.T.);
#252 = EDGE_CURVE('',#253,#255,#257,.T.);
#253 = VERTEX_POINT('',#254);
#254 = CARTESIAN_POINT('',(-100.,2.05,118.2));
#255 = VERTEX_POINT('',#256);
#256 = CARTESIAN_POINT('',(-100.,11.05,118.2));
#257 = SURFACE_CURVE('',#258,(#262,#269),.PCURVE_S1.);
#258 = LINE('',#259,#260);
#259 = CARTESIAN_POINT('',(-100.,2.05,118.2));
#260 = VECTOR('',#261,1.);
#261 = DIRECTION('',(0.,1.,6.042030065987E-17));
#262 = PCURVE('',#32,#263);
#263 = DEFINITIONAL_REPRESENTATION('',(#264),#268);
#264 = LINE('',#265,#266);
#265 = CARTESIAN_POINT('',(268.2,-27.05));
#266 = VECTOR('',#267,1.);
#267 = DIRECTION('',(6.042030065987E-17,-1.));
#268 = ( GEOMETRIC_REPRESENTATION_CONTEXT(2) 
PARAMETRIC_REPRESENTATION_CONTEXT() REPRESENTATION_CONTEXT('2D SPACE',''
  ) );
#269 = PCURVE('',#270,#275);
#270 = PLANE('',#271);
#271 = AXIS2_PLACEMENT_3D('',#272,#273,#274);
#272 = CARTESIAN_POINT('',(-100.,2.05,118.2));
#273 = DIRECTION('',(0.,-6.042030065987E-17,1.));
#274 = DIRECTION('',(0.,1.,6.042030065987E-17));
#275 = DEFINITIONAL_REPRESENTATION('',(#276),#280);
#276 = LINE('',#277,#278);
#277 = CARTESIAN_POINT('',(0.,0.));
#278 = VECTOR('',#279,1.);
#279 = DIRECTION('',(1.,0.));
#280 = ( GEOMETRIC_REPRESENTATION_CONTEXT(2) 
PARAMETRIC_REPRESENTATION_CONTEXT() REPRESENTATION_CONTEXT('2D SPACE',''
  ) );
#281 = ORIENTED_EDGE('',*,*,#282,.T.);
#282 = EDGE_CURVE('',#255,#283,#285,.T.);
#283 = VERTEX_POINT('',#284);
#284 = CARTESIAN_POINT('',(-100.,11.05,89.2));
#285 = SURFACE_CURVE('',#286,(#290,#297),.PCURVE_S1.);
#286 = LINE('',#287,#288);
#287 = CARTESIAN_POINT('',(-100.,11.05,118.2));
#288 = VECTOR('',#289,1.);
#289 = DIRECTION('',(0.,6.042030065987E-17,-1.));
#290 = PCURVE('',#32,#291);
#291 = DEFINITIONAL_REPRESENTATION('',(#292),#296);
#292 = LINE('',#293,#294);
#293 = CARTESIAN_POINT('',(268.2,-36.05));
#294 = VECTOR('',#295,1.);
#295 = DIRECTION('',(-1.,-6.042030065987E-17));
#296 = ( GEOMETRIC_REPRESENTATION_CONTEXT(2) 
PARAMETRIC_REPRESENTATION_CONTEXT() REPRESENTATION_CONTEXT('2D SPACE',''
  ) );
#297 = PCURVE('',#298,#303);
#298 = PLANE('',#299);
#299 = AXIS2_PLACEMENT_3D('',#300,#301,#302);
#300 = CARTESIAN_POINT('',(-100.,11.05,118.2));
#301 = DIRECTION('',(-0.,1.,6.042030065987E-17));
#302 = DIRECTION('',(0.,6.042030065987E-17,-1.));
#303 = DEFINITIONAL_REPRESENTATION('',(#304),#308);
#304 = LINE('',#305,#306);
#305 = CARTESIAN_POINT('',(0.,0.));
#306 = VECTOR('',#307,1.);
#307 = DIRECTION('',(1.,0.));
#308 = ( GEOMETRIC_REPRESENTATION_CONTEXT(2) 
PARAMETRIC_REPRESENTATION_CONTEXT() REPRESENTATION_CONTEXT('2D SPACE',''
  ) );
#309 = ORIENTED_EDGE('',*,*,#310,.T.);
#310 = EDGE_CURVE('',#283,#311,#313,.T.);
#311 = VERTEX_POINT('',#312);
#312 = CARTESIAN_POINT('',(-100.,2.05,89.2));
#313 = SURFACE_CURVE('',#314,(#318,#325),.PCURVE_S1.);
#314 = LINE('',#315,#316);
#315 = CARTESIAN_POINT('',(-100.,11.05,89.2));
#316 = VECTOR('',#317,1.);
#317 = DIRECTION('',(0.,-1.,-6.042030065987E-17));
#318 = PCURVE('',#32,#319);
#319 = DEFINITIONAL_REPRESENTATION('',(#320),#324);
#320 = LINE('',#321,#322);
#321 = CARTESIAN_POINT('',(239.2,-36.05));
#322 = VECTOR('',#323,1.);
#323 = DIRECTION('',(-6.042030065987E-17,1.));
#324 = ( GEOMETRIC_REPRESENTATION_CONTEXT(2) 
PARAMETRIC_REPRESENTATION_CONTEXT() REPRESENTATION_CONTEXT('2D SPACE',''
  ) );
#325 = PCURVE('',#326,#331);
#326 = PLANE('',#327);
#327 = AXIS2_PLACEMENT_3D('',#328,#329,#330);
#328 = CARTESIAN_POINT('',(-100.,11.05,89.2));
#329 = DIRECTION('',(0.,6.042030065987E-17,-1.));
#330 = DIRECTION('',(0.,-1.,-6.042030065987E-17));
#331 = DEFINITIONAL_REPRESENTATION('',(#332),#336);
#332 = LINE('',#333,#334);
#333 = CARTESIAN_POINT('',(0.,0.));
#334 = VECTOR('',#335,1.);
#335 = DIRECTION('',(1.,0.));
#336 = ( GEOMETRIC_REPRESENTATION_CONTEXT(2) 
PARAMETRIC_REPRESENTATION_CONTEXT() REPRESENTATION_CONTEXT('2D SPACE',''
  ) );
#337 = ORIENTED_EDGE('',*,*,#338,.T.);
#338 = EDGE_CURVE('',#311,#253,#339,.T.);
#339 = SURFACE_CURVE('',#340,(#344,#351),.PCURVE_S1.);
#340 = LINE('',#341,#342);
#341 = CARTESIAN_POINT('',(-100.,2.05,89.2));
#342 = VECTOR('',#343,1.);
#343 = DIRECTION('',(0.,-6.042030065987E-17,1.));
#344 = PCURVE('',#32,#345);
#345 = DEFINITIONAL_REPRESENTATION('',(#346),#350);
#346 = LINE('',#347,#348);
#347 = CARTESIAN_POINT('',(239.2,-27.05));
#348 = VECTOR('',#349,1.);
#349 = DIRECTION('',(1.,6.042030065987E-17));
#350 = ( GEOMETRIC_REPRESENTATION_CONTEXT(2) 
PARAMETRIC_REPRESENTATION_CONTEXT() REPRESENTATION_CONTEXT('2D SPACE',''
  ) );
#351 = PCURVE('',#352,#357);
#352 = PLANE('',#353);
#353 = AXIS2_PLACEMENT_3D('',#354,#355,#356);
#354 = CARTESIAN_POINT('',(-100.,2.05,89.2));
#355 = DIRECTION('',(0.,-1.,-6.042030065987E-17));
#356 = DIRECTION('',(0.,-6.042030065987E-17,1.));
#357 = DEFINITIONAL_REPRESENTATION('',(#358),#362);
#358 = LINE('',#359,#360);
#359 = CARTESIAN_POINT('',(0.,0.));
#360 = VECTOR('',#361,1.);
#361 = DIRECTION('',(1.,0.));
#362 = ( GEOMETRIC_REPRESENTATION_CONTEXT(2) 
PARAMETRIC_REPRESENTATION_CONTEXT() REPRESENTATION_CONTEXT('2D SPACE',''
  ) );
#363 = ADVANCED_FACE('',(#364),#44,.T.);
#364 = FACE_BOUND('',#365,.T.);
#365 = EDGE_LOOP('',(#366,#367,#390,#418));
#366 = ORIENTED_EDGE('',*,*,#21,.F.);
#367 = ORIENTED_EDGE('',*,*,#368,.T.);
#368 = EDGE_CURVE('',#22,#369,#371,.T.);
#369 = VERTEX_POINT('',#370);
#370 = CARTESIAN_POINT('',(100.,-25.,150.));
#371 = SURFACE_CURVE('',#372,(#376,#383),.PCURVE_S1.);
#372 = LINE('',#373,#374);
#373 = CARTESIAN_POINT('',(-100.,-25.,150.));
#374 = VECTOR('',#375,1.);
#375 = DIRECTION('',(1.,0.,0.));
#376 = PCURVE('',#44,#377);
#377 = DEFINITIONAL_REPRESENTATION('',(#378),#382);
#378 = LINE('',#379,#380);
#379 = CARTESIAN_POINT('',(0.,0.));
#380 = VECTOR('',#381,1.);
#381 = DIRECTION('',(1.,0.));
#382 = ( GEOMETRIC_REPRESENTATION_CONTEXT(2) 
PARAMETRIC_REPRESENTATION_CONTEXT() REPRESENTATION_CONTEXT('2D SPACE',''
  ) );
#383 = PCURVE('',#72,#384);
#384 = DEFINITIONAL_REPRESENTATION('',(#385),#389);
#385 = LINE('',#386,#387);
#386 = CARTESIAN_POINT('',(300.,0.));
#387 = VECTOR('',#388,1.);
#388 = DIRECTION('',(0.,1.));
#389 = ( GEOMETRIC_REPRESENTATION_CONTEXT(2) 
PARAMETRIC_REPRESENTATION_CONTEXT() REPRESENTATION_CONTEXT('2D SPACE',''
  ) );
#390 = ORIENTED_EDGE('',*,*,#391,.T.);
#391 = EDGE_CURVE('',#369,#392,#394,.T.);
#392 = VERTEX_POINT('',#393);
#393 = CARTESIAN_POINT('',(100.,-14.75,150.));
#394 = SURFACE_CURVE('',#395,(#399,#406),.PCURVE_S1.);
#395 = LINE('',#396,#397);
#396 = CARTESIAN_POINT('',(100.,-25.,150.));
#397 = VECTOR('',#398,1.);
#398 = DIRECTION('',(0.,1.,0.));
#399 = PCURVE('',#44,#400);
#400 = DEFINITIONAL_REPRESENTATION('',(#401),#405);
#401 = LINE('',#402,#403);
#402 = CARTESIAN_POINT('',(200.,0.));
#403 = VECTOR('',#404,1.);
#404 = DIRECTION('',(0.,1.));
#405 = ( GEOMETRIC_REPRESENTATION_CONTEXT(2) 
PARAMETRIC_REPRESENTATION_CONTEXT() REPRESENTATION_CONTEXT('2D SPACE',''
  ) );
#406 = PCURVE('',#407,#412);
#407 = PLANE('',#408);
#408 = AXIS2_PLACEMENT_3D('',#409,#410,#411);
#409 = CARTESIAN_POINT('',(100.,-25.,-150.));
#410 = DIRECTION('',(1.,0.,0.));
#411 = DIRECTION('',(0.,0.,1.));
#412 = DEFINITIONAL_REPRESENTATION('',(#413),#417);
#413 = LINE('',#414,#415);
#414 = CARTESIAN_POINT('',(300.,0.));
#415 = VECTOR('',#416,1.);
#416 = DIRECTION('',(0.,-1.));
#417 = ( GEOMETRIC_REPRESENTATION_CONTEXT(2) 
PARAMETRIC_REPRESENTATION_CONTEXT() REPRESENTATION_CONTEXT('2D SPACE',''
  ) );
#418 = ORIENTED_EDGE('',*,*,#419,.F.);
#419 = EDGE_CURVE('',#24,#392,#420,.T.);
#420 = SURFACE_CURVE('',#421,(#425,#432),.PCURVE_S1.);
#421 = LINE('',#422,#423);
#422 = CARTESIAN_POINT('',(-100.,-3.725,150.));
#423 = VECTOR('',#424,1.);
#424 = DIRECTION('',(0.998484071228,-5.504143442645E-02,0.));
#425 = PCURVE('',#44,#426);
#426 = DEFINITIONAL_REPRESENTATION('',(#427),#431);
#427 = LINE('',#428,#429);
#428 = CARTESIAN_POINT('',(0.,21.275));
#429 = VECTOR('',#430,1.);
#430 = DIRECTION('',(0.998484071228,-5.504143442645E-02));
#431 = ( GEOMETRIC_REPRESENTATION_CONTEXT(2) 
PARAMETRIC_REPRESENTATION_CONTEXT() REPRESENTATION_CONTEXT('2D SPACE',''
  ) );
#432 = PCURVE('',#238,#433);
#433 = DEFINITIONAL_REPRESENTATION('',(#434),#438);
#434 = LINE('',#435,#436);
#435 = CARTESIAN_POINT('',(0.,0.));
#436 = VECTOR('',#437,1.);
#437 = DIRECTION('',(1.,0.));
#438 = ( GEOMETRIC_REPRESENTATION_CONTEXT(2) 
PARAMETRIC_REPRESENTATION_CONTEXT() REPRESENTATION_CONTEXT('2D SPACE',''
  ) );
#439 = ADVANCED_FACE('',(#440),#238,.F.);
#440 = FACE_BOUND('',#441,.F.);
#441 = EDGE_LOOP('',(#442,#443,#466,#487));
#442 = ORIENTED_EDGE('',*,*,#224,.T.);
#443 = ORIENTED_EDGE('',*,*,#444,.T.);
#444 = EDGE_CURVE('',#197,#445,#447,.T.);
#445 = VERTEX_POINT('',#446);
#446 = CARTESIAN_POINT('',(100.,-14.75,132.));
#447 = SURFACE_CURVE('',#448,(#452,#459),.PCURVE_S1.);
#448 = LINE('',#449,#450);
#449 = CARTESIAN_POINT('',(-100.,-3.725,132.));
#450 = VECTOR('',#451,1.);
#451 = DIRECTION('',(0.998484071228,-5.504143442645E-02,0.));
#452 = PCURVE('',#238,#453);
#453 = DEFINITIONAL_REPRESENTATION('',(#454),#458);
#454 = LINE('',#455,#456);
#455 = CARTESIAN_POINT('',(0.,-18.));
#456 = VECTOR('',#457,1.);
#457 = DIRECTION('',(1.,0.));
#458 = ( GEOMETRIC_REPRESENTATION_CONTEXT(2) 
PARAMETRIC_REPRESENTATION_CONTEXT() REPRESENTATION_CONTEXT('2D SPACE',''
  ) );
#459 = PCURVE('',#212,#460);
#460 = DEFINITIONAL_REPRESENTATION('',(#461),#465);
#461 = LINE('',#462,#463);
#462 = CARTESIAN_POINT('',(0.469661515044,102.62014246759));
#463 = VECTOR('',#464,1.);
#464 = DIRECTION('',(-5.504143442645E-02,-0.998484071228));
#465 = ( GEOMETRIC_REPRESENTATION_CONTEXT(2) 
PARAMETRIC_REPRESENTATION_CONTEXT() REPRESENTATION_CONTEXT('2D SPACE',''
  ) );
#466 = ORIENTED_EDGE('',*,*,#467,.F.);
#467 = EDGE_CURVE('',#392,#445,#468,.T.);
#468 = SURFACE_CURVE('',#469,(#473,#480),.PCURVE_S1.);
#469 = LINE('',#470,#471);
#470 = CARTESIAN_POINT('',(100.,-14.75,150.));
#471 = VECTOR('',#472,1.);
#472 = DIRECTION('',(-0.,-0.,-1.));
#473 = PCURVE('',#238,#474);
#474 = DEFINITIONAL_REPRESENTATION('',(#475),#479);
#475 = LINE('',#476,#477);
#476 = CARTESIAN_POINT('',(200.30364606017,0.));
#477 = VECTOR('',#478,1.);
#478 = DIRECTION('',(0.,-1.));
#479 = ( GEOMETRIC_REPRESENTATION_CONTEXT(2) 
PARAMETRIC_REPRESENTATION_CONTEXT() REPRESENTATION_CONTEXT('2D SPACE',''
  ) );
#480 = PCURVE('',#407,#481);
#481 = DEFINITIONAL_REPRESENTATION('',(#482),#486);
#482 = LINE('',#483,#484);
#483 = CARTESIAN_POINT('',(300.,-10.25));
#484 = VECTOR('',#485,1.);
#485 = DIRECTION('',(-1.,0.));
#486 = ( GEOMETRIC_REPRESENTATION_CONTEXT(2) 
PARAMETRIC_REPRESENTATION_CONTEXT() REPRESENTATION_CONTEXT('2D SPACE',''
  ) );
#487 = ORIENTED_EDGE('',*,*,#419,.F.);
#488 = ADVANCED_FACE('',(#489),#212,.T.);
#489 = FACE_BOUND('',#490,.T.);
#490 = EDGE_LOOP('',(#491,#514,#515,#516));
#491 = ORIENTED_EDGE('',*,*,#492,.T.);
#492 = EDGE_CURVE('',#493,#169,#495,.T.);
#493 = VERTEX_POINT('',#494);
#494 = CARTESIAN_POINT('',(100.,1.,132.));
#495 = SURFACE_CURVE('',#496,(#500,#507),.PCURVE_S1.);
#496 = LINE('',#497,#498);
#497 = CARTESIAN_POINT('',(100.,1.,132.));
#498 = VECTOR('',#499,1.);
#499 = DIRECTION('',(-1.,0.,0.));
#500 = PCURVE('',#212,#501);
#501 = DEFINITIONAL_REPRESENTATION('',(#502),#506);
#502 = LINE('',#503,#504);
#503 = CARTESIAN_POINT('',(5.194661515044,-97.3798575324));
#504 = VECTOR('',#505,1.);
#505 = DIRECTION('',(0.,1.));
#506 = ( GEOMETRIC_REPRESENTATION_CONTEXT(2) 
PARAMETRIC_REPRESENTATION_CONTEXT() REPRESENTATION_CONTEXT('2D SPACE',''
  ) );
#507 = PCURVE('',#184,#508);
#508 = DEFINITIONAL_REPRESENTATION('',(#509),#513);
#509 = LINE('',#510,#511);
#510 = CARTESIAN_POINT('',(0.,-18.));
#511 = VECTOR('',#512,1.);
#512 = DIRECTION('',(1.,0.));
#513 = ( GEOMETRIC_REPRESENTATION_CONTEXT(2) 
PARAMETRIC_REPRESENTATION_CONTEXT() REPRESENTATION_CONTEXT('2D SPACE',''
  ) );
#514 = ORIENTED_EDGE('',*,*,#196,.T.);
#515 = ORIENTED_EDGE('',*,*,#444,.T.);
#516 = ORIENTED_EDGE('',*,*,#517,.T.);
#517 = EDGE_CURVE('',#445,#493,#518,.T.);
#518 = SURFACE_CURVE('',#519,(#523,#530),.PCURVE_S1.);
#519 = LINE('',#520,#521);
#520 = CARTESIAN_POINT('',(100.,-14.75,132.));
#521 = VECTOR('',#522,1.);
#522 = DIRECTION('',(0.,1.,0.));
#523 = PCURVE('',#212,#524);
#524 = DEFINITIONAL_REPRESENTATION('',(#525),#529);
#525 = LINE('',#526,#527);
#526 = CARTESIAN_POINT('',(-10.55533848495,-97.3798575324));
#527 = VECTOR('',#528,1.);
#528 = DIRECTION('',(1.,2.217809006124E-62));
#529 = ( GEOMETRIC_REPRESENTATION_CONTEXT(2) 
PARAMETRIC_REPRESENTATION_CONTEXT() REPRESENTATION_CONTEXT('2D SPACE',''
  ) );
#530 = PCURVE('',#407,#531);
#531 = DEFINITIONAL_REPRESENTATION('',(#532),#536);
#532 = LINE('',#533,#534);
#533 = CARTESIAN_POINT('',(282.,-10.25));
#534 = VECTOR('',#535,1.);
#535 = DIRECTION('',(0.,-1.));
#536 = ( GEOMETRIC_REPRESENTATION_CONTEXT(2) 
PARAMETRIC_REPRESENTATION_CONTEXT() REPRESENTATION_CONTEXT('2D SPACE',''
  ) );
#537 = ADVANCED_FACE('',(#538),#184,.F.);
#538 = FACE_BOUND('',#539,.F.);
#539 = EDGE_LOOP('',(#540,#563,#564,#565));
#540 = ORIENTED_EDGE('',*,*,#541,.T.);
#541 = EDGE_CURVE('',#542,#493,#544,.T.);
#542 = VERTEX_POINT('',#543);
#543 = CARTESIAN_POINT('',(100.,1.,150.));
#544 = SURFACE_CURVE('',#545,(#549,#556),.PCURVE_S1.);
#545 = LINE('',#546,#547);
#546 = CARTESIAN_POINT('',(100.,1.,150.));
#547 = VECTOR('',#548,1.);
#548 = DIRECTION('',(-0.,-0.,-1.));
#549 = PCURVE('',#184,#550);
#550 = DEFINITIONAL_REPRESENTATION('',(#551),#555);
#551 = LINE('',#552,#553);
#552 = CARTESIAN_POINT('',(0.,0.));
#553 = VECTOR('',#554,1.);
#554 = DIRECTION('',(0.,-1.));
#555 = ( GEOMETRIC_REPRESENTATION_CONTEXT(2) 
PARAMETRIC_REPRESENTATION_CONTEXT() REPRESENTATION_CONTEXT('2D SPACE',''
  ) );
#556 = PCURVE('',#407,#557);
#557 = DEFINITIONAL_REPRESENTATION('',(#558),#562);
#558 = LINE('',#559,#560);
#559 = CARTESIAN_POINT('',(300.,-26.));
#560 = VECTOR('',#561,1.);
#561 = DIRECTION('',(-1.,0.));
#562 = ( GEOMETRIC_REPRESENTATION_CONTEXT(2) 
PARAMETRIC_REPRESENTATION_CONTEXT() REPRESENTATION_CONTEXT('2D SPACE',''
  ) );
#563 = ORIENTED_EDGE('',*,*,#492,.T.);
#564 = ORIENTED_EDGE('',*,*,#168,.F.);
#565 = ORIENTED_EDGE('',*,*,#566,.F.);
#566 = EDGE_CURVE('',#542,#141,#567,.T.);
#567 = SURFACE_CURVE('',#568,(#572,#579),.PCURVE_S1.);
#568 = LINE('',#569,#570);
#569 = CARTESIAN_POINT('',(100.,1.,150.));
#570 = VECTOR('',#571,1.);
#571 = DIRECTION('',(-1.,0.,0.));
#572 = PCURVE('',#184,#573);
#573 = DEFINITIONAL_REPRESENTATION('',(#574),#578);
#574 = LINE('',#575,#576);
#575 = CARTESIAN_POINT('',(0.,0.));
#576 = VECTOR('',#577,1.);
#577 = DIRECTION('',(1.,0.));
#578 = ( GEOMETRIC_REPRESENTATION_CONTEXT(2) 
PARAMETRIC_REPRESENTATION_CONTEXT() REPRESENTATION_CONTEXT('2D SPACE',''
  ) );
#579 = PCURVE('',#156,#580);
#580 = DEFINITIONAL_REPRESENTATION('',(#581),#585);
#581 = LINE('',#582,#583);
#582 = CARTESIAN_POINT('',(200.,26.));
#583 = VECTOR('',#584,1.);
#584 = DIRECTION('',(-1.,0.));
#585 = ( GEOMETRIC_REPRESENTATION_CONTEXT(2) 
PARAMETRIC_REPRESENTATION_CONTEXT() REPRESENTATION_CONTEXT('2D SPACE',''
  ) );
#586 = ADVANCED_FACE('',(#587),#156,.T.);
#587 = FACE_BOUND('',#588,.T.);
#588 = EDGE_LOOP('',(#589,#590,#591,#614));
#589 = ORIENTED_EDGE('',*,*,#140,.F.);
#590 = ORIENTED_EDGE('',*,*,#566,.F.);
#591 = ORIENTED_EDGE('',*,*,#592,.T.);
#592 = EDGE_CURVE('',#542,#593,#595,.T.);
#593 = VERTEX_POINT('',#594);
#594 = CARTESIAN_POINT('',(100.,25.,150.));
#595 = SURFACE_CURVE('',#596,(#600,#607),.PCURVE_S1.);
#596 = LINE('',#597,#598);
#597 = CARTESIAN_POINT('',(100.,-25.,150.));
#598 = VECTOR('',#599,1.);
#599 = DIRECTION('',(0.,1.,0.));
#600 = PCURVE('',#156,#601);
#601 = DEFINITIONAL_REPRESENTATION('',(#602),#606);
#602 = LINE('',#603,#604);
#603 = CARTESIAN_POINT('',(200.,0.));
#604 = VECTOR('',#605,1.);
#605 = DIRECTION('',(0.,1.));
#606 = ( GEOMETRIC_REPRESENTATION_CONTEXT(2) 
PARAMETRIC_REPRESENTATION_CONTEXT() REPRESENTATION_CONTEXT('2D SPACE',''
  ) );
#607 = PCURVE('',#407,#608);
#608 = DEFINITIONAL_REPRESENTATION('',(#609),#613);
#609 = LINE('',#610,#611);
#610 = CARTESIAN_POINT('',(300.,0.));
#611 = VECTOR('',#612,1.);
#612 = DIRECTION('',(0.,-1.));
#613 = ( GEOMETRIC_REPRESENTATION_CONTEXT(2) 
PARAMETRIC_REPRESENTATION_CONTEXT() REPRESENTATION_CONTEXT('2D SPACE',''
  ) );
#614 = ORIENTED_EDGE('',*,*,#615,.F.);
#615 = EDGE_CURVE('',#113,#593,#616,.T.);
#616 = SURFACE_CURVE('',#617,(#621,#628),.PCURVE_S1.);
#617 = LINE('',#618,#619);
#618 = CARTESIAN_POINT('',(-100.,25.,150.));
#619 = VECTOR('',#620,1.);
#620 = DIRECTION('',(1.,0.,0.));
#621 = PCURVE('',#156,#622);
#622 = DEFINITIONAL_REPRESENTATION('',(#623),#627);
#623 = LINE('',#624,#625);
#624 = CARTESIAN_POINT('',(0.,50.));
#625 = VECTOR('',#626,1.);
#626 = DIRECTION('',(1.,0.));
#627 = ( GEOMETRIC_REPRESENTATION_CONTEXT(2) 
PARAMETRIC_REPRESENTATION_CONTEXT() REPRESENTATION_CONTEXT('2D SPACE',''
  ) );
#628 = PCURVE('',#128,#629);
#629 = DEFINITIONAL_REPRESENTATION('',(#630),#634);
#630 = LINE('',#631,#632);
#631 = CARTESIAN_POINT('',(300.,0.));
#632 = VECTOR('',#633,1.);
#633 = DIRECTION('',(0.,1.));
#634 = ( GEOMETRIC_REPRESENTATION_CONTEXT(2) 
PARAMETRIC_REPRESENTATION_CONTEXT() REPRESENTATION_CONTEXT('2D SPACE',''
  ) );
#635 = ADVANCED_FACE('',(#636,#684,#719,#750,#781,#816),#128,.T.);
#636 = FACE_BOUND('',#637,.T.);
#637 = EDGE_LOOP('',(#638,#661,#662,#663));
#638 = ORIENTED_EDGE('',*,*,#639,.F.);
#639 = EDGE_CURVE('',#85,#640,#642,.T.);
#640 = VERTEX_POINT('',#641);
#641 = CARTESIAN_POINT('',(100.,25.,-150.));
#642 = SURFACE_CURVE('',#643,(#647,#654),.PCURVE_S1.);
#643 = LINE('',#644,#645);
#644 = CARTESIAN_POINT('',(-100.,25.,-150.));
#645 = VECTOR('',#646,1.);
#646 = DIRECTION('',(1.,0.,0.));
#647 = PCURVE('',#128,#648);
#648 = DEFINITIONAL_REPRESENTATION('',(#649),#653);
#649 = LINE('',#650,#651);
#650 = CARTESIAN_POINT('',(0.,0.));
#651 = VECTOR('',#652,1.);
#652 = DIRECTION('',(0.,1.));
#653 = ( GEOMETRIC_REPRESENTATION_CONTEXT(2) 
PARAMETRIC_REPRESENTATION_CONTEXT() REPRESENTATION_CONTEXT('2D SPACE',''
  ) );
#654 = PCURVE('',#100,#655);
#655 = DEFINITIONAL_REPRESENTATION('',(#656),#660);
#656 = LINE('',#657,#658);
#657 = CARTESIAN_POINT('',(0.,50.));
#658 = VECTOR('',#659,1.);
#659 = DIRECTION('',(1.,0.));
#660 = ( GEOMETRIC_REPRESENTATION_CONTEXT(2) 
PARAMETRIC_REPRESENTATION_CONTEXT() REPRESENTATION_CONTEXT('2D SPACE',''
  ) );
#661 = ORIENTED_EDGE('',*,*,#112,.T.);
#662 = ORIENTED_EDGE('',*,*,#615,.T.);
#663 = ORIENTED_EDGE('',*,*,#664,.F.);
#664 = EDGE_CURVE('',#640,#593,#665,.T.);
#665 = SURFACE_CURVE('',#666,(#670,#677),.PCURVE_S1.);
#666 = LINE('',#667,#668);
#667 = CARTESIAN_POINT('',(100.,25.,-150.));
#668 = VECTOR('',#669,1.);
#669 = DIRECTION('',(0.,0.,1.));
#670 = PCURVE('',#128,#671);
#671 = DEFINITIONAL_REPRESENTATION('',(#672),#676);
#672 = LINE('',#673,#674);
#673 = CARTESIAN_POINT('',(0.,200.));
#674 = VECTOR('',#675,1.);
#675 = DIRECTION('',(1.,0.));
#676 = ( GEOMETRIC_REPRESENTATION_CONTEXT(2) 
PARAMETRIC_REPRESENTATION_CONTEXT() REPRESENTATION_CONTEXT('2D SPACE',''
  ) );
#677 = PCURVE('',#407,#678);
#678 = DEFINITIONAL_REPRESENTATION('',(#679),#683);
#679 = LINE('',#680,#681);
#680 = CARTESIAN_POINT('',(0.,-50.));
#681 = VECTOR('',#682,1.);
#682 = DIRECTION('',(1.,0.));
#683 = ( GEOMETRIC_REPRESENTATION_CONTEXT(2) 
PARAMETRIC_REPRESENTATION_CONTEXT() REPRESENTATION_CONTEXT('2D SPACE',''
  ) );
#684 = FACE_BOUND('',#685,.T.);
#685 = EDGE_LOOP('',(#686));
#686 = ORIENTED_EDGE('',*,*,#687,.T.);
#687 = EDGE_CURVE('',#688,#688,#690,.T.);
#688 = VERTEX_POINT('',#689);
#689 = CARTESIAN_POINT('',(-50.,25.,80.));
#690 = SURFACE_CURVE('',#691,(#696,#707),.PCURVE_S1.);
#691 = CIRCLE('',#692,5.);
#692 = AXIS2_PLACEMENT_3D('',#693,#694,#695);
#693 = CARTESIAN_POINT('',(-50.,25.,75.));
#694 = DIRECTION('',(0.,-1.,0.));
#695 = DIRECTION('',(0.,0.,1.));
#696 = PCURVE('',#128,#697);
#697 = DEFINITIONAL_REPRESENTATION('',(#698),#706);
#698 = ( BOUNDED_CURVE() B_SPLINE_CURVE(2,(#699,#700,#701,#702,#703,#704
,#705),.UNSPECIFIED.,.T.,.F.) B_SPLINE_CURVE_WITH_KNOTS((1,2,2,2,2,1),(
    -2.094395102393,0.,2.094395102393,4.188790204786,6.28318530718,
8.377580409573),.UNSPECIFIED.) CURVE() GEOMETRIC_REPRESENTATION_ITEM() 
RATIONAL_B_SPLINE_CURVE((1.,0.5,1.,0.5,1.,0.5,1.)) REPRESENTATION_ITEM(
  '') );
#699 = CARTESIAN_POINT('',(230.,50.));
#700 = CARTESIAN_POINT('',(230.,41.339745962156));
#701 = CARTESIAN_POINT('',(222.5,45.669872981078));
#702 = CARTESIAN_POINT('',(215.,50.));
#703 = CARTESIAN_POINT('',(222.5,54.330127018922));
#704 = CARTESIAN_POINT('',(230.,58.660254037844));
#705 = CARTESIAN_POINT('',(230.,50.));
#706 = ( GEOMETRIC_REPRESENTATION_CONTEXT(2) 
PARAMETRIC_REPRESENTATION_CONTEXT() REPRESENTATION_CONTEXT('2D SPACE',''
  ) );
#707 = PCURVE('',#708,#713);
#708 = CYLINDRICAL_SURFACE('',#709,5.);
#709 = AXIS2_PLACEMENT_3D('',#710,#711,#712);
#710 = CARTESIAN_POINT('',(-50.,-22.75,75.));
#711 = DIRECTION('',(-0.,-1.,-0.));
#712 = DIRECTION('',(0.,0.,1.));
#713 = DEFINITIONAL_REPRESENTATION('',(#714),#718);
#714 = LINE('',#715,#716);
#715 = CARTESIAN_POINT('',(-6.28318530718,-47.75));
#716 = VECTOR('',#717,1.);
#717 = DIRECTION('',(1.,-0.));
#718 = ( GEOMETRIC_REPRESENTATION_CONTEXT(2) 
PARAMETRIC_REPRESENTATION_CONTEXT() REPRESENTATION_CONTEXT('2D SPACE',''
  ) );
#719 = FACE_BOUND('',#720,.T.);
#720 = EDGE_LOOP('',(#721));
#721 = ORIENTED_EDGE('',*,*,#722,.F.);
#722 = EDGE_CURVE('',#723,#723,#725,.T.);
#723 = VERTEX_POINT('',#724);
#724 = CARTESIAN_POINT('',(-33.33333333333,25.,58.));
#725 = SURFACE_CURVE('',#726,(#731,#738),.PCURVE_S1.);
#726 = CIRCLE('',#727,8.);
#727 = AXIS2_PLACEMENT_3D('',#728,#729,#730);
#728 = CARTESIAN_POINT('',(-33.33333333333,25.,50.));
#729 = DIRECTION('',(0.,1.,0.));
#730 = DIRECTION('',(0.,0.,1.));
#731 = PCURVE('',#128,#732);
#732 = DEFINITIONAL_REPRESENTATION('',(#733),#737);
#733 = CIRCLE('',#734,8.);
#734 = AXIS2_PLACEMENT_2D('',#735,#736);
#735 = CARTESIAN_POINT('',(200.,66.666666666667));
#736 = DIRECTION('',(1.,0.));
#737 = ( GEOMETRIC_REPRESENTATION_CONTEXT(2) 
PARAMETRIC_REPRESENTATION_CONTEXT() REPRESENTATION_CONTEXT('2D SPACE',''
  ) );
#738 = PCURVE('',#739,#744);
#739 = CYLINDRICAL_SURFACE('',#740,8.);
#740 = AXIS2_PLACEMENT_3D('',#741,#742,#743);
#741 = CARTESIAN_POINT('',(-33.33333333333,25.,50.));
#742 = DIRECTION('',(0.,1.,0.));
#743 = DIRECTION('',(0.,0.,1.));
#744 = DEFINITIONAL_REPRESENTATION('',(#745),#749);
#745 = LINE('',#746,#747);
#746 = CARTESIAN_POINT('',(0.,0.));
#747 = VECTOR('',#748,1.);
#748 = DIRECTION('',(1.,0.));
#749 = ( GEOMETRIC_REPRESENTATION_CONTEXT(2) 
PARAMETRIC_REPRESENTATION_CONTEXT() REPRESENTATION_CONTEXT('2D SPACE',''
  ) );
#750 = FACE_BOUND('',#751,.T.);
#751 = EDGE_LOOP('',(#752));
#752 = ORIENTED_EDGE('',*,*,#753,.F.);
#753 = EDGE_CURVE('',#754,#754,#756,.T.);
#754 = VERTEX_POINT('',#755);
#755 = CARTESIAN_POINT('',(33.333333333333,25.,-42.));
#756 = SURFACE_CURVE('',#757,(#762,#769),.PCURVE_S1.);
#757 = CIRCLE('',#758,8.);
#758 = AXIS2_PLACEMENT_3D('',#759,#760,#761);
#759 = CARTESIAN_POINT('',(33.333333333333,25.,-50.));
#760 = DIRECTION('',(0.,1.,0.));
#761 = DIRECTION('',(0.,0.,1.));
#762 = PCURVE('',#128,#763);
#763 = DEFINITIONAL_REPRESENTATION('',(#764),#768);
#764 = CIRCLE('',#765,8.);
#765 = AXIS2_PLACEMENT_2D('',#766,#767);
#766 = CARTESIAN_POINT('',(100.,133.33333333333));
#767 = DIRECTION('',(1.,0.));
#768 = ( GEOMETRIC_REPRESENTATION_CONTEXT(2) 
PARAMETRIC_REPRESENTATION_CONTEXT() REPRESENTATION_CONTEXT('2D SPACE',''
  ) );
#769 = PCURVE('',#770,#775);
#770 = CYLINDRICAL_SURFACE('',#771,8.);
#771 = AXIS2_PLACEMENT_3D('',#772,#773,#774);
#772 = CARTESIAN_POINT('',(33.333333333333,25.,-50.));
#773 = DIRECTION('',(0.,1.,0.));
#774 = DIRECTION('',(0.,0.,1.));
#775 = DEFINITIONAL_REPRESENTATION('',(#776),#780);
#776 = LINE('',#777,#778);
#777 = CARTESIAN_POINT('',(0.,0.));
#778 = VECTOR('',#779,1.);
#779 = DIRECTION('',(1.,0.));
#780 = ( GEOMETRIC_REPRESENTATION_CONTEXT(2) 
PARAMETRIC_REPRESENTATION_CONTEXT() REPRESENTATION_CONTEXT('2D SPACE',''
  ) );
#781 = FACE_BOUND('',#782,.T.);
#782 = EDGE_LOOP('',(#783));
#783 = ORIENTED_EDGE('',*,*,#784,.T.);
#784 = EDGE_CURVE('',#785,#785,#787,.T.);
#785 = VERTEX_POINT('',#786);
#786 = CARTESIAN_POINT('',(50.,25.,-70.));
#787 = SURFACE_CURVE('',#788,(#793,#804),.PCURVE_S1.);
#788 = CIRCLE('',#789,5.);
#789 = AXIS2_PLACEMENT_3D('',#790,#791,#792);
#790 = CARTESIAN_POINT('',(50.,25.,-75.));
#791 = DIRECTION('',(0.,-1.,0.));
#792 = DIRECTION('',(0.,0.,1.));
#793 = PCURVE('',#128,#794);
#794 = DEFINITIONAL_REPRESENTATION('',(#795),#803);
#795 = ( BOUNDED_CURVE() B_SPLINE_CURVE(2,(#796,#797,#798,#799,#800,#801
,#802),.UNSPECIFIED.,.T.,.F.) B_SPLINE_CURVE_WITH_KNOTS((1,2,2,2,2,1),(
    -2.094395102393,0.,2.094395102393,4.188790204786,6.28318530718,
8.377580409573),.UNSPECIFIED.) CURVE() GEOMETRIC_REPRESENTATION_ITEM() 
RATIONAL_B_SPLINE_CURVE((1.,0.5,1.,0.5,1.,0.5,1.)) REPRESENTATION_ITEM(
  '') );
#796 = CARTESIAN_POINT('',(80.,150.));
#797 = CARTESIAN_POINT('',(80.,141.33974596215));
#798 = CARTESIAN_POINT('',(72.5,145.66987298107));
#799 = CARTESIAN_POINT('',(65.,150.));
#800 = CARTESIAN_POINT('',(72.5,154.33012701892));
#801 = CARTESIAN_POINT('',(80.,158.66025403784));
#802 = CARTESIAN_POINT('',(80.,150.));
#803 = ( GEOMETRIC_REPRESENTATION_CONTEXT(2) 
PARAMETRIC_REPRESENTATION_CONTEXT() REPRESENTATION_CONTEXT('2D SPACE',''
  ) );
#804 = PCURVE('',#805,#810);
#805 = CYLINDRICAL_SURFACE('',#806,5.);
#806 = AXIS2_PLACEMENT_3D('',#807,#808,#809);
#807 = CARTESIAN_POINT('',(50.,-22.75,-75.));
#808 = DIRECTION('',(-0.,-1.,-0.));
#809 = DIRECTION('',(0.,0.,1.));
#810 = DEFINITIONAL_REPRESENTATION('',(#811),#815);
#811 = LINE('',#812,#813);
#812 = CARTESIAN_POINT('',(-6.28318530718,-47.75));
#813 = VECTOR('',#814,1.);
#814 = DIRECTION('',(1.,-0.));
#815 = ( GEOMETRIC_REPRESENTATION_CONTEXT(2) 
PARAMETRIC_REPRESENTATION_CONTEXT() REPRESENTATION_CONTEXT('2D SPACE',''
  ) );
#816 = FACE_BOUND('',#817,.T.);
#817 = EDGE_LOOP('',(#818));
#818 = ORIENTED_EDGE('',*,*,#819,.T.);
#819 = EDGE_CURVE('',#820,#820,#822,.T.);
#820 = VERTEX_POINT('',#821);
#821 = CARTESIAN_POINT('',(0.,25.,5.));
#822 = SURFACE_CURVE('',#823,(#828,#839),.PCURVE_S1.);
#823 = CIRCLE('',#824,5.);
#824 = AXIS2_PLACEMENT_3D('',#825,#826,#827);
#825 = CARTESIAN_POINT('',(0.,25.,0.));
#826 = DIRECTION('',(0.,-1.,0.));
#827 = DIRECTION('',(0.,0.,1.));
#828 = PCURVE('',#128,#829);
#829 = DEFINITIONAL_REPRESENTATION('',(#830),#838);
#830 = ( BOUNDED_CURVE() B_SPLINE_CURVE(2,(#831,#832,#833,#834,#835,#836
,#837),.UNSPECIFIED.,.T.,.F.) B_SPLINE_CURVE_WITH_KNOTS((1,2,2,2,2,1),(
    -2.094395102393,0.,2.094395102393,4.188790204786,6.28318530718,
8.377580409573),.UNSPECIFIED.) CURVE() GEOMETRIC_REPRESENTATION_ITEM() 
RATIONAL_B_SPLINE_CURVE((1.,0.5,1.,0.5,1.,0.5,1.)) REPRESENTATION_ITEM(
  '') );
#831 = CARTESIAN_POINT('',(155.,100.));
#832 = CARTESIAN_POINT('',(155.,91.339745962156));
#833 = CARTESIAN_POINT('',(147.5,95.669872981078));
#834 = CARTESIAN_POINT('',(140.,100.));
#835 = CARTESIAN_POINT('',(147.5,104.33012701892));
#836 = CARTESIAN_POINT('',(155.,108.66025403784));
#837 = CARTESIAN_POINT('',(155.,100.));
#838 = ( GEOMETRIC_REPRESENTATION_CONTEXT(2) 
PARAMETRIC_REPRESENTATION_CONTEXT() REPRESENTATION_CONTEXT('2D SPACE',''
  ) );
#839 = PCURVE('',#840,#845);
#840 = CYLINDRICAL_SURFACE('',#841,5.);
#841 = AXIS2_PLACEMENT_3D('',#842,#843,#844);
#842 = CARTESIAN_POINT('',(0.,-22.75,0.));
#843 = DIRECTION('',(-0.,-1.,-0.));
#844 = DIRECTION('',(0.,0.,1.));
#845 = DEFINITIONAL_REPRESENTATION('',(#846),#850);
#846 = LINE('',#847,#848);
#847 = CARTESIAN_POINT('',(-6.28318530718,-47.75));
#848 = VECTOR('',#849,1.);
#849 = DIRECTION('',(1.,-0.));
#850 = ( GEOMETRIC_REPRESENTATION_CONTEXT(2) 
PARAMETRIC_REPRESENTATION_CONTEXT() REPRESENTATION_CONTEXT('2D SPACE',''
  ) );
#851 = ADVANCED_FACE('',(#852),#100,.F.);
#852 = FACE_BOUND('',#853,.F.);
#853 = EDGE_LOOP('',(#854,#855,#878,#899));
#854 = ORIENTED_EDGE('',*,*,#84,.F.);
#855 = ORIENTED_EDGE('',*,*,#856,.T.);
#856 = EDGE_CURVE('',#57,#857,#859,.T.);
#857 = VERTEX_POINT('',#858);
#858 = CARTESIAN_POINT('',(100.,-25.,-150.));
#859 = SURFACE_CURVE('',#860,(#864,#871),.PCURVE_S1.);
#860 = LINE('',#861,#862);
#861 = CARTESIAN_POINT('',(-100.,-25.,-150.));
#862 = VECTOR('',#863,1.);
#863 = DIRECTION('',(1.,0.,0.));
#864 = PCURVE('',#100,#865);
#865 = DEFINITIONAL_REPRESENTATION('',(#866),#870);
#866 = LINE('',#867,#868);
#867 = CARTESIAN_POINT('',(0.,0.));
#868 = VECTOR('',#869,1.);
#869 = DIRECTION('',(1.,0.));
#870 = ( GEOMETRIC_REPRESENTATION_CONTEXT(2) 
PARAMETRIC_REPRESENTATION_CONTEXT() REPRESENTATION_CONTEXT('2D SPACE',''
  ) );
#871 = PCURVE('',#72,#872);
#872 = DEFINITIONAL_REPRESENTATION('',(#873),#877);
#873 = LINE('',#874,#875);
#874 = CARTESIAN_POINT('',(0.,0.));
#875 = VECTOR('',#876,1.);
#876 = DIRECTION('',(0.,1.));
#877 = ( GEOMETRIC_REPRESENTATION_CONTEXT(2) 
PARAMETRIC_REPRESENTATION_CONTEXT() REPRESENTATION_CONTEXT('2D SPACE',''
  ) );
#878 = ORIENTED_EDGE('',*,*,#879,.T.);
#879 = EDGE_CURVE('',#857,#640,#880,.T.);
#880 = SURFACE_CURVE('',#881,(#885,#892),.PCURVE_S1.);
#881 = LINE('',#882,#883);
#882 = CARTESIAN_POINT('',(100.,-25.,-150.));
#883 = VECTOR('',#884,1.);
#884 = DIRECTION('',(0.,1.,0.));
#885 = PCURVE('',#100,#886);
#886 = DEFINITIONAL_REPRESENTATION('',(#887),#891);
#887 = LINE('',#888,#889);
#888 = CARTESIAN_POINT('',(200.,0.));
#889 = VECTOR('',#890,1.);
#890 = DIRECTION('',(0.,1.));
#891 = ( GEOMETRIC_REPRESENTATION_CONTEXT(2) 
PARAMETRIC_REPRESENTATION_CONTEXT() REPRESENTATION_CONTEXT('2D SPACE',''
  ) );
#892 = PCURVE('',#407,#893);
#893 = DEFINITIONAL_REPRESENTATION('',(#894),#898);
#894 = LINE('',#895,#896);
#895 = CARTESIAN_POINT('',(0.,0.));
#896 = VECTOR('',#897,1.);
#897 = DIRECTION('',(0.,-1.));
#898 = ( GEOMETRIC_REPRESENTATION_CONTEXT(2) 
PARAMETRIC_REPRESENTATION_CONTEXT() REPRESENTATION_CONTEXT('2D SPACE',''
  ) );
#899 = ORIENTED_EDGE('',*,*,#639,.F.);
#900 = ADVANCED_FACE('',(#901,#927,#958,#989,#1020,#1051),#72,.F.);
#901 = FACE_BOUND('',#902,.F.);
#902 = EDGE_LOOP('',(#903,#904,#905,#906));
#903 = ORIENTED_EDGE('',*,*,#856,.F.);
#904 = ORIENTED_EDGE('',*,*,#56,.T.);
#905 = ORIENTED_EDGE('',*,*,#368,.T.);
#906 = ORIENTED_EDGE('',*,*,#907,.F.);
#907 = EDGE_CURVE('',#857,#369,#908,.T.);
#908 = SURFACE_CURVE('',#909,(#913,#920),.PCURVE_S1.);
#909 = LINE('',#910,#911);
#910 = CARTESIAN_POINT('',(100.,-25.,-150.));
#911 = VECTOR('',#912,1.);
#912 = DIRECTION('',(0.,0.,1.));
#913 = PCURVE('',#72,#914);
#914 = DEFINITIONAL_REPRESENTATION('',(#915),#919);
#915 = LINE('',#916,#917);
#916 = CARTESIAN_POINT('',(0.,200.));
#917 = VECTOR('',#918,1.);
#918 = DIRECTION('',(1.,0.));
#919 = ( GEOMETRIC_REPRESENTATION_CONTEXT(2) 
PARAMETRIC_REPRESENTATION_CONTEXT() REPRESENTATION_CONTEXT('2D SPACE',''
  ) );
#920 = PCURVE('',#407,#921);
#921 = DEFINITIONAL_REPRESENTATION('',(#922),#926);
#922 = LINE('',#923,#924);
#923 = CARTESIAN_POINT('',(0.,0.));
#924 = VECTOR('',#925,1.);
#925 = DIRECTION('',(1.,0.));
#926 = ( GEOMETRIC_REPRESENTATION_CONTEXT(2) 
PARAMETRIC_REPRESENTATION_CONTEXT() REPRESENTATION_CONTEXT('2D SPACE',''
  ) );
#927 = FACE_BOUND('',#928,.F.);
#928 = EDGE_LOOP('',(#929));
#929 = ORIENTED_EDGE('',*,*,#930,.F.);
#930 = EDGE_CURVE('',#931,#931,#933,.T.);
#931 = VERTEX_POINT('',#932);
#932 = CARTESIAN_POINT('',(-50.,-25.,83.));
#933 = SURFACE_CURVE('',#934,(#939,#946),.PCURVE_S1.);
#934 = CIRCLE('',#935,8.);
#935 = AXIS2_PLACEMENT_3D('',#936,#937,#938);
#936 = CARTESIAN_POINT('',(-50.,-25.,75.));
#937 = DIRECTION('',(0.,1.,0.));
#938 = DIRECTION('',(0.,0.,1.));
#939 = PCURVE('',#72,#940);
#940 = DEFINITIONAL_REPRESENTATION('',(#941),#945);
#941 = CIRCLE('',#942,8.);
#942 = AXIS2_PLACEMENT_2D('',#943,#944);
#943 = CARTESIAN_POINT('',(225.,50.));
#944 = DIRECTION('',(1.,0.));
#945 = ( GEOMETRIC_REPRESENTATION_CONTEXT(2) 
PARAMETRIC_REPRESENTATION_CONTEXT() REPRESENTATION_CONTEXT('2D SPACE',''
  ) );
#946 = PCURVE('',#947,#952);
#947 = CYLINDRICAL_SURFACE('',#948,8.);
#948 = AXIS2_PLACEMENT_3D('',#949,#950,#951);
#949 = CARTESIAN_POINT('',(-50.,-25.,75.));
#950 = DIRECTION('',(-0.,-1.,-0.));
#951 = DIRECTION('',(0.,0.,1.));
#952 = DEFINITIONAL_REPRESENTATION('',(#953),#957);
#953 = LINE('',#954,#955);
#954 = CARTESIAN_POINT('',(-0.,0.));
#955 = VECTOR('',#956,1.);
#956 = DIRECTION('',(-1.,0.));
#957 = ( GEOMETRIC_REPRESENTATION_CONTEXT(2) 
PARAMETRIC_REPRESENTATION_CONTEXT() REPRESENTATION_CONTEXT('2D SPACE',''
  ) );
#958 = FACE_BOUND('',#959,.F.);
#959 = EDGE_LOOP('',(#960));
#960 = ORIENTED_EDGE('',*,*,#961,.F.);
#961 = EDGE_CURVE('',#962,#962,#964,.T.);
#962 = VERTEX_POINT('',#963);
#963 = CARTESIAN_POINT('',(-33.33333333333,-25.,55.));
#964 = SURFACE_CURVE('',#965,(#970,#977),.PCURVE_S1.);
#965 = CIRCLE('',#966,5.);
#966 = AXIS2_PLACEMENT_3D('',#967,#968,#969);
#967 = CARTESIAN_POINT('',(-33.33333333333,-25.,50.));
#968 = DIRECTION('',(0.,1.,0.));
#969 = DIRECTION('',(0.,-0.,1.));
#970 = PCURVE('',#72,#971);
#971 = DEFINITIONAL_REPRESENTATION('',(#972),#976);
#972 = CIRCLE('',#973,5.);
#973 = AXIS2_PLACEMENT_2D('',#974,#975);
#974 = CARTESIAN_POINT('',(200.,66.666666666667));
#975 = DIRECTION('',(1.,0.));
#976 = ( GEOMETRIC_REPRESENTATION_CONTEXT(2) 
PARAMETRIC_REPRESENTATION_CONTEXT() REPRESENTATION_CONTEXT('2D SPACE',''
  ) );
#977 = PCURVE('',#978,#983);
#978 = CYLINDRICAL_SURFACE('',#979,5.);
#979 = AXIS2_PLACEMENT_3D('',#980,#981,#982);
#980 = CARTESIAN_POINT('',(-33.33333333333,23.39218452154,50.));
#981 = DIRECTION('',(0.,1.,0.));
#982 = DIRECTION('',(0.,0.,1.));
#983 = DEFINITIONAL_REPRESENTATION('',(#984),#988);
#984 = LINE('',#985,#986);
#985 = CARTESIAN_POINT('',(0.,-48.39218452154));
#986 = VECTOR('',#987,1.);
#987 = DIRECTION('',(1.,0.));
#988 = ( GEOMETRIC_REPRESENTATION_CONTEXT(2) 
PARAMETRIC_REPRESENTATION_CONTEXT() REPRESENTATION_CONTEXT('2D SPACE',''
  ) );
#989 = FACE_BOUND('',#990,.F.);
#990 = EDGE_LOOP('',(#991));
#991 = ORIENTED_EDGE('',*,*,#992,.F.);
#992 = EDGE_CURVE('',#993,#993,#995,.T.);
#993 = VERTEX_POINT('',#994);
#994 = CARTESIAN_POINT('',(33.333333333333,-25.,-45.));
#995 = SURFACE_CURVE('',#996,(#1001,#1008),.PCURVE_S1.);
#996 = CIRCLE('',#997,5.);
#997 = AXIS2_PLACEMENT_3D('',#998,#999,#1000);
#998 = CARTESIAN_POINT('',(33.333333333333,-25.,-50.));
#999 = DIRECTION('',(0.,1.,0.));
#1000 = DIRECTION('',(0.,-0.,1.));
#1001 = PCURVE('',#72,#1002);
#1002 = DEFINITIONAL_REPRESENTATION('',(#1003),#1007);
#1003 = CIRCLE('',#1004,5.);
#1004 = AXIS2_PLACEMENT_2D('',#1005,#1006);
#1005 = CARTESIAN_POINT('',(100.,133.33333333333));
#1006 = DIRECTION('',(1.,0.));
#1007 = ( GEOMETRIC_REPRESENTATION_CONTEXT(2) 
PARAMETRIC_REPRESENTATION_CONTEXT() REPRESENTATION_CONTEXT('2D SPACE',''
  ) );
#1008 = PCURVE('',#1009,#1014);
#1009 = CYLINDRICAL_SURFACE('',#1010,5.);
#1010 = AXIS2_PLACEMENT_3D('',#1011,#1012,#1013);
#1011 = CARTESIAN_POINT('',(33.333333333333,23.39218452154,-50.));
#1012 = DIRECTION('',(0.,1.,0.));
#1013 = DIRECTION('',(0.,0.,1.));
#1014 = DEFINITIONAL_REPRESENTATION('',(#1015),#1019);
#1015 = LINE('',#1016,#1017);
#1016 = CARTESIAN_POINT('',(0.,-48.39218452154));
#1017 = VECTOR('',#1018,1.);
#1018 = DIRECTION('',(1.,0.));
#1019 = ( GEOMETRIC_REPRESENTATION_CONTEXT(2) 
PARAMETRIC_REPRESENTATION_CONTEXT() REPRESENTATION_CONTEXT('2D SPACE',''
  ) );
#1020 = FACE_BOUND('',#1021,.F.);
#1021 = EDGE_LOOP('',(#1022));
#1022 = ORIENTED_EDGE('',*,*,#1023,.F.);
#1023 = EDGE_CURVE('',#1024,#1024,#1026,.T.);
#1024 = VERTEX_POINT('',#1025);
#1025 = CARTESIAN_POINT('',(50.,-25.,-67.));
#1026 = SURFACE_CURVE('',#1027,(#1032,#1039),.PCURVE_S1.);
#1027 = CIRCLE('',#1028,8.);
#1028 = AXIS2_PLACEMENT_3D('',#1029,#1030,#1031);
#1029 = CARTESIAN_POINT('',(50.,-25.,-75.));
#1030 = DIRECTION('',(0.,1.,0.));
#1031 = DIRECTION('',(0.,0.,1.));
#1032 = PCURVE('',#72,#1033);
#1033 = DEFINITIONAL_REPRESENTATION('',(#1034),#1038);
#1034 = CIRCLE('',#1035,8.);
#1035 = AXIS2_PLACEMENT_2D('',#1036,#1037);
#1036 = CARTESIAN_POINT('',(75.,150.));
#1037 = DIRECTION('',(1.,0.));
#1038 = ( GEOMETRIC_REPRESENTATION_CONTEXT(2) 
PARAMETRIC_REPRESENTATION_CONTEXT() REPRESENTATION_CONTEXT('2D SPACE',''
  ) );
#1039 = PCURVE('',#1040,#1045);
#1040 = CYLINDRICAL_SURFACE('',#1041,8.);
#1041 = AXIS2_PLACEMENT_3D('',#1042,#1043,#1044);
#1042 = CARTESIAN_POINT('',(50.,-25.,-75.));
#1043 = DIRECTION('',(-0.,-1.,-0.));
#1044 = DIRECTION('',(0.,0.,1.));
#1045 = DEFINITIONAL_REPRESENTATION('',(#1046),#1050);
#1046 = LINE('',#1047,#1048);
#1047 = CARTESIAN_POINT('',(-0.,0.));
#1048 = VECTOR('',#1049,1.);
#1049 = DIRECTION('',(-1.,0.));
#1050 = ( GEOMETRIC_REPRESENTATION_CONTEXT(2) 
PARAMETRIC_REPRESENTATION_CONTEXT() REPRESENTATION_CONTEXT('2D SPACE',''
  ) );
#1051 = FACE_BOUND('',#1052,.F.);
#1052 = EDGE_LOOP('',(#1053));
#1053 = ORIENTED_EDGE('',*,*,#1054,.F.);
#1054 = EDGE_CURVE('',#1055,#1055,#1057,.T.);
#1055 = VERTEX_POINT('',#1056);
#1056 = CARTESIAN_POINT('',(0.,-25.,8.));
#1057 = SURFACE_CURVE('',#1058,(#1063,#1070),.PCURVE_S1.);
#1058 = CIRCLE('',#1059,8.);
#1059 = AXIS2_PLACEMENT_3D('',#1060,#1061,#1062);
#1060 = CARTESIAN_POINT('',(0.,-25.,0.));
#1061 = DIRECTION('',(0.,1.,0.));
#1062 = DIRECTION('',(0.,0.,1.));
#1063 = PCURVE('',#72,#1064);
#1064 = DEFINITIONAL_REPRESENTATION('',(#1065),#1069);
#1065 = CIRCLE('',#1066,8.);
#1066 = AXIS2_PLACEMENT_2D('',#1067,#1068);
#1067 = CARTESIAN_POINT('',(150.,100.));
#1068 = DIRECTION('',(1.,0.));
#1069 = ( GEOMETRIC_REPRESENTATION_CONTEXT(2) 
PARAMETRIC_REPRESENTATION_CONTEXT() REPRESENTATION_CONTEXT('2D SPACE',''
  ) );
#1070 = PCURVE('',#1071,#1076);
#1071 = CYLINDRICAL_SURFACE('',#1072,8.);
#1072 = AXIS2_PLACEMENT_3D('',#1073,#1074,#1075);
#1073 = CARTESIAN_POINT('',(0.,-25.,0.));
#1074 = DIRECTION('',(-0.,-1.,-0.));
#1075 = DIRECTION('',(0.,0.,1.));
#1076 = DEFINITIONAL_REPRESENTATION('',(#1077),#1081);
#1077 = LINE('',#1078,#1079);
#1078 = CARTESIAN_POINT('',(-0.,0.));
#1079 = VECTOR('',#1080,1.);
#1080 = DIRECTION('',(-1.,0.));
#1081 = ( GEOMETRIC_REPRESENTATION_CONTEXT(2) 
PARAMETRIC_REPRESENTATION_CONTEXT() REPRESENTATION_CONTEXT('2D SPACE',''
  ) );
#1082 = ADVANCED_FACE('',(#1083),#270,.F.);
#1083 = FACE_BOUND('',#1084,.F.);
#1084 = EDGE_LOOP('',(#1085,#1108,#1136,#1157));
#1085 = ORIENTED_EDGE('',*,*,#1086,.T.);
#1086 = EDGE_CURVE('',#253,#1087,#1089,.T.);
#1087 = VERTEX_POINT('',#1088);
#1088 = CARTESIAN_POINT('',(-92.,2.05,118.2));
#1089 = SURFACE_CURVE('',#1090,(#1094,#1101),.PCURVE_S1.);
#1090 = LINE('',#1091,#1092);
#1091 = CARTESIAN_POINT('',(-100.,2.05,118.2));
#1092 = VECTOR('',#1093,1.);
#1093 = DIRECTION('',(1.,0.,0.));
#1094 = PCURVE('',#270,#1095);
#1095 = DEFINITIONAL_REPRESENTATION('',(#1096),#1100);
#1096 = LINE('',#1097,#1098);
#1097 = CARTESIAN_POINT('',(0.,0.));
#1098 = VECTOR('',#1099,1.);
#1099 = DIRECTION('',(0.,-1.));
#1100 = ( GEOMETRIC_REPRESENTATION_CONTEXT(2) 
PARAMETRIC_REPRESENTATION_CONTEXT() REPRESENTATION_CONTEXT('2D SPACE',''
  ) );
#1101 = PCURVE('',#352,#1102);
#1102 = DEFINITIONAL_REPRESENTATION('',(#1103),#1107);
#1103 = LINE('',#1104,#1105);
#1104 = CARTESIAN_POINT('',(29.,0.));
#1105 = VECTOR('',#1106,1.);
#1106 = DIRECTION('',(0.,-1.));
#1107 = ( GEOMETRIC_REPRESENTATION_CONTEXT(2) 
PARAMETRIC_REPRESENTATION_CONTEXT() REPRESENTATION_CONTEXT('2D SPACE',''
  ) );
#1108 = ORIENTED_EDGE('',*,*,#1109,.T.);
#1109 = EDGE_CURVE('',#1087,#1110,#1112,.T.);
#1110 = VERTEX_POINT('',#1111);
#1111 = CARTESIAN_POINT('',(-92.,11.05,118.2));
#1112 = SURFACE_CURVE('',#1113,(#1117,#1124),.PCURVE_S1.);
#1113 = LINE('',#1114,#1115);
#1114 = CARTESIAN_POINT('',(-92.,2.05,118.2));
#1115 = VECTOR('',#1116,1.);
#1116 = DIRECTION('',(0.,1.,6.042030065987E-17));
#1117 = PCURVE('',#270,#1118);
#1118 = DEFINITIONAL_REPRESENTATION('',(#1119),#1123);
#1119 = LINE('',#1120,#1121);
#1120 = CARTESIAN_POINT('',(0.,-8.));
#1121 = VECTOR('',#1122,1.);
#1122 = DIRECTION('',(1.,0.));
#1123 = ( GEOMETRIC_REPRESENTATION_CONTEXT(2) 
PARAMETRIC_REPRESENTATION_CONTEXT() REPRESENTATION_CONTEXT('2D SPACE',''
  ) );
#1124 = PCURVE('',#1125,#1130);
#1125 = PLANE('',#1126);
#1126 = AXIS2_PLACEMENT_3D('',#1127,#1128,#1129);
#1127 = CARTESIAN_POINT('',(-92.,6.55,103.7));
#1128 = DIRECTION('',(-1.,-0.,-0.));
#1129 = DIRECTION('',(0.,0.,-1.));
#1130 = DEFINITIONAL_REPRESENTATION('',(#1131),#1135);
#1131 = LINE('',#1132,#1133);
#1132 = CARTESIAN_POINT('',(-14.5,4.5));
#1133 = VECTOR('',#1134,1.);
#1134 = DIRECTION('',(-6.042030065987E-17,-1.));
#1135 = ( GEOMETRIC_REPRESENTATION_CONTEXT(2) 
PARAMETRIC_REPRESENTATION_CONTEXT() REPRESENTATION_CONTEXT('2D SPACE',''
  ) );
#1136 = ORIENTED_EDGE('',*,*,#1137,.F.);
#1137 = EDGE_CURVE('',#255,#1110,#1138,.T.);
#1138 = SURFACE_CURVE('',#1139,(#1143,#1150),.PCURVE_S1.);
#1139 = LINE('',#1140,#1141);
#1140 = CARTESIAN_POINT('',(-100.,11.05,118.2));
#1141 = VECTOR('',#1142,1.);
#1142 = DIRECTION('',(1.,0.,0.));
#1143 = PCURVE('',#270,#1144);
#1144 = DEFINITIONAL_REPRESENTATION('',(#1145),#1149);
#1145 = LINE('',#1146,#1147);
#1146 = CARTESIAN_POINT('',(9.,0.));
#1147 = VECTOR('',#1148,1.);
#1148 = DIRECTION('',(0.,-1.));
#1149 = ( GEOMETRIC_REPRESENTATION_CONTEXT(2) 
PARAMETRIC_REPRESENTATION_CONTEXT() REPRESENTATION_CONTEXT('2D SPACE',''
  ) );
#1150 = PCURVE('',#298,#1151);
#1151 = DEFINITIONAL_REPRESENTATION('',(#1152),#1156);
#1152 = LINE('',#1153,#1154);
#1153 = CARTESIAN_POINT('',(0.,0.));
#1154 = VECTOR('',#1155,1.);
#1155 = DIRECTION('',(0.,-1.));
#1156 = ( GEOMETRIC_REPRESENTATION_CONTEXT(2) 
PARAMETRIC_REPRESENTATION_CONTEXT() REPRESENTATION_CONTEXT('2D SPACE',''
  ) );
#1157 = ORIENTED_EDGE('',*,*,#252,.F.);
#1158 = ADVANCED_FACE('',(#1159),#352,.F.);
#1159 = FACE_BOUND('',#1160,.F.);
#1160 = EDGE_LOOP('',(#1161,#1184,#1205,#1206));
#1161 = ORIENTED_EDGE('',*,*,#1162,.T.);
#1162 = EDGE_CURVE('',#311,#1163,#1165,.T.);
#1163 = VERTEX_POINT('',#1164);
#1164 = CARTESIAN_POINT('',(-92.,2.05,89.2));
#1165 = SURFACE_CURVE('',#1166,(#1170,#1177),.PCURVE_S1.);
#1166 = LINE('',#1167,#1168);
#1167 = CARTESIAN_POINT('',(-100.,2.05,89.2));
#1168 = VECTOR('',#1169,1.);
#1169 = DIRECTION('',(1.,0.,0.));
#1170 = PCURVE('',#352,#1171);
#1171 = DEFINITIONAL_REPRESENTATION('',(#1172),#1176);
#1172 = LINE('',#1173,#1174);
#1173 = CARTESIAN_POINT('',(0.,0.));
#1174 = VECTOR('',#1175,1.);
#1175 = DIRECTION('',(0.,-1.));
#1176 = ( GEOMETRIC_REPRESENTATION_CONTEXT(2) 
PARAMETRIC_REPRESENTATION_CONTEXT() REPRESENTATION_CONTEXT('2D SPACE',''
  ) );
#1177 = PCURVE('',#326,#1178);
#1178 = DEFINITIONAL_REPRESENTATION('',(#1179),#1183);
#1179 = LINE('',#1180,#1181);
#1180 = CARTESIAN_POINT('',(9.,-0.));
#1181 = VECTOR('',#1182,1.);
#1182 = DIRECTION('',(0.,-1.));
#1183 = ( GEOMETRIC_REPRESENTATION_CONTEXT(2) 
PARAMETRIC_REPRESENTATION_CONTEXT() REPRESENTATION_CONTEXT('2D SPACE',''
  ) );
#1184 = ORIENTED_EDGE('',*,*,#1185,.T.);
#1185 = EDGE_CURVE('',#1163,#1087,#1186,.T.);
#1186 = SURFACE_CURVE('',#1187,(#1191,#1198),.PCURVE_S1.);
#1187 = LINE('',#1188,#1189);
#1188 = CARTESIAN_POINT('',(-92.,2.05,89.2));
#1189 = VECTOR('',#1190,1.);
#1190 = DIRECTION('',(0.,-6.042030065987E-17,1.));
#1191 = PCURVE('',#352,#1192);
#1192 = DEFINITIONAL_REPRESENTATION('',(#1193),#1197);
#1193 = LINE('',#1194,#1195);
#1194 = CARTESIAN_POINT('',(0.,-8.));
#1195 = VECTOR('',#1196,1.);
#1196 = DIRECTION('',(1.,0.));
#1197 = ( GEOMETRIC_REPRESENTATION_CONTEXT(2) 
PARAMETRIC_REPRESENTATION_CONTEXT() REPRESENTATION_CONTEXT('2D SPACE',''
  ) );
#1198 = PCURVE('',#1125,#1199);
#1199 = DEFINITIONAL_REPRESENTATION('',(#1200),#1204);
#1200 = LINE('',#1201,#1202);
#1201 = CARTESIAN_POINT('',(14.5,4.5));
#1202 = VECTOR('',#1203,1.);
#1203 = DIRECTION('',(-1.,6.042030065987E-17));
#1204 = ( GEOMETRIC_REPRESENTATION_CONTEXT(2) 
PARAMETRIC_REPRESENTATION_CONTEXT() REPRESENTATION_CONTEXT('2D SPACE',''
  ) );
#1205 = ORIENTED_EDGE('',*,*,#1086,.F.);
#1206 = ORIENTED_EDGE('',*,*,#338,.F.);
#1207 = ADVANCED_FACE('',(#1208),#298,.F.);
#1208 = FACE_BOUND('',#1209,.F.);
#1209 = EDGE_LOOP('',(#1210,#1211,#1234,#1255));
#1210 = ORIENTED_EDGE('',*,*,#1137,.T.);
#1211 = ORIENTED_EDGE('',*,*,#1212,.T.);
#1212 = EDGE_CURVE('',#1110,#1213,#1215,.T.);
#1213 = VERTEX_POINT('',#1214);
#1214 = CARTESIAN_POINT('',(-92.,11.05,89.2));
#1215 = SURFACE_CURVE('',#1216,(#1220,#1227),.PCURVE_S1.);
#1216 = LINE('',#1217,#1218);
#1217 = CARTESIAN_POINT('',(-92.,11.05,118.2));
#1218 = VECTOR('',#1219,1.);
#1219 = DIRECTION('',(0.,6.042030065987E-17,-1.));
#1220 = PCURVE('',#298,#1221);
#1221 = DEFINITIONAL_REPRESENTATION('',(#1222),#1226);
#1222 = LINE('',#1223,#1224);
#1223 = CARTESIAN_POINT('',(0.,-8.));
#1224 = VECTOR('',#1225,1.);
#1225 = DIRECTION('',(1.,0.));
#1226 = ( GEOMETRIC_REPRESENTATION_CONTEXT(2) 
PARAMETRIC_REPRESENTATION_CONTEXT() REPRESENTATION_CONTEXT('2D SPACE',''
  ) );
#1227 = PCURVE('',#1125,#1228);
#1228 = DEFINITIONAL_REPRESENTATION('',(#1229),#1233);
#1229 = LINE('',#1230,#1231);
#1230 = CARTESIAN_POINT('',(-14.5,-4.5));
#1231 = VECTOR('',#1232,1.);
#1232 = DIRECTION('',(1.,-6.042030065987E-17));
#1233 = ( GEOMETRIC_REPRESENTATION_CONTEXT(2) 
PARAMETRIC_REPRESENTATION_CONTEXT() REPRESENTATION_CONTEXT('2D SPACE',''
  ) );
#1234 = ORIENTED_EDGE('',*,*,#1235,.F.);
#1235 = EDGE_CURVE('',#283,#1213,#1236,.T.);
#1236 = SURFACE_CURVE('',#1237,(#1241,#1248),.PCURVE_S1.);
#1237 = LINE('',#1238,#1239);
#1238 = CARTESIAN_POINT('',(-100.,11.05,89.2));
#1239 = VECTOR('',#1240,1.);
#1240 = DIRECTION('',(1.,0.,0.));
#1241 = PCURVE('',#298,#1242);
#1242 = DEFINITIONAL_REPRESENTATION('',(#1243),#1247);
#1243 = LINE('',#1244,#1245);
#1244 = CARTESIAN_POINT('',(29.,0.));
#1245 = VECTOR('',#1246,1.);
#1246 = DIRECTION('',(0.,-1.));
#1247 = ( GEOMETRIC_REPRESENTATION_CONTEXT(2) 
PARAMETRIC_REPRESENTATION_CONTEXT() REPRESENTATION_CONTEXT('2D SPACE',''
  ) );
#1248 = PCURVE('',#326,#1249);
#1249 = DEFINITIONAL_REPRESENTATION('',(#1250),#1254);
#1250 = LINE('',#1251,#1252);
#1251 = CARTESIAN_POINT('',(0.,0.));
#1252 = VECTOR('',#1253,1.);
#1253 = DIRECTION('',(0.,-1.));
#1254 = ( GEOMETRIC_REPRESENTATION_CONTEXT(2) 
PARAMETRIC_REPRESENTATION_CONTEXT() REPRESENTATION_CONTEXT('2D SPACE',''
  ) );
#1255 = ORIENTED_EDGE('',*,*,#282,.F.);
#1256 = ADVANCED_FACE('',(#1257),#326,.F.);
#1257 = FACE_BOUND('',#1258,.F.);
#1258 = EDGE_LOOP('',(#1259,#1260,#1281,#1282));
#1259 = ORIENTED_EDGE('',*,*,#1235,.T.);
#1260 = ORIENTED_EDGE('',*,*,#1261,.T.);
#1261 = EDGE_CURVE('',#1213,#1163,#1262,.T.);
#1262 = SURFACE_CURVE('',#1263,(#1267,#1274),.PCURVE_S1.);
#1263 = LINE('',#1264,#1265);
#1264 = CARTESIAN_POINT('',(-92.,11.05,89.2));
#1265 = VECTOR('',#1266,1.);
#1266 = DIRECTION('',(0.,-1.,-6.042030065987E-17));
#1267 = PCURVE('',#326,#1268);
#1268 = DEFINITIONAL_REPRESENTATION('',(#1269),#1273);
#1269 = LINE('',#1270,#1271);
#1270 = CARTESIAN_POINT('',(0.,-8.));
#1271 = VECTOR('',#1272,1.);
#1272 = DIRECTION('',(1.,0.));
#1273 = ( GEOMETRIC_REPRESENTATION_CONTEXT(2) 
PARAMETRIC_REPRESENTATION_CONTEXT() REPRESENTATION_CONTEXT('2D SPACE',''
  ) );
#1274 = PCURVE('',#1125,#1275);
#1275 = DEFINITIONAL_REPRESENTATION('',(#1276),#1280);
#1276 = LINE('',#1277,#1278);
#1277 = CARTESIAN_POINT('',(14.5,-4.5));
#1278 = VECTOR('',#1279,1.);
#1279 = DIRECTION('',(6.042030065987E-17,1.));
#1280 = ( GEOMETRIC_REPRESENTATION_CONTEXT(2) 
PARAMETRIC_REPRESENTATION_CONTEXT() REPRESENTATION_CONTEXT('2D SPACE',''
  ) );
#1281 = ORIENTED_EDGE('',*,*,#1162,.F.);
#1282 = ORIENTED_EDGE('',*,*,#310,.F.);
#1283 = ADVANCED_FACE('',(#1284),#407,.T.);
#1284 = FACE_BOUND('',#1285,.T.);
#1285 = EDGE_LOOP('',(#1286,#1287,#1288,#1289,#1290,#1291,#1292,#1293));
#1286 = ORIENTED_EDGE('',*,*,#391,.F.);
#1287 = ORIENTED_EDGE('',*,*,#907,.F.);
#1288 = ORIENTED_EDGE('',*,*,#879,.T.);
#1289 = ORIENTED_EDGE('',*,*,#664,.T.);
#1290 = ORIENTED_EDGE('',*,*,#592,.F.);
#1291 = ORIENTED_EDGE('',*,*,#541,.T.);
#1292 = ORIENTED_EDGE('',*,*,#517,.F.);
#1293 = ORIENTED_EDGE('',*,*,#467,.F.);
#1294 = ADVANCED_FACE('',(#1295),#708,.F.);
#1295 = FACE_BOUND('',#1296,.T.);
#1296 = EDGE_LOOP('',(#1297,#1320,#1351,#1352));
#1297 = ORIENTED_EDGE('',*,*,#1298,.F.);
#1298 = EDGE_CURVE('',#1299,#688,#1301,.T.);
#1299 = VERTEX_POINT('',#1300);
#1300 = CARTESIAN_POINT('',(-50.,-20.5,80.));
#1301 = SEAM_CURVE('',#1302,(#1306,#1313),.PCURVE_S1.);
#1302 = LINE('',#1303,#1304);
#1303 = CARTESIAN_POINT('',(-50.,-22.75,80.));
#1304 = VECTOR('',#1305,1.);
#1305 = DIRECTION('',(0.,1.,0.));
#1306 = PCURVE('',#708,#1307);
#1307 = DEFINITIONAL_REPRESENTATION('',(#1308),#1312);
#1308 = LINE('',#1309,#1310);
#1309 = CARTESIAN_POINT('',(-6.28318530718,0.));
#1310 = VECTOR('',#1311,1.);
#1311 = DIRECTION('',(-0.,-1.));
#1312 = ( GEOMETRIC_REPRESENTATION_CONTEXT(2) 
PARAMETRIC_REPRESENTATION_CONTEXT() REPRESENTATION_CONTEXT('2D SPACE',''
  ) );
#1313 = PCURVE('',#708,#1314);
#1314 = DEFINITIONAL_REPRESENTATION('',(#1315),#1319);
#1315 = LINE('',#1316,#1317);
#1316 = CARTESIAN_POINT('',(-0.,0.));
#1317 = VECTOR('',#1318,1.);
#1318 = DIRECTION('',(-0.,-1.));
#1319 = ( GEOMETRIC_REPRESENTATION_CONTEXT(2) 
PARAMETRIC_REPRESENTATION_CONTEXT() REPRESENTATION_CONTEXT('2D SPACE',''
  ) );
#1320 = ORIENTED_EDGE('',*,*,#1321,.T.);
#1321 = EDGE_CURVE('',#1299,#1299,#1322,.T.);
#1322 = SURFACE_CURVE('',#1323,(#1328,#1335),.PCURVE_S1.);
#1323 = CIRCLE('',#1324,5.);
#1324 = AXIS2_PLACEMENT_3D('',#1325,#1326,#1327);
#1325 = CARTESIAN_POINT('',(-50.,-20.5,75.));
#1326 = DIRECTION('',(0.,-1.,0.));
#1327 = DIRECTION('',(0.,0.,1.));
#1328 = PCURVE('',#708,#1329);
#1329 = DEFINITIONAL_REPRESENTATION('',(#1330),#1334);
#1330 = LINE('',#1331,#1332);
#1331 = CARTESIAN_POINT('',(-6.28318530718,-2.25));
#1332 = VECTOR('',#1333,1.);
#1333 = DIRECTION('',(1.,-0.));
#1334 = ( GEOMETRIC_REPRESENTATION_CONTEXT(2) 
PARAMETRIC_REPRESENTATION_CONTEXT() REPRESENTATION_CONTEXT('2D SPACE',''
  ) );
#1335 = PCURVE('',#1336,#1341);
#1336 = PLANE('',#1337);
#1337 = AXIS2_PLACEMENT_3D('',#1338,#1339,#1340);
#1338 = CARTESIAN_POINT('',(-50.,-20.5,75.));
#1339 = DIRECTION('',(0.,1.,0.));
#1340 = DIRECTION('',(0.,-0.,1.));
#1341 = DEFINITIONAL_REPRESENTATION('',(#1342),#1350);
#1342 = ( BOUNDED_CURVE() B_SPLINE_CURVE(2,(#1343,#1344,#1345,#1346,
#1347,#1348,#1349),.UNSPECIFIED.,.T.,.F.) B_SPLINE_CURVE_WITH_KNOTS((1,2
    ,2,2,2,1),(-2.094395102393,0.,2.094395102393,4.188790204786,
6.28318530718,8.377580409573),.UNSPECIFIED.) CURVE() 
GEOMETRIC_REPRESENTATION_ITEM() RATIONAL_B_SPLINE_CURVE((1.,0.5,1.,0.5,
1.,0.5,1.)) REPRESENTATION_ITEM('') );
#1343 = CARTESIAN_POINT('',(5.,0.));
#1344 = CARTESIAN_POINT('',(5.,-8.660254037844));
#1345 = CARTESIAN_POINT('',(-2.5,-4.330127018922));
#1346 = CARTESIAN_POINT('',(-10.,-1.224646799147E-15));
#1347 = CARTESIAN_POINT('',(-2.5,4.330127018922));
#1348 = CARTESIAN_POINT('',(5.,8.660254037844));
#1349 = CARTESIAN_POINT('',(5.,0.));
#1350 = ( GEOMETRIC_REPRESENTATION_CONTEXT(2) 
PARAMETRIC_REPRESENTATION_CONTEXT() REPRESENTATION_CONTEXT('2D SPACE',''
  ) );
#1351 = ORIENTED_EDGE('',*,*,#1298,.T.);
#1352 = ORIENTED_EDGE('',*,*,#687,.F.);
#1353 = ADVANCED_FACE('',(#1354),#739,.F.);
#1354 = FACE_BOUND('',#1355,.F.);
#1355 = EDGE_LOOP('',(#1356,#1379,#1406,#1407));
#1356 = ORIENTED_EDGE('',*,*,#1357,.T.);
#1357 = EDGE_CURVE('',#723,#1358,#1360,.T.);
#1358 = VERTEX_POINT('',#1359);
#1359 = CARTESIAN_POINT('',(-33.33333333333,24.6,58.));
#1360 = SEAM_CURVE('',#1361,(#1365,#1372),.PCURVE_S1.);
#1361 = LINE('',#1362,#1363);
#1362 = CARTESIAN_POINT('',(-33.33333333333,25.,58.));
#1363 = VECTOR('',#1364,1.);
#1364 = DIRECTION('',(-0.,-1.,-0.));
#1365 = PCURVE('',#739,#1366);
#1366 = DEFINITIONAL_REPRESENTATION('',(#1367),#1371);
#1367 = LINE('',#1368,#1369);
#1368 = CARTESIAN_POINT('',(0.,0.));
#1369 = VECTOR('',#1370,1.);
#1370 = DIRECTION('',(0.,-1.));
#1371 = ( GEOMETRIC_REPRESENTATION_CONTEXT(2) 
PARAMETRIC_REPRESENTATION_CONTEXT() REPRESENTATION_CONTEXT('2D SPACE',''
  ) );
#1372 = PCURVE('',#739,#1373);
#1373 = DEFINITIONAL_REPRESENTATION('',(#1374),#1378);
#1374 = LINE('',#1375,#1376);
#1375 = CARTESIAN_POINT('',(6.28318530718,0.));
#1376 = VECTOR('',#1377,1.);
#1377 = DIRECTION('',(0.,-1.));
#1378 = ( GEOMETRIC_REPRESENTATION_CONTEXT(2) 
PARAMETRIC_REPRESENTATION_CONTEXT() REPRESENTATION_CONTEXT('2D SPACE',''
  ) );
#1379 = ORIENTED_EDGE('',*,*,#1380,.T.);
#1380 = EDGE_CURVE('',#1358,#1358,#1381,.T.);
#1381 = SURFACE_CURVE('',#1382,(#1387,#1394),.PCURVE_S1.);
#1382 = CIRCLE('',#1383,8.);
#1383 = AXIS2_PLACEMENT_3D('',#1384,#1385,#1386);
#1384 = CARTESIAN_POINT('',(-33.33333333333,24.6,50.));
#1385 = DIRECTION('',(9.203377227578E-31,1.,-7.559917008368E-31));
#1386 = DIRECTION('',(4.087120520947E-46,7.559917008368E-31,1.));
#1387 = PCURVE('',#739,#1388);
#1388 = DEFINITIONAL_REPRESENTATION('',(#1389),#1393);
#1389 = LINE('',#1390,#1391);
#1390 = CARTESIAN_POINT('',(0.,-0.4));
#1391 = VECTOR('',#1392,1.);
#1392 = DIRECTION('',(1.,0.));
#1393 = ( GEOMETRIC_REPRESENTATION_CONTEXT(2) 
PARAMETRIC_REPRESENTATION_CONTEXT() REPRESENTATION_CONTEXT('2D SPACE',''
  ) );
#1394 = PCURVE('',#1395,#1400);
#1395 = CONICAL_SURFACE('',#1396,8.,0.785398163397);
#1396 = AXIS2_PLACEMENT_3D('',#1397,#1398,#1399);
#1397 = CARTESIAN_POINT('',(-33.33333333333,24.6,50.));
#1398 = DIRECTION('',(9.203377227578E-31,1.,-7.559917008368E-31));
#1399 = DIRECTION('',(4.087120520947E-46,7.559917008368E-31,1.));
#1400 = DEFINITIONAL_REPRESENTATION('',(#1401),#1405);
#1401 = LINE('',#1402,#1403);
#1402 = CARTESIAN_POINT('',(0.,-0.));
#1403 = VECTOR('',#1404,1.);
#1404 = DIRECTION('',(1.,-0.));
#1405 = ( GEOMETRIC_REPRESENTATION_CONTEXT(2) 
PARAMETRIC_REPRESENTATION_CONTEXT() REPRESENTATION_CONTEXT('2D SPACE',''
  ) );
#1406 = ORIENTED_EDGE('',*,*,#1357,.F.);
#1407 = ORIENTED_EDGE('',*,*,#722,.F.);
#1408 = ADVANCED_FACE('',(#1409),#770,.F.);
#1409 = FACE_BOUND('',#1410,.F.);
#1410 = EDGE_LOOP('',(#1411,#1434,#1461,#1462));
#1411 = ORIENTED_EDGE('',*,*,#1412,.T.);
#1412 = EDGE_CURVE('',#754,#1413,#1415,.T.);
#1413 = VERTEX_POINT('',#1414);
#1414 = CARTESIAN_POINT('',(33.333333333333,24.6,-42.));
#1415 = SEAM_CURVE('',#1416,(#1420,#1427),.PCURVE_S1.);
#1416 = LINE('',#1417,#1418);
#1417 = CARTESIAN_POINT('',(33.333333333333,25.,-42.));
#1418 = VECTOR('',#1419,1.);
#1419 = DIRECTION('',(-0.,-1.,-0.));
#1420 = PCURVE('',#770,#1421);
#1421 = DEFINITIONAL_REPRESENTATION('',(#1422),#1426);
#1422 = LINE('',#1423,#1424);
#1423 = CARTESIAN_POINT('',(0.,0.));
#1424 = VECTOR('',#1425,1.);
#1425 = DIRECTION('',(0.,-1.));
#1426 = ( GEOMETRIC_REPRESENTATION_CONTEXT(2) 
PARAMETRIC_REPRESENTATION_CONTEXT() REPRESENTATION_CONTEXT('2D SPACE',''
  ) );
#1427 = PCURVE('',#770,#1428);
#1428 = DEFINITIONAL_REPRESENTATION('',(#1429),#1433);
#1429 = LINE('',#1430,#1431);
#1430 = CARTESIAN_POINT('',(6.28318530718,0.));
#1431 = VECTOR('',#1432,1.);
#1432 = DIRECTION('',(0.,-1.));
#1433 = ( GEOMETRIC_REPRESENTATION_CONTEXT(2) 
PARAMETRIC_REPRESENTATION_CONTEXT() REPRESENTATION_CONTEXT('2D SPACE',''
  ) );
#1434 = ORIENTED_EDGE('',*,*,#1435,.T.);
#1435 = EDGE_CURVE('',#1413,#1413,#1436,.T.);
#1436 = SURFACE_CURVE('',#1437,(#1442,#1449),.PCURVE_S1.);
#1437 = CIRCLE('',#1438,8.);
#1438 = AXIS2_PLACEMENT_3D('',#1439,#1440,#1441);
#1439 = CARTESIAN_POINT('',(33.333333333333,24.6,-50.));
#1440 = DIRECTION('',(0.,1.,0.));
#1441 = DIRECTION('',(0.,-0.,1.));
#1442 = PCURVE('',#770,#1443);
#1443 = DEFINITIONAL_REPRESENTATION('',(#1444),#1448);
#1444 = LINE('',#1445,#1446);
#1445 = CARTESIAN_POINT('',(0.,-0.4));
#1446 = VECTOR('',#1447,1.);
#1447 = DIRECTION('',(1.,0.));
#1448 = ( GEOMETRIC_REPRESENTATION_CONTEXT(2) 
PARAMETRIC_REPRESENTATION_CONTEXT() REPRESENTATION_CONTEXT('2D SPACE',''
  ) );
#1449 = PCURVE('',#1450,#1455);
#1450 = CONICAL_SURFACE('',#1451,8.,0.785398163397);
#1451 = AXIS2_PLACEMENT_3D('',#1452,#1453,#1454);
#1452 = CARTESIAN_POINT('',(33.333333333333,24.6,-50.));
#1453 = DIRECTION('',(0.,1.,0.));
#1454 = DIRECTION('',(0.,-0.,1.));
#1455 = DEFINITIONAL_REPRESENTATION('',(#1456),#1460);
#1456 = LINE('',#1457,#1458);
#1457 = CARTESIAN_POINT('',(0.,-0.));
#1458 = VECTOR('',#1459,1.);
#1459 = DIRECTION('',(1.,-0.));
#1460 = ( GEOMETRIC_REPRESENTATION_CONTEXT(2) 
PARAMETRIC_REPRESENTATION_CONTEXT() REPRESENTATION_CONTEXT('2D SPACE',''
  ) );
#1461 = ORIENTED_EDGE('',*,*,#1412,.F.);
#1462 = ORIENTED_EDGE('',*,*,#753,.F.);
#1463 = ADVANCED_FACE('',(#1464),#805,.F.);
#1464 = FACE_BOUND('',#1465,.T.);
#1465 = EDGE_LOOP('',(#1466,#1489,#1520,#1521));
#1466 = ORIENTED_EDGE('',*,*,#1467,.F.);
#1467 = EDGE_CURVE('',#1468,#785,#1470,.T.);
#1468 = VERTEX_POINT('',#1469);
#1469 = CARTESIAN_POINT('',(50.,-20.5,-70.));
#1470 = SEAM_CURVE('',#1471,(#1475,#1482),.PCURVE_S1.);
#1471 = LINE('',#1472,#1473);
#1472 = CARTESIAN_POINT('',(50.,-22.75,-70.));
#1473 = VECTOR('',#1474,1.);
#1474 = DIRECTION('',(0.,1.,0.));
#1475 = PCURVE('',#805,#1476);
#1476 = DEFINITIONAL_REPRESENTATION('',(#1477),#1481);
#1477 = LINE('',#1478,#1479);
#1478 = CARTESIAN_POINT('',(-6.28318530718,0.));
#1479 = VECTOR('',#1480,1.);
#1480 = DIRECTION('',(-0.,-1.));
#1481 = ( GEOMETRIC_REPRESENTATION_CONTEXT(2) 
PARAMETRIC_REPRESENTATION_CONTEXT() REPRESENTATION_CONTEXT('2D SPACE',''
  ) );
#1482 = PCURVE('',#805,#1483);
#1483 = DEFINITIONAL_REPRESENTATION('',(#1484),#1488);
#1484 = LINE('',#1485,#1486);
#1485 = CARTESIAN_POINT('',(-0.,0.));
#1486 = VECTOR('',#1487,1.);
#1487 = DIRECTION('',(-0.,-1.));
#1488 = ( GEOMETRIC_REPRESENTATION_CONTEXT(2) 
PARAMETRIC_REPRESENTATION_CONTEXT() REPRESENTATION_CONTEXT('2D SPACE',''
  ) );
#1489 = ORIENTED_EDGE('',*,*,#1490,.T.);
#1490 = EDGE_CURVE('',#1468,#1468,#1491,.T.);
#1491 = SURFACE_CURVE('',#1492,(#1497,#1504),.PCURVE_S1.);
#1492 = CIRCLE('',#1493,5.);
#1493 = AXIS2_PLACEMENT_3D('',#1494,#1495,#1496);
#1494 = CARTESIAN_POINT('',(50.,-20.5,-75.));
#1495 = DIRECTION('',(0.,-1.,0.));
#1496 = DIRECTION('',(0.,0.,1.));
#1497 = PCURVE('',#805,#1498);
#1498 = DEFINITIONAL_REPRESENTATION('',(#1499),#1503);
#1499 = LINE('',#1500,#1501);
#1500 = CARTESIAN_POINT('',(-6.28318530718,-2.25));
#1501 = VECTOR('',#1502,1.);
#1502 = DIRECTION('',(1.,-0.));
#1503 = ( GEOMETRIC_REPRESENTATION_CONTEXT(2) 
PARAMETRIC_REPRESENTATION_CONTEXT() REPRESENTATION_CONTEXT('2D SPACE',''
  ) );
#1504 = PCURVE('',#1505,#1510);
#1505 = PLANE('',#1506);
#1506 = AXIS2_PLACEMENT_3D('',#1507,#1508,#1509);
#1507 = CARTESIAN_POINT('',(50.,-20.5,-75.));
#1508 = DIRECTION('',(0.,1.,0.));
#1509 = DIRECTION('',(0.,-0.,1.));
#1510 = DEFINITIONAL_REPRESENTATION('',(#1511),#1519);
#1511 = ( BOUNDED_CURVE() B_SPLINE_CURVE(2,(#1512,#1513,#1514,#1515,
#1516,#1517,#1518),.UNSPECIFIED.,.T.,.F.) B_SPLINE_CURVE_WITH_KNOTS((1,2
    ,2,2,2,1),(-2.094395102393,0.,2.094395102393,4.188790204786,
6.28318530718,8.377580409573),.UNSPECIFIED.) CURVE() 
GEOMETRIC_REPRESENTATION_ITEM() RATIONAL_B_SPLINE_CURVE((1.,0.5,1.,0.5,
1.,0.5,1.)) REPRESENTATION_ITEM('') );
#1512 = CARTESIAN_POINT('',(5.,0.));
#1513 = CARTESIAN_POINT('',(5.,-8.660254037844));
#1514 = CARTESIAN_POINT('',(-2.5,-4.330127018922));
#1515 = CARTESIAN_POINT('',(-10.,-1.224646799147E-15));
#1516 = CARTESIAN_POINT('',(-2.5,4.330127018922));
#1517 = CARTESIAN_POINT('',(5.,8.660254037844));
#1518 = CARTESIAN_POINT('',(5.,0.));
#1519 = ( GEOMETRIC_REPRESENTATION_CONTEXT(2) 
PARAMETRIC_REPRESENTATION_CONTEXT() REPRESENTATION_CONTEXT('2D SPACE',''
  ) );
#1520 = ORIENTED_EDGE('',*,*,#1467,.T.);
#1521 = ORIENTED_EDGE('',*,*,#784,.F.);
#1522 = ADVANCED_FACE('',(#1523),#840,.F.);
#1523 = FACE_BOUND('',#1524,.T.);
#1524 = EDGE_LOOP('',(#1525,#1548,#1579,#1580));
#1525 = ORIENTED_EDGE('',*,*,#1526,.F.);
#1526 = EDGE_CURVE('',#1527,#820,#1529,.T.);
#1527 = VERTEX_POINT('',#1528);
#1528 = CARTESIAN_POINT('',(0.,-20.5,5.));
#1529 = SEAM_CURVE('',#1530,(#1534,#1541),.PCURVE_S1.);
#1530 = LINE('',#1531,#1532);
#1531 = CARTESIAN_POINT('',(0.,-22.75,5.));
#1532 = VECTOR('',#1533,1.);
#1533 = DIRECTION('',(0.,1.,0.));
#1534 = PCURVE('',#840,#1535);
#1535 = DEFINITIONAL_REPRESENTATION('',(#1536),#1540);
#1536 = LINE('',#1537,#1538);
#1537 = CARTESIAN_POINT('',(-6.28318530718,0.));
#1538 = VECTOR('',#1539,1.);
#1539 = DIRECTION('',(-0.,-1.));
#1540 = ( GEOMETRIC_REPRESENTATION_CONTEXT(2) 
PARAMETRIC_REPRESENTATION_CONTEXT() REPRESENTATION_CONTEXT('2D SPACE',''
  ) );
#1541 = PCURVE('',#840,#1542);
#1542 = DEFINITIONAL_REPRESENTATION('',(#1543),#1547);
#1543 = LINE('',#1544,#1545);
#1544 = CARTESIAN_POINT('',(-0.,0.));
#1545 = VECTOR('',#1546,1.);
#1546 = DIRECTION('',(-0.,-1.));
#1547 = ( GEOMETRIC_REPRESENTATION_CONTEXT(2) 
PARAMETRIC_REPRESENTATION_CONTEXT() REPRESENTATION_CONTEXT('2D SPACE',''
  ) );
#1548 = ORIENTED_EDGE('',*,*,#1549,.T.);
#1549 = EDGE_CURVE('',#1527,#1527,#1550,.T.);
#1550 = SURFACE_CURVE('',#1551,(#1556,#1563),.PCURVE_S1.);
#1551 = CIRCLE('',#1552,5.);
#1552 = AXIS2_PLACEMENT_3D('',#1553,#1554,#1555);
#1553 = CARTESIAN_POINT('',(0.,-20.5,0.));
#1554 = DIRECTION('',(0.,-1.,0.));
#1555 = DIRECTION('',(0.,0.,1.));
#1556 = PCURVE('',#840,#1557);
#1557 = DEFINITIONAL_REPRESENTATION('',(#1558),#1562);
#1558 = LINE('',#1559,#1560);
#1559 = CARTESIAN_POINT('',(-6.28318530718,-2.25));
#1560 = VECTOR('',#1561,1.);
#1561 = DIRECTION('',(1.,-0.));
#1562 = ( GEOMETRIC_REPRESENTATION_CONTEXT(2) 
PARAMETRIC_REPRESENTATION_CONTEXT() REPRESENTATION_CONTEXT('2D SPACE',''
  ) );
#1563 = PCURVE('',#1564,#1569);
#1564 = PLANE('',#1565);
#1565 = AXIS2_PLACEMENT_3D('',#1566,#1567,#1568);
#1566 = CARTESIAN_POINT('',(6.990076196319E-16,-20.5,-5.127900497023E-16
    ));
#1567 = DIRECTION('',(1.632186346944E-32,1.,-3.286920438421E-32));
#1568 = DIRECTION('',(0.,3.286920438421E-32,1.));
#1569 = DEFINITIONAL_REPRESENTATION('',(#1570),#1578);
#1570 = ( BOUNDED_CURVE() B_SPLINE_CURVE(2,(#1571,#1572,#1573,#1574,
#1575,#1576,#1577),.UNSPECIFIED.,.T.,.F.) B_SPLINE_CURVE_WITH_KNOTS((1,2
    ,2,2,2,1),(-2.094395102393,0.,2.094395102393,4.188790204786,
6.28318530718,8.377580409573),.UNSPECIFIED.) CURVE() 
GEOMETRIC_REPRESENTATION_ITEM() RATIONAL_B_SPLINE_CURVE((1.,0.5,1.,0.5,
1.,0.5,1.)) REPRESENTATION_ITEM('') );
#1571 = CARTESIAN_POINT('',(5.,-6.990076196319E-16));
#1572 = CARTESIAN_POINT('',(5.,-8.660254037844));
#1573 = CARTESIAN_POINT('',(-2.5,-4.330127018922));
#1574 = CARTESIAN_POINT('',(-10.,-1.923654418779E-15));
#1575 = CARTESIAN_POINT('',(-2.5,4.330127018922));
#1576 = CARTESIAN_POINT('',(5.,8.660254037844));
#1577 = CARTESIAN_POINT('',(5.,-6.990076196319E-16));
#1578 = ( GEOMETRIC_REPRESENTATION_CONTEXT(2) 
PARAMETRIC_REPRESENTATION_CONTEXT() REPRESENTATION_CONTEXT('2D SPACE',''
  ) );
#1579 = ORIENTED_EDGE('',*,*,#1526,.T.);
#1580 = ORIENTED_EDGE('',*,*,#819,.F.);
#1581 = ADVANCED_FACE('',(#1582),#947,.F.);
#1582 = FACE_BOUND('',#1583,.T.);
#1583 = EDGE_LOOP('',(#1584,#1607,#1629,#1630));
#1584 = ORIENTED_EDGE('',*,*,#1585,.T.);
#1585 = EDGE_CURVE('',#931,#1586,#1588,.T.);
#1586 = VERTEX_POINT('',#1587);
#1587 = CARTESIAN_POINT('',(-50.,-20.5,83.));
#1588 = SEAM_CURVE('',#1589,(#1593,#1600),.PCURVE_S1.);
#1589 = LINE('',#1590,#1591);
#1590 = CARTESIAN_POINT('',(-50.,-25.,83.));
#1591 = VECTOR('',#1592,1.);
#1592 = DIRECTION('',(0.,1.,0.));
#1593 = PCURVE('',#947,#1594);
#1594 = DEFINITIONAL_REPRESENTATION('',(#1595),#1599);
#1595 = LINE('',#1596,#1597);
#1596 = CARTESIAN_POINT('',(-0.,0.));
#1597 = VECTOR('',#1598,1.);
#1598 = DIRECTION('',(-0.,-1.));
#1599 = ( GEOMETRIC_REPRESENTATION_CONTEXT(2) 
PARAMETRIC_REPRESENTATION_CONTEXT() REPRESENTATION_CONTEXT('2D SPACE',''
  ) );
#1600 = PCURVE('',#947,#1601);
#1601 = DEFINITIONAL_REPRESENTATION('',(#1602),#1606);
#1602 = LINE('',#1603,#1604);
#1603 = CARTESIAN_POINT('',(-6.28318530718,0.));
#1604 = VECTOR('',#1605,1.);
#1605 = DIRECTION('',(-0.,-1.));
#1606 = ( GEOMETRIC_REPRESENTATION_CONTEXT(2) 
PARAMETRIC_REPRESENTATION_CONTEXT() REPRESENTATION_CONTEXT('2D SPACE',''
  ) );
#1607 = ORIENTED_EDGE('',*,*,#1608,.T.);
#1608 = EDGE_CURVE('',#1586,#1586,#1609,.T.);
#1609 = SURFACE_CURVE('',#1610,(#1615,#1622),.PCURVE_S1.);
#1610 = CIRCLE('',#1611,8.);
#1611 = AXIS2_PLACEMENT_3D('',#1612,#1613,#1614);
#1612 = CARTESIAN_POINT('',(-50.,-20.5,75.));
#1613 = DIRECTION('',(0.,1.,0.));
#1614 = DIRECTION('',(0.,0.,1.));
#1615 = PCURVE('',#947,#1616);
#1616 = DEFINITIONAL_REPRESENTATION('',(#1617),#1621);
#1617 = LINE('',#1618,#1619);
#1618 = CARTESIAN_POINT('',(-0.,-4.5));
#1619 = VECTOR('',#1620,1.);
#1620 = DIRECTION('',(-1.,0.));
#1621 = ( GEOMETRIC_REPRESENTATION_CONTEXT(2) 
PARAMETRIC_REPRESENTATION_CONTEXT() REPRESENTATION_CONTEXT('2D SPACE',''
  ) );
#1622 = PCURVE('',#1336,#1623);
#1623 = DEFINITIONAL_REPRESENTATION('',(#1624),#1628);
#1624 = CIRCLE('',#1625,8.);
#1625 = AXIS2_PLACEMENT_2D('',#1626,#1627);
#1626 = CARTESIAN_POINT('',(0.,0.));
#1627 = DIRECTION('',(1.,0.));
#1628 = ( GEOMETRIC_REPRESENTATION_CONTEXT(2) 
PARAMETRIC_REPRESENTATION_CONTEXT() REPRESENTATION_CONTEXT('2D SPACE',''
  ) );
#1629 = ORIENTED_EDGE('',*,*,#1585,.F.);
#1630 = ORIENTED_EDGE('',*,*,#930,.F.);
#1631 = ADVANCED_FACE('',(#1632),#978,.F.);
#1632 = FACE_BOUND('',#1633,.F.);
#1633 = EDGE_LOOP('',(#1634,#1657,#2827,#2828));
#1634 = ORIENTED_EDGE('',*,*,#1635,.F.);
#1635 = EDGE_CURVE('',#1636,#962,#1638,.T.);
#1636 = VERTEX_POINT('',#1637);
#1637 = CARTESIAN_POINT('',(-33.33333333333,21.6,55.));
#1638 = SEAM_CURVE('',#1639,(#1643,#1650),.PCURVE_S1.);
#1639 = LINE('',#1640,#1641);
#1640 = CARTESIAN_POINT('',(-33.33333333333,23.39218452154,55.));
#1641 = VECTOR('',#1642,1.);
#1642 = DIRECTION('',(-0.,-1.,-0.));
#1643 = PCURVE('',#978,#1644);
#1644 = DEFINITIONAL_REPRESENTATION('',(#1645),#1649);
#1645 = LINE('',#1646,#1647);
#1646 = CARTESIAN_POINT('',(6.28318530718,0.));
#1647 = VECTOR('',#1648,1.);
#1648 = DIRECTION('',(0.,-1.));
#1649 = ( GEOMETRIC_REPRESENTATION_CONTEXT(2) 
PARAMETRIC_REPRESENTATION_CONTEXT() REPRESENTATION_CONTEXT('2D SPACE',''
  ) );
#1650 = PCURVE('',#978,#1651);
#1651 = DEFINITIONAL_REPRESENTATION('',(#1652),#1656);
#1652 = LINE('',#1653,#1654);
#1653 = CARTESIAN_POINT('',(0.,0.));
#1654 = VECTOR('',#1655,1.);
#1655 = DIRECTION('',(0.,-1.));
#1656 = ( GEOMETRIC_REPRESENTATION_CONTEXT(2) 
PARAMETRIC_REPRESENTATION_CONTEXT() REPRESENTATION_CONTEXT('2D SPACE',''
  ) );
#1657 = ORIENTED_EDGE('',*,*,#1658,.F.);
#1658 = EDGE_CURVE('',#1636,#1636,#1659,.T.);
#1659 = SURFACE_CURVE('',#1660,(#2047,#2437),.PCURVE_S1.);
#1660 = B_SPLINE_CURVE_WITH_KNOTS('',7,(#1661,#1662,#1663,#1664,#1665,
    #1666,#1667,#1668,#1669,#1670,#1671,#1672,#1673,#1674,#1675,#1676,
    #1677,#1678,#1679,#1680,#1681,#1682,#1683,#1684,#1685,#1686,#1687,
    #1688,#1689,#1690,#1691,#1692,#1693,#1694,#1695,#1696,#1697,#1698,
    #1699,#1700,#1701,#1702,#1703,#1704,#1705,#1706,#1707,#1708,#1709,
    #1710,#1711,#1712,#1713,#1714,#1715,#1716,#1717,#1718,#1719,#1720,
    #1721,#1722,#1723,#1724,#1725,#1726,#1727,#1728,#1729,#1730,#1731,
    #1732,#1733,#1734,#1735,#1736,#1737,#1738,#1739,#1740,#1741,#1742,
    #1743,#1744,#1745,#1746,#1747,#1748,#1749,#1750,#1751,#1752,#1753,
    #1754,#1755,#1756,#1757,#1758,#1759,#1760,#1761,#1762,#1763,#1764,
    #1765,#1766,#1767,#1768,#1769,#1770,#1771,#1772,#1773,#1774,#1775,
    #1776,#1777,#1778,#1779,#1780,#1781,#1782,#1783,#1784,#1785,#1786,
    #1787,#1788,#1789,#1790,#1791,#1792,#1793,#1794,#1795,#1796,#1797,
    #1798,#1799,#1800,#1801,#1802,#1803,#1804,#1805,#1806,#1807,#1808,
    #1809,#1810,#1811,#1812,#1813,#1814,#1815,#1816,#1817,#1818,#1819,
    #1820,#1821,#1822,#1823,#1824,#1825,#1826,#1827,#1828,#1829,#1830,
    #1831,#1832,#1833,#1834,#1835,#1836,#1837,#1838,#1839,#1840,#1841,
    #1842,#1843,#1844,#1845,#1846,#1847,#1848,#1849,#1850,#1851,#1852,
    #1853,#1854,#1855,#1856,#1857,#1858,#1859,#1860,#1861,#1862,#1863,
    #1864,#1865,#1866,#1867,#1868,#1869,#1870,#1871,#1872,#1873,#1874,
    #1875,#1876,#1877,#1878,#1879,#1880,#1881,#1882,#1883,#1884,#1885,
    #1886,#1887,#1888,#1889,#1890,#1891,#1892,#1893,#1894,#1895,#1896,
    #1897,#1898,#1899,#1900,#1901,#1902,#1903,#1904,#1905,#1906,#1907,
    #1908,#1909,#1910,#1911,#1912,#1913,#1914,#1915,#1916,#1917,#1918,
    #1919,#1920,#1921,#1922,#1923,#1924,#1925,#1926,#1927,#1928,#1929,
    #1930,#1931,#1932,#1933,#1934,#1935,#1936,#1937,#1938,#1939,#1940,
    #1941,#1942,#1943,#1944,#1945,#1946,#1947,#1948,#1949,#1950,#1951,
    #1952,#1953,#1954,#1955,#1956,#1957,#1958,#1959,#1960,#1961,#1962,
    #1963,#1964,#1965,#1966,#1967,#1968,#1969,#1970,#1971,#1972,#1973,
    #1974,#1975,#1976,#1977,#1978,#1979,#1980,#1981,#1982,#1983,#1984,
    #1985,#1986,#1987,#1988,#1989,#1990,#1991,#1992,#1993,#1994,#1995,
    #1996,#1997,#1998,#1999,#2000,#2001,#2002,#2003,#2004,#2005,#2006,
    #2007,#2008,#2009,#2010,#2011,#2012,#2013,#2014,#2015,#2016,#2017,
    #2018,#2019,#2020,#2021,#2022,#2023,#2024,#2025,#2026,#2027,#2028,
    #2029,#2030,#2031,#2032,#2033,#2034,#2035,#2036,#2037,#2038,#2039,
    #2040,#2041,#2042,#2043,#2044,#2045,#2046),.UNSPECIFIED.,.T.,.F.,(8,
    6,6,6,6,6,6,6,6,6,6,6,6,6,6,6,6,6,6,6,6,6,6,6,6,6,6,6,6,6,6,6,6,6,6,
    6,6,6,6,6,6,6,6,6,6,6,6,6,6,6,6,6,6,6,6,6,6,6,6,6,6,6,6,6,8),(0.,
    1.859295713105E-02,3.3166026687E-02,4.773909624296E-02,
    6.231216579892E-02,7.688523535488E-02,9.145830491085E-02,
    0.10552885491,0.118091846161,0.13165987659,0.146232946146,
    0.160303496145,0.174876565701,0.189449635257,0.204022704813,
    0.212063019381,0.22613356938,0.239199080226,0.253772149782,
    0.268345219338,0.282415769337,0.296988838893,0.308546790926,
    0.323119860482,0.333672773265,0.34673828411,0.361311353666,
    0.375884423222,0.390457492778,0.404025523207,0.418598592763,
    0.433171662319,0.447744731875,0.461312762303,0.475885831859,
    0.490458901415,0.505031970971,0.517594962222,0.532168031778,
    0.546741101334,0.56131417089,0.575887240446,0.590460310002,
    0.604028340431,0.61809889043,0.632671959986,0.646742509985,
    0.661315579541,0.67488360997,0.689456679526,0.704029749082,
    0.718602818638,0.733175888194,0.74774895775,0.761819507749,
    0.776392577305,0.790965646861,0.805538716417,0.820111785973,
    0.834684855529,0.849257925085,0.863830994641,0.878404064197,
    0.891972094626,1.),.UNSPECIFIED.);
#1661 = CARTESIAN_POINT('',(-33.33333333333,21.6,55.));
#1662 = CARTESIAN_POINT('',(-33.24988305339,21.6,55.));
#1663 = CARTESIAN_POINT('',(-33.1664378237,21.6,54.998375196803));
#1664 = CARTESIAN_POINT('',(-33.08303247904,21.6,54.99512566647));
#1665 = CARTESIAN_POINT('',(-32.99970297403,21.6,54.990252568844));
#1666 = CARTESIAN_POINT('',(-32.91648638315,21.6,54.983758147549));
#1667 = CARTESIAN_POINT('',(-32.83342090067,21.6,54.975645729989));
#1668 = CARTESIAN_POINT('',(-32.68558877103,21.6,54.958296533689));
#1669 = CARTESIAN_POINT('',(-32.62074802707,21.6,54.949682050497));
#1670 = CARTESIAN_POINT('',(-32.5560417785,21.6,54.940078410456));
#1671 = CARTESIAN_POINT('',(-32.4914881272,21.6,54.929488159188));
#1672 = CARTESIAN_POINT('',(-32.42710510728,21.6,54.917914255254));
#1673 = CARTESIAN_POINT('',(-32.36291068514,21.6,54.905360070156));
#1674 = CARTESIAN_POINT('',(-32.2349348337,21.6,54.878298706517));
#1675 = CARTESIAN_POINT('',(-32.17115338612,21.6,54.863791524111));
#1676 = CARTESIAN_POINT('',(-32.10759631517,21.6,54.848311626224));
#1677 = CARTESIAN_POINT('',(-32.04428141415,21.6,54.831863202981));
#1678 = CARTESIAN_POINT('',(-31.98122637111,21.6,54.814450849519));
#1679 = CARTESIAN_POINT('',(-31.9184487689,21.6,54.796079565993));
#1680 = CARTESIAN_POINT('',(-31.79348340141,21.6,54.757429949159));
#1681 = CARTESIAN_POINT('',(-31.73129561827,21.6,54.737151610329));
#1682 = CARTESIAN_POINT('',(-31.66942021317,21.6,54.715925146907));
#1683 = CARTESIAN_POINT('',(-31.60787452173,21.6,54.693756358411));
#1684 = CARTESIAN_POINT('',(-31.54667573774,21.6,54.670651438059));
#1685 = CARTESIAN_POINT('',(-31.48584091321,21.6,54.646616972767));
#1686 = CARTESIAN_POINT('',(-31.36493300344,21.6,54.596702913533));
#1687 = CARTESIAN_POINT('',(-31.30485990093,21.6,54.570823312463));
#1688 = CARTESIAN_POINT('',(-31.24518456071,21.6,54.54402812118));
#1689 = CARTESIAN_POINT('',(-31.18592371551,21.6,54.516324700012));
#1690 = CARTESIAN_POINT('',(-31.12709392081,21.6,54.487720788368));
#1691 = CARTESIAN_POINT('',(-31.0687115549,21.6,54.458224504738));
#1692 = CARTESIAN_POINT('',(-30.95287408279,21.6,54.397464188656));
#1693 = CARTESIAN_POINT('',(-30.89541896005,21.6,54.366200147526));
#1694 = CARTESIAN_POINT('',(-30.83844365137,21.6,54.334060721482));
#1695 = CARTESIAN_POINT('',(-30.78196414637,21.6,54.301054769992));
#1696 = CARTESIAN_POINT('',(-30.72599622353,21.6,54.267191513814));
#1697 = CARTESIAN_POINT('',(-30.6705554502,21.6,54.232480534997));
#1698 = CARTESIAN_POINT('',(-30.56265195841,21.6,54.162608837809));
#1699 = CARTESIAN_POINT('',(-30.51015245692,21.6,54.127504892169));
#1700 = CARTESIAN_POINT('',(-30.45817249878,21.6,54.091628889684));
#1701 = CARTESIAN_POINT('',(-30.40672569365,21.6,54.05499007629));
#1702 = CARTESIAN_POINT('',(-30.35582544026,21.6,54.017597994138));
#1703 = CARTESIAN_POINT('',(-30.30548492637,21.6,53.979462481593));
#1704 = CARTESIAN_POINT('',(-30.2112815946,21.6,53.905889379563));
#1705 = CARTESIAN_POINT('',(-30.16730261789,21.6,53.870600500399));
#1706 = CARTESIAN_POINT('',(-30.12378943353,21.6,53.834734248371));
#1707 = CARTESIAN_POINT('',(-30.08075112704,21.6,53.79829801249));
#1708 = CARTESIAN_POINT('',(-30.03819663462,21.6,53.761299358148));
#1709 = CARTESIAN_POINT('',(-29.99613474316,21.6,53.723746027119));
#1710 = CARTESIAN_POINT('',(-29.90968858543,21.6,53.644497841205));
#1711 = CARTESIAN_POINT('',(-29.86538771662,21.6,53.602711997761));
#1712 = CARTESIAN_POINT('',(-29.82168236556,21.6,53.560298383231));
#1713 = CARTESIAN_POINT('',(-29.77858319187,21.6,53.517267196118));
#1714 = CARTESIAN_POINT('',(-29.73610063303,21.6,53.473628857431));
#1715 = CARTESIAN_POINT('',(-29.69424490436,21.6,53.429394010682));
#1716 = CARTESIAN_POINT('',(-29.60875384194,21.6,53.336432997421));
#1717 = CARTESIAN_POINT('',(-29.56521633521,21.6,53.287616843278));
#1718 = CARTESIAN_POINT('',(-29.52242586231,21.6,53.238138525452));
#1719 = CARTESIAN_POINT('',(-29.48039448606,21.6,53.188011778811));
#1720 = CARTESIAN_POINT('',(-29.4391339486,21.6,53.13725060709));
#1721 = CARTESIAN_POINT('',(-29.39865567145,21.6,53.085869282893));
#1722 = CARTESIAN_POINT('',(-29.32065428462,21.6,52.983688065133));
#1723 = CARTESIAN_POINT('',(-29.28307739368,21.6,52.932929204594));
#1724 = CARTESIAN_POINT('',(-29.2462500732,21.6,52.881618854088));
#1725 = CARTESIAN_POINT('',(-29.21018201521,21.6,52.829770309291));
#1726 = CARTESIAN_POINT('',(-29.17488261322,21.6,52.777397073554));
#1727 = CARTESIAN_POINT('',(-29.14036096219,21.6,52.72451285789));
#1728 = CARTESIAN_POINT('',(-29.07168593006,21.6,52.615843830235));
#1729 = CARTESIAN_POINT('',(-29.03758972469,21.6,52.560022864848));
#1730 = CARTESIAN_POINT('',(-29.00434701552,21.6,52.503684149983));
#1731 = CARTESIAN_POINT('',(-28.97196721198,21.6,52.446843357925));
#1732 = CARTESIAN_POINT('',(-28.94045935991,21.6,52.38951636809));
#1733 = CARTESIAN_POINT('',(-28.90983214154,21.6,52.331719267022));
#1734 = CARTESIAN_POINT('',(-28.85035560944,21.6,52.215217429763));
#1735 = CARTESIAN_POINT('',(-28.82150628723,21.6,52.156512676933));
#1736 = CARTESIAN_POINT('',(-28.79355422687,21.6,52.097370383882));
#1737 = CARTESIAN_POINT('',(-28.76650736537,21.6,52.037807017608));
#1738 = CARTESIAN_POINT('',(-28.74037325872,21.6,51.977839218121));
#1739 = CARTESIAN_POINT('',(-28.71515908189,21.6,51.917483798447));
#1740 = CARTESIAN_POINT('',(-28.66658417577,21.6,51.796031690808));
#1741 = CARTESIAN_POINT('',(-28.64322343954,21.6,51.734934985495));
#1742 = CARTESIAN_POINT('',(-28.62079621347,21.6,51.673484614981));
#1743 = CARTESIAN_POINT('',(-28.59930889563,21.6,51.61169770301));
#1744 = CARTESIAN_POINT('',(-28.57876748886,21.6,51.549591510778));
#1745 = CARTESIAN_POINT('',(-28.55917760075,21.6,51.487183436931));
#1746 = CARTESIAN_POINT('',(-28.53026408072,21.6,51.389902095119));
#1747 = CARTESIAN_POINT('',(-28.52027494525,21.6,51.355226614859));
#1748 = CARTESIAN_POINT('',(-28.51057791204,21.6,51.320467520048));
#1749 = CARTESIAN_POINT('',(-28.50117381844,21.6,51.285627764054));
#1750 = CARTESIAN_POINT('',(-28.49206346435,21.6,51.250710310346));
#1751 = CARTESIAN_POINT('',(-28.48324761226,21.6,51.215718132498));
#1752 = CARTESIAN_POINT('',(-28.45981589391,21.6,51.119292359298));
#1753 = CARTESIAN_POINT('',(-28.44580893133,21.6,51.057710790178));
#1754 = CARTESIAN_POINT('',(-28.43270998719,21.6,50.995925506612));
#1755 = CARTESIAN_POINT('',(-28.42052259237,21.6,50.933952578553));
#1756 = CARTESIAN_POINT('',(-28.40924992094,21.6,50.871808146125));
#1757 = CARTESIAN_POINT('',(-28.39889479014,21.6,50.809508419625));
#1758 = CARTESIAN_POINT('',(-28.3806984684,21.6,50.68909084884));
#1759 = CARTESIAN_POINT('',(-28.37273054077,21.6,50.630992142358));
#1760 = CARTESIAN_POINT('',(-28.36555784685,21.6,50.572786593677));
#1761 = CARTESIAN_POINT('',(-28.35918208721,21.6,50.514487265793));
#1762 = CARTESIAN_POINT('',(-28.35360469366,21.6,50.456107251092));
#1763 = CARTESIAN_POINT('',(-28.34882682926,21.6,50.397659671353));
#1764 = CARTESIAN_POINT('',(-28.34041301195,21.6,50.273905455154));
#1765 = CARTESIAN_POINT('',(-28.33697242762,21.6,50.208585521162));
#1766 = CARTESIAN_POINT('',(-28.33452887593,21.6,50.143216128012));
#1767 = CARTESIAN_POINT('',(-28.3330831791,21.6,50.077815537193));
#1768 = CARTESIAN_POINT('',(-28.33263574103,21.6,50.012402019439));
#1769 = CARTESIAN_POINT('',(-28.33318654723,21.6,49.946993854737));
#1770 = CARTESIAN_POINT('',(-28.33628378249,21.6,49.816224809897));
#1771 = CARTESIAN_POINT('',(-28.33883021201,21.6,49.750863911082));
#1772 = CARTESIAN_POINT('',(-28.34237401988,21.6,49.685544925086));
#1773 = CARTESIAN_POINT('',(-28.34691435515,21.6,49.620286112084));
#1774 = CARTESIAN_POINT('',(-28.35244994939,21.6,49.555105703202));
#1775 = CARTESIAN_POINT('',(-28.35897911675,21.6,49.490021900525));
#1776 = CARTESIAN_POINT('',(-28.37376105876,21.6,49.362324164444));
#1777 = CARTESIAN_POINT('',(-28.381946637,21.6,49.29970243527));
#1778 = CARTESIAN_POINT('',(-28.39105459499,21.6,49.237204045657));
#1779 = CARTESIAN_POINT('',(-28.40108268007,21.6,49.174845293952));
#1780 = CARTESIAN_POINT('',(-28.41202828056,21.6,49.112642420764));
#1781 = CARTESIAN_POINT('',(-28.42388842571,21.6,49.050611608962));
#1782 = CARTESIAN_POINT('',(-28.44988726569,21.6,48.924717693582));
#1783 = CARTESIAN_POINT('',(-28.46409221317,21.6,48.860868254553));
#1784 = CARTESIAN_POINT('',(-28.47927092788,21.6,48.797238582815));
#1785 = CARTESIAN_POINT('',(-28.49541930401,21.6,48.733846491296));
#1786 = CARTESIAN_POINT('',(-28.51253283025,21.6,48.670709689625));
#1787 = CARTESIAN_POINT('',(-28.53060658978,21.6,48.607845784131));
#1788 = CARTESIAN_POINT('',(-28.56472696483,21.6,48.495645012885));
#1789 = CARTESIAN_POINT('',(-28.5804193234,21.6,48.446200404383));
#1790 = CARTESIAN_POINT('',(-28.59670968143,21.6,48.396947181125));
#1791 = CARTESIAN_POINT('',(-28.61359522788,21.6,48.347894018007));
#1792 = CARTESIAN_POINT('',(-28.63107299512,21.6,48.299049536041));
#1793 = CARTESIAN_POINT('',(-28.64913985901,21.6,48.25042230235));
#1794 = CARTESIAN_POINT('',(-28.69131113455,21.6,48.140992888657));
#1795 = CARTESIAN_POINT('',(-28.71576106091,21.6,48.080323847967));
#1796 = CARTESIAN_POINT('',(-28.74113573905,21.6,48.020030778589));
#1797 = CARTESIAN_POINT('',(-28.7674282069,21.6,47.960130582822));
#1798 = CARTESIAN_POINT('',(-28.79463111924,21.6,47.900639994776));
#1799 = CARTESIAN_POINT('',(-28.82273674765,21.6,47.841575580372));
#1800 = CARTESIAN_POINT('',(-28.87273714989,21.6,47.740503435824));
#1801 = CARTESIAN_POINT('',(-28.89420643108,21.6,47.69828520192));
#1802 = CARTESIAN_POINT('',(-28.91614174514,21.6,47.65630525943));
#1803 = CARTESIAN_POINT('',(-28.93853991174,21.6,47.61456977775));
#1804 = CARTESIAN_POINT('',(-28.96139764912,21.6,47.573084871869));
#1805 = CARTESIAN_POINT('',(-28.9847115742,21.6,47.531856602367));
#1806 = CARTESIAN_POINT('',(-29.0379035513,21.6,47.440171628618));
#1807 = CARTESIAN_POINT('',(-29.06802284389,21.6,47.389854874161));
#1808 = CARTESIAN_POINT('',(-29.09882946534,21.6,47.33995211361));
#1809 = CARTESIAN_POINT('',(-29.1303165726,21.6,47.290474603376));
#1810 = CARTESIAN_POINT('',(-29.16247709456,21.6,47.241433454712));
#1811 = CARTESIAN_POINT('',(-29.19530373202,21.6,47.192839633721));
#1812 = CARTESIAN_POINT('',(-29.26613786263,21.6,47.091014173789));
#1813 = CARTESIAN_POINT('',(-29.30430611507,21.6,47.037894347896));
#1814 = CARTESIAN_POINT('',(-29.34328326757,21.6,46.985359501472));
#1815 = CARTESIAN_POINT('',(-29.38305854046,21.6,46.933424397882));
#1816 = CARTESIAN_POINT('',(-29.42362082188,21.6,46.882103546056));
#1817 = CARTESIAN_POINT('',(-29.46495866771,21.6,46.831411200489));
#1818 = CARTESIAN_POINT('',(-29.54916193556,21.6,46.731311521982));
#1819 = CARTESIAN_POINT('',(-29.59202736961,21.6,46.681904174744));
#1820 = CARTESIAN_POINT('',(-29.63564482694,21.6,46.633153319143));
#1821 = CARTESIAN_POINT('',(-29.68000222314,21.6,46.58507267105));
#1822 = CARTESIAN_POINT('',(-29.72508716625,21.6,46.537675662587));
#1823 = CARTESIAN_POINT('',(-29.77088695671,21.6,46.490975442133));
#1824 = CARTESIAN_POINT('',(-29.86389021817,21.6,46.398994306496));
#1825 = CARTESIAN_POINT('',(-29.91109370244,21.6,46.353713378175));
#1826 = CARTESIAN_POINT('',(-29.95898603268,21.6,46.309154953498));
#1827 = CARTESIAN_POINT('',(-30.00755392098,21.6,46.265331585928));
#1828 = CARTESIAN_POINT('',(-30.05678379909,21.6,46.222255518248));
#1829 = CARTESIAN_POINT('',(-30.10666181844,21.6,46.179938682557));
#1830 = CARTESIAN_POINT('',(-30.20420229395,21.6,46.099711957717));
#1831 = CARTESIAN_POINT('',(-30.25178032693,21.6,46.061699401008));
#1832 = CARTESIAN_POINT('',(-30.29989654747,21.6,46.024364407637));
#1833 = CARTESIAN_POINT('',(-30.34853936477,21.6,45.98771610397));
#1834 = CARTESIAN_POINT('',(-30.39769699884,21.6,45.951763365252));
#1835 = CARTESIAN_POINT('',(-30.44735748049,21.6,45.916514815603));
#1836 = CARTESIAN_POINT('',(-30.55137472307,21.6,45.844884619556));
#1837 = CARTESIAN_POINT('',(-30.60580688502,21.6,45.808612438167));
#1838 = CARTESIAN_POINT('',(-30.66079006966,21.6,45.773172659491));
#1839 = CARTESIAN_POINT('',(-30.71630898818,21.6,45.738575304017));
#1840 = CARTESIAN_POINT('',(-30.77234813044,21.6,45.704830037089));
#1841 = CARTESIAN_POINT('',(-30.82889176501,21.6,45.671946168904));
#1842 = CARTESIAN_POINT('',(-30.94295611325,21.6,45.607919140121));
#1843 = CARTESIAN_POINT('',(-31.00047684321,21.6,45.576775970376));
#1844 = CARTESIAN_POINT('',(-31.05847017593,21.6,45.546512099739));
#1845 = CARTESIAN_POINT('',(-31.1169199704,21.6,45.51713610877));
#1846 = CARTESIAN_POINT('',(-31.17580989771,21.6,45.48865620414));
#1847 = CARTESIAN_POINT('',(-31.23512344101,21.6,45.461080218622));
#1848 = CARTESIAN_POINT('',(-31.35456435016,21.6,45.407751003569));
#1849 = CARTESIAN_POINT('',(-31.41469173305,21.6,45.381997766417));
#1850 = CARTESIAN_POINT('',(-31.47520933924,21.6,45.357163357898));
#1851 = CARTESIAN_POINT('',(-31.53610031077,21.6,45.33325484676));
#1852 = CARTESIAN_POINT('',(-31.59734763674,21.6,45.310278912242));
#1853 = CARTESIAN_POINT('',(-31.65893415332,21.6,45.288241844071));
#1854 = CARTESIAN_POINT('',(-31.77848139059,21.6,45.247511882125));
#1855 = CARTESIAN_POINT('',(-31.83639925966,21.6,45.228693164513));
#1856 = CARTESIAN_POINT('',(-31.89458217702,21.6,45.210698150323));
#1857 = CARTESIAN_POINT('',(-31.95301608018,21.6,45.193531298578));
#1858 = CARTESIAN_POINT('',(-32.01168681799,21.6,45.177196766634));
#1859 = CARTESIAN_POINT('',(-32.07058015069,21.6,45.161698410175));
#1860 = CARTESIAN_POINT('',(-32.19316124463,21.6,45.131295332213));
#1861 = CARTESIAN_POINT('',(-32.25688101931,21.6,45.116519618618));
#1862 = CARTESIAN_POINT('',(-32.32082331749,21.6,45.102717046107));
#1863 = CARTESIAN_POINT('',(-32.38497030072,21.6,45.089891608015));
#1864 = CARTESIAN_POINT('',(-32.44930404845,21.6,45.078046887343));
#1865 = CARTESIAN_POINT('',(-32.51380655814,21.6,45.067186056748));
#1866 = CARTESIAN_POINT('',(-32.64311293221,21.6,45.047437700355));
#1867 = CARTESIAN_POINT('',(-32.70791681506,21.6,45.038550171736));
#1868 = CARTESIAN_POINT('',(-32.77285330901,21.6,45.030652054343));
#1869 = CARTESIAN_POINT('',(-32.83790428519,21.6,45.023745693705));
#1870 = CARTESIAN_POINT('',(-32.90305157052,21.6,45.017833019227));
#1871 = CARTESIAN_POINT('',(-32.96827694777,21.6,45.012915544193));
#1872 = CARTESIAN_POINT('',(-33.09884736323,21.6,45.005073187342));
#1873 = CARTESIAN_POINT('',(-33.1641924201,21.6,45.002148304403));
#1874 = CARTESIAN_POINT('',(-33.22957906464,21.6,45.000220813437));
#1875 = CARTESIAN_POINT('',(-33.29498902944,21.6,44.999291392511));
#1876 = CARTESIAN_POINT('',(-33.36040404115,21.6,44.999360301273));
#1877 = CARTESIAN_POINT('',(-33.42580582047,21.6,45.000427380954));
#1878 = CARTESIAN_POINT('',(-33.54752975716,21.6,45.00427194528));
#1879 = CARTESIAN_POINT('',(-33.60386002081,21.6,45.006793211159));
#1880 = CARTESIAN_POINT('',(-33.66015516125,21.6,45.010055481956));
#1881 = CARTESIAN_POINT('',(-33.71640348302,21.6,45.0140581571));
#1882 = CARTESIAN_POINT('',(-33.77259330708,21.6,45.018800405502));
#1883 = CARTESIAN_POINT('',(-33.82871297079,21.6,45.024281165551));
#1884 = CARTESIAN_POINT('',(-33.9497547408,21.6,45.037712001265));
#1885 = CARTESIAN_POINT('',(-34.01464858999,21.6,45.045916861744));
#1886 = CARTESIAN_POINT('',(-34.07941419271,21.6,45.055111708651));
#1887 = CARTESIAN_POINT('',(-34.14403343138,21.6,45.065294110722));
#1888 = CARTESIAN_POINT('',(-34.20848825356,21.6,45.076461223337));
#1889 = CARTESIAN_POINT('',(-34.27276067192,21.6,45.088609788512));
#1890 = CARTESIAN_POINT('',(-34.40090485663,21.6,45.114862481298));
#1891 = CARTESIAN_POINT('',(-34.46477664129,21.6,45.12896661266));
#1892 = CARTESIAN_POINT('',(-34.52843019621,21.6,45.144044856983));
#1893 = CARTESIAN_POINT('',(-34.591847702,21.6,45.160093136587));
#1894 = CARTESIAN_POINT('',(-34.65501144193,21.6,45.177106968121));
#1895 = CARTESIAN_POINT('',(-34.71790380194,21.6,45.195081462559));
#1896 = CARTESIAN_POINT('',(-34.84311073927,21.6,45.232941187849));
#1897 = CARTESIAN_POINT('',(-34.90542533448,21.6,45.252826424109));
#1898 = CARTESIAN_POINT('',(-34.96743354501,21.6,45.273661738636));
#1899 = CARTESIAN_POINT('',(-35.02911799899,21.6,45.295441441498));
#1900 = CARTESIAN_POINT('',(-35.09046146383,21.6,45.318159448174));
#1901 = CARTESIAN_POINT('',(-35.15144684628,21.6,45.341809279557));
#1902 = CARTESIAN_POINT('',(-35.27266753855,21.6,45.390958844353));
#1903 = CARTESIAN_POINT('',(-35.33290286569,21.6,45.416458584786));
#1904 = CARTESIAN_POINT('',(-35.39274622015,21.6,45.442876408932));
#1905 = CARTESIAN_POINT('',(-35.45218082308,21.6,45.470205062274));
#1906 = CARTESIAN_POINT('',(-35.51119007044,21.6,45.4984369101));
#1907 = CARTESIAN_POINT('',(-35.569757533,21.6,45.527563937506));
#1908 = CARTESIAN_POINT('',(-35.68597637975,21.6,45.587591561277));
#1909 = CARTESIAN_POINT('',(-35.74362778053,21.6,45.618492166216));
#1910 = CARTESIAN_POINT('',(-35.80080490462,21.6,45.650271168505));
#1911 = CARTESIAN_POINT('',(-35.85749170678,21.6,45.682919809823));
#1912 = CARTESIAN_POINT('',(-35.91367235061,21.6,45.716428969234));
#1913 = CARTESIAN_POINT('',(-35.96933120856,21.6,45.750789163181));
#1914 = CARTESIAN_POINT('',(-36.07577302258,21.6,45.818764246635));
#1915 = CARTESIAN_POINT('',(-36.12662753308,21.6,45.852267118908));
#1916 = CARTESIAN_POINT('',(-36.17700395167,21.6,45.886491216554));
#1917 = CARTESIAN_POINT('',(-36.22689001688,21.6,45.921428336273));
#1918 = CARTESIAN_POINT('',(-36.27627364765,21.6,45.957070017225));
#1919 = CARTESIAN_POINT('',(-36.32514294326,21.6,45.993407541028));
#1920 = CARTESIAN_POINT('',(-36.42361991358,21.6,46.068827596017));
#1921 = CARTESIAN_POINT('',(-36.4731879114,21.6,46.107961957491));
#1922 = CARTESIAN_POINT('',(-36.52217710494,21.6,46.147825004534));
#1923 = CARTESIAN_POINT('',(-36.57057465596,21.6,46.188406446842));
#1924 = CARTESIAN_POINT('',(-36.61836795989,21.6,46.229695715453));
#1925 = CARTESIAN_POINT('',(-36.66554464581,21.6,46.271681962745));
#1926 = CARTESIAN_POINT('',(-36.76030293289,21.6,46.358550165436));
#1927 = CARTESIAN_POINT('',(-36.80783883406,21.6,46.403481997111));
#1928 = CARTESIAN_POINT('',(-36.85468679487,21.6,46.449137194772));
#1929 = CARTESIAN_POINT('',(-36.90083362685,21.6,46.495503100533));
#1930 = CARTESIAN_POINT('',(-36.94626643812,21.6,46.54256676131));
#1931 = CARTESIAN_POINT('',(-36.9909726334,21.6,46.590314928826));
#1932 = CARTESIAN_POINT('',(-37.07739108171,21.6,46.685483565475));
#1933 = CARTESIAN_POINT('',(-37.1191534269,21.6,46.732858571332));
#1934 = CARTESIAN_POINT('',(-37.16021588089,21.6,46.78084688736));
#1935 = CARTESIAN_POINT('',(-37.20056765477,21.6,46.829436091402));
#1936 = CARTESIAN_POINT('',(-37.24019823939,21.6,46.878613528966));
#1937 = CARTESIAN_POINT('',(-37.27909740537,21.6,46.928366313229));
#1938 = CARTESIAN_POINT('',(-37.35677577905,21.6,47.030793301239));
#1939 = CARTESIAN_POINT('',(-37.39550109696,21.6,47.083508395377));
#1940 = CARTESIAN_POINT('',(-37.43342010247,21.6,47.136812030589));
#1941 = CARTESIAN_POINT('',(-37.47052208588,21.6,47.190689392679));
#1942 = CARTESIAN_POINT('',(-37.50679668214,21.6,47.245125430114));
#1943 = CARTESIAN_POINT('',(-37.54223387085,21.6,47.300104854028));
#1944 = CARTESIAN_POINT('',(-37.60902855748,21.6,47.40729133442));
#1945 = CARTESIAN_POINT('',(-37.64049887331,21.6,47.459428105621));
#1946 = CARTESIAN_POINT('',(-37.67122711632,21.6,47.512009922729));
#1947 = CARTESIAN_POINT('',(-37.70120575279,21.6,47.565024101888));
#1948 = CARTESIAN_POINT('',(-37.7304275227,21.6,47.618457804476));
#1949 = CARTESIAN_POINT('',(-37.75888543971,21.6,47.672298037102));
#1950 = CARTESIAN_POINT('',(-37.81631105722,21.6,47.784782570237));
#1951 = CARTESIAN_POINT('',(-37.84516037943,21.6,47.843487323068));
#1952 = CARTESIAN_POINT('',(-37.87311243979,21.6,47.902629616118));
#1953 = CARTESIAN_POINT('',(-37.90015930129,21.6,47.962192982393));
#1954 = CARTESIAN_POINT('',(-37.92629340794,21.6,48.022160781879));
#1955 = CARTESIAN_POINT('',(-37.95150758477,21.6,48.082516201553));
#1956 = CARTESIAN_POINT('',(-38.00008249089,21.6,48.203968309192));
#1957 = CARTESIAN_POINT('',(-38.02344322712,21.6,48.265065014506));
#1958 = CARTESIAN_POINT('',(-38.04587045319,21.6,48.32651538502));
#1959 = CARTESIAN_POINT('',(-38.06735777103,21.6,48.388302296991));
#1960 = CARTESIAN_POINT('',(-38.0878991778,21.6,48.450408489223));
#1961 = CARTESIAN_POINT('',(-38.10748906591,21.6,48.51281656307));
#1962 = CARTESIAN_POINT('',(-38.14475538008,21.6,48.638201401798));
#1963 = CARTESIAN_POINT('',(-38.16243181146,21.6,48.701178184588));
#1964 = CARTESIAN_POINT('',(-38.17914630545,21.6,48.764421794514));
#1965 = CARTESIAN_POINT('',(-38.19489405649,21.6,48.827914594547));
#1966 = CARTESIAN_POINT('',(-38.20967066519,21.6,48.891638846925));
#1967 = CARTESIAN_POINT('',(-38.2234721383,21.6,48.955576713148));
#1968 = CARTESIAN_POINT('',(-38.24911763918,21.6,49.083843794813));
#1969 = CARTESIAN_POINT('',(-38.26096167062,21.6,49.148173028576));
#1970 = CARTESIAN_POINT('',(-38.27182339663,21.6,49.212680015902));
#1971 = CARTESIAN_POINT('',(-38.28169964445,21.6,49.277346754244));
#1972 = CARTESIAN_POINT('',(-38.290587655,21.6,49.34215517788));
#1973 = CARTESIAN_POINT('',(-38.29848508284,21.6,49.407087157911));
#1974 = CARTESIAN_POINT('',(-38.31229490958,21.6,49.537161846609));
#1975 = CARTESIAN_POINT('',(-38.31820731045,21.6,49.602304573856));
#1976 = CARTESIAN_POINT('',(-38.32312526772,21.6,49.667534491853));
#1977 = CARTESIAN_POINT('',(-38.32704726803,21.6,49.732833383364));
#1978 = CARTESIAN_POINT('',(-38.32997221568,21.6,49.798183006063));
#1979 = CARTESIAN_POINT('',(-38.33189943272,21.6,49.863565092537));
#1980 = CARTESIAN_POINT('',(-38.33372584277,21.6,49.992102565035));
#1981 = CARTESIAN_POINT('',(-38.33369267631,21.6,50.055257007126));
#1982 = CARTESIAN_POINT('',(-38.33272892585,21.6,50.118408212878));
#1983 = CARTESIAN_POINT('',(-38.33083472123,21.6,50.181539729521));
#1984 = CARTESIAN_POINT('',(-38.32801055575,21.6,50.244635115186));
#1985 = CARTESIAN_POINT('',(-38.32425728625,21.6,50.307677938916));
#1986 = CARTESIAN_POINT('',(-38.31472779578,21.6,50.435874687788));
#1987 = CARTESIAN_POINT('',(-38.30888411255,21.6,50.501023615358));
#1988 = CARTESIAN_POINT('',(-38.30204643983,21.6,50.566080319374));
#1989 = CARTESIAN_POINT('',(-38.29421654958,21.6,50.631026605931));
#1990 = CARTESIAN_POINT('',(-38.28539662921,21.6,50.695844331211));
#1991 = CARTESIAN_POINT('',(-38.27558928159,21.6,50.76051540148));
#1992 = CARTESIAN_POINT('',(-38.25400576845,21.6,50.889528144708));
#1993 = CARTESIAN_POINT('',(-38.24222959985,21.6,50.953869836094));
#1994 = CARTESIAN_POINT('',(-38.22947203821,21.6,51.018028803719));
#1995 = CARTESIAN_POINT('',(-38.21573651164,21.6,51.081987091913));
#1996 = CARTESIAN_POINT('',(-38.20102685739,21.6,51.145726832871));
#1997 = CARTESIAN_POINT('',(-38.18534732183,21.6,51.209230246652));
#1998 = CARTESIAN_POINT('',(-38.15205779911,21.6,51.335729035706));
#1999 = CARTESIAN_POINT('',(-38.13444780721,21.6,51.398724429048));
#2000 = CARTESIAN_POINT('',(-38.11587724092,21.6,51.4614481293));
#2001 = CARTESIAN_POINT('',(-38.0963511558,21.6,51.523882569465));
#2002 = CARTESIAN_POINT('',(-38.07587500678,21.6,51.586010307448));
#2003 = CARTESIAN_POINT('',(-38.05445464818,21.6,51.647814026064));
#2004 = CARTESIAN_POINT('',(-38.00973801922,21.6,51.770739039993));
#2005 = CARTESIAN_POINT('',(-37.98644174248,21.6,51.831860352865));
#2006 = CARTESIAN_POINT('',(-37.96221375782,21.6,51.892623279595));
#2007 = CARTESIAN_POINT('',(-37.93706070586,21.6,51.953010789033));
#2008 = CARTESIAN_POINT('',(-37.91098961353,21.6,52.01300601093));
#2009 = CARTESIAN_POINT('',(-37.88400789404,21.6,52.072592235938));
#2010 = CARTESIAN_POINT('',(-37.82823879975,21.6,52.190913595277));
#2011 = CARTESIAN_POINT('',(-37.79945141697,21.6,52.249648746509));
#2012 = CARTESIAN_POINT('',(-37.76976899869,21.6,52.307941821145));
#2013 = CARTESIAN_POINT('',(-37.73919971497,21.6,52.365776466574));
#2014 = CARTESIAN_POINT('',(-37.70775210585,21.6,52.42313652573));
#2015 = CARTESIAN_POINT('',(-37.67543508133,21.6,52.480006037096));
#2016 = CARTESIAN_POINT('',(-37.60908076137,21.6,52.592732432312));
#2017 = CARTESIAN_POINT('',(-37.57504345647,21.6,52.648589332262));
#2018 = CARTESIAN_POINT('',(-37.54015528717,21.6,52.703924168928));
#2019 = CARTESIAN_POINT('',(-37.50442588456,21.6,52.758721405242));
#2020 = CARTESIAN_POINT('',(-37.46786523022,21.6,52.812965732689));
#2021 = CARTESIAN_POINT('',(-37.43048365629,21.6,52.866642071312));
#2022 = CARTESIAN_POINT('',(-37.35410003457,21.6,52.972829068102));
#2023 = CARTESIAN_POINT('',(-37.31509797587,21.6,53.025339741437));
#2024 = CARTESIAN_POINT('',(-37.27529635253,21.6,53.077252738707));
#2025 = CARTESIAN_POINT('',(-37.23470617594,21.6,53.128553468554));
#2026 = CARTESIAN_POINT('',(-37.19333878562,21.6,53.179227599273));
#2027 = CARTESIAN_POINT('',(-37.15120584928,21.6,53.229261058804));
#2028 = CARTESIAN_POINT('',(-37.06543287629,21.6,53.328019010677));
#2029 = CARTESIAN_POINT('',(-37.02179282738,21.6,53.376743517125));
#2030 = CARTESIAN_POINT('',(-36.97741121244,21.6,53.424799742121));
#2031 = CARTESIAN_POINT('',(-36.93230033089,21.6,53.472174162271));
#2032 = CARTESIAN_POINT('',(-36.8864727852,21.6,53.518853542746));
#2033 = CARTESIAN_POINT('',(-36.83994148088,21.6,53.564824937287));
#2034 = CARTESIAN_POINT('',(-36.74875445126,21.6,53.652205698148));
#2035 = CARTESIAN_POINT('',(-36.70419067926,21.6,53.693711046178));
#2036 = CARTESIAN_POINT('',(-36.65903896948,21.6,53.73458151856));
#2037 = CARTESIAN_POINT('',(-36.61331018854,21.6,53.774807137641));
#2038 = CARTESIAN_POINT('',(-36.56701541073,21.6,53.814378161846));
#2039 = CARTESIAN_POINT('',(-36.52016591802,21.6,53.853285085681));
#2040 = CARTESIAN_POINT('',(-36.09543500929,21.6,54.195932075441));
#2041 = CARTESIAN_POINT('',(-35.68351099684,21.6,54.457778552072));
#2042 = CARTESIAN_POINT('',(-35.24302048793,21.6,54.672108397425));
#2043 = CARTESIAN_POINT('',(-34.78057737458,21.6,54.835388980298));
#2044 = CARTESIAN_POINT('',(-34.30316683714,21.6,54.945153955567));
#2045 = CARTESIAN_POINT('',(-33.81815458909,21.6,55.));
#2046 = CARTESIAN_POINT('',(-33.33333333333,21.6,55.));
#2047 = PCURVE('',#978,#2048);
#2048 = DEFINITIONAL_REPRESENTATION('',(#2049),#2436);
#2049 = B_SPLINE_CURVE_WITH_KNOTS('',7,(#2050,#2051,#2052,#2053,#2054,
    #2055,#2056,#2057,#2058,#2059,#2060,#2061,#2062,#2063,#2064,#2065,
    #2066,#2067,#2068,#2069,#2070,#2071,#2072,#2073,#2074,#2075,#2076,
    #2077,#2078,#2079,#2080,#2081,#2082,#2083,#2084,#2085,#2086,#2087,
    #2088,#2089,#2090,#2091,#2092,#2093,#2094,#2095,#2096,#2097,#2098,
    #2099,#2100,#2101,#2102,#2103,#2104,#2105,#2106,#2107,#2108,#2109,
    #2110,#2111,#2112,#2113,#2114,#2115,#2116,#2117,#2118,#2119,#2120,
    #2121,#2122,#2123,#2124,#2125,#2126,#2127,#2128,#2129,#2130,#2131,
    #2132,#2133,#2134,#2135,#2136,#2137,#2138,#2139,#2140,#2141,#2142,
    #2143,#2144,#2145,#2146,#2147,#2148,#2149,#2150,#2151,#2152,#2153,
    #2154,#2155,#2156,#2157,#2158,#2159,#2160,#2161,#2162,#2163,#2164,
    #2165,#2166,#2167,#2168,#2169,#2170,#2171,#2172,#2173,#2174,#2175,
    #2176,#2177,#2178,#2179,#2180,#2181,#2182,#2183,#2184,#2185,#2186,
    #2187,#2188,#2189,#2190,#2191,#2192,#2193,#2194,#2195,#2196,#2197,
    #2198,#2199,#2200,#2201,#2202,#2203,#2204,#2205,#2206,#2207,#2208,
    #2209,#2210,#2211,#2212,#2213,#2214,#2215,#2216,#2217,#2218,#2219,
    #2220,#2221,#2222,#2223,#2224,#2225,#2226,#2227,#2228,#2229,#2230,
    #2231,#2232,#2233,#2234,#2235,#2236,#2237,#2238,#2239,#2240,#2241,
    #2242,#2243,#2244,#2245,#2246,#2247,#2248,#2249,#2250,#2251,#2252,
    #2253,#2254,#2255,#2256,#2257,#2258,#2259,#2260,#2261,#2262,#2263,
    #2264,#2265,#2266,#2267,#2268,#2269,#2270,#2271,#2272,#2273,#2274,
    #2275,#2276,#2277,#2278,#2279,#2280,#2281,#2282,#2283,#2284,#2285,
    #2286,#2287,#2288,#2289,#2290,#2291,#2292,#2293,#2294,#2295,#2296,
    #2297,#2298,#2299,#2300,#2301,#2302,#2303,#2304,#2305,#2306,#2307,
    #2308,#2309,#2310,#2311,#2312,#2313,#2314,#2315,#2316,#2317,#2318,
    #2319,#2320,#2321,#2322,#2323,#2324,#2325,#2326,#2327,#2328,#2329,
    #2330,#2331,#2332,#2333,#2334,#2335,#2336,#2337,#2338,#2339,#2340,
    #2341,#2342,#2343,#2344,#2345,#2346,#2347,#2348,#2349,#2350,#2351,
    #2352,#2353,#2354,#2355,#2356,#2357,#2358,#2359,#2360,#2361,#2362,
    #2363,#2364,#2365,#2366,#2367,#2368,#2369,#2370,#2371,#2372,#2373,
    #2374,#2375,#2376,#2377,#2378,#2379,#2380,#2381,#2382,#2383,#2384,
    #2385,#2386,#2387,#2388,#2389,#2390,#2391,#2392,#2393,#2394,#2395,
    #2396,#2397,#2398,#2399,#2400,#2401,#2402,#2403,#2404,#2405,#2406,
    #2407,#2408,#2409,#2410,#2411,#2412,#2413,#2414,#2415,#2416,#2417,
    #2418,#2419,#2420,#2421,#2422,#2423,#2424,#2425,#2426,#2427,#2428,
    #2429,#2430,#2431,#2432,#2433,#2434,#2435),.UNSPECIFIED.,.F.,.F.,(8,
    6,6,6,6,6,6,6,6,6,6,6,6,6,6,6,6,6,6,6,6,6,6,6,6,6,6,6,6,6,6,6,6,6,6,
    6,6,6,6,6,6,6,6,6,6,6,6,6,6,6,6,6,6,6,6,6,6,6,6,6,6,6,6,6,8),(0.,
    1.859295713105E-02,3.3166026687E-02,4.773909624296E-02,
    6.231216579892E-02,7.688523535488E-02,9.145830491085E-02,
    0.10552885491,0.118091846161,0.13165987659,0.146232946146,
    0.160303496145,0.174876565701,0.189449635257,0.204022704813,
    0.212063019381,0.22613356938,0.239199080226,0.253772149782,
    0.268345219338,0.282415769337,0.296988838893,0.308546790926,
    0.323119860482,0.333672773265,0.34673828411,0.361311353666,
    0.375884423222,0.390457492778,0.404025523207,0.418598592763,
    0.433171662319,0.447744731875,0.461312762303,0.475885831859,
    0.490458901415,0.505031970971,0.517594962222,0.532168031778,
    0.546741101334,0.56131417089,0.575887240446,0.590460310002,
    0.604028340431,0.61809889043,0.632671959986,0.646742509985,
    0.661315579541,0.67488360997,0.689456679526,0.704029749082,
    0.718602818638,0.733175888194,0.74774895775,0.761819507749,
    0.776392577305,0.790965646861,0.805538716417,0.820111785973,
    0.834684855529,0.849257925085,0.863830994641,0.878404064197,
    0.891972094626,1.),.UNSPECIFIED.);
#2050 = CARTESIAN_POINT('',(0.,-1.79218452154));
#2051 = CARTESIAN_POINT('',(1.669005598778E-02,-1.79218452154));
#2052 = CARTESIAN_POINT('',(3.337909764753E-02,-1.79218452154));
#2053 = CARTESIAN_POINT('',(5.006776083881E-02,-1.79218452154));
#2054 = CARTESIAN_POINT('',(6.675644420091E-02,-1.79218452154));
#2055 = CARTESIAN_POINT('',(8.344530915275E-02,-1.79218452154));
#2056 = CARTESIAN_POINT('',(0.100134279893,-1.79218452154));
#2057 = CARTESIAN_POINT('',(0.129903615235,-1.79218452154));
#2058 = CARTESIAN_POINT('',(0.142984187662,-1.79218452154));
#2059 = CARTESIAN_POINT('',(0.156064760444,-1.79218452154));
#2060 = CARTESIAN_POINT('',(0.169145333344,-1.79218452154));
#2061 = CARTESIAN_POINT('',(0.182225906126,-1.79218452154));
#2062 = CARTESIAN_POINT('',(0.195306478553,-1.79218452154));
#2063 = CARTESIAN_POINT('',(0.221467622224,-1.79218452154));
#2064 = CARTESIAN_POINT('',(0.234548194651,-1.79218452154));
#2065 = CARTESIAN_POINT('',(0.247628767433,-1.79218452154));
#2066 = CARTESIAN_POINT('',(0.260709340333,-1.79218452154));
#2067 = CARTESIAN_POINT('',(0.273789913115,-1.79218452154));
#2068 = CARTESIAN_POINT('',(0.286870485542,-1.79218452154));
#2069 = CARTESIAN_POINT('',(0.313031629214,-1.79218452154));
#2070 = CARTESIAN_POINT('',(0.326112201641,-1.79218452154));
#2071 = CARTESIAN_POINT('',(0.339192774422,-1.79218452154));
#2072 = CARTESIAN_POINT('',(0.352273347323,-1.79218452154));
#2073 = CARTESIAN_POINT('',(0.365353920104,-1.79218452154));
#2074 = CARTESIAN_POINT('',(0.378434492531,-1.79218452154));
#2075 = CARTESIAN_POINT('',(0.404595636203,-1.79218452154));
#2076 = CARTESIAN_POINT('',(0.41767620863,-1.79218452154));
#2077 = CARTESIAN_POINT('',(0.430756781411,-1.79218452154));
#2078 = CARTESIAN_POINT('',(0.443837354312,-1.79218452154));
#2079 = CARTESIAN_POINT('',(0.456917927093,-1.79218452154));
#2080 = CARTESIAN_POINT('',(0.46999849952,-1.79218452154));
#2081 = CARTESIAN_POINT('',(0.496159643192,-1.79218452154));
#2082 = CARTESIAN_POINT('',(0.509240215619,-1.79218452154));
#2083 = CARTESIAN_POINT('',(0.5223207884,-1.79218452154));
#2084 = CARTESIAN_POINT('',(0.535401361301,-1.79218452154));
#2085 = CARTESIAN_POINT('',(0.548481934082,-1.79218452154));
#2086 = CARTESIAN_POINT('',(0.561562506509,-1.79218452154));
#2087 = CARTESIAN_POINT('',(0.587272596054,-1.79218452154));
#2088 = CARTESIAN_POINT('',(0.59990211426,-1.79218452154));
#2089 = CARTESIAN_POINT('',(0.612531632763,-1.79218452154));
#2090 = CARTESIAN_POINT('',(0.625161151365,-1.79218452154));
#2091 = CARTESIAN_POINT('',(0.637790669868,-1.79218452154));
#2092 = CARTESIAN_POINT('',(0.650420188074,-1.79218452154));
#2093 = CARTESIAN_POINT('',(0.674326061042,-1.79218452154));
#2094 = CARTESIAN_POINT('',(0.685602416582,-1.79218452154));
#2095 = CARTESIAN_POINT('',(0.696878772292,-1.79218452154));
#2096 = CARTESIAN_POINT('',(0.708155128057,-1.79218452154));
#2097 = CARTESIAN_POINT('',(0.719431483767,-1.79218452154));
#2098 = CARTESIAN_POINT('',(0.730707839307,-1.79218452154));
#2099 = CARTESIAN_POINT('',(0.754162658136,-1.79218452154));
#2100 = CARTESIAN_POINT('',(0.76634112212,-1.79218452154));
#2101 = CARTESIAN_POINT('',(0.778519586352,-1.79218452154));
#2102 = CARTESIAN_POINT('',(0.790698050667,-1.79218452154));
#2103 = CARTESIAN_POINT('',(0.802876514899,-1.79218452154));
#2104 = CARTESIAN_POINT('',(0.815054978883,-1.79218452154));
#2105 = CARTESIAN_POINT('',(0.840314014288,-1.79218452154));
#2106 = CARTESIAN_POINT('',(0.853394586715,-1.79218452154));
#2107 = CARTESIAN_POINT('',(0.866475159497,-1.79218452154));
#2108 = CARTESIAN_POINT('',(0.879555732397,-1.79218452154));
#2109 = CARTESIAN_POINT('',(0.892636305179,-1.79218452154));
#2110 = CARTESIAN_POINT('',(0.905716877606,-1.79218452154));
#2111 = CARTESIAN_POINT('',(0.931426967151,-1.79218452154));
#2112 = CARTESIAN_POINT('',(0.944056485356,-1.79218452154));
#2113 = CARTESIAN_POINT('',(0.95668600386,-1.79218452154));
#2114 = CARTESIAN_POINT('',(0.969315522462,-1.79218452154));
#2115 = CARTESIAN_POINT('',(0.981945040965,-1.79218452154));
#2116 = CARTESIAN_POINT('',(0.99457455917,-1.79218452154));
#2117 = CARTESIAN_POINT('',(1.020284648715,-1.79218452154));
#2118 = CARTESIAN_POINT('',(1.033365221142,-1.79218452154));
#2119 = CARTESIAN_POINT('',(1.046445793924,-1.79218452154));
#2120 = CARTESIAN_POINT('',(1.059526366824,-1.79218452154));
#2121 = CARTESIAN_POINT('',(1.072606939606,-1.79218452154));
#2122 = CARTESIAN_POINT('',(1.085687512033,-1.79218452154));
#2123 = CARTESIAN_POINT('',(1.111848655704,-1.79218452154));
#2124 = CARTESIAN_POINT('',(1.124929228131,-1.79218452154));
#2125 = CARTESIAN_POINT('',(1.138009800913,-1.79218452154));
#2126 = CARTESIAN_POINT('',(1.151090373813,-1.79218452154));
#2127 = CARTESIAN_POINT('',(1.164170946595,-1.79218452154));
#2128 = CARTESIAN_POINT('',(1.177251519022,-1.79218452154));
#2129 = CARTESIAN_POINT('',(1.203412662693,-1.79218452154));
#2130 = CARTESIAN_POINT('',(1.21649323512,-1.79218452154));
#2131 = CARTESIAN_POINT('',(1.229573807902,-1.79218452154));
#2132 = CARTESIAN_POINT('',(1.242654380802,-1.79218452154));
#2133 = CARTESIAN_POINT('',(1.255734953584,-1.79218452154));
#2134 = CARTESIAN_POINT('',(1.268815526011,-1.79218452154));
#2135 = CARTESIAN_POINT('',(1.289112965362,-1.79218452154));
#2136 = CARTESIAN_POINT('',(1.296329832908,-1.79218452154));
#2137 = CARTESIAN_POINT('',(1.303546700472,-1.79218452154));
#2138 = CARTESIAN_POINT('',(1.310763568043,-1.79218452154));
#2139 = CARTESIAN_POINT('',(1.317980435607,-1.79218452154));
#2140 = CARTESIAN_POINT('',(1.325197303153,-1.79218452154));
#2141 = CARTESIAN_POINT('',(1.345043688377,-1.79218452154));
#2142 = CARTESIAN_POINT('',(1.357673206583,-1.79218452154));
#2143 = CARTESIAN_POINT('',(1.370302725086,-1.79218452154));
#2144 = CARTESIAN_POINT('',(1.382932243688,-1.79218452154));
#2145 = CARTESIAN_POINT('',(1.395561762191,-1.79218452154));
#2146 = CARTESIAN_POINT('',(1.408191280397,-1.79218452154));
#2147 = CARTESIAN_POINT('',(1.432548207525,-1.79218452154));
#2148 = CARTESIAN_POINT('',(1.444275617288,-1.79218452154));
#2149 = CARTESIAN_POINT('',(1.456003027255,-1.79218452154));
#2150 = CARTESIAN_POINT('',(1.467730437292,-1.79218452154));
#2151 = CARTESIAN_POINT('',(1.479457847259,-1.79218452154));
#2152 = CARTESIAN_POINT('',(1.491185257021,-1.79218452154));
#2153 = CARTESIAN_POINT('',(1.515993238277,-1.79218452154));
#2154 = CARTESIAN_POINT('',(1.529073810704,-1.79218452154));
#2155 = CARTESIAN_POINT('',(1.542154383485,-1.79218452154));
#2156 = CARTESIAN_POINT('',(1.555234956386,-1.79218452154));
#2157 = CARTESIAN_POINT('',(1.568315529167,-1.79218452154));
#2158 = CARTESIAN_POINT('',(1.581396101594,-1.79218452154));
#2159 = CARTESIAN_POINT('',(1.607557245266,-1.79218452154));
#2160 = CARTESIAN_POINT('',(1.620637817693,-1.79218452154));
#2161 = CARTESIAN_POINT('',(1.633718390474,-1.79218452154));
#2162 = CARTESIAN_POINT('',(1.646798963375,-1.79218452154));
#2163 = CARTESIAN_POINT('',(1.659879536156,-1.79218452154));
#2164 = CARTESIAN_POINT('',(1.672960108583,-1.79218452154));
#2165 = CARTESIAN_POINT('',(1.698670198128,-1.79218452154));
#2166 = CARTESIAN_POINT('',(1.711299716334,-1.79218452154));
#2167 = CARTESIAN_POINT('',(1.723929234837,-1.79218452154));
#2168 = CARTESIAN_POINT('',(1.736558753439,-1.79218452154));
#2169 = CARTESIAN_POINT('',(1.749188271942,-1.79218452154));
#2170 = CARTESIAN_POINT('',(1.761817790148,-1.79218452154));
#2171 = CARTESIAN_POINT('',(1.787527879692,-1.79218452154));
#2172 = CARTESIAN_POINT('',(1.800608452119,-1.79218452154));
#2173 = CARTESIAN_POINT('',(1.813689024901,-1.79218452154));
#2174 = CARTESIAN_POINT('',(1.826769597801,-1.79218452154));
#2175 = CARTESIAN_POINT('',(1.839850170583,-1.79218452154));
#2176 = CARTESIAN_POINT('',(1.85293074301,-1.79218452154));
#2177 = CARTESIAN_POINT('',(1.876385561757,-1.79218452154));
#2178 = CARTESIAN_POINT('',(1.886759808855,-1.79218452154));
#2179 = CARTESIAN_POINT('',(1.897134056063,-1.79218452154));
#2180 = CARTESIAN_POINT('',(1.907508303309,-1.79218452154));
#2181 = CARTESIAN_POINT('',(1.917882550518,-1.79218452154));
#2182 = CARTESIAN_POINT('',(1.928256797615,-1.79218452154));
#2183 = CARTESIAN_POINT('',(1.951711616362,-1.79218452154));
#2184 = CARTESIAN_POINT('',(1.964792188789,-1.79218452154));
#2185 = CARTESIAN_POINT('',(1.977872761571,-1.79218452154));
#2186 = CARTESIAN_POINT('',(1.990953334471,-1.79218452154));
#2187 = CARTESIAN_POINT('',(2.004033907253,-1.79218452154));
#2188 = CARTESIAN_POINT('',(2.01711447968,-1.79218452154));
#2189 = CARTESIAN_POINT('',(2.039667190052,-1.79218452154));
#2190 = CARTESIAN_POINT('',(2.049139328706,-1.79218452154));
#2191 = CARTESIAN_POINT('',(2.058611467431,-1.79218452154));
#2192 = CARTESIAN_POINT('',(2.068083606179,-1.79218452154));
#2193 = CARTESIAN_POINT('',(2.077555744904,-1.79218452154));
#2194 = CARTESIAN_POINT('',(2.087027883558,-1.79218452154));
#2195 = CARTESIAN_POINT('',(2.108227431514,-1.79218452154));
#2196 = CARTESIAN_POINT('',(2.119954841276,-1.79218452154));
#2197 = CARTESIAN_POINT('',(2.131682251243,-1.79218452154));
#2198 = CARTESIAN_POINT('',(2.14340966128,-1.79218452154));
#2199 = CARTESIAN_POINT('',(2.155137071247,-1.79218452154));
#2200 = CARTESIAN_POINT('',(2.16686448101,-1.79218452154));
#2201 = CARTESIAN_POINT('',(2.191672462265,-1.79218452154));
#2202 = CARTESIAN_POINT('',(2.204753034692,-1.79218452154));
#2203 = CARTESIAN_POINT('',(2.217833607474,-1.79218452154));
#2204 = CARTESIAN_POINT('',(2.230914180374,-1.79218452154));
#2205 = CARTESIAN_POINT('',(2.243994753156,-1.79218452154));
#2206 = CARTESIAN_POINT('',(2.257075325583,-1.79218452154));
#2207 = CARTESIAN_POINT('',(2.283236469254,-1.79218452154));
#2208 = CARTESIAN_POINT('',(2.296317041681,-1.79218452154));
#2209 = CARTESIAN_POINT('',(2.309397614463,-1.79218452154));
#2210 = CARTESIAN_POINT('',(2.322478187363,-1.79218452154));
#2211 = CARTESIAN_POINT('',(2.335558760145,-1.79218452154));
#2212 = CARTESIAN_POINT('',(2.348639332572,-1.79218452154));
#2213 = CARTESIAN_POINT('',(2.374800476243,-1.79218452154));
#2214 = CARTESIAN_POINT('',(2.38788104867,-1.79218452154));
#2215 = CARTESIAN_POINT('',(2.400961621452,-1.79218452154));
#2216 = CARTESIAN_POINT('',(2.414042194352,-1.79218452154));
#2217 = CARTESIAN_POINT('',(2.427122767134,-1.79218452154));
#2218 = CARTESIAN_POINT('',(2.440203339561,-1.79218452154));
#2219 = CARTESIAN_POINT('',(2.465462374966,-1.79218452154));
#2220 = CARTESIAN_POINT('',(2.47764083895,-1.79218452154));
#2221 = CARTESIAN_POINT('',(2.489819303182,-1.79218452154));
#2222 = CARTESIAN_POINT('',(2.501997767497,-1.79218452154));
#2223 = CARTESIAN_POINT('',(2.514176231729,-1.79218452154));
#2224 = CARTESIAN_POINT('',(2.526354695713,-1.79218452154));
#2225 = CARTESIAN_POINT('',(2.551613731118,-1.79218452154));
#2226 = CARTESIAN_POINT('',(2.564694303545,-1.79218452154));
#2227 = CARTESIAN_POINT('',(2.577774876327,-1.79218452154));
#2228 = CARTESIAN_POINT('',(2.590855449227,-1.79218452154));
#2229 = CARTESIAN_POINT('',(2.603936022009,-1.79218452154));
#2230 = CARTESIAN_POINT('',(2.617016594436,-1.79218452154));
#2231 = CARTESIAN_POINT('',(2.643177738107,-1.79218452154));
#2232 = CARTESIAN_POINT('',(2.656258310534,-1.79218452154));
#2233 = CARTESIAN_POINT('',(2.669338883316,-1.79218452154));
#2234 = CARTESIAN_POINT('',(2.682419456216,-1.79218452154));
#2235 = CARTESIAN_POINT('',(2.695500028998,-1.79218452154));
#2236 = CARTESIAN_POINT('',(2.708580601425,-1.79218452154));
#2237 = CARTESIAN_POINT('',(2.734741745096,-1.79218452154));
#2238 = CARTESIAN_POINT('',(2.747822317523,-1.79218452154));
#2239 = CARTESIAN_POINT('',(2.760902890305,-1.79218452154));
#2240 = CARTESIAN_POINT('',(2.773983463205,-1.79218452154));
#2241 = CARTESIAN_POINT('',(2.787064035987,-1.79218452154));
#2242 = CARTESIAN_POINT('',(2.800144608414,-1.79218452154));
#2243 = CARTESIAN_POINT('',(2.82540364382,-1.79218452154));
#2244 = CARTESIAN_POINT('',(2.837582107804,-1.79218452154));
#2245 = CARTESIAN_POINT('',(2.849760572036,-1.79218452154));
#2246 = CARTESIAN_POINT('',(2.86193903635,-1.79218452154));
#2247 = CARTESIAN_POINT('',(2.874117500582,-1.79218452154));
#2248 = CARTESIAN_POINT('',(2.886295964566,-1.79218452154));
#2249 = CARTESIAN_POINT('',(2.911554999972,-1.79218452154));
#2250 = CARTESIAN_POINT('',(2.924635572399,-1.79218452154));
#2251 = CARTESIAN_POINT('',(2.937716145181,-1.79218452154));
#2252 = CARTESIAN_POINT('',(2.950796718081,-1.79218452154));
#2253 = CARTESIAN_POINT('',(2.963877290863,-1.79218452154));
#2254 = CARTESIAN_POINT('',(2.97695786329,-1.79218452154));
#2255 = CARTESIAN_POINT('',(3.003119006961,-1.79218452154));
#2256 = CARTESIAN_POINT('',(3.016199579388,-1.79218452154));
#2257 = CARTESIAN_POINT('',(3.02928015217,-1.79218452154));
#2258 = CARTESIAN_POINT('',(3.04236072507,-1.79218452154));
#2259 = CARTESIAN_POINT('',(3.055441297852,-1.79218452154));
#2260 = CARTESIAN_POINT('',(3.068521870279,-1.79218452154));
#2261 = CARTESIAN_POINT('',(3.09468301395,-1.79218452154));
#2262 = CARTESIAN_POINT('',(3.107763586377,-1.79218452154));
#2263 = CARTESIAN_POINT('',(3.120844159159,-1.79218452154));
#2264 = CARTESIAN_POINT('',(3.133924732059,-1.79218452154));
#2265 = CARTESIAN_POINT('',(3.147005304841,-1.79218452154));
#2266 = CARTESIAN_POINT('',(3.160085877268,-1.79218452154));
#2267 = CARTESIAN_POINT('',(3.184442804362,-1.79218452154));
#2268 = CARTESIAN_POINT('',(3.195719159903,-1.79218452154));
#2269 = CARTESIAN_POINT('',(3.206995515612,-1.79218452154));
#2270 = CARTESIAN_POINT('',(3.218271871378,-1.79218452154));
#2271 = CARTESIAN_POINT('',(3.229548227087,-1.79218452154));
#2272 = CARTESIAN_POINT('',(3.240824582628,-1.79218452154));
#2273 = CARTESIAN_POINT('',(3.265181509723,-1.79218452154));
#2274 = CARTESIAN_POINT('',(3.27826208215,-1.79218452154));
#2275 = CARTESIAN_POINT('',(3.291342654931,-1.79218452154));
#2276 = CARTESIAN_POINT('',(3.304423227832,-1.79218452154));
#2277 = CARTESIAN_POINT('',(3.317503800613,-1.79218452154));
#2278 = CARTESIAN_POINT('',(3.33058437304,-1.79218452154));
#2279 = CARTESIAN_POINT('',(3.356745516712,-1.79218452154));
#2280 = CARTESIAN_POINT('',(3.369826089139,-1.79218452154));
#2281 = CARTESIAN_POINT('',(3.38290666192,-1.79218452154));
#2282 = CARTESIAN_POINT('',(3.395987234821,-1.79218452154));
#2283 = CARTESIAN_POINT('',(3.409067807602,-1.79218452154));
#2284 = CARTESIAN_POINT('',(3.422148380029,-1.79218452154));
#2285 = CARTESIAN_POINT('',(3.448309523701,-1.79218452154));
#2286 = CARTESIAN_POINT('',(3.461390096128,-1.79218452154));
#2287 = CARTESIAN_POINT('',(3.47447066891,-1.79218452154));
#2288 = CARTESIAN_POINT('',(3.48755124181,-1.79218452154));
#2289 = CARTESIAN_POINT('',(3.500631814592,-1.79218452154));
#2290 = CARTESIAN_POINT('',(3.513712387019,-1.79218452154));
#2291 = CARTESIAN_POINT('',(3.53987353069,-1.79218452154));
#2292 = CARTESIAN_POINT('',(3.552954103117,-1.79218452154));
#2293 = CARTESIAN_POINT('',(3.566034675899,-1.79218452154));
#2294 = CARTESIAN_POINT('',(3.579115248799,-1.79218452154));
#2295 = CARTESIAN_POINT('',(3.592195821581,-1.79218452154));
#2296 = CARTESIAN_POINT('',(3.605276394008,-1.79218452154));
#2297 = CARTESIAN_POINT('',(3.631437537679,-1.79218452154));
#2298 = CARTESIAN_POINT('',(3.644518110106,-1.79218452154));
#2299 = CARTESIAN_POINT('',(3.657598682888,-1.79218452154));
#2300 = CARTESIAN_POINT('',(3.670679255788,-1.79218452154));
#2301 = CARTESIAN_POINT('',(3.68375982857,-1.79218452154));
#2302 = CARTESIAN_POINT('',(3.696840400997,-1.79218452154));
#2303 = CARTESIAN_POINT('',(3.722099436402,-1.79218452154));
#2304 = CARTESIAN_POINT('',(3.734277900386,-1.79218452154));
#2305 = CARTESIAN_POINT('',(3.746456364618,-1.79218452154));
#2306 = CARTESIAN_POINT('',(3.758634828933,-1.79218452154));
#2307 = CARTESIAN_POINT('',(3.770813293165,-1.79218452154));
#2308 = CARTESIAN_POINT('',(3.782991757149,-1.79218452154));
#2309 = CARTESIAN_POINT('',(3.807799738428,-1.79218452154));
#2310 = CARTESIAN_POINT('',(3.820429256633,-1.79218452154));
#2311 = CARTESIAN_POINT('',(3.833058775136,-1.79218452154));
#2312 = CARTESIAN_POINT('',(3.845688293739,-1.79218452154));
#2313 = CARTESIAN_POINT('',(3.858317812242,-1.79218452154));
#2314 = CARTESIAN_POINT('',(3.870947330447,-1.79218452154));
#2315 = CARTESIAN_POINT('',(3.896657419992,-1.79218452154));
#2316 = CARTESIAN_POINT('',(3.909737992419,-1.79218452154));
#2317 = CARTESIAN_POINT('',(3.922818565201,-1.79218452154));
#2318 = CARTESIAN_POINT('',(3.935899138101,-1.79218452154));
#2319 = CARTESIAN_POINT('',(3.948979710883,-1.79218452154));
#2320 = CARTESIAN_POINT('',(3.96206028331,-1.79218452154));
#2321 = CARTESIAN_POINT('',(3.987770372854,-1.79218452154));
#2322 = CARTESIAN_POINT('',(4.00039989106,-1.79218452154));
#2323 = CARTESIAN_POINT('',(4.013029409563,-1.79218452154));
#2324 = CARTESIAN_POINT('',(4.025658928165,-1.79218452154));
#2325 = CARTESIAN_POINT('',(4.038288446669,-1.79218452154));
#2326 = CARTESIAN_POINT('',(4.050917964874,-1.79218452154));
#2327 = CARTESIAN_POINT('',(4.076628054419,-1.79218452154));
#2328 = CARTESIAN_POINT('',(4.089708626846,-1.79218452154));
#2329 = CARTESIAN_POINT('',(4.102789199627,-1.79218452154));
#2330 = CARTESIAN_POINT('',(4.115869772528,-1.79218452154));
#2331 = CARTESIAN_POINT('',(4.128950345309,-1.79218452154));
#2332 = CARTESIAN_POINT('',(4.142030917737,-1.79218452154));
#2333 = CARTESIAN_POINT('',(4.167289953142,-1.79218452154));
#2334 = CARTESIAN_POINT('',(4.179468417126,-1.79218452154));
#2335 = CARTESIAN_POINT('',(4.191646881358,-1.79218452154));
#2336 = CARTESIAN_POINT('',(4.203825345673,-1.79218452154));
#2337 = CARTESIAN_POINT('',(4.216003809905,-1.79218452154));
#2338 = CARTESIAN_POINT('',(4.228182273888,-1.79218452154));
#2339 = CARTESIAN_POINT('',(4.253441309294,-1.79218452154));
#2340 = CARTESIAN_POINT('',(4.266521881721,-1.79218452154));
#2341 = CARTESIAN_POINT('',(4.279602454503,-1.79218452154));
#2342 = CARTESIAN_POINT('',(4.292683027403,-1.79218452154));
#2343 = CARTESIAN_POINT('',(4.305763600185,-1.79218452154));
#2344 = CARTESIAN_POINT('',(4.318844172612,-1.79218452154));
#2345 = CARTESIAN_POINT('',(4.345005316283,-1.79218452154));
#2346 = CARTESIAN_POINT('',(4.35808588871,-1.79218452154));
#2347 = CARTESIAN_POINT('',(4.371166461492,-1.79218452154));
#2348 = CARTESIAN_POINT('',(4.384247034392,-1.79218452154));
#2349 = CARTESIAN_POINT('',(4.397327607174,-1.79218452154));
#2350 = CARTESIAN_POINT('',(4.410408179601,-1.79218452154));
#2351 = CARTESIAN_POINT('',(4.436569323272,-1.79218452154));
#2352 = CARTESIAN_POINT('',(4.449649895699,-1.79218452154));
#2353 = CARTESIAN_POINT('',(4.462730468481,-1.79218452154));
#2354 = CARTESIAN_POINT('',(4.475811041381,-1.79218452154));
#2355 = CARTESIAN_POINT('',(4.488891614163,-1.79218452154));
#2356 = CARTESIAN_POINT('',(4.50197218659,-1.79218452154));
#2357 = CARTESIAN_POINT('',(4.528133330261,-1.79218452154));
#2358 = CARTESIAN_POINT('',(4.541213902688,-1.79218452154));
#2359 = CARTESIAN_POINT('',(4.55429447547,-1.79218452154));
#2360 = CARTESIAN_POINT('',(4.56737504837,-1.79218452154));
#2361 = CARTESIAN_POINT('',(4.580455621152,-1.79218452154));
#2362 = CARTESIAN_POINT('',(4.593536193579,-1.79218452154));
#2363 = CARTESIAN_POINT('',(4.61969733725,-1.79218452154));
#2364 = CARTESIAN_POINT('',(4.632777909677,-1.79218452154));
#2365 = CARTESIAN_POINT('',(4.645858482459,-1.79218452154));
#2366 = CARTESIAN_POINT('',(4.658939055359,-1.79218452154));
#2367 = CARTESIAN_POINT('',(4.672019628141,-1.79218452154));
#2368 = CARTESIAN_POINT('',(4.685100200568,-1.79218452154));
#2369 = CARTESIAN_POINT('',(4.710810290113,-1.79218452154));
#2370 = CARTESIAN_POINT('',(4.723439808318,-1.79218452154));
#2371 = CARTESIAN_POINT('',(4.736069326821,-1.79218452154));
#2372 = CARTESIAN_POINT('',(4.748698845424,-1.79218452154));
#2373 = CARTESIAN_POINT('',(4.761328363927,-1.79218452154));
#2374 = CARTESIAN_POINT('',(4.773957882132,-1.79218452154));
#2375 = CARTESIAN_POINT('',(4.799667971677,-1.79218452154));
#2376 = CARTESIAN_POINT('',(4.812748544104,-1.79218452154));
#2377 = CARTESIAN_POINT('',(4.825829116886,-1.79218452154));
#2378 = CARTESIAN_POINT('',(4.838909689786,-1.79218452154));
#2379 = CARTESIAN_POINT('',(4.851990262568,-1.79218452154));
#2380 = CARTESIAN_POINT('',(4.865070834995,-1.79218452154));
#2381 = CARTESIAN_POINT('',(4.891231978666,-1.79218452154));
#2382 = CARTESIAN_POINT('',(4.904312551093,-1.79218452154));
#2383 = CARTESIAN_POINT('',(4.917393123875,-1.79218452154));
#2384 = CARTESIAN_POINT('',(4.930473696775,-1.79218452154));
#2385 = CARTESIAN_POINT('',(4.943554269557,-1.79218452154));
#2386 = CARTESIAN_POINT('',(4.956634841984,-1.79218452154));
#2387 = CARTESIAN_POINT('',(4.982795985655,-1.79218452154));
#2388 = CARTESIAN_POINT('',(4.995876558082,-1.79218452154));
#2389 = CARTESIAN_POINT('',(5.008957130864,-1.79218452154));
#2390 = CARTESIAN_POINT('',(5.022037703764,-1.79218452154));
#2391 = CARTESIAN_POINT('',(5.035118276546,-1.79218452154));
#2392 = CARTESIAN_POINT('',(5.048198848973,-1.79218452154));
#2393 = CARTESIAN_POINT('',(5.074359992644,-1.79218452154));
#2394 = CARTESIAN_POINT('',(5.087440565071,-1.79218452154));
#2395 = CARTESIAN_POINT('',(5.100521137853,-1.79218452154));
#2396 = CARTESIAN_POINT('',(5.113601710753,-1.79218452154));
#2397 = CARTESIAN_POINT('',(5.126682283535,-1.79218452154));
#2398 = CARTESIAN_POINT('',(5.139762855962,-1.79218452154));
#2399 = CARTESIAN_POINT('',(5.165923999633,-1.79218452154));
#2400 = CARTESIAN_POINT('',(5.17900457206,-1.79218452154));
#2401 = CARTESIAN_POINT('',(5.192085144842,-1.79218452154));
#2402 = CARTESIAN_POINT('',(5.205165717742,-1.79218452154));
#2403 = CARTESIAN_POINT('',(5.218246290524,-1.79218452154));
#2404 = CARTESIAN_POINT('',(5.231326862951,-1.79218452154));
#2405 = CARTESIAN_POINT('',(5.257488006622,-1.79218452154));
#2406 = CARTESIAN_POINT('',(5.270568579049,-1.79218452154));
#2407 = CARTESIAN_POINT('',(5.283649151831,-1.79218452154));
#2408 = CARTESIAN_POINT('',(5.296729724731,-1.79218452154));
#2409 = CARTESIAN_POINT('',(5.309810297513,-1.79218452154));
#2410 = CARTESIAN_POINT('',(5.32289086994,-1.79218452154));
#2411 = CARTESIAN_POINT('',(5.349052013611,-1.79218452154));
#2412 = CARTESIAN_POINT('',(5.362132586038,-1.79218452154));
#2413 = CARTESIAN_POINT('',(5.37521315882,-1.79218452154));
#2414 = CARTESIAN_POINT('',(5.38829373172,-1.79218452154));
#2415 = CARTESIAN_POINT('',(5.401374304502,-1.79218452154));
#2416 = CARTESIAN_POINT('',(5.414454876929,-1.79218452154));
#2417 = CARTESIAN_POINT('',(5.4406160206,-1.79218452154));
#2418 = CARTESIAN_POINT('',(5.453696593027,-1.79218452154));
#2419 = CARTESIAN_POINT('',(5.466777165809,-1.79218452154));
#2420 = CARTESIAN_POINT('',(5.479857738709,-1.79218452154));
#2421 = CARTESIAN_POINT('',(5.492938311491,-1.79218452154));
#2422 = CARTESIAN_POINT('',(5.506018883918,-1.79218452154));
#2423 = CARTESIAN_POINT('',(5.531277919324,-1.79218452154));
#2424 = CARTESIAN_POINT('',(5.543456383308,-1.79218452154));
#2425 = CARTESIAN_POINT('',(5.55563484754,-1.79218452154));
#2426 = CARTESIAN_POINT('',(5.567813311854,-1.79218452154));
#2427 = CARTESIAN_POINT('',(5.579991776086,-1.79218452154));
#2428 = CARTESIAN_POINT('',(5.59217024007,-1.79218452154));
#2429 = CARTESIAN_POINT('',(5.701312954793,-1.79218452154));
#2430 = CARTESIAN_POINT('',(5.798315425807,-1.79218452154));
#2431 = CARTESIAN_POINT('',(5.895286518647,-1.79218452154));
#2432 = CARTESIAN_POINT('',(5.992247492173,-1.79218452154));
#2433 = CARTESIAN_POINT('',(6.089218585013,-1.79218452154));
#2434 = CARTESIAN_POINT('',(6.186221056027,-1.79218452154));
#2435 = CARTESIAN_POINT('',(6.28318530718,-1.79218452154));
#2436 = ( GEOMETRIC_REPRESENTATION_CONTEXT(2) 
PARAMETRIC_REPRESENTATION_CONTEXT() REPRESENTATION_CONTEXT('2D SPACE',''
  ) );
#2437 = PCURVE('',#1395,#2438);
#2438 = DEFINITIONAL_REPRESENTATION('',(#2439),#2826);
#2439 = B_SPLINE_CURVE_WITH_KNOTS('',7,(#2440,#2441,#2442,#2443,#2444,
    #2445,#2446,#2447,#2448,#2449,#2450,#2451,#2452,#2453,#2454,#2455,
    #2456,#2457,#2458,#2459,#2460,#2461,#2462,#2463,#2464,#2465,#2466,
    #2467,#2468,#2469,#2470,#2471,#2472,#2473,#2474,#2475,#2476,#2477,
    #2478,#2479,#2480,#2481,#2482,#2483,#2484,#2485,#2486,#2487,#2488,
    #2489,#2490,#2491,#2492,#2493,#2494,#2495,#2496,#2497,#2498,#2499,
    #2500,#2501,#2502,#2503,#2504,#2505,#2506,#2507,#2508,#2509,#2510,
    #2511,#2512,#2513,#2514,#2515,#2516,#2517,#2518,#2519,#2520,#2521,
    #2522,#2523,#2524,#2525,#2526,#2527,#2528,#2529,#2530,#2531,#2532,
    #2533,#2534,#2535,#2536,#2537,#2538,#2539,#2540,#2541,#2542,#2543,
    #2544,#2545,#2546,#2547,#2548,#2549,#2550,#2551,#2552,#2553,#2554,
    #2555,#2556,#2557,#2558,#2559,#2560,#2561,#2562,#2563,#2564,#2565,
    #2566,#2567,#2568,#2569,#2570,#2571,#2572,#2573,#2574,#2575,#2576,
    #2577,#2578,#2579,#2580,#2581,#2582,#2583,#2584,#2585,#2586,#2587,
    #2588,#2589,#2590,#2591,#2592,#2593,#2594,#2595,#2596,#2597,#2598,
    #2599,#2600,#2601,#2602,#2603,#2604,#2605,#2606,#2607,#2608,#2609,
    #2610,#2611,#2612,#2613,#2614,#2615,#2616,#2617,#2618,#2619,#2620,
    #2621,#2622,#2623,#2624,#2625,#2626,#2627,#2628,#2629,#2630,#2631,
    #2632,#2633,#2634,#2635,#2636,#2637,#2638,#2639,#2640,#2641,#2642,
    #2643,#2644,#2645,#2646,#2647,#2648,#2649,#2650,#2651,#2652,#2653,
    #2654,#2655,#2656,#2657,#2658,#2659,#2660,#2661,#2662,#2663,#2664,
    #2665,#2666,#2667,#2668,#2669,#2670,#2671,#2672,#2673,#2674,#2675,
    #2676,#2677,#2678,#2679,#2680,#2681,#2682,#2683,#2684,#2685,#2686,
    #2687,#2688,#2689,#2690,#2691,#2692,#2693,#2694,#2695,#2696,#2697,
    #2698,#2699,#2700,#2701,#2702,#2703,#2704,#2705,#2706,#2707,#2708,
    #2709,#2710,#2711,#2712,#2713,#2714,#2715,#2716,#2717,#2718,#2719,
    #2720,#2721,#2722,#2723,#2724,#2725,#2726,#2727,#2728,#2729,#2730,
    #2731,#2732,#2733,#2734,#2735,#2736,#2737,#2738,#2739,#2740,#2741,
    #2742,#2743,#2744,#2745,#2746,#2747,#2748,#2749,#2750,#2751,#2752,
    #2753,#2754,#2755,#2756,#2757,#2758,#2759,#2760,#2761,#2762,#2763,
    #2764,#2765,#2766,#2767,#2768,#2769,#2770,#2771,#2772,#2773,#2774,
    #2775,#2776,#2777,#2778,#2779,#2780,#2781,#2782,#2783,#2784,#2785,
    #2786,#2787,#2788,#2789,#2790,#2791,#2792,#2793,#2794,#2795,#2796,
    #2797,#2798,#2799,#2800,#2801,#2802,#2803,#2804,#2805,#2806,#2807,
    #2808,#2809,#2810,#2811,#2812,#2813,#2814,#2815,#2816,#2817,#2818,
    #2819,#2820,#2821,#2822,#2823,#2824,#2825),.UNSPECIFIED.,.F.,.F.,(8,
    6,6,6,6,6,6,6,6,6,6,6,6,6,6,6,6,6,6,6,6,6,6,6,6,6,6,6,6,6,6,6,6,6,6,
    6,6,6,6,6,6,6,6,6,6,6,6,6,6,6,6,6,6,6,6,6,6,6,6,6,6,6,6,6,8),(0.,
    1.859295713105E-02,3.3166026687E-02,4.773909624296E-02,
    6.231216579892E-02,7.688523535488E-02,9.145830491085E-02,
    0.10552885491,0.118091846161,0.13165987659,0.146232946146,
    0.160303496145,0.174876565701,0.189449635257,0.204022704813,
    0.212063019381,0.22613356938,0.239199080226,0.253772149782,
    0.268345219338,0.282415769337,0.296988838893,0.308546790926,
    0.323119860482,0.333672773265,0.34673828411,0.361311353666,
    0.375884423222,0.390457492778,0.404025523207,0.418598592763,
    0.433171662319,0.447744731875,0.461312762303,0.475885831859,
    0.490458901415,0.505031970971,0.517594962222,0.532168031778,
    0.546741101334,0.56131417089,0.575887240446,0.590460310002,
    0.604028340431,0.61809889043,0.632671959986,0.646742509985,
    0.661315579541,0.67488360997,0.689456679526,0.704029749082,
    0.718602818638,0.733175888194,0.74774895775,0.761819507749,
    0.776392577305,0.790965646861,0.805538716417,0.820111785973,
    0.834684855529,0.849257925085,0.863830994641,0.878404064197,
    0.891972094626,1.),.UNSPECIFIED.);
#2440 = CARTESIAN_POINT('',(-8.881784197001E-16,-3.));
#2441 = CARTESIAN_POINT('',(1.669005598778E-02,-3.));
#2442 = CARTESIAN_POINT('',(3.337909764753E-02,-3.));
#2443 = CARTESIAN_POINT('',(5.006776083881E-02,-3.));
#2444 = CARTESIAN_POINT('',(6.675644420091E-02,-3.));
#2445 = CARTESIAN_POINT('',(8.344530915275E-02,-3.));
#2446 = CARTESIAN_POINT('',(0.100134279893,-3.));
#2447 = CARTESIAN_POINT('',(0.129903615235,-3.));
#2448 = CARTESIAN_POINT('',(0.142984187662,-3.));
#2449 = CARTESIAN_POINT('',(0.156064760444,-3.));
#2450 = CARTESIAN_POINT('',(0.169145333344,-3.));
#2451 = CARTESIAN_POINT('',(0.182225906126,-3.));
#2452 = CARTESIAN_POINT('',(0.195306478553,-3.));
#2453 = CARTESIAN_POINT('',(0.221467622224,-3.));
#2454 = CARTESIAN_POINT('',(0.234548194651,-3.));
#2455 = CARTESIAN_POINT('',(0.247628767433,-3.));
#2456 = CARTESIAN_POINT('',(0.260709340333,-3.));
#2457 = CARTESIAN_POINT('',(0.273789913115,-3.));
#2458 = CARTESIAN_POINT('',(0.286870485542,-3.));
#2459 = CARTESIAN_POINT('',(0.313031629213,-3.));
#2460 = CARTESIAN_POINT('',(0.326112201641,-3.));
#2461 = CARTESIAN_POINT('',(0.339192774422,-3.));
#2462 = CARTESIAN_POINT('',(0.352273347323,-3.));
#2463 = CARTESIAN_POINT('',(0.365353920104,-3.));
#2464 = CARTESIAN_POINT('',(0.378434492531,-3.));
#2465 = CARTESIAN_POINT('',(0.404595636203,-3.));
#2466 = CARTESIAN_POINT('',(0.41767620863,-3.));
#2467 = CARTESIAN_POINT('',(0.430756781411,-3.));
#2468 = CARTESIAN_POINT('',(0.443837354312,-3.));
#2469 = CARTESIAN_POINT('',(0.456917927093,-3.));
#2470 = CARTESIAN_POINT('',(0.46999849952,-3.));
#2471 = CARTESIAN_POINT('',(0.496159643192,-3.));
#2472 = CARTESIAN_POINT('',(0.509240215619,-3.));
#2473 = CARTESIAN_POINT('',(0.5223207884,-3.));
#2474 = CARTESIAN_POINT('',(0.535401361301,-3.));
#2475 = CARTESIAN_POINT('',(0.548481934082,-3.));
#2476 = CARTESIAN_POINT('',(0.561562506509,-3.));
#2477 = CARTESIAN_POINT('',(0.587272596054,-3.));
#2478 = CARTESIAN_POINT('',(0.59990211426,-3.));
#2479 = CARTESIAN_POINT('',(0.612531632763,-3.));
#2480 = CARTESIAN_POINT('',(0.625161151365,-3.));
#2481 = CARTESIAN_POINT('',(0.637790669868,-3.));
#2482 = CARTESIAN_POINT('',(0.650420188074,-3.));
#2483 = CARTESIAN_POINT('',(0.674326061042,-3.));
#2484 = CARTESIAN_POINT('',(0.685602416582,-3.));
#2485 = CARTESIAN_POINT('',(0.696878772292,-3.));
#2486 = CARTESIAN_POINT('',(0.708155128057,-3.));
#2487 = CARTESIAN_POINT('',(0.719431483767,-3.));
#2488 = CARTESIAN_POINT('',(0.730707839307,-3.));
#2489 = CARTESIAN_POINT('',(0.754162658136,-3.));
#2490 = CARTESIAN_POINT('',(0.76634112212,-3.));
#2491 = CARTESIAN_POINT('',(0.778519586352,-3.));
#2492 = CARTESIAN_POINT('',(0.790698050667,-3.));
#2493 = CARTESIAN_POINT('',(0.802876514899,-3.));
#2494 = CARTESIAN_POINT('',(0.815054978883,-3.));
#2495 = CARTESIAN_POINT('',(0.840314014288,-3.));
#2496 = CARTESIAN_POINT('',(0.853394586715,-3.));
#2497 = CARTESIAN_POINT('',(0.866475159497,-3.));
#2498 = CARTESIAN_POINT('',(0.879555732397,-3.));
#2499 = CARTESIAN_POINT('',(0.892636305179,-3.));
#2500 = CARTESIAN_POINT('',(0.905716877606,-3.));
#2501 = CARTESIAN_POINT('',(0.931426967151,-3.));
#2502 = CARTESIAN_POINT('',(0.944056485356,-3.));
#2503 = CARTESIAN_POINT('',(0.956686003859,-3.));
#2504 = CARTESIAN_POINT('',(0.969315522462,-3.));
#2505 = CARTESIAN_POINT('',(0.981945040965,-3.));
#2506 = CARTESIAN_POINT('',(0.99457455917,-3.));
#2507 = CARTESIAN_POINT('',(1.020284648715,-3.));
#2508 = CARTESIAN_POINT('',(1.033365221142,-3.));
#2509 = CARTESIAN_POINT('',(1.046445793924,-3.));
#2510 = CARTESIAN_POINT('',(1.059526366824,-3.));
#2511 = CARTESIAN_POINT('',(1.072606939606,-3.));
#2512 = CARTESIAN_POINT('',(1.085687512033,-3.));
#2513 = CARTESIAN_POINT('',(1.111848655704,-3.));
#2514 = CARTESIAN_POINT('',(1.124929228131,-3.));
#2515 = CARTESIAN_POINT('',(1.138009800913,-3.));
#2516 = CARTESIAN_POINT('',(1.151090373813,-3.));
#2517 = CARTESIAN_POINT('',(1.164170946595,-3.));
#2518 = CARTESIAN_POINT('',(1.177251519022,-3.));
#2519 = CARTESIAN_POINT('',(1.203412662693,-3.));
#2520 = CARTESIAN_POINT('',(1.21649323512,-3.));
#2521 = CARTESIAN_POINT('',(1.229573807902,-3.));
#2522 = CARTESIAN_POINT('',(1.242654380802,-3.));
#2523 = CARTESIAN_POINT('',(1.255734953584,-3.));
#2524 = CARTESIAN_POINT('',(1.268815526011,-3.));
#2525 = CARTESIAN_POINT('',(1.289112965362,-3.));
#2526 = CARTESIAN_POINT('',(1.296329832908,-3.));
#2527 = CARTESIAN_POINT('',(1.303546700472,-3.));
#2528 = CARTESIAN_POINT('',(1.310763568043,-3.));
#2529 = CARTESIAN_POINT('',(1.317980435607,-3.));
#2530 = CARTESIAN_POINT('',(1.325197303153,-3.));
#2531 = CARTESIAN_POINT('',(1.345043688377,-3.));
#2532 = CARTESIAN_POINT('',(1.357673206583,-3.));
#2533 = CARTESIAN_POINT('',(1.370302725086,-3.));
#2534 = CARTESIAN_POINT('',(1.382932243688,-3.));
#2535 = CARTESIAN_POINT('',(1.395561762191,-3.));
#2536 = CARTESIAN_POINT('',(1.408191280397,-3.));
#2537 = CARTESIAN_POINT('',(1.432548207525,-3.));
#2538 = CARTESIAN_POINT('',(1.444275617288,-3.));
#2539 = CARTESIAN_POINT('',(1.456003027255,-3.));
#2540 = CARTESIAN_POINT('',(1.467730437292,-3.));
#2541 = CARTESIAN_POINT('',(1.479457847259,-3.));
#2542 = CARTESIAN_POINT('',(1.491185257021,-3.));
#2543 = CARTESIAN_POINT('',(1.515993238277,-3.));
#2544 = CARTESIAN_POINT('',(1.529073810704,-3.));
#2545 = CARTESIAN_POINT('',(1.542154383485,-3.));
#2546 = CARTESIAN_POINT('',(1.555234956386,-3.));
#2547 = CARTESIAN_POINT('',(1.568315529167,-3.));
#2548 = CARTESIAN_POINT('',(1.581396101594,-3.));
#2549 = CARTESIAN_POINT('',(1.607557245266,-3.));
#2550 = CARTESIAN_POINT('',(1.620637817693,-3.));
#2551 = CARTESIAN_POINT('',(1.633718390474,-3.));
#2552 = CARTESIAN_POINT('',(1.646798963375,-3.));
#2553 = CARTESIAN_POINT('',(1.659879536156,-3.));
#2554 = CARTESIAN_POINT('',(1.672960108583,-3.));
#2555 = CARTESIAN_POINT('',(1.698670198128,-3.));
#2556 = CARTESIAN_POINT('',(1.711299716334,-3.));
#2557 = CARTESIAN_POINT('',(1.723929234837,-3.));
#2558 = CARTESIAN_POINT('',(1.736558753439,-3.));
#2559 = CARTESIAN_POINT('',(1.749188271942,-3.));
#2560 = CARTESIAN_POINT('',(1.761817790148,-3.));
#2561 = CARTESIAN_POINT('',(1.787527879692,-3.));
#2562 = CARTESIAN_POINT('',(1.800608452119,-3.));
#2563 = CARTESIAN_POINT('',(1.813689024901,-3.));
#2564 = CARTESIAN_POINT('',(1.826769597801,-3.));
#2565 = CARTESIAN_POINT('',(1.839850170583,-3.));
#2566 = CARTESIAN_POINT('',(1.85293074301,-3.));
#2567 = CARTESIAN_POINT('',(1.876385561757,-3.));
#2568 = CARTESIAN_POINT('',(1.886759808855,-3.));
#2569 = CARTESIAN_POINT('',(1.897134056063,-3.));
#2570 = CARTESIAN_POINT('',(1.907508303309,-3.));
#2571 = CARTESIAN_POINT('',(1.917882550518,-3.));
#2572 = CARTESIAN_POINT('',(1.928256797615,-3.));
#2573 = CARTESIAN_POINT('',(1.951711616362,-3.));
#2574 = CARTESIAN_POINT('',(1.964792188789,-3.));
#2575 = CARTESIAN_POINT('',(1.977872761571,-3.));
#2576 = CARTESIAN_POINT('',(1.990953334471,-3.));
#2577 = CARTESIAN_POINT('',(2.004033907253,-3.));
#2578 = CARTESIAN_POINT('',(2.01711447968,-3.));
#2579 = CARTESIAN_POINT('',(2.039667190052,-3.));
#2580 = CARTESIAN_POINT('',(2.049139328706,-3.));
#2581 = CARTESIAN_POINT('',(2.058611467431,-3.));
#2582 = CARTESIAN_POINT('',(2.068083606179,-3.));
#2583 = CARTESIAN_POINT('',(2.077555744904,-3.));
#2584 = CARTESIAN_POINT('',(2.087027883558,-3.));
#2585 = CARTESIAN_POINT('',(2.108227431514,-3.));
#2586 = CARTESIAN_POINT('',(2.119954841276,-3.));
#2587 = CARTESIAN_POINT('',(2.131682251243,-3.));
#2588 = CARTESIAN_POINT('',(2.14340966128,-3.));
#2589 = CARTESIAN_POINT('',(2.155137071247,-3.));
#2590 = CARTESIAN_POINT('',(2.16686448101,-3.));
#2591 = CARTESIAN_POINT('',(2.191672462265,-3.));
#2592 = CARTESIAN_POINT('',(2.204753034692,-3.));
#2593 = CARTESIAN_POINT('',(2.217833607474,-3.));
#2594 = CARTESIAN_POINT('',(2.230914180374,-3.));
#2595 = CARTESIAN_POINT('',(2.243994753156,-3.));
#2596 = CARTESIAN_POINT('',(2.257075325583,-3.));
#2597 = CARTESIAN_POINT('',(2.283236469254,-3.));
#2598 = CARTESIAN_POINT('',(2.296317041681,-3.));
#2599 = CARTESIAN_POINT('',(2.309397614463,-3.));
#2600 = CARTESIAN_POINT('',(2.322478187363,-3.));
#2601 = CARTESIAN_POINT('',(2.335558760145,-3.));
#2602 = CARTESIAN_POINT('',(2.348639332572,-3.));
#2603 = CARTESIAN_POINT('',(2.374800476243,-3.));
#2604 = CARTESIAN_POINT('',(2.38788104867,-3.));
#2605 = CARTESIAN_POINT('',(2.400961621452,-3.));
#2606 = CARTESIAN_POINT('',(2.414042194352,-3.));
#2607 = CARTESIAN_POINT('',(2.427122767134,-3.));
#2608 = CARTESIAN_POINT('',(2.440203339561,-3.));
#2609 = CARTESIAN_POINT('',(2.465462374966,-3.));
#2610 = CARTESIAN_POINT('',(2.47764083895,-3.));
#2611 = CARTESIAN_POINT('',(2.489819303182,-3.));
#2612 = CARTESIAN_POINT('',(2.501997767497,-3.));
#2613 = CARTESIAN_POINT('',(2.514176231729,-3.));
#2614 = CARTESIAN_POINT('',(2.526354695713,-3.));
#2615 = CARTESIAN_POINT('',(2.551613731118,-3.));
#2616 = CARTESIAN_POINT('',(2.564694303545,-3.));
#2617 = CARTESIAN_POINT('',(2.577774876327,-3.));
#2618 = CARTESIAN_POINT('',(2.590855449227,-3.));
#2619 = CARTESIAN_POINT('',(2.603936022009,-3.));
#2620 = CARTESIAN_POINT('',(2.617016594436,-3.));
#2621 = CARTESIAN_POINT('',(2.643177738107,-3.));
#2622 = CARTESIAN_POINT('',(2.656258310534,-3.));
#2623 = CARTESIAN_POINT('',(2.669338883316,-3.));
#2624 = CARTESIAN_POINT('',(2.682419456216,-3.));
#2625 = CARTESIAN_POINT('',(2.695500028998,-3.));
#2626 = CARTESIAN_POINT('',(2.708580601425,-3.));
#2627 = CARTESIAN_POINT('',(2.734741745096,-3.));
#2628 = CARTESIAN_POINT('',(2.747822317523,-3.));
#2629 = CARTESIAN_POINT('',(2.760902890305,-3.));
#2630 = CARTESIAN_POINT('',(2.773983463205,-3.));
#2631 = CARTESIAN_POINT('',(2.787064035987,-3.));
#2632 = CARTESIAN_POINT('',(2.800144608414,-3.));
#2633 = CARTESIAN_POINT('',(2.82540364382,-3.));
#2634 = CARTESIAN_POINT('',(2.837582107804,-3.));
#2635 = CARTESIAN_POINT('',(2.849760572036,-3.));
#2636 = CARTESIAN_POINT('',(2.86193903635,-3.));
#2637 = CARTESIAN_POINT('',(2.874117500582,-3.));
#2638 = CARTESIAN_POINT('',(2.886295964566,-3.));
#2639 = CARTESIAN_POINT('',(2.911554999972,-3.));
#2640 = CARTESIAN_POINT('',(2.924635572399,-3.));
#2641 = CARTESIAN_POINT('',(2.937716145181,-3.));
#2642 = CARTESIAN_POINT('',(2.950796718081,-3.));
#2643 = CARTESIAN_POINT('',(2.963877290863,-3.));
#2644 = CARTESIAN_POINT('',(2.97695786329,-3.));
#2645 = CARTESIAN_POINT('',(3.003119006961,-3.));
#2646 = CARTESIAN_POINT('',(3.016199579388,-3.));
#2647 = CARTESIAN_POINT('',(3.02928015217,-3.));
#2648 = CARTESIAN_POINT('',(3.04236072507,-3.));
#2649 = CARTESIAN_POINT('',(3.055441297852,-3.));
#2650 = CARTESIAN_POINT('',(3.068521870279,-3.));
#2651 = CARTESIAN_POINT('',(3.09468301395,-3.));
#2652 = CARTESIAN_POINT('',(3.107763586377,-3.));
#2653 = CARTESIAN_POINT('',(3.120844159159,-3.));
#2654 = CARTESIAN_POINT('',(3.133924732059,-3.));
#2655 = CARTESIAN_POINT('',(3.147005304841,-3.));
#2656 = CARTESIAN_POINT('',(3.160085877268,-3.));
#2657 = CARTESIAN_POINT('',(3.184442804362,-3.));
#2658 = CARTESIAN_POINT('',(3.195719159903,-3.));
#2659 = CARTESIAN_POINT('',(3.206995515612,-3.));
#2660 = CARTESIAN_POINT('',(3.218271871378,-3.));
#2661 = CARTESIAN_POINT('',(3.229548227087,-3.));
#2662 = CARTESIAN_POINT('',(3.240824582628,-3.));
#2663 = CARTESIAN_POINT('',(3.265181509723,-3.));
#2664 = CARTESIAN_POINT('',(3.27826208215,-3.));
#2665 = CARTESIAN_POINT('',(3.291342654931,-3.));
#2666 = CARTESIAN_POINT('',(3.304423227832,-3.));
#2667 = CARTESIAN_POINT('',(3.317503800613,-3.));
#2668 = CARTESIAN_POINT('',(3.33058437304,-3.));
#2669 = CARTESIAN_POINT('',(3.356745516712,-3.));
#2670 = CARTESIAN_POINT('',(3.369826089139,-3.));
#2671 = CARTESIAN_POINT('',(3.38290666192,-3.));
#2672 = CARTESIAN_POINT('',(3.395987234821,-3.));
#2673 = CARTESIAN_POINT('',(3.409067807602,-3.));
#2674 = CARTESIAN_POINT('',(3.422148380029,-3.));
#2675 = CARTESIAN_POINT('',(3.448309523701,-3.));
#2676 = CARTESIAN_POINT('',(3.461390096128,-3.));
#2677 = CARTESIAN_POINT('',(3.47447066891,-3.));
#2678 = CARTESIAN_POINT('',(3.48755124181,-3.));
#2679 = CARTESIAN_POINT('',(3.500631814592,-3.));
#2680 = CARTESIAN_POINT('',(3.513712387019,-3.));
#2681 = CARTESIAN_POINT('',(3.53987353069,-3.));
#2682 = CARTESIAN_POINT('',(3.552954103117,-3.));
#2683 = CARTESIAN_POINT('',(3.566034675899,-3.));
#2684 = CARTESIAN_POINT('',(3.579115248799,-3.));
#2685 = CARTESIAN_POINT('',(3.592195821581,-3.));
#2686 = CARTESIAN_POINT('',(3.605276394008,-3.));
#2687 = CARTESIAN_POINT('',(3.631437537679,-3.));
#2688 = CARTESIAN_POINT('',(3.644518110106,-3.));
#2689 = CARTESIAN_POINT('',(3.657598682888,-3.));
#2690 = CARTESIAN_POINT('',(3.670679255788,-3.));
#2691 = CARTESIAN_POINT('',(3.68375982857,-3.));
#2692 = CARTESIAN_POINT('',(3.696840400997,-3.));
#2693 = CARTESIAN_POINT('',(3.722099436402,-3.));
#2694 = CARTESIAN_POINT('',(3.734277900386,-3.));
#2695 = CARTESIAN_POINT('',(3.746456364618,-3.));
#2696 = CARTESIAN_POINT('',(3.758634828933,-3.));
#2697 = CARTESIAN_POINT('',(3.770813293165,-3.));
#2698 = CARTESIAN_POINT('',(3.782991757149,-3.));
#2699 = CARTESIAN_POINT('',(3.807799738428,-3.));
#2700 = CARTESIAN_POINT('',(3.820429256633,-3.));
#2701 = CARTESIAN_POINT('',(3.833058775136,-3.));
#2702 = CARTESIAN_POINT('',(3.845688293739,-3.));
#2703 = CARTESIAN_POINT('',(3.858317812242,-3.));
#2704 = CARTESIAN_POINT('',(3.870947330447,-3.));
#2705 = CARTESIAN_POINT('',(3.896657419992,-3.));
#2706 = CARTESIAN_POINT('',(3.909737992419,-3.));
#2707 = CARTESIAN_POINT('',(3.922818565201,-3.));
#2708 = CARTESIAN_POINT('',(3.935899138101,-3.));
#2709 = CARTESIAN_POINT('',(3.948979710883,-3.));
#2710 = CARTESIAN_POINT('',(3.96206028331,-3.));
#2711 = CARTESIAN_POINT('',(3.987770372854,-3.));
#2712 = CARTESIAN_POINT('',(4.00039989106,-3.));
#2713 = CARTESIAN_POINT('',(4.013029409563,-3.));
#2714 = CARTESIAN_POINT('',(4.025658928165,-3.));
#2715 = CARTESIAN_POINT('',(4.038288446669,-3.));
#2716 = CARTESIAN_POINT('',(4.050917964874,-3.));
#2717 = CARTESIAN_POINT('',(4.076628054419,-3.));
#2718 = CARTESIAN_POINT('',(4.089708626846,-3.));
#2719 = CARTESIAN_POINT('',(4.102789199627,-3.));
#2720 = CARTESIAN_POINT('',(4.115869772528,-3.));
#2721 = CARTESIAN_POINT('',(4.128950345309,-3.));
#2722 = CARTESIAN_POINT('',(4.142030917737,-3.));
#2723 = CARTESIAN_POINT('',(4.167289953142,-3.));
#2724 = CARTESIAN_POINT('',(4.179468417126,-3.));
#2725 = CARTESIAN_POINT('',(4.191646881358,-3.));
#2726 = CARTESIAN_POINT('',(4.203825345673,-3.));
#2727 = CARTESIAN_POINT('',(4.216003809905,-3.));
#2728 = CARTESIAN_POINT('',(4.228182273888,-3.));
#2729 = CARTESIAN_POINT('',(4.253441309294,-3.));
#2730 = CARTESIAN_POINT('',(4.266521881721,-3.));
#2731 = CARTESIAN_POINT('',(4.279602454503,-3.));
#2732 = CARTESIAN_POINT('',(4.292683027403,-3.));
#2733 = CARTESIAN_POINT('',(4.305763600185,-3.));
#2734 = CARTESIAN_POINT('',(4.318844172612,-3.));
#2735 = CARTESIAN_POINT('',(4.345005316283,-3.));
#2736 = CARTESIAN_POINT('',(4.35808588871,-3.));
#2737 = CARTESIAN_POINT('',(4.371166461492,-3.));
#2738 = CARTESIAN_POINT('',(4.384247034392,-3.));
#2739 = CARTESIAN_POINT('',(4.397327607174,-3.));
#2740 = CARTESIAN_POINT('',(4.410408179601,-3.));
#2741 = CARTESIAN_POINT('',(4.436569323272,-3.));
#2742 = CARTESIAN_POINT('',(4.449649895699,-3.));
#2743 = CARTESIAN_POINT('',(4.462730468481,-3.));
#2744 = CARTESIAN_POINT('',(4.475811041381,-3.));
#2745 = CARTESIAN_POINT('',(4.488891614163,-3.));
#2746 = CARTESIAN_POINT('',(4.50197218659,-3.));
#2747 = CARTESIAN_POINT('',(4.528133330261,-3.));
#2748 = CARTESIAN_POINT('',(4.541213902688,-3.));
#2749 = CARTESIAN_POINT('',(4.55429447547,-3.));
#2750 = CARTESIAN_POINT('',(4.56737504837,-3.));
#2751 = CARTESIAN_POINT('',(4.580455621152,-3.));
#2752 = CARTESIAN_POINT('',(4.593536193579,-3.));
#2753 = CARTESIAN_POINT('',(4.61969733725,-3.));
#2754 = CARTESIAN_POINT('',(4.632777909677,-3.));
#2755 = CARTESIAN_POINT('',(4.645858482459,-3.));
#2756 = CARTESIAN_POINT('',(4.658939055359,-3.));
#2757 = CARTESIAN_POINT('',(4.672019628141,-3.));
#2758 = CARTESIAN_POINT('',(4.685100200568,-3.));
#2759 = CARTESIAN_POINT('',(4.710810290113,-3.));
#2760 = CARTESIAN_POINT('',(4.723439808318,-3.));
#2761 = CARTESIAN_POINT('',(4.736069326821,-3.));
#2762 = CARTESIAN_POINT('',(4.748698845424,-3.));
#2763 = CARTESIAN_POINT('',(4.761328363927,-3.));
#2764 = CARTESIAN_POINT('',(4.773957882132,-3.));
#2765 = CARTESIAN_POINT('',(4.799667971677,-3.));
#2766 = CARTESIAN_POINT('',(4.812748544104,-3.));
#2767 = CARTESIAN_POINT('',(4.825829116886,-3.));
#2768 = CARTESIAN_POINT('',(4.838909689786,-3.));
#2769 = CARTESIAN_POINT('',(4.851990262568,-3.));
#2770 = CARTESIAN_POINT('',(4.865070834995,-3.));
#2771 = CARTESIAN_POINT('',(4.891231978666,-3.));
#2772 = CARTESIAN_POINT('',(4.904312551093,-3.));
#2773 = CARTESIAN_POINT('',(4.917393123875,-3.));
#2774 = CARTESIAN_POINT('',(4.930473696775,-3.));
#2775 = CARTESIAN_POINT('',(4.943554269557,-3.));
#2776 = CARTESIAN_POINT('',(4.956634841984,-3.));
#2777 = CARTESIAN_POINT('',(4.982795985655,-3.));
#2778 = CARTESIAN_POINT('',(4.995876558082,-3.));
#2779 = CARTESIAN_POINT('',(5.008957130864,-3.));
#2780 = CARTESIAN_POINT('',(5.022037703764,-3.));
#2781 = CARTESIAN_POINT('',(5.035118276546,-3.));
#2782 = CARTESIAN_POINT('',(5.048198848973,-3.));
#2783 = CARTESIAN_POINT('',(5.074359992644,-3.));
#2784 = CARTESIAN_POINT('',(5.087440565071,-3.));
#2785 = CARTESIAN_POINT('',(5.100521137853,-3.));
#2786 = CARTESIAN_POINT('',(5.113601710753,-3.));
#2787 = CARTESIAN_POINT('',(5.126682283535,-3.));
#2788 = CARTESIAN_POINT('',(5.139762855962,-3.));
#2789 = CARTESIAN_POINT('',(5.165923999633,-3.));
#2790 = CARTESIAN_POINT('',(5.17900457206,-3.));
#2791 = CARTESIAN_POINT('',(5.192085144842,-3.));
#2792 = CARTESIAN_POINT('',(5.205165717742,-3.));
#2793 = CARTESIAN_POINT('',(5.218246290524,-3.));
#2794 = CARTESIAN_POINT('',(5.231326862951,-3.));
#2795 = CARTESIAN_POINT('',(5.257488006622,-3.));
#2796 = CARTESIAN_POINT('',(5.270568579049,-3.));
#2797 = CARTESIAN_POINT('',(5.283649151831,-3.));
#2798 = CARTESIAN_POINT('',(5.296729724731,-3.));
#2799 = CARTESIAN_POINT('',(5.309810297513,-3.));
#2800 = CARTESIAN_POINT('',(5.32289086994,-3.));
#2801 = CARTESIAN_POINT('',(5.349052013611,-3.));
#2802 = CARTESIAN_POINT('',(5.362132586038,-3.));
#2803 = CARTESIAN_POINT('',(5.37521315882,-3.));
#2804 = CARTESIAN_POINT('',(5.38829373172,-3.));
#2805 = CARTESIAN_POINT('',(5.401374304502,-3.));
#2806 = CARTESIAN_POINT('',(5.414454876929,-3.));
#2807 = CARTESIAN_POINT('',(5.4406160206,-3.));
#2808 = CARTESIAN_POINT('',(5.453696593027,-3.));
#2809 = CARTESIAN_POINT('',(5.466777165809,-3.));
#2810 = CARTESIAN_POINT('',(5.479857738709,-3.));
#2811 = CARTESIAN_POINT('',(5.492938311491,-3.));
#2812 = CARTESIAN_POINT('',(5.506018883918,-3.));
#2813 = CARTESIAN_POINT('',(5.531277919324,-3.));
#2814 = CARTESIAN_POINT('',(5.543456383308,-3.));
#2815 = CARTESIAN_POINT('',(5.55563484754,-3.));
#2816 = CARTESIAN_POINT('',(5.567813311854,-3.));
#2817 = CARTESIAN_POINT('',(5.579991776086,-3.));
#2818 = CARTESIAN_POINT('',(5.59217024007,-3.));
#2819 = CARTESIAN_POINT('',(5.701312954793,-3.));
#2820 = CARTESIAN_POINT('',(5.798315425807,-3.));
#2821 = CARTESIAN_POINT('',(5.895286518648,-3.));
#2822 = CARTESIAN_POINT('',(5.992247492172,-3.));
#2823 = CARTESIAN_POINT('',(6.089218585013,-3.));
#2824 = CARTESIAN_POINT('',(6.186221056027,-3.));
#2825 = CARTESIAN_POINT('',(6.28318530718,-3.));
#2826 = ( GEOMETRIC_REPRESENTATION_CONTEXT(2) 
PARAMETRIC_REPRESENTATION_CONTEXT() REPRESENTATION_CONTEXT('2D SPACE',''
  ) );
#2827 = ORIENTED_EDGE('',*,*,#1635,.T.);
#2828 = ORIENTED_EDGE('',*,*,#961,.T.);
#2829 = ADVANCED_FACE('',(#2830),#1009,.F.);
#2830 = FACE_BOUND('',#2831,.F.);
#2831 = EDGE_LOOP('',(#2832,#2855,#2877,#2878));
#2832 = ORIENTED_EDGE('',*,*,#2833,.F.);
#2833 = EDGE_CURVE('',#2834,#993,#2836,.T.);
#2834 = VERTEX_POINT('',#2835);
#2835 = CARTESIAN_POINT('',(33.333333333333,21.6,-45.));
#2836 = SEAM_CURVE('',#2837,(#2841,#2848),.PCURVE_S1.);
#2837 = LINE('',#2838,#2839);
#2838 = CARTESIAN_POINT('',(33.333333333333,23.39218452154,-45.));
#2839 = VECTOR('',#2840,1.);
#2840 = DIRECTION('',(-0.,-1.,-0.));
#2841 = PCURVE('',#1009,#2842);
#2842 = DEFINITIONAL_REPRESENTATION('',(#2843),#2847);
#2843 = LINE('',#2844,#2845);
#2844 = CARTESIAN_POINT('',(6.28318530718,0.));
#2845 = VECTOR('',#2846,1.);
#2846 = DIRECTION('',(0.,-1.));
#2847 = ( GEOMETRIC_REPRESENTATION_CONTEXT(2) 
PARAMETRIC_REPRESENTATION_CONTEXT() REPRESENTATION_CONTEXT('2D SPACE',''
  ) );
#2848 = PCURVE('',#1009,#2849);
#2849 = DEFINITIONAL_REPRESENTATION('',(#2850),#2854);
#2850 = LINE('',#2851,#2852);
#2851 = CARTESIAN_POINT('',(0.,0.));
#2852 = VECTOR('',#2853,1.);
#2853 = DIRECTION('',(0.,-1.));
#2854 = ( GEOMETRIC_REPRESENTATION_CONTEXT(2) 
PARAMETRIC_REPRESENTATION_CONTEXT() REPRESENTATION_CONTEXT('2D SPACE',''
  ) );
#2855 = ORIENTED_EDGE('',*,*,#2856,.F.);
#2856 = EDGE_CURVE('',#2834,#2834,#2857,.T.);
#2857 = SURFACE_CURVE('',#2858,(#2863,#2870),.PCURVE_S1.);
#2858 = CIRCLE('',#2859,5.);
#2859 = AXIS2_PLACEMENT_3D('',#2860,#2861,#2862);
#2860 = CARTESIAN_POINT('',(33.333333333333,21.6,-50.));
#2861 = DIRECTION('',(0.,1.,0.));
#2862 = DIRECTION('',(0.,-0.,1.));
#2863 = PCURVE('',#1009,#2864);
#2864 = DEFINITIONAL_REPRESENTATION('',(#2865),#2869);
#2865 = LINE('',#2866,#2867);
#2866 = CARTESIAN_POINT('',(0.,-1.79218452154));
#2867 = VECTOR('',#2868,1.);
#2868 = DIRECTION('',(1.,0.));
#2869 = ( GEOMETRIC_REPRESENTATION_CONTEXT(2) 
PARAMETRIC_REPRESENTATION_CONTEXT() REPRESENTATION_CONTEXT('2D SPACE',''
  ) );
#2870 = PCURVE('',#1450,#2871);
#2871 = DEFINITIONAL_REPRESENTATION('',(#2872),#2876);
#2872 = LINE('',#2873,#2874);
#2873 = CARTESIAN_POINT('',(0.,-3.));
#2874 = VECTOR('',#2875,1.);
#2875 = DIRECTION('',(1.,-0.));
#2876 = ( GEOMETRIC_REPRESENTATION_CONTEXT(2) 
PARAMETRIC_REPRESENTATION_CONTEXT() REPRESENTATION_CONTEXT('2D SPACE',''
  ) );
#2877 = ORIENTED_EDGE('',*,*,#2833,.T.);
#2878 = ORIENTED_EDGE('',*,*,#992,.T.);
#2879 = ADVANCED_FACE('',(#2880),#1040,.F.);
#2880 = FACE_BOUND('',#2881,.T.);
#2881 = EDGE_LOOP('',(#2882,#2905,#2927,#2928));
#2882 = ORIENTED_EDGE('',*,*,#2883,.T.);
#2883 = EDGE_CURVE('',#1024,#2884,#2886,.T.);
#2884 = VERTEX_POINT('',#2885);
#2885 = CARTESIAN_POINT('',(50.,-20.5,-67.));
#2886 = SEAM_CURVE('',#2887,(#2891,#2898),.PCURVE_S1.);
#2887 = LINE('',#2888,#2889);
#2888 = CARTESIAN_POINT('',(50.,-25.,-67.));
#2889 = VECTOR('',#2890,1.);
#2890 = DIRECTION('',(0.,1.,0.));
#2891 = PCURVE('',#1040,#2892);
#2892 = DEFINITIONAL_REPRESENTATION('',(#2893),#2897);
#2893 = LINE('',#2894,#2895);
#2894 = CARTESIAN_POINT('',(-0.,0.));
#2895 = VECTOR('',#2896,1.);
#2896 = DIRECTION('',(-0.,-1.));
#2897 = ( GEOMETRIC_REPRESENTATION_CONTEXT(2) 
PARAMETRIC_REPRESENTATION_CONTEXT() REPRESENTATION_CONTEXT('2D SPACE',''
  ) );
#2898 = PCURVE('',#1040,#2899);
#2899 = DEFINITIONAL_REPRESENTATION('',(#2900),#2904);
#2900 = LINE('',#2901,#2902);
#2901 = CARTESIAN_POINT('',(-6.28318530718,0.));
#2902 = VECTOR('',#2903,1.);
#2903 = DIRECTION('',(-0.,-1.));
#2904 = ( GEOMETRIC_REPRESENTATION_CONTEXT(2) 
PARAMETRIC_REPRESENTATION_CONTEXT() REPRESENTATION_CONTEXT('2D SPACE',''
  ) );
#2905 = ORIENTED_EDGE('',*,*,#2906,.T.);
#2906 = EDGE_CURVE('',#2884,#2884,#2907,.T.);
#2907 = SURFACE_CURVE('',#2908,(#2913,#2920),.PCURVE_S1.);
#2908 = CIRCLE('',#2909,8.);
#2909 = AXIS2_PLACEMENT_3D('',#2910,#2911,#2912);
#2910 = CARTESIAN_POINT('',(50.,-20.5,-75.));
#2911 = DIRECTION('',(0.,1.,0.));
#2912 = DIRECTION('',(0.,0.,1.));
#2913 = PCURVE('',#1040,#2914);
#2914 = DEFINITIONAL_REPRESENTATION('',(#2915),#2919);
#2915 = LINE('',#2916,#2917);
#2916 = CARTESIAN_POINT('',(-0.,-4.5));
#2917 = VECTOR('',#2918,1.);
#2918 = DIRECTION('',(-1.,0.));
#2919 = ( GEOMETRIC_REPRESENTATION_CONTEXT(2) 
PARAMETRIC_REPRESENTATION_CONTEXT() REPRESENTATION_CONTEXT('2D SPACE',''
  ) );
#2920 = PCURVE('',#1505,#2921);
#2921 = DEFINITIONAL_REPRESENTATION('',(#2922),#2926);
#2922 = CIRCLE('',#2923,8.);
#2923 = AXIS2_PLACEMENT_2D('',#2924,#2925);
#2924 = CARTESIAN_POINT('',(-1.42108547152E-14,0.));
#2925 = DIRECTION('',(1.,0.));
#2926 = ( GEOMETRIC_REPRESENTATION_CONTEXT(2) 
PARAMETRIC_REPRESENTATION_CONTEXT() REPRESENTATION_CONTEXT('2D SPACE',''
  ) );
#2927 = ORIENTED_EDGE('',*,*,#2883,.F.);
#2928 = ORIENTED_EDGE('',*,*,#1023,.F.);
#2929 = ADVANCED_FACE('',(#2930),#1071,.F.);
#2930 = FACE_BOUND('',#2931,.T.);
#2931 = EDGE_LOOP('',(#2932,#2955,#2977,#2978));
#2932 = ORIENTED_EDGE('',*,*,#2933,.T.);
#2933 = EDGE_CURVE('',#1055,#2934,#2936,.T.);
#2934 = VERTEX_POINT('',#2935);
#2935 = CARTESIAN_POINT('',(0.,-20.5,8.));
#2936 = SEAM_CURVE('',#2937,(#2941,#2948),.PCURVE_S1.);
#2937 = LINE('',#2938,#2939);
#2938 = CARTESIAN_POINT('',(0.,-25.,8.));
#2939 = VECTOR('',#2940,1.);
#2940 = DIRECTION('',(0.,1.,0.));
#2941 = PCURVE('',#1071,#2942);
#2942 = DEFINITIONAL_REPRESENTATION('',(#2943),#2947);
#2943 = LINE('',#2944,#2945);
#2944 = CARTESIAN_POINT('',(-0.,0.));
#2945 = VECTOR('',#2946,1.);
#2946 = DIRECTION('',(-0.,-1.));
#2947 = ( GEOMETRIC_REPRESENTATION_CONTEXT(2) 
PARAMETRIC_REPRESENTATION_CONTEXT() REPRESENTATION_CONTEXT('2D SPACE',''
  ) );
#2948 = PCURVE('',#1071,#2949);
#2949 = DEFINITIONAL_REPRESENTATION('',(#2950),#2954);
#2950 = LINE('',#2951,#2952);
#2951 = CARTESIAN_POINT('',(-6.28318530718,0.));
#2952 = VECTOR('',#2953,1.);
#2953 = DIRECTION('',(-0.,-1.));
#2954 = ( GEOMETRIC_REPRESENTATION_CONTEXT(2) 
PARAMETRIC_REPRESENTATION_CONTEXT() REPRESENTATION_CONTEXT('2D SPACE',''
  ) );
#2955 = ORIENTED_EDGE('',*,*,#2956,.T.);
#2956 = EDGE_CURVE('',#2934,#2934,#2957,.T.);
#2957 = SURFACE_CURVE('',#2958,(#2963,#2970),.PCURVE_S1.);
#2958 = CIRCLE('',#2959,8.);
#2959 = AXIS2_PLACEMENT_3D('',#2960,#2961,#2962);
#2960 = CARTESIAN_POINT('',(0.,-20.5,0.));
#2961 = DIRECTION('',(0.,1.,0.));
#2962 = DIRECTION('',(0.,0.,1.));
#2963 = PCURVE('',#1071,#2964);
#2964 = DEFINITIONAL_REPRESENTATION('',(#2965),#2969);
#2965 = LINE('',#2966,#2967);
#2966 = CARTESIAN_POINT('',(-0.,-4.5));
#2967 = VECTOR('',#2968,1.);
#2968 = DIRECTION('',(-1.,0.));
#2969 = ( GEOMETRIC_REPRESENTATION_CONTEXT(2) 
PARAMETRIC_REPRESENTATION_CONTEXT() REPRESENTATION_CONTEXT('2D SPACE',''
  ) );
#2970 = PCURVE('',#1564,#2971);
#2971 = DEFINITIONAL_REPRESENTATION('',(#2972),#2976);
#2972 = CIRCLE('',#2973,8.);
#2973 = AXIS2_PLACEMENT_2D('',#2974,#2975);
#2974 = CARTESIAN_POINT('',(5.127900497023E-16,-6.990076196319E-16));
#2975 = DIRECTION('',(1.,5.364866663081E-64));
#2976 = ( GEOMETRIC_REPRESENTATION_CONTEXT(2) 
PARAMETRIC_REPRESENTATION_CONTEXT() REPRESENTATION_CONTEXT('2D SPACE',''
  ) );
#2977 = ORIENTED_EDGE('',*,*,#2933,.F.);
#2978 = ORIENTED_EDGE('',*,*,#1054,.F.);
#2979 = ADVANCED_FACE('',(#2980),#1125,.T.);
#2980 = FACE_BOUND('',#2981,.T.);
#2981 = EDGE_LOOP('',(#2982,#2983,#2984,#2985));
#2982 = ORIENTED_EDGE('',*,*,#1212,.T.);
#2983 = ORIENTED_EDGE('',*,*,#1261,.T.);
#2984 = ORIENTED_EDGE('',*,*,#1185,.T.);
#2985 = ORIENTED_EDGE('',*,*,#1109,.T.);
#2986 = ADVANCED_FACE('',(#2987,#2990),#1336,.F.);
#2987 = FACE_BOUND('',#2988,.F.);
#2988 = EDGE_LOOP('',(#2989));
#2989 = ORIENTED_EDGE('',*,*,#1608,.T.);
#2990 = FACE_BOUND('',#2991,.F.);
#2991 = EDGE_LOOP('',(#2992));
#2992 = ORIENTED_EDGE('',*,*,#1321,.T.);
#2993 = ADVANCED_FACE('',(#2994),#1395,.F.);
#2994 = FACE_BOUND('',#2995,.T.);
#2995 = EDGE_LOOP('',(#2996,#2997,#3016,#3017));
#2996 = ORIENTED_EDGE('',*,*,#1380,.T.);
#2997 = ORIENTED_EDGE('',*,*,#2998,.T.);
#2998 = EDGE_CURVE('',#1358,#1636,#2999,.T.);
#2999 = SEAM_CURVE('',#3000,(#3004,#3010),.PCURVE_S1.);
#3000 = LINE('',#3001,#3002);
#3001 = CARTESIAN_POINT('',(-33.33333333333,24.6,58.));
#3002 = VECTOR('',#3003,1.);
#3003 = DIRECTION('',(-6.507770447439E-31,-0.707106781187,
    -0.707106781187));
#3004 = PCURVE('',#1395,#3005);
#3005 = DEFINITIONAL_REPRESENTATION('',(#3006),#3009);
#3006 = B_SPLINE_CURVE_WITH_KNOTS('',1,(#3007,#3008),.UNSPECIFIED.,.F.,
  .F.,(2,2),(0.,5.091168824543),.PIECEWISE_BEZIER_KNOTS.);
#3007 = CARTESIAN_POINT('',(0.,0.));
#3008 = CARTESIAN_POINT('',(0.,-3.6));
#3009 = ( GEOMETRIC_REPRESENTATION_CONTEXT(2) 
PARAMETRIC_REPRESENTATION_CONTEXT() REPRESENTATION_CONTEXT('2D SPACE',''
  ) );
#3010 = PCURVE('',#1395,#3011);
#3011 = DEFINITIONAL_REPRESENTATION('',(#3012),#3015);
#3012 = B_SPLINE_CURVE_WITH_KNOTS('',1,(#3013,#3014),.UNSPECIFIED.,.F.,
  .F.,(2,2),(0.,5.091168824543),.PIECEWISE_BEZIER_KNOTS.);
#3013 = CARTESIAN_POINT('',(6.28318530718,0.));
#3014 = CARTESIAN_POINT('',(6.28318530718,-3.6));
#3015 = ( GEOMETRIC_REPRESENTATION_CONTEXT(2) 
PARAMETRIC_REPRESENTATION_CONTEXT() REPRESENTATION_CONTEXT('2D SPACE',''
  ) );
#3016 = ORIENTED_EDGE('',*,*,#1658,.F.);
#3017 = ORIENTED_EDGE('',*,*,#2998,.F.);
#3018 = ADVANCED_FACE('',(#3019),#1450,.F.);
#3019 = FACE_BOUND('',#3020,.T.);
#3020 = EDGE_LOOP('',(#3021,#3022,#3041,#3042));
#3021 = ORIENTED_EDGE('',*,*,#1435,.T.);
#3022 = ORIENTED_EDGE('',*,*,#3023,.T.);
#3023 = EDGE_CURVE('',#1413,#2834,#3024,.T.);
#3024 = SEAM_CURVE('',#3025,(#3029,#3035),.PCURVE_S1.);
#3025 = LINE('',#3026,#3027);
#3026 = CARTESIAN_POINT('',(33.333333333333,24.6,-42.));
#3027 = VECTOR('',#3028,1.);
#3028 = DIRECTION('',(-0.,-0.707106781187,-0.707106781187));
#3029 = PCURVE('',#1450,#3030);
#3030 = DEFINITIONAL_REPRESENTATION('',(#3031),#3034);
#3031 = B_SPLINE_CURVE_WITH_KNOTS('',1,(#3032,#3033),.UNSPECIFIED.,.F.,
  .F.,(2,2),(0.,5.091168824543),.PIECEWISE_BEZIER_KNOTS.);
#3032 = CARTESIAN_POINT('',(0.,0.));
#3033 = CARTESIAN_POINT('',(0.,-3.6));
#3034 = ( GEOMETRIC_REPRESENTATION_CONTEXT(2) 
PARAMETRIC_REPRESENTATION_CONTEXT() REPRESENTATION_CONTEXT('2D SPACE',''
  ) );
#3035 = PCURVE('',#1450,#3036);
#3036 = DEFINITIONAL_REPRESENTATION('',(#3037),#3040);
#3037 = B_SPLINE_CURVE_WITH_KNOTS('',1,(#3038,#3039),.UNSPECIFIED.,.F.,
  .F.,(2,2),(0.,5.091168824543),.PIECEWISE_BEZIER_KNOTS.);
#3038 = CARTESIAN_POINT('',(6.28318530718,0.));
#3039 = CARTESIAN_POINT('',(6.28318530718,-3.6));
#3040 = ( GEOMETRIC_REPRESENTATION_CONTEXT(2) 
PARAMETRIC_REPRESENTATION_CONTEXT() REPRESENTATION_CONTEXT('2D SPACE',''
  ) );
#3041 = ORIENTED_EDGE('',*,*,#2856,.F.);
#3042 = ORIENTED_EDGE('',*,*,#3023,.F.);
#3043 = ADVANCED_FACE('',(#3044,#3047),#1505,.F.);
#3044 = FACE_BOUND('',#3045,.F.);
#3045 = EDGE_LOOP('',(#3046));
#3046 = ORIENTED_EDGE('',*,*,#2906,.T.);
#3047 = FACE_BOUND('',#3048,.F.);
#3048 = EDGE_LOOP('',(#3049));
#3049 = ORIENTED_EDGE('',*,*,#1490,.T.);
#3050 = ADVANCED_FACE('',(#3051,#3054),#1564,.F.);
#3051 = FACE_BOUND('',#3052,.F.);
#3052 = EDGE_LOOP('',(#3053));
#3053 = ORIENTED_EDGE('',*,*,#2956,.T.);
#3054 = FACE_BOUND('',#3055,.F.);
#3055 = EDGE_LOOP('',(#3056));
#3056 = ORIENTED_EDGE('',*,*,#1549,.T.);
#3057 = MANIFOLD_SOLID_BREP('PartBody',#3058);
#3058 = CLOSED_SHELL('',(#3059,#3147,#3151));
#3059 = ADVANCED_FACE('',(#3060),#3073,.T.);
#3060 = FACE_BOUND('',#3061,.T.);
#3061 = EDGE_LOOP('',(#3062,#3096,#3119,#3146));
#3062 = ORIENTED_EDGE('',*,*,#3063,.T.);
#3063 = EDGE_CURVE('',#3064,#3064,#3066,.T.);
#3064 = VERTEX_POINT('',#3065);
#3065 = CARTESIAN_POINT('',(100.,-19.,0.));
#3066 = SURFACE_CURVE('',#3067,(#3072,#3084),.PCURVE_S1.);
#3067 = CIRCLE('',#3068,19.);
#3068 = AXIS2_PLACEMENT_3D('',#3069,#3070,#3071);
#3069 = CARTESIAN_POINT('',(100.,0.,0.));
#3070 = DIRECTION('',(1.,0.,0.));
#3071 = DIRECTION('',(0.,-1.,0.));
#3072 = PCURVE('',#3073,#3078);
#3073 = CONICAL_SURFACE('',#3074,19.,0.174532925199);
#3074 = AXIS2_PLACEMENT_3D('',#3075,#3076,#3077);
#3075 = CARTESIAN_POINT('',(100.,0.,0.));
#3076 = DIRECTION('',(-1.,-0.,-0.));
#3077 = DIRECTION('',(0.,-1.,0.));
#3078 = DEFINITIONAL_REPRESENTATION('',(#3079),#3083);
#3079 = LINE('',#3080,#3081);
#3080 = CARTESIAN_POINT('',(-0.,-0.));
#3081 = VECTOR('',#3082,1.);
#3082 = DIRECTION('',(-1.,-0.));
#3083 = ( GEOMETRIC_REPRESENTATION_CONTEXT(2) 
PARAMETRIC_REPRESENTATION_CONTEXT() REPRESENTATION_CONTEXT('2D SPACE',''
  ) );
#3084 = PCURVE('',#3085,#3090);
#3085 = PLANE('',#3086);
#3086 = AXIS2_PLACEMENT_3D('',#3087,#3088,#3089);
#3087 = CARTESIAN_POINT('',(100.,0.,0.));
#3088 = DIRECTION('',(1.,0.,0.));
#3089 = DIRECTION('',(0.,-1.,0.));
#3090 = DEFINITIONAL_REPRESENTATION('',(#3091),#3095);
#3091 = CIRCLE('',#3092,19.);
#3092 = AXIS2_PLACEMENT_2D('',#3093,#3094);
#3093 = CARTESIAN_POINT('',(0.,0.));
#3094 = DIRECTION('',(1.,-0.));
#3095 = ( GEOMETRIC_REPRESENTATION_CONTEXT(2) 
PARAMETRIC_REPRESENTATION_CONTEXT() REPRESENTATION_CONTEXT('2D SPACE',''
  ) );
#3096 = ORIENTED_EDGE('',*,*,#3097,.T.);
#3097 = EDGE_CURVE('',#3064,#3098,#3100,.T.);
#3098 = VERTEX_POINT('',#3099);
#3099 = CARTESIAN_POINT('',(120.,-15.47346038583,0.));
#3100 = SEAM_CURVE('',#3101,(#3105,#3112),.PCURVE_S1.);
#3101 = LINE('',#3102,#3103);
#3102 = CARTESIAN_POINT('',(100.,-19.,0.));
#3103 = VECTOR('',#3104,1.);
#3104 = DIRECTION('',(0.984807753012,0.173648177667,0.));
#3105 = PCURVE('',#3073,#3106);
#3106 = DEFINITIONAL_REPRESENTATION('',(#3107),#3111);
#3107 = LINE('',#3108,#3109);
#3108 = CARTESIAN_POINT('',(-0.,-0.));
#3109 = VECTOR('',#3110,1.);
#3110 = DIRECTION('',(-0.,-1.));
#3111 = ( GEOMETRIC_REPRESENTATION_CONTEXT(2) 
PARAMETRIC_REPRESENTATION_CONTEXT() REPRESENTATION_CONTEXT('2D SPACE',''
  ) );
#3112 = PCURVE('',#3073,#3113);
#3113 = DEFINITIONAL_REPRESENTATION('',(#3114),#3118);
#3114 = LINE('',#3115,#3116);
#3115 = CARTESIAN_POINT('',(-6.28318530718,-0.));
#3116 = VECTOR('',#3117,1.);
#3117 = DIRECTION('',(-0.,-1.));
#3118 = ( GEOMETRIC_REPRESENTATION_CONTEXT(2) 
PARAMETRIC_REPRESENTATION_CONTEXT() REPRESENTATION_CONTEXT('2D SPACE',''
  ) );
#3119 = ORIENTED_EDGE('',*,*,#3120,.F.);
#3120 = EDGE_CURVE('',#3098,#3098,#3121,.T.);
#3121 = SURFACE_CURVE('',#3122,(#3127,#3134),.PCURVE_S1.);
#3122 = CIRCLE('',#3123,15.473460385831);
#3123 = AXIS2_PLACEMENT_3D('',#3124,#3125,#3126);
#3124 = CARTESIAN_POINT('',(120.,0.,0.));
#3125 = DIRECTION('',(1.,0.,0.));
#3126 = DIRECTION('',(0.,-1.,0.));
#3127 = PCURVE('',#3073,#3128);
#3128 = DEFINITIONAL_REPRESENTATION('',(#3129),#3133);
#3129 = LINE('',#3130,#3131);
#3130 = CARTESIAN_POINT('',(-0.,-20.));
#3131 = VECTOR('',#3132,1.);
#3132 = DIRECTION('',(-1.,-0.));
#3133 = ( GEOMETRIC_REPRESENTATION_CONTEXT(2) 
PARAMETRIC_REPRESENTATION_CONTEXT() REPRESENTATION_CONTEXT('2D SPACE',''
  ) );
#3134 = PCURVE('',#3135,#3140);
#3135 = PLANE('',#3136);
#3136 = AXIS2_PLACEMENT_3D('',#3137,#3138,#3139);
#3137 = CARTESIAN_POINT('',(120.,0.,0.));
#3138 = DIRECTION('',(1.,0.,0.));
#3139 = DIRECTION('',(0.,-1.,0.));
#3140 = DEFINITIONAL_REPRESENTATION('',(#3141),#3145);
#3141 = CIRCLE('',#3142,15.473460385831);
#3142 = AXIS2_PLACEMENT_2D('',#3143,#3144);
#3143 = CARTESIAN_POINT('',(0.,0.));
#3144 = DIRECTION('',(1.,0.));
#3145 = ( GEOMETRIC_REPRESENTATION_CONTEXT(2) 
PARAMETRIC_REPRESENTATION_CONTEXT() REPRESENTATION_CONTEXT('2D SPACE',''
  ) );
#3146 = ORIENTED_EDGE('',*,*,#3097,.F.);
#3147 = ADVANCED_FACE('',(#3148),#3135,.T.);
#3148 = FACE_BOUND('',#3149,.T.);
#3149 = EDGE_LOOP('',(#3150));
#3150 = ORIENTED_EDGE('',*,*,#3120,.T.);
#3151 = ADVANCED_FACE('',(#3152),#3085,.F.);
#3152 = FACE_BOUND('',#3153,.T.);
#3153 = EDGE_LOOP('',(#3154));
#3154 = ORIENTED_EDGE('',*,*,#3063,.F.);
#3155 = MANIFOLD_SOLID_BREP('PartBody',#3156);
#3156 = CLOSED_SHELL('',(#3157,#3277,#3353,#3429,#3505,#3576,#3623,#3632
    ));
#3157 = ADVANCED_FACE('',(#3158),#3172,.T.);
#3158 = FACE_BOUND('',#3159,.T.);
#3159 = EDGE_LOOP('',(#3160,#3195,#3223,#3251));
#3160 = ORIENTED_EDGE('',*,*,#3161,.T.);
#3161 = EDGE_CURVE('',#3162,#3164,#3166,.T.);
#3162 = VERTEX_POINT('',#3163);
#3163 = CARTESIAN_POINT('',(-100.,20.5,-0.));
#3164 = VERTEX_POINT('',#3165);
#3165 = CARTESIAN_POINT('',(-100.,20.5,-18.));
#3166 = SURFACE_CURVE('',#3167,(#3171,#3183),.PCURVE_S1.);
#3167 = LINE('',#3168,#3169);
#3168 = CARTESIAN_POINT('',(-100.,20.5,-0.));
#3169 = VECTOR('',#3170,1.);
#3170 = DIRECTION('',(0.,0.,-1.));
#3171 = PCURVE('',#3172,#3177);
#3172 = PLANE('',#3173);
#3173 = AXIS2_PLACEMENT_3D('',#3174,#3175,#3176);
#3174 = CARTESIAN_POINT('',(-100.,20.5,0.));
#3175 = DIRECTION('',(0.,1.,0.));
#3176 = DIRECTION('',(-1.,0.,0.));
#3177 = DEFINITIONAL_REPRESENTATION('',(#3178),#3182);
#3178 = LINE('',#3179,#3180);
#3179 = CARTESIAN_POINT('',(0.,0.));
#3180 = VECTOR('',#3181,1.);
#3181 = DIRECTION('',(0.,-1.));
#3182 = ( GEOMETRIC_REPRESENTATION_CONTEXT(2) 
PARAMETRIC_REPRESENTATION_CONTEXT() REPRESENTATION_CONTEXT('2D SPACE',''
  ) );
#3183 = PCURVE('',#3184,#3189);
#3184 = PLANE('',#3185);
#3185 = AXIS2_PLACEMENT_3D('',#3186,#3187,#3188);
#3186 = CARTESIAN_POINT('',(-100.,-20.5,0.));
#3187 = DIRECTION('',(1.,0.,0.));
#3188 = DIRECTION('',(0.,1.,-0.));
#3189 = DEFINITIONAL_REPRESENTATION('',(#3190),#3194);
#3190 = LINE('',#3191,#3192);
#3191 = CARTESIAN_POINT('',(41.,0.));
#3192 = VECTOR('',#3193,1.);
#3193 = DIRECTION('',(0.,-1.));
#3194 = ( GEOMETRIC_REPRESENTATION_CONTEXT(2) 
PARAMETRIC_REPRESENTATION_CONTEXT() REPRESENTATION_CONTEXT('2D SPACE',''
  ) );
#3195 = ORIENTED_EDGE('',*,*,#3196,.T.);
#3196 = EDGE_CURVE('',#3164,#3197,#3199,.T.);
#3197 = VERTEX_POINT('',#3198);
#3198 = CARTESIAN_POINT('',(-159.,20.5,-18.));
#3199 = SURFACE_CURVE('',#3200,(#3204,#3211),.PCURVE_S1.);
#3200 = LINE('',#3201,#3202);
#3201 = CARTESIAN_POINT('',(-100.,20.5,-18.));
#3202 = VECTOR('',#3203,1.);
#3203 = DIRECTION('',(-1.,0.,0.));
#3204 = PCURVE('',#3172,#3205);
#3205 = DEFINITIONAL_REPRESENTATION('',(#3206),#3210);
#3206 = LINE('',#3207,#3208);
#3207 = CARTESIAN_POINT('',(0.,-18.));
#3208 = VECTOR('',#3209,1.);
#3209 = DIRECTION('',(1.,0.));
#3210 = ( GEOMETRIC_REPRESENTATION_CONTEXT(2) 
PARAMETRIC_REPRESENTATION_CONTEXT() REPRESENTATION_CONTEXT('2D SPACE',''
  ) );
#3211 = PCURVE('',#3212,#3217);
#3212 = PLANE('',#3213);
#3213 = AXIS2_PLACEMENT_3D('',#3214,#3215,#3216);
#3214 = CARTESIAN_POINT('',(-119.78,9.72,-18.));
#3215 = DIRECTION('',(0.,0.,1.));
#3216 = DIRECTION('',(1.,0.,-0.));
#3217 = DEFINITIONAL_REPRESENTATION('',(#3218),#3222);
#3218 = LINE('',#3219,#3220);
#3219 = CARTESIAN_POINT('',(19.78,10.78));
#3220 = VECTOR('',#3221,1.);
#3221 = DIRECTION('',(-1.,0.));
#3222 = ( GEOMETRIC_REPRESENTATION_CONTEXT(2) 
PARAMETRIC_REPRESENTATION_CONTEXT() REPRESENTATION_CONTEXT('2D SPACE',''
  ) );
#3223 = ORIENTED_EDGE('',*,*,#3224,.F.);
#3224 = EDGE_CURVE('',#3225,#3197,#3227,.T.);
#3225 = VERTEX_POINT('',#3226);
#3226 = CARTESIAN_POINT('',(-159.,20.5,-0.));
#3227 = SURFACE_CURVE('',#3228,(#3232,#3239),.PCURVE_S1.);
#3228 = LINE('',#3229,#3230);
#3229 = CARTESIAN_POINT('',(-159.,20.5,-0.));
#3230 = VECTOR('',#3231,1.);
#3231 = DIRECTION('',(0.,0.,-1.));
#3232 = PCURVE('',#3172,#3233);
#3233 = DEFINITIONAL_REPRESENTATION('',(#3234),#3238);
#3234 = LINE('',#3235,#3236);
#3235 = CARTESIAN_POINT('',(59.,0.));
#3236 = VECTOR('',#3237,1.);
#3237 = DIRECTION('',(0.,-1.));
#3238 = ( GEOMETRIC_REPRESENTATION_CONTEXT(2) 
PARAMETRIC_REPRESENTATION_CONTEXT() REPRESENTATION_CONTEXT('2D SPACE',''
  ) );
#3239 = PCURVE('',#3240,#3245);
#3240 = PLANE('',#3241);
#3241 = AXIS2_PLACEMENT_3D('',#3242,#3243,#3244);
#3242 = CARTESIAN_POINT('',(-159.,20.5,0.));
#3243 = DIRECTION('',(-1.,-0.,-0.));
#3244 = DIRECTION('',(0.,-1.,0.));
#3245 = DEFINITIONAL_REPRESENTATION('',(#3246),#3250);
#3246 = LINE('',#3247,#3248);
#3247 = CARTESIAN_POINT('',(0.,0.));
#3248 = VECTOR('',#3249,1.);
#3249 = DIRECTION('',(0.,-1.));
#3250 = ( GEOMETRIC_REPRESENTATION_CONTEXT(2) 
PARAMETRIC_REPRESENTATION_CONTEXT() REPRESENTATION_CONTEXT('2D SPACE',''
  ) );
#3251 = ORIENTED_EDGE('',*,*,#3252,.F.);
#3252 = EDGE_CURVE('',#3162,#3225,#3253,.T.);
#3253 = SURFACE_CURVE('',#3254,(#3258,#3265),.PCURVE_S1.);
#3254 = LINE('',#3255,#3256);
#3255 = CARTESIAN_POINT('',(-100.,20.5,-0.));
#3256 = VECTOR('',#3257,1.);
#3257 = DIRECTION('',(-1.,0.,0.));
#3258 = PCURVE('',#3172,#3259);
#3259 = DEFINITIONAL_REPRESENTATION('',(#3260),#3264);
#3260 = LINE('',#3261,#3262);
#3261 = CARTESIAN_POINT('',(0.,0.));
#3262 = VECTOR('',#3263,1.);
#3263 = DIRECTION('',(1.,0.));
#3264 = ( GEOMETRIC_REPRESENTATION_CONTEXT(2) 
PARAMETRIC_REPRESENTATION_CONTEXT() REPRESENTATION_CONTEXT('2D SPACE',''
  ) );
#3265 = PCURVE('',#3266,#3271);
#3266 = PLANE('',#3267);
#3267 = AXIS2_PLACEMENT_3D('',#3268,#3269,#3270);
#3268 = CARTESIAN_POINT('',(-119.78,9.72,0.));
#3269 = DIRECTION('',(0.,0.,1.));
#3270 = DIRECTION('',(1.,0.,-0.));
#3271 = DEFINITIONAL_REPRESENTATION('',(#3272),#3276);
#3272 = LINE('',#3273,#3274);
#3273 = CARTESIAN_POINT('',(19.78,10.78));
#3274 = VECTOR('',#3275,1.);
#3275 = DIRECTION('',(-1.,0.));
#3276 = ( GEOMETRIC_REPRESENTATION_CONTEXT(2) 
PARAMETRIC_REPRESENTATION_CONTEXT() REPRESENTATION_CONTEXT('2D SPACE',''
  ) );
#3277 = ADVANCED_FACE('',(#3278),#3240,.T.);
#3278 = FACE_BOUND('',#3279,.T.);
#3279 = EDGE_LOOP('',(#3280,#3281,#3304,#3332));
#3280 = ORIENTED_EDGE('',*,*,#3224,.T.);
#3281 = ORIENTED_EDGE('',*,*,#3282,.T.);
#3282 = EDGE_CURVE('',#3197,#3283,#3285,.T.);
#3283 = VERTEX_POINT('',#3284);
#3284 = CARTESIAN_POINT('',(-159.,15.5,-18.));
#3285 = SURFACE_CURVE('',#3286,(#3290,#3297),.PCURVE_S1.);
#3286 = LINE('',#3287,#3288);
#3287 = CARTESIAN_POINT('',(-159.,20.5,-18.));
#3288 = VECTOR('',#3289,1.);
#3289 = DIRECTION('',(0.,-1.,0.));
#3290 = PCURVE('',#3240,#3291);
#3291 = DEFINITIONAL_REPRESENTATION('',(#3292),#3296);
#3292 = LINE('',#3293,#3294);
#3293 = CARTESIAN_POINT('',(0.,-18.));
#3294 = VECTOR('',#3295,1.);
#3295 = DIRECTION('',(1.,0.));
#3296 = ( GEOMETRIC_REPRESENTATION_CONTEXT(2) 
PARAMETRIC_REPRESENTATION_CONTEXT() REPRESENTATION_CONTEXT('2D SPACE',''
  ) );
#3297 = PCURVE('',#3212,#3298);
#3298 = DEFINITIONAL_REPRESENTATION('',(#3299),#3303);
#3299 = LINE('',#3300,#3301);
#3300 = CARTESIAN_POINT('',(-39.22,10.78));
#3301 = VECTOR('',#3302,1.);
#3302 = DIRECTION('',(0.,-1.));
#3303 = ( GEOMETRIC_REPRESENTATION_CONTEXT(2) 
PARAMETRIC_REPRESENTATION_CONTEXT() REPRESENTATION_CONTEXT('2D SPACE',''
  ) );
#3304 = ORIENTED_EDGE('',*,*,#3305,.F.);
#3305 = EDGE_CURVE('',#3306,#3283,#3308,.T.);
#3306 = VERTEX_POINT('',#3307);
#3307 = CARTESIAN_POINT('',(-159.,15.5,-0.));
#3308 = SURFACE_CURVE('',#3309,(#3313,#3320),.PCURVE_S1.);
#3309 = LINE('',#3310,#3311);
#3310 = CARTESIAN_POINT('',(-159.,15.5,-0.));
#3311 = VECTOR('',#3312,1.);
#3312 = DIRECTION('',(0.,0.,-1.));
#3313 = PCURVE('',#3240,#3314);
#3314 = DEFINITIONAL_REPRESENTATION('',(#3315),#3319);
#3315 = LINE('',#3316,#3317);
#3316 = CARTESIAN_POINT('',(5.,0.));
#3317 = VECTOR('',#3318,1.);
#3318 = DIRECTION('',(0.,-1.));
#3319 = ( GEOMETRIC_REPRESENTATION_CONTEXT(2) 
PARAMETRIC_REPRESENTATION_CONTEXT() REPRESENTATION_CONTEXT('2D SPACE',''
  ) );
#3320 = PCURVE('',#3321,#3326);
#3321 = PLANE('',#3322);
#3322 = AXIS2_PLACEMENT_3D('',#3323,#3324,#3325);
#3323 = CARTESIAN_POINT('',(-159.,15.5,0.));
#3324 = DIRECTION('',(0.,-1.,0.));
#3325 = DIRECTION('',(1.,0.,0.));
#3326 = DEFINITIONAL_REPRESENTATION('',(#3327),#3331);
#3327 = LINE('',#3328,#3329);
#3328 = CARTESIAN_POINT('',(0.,0.));
#3329 = VECTOR('',#3330,1.);
#3330 = DIRECTION('',(0.,-1.));
#3331 = ( GEOMETRIC_REPRESENTATION_CONTEXT(2) 
PARAMETRIC_REPRESENTATION_CONTEXT() REPRESENTATION_CONTEXT('2D SPACE',''
  ) );
#3332 = ORIENTED_EDGE('',*,*,#3333,.F.);
#3333 = EDGE_CURVE('',#3225,#3306,#3334,.T.);
#3334 = SURFACE_CURVE('',#3335,(#3339,#3346),.PCURVE_S1.);
#3335 = LINE('',#3336,#3337);
#3336 = CARTESIAN_POINT('',(-159.,20.5,-0.));
#3337 = VECTOR('',#3338,1.);
#3338 = DIRECTION('',(0.,-1.,0.));
#3339 = PCURVE('',#3240,#3340);
#3340 = DEFINITIONAL_REPRESENTATION('',(#3341),#3345);
#3341 = LINE('',#3342,#3343);
#3342 = CARTESIAN_POINT('',(0.,0.));
#3343 = VECTOR('',#3344,1.);
#3344 = DIRECTION('',(1.,0.));
#3345 = ( GEOMETRIC_REPRESENTATION_CONTEXT(2) 
PARAMETRIC_REPRESENTATION_CONTEXT() REPRESENTATION_CONTEXT('2D SPACE',''
  ) );
#3346 = PCURVE('',#3266,#3347);
#3347 = DEFINITIONAL_REPRESENTATION('',(#3348),#3352);
#3348 = LINE('',#3349,#3350);
#3349 = CARTESIAN_POINT('',(-39.22,10.78));
#3350 = VECTOR('',#3351,1.);
#3351 = DIRECTION('',(0.,-1.));
#3352 = ( GEOMETRIC_REPRESENTATION_CONTEXT(2) 
PARAMETRIC_REPRESENTATION_CONTEXT() REPRESENTATION_CONTEXT('2D SPACE',''
  ) );
#3353 = ADVANCED_FACE('',(#3354),#3321,.T.);
#3354 = FACE_BOUND('',#3355,.T.);
#3355 = EDGE_LOOP('',(#3356,#3357,#3380,#3408));
#3356 = ORIENTED_EDGE('',*,*,#3305,.T.);
#3357 = ORIENTED_EDGE('',*,*,#3358,.T.);
#3358 = EDGE_CURVE('',#3283,#3359,#3361,.T.);
#3359 = VERTEX_POINT('',#3360);
#3360 = CARTESIAN_POINT('',(-105.,15.5,-18.));
#3361 = SURFACE_CURVE('',#3362,(#3366,#3373),.PCURVE_S1.);
#3362 = LINE('',#3363,#3364);
#3363 = CARTESIAN_POINT('',(-159.,15.5,-18.));
#3364 = VECTOR('',#3365,1.);
#3365 = DIRECTION('',(1.,0.,0.));
#3366 = PCURVE('',#3321,#3367);
#3367 = DEFINITIONAL_REPRESENTATION('',(#3368),#3372);
#3368 = LINE('',#3369,#3370);
#3369 = CARTESIAN_POINT('',(0.,-18.));
#3370 = VECTOR('',#3371,1.);
#3371 = DIRECTION('',(1.,0.));
#3372 = ( GEOMETRIC_REPRESENTATION_CONTEXT(2) 
PARAMETRIC_REPRESENTATION_CONTEXT() REPRESENTATION_CONTEXT('2D SPACE',''
  ) );
#3373 = PCURVE('',#3212,#3374);
#3374 = DEFINITIONAL_REPRESENTATION('',(#3375),#3379);
#3375 = LINE('',#3376,#3377);
#3376 = CARTESIAN_POINT('',(-39.22,5.78));
#3377 = VECTOR('',#3378,1.);
#3378 = DIRECTION('',(1.,0.));
#3379 = ( GEOMETRIC_REPRESENTATION_CONTEXT(2) 
PARAMETRIC_REPRESENTATION_CONTEXT() REPRESENTATION_CONTEXT('2D SPACE',''
  ) );
#3380 = ORIENTED_EDGE('',*,*,#3381,.F.);
#3381 = EDGE_CURVE('',#3382,#3359,#3384,.T.);
#3382 = VERTEX_POINT('',#3383);
#3383 = CARTESIAN_POINT('',(-105.,15.5,-0.));
#3384 = SURFACE_CURVE('',#3385,(#3389,#3396),.PCURVE_S1.);
#3385 = LINE('',#3386,#3387);
#3386 = CARTESIAN_POINT('',(-105.,15.5,-0.));
#3387 = VECTOR('',#3388,1.);
#3388 = DIRECTION('',(0.,0.,-1.));
#3389 = PCURVE('',#3321,#3390);
#3390 = DEFINITIONAL_REPRESENTATION('',(#3391),#3395);
#3391 = LINE('',#3392,#3393);
#3392 = CARTESIAN_POINT('',(54.,0.));
#3393 = VECTOR('',#3394,1.);
#3394 = DIRECTION('',(0.,-1.));
#3395 = ( GEOMETRIC_REPRESENTATION_CONTEXT(2) 
PARAMETRIC_REPRESENTATION_CONTEXT() REPRESENTATION_CONTEXT('2D SPACE',''
  ) );
#3396 = PCURVE('',#3397,#3402);
#3397 = PLANE('',#3398);
#3398 = AXIS2_PLACEMENT_3D('',#3399,#3400,#3401);
#3399 = CARTESIAN_POINT('',(-105.,15.5,0.));
#3400 = DIRECTION('',(-1.,-0.,-0.));
#3401 = DIRECTION('',(0.,-1.,0.));
#3402 = DEFINITIONAL_REPRESENTATION('',(#3403),#3407);
#3403 = LINE('',#3404,#3405);
#3404 = CARTESIAN_POINT('',(0.,0.));
#3405 = VECTOR('',#3406,1.);
#3406 = DIRECTION('',(0.,-1.));
#3407 = ( GEOMETRIC_REPRESENTATION_CONTEXT(2) 
PARAMETRIC_REPRESENTATION_CONTEXT() REPRESENTATION_CONTEXT('2D SPACE',''
  ) );
#3408 = ORIENTED_EDGE('',*,*,#3409,.F.);
#3409 = EDGE_CURVE('',#3306,#3382,#3410,.T.);
#3410 = SURFACE_CURVE('',#3411,(#3415,#3422),.PCURVE_S1.);
#3411 = LINE('',#3412,#3413);
#3412 = CARTESIAN_POINT('',(-159.,15.5,-0.));
#3413 = VECTOR('',#3414,1.);
#3414 = DIRECTION('',(1.,0.,0.));
#3415 = PCURVE('',#3321,#3416);
#3416 = DEFINITIONAL_REPRESENTATION('',(#3417),#3421);
#3417 = LINE('',#3418,#3419);
#3418 = CARTESIAN_POINT('',(0.,0.));
#3419 = VECTOR('',#3420,1.);
#3420 = DIRECTION('',(1.,0.));
#3421 = ( GEOMETRIC_REPRESENTATION_CONTEXT(2) 
PARAMETRIC_REPRESENTATION_CONTEXT() REPRESENTATION_CONTEXT('2D SPACE',''
  ) );
#3422 = PCURVE('',#3266,#3423);
#3423 = DEFINITIONAL_REPRESENTATION('',(#3424),#3428);
#3424 = LINE('',#3425,#3426);
#3425 = CARTESIAN_POINT('',(-39.22,5.78));
#3426 = VECTOR('',#3427,1.);
#3427 = DIRECTION('',(1.,0.));
#3428 = ( GEOMETRIC_REPRESENTATION_CONTEXT(2) 
PARAMETRIC_REPRESENTATION_CONTEXT() REPRESENTATION_CONTEXT('2D SPACE',''
  ) );
#3429 = ADVANCED_FACE('',(#3430),#3397,.T.);
#3430 = FACE_BOUND('',#3431,.T.);
#3431 = EDGE_LOOP('',(#3432,#3433,#3456,#3484));
#3432 = ORIENTED_EDGE('',*,*,#3381,.T.);
#3433 = ORIENTED_EDGE('',*,*,#3434,.T.);
#3434 = EDGE_CURVE('',#3359,#3435,#3437,.T.);
#3435 = VERTEX_POINT('',#3436);
#3436 = CARTESIAN_POINT('',(-105.,-20.5,-18.));
#3437 = SURFACE_CURVE('',#3438,(#3442,#3449),.PCURVE_S1.);
#3438 = LINE('',#3439,#3440);
#3439 = CARTESIAN_POINT('',(-105.,15.5,-18.));
#3440 = VECTOR('',#3441,1.);
#3441 = DIRECTION('',(0.,-1.,0.));
#3442 = PCURVE('',#3397,#3443);
#3443 = DEFINITIONAL_REPRESENTATION('',(#3444),#3448);
#3444 = LINE('',#3445,#3446);
#3445 = CARTESIAN_POINT('',(0.,-18.));
#3446 = VECTOR('',#3447,1.);
#3447 = DIRECTION('',(1.,0.));
#3448 = ( GEOMETRIC_REPRESENTATION_CONTEXT(2) 
PARAMETRIC_REPRESENTATION_CONTEXT() REPRESENTATION_CONTEXT('2D SPACE',''
  ) );
#3449 = PCURVE('',#3212,#3450);
#3450 = DEFINITIONAL_REPRESENTATION('',(#3451),#3455);
#3451 = LINE('',#3452,#3453);
#3452 = CARTESIAN_POINT('',(14.78,5.78));
#3453 = VECTOR('',#3454,1.);
#3454 = DIRECTION('',(0.,-1.));
#3455 = ( GEOMETRIC_REPRESENTATION_CONTEXT(2) 
PARAMETRIC_REPRESENTATION_CONTEXT() REPRESENTATION_CONTEXT('2D SPACE',''
  ) );
#3456 = ORIENTED_EDGE('',*,*,#3457,.F.);
#3457 = EDGE_CURVE('',#3458,#3435,#3460,.T.);
#3458 = VERTEX_POINT('',#3459);
#3459 = CARTESIAN_POINT('',(-105.,-20.5,0.));
#3460 = SURFACE_CURVE('',#3461,(#3465,#3472),.PCURVE_S1.);
#3461 = LINE('',#3462,#3463);
#3462 = CARTESIAN_POINT('',(-105.,-20.5,0.));
#3463 = VECTOR('',#3464,1.);
#3464 = DIRECTION('',(0.,0.,-1.));
#3465 = PCURVE('',#3397,#3466);
#3466 = DEFINITIONAL_REPRESENTATION('',(#3467),#3471);
#3467 = LINE('',#3468,#3469);
#3468 = CARTESIAN_POINT('',(36.,0.));
#3469 = VECTOR('',#3470,1.);
#3470 = DIRECTION('',(0.,-1.));
#3471 = ( GEOMETRIC_REPRESENTATION_CONTEXT(2) 
PARAMETRIC_REPRESENTATION_CONTEXT() REPRESENTATION_CONTEXT('2D SPACE',''
  ) );
#3472 = PCURVE('',#3473,#3478);
#3473 = PLANE('',#3474);
#3474 = AXIS2_PLACEMENT_3D('',#3475,#3476,#3477);
#3475 = CARTESIAN_POINT('',(-105.,-20.5,0.));
#3476 = DIRECTION('',(0.,-1.,0.));
#3477 = DIRECTION('',(1.,0.,0.));
#3478 = DEFINITIONAL_REPRESENTATION('',(#3479),#3483);
#3479 = LINE('',#3480,#3481);
#3480 = CARTESIAN_POINT('',(0.,0.));
#3481 = VECTOR('',#3482,1.);
#3482 = DIRECTION('',(0.,-1.));
#3483 = ( GEOMETRIC_REPRESENTATION_CONTEXT(2) 
PARAMETRIC_REPRESENTATION_CONTEXT() REPRESENTATION_CONTEXT('2D SPACE',''
  ) );
#3484 = ORIENTED_EDGE('',*,*,#3485,.F.);
#3485 = EDGE_CURVE('',#3382,#3458,#3486,.T.);
#3486 = SURFACE_CURVE('',#3487,(#3491,#3498),.PCURVE_S1.);
#3487 = LINE('',#3488,#3489);
#3488 = CARTESIAN_POINT('',(-105.,15.5,-0.));
#3489 = VECTOR('',#3490,1.);
#3490 = DIRECTION('',(0.,-1.,0.));
#3491 = PCURVE('',#3397,#3492);
#3492 = DEFINITIONAL_REPRESENTATION('',(#3493),#3497);
#3493 = LINE('',#3494,#3495);
#3494 = CARTESIAN_POINT('',(0.,0.));
#3495 = VECTOR('',#3496,1.);
#3496 = DIRECTION('',(1.,0.));
#3497 = ( GEOMETRIC_REPRESENTATION_CONTEXT(2) 
PARAMETRIC_REPRESENTATION_CONTEXT() REPRESENTATION_CONTEXT('2D SPACE',''
  ) );
#3498 = PCURVE('',#3266,#3499);
#3499 = DEFINITIONAL_REPRESENTATION('',(#3500),#3504);
#3500 = LINE('',#3501,#3502);
#3501 = CARTESIAN_POINT('',(14.78,5.78));
#3502 = VECTOR('',#3503,1.);
#3503 = DIRECTION('',(0.,-1.));
#3504 = ( GEOMETRIC_REPRESENTATION_CONTEXT(2) 
PARAMETRIC_REPRESENTATION_CONTEXT() REPRESENTATION_CONTEXT('2D SPACE',''
  ) );
#3505 = ADVANCED_FACE('',(#3506),#3473,.T.);
#3506 = FACE_BOUND('',#3507,.T.);
#3507 = EDGE_LOOP('',(#3508,#3509,#3532,#3555));
#3508 = ORIENTED_EDGE('',*,*,#3457,.T.);
#3509 = ORIENTED_EDGE('',*,*,#3510,.T.);
#3510 = EDGE_CURVE('',#3435,#3511,#3513,.T.);
#3511 = VERTEX_POINT('',#3512);
#3512 = CARTESIAN_POINT('',(-100.,-20.5,-18.));
#3513 = SURFACE_CURVE('',#3514,(#3518,#3525),.PCURVE_S1.);
#3514 = LINE('',#3515,#3516);
#3515 = CARTESIAN_POINT('',(-105.,-20.5,-18.));
#3516 = VECTOR('',#3517,1.);
#3517 = DIRECTION('',(1.,0.,0.));
#3518 = PCURVE('',#3473,#3519);
#3519 = DEFINITIONAL_REPRESENTATION('',(#3520),#3524);
#3520 = LINE('',#3521,#3522);
#3521 = CARTESIAN_POINT('',(0.,-18.));
#3522 = VECTOR('',#3523,1.);
#3523 = DIRECTION('',(1.,0.));
#3524 = ( GEOMETRIC_REPRESENTATION_CONTEXT(2) 
PARAMETRIC_REPRESENTATION_CONTEXT() REPRESENTATION_CONTEXT('2D SPACE',''
  ) );
#3525 = PCURVE('',#3212,#3526);
#3526 = DEFINITIONAL_REPRESENTATION('',(#3527),#3531);
#3527 = LINE('',#3528,#3529);
#3528 = CARTESIAN_POINT('',(14.78,-30.22));
#3529 = VECTOR('',#3530,1.);
#3530 = DIRECTION('',(1.,0.));
#3531 = ( GEOMETRIC_REPRESENTATION_CONTEXT(2) 
PARAMETRIC_REPRESENTATION_CONTEXT() REPRESENTATION_CONTEXT('2D SPACE',''
  ) );
#3532 = ORIENTED_EDGE('',*,*,#3533,.F.);
#3533 = EDGE_CURVE('',#3534,#3511,#3536,.T.);
#3534 = VERTEX_POINT('',#3535);
#3535 = CARTESIAN_POINT('',(-100.,-20.5,0.));
#3536 = SURFACE_CURVE('',#3537,(#3541,#3548),.PCURVE_S1.);
#3537 = LINE('',#3538,#3539);
#3538 = CARTESIAN_POINT('',(-100.,-20.5,0.));
#3539 = VECTOR('',#3540,1.);
#3540 = DIRECTION('',(0.,0.,-1.));
#3541 = PCURVE('',#3473,#3542);
#3542 = DEFINITIONAL_REPRESENTATION('',(#3543),#3547);
#3543 = LINE('',#3544,#3545);
#3544 = CARTESIAN_POINT('',(5.,0.));
#3545 = VECTOR('',#3546,1.);
#3546 = DIRECTION('',(0.,-1.));
#3547 = ( GEOMETRIC_REPRESENTATION_CONTEXT(2) 
PARAMETRIC_REPRESENTATION_CONTEXT() REPRESENTATION_CONTEXT('2D SPACE',''
  ) );
#3548 = PCURVE('',#3184,#3549);
#3549 = DEFINITIONAL_REPRESENTATION('',(#3550),#3554);
#3550 = LINE('',#3551,#3552);
#3551 = CARTESIAN_POINT('',(0.,0.));
#3552 = VECTOR('',#3553,1.);
#3553 = DIRECTION('',(0.,-1.));
#3554 = ( GEOMETRIC_REPRESENTATION_CONTEXT(2) 
PARAMETRIC_REPRESENTATION_CONTEXT() REPRESENTATION_CONTEXT('2D SPACE',''
  ) );
#3555 = ORIENTED_EDGE('',*,*,#3556,.F.);
#3556 = EDGE_CURVE('',#3458,#3534,#3557,.T.);
#3557 = SURFACE_CURVE('',#3558,(#3562,#3569),.PCURVE_S1.);
#3558 = LINE('',#3559,#3560);
#3559 = CARTESIAN_POINT('',(-105.,-20.5,0.));
#3560 = VECTOR('',#3561,1.);
#3561 = DIRECTION('',(1.,0.,0.));
#3562 = PCURVE('',#3473,#3563);
#3563 = DEFINITIONAL_REPRESENTATION('',(#3564),#3568);
#3564 = LINE('',#3565,#3566);
#3565 = CARTESIAN_POINT('',(0.,0.));
#3566 = VECTOR('',#3567,1.);
#3567 = DIRECTION('',(1.,0.));
#3568 = ( GEOMETRIC_REPRESENTATION_CONTEXT(2) 
PARAMETRIC_REPRESENTATION_CONTEXT() REPRESENTATION_CONTEXT('2D SPACE',''
  ) );
#3569 = PCURVE('',#3266,#3570);
#3570 = DEFINITIONAL_REPRESENTATION('',(#3571),#3575);
#3571 = LINE('',#3572,#3573);
#3572 = CARTESIAN_POINT('',(14.78,-30.22));
#3573 = VECTOR('',#3574,1.);
#3574 = DIRECTION('',(1.,0.));
#3575 = ( GEOMETRIC_REPRESENTATION_CONTEXT(2) 
PARAMETRIC_REPRESENTATION_CONTEXT() REPRESENTATION_CONTEXT('2D SPACE',''
  ) );
#3576 = ADVANCED_FACE('',(#3577),#3184,.T.);
#3577 = FACE_BOUND('',#3578,.T.);
#3578 = EDGE_LOOP('',(#3579,#3580,#3601,#3602));
#3579 = ORIENTED_EDGE('',*,*,#3533,.T.);
#3580 = ORIENTED_EDGE('',*,*,#3581,.T.);
#3581 = EDGE_CURVE('',#3511,#3164,#3582,.T.);
#3582 = SURFACE_CURVE('',#3583,(#3587,#3594),.PCURVE_S1.);
#3583 = LINE('',#3584,#3585);
#3584 = CARTESIAN_POINT('',(-100.,-20.5,-18.));
#3585 = VECTOR('',#3586,1.);
#3586 = DIRECTION('',(0.,1.,-0.));
#3587 = PCURVE('',#3184,#3588);
#3588 = DEFINITIONAL_REPRESENTATION('',(#3589),#3593);
#3589 = LINE('',#3590,#3591);
#3590 = CARTESIAN_POINT('',(0.,-18.));
#3591 = VECTOR('',#3592,1.);
#3592 = DIRECTION('',(1.,0.));
#3593 = ( GEOMETRIC_REPRESENTATION_CONTEXT(2) 
PARAMETRIC_REPRESENTATION_CONTEXT() REPRESENTATION_CONTEXT('2D SPACE',''
  ) );
#3594 = PCURVE('',#3212,#3595);
#3595 = DEFINITIONAL_REPRESENTATION('',(#3596),#3600);
#3596 = LINE('',#3597,#3598);
#3597 = CARTESIAN_POINT('',(19.78,-30.22));
#3598 = VECTOR('',#3599,1.);
#3599 = DIRECTION('',(0.,1.));
#3600 = ( GEOMETRIC_REPRESENTATION_CONTEXT(2) 
PARAMETRIC_REPRESENTATION_CONTEXT() REPRESENTATION_CONTEXT('2D SPACE',''
  ) );
#3601 = ORIENTED_EDGE('',*,*,#3161,.F.);
#3602 = ORIENTED_EDGE('',*,*,#3603,.F.);
#3603 = EDGE_CURVE('',#3534,#3162,#3604,.T.);
#3604 = SURFACE_CURVE('',#3605,(#3609,#3616),.PCURVE_S1.);
#3605 = LINE('',#3606,#3607);
#3606 = CARTESIAN_POINT('',(-100.,-20.5,0.));
#3607 = VECTOR('',#3608,1.);
#3608 = DIRECTION('',(0.,1.,-0.));
#3609 = PCURVE('',#3184,#3610);
#3610 = DEFINITIONAL_REPRESENTATION('',(#3611),#3615);
#3611 = LINE('',#3612,#3613);
#3612 = CARTESIAN_POINT('',(0.,0.));
#3613 = VECTOR('',#3614,1.);
#3614 = DIRECTION('',(1.,0.));
#3615 = ( GEOMETRIC_REPRESENTATION_CONTEXT(2) 
PARAMETRIC_REPRESENTATION_CONTEXT() REPRESENTATION_CONTEXT('2D SPACE',''
  ) );
#3616 = PCURVE('',#3266,#3617);
#3617 = DEFINITIONAL_REPRESENTATION('',(#3618),#3622);
#3618 = LINE('',#3619,#3620);
#3619 = CARTESIAN_POINT('',(19.78,-30.22));
#3620 = VECTOR('',#3621,1.);
#3621 = DIRECTION('',(0.,1.));
#3622 = ( GEOMETRIC_REPRESENTATION_CONTEXT(2) 
PARAMETRIC_REPRESENTATION_CONTEXT() REPRESENTATION_CONTEXT('2D SPACE',''
  ) );
#3623 = ADVANCED_FACE('',(#3624),#3266,.T.);
#3624 = FACE_BOUND('',#3625,.T.);
#3625 = EDGE_LOOP('',(#3626,#3627,#3628,#3629,#3630,#3631));
#3626 = ORIENTED_EDGE('',*,*,#3252,.T.);
#3627 = ORIENTED_EDGE('',*,*,#3333,.T.);
#3628 = ORIENTED_EDGE('',*,*,#3409,.T.);
#3629 = ORIENTED_EDGE('',*,*,#3485,.T.);
#3630 = ORIENTED_EDGE('',*,*,#3556,.T.);
#3631 = ORIENTED_EDGE('',*,*,#3603,.T.);
#3632 = ADVANCED_FACE('',(#3633),#3212,.F.);
#3633 = FACE_BOUND('',#3634,.F.);
#3634 = EDGE_LOOP('',(#3635,#3636,#3637,#3638,#3639,#3640));
#3635 = ORIENTED_EDGE('',*,*,#3196,.T.);
#3636 = ORIENTED_EDGE('',*,*,#3282,.T.);
#3637 = ORIENTED_EDGE('',*,*,#3358,.T.);
#3638 = ORIENTED_EDGE('',*,*,#3434,.T.);
#3639 = ORIENTED_EDGE('',*,*,#3510,.T.);
#3640 = ORIENTED_EDGE('',*,*,#3581,.T.);
#3641 = MANIFOLD_SOLID_BREP('PartBody',#3642);
#3642 = CLOSED_SHELL('',(#3643,#3763,#3839,#3917,#3988,#4035,#4043));
#3643 = ADVANCED_FACE('',(#3644),#3658,.F.);
#3644 = FACE_BOUND('',#3645,.F.);
#3645 = EDGE_LOOP('',(#3646,#3681,#3709,#3737));
#3646 = ORIENTED_EDGE('',*,*,#3647,.T.);
#3647 = EDGE_CURVE('',#3648,#3650,#3652,.T.);
#3648 = VERTEX_POINT('',#3649);
#3649 = CARTESIAN_POINT('',(-0.,-1.533150896605E-05,-149.999909206));
#3650 = VERTEX_POINT('',#3651);
#3651 = CARTESIAN_POINT('',(-13.,-1.533150896605E-05,-149.999909206));
#3652 = SURFACE_CURVE('',#3653,(#3657,#3669),.PCURVE_S1.);
#3653 = LINE('',#3654,#3655);
#3654 = CARTESIAN_POINT('',(-0.,-1.533150896605E-05,-149.999909206));
#3655 = VECTOR('',#3656,1.);
#3656 = DIRECTION('',(-1.,-0.,-0.));
#3657 = PCURVE('',#3658,#3663);
#3658 = PLANE('',#3659);
#3659 = AXIS2_PLACEMENT_3D('',#3660,#3661,#3662);
#3660 = CARTESIAN_POINT('',(0.,-1.533150896605E-05,-149.999909206));
#3661 = DIRECTION('',(0.,0.,-1.));
#3662 = DIRECTION('',(0.,1.,0.));
#3663 = DEFINITIONAL_REPRESENTATION('',(#3664),#3668);
#3664 = LINE('',#3665,#3666);
#3665 = CARTESIAN_POINT('',(0.,0.));
#3666 = VECTOR('',#3667,1.);
#3667 = DIRECTION('',(0.,-1.));
#3668 = ( GEOMETRIC_REPRESENTATION_CONTEXT(2) 
PARAMETRIC_REPRESENTATION_CONTEXT() REPRESENTATION_CONTEXT('2D SPACE',''
  ) );
#3669 = PCURVE('',#3670,#3675);
#3670 = PLANE('',#3671);
#3671 = AXIS2_PLACEMENT_3D('',#3672,#3673,#3674);
#3672 = CARTESIAN_POINT('',(0.,-22.,-150.));
#3673 = DIRECTION('',(0.,4.126999394246E-06,-0.999999999991));
#3674 = DIRECTION('',(0.,0.999999999991,4.126999394246E-06));
#3675 = DEFINITIONAL_REPRESENTATION('',(#3676),#3680);
#3676 = LINE('',#3677,#3678);
#3677 = CARTESIAN_POINT('',(21.999984668678,0.));
#3678 = VECTOR('',#3679,1.);
#3679 = DIRECTION('',(0.,-1.));
#3680 = ( GEOMETRIC_REPRESENTATION_CONTEXT(2) 
PARAMETRIC_REPRESENTATION_CONTEXT() REPRESENTATION_CONTEXT('2D SPACE',''
  ) );
#3681 = ORIENTED_EDGE('',*,*,#3682,.T.);
#3682 = EDGE_CURVE('',#3650,#3683,#3685,.T.);
#3683 = VERTEX_POINT('',#3684);
#3684 = CARTESIAN_POINT('',(-13.,21.999984668491,-149.999909206));
#3685 = SURFACE_CURVE('',#3686,(#3690,#3697),.PCURVE_S1.);
#3686 = LINE('',#3687,#3688);
#3687 = CARTESIAN_POINT('',(-13.,-1.533150896605E-05,-149.999909206));
#3688 = VECTOR('',#3689,1.);
#3689 = DIRECTION('',(0.,1.,0.));
#3690 = PCURVE('',#3658,#3691);
#3691 = DEFINITIONAL_REPRESENTATION('',(#3692),#3696);
#3692 = LINE('',#3693,#3694);
#3693 = CARTESIAN_POINT('',(0.,-13.));
#3694 = VECTOR('',#3695,1.);
#3695 = DIRECTION('',(1.,0.));
#3696 = ( GEOMETRIC_REPRESENTATION_CONTEXT(2) 
PARAMETRIC_REPRESENTATION_CONTEXT() REPRESENTATION_CONTEXT('2D SPACE',''
  ) );
#3697 = PCURVE('',#3698,#3703);
#3698 = PLANE('',#3699);
#3699 = AXIS2_PLACEMENT_3D('',#3700,#3701,#3702);
#3700 = CARTESIAN_POINT('',(-13.,2.05195122671E-04,-175.8077396022));
#3701 = DIRECTION('',(-1.,-0.,-0.));
#3702 = DIRECTION('',(0.,0.,-1.));
#3703 = DEFINITIONAL_REPRESENTATION('',(#3704),#3708);
#3704 = LINE('',#3705,#3706);
#3705 = CARTESIAN_POINT('',(-25.80783039617,2.205266316371E-04));
#3706 = VECTOR('',#3707,1.);
#3707 = DIRECTION('',(0.,-1.));
#3708 = ( GEOMETRIC_REPRESENTATION_CONTEXT(2) 
PARAMETRIC_REPRESENTATION_CONTEXT() REPRESENTATION_CONTEXT('2D SPACE',''
  ) );
#3709 = ORIENTED_EDGE('',*,*,#3710,.F.);
#3710 = EDGE_CURVE('',#3711,#3683,#3713,.T.);
#3711 = VERTEX_POINT('',#3712);
#3712 = CARTESIAN_POINT('',(0.,21.999984668491,-149.999909206));
#3713 = SURFACE_CURVE('',#3714,(#3718,#3725),.PCURVE_S1.);
#3714 = LINE('',#3715,#3716);
#3715 = CARTESIAN_POINT('',(0.,21.999984668491,-149.999909206));
#3716 = VECTOR('',#3717,1.);
#3717 = DIRECTION('',(-1.,-0.,-0.));
#3718 = PCURVE('',#3658,#3719);
#3719 = DEFINITIONAL_REPRESENTATION('',(#3720),#3724);
#3720 = LINE('',#3721,#3722);
#3721 = CARTESIAN_POINT('',(22.,0.));
#3722 = VECTOR('',#3723,1.);
#3723 = DIRECTION('',(0.,-1.));
#3724 = ( GEOMETRIC_REPRESENTATION_CONTEXT(2) 
PARAMETRIC_REPRESENTATION_CONTEXT() REPRESENTATION_CONTEXT('2D SPACE',''
  ) );
#3725 = PCURVE('',#3726,#3731);
#3726 = PLANE('',#3727);
#3727 = AXIS2_PLACEMENT_3D('',#3728,#3729,#3730);
#3728 = CARTESIAN_POINT('',(0.,21.999984668491,-149.999909206));
#3729 = DIRECTION('',(0.,-0.994146281959,0.108042445672));
#3730 = DIRECTION('',(0.,-0.108042445672,-0.994146281959));
#3731 = DEFINITIONAL_REPRESENTATION('',(#3732),#3736);
#3732 = LINE('',#3733,#3734);
#3733 = CARTESIAN_POINT('',(0.,0.));
#3734 = VECTOR('',#3735,1.);
#3735 = DIRECTION('',(0.,-1.));
#3736 = ( GEOMETRIC_REPRESENTATION_CONTEXT(2) 
PARAMETRIC_REPRESENTATION_CONTEXT() REPRESENTATION_CONTEXT('2D SPACE',''
  ) );
#3737 = ORIENTED_EDGE('',*,*,#3738,.F.);
#3738 = EDGE_CURVE('',#3648,#3711,#3739,.T.);
#3739 = SURFACE_CURVE('',#3740,(#3744,#3751),.PCURVE_S1.);
#3740 = LINE('',#3741,#3742);
#3741 = CARTESIAN_POINT('',(-0.,-1.533150896605E-05,-149.999909206));
#3742 = VECTOR('',#3743,1.);
#3743 = DIRECTION('',(0.,1.,0.));
#3744 = PCURVE('',#3658,#3745);
#3745 = DEFINITIONAL_REPRESENTATION('',(#3746),#3750);
#3746 = LINE('',#3747,#3748);
#3747 = CARTESIAN_POINT('',(0.,0.));
#3748 = VECTOR('',#3749,1.);
#3749 = DIRECTION('',(1.,0.));
#3750 = ( GEOMETRIC_REPRESENTATION_CONTEXT(2) 
PARAMETRIC_REPRESENTATION_CONTEXT() REPRESENTATION_CONTEXT('2D SPACE',''
  ) );
#3751 = PCURVE('',#3752,#3757);
#3752 = PLANE('',#3753);
#3753 = AXIS2_PLACEMENT_3D('',#3754,#3755,#3756);
#3754 = CARTESIAN_POINT('',(0.,2.05195122671E-04,-175.8077396022));
#3755 = DIRECTION('',(-1.,-0.,-0.));
#3756 = DIRECTION('',(0.,0.,-1.));
#3757 = DEFINITIONAL_REPRESENTATION('',(#3758),#3762);
#3758 = LINE('',#3759,#3760);
#3759 = CARTESIAN_POINT('',(-25.80783039617,2.205266316371E-04));
#3760 = VECTOR('',#3761,1.);
#3761 = DIRECTION('',(0.,-1.));
#3762 = ( GEOMETRIC_REPRESENTATION_CONTEXT(2) 
PARAMETRIC_REPRESENTATION_CONTEXT() REPRESENTATION_CONTEXT('2D SPACE',''
  ) );
#3763 = ADVANCED_FACE('',(#3764),#3726,.F.);
#3764 = FACE_BOUND('',#3765,.F.);
#3765 = EDGE_LOOP('',(#3766,#3767,#3790,#3818));
#3766 = ORIENTED_EDGE('',*,*,#3710,.T.);
#3767 = ORIENTED_EDGE('',*,*,#3768,.T.);
#3768 = EDGE_CURVE('',#3683,#3769,#3771,.T.);
#3769 = VERTEX_POINT('',#3770);
#3770 = CARTESIAN_POINT('',(-13.,17.000758296398,-196.));
#3771 = SURFACE_CURVE('',#3772,(#3776,#3783),.PCURVE_S1.);
#3772 = LINE('',#3773,#3774);
#3773 = CARTESIAN_POINT('',(-13.,21.999984668491,-149.999909206));
#3774 = VECTOR('',#3775,1.);
#3775 = DIRECTION('',(0.,-0.108042445672,-0.994146281959));
#3776 = PCURVE('',#3726,#3777);
#3777 = DEFINITIONAL_REPRESENTATION('',(#3778),#3782);
#3778 = LINE('',#3779,#3780);
#3779 = CARTESIAN_POINT('',(-0.,-13.));
#3780 = VECTOR('',#3781,1.);
#3781 = DIRECTION('',(1.,0.));
#3782 = ( GEOMETRIC_REPRESENTATION_CONTEXT(2) 
PARAMETRIC_REPRESENTATION_CONTEXT() REPRESENTATION_CONTEXT('2D SPACE',''
  ) );
#3783 = PCURVE('',#3698,#3784);
#3784 = DEFINITIONAL_REPRESENTATION('',(#3785),#3789);
#3785 = LINE('',#3786,#3787);
#3786 = CARTESIAN_POINT('',(-25.80783039617,-21.99977947336));
#3787 = VECTOR('',#3788,1.);
#3788 = DIRECTION('',(0.994146281959,0.108042445672));
#3789 = ( GEOMETRIC_REPRESENTATION_CONTEXT(2) 
PARAMETRIC_REPRESENTATION_CONTEXT() REPRESENTATION_CONTEXT('2D SPACE',''
  ) );
#3790 = ORIENTED_EDGE('',*,*,#3791,.F.);
#3791 = EDGE_CURVE('',#3792,#3769,#3794,.T.);
#3792 = VERTEX_POINT('',#3793);
#3793 = CARTESIAN_POINT('',(0.,17.000758296398,-196.));
#3794 = SURFACE_CURVE('',#3795,(#3799,#3806),.PCURVE_S1.);
#3795 = LINE('',#3796,#3797);
#3796 = CARTESIAN_POINT('',(0.,17.000758296398,-196.));
#3797 = VECTOR('',#3798,1.);
#3798 = DIRECTION('',(-1.,-0.,-0.));
#3799 = PCURVE('',#3726,#3800);
#3800 = DEFINITIONAL_REPRESENTATION('',(#3801),#3805);
#3801 = LINE('',#3802,#3803);
#3802 = CARTESIAN_POINT('',(46.270947876271,0.));
#3803 = VECTOR('',#3804,1.);
#3804 = DIRECTION('',(0.,-1.));
#3805 = ( GEOMETRIC_REPRESENTATION_CONTEXT(2) 
PARAMETRIC_REPRESENTATION_CONTEXT() REPRESENTATION_CONTEXT('2D SPACE',''
  ) );
#3806 = PCURVE('',#3807,#3812);
#3807 = CYLINDRICAL_SURFACE('',#3808,17.100450811975);
#3808 = AXIS2_PLACEMENT_3D('',#3809,#3810,#3811);
#3809 = CARTESIAN_POINT('',(0.,4.087018466358E-04,-194.1524254721));
#3810 = DIRECTION('',(1.,-0.,0.));
#3811 = DIRECTION('',(0.,0.994146281959,-0.108042445672));
#3812 = DEFINITIONAL_REPRESENTATION('',(#3813),#3817);
#3813 = LINE('',#3814,#3815);
#3814 = CARTESIAN_POINT('',(-4.163336342344E-17,0.));
#3815 = VECTOR('',#3816,1.);
#3816 = DIRECTION('',(-0.,-1.));
#3817 = ( GEOMETRIC_REPRESENTATION_CONTEXT(2) 
PARAMETRIC_REPRESENTATION_CONTEXT() REPRESENTATION_CONTEXT('2D SPACE',''
  ) );
#3818 = ORIENTED_EDGE('',*,*,#3819,.F.);
#3819 = EDGE_CURVE('',#3711,#3792,#3820,.T.);
#3820 = SURFACE_CURVE('',#3821,(#3825,#3832),.PCURVE_S1.);
#3821 = LINE('',#3822,#3823);
#3822 = CARTESIAN_POINT('',(0.,21.999984668491,-149.999909206));
#3823 = VECTOR('',#3824,1.);
#3824 = DIRECTION('',(0.,-0.108042445672,-0.994146281959));
#3825 = PCURVE('',#3726,#3826);
#3826 = DEFINITIONAL_REPRESENTATION('',(#3827),#3831);
#3827 = LINE('',#3828,#3829);
#3828 = CARTESIAN_POINT('',(0.,0.));
#3829 = VECTOR('',#3830,1.);
#3830 = DIRECTION('',(1.,0.));
#3831 = ( GEOMETRIC_REPRESENTATION_CONTEXT(2) 
PARAMETRIC_REPRESENTATION_CONTEXT() REPRESENTATION_CONTEXT('2D SPACE',''
  ) );
#3832 = PCURVE('',#3752,#3833);
#3833 = DEFINITIONAL_REPRESENTATION('',(#3834),#3838);
#3834 = LINE('',#3835,#3836);
#3835 = CARTESIAN_POINT('',(-25.80783039617,-21.99977947336));
#3836 = VECTOR('',#3837,1.);
#3837 = DIRECTION('',(0.994146281959,0.108042445672));
#3838 = ( GEOMETRIC_REPRESENTATION_CONTEXT(2) 
PARAMETRIC_REPRESENTATION_CONTEXT() REPRESENTATION_CONTEXT('2D SPACE',''
  ) );
#3839 = ADVANCED_FACE('',(#3840),#3807,.T.);
#3840 = FACE_BOUND('',#3841,.F.);
#3841 = EDGE_LOOP('',(#3842,#3843,#3867,#3895));
#3842 = ORIENTED_EDGE('',*,*,#3791,.T.);
#3843 = ORIENTED_EDGE('',*,*,#3844,.T.);
#3844 = EDGE_CURVE('',#3769,#3845,#3847,.T.);
#3845 = VERTEX_POINT('',#3846);
#3846 = CARTESIAN_POINT('',(-13.,-16.999941556,-195.9999938967));
#3847 = SURFACE_CURVE('',#3848,(#3853,#3860),.PCURVE_S1.);
#3848 = CIRCLE('',#3849,17.100450811975);
#3849 = AXIS2_PLACEMENT_3D('',#3850,#3851,#3852);
#3850 = CARTESIAN_POINT('',(-13.,4.087018466358E-04,-194.1524254721));
#3851 = DIRECTION('',(-1.,0.,-0.));
#3852 = DIRECTION('',(0.,0.994146281959,-0.108042445672));
#3853 = PCURVE('',#3807,#3854);
#3854 = DEFINITIONAL_REPRESENTATION('',(#3855),#3859);
#3855 = LINE('',#3856,#3857);
#3856 = CARTESIAN_POINT('',(-0.,-13.));
#3857 = VECTOR('',#3858,1.);
#3858 = DIRECTION('',(-1.,0.));
#3859 = ( GEOMETRIC_REPRESENTATION_CONTEXT(2) 
PARAMETRIC_REPRESENTATION_CONTEXT() REPRESENTATION_CONTEXT('2D SPACE',''
  ) );
#3860 = PCURVE('',#3698,#3861);
#3861 = DEFINITIONAL_REPRESENTATION('',(#3862),#3866);
#3862 = CIRCLE('',#3863,17.100450811975);
#3863 = AXIS2_PLACEMENT_2D('',#3864,#3865);
#3864 = CARTESIAN_POINT('',(18.344685869933,-2.035067239648E-04));
#3865 = DIRECTION('',(0.108042445672,-0.994146281959));
#3866 = ( GEOMETRIC_REPRESENTATION_CONTEXT(2) 
PARAMETRIC_REPRESENTATION_CONTEXT() REPRESENTATION_CONTEXT('2D SPACE',''
  ) );
#3867 = ORIENTED_EDGE('',*,*,#3868,.F.);
#3868 = EDGE_CURVE('',#3869,#3845,#3871,.T.);
#3869 = VERTEX_POINT('',#3870);
#3870 = CARTESIAN_POINT('',(0.,-16.999941556,-195.9999938967));
#3871 = SURFACE_CURVE('',#3872,(#3876,#3883),.PCURVE_S1.);
#3872 = LINE('',#3873,#3874);
#3873 = CARTESIAN_POINT('',(0.,-16.999941556,-195.9999938967));
#3874 = VECTOR('',#3875,1.);
#3875 = DIRECTION('',(-1.,-0.,-0.));
#3876 = PCURVE('',#3807,#3877);
#3877 = DEFINITIONAL_REPRESENTATION('',(#3878),#3882);
#3878 = LINE('',#3879,#3880);
#3879 = CARTESIAN_POINT('',(-2.925085498181,0.));
#3880 = VECTOR('',#3881,1.);
#3881 = DIRECTION('',(-0.,-1.));
#3882 = ( GEOMETRIC_REPRESENTATION_CONTEXT(2) 
PARAMETRIC_REPRESENTATION_CONTEXT() REPRESENTATION_CONTEXT('2D SPACE',''
  ) );
#3883 = PCURVE('',#3884,#3889);
#3884 = PLANE('',#3885);
#3885 = AXIS2_PLACEMENT_3D('',#3886,#3887,#3888);
#3886 = CARTESIAN_POINT('',(0.,-16.999941556,-195.9999938967));
#3887 = DIRECTION('',(-0.,0.99414432584,0.108060443272));
#3888 = DIRECTION('',(-0.,-0.108060443272,0.99414432584));
#3889 = DEFINITIONAL_REPRESENTATION('',(#3890),#3894);
#3890 = LINE('',#3891,#3892);
#3891 = CARTESIAN_POINT('',(0.,0.));
#3892 = VECTOR('',#3893,1.);
#3893 = DIRECTION('',(0.,-1.));
#3894 = ( GEOMETRIC_REPRESENTATION_CONTEXT(2) 
PARAMETRIC_REPRESENTATION_CONTEXT() REPRESENTATION_CONTEXT('2D SPACE',''
  ) );
#3895 = ORIENTED_EDGE('',*,*,#3896,.F.);
#3896 = EDGE_CURVE('',#3792,#3869,#3897,.T.);
#3897 = SURFACE_CURVE('',#3898,(#3903,#3910),.PCURVE_S1.);
#3898 = CIRCLE('',#3899,17.100450811975);
#3899 = AXIS2_PLACEMENT_3D('',#3900,#3901,#3902);
#3900 = CARTESIAN_POINT('',(0.,4.087018466358E-04,-194.1524254721));
#3901 = DIRECTION('',(-1.,0.,-0.));
#3902 = DIRECTION('',(0.,0.994146281959,-0.108042445672));
#3903 = PCURVE('',#3807,#3904);
#3904 = DEFINITIONAL_REPRESENTATION('',(#3905),#3909);
#3905 = LINE('',#3906,#3907);
#3906 = CARTESIAN_POINT('',(-0.,0.));
#3907 = VECTOR('',#3908,1.);
#3908 = DIRECTION('',(-1.,0.));
#3909 = ( GEOMETRIC_REPRESENTATION_CONTEXT(2) 
PARAMETRIC_REPRESENTATION_CONTEXT() REPRESENTATION_CONTEXT('2D SPACE',''
  ) );
#3910 = PCURVE('',#3752,#3911);
#3911 = DEFINITIONAL_REPRESENTATION('',(#3912),#3916);
#3912 = CIRCLE('',#3913,17.100450811975);
#3913 = AXIS2_PLACEMENT_2D('',#3914,#3915);
#3914 = CARTESIAN_POINT('',(18.344685869933,-2.035067239648E-04));
#3915 = DIRECTION('',(0.108042445672,-0.994146281959));
#3916 = ( GEOMETRIC_REPRESENTATION_CONTEXT(2) 
PARAMETRIC_REPRESENTATION_CONTEXT() REPRESENTATION_CONTEXT('2D SPACE',''
  ) );
#3917 = ADVANCED_FACE('',(#3918),#3884,.F.);
#3918 = FACE_BOUND('',#3919,.F.);
#3919 = EDGE_LOOP('',(#3920,#3921,#3944,#3967));
#3920 = ORIENTED_EDGE('',*,*,#3868,.T.);
#3921 = ORIENTED_EDGE('',*,*,#3922,.T.);
#3922 = EDGE_CURVE('',#3845,#3923,#3925,.T.);
#3923 = VERTEX_POINT('',#3924);
#3924 = CARTESIAN_POINT('',(-13.,-22.,-150.));
#3925 = SURFACE_CURVE('',#3926,(#3930,#3937),.PCURVE_S1.);
#3926 = LINE('',#3927,#3928);
#3927 = CARTESIAN_POINT('',(-13.,-16.999941556,-195.9999938967));
#3928 = VECTOR('',#3929,1.);
#3929 = DIRECTION('',(-0.,-0.108060443272,0.99414432584));
#3930 = PCURVE('',#3884,#3931);
#3931 = DEFINITIONAL_REPRESENTATION('',(#3932),#3936);
#3932 = LINE('',#3933,#3934);
#3933 = CARTESIAN_POINT('',(0.,-13.));
#3934 = VECTOR('',#3935,1.);
#3935 = DIRECTION('',(1.,0.));
#3936 = ( GEOMETRIC_REPRESENTATION_CONTEXT(2) 
PARAMETRIC_REPRESENTATION_CONTEXT() REPRESENTATION_CONTEXT('2D SPACE',''
  ) );
#3937 = PCURVE('',#3698,#3938);
#3938 = DEFINITIONAL_REPRESENTATION('',(#3939),#3943);
#3939 = LINE('',#3940,#3941);
#3940 = CARTESIAN_POINT('',(20.192254294465,17.000146751122));
#3941 = VECTOR('',#3942,1.);
#3942 = DIRECTION('',(-0.99414432584,0.108060443272));
#3943 = ( GEOMETRIC_REPRESENTATION_CONTEXT(2) 
PARAMETRIC_REPRESENTATION_CONTEXT() REPRESENTATION_CONTEXT('2D SPACE',''
  ) );
#3944 = ORIENTED_EDGE('',*,*,#3945,.F.);
#3945 = EDGE_CURVE('',#3946,#3923,#3948,.T.);
#3946 = VERTEX_POINT('',#3947);
#3947 = CARTESIAN_POINT('',(0.,-22.,-150.));
#3948 = SURFACE_CURVE('',#3949,(#3953,#3960),.PCURVE_S1.);
#3949 = LINE('',#3950,#3951);
#3950 = CARTESIAN_POINT('',(0.,-22.,-150.));
#3951 = VECTOR('',#3952,1.);
#3952 = DIRECTION('',(-1.,-0.,-0.));
#3953 = PCURVE('',#3884,#3954);
#3954 = DEFINITIONAL_REPRESENTATION('',(#3955),#3959);
#3955 = LINE('',#3956,#3957);
#3956 = CARTESIAN_POINT('',(46.270941452943,0.));
#3957 = VECTOR('',#3958,1.);
#3958 = DIRECTION('',(0.,-1.));
#3959 = ( GEOMETRIC_REPRESENTATION_CONTEXT(2) 
PARAMETRIC_REPRESENTATION_CONTEXT() REPRESENTATION_CONTEXT('2D SPACE',''
  ) );
#3960 = PCURVE('',#3670,#3961);
#3961 = DEFINITIONAL_REPRESENTATION('',(#3962),#3966);
#3962 = LINE('',#3963,#3964);
#3963 = CARTESIAN_POINT('',(0.,0.));
#3964 = VECTOR('',#3965,1.);
#3965 = DIRECTION('',(0.,-1.));
#3966 = ( GEOMETRIC_REPRESENTATION_CONTEXT(2) 
PARAMETRIC_REPRESENTATION_CONTEXT() REPRESENTATION_CONTEXT('2D SPACE',''
  ) );
#3967 = ORIENTED_EDGE('',*,*,#3968,.F.);
#3968 = EDGE_CURVE('',#3869,#3946,#3969,.T.);
#3969 = SURFACE_CURVE('',#3970,(#3974,#3981),.PCURVE_S1.);
#3970 = LINE('',#3971,#3972);
#3971 = CARTESIAN_POINT('',(0.,-16.999941556,-195.9999938967));
#3972 = VECTOR('',#3973,1.);
#3973 = DIRECTION('',(-0.,-0.108060443272,0.99414432584));
#3974 = PCURVE('',#3884,#3975);
#3975 = DEFINITIONAL_REPRESENTATION('',(#3976),#3980);
#3976 = LINE('',#3977,#3978);
#3977 = CARTESIAN_POINT('',(0.,0.));
#3978 = VECTOR('',#3979,1.);
#3979 = DIRECTION('',(1.,0.));
#3980 = ( GEOMETRIC_REPRESENTATION_CONTEXT(2) 
PARAMETRIC_REPRESENTATION_CONTEXT() REPRESENTATION_CONTEXT('2D SPACE',''
  ) );
#3981 = PCURVE('',#3752,#3982);
#3982 = DEFINITIONAL_REPRESENTATION('',(#3983),#3987);
#3983 = LINE('',#3984,#3985);
#3984 = CARTESIAN_POINT('',(20.192254294465,17.000146751122));
#3985 = VECTOR('',#3986,1.);
#3986 = DIRECTION('',(-0.99414432584,0.108060443272));
#3987 = ( GEOMETRIC_REPRESENTATION_CONTEXT(2) 
PARAMETRIC_REPRESENTATION_CONTEXT() REPRESENTATION_CONTEXT('2D SPACE',''
  ) );
#3988 = ADVANCED_FACE('',(#3989),#3670,.F.);
#3989 = FACE_BOUND('',#3990,.F.);
#3990 = EDGE_LOOP('',(#3991,#3992,#4013,#4014));
#3991 = ORIENTED_EDGE('',*,*,#3945,.T.);
#3992 = ORIENTED_EDGE('',*,*,#3993,.T.);
#3993 = EDGE_CURVE('',#3923,#3650,#3994,.T.);
#3994 = SURFACE_CURVE('',#3995,(#3999,#4006),.PCURVE_S1.);
#3995 = LINE('',#3996,#3997);
#3996 = CARTESIAN_POINT('',(-13.,-22.,-150.));
#3997 = VECTOR('',#3998,1.);
#3998 = DIRECTION('',(0.,0.999999999991,4.126999394246E-06));
#3999 = PCURVE('',#3670,#4000);
#4000 = DEFINITIONAL_REPRESENTATION('',(#4001),#4005);
#4001 = LINE('',#4002,#4003);
#4002 = CARTESIAN_POINT('',(0.,-13.));
#4003 = VECTOR('',#4004,1.);
#4004 = DIRECTION('',(1.,0.));
#4005 = ( GEOMETRIC_REPRESENTATION_CONTEXT(2) 
PARAMETRIC_REPRESENTATION_CONTEXT() REPRESENTATION_CONTEXT('2D SPACE',''
  ) );
#4006 = PCURVE('',#3698,#4007);
#4007 = DEFINITIONAL_REPRESENTATION('',(#4008),#4012);
#4008 = LINE('',#4009,#4010);
#4009 = CARTESIAN_POINT('',(-25.80773960225,22.000205195123));
#4010 = VECTOR('',#4011,1.);
#4011 = DIRECTION('',(-4.126999394246E-06,-0.999999999991));
#4012 = ( GEOMETRIC_REPRESENTATION_CONTEXT(2) 
PARAMETRIC_REPRESENTATION_CONTEXT() REPRESENTATION_CONTEXT('2D SPACE',''
  ) );
#4013 = ORIENTED_EDGE('',*,*,#3647,.F.);
#4014 = ORIENTED_EDGE('',*,*,#4015,.F.);
#4015 = EDGE_CURVE('',#3946,#3648,#4016,.T.);
#4016 = SURFACE_CURVE('',#4017,(#4021,#4028),.PCURVE_S1.);
#4017 = LINE('',#4018,#4019);
#4018 = CARTESIAN_POINT('',(0.,-22.,-150.));
#4019 = VECTOR('',#4020,1.);
#4020 = DIRECTION('',(0.,0.999999999991,4.126999394246E-06));
#4021 = PCURVE('',#3670,#4022);
#4022 = DEFINITIONAL_REPRESENTATION('',(#4023),#4027);
#4023 = LINE('',#4024,#4025);
#4024 = CARTESIAN_POINT('',(0.,0.));
#4025 = VECTOR('',#4026,1.);
#4026 = DIRECTION('',(1.,0.));
#4027 = ( GEOMETRIC_REPRESENTATION_CONTEXT(2) 
PARAMETRIC_REPRESENTATION_CONTEXT() REPRESENTATION_CONTEXT('2D SPACE',''
  ) );
#4028 = PCURVE('',#3752,#4029);
#4029 = DEFINITIONAL_REPRESENTATION('',(#4030),#4034);
#4030 = LINE('',#4031,#4032);
#4031 = CARTESIAN_POINT('',(-25.80773960225,22.000205195123));
#4032 = VECTOR('',#4033,1.);
#4033 = DIRECTION('',(-4.126999394246E-06,-0.999999999991));
#4034 = ( GEOMETRIC_REPRESENTATION_CONTEXT(2) 
PARAMETRIC_REPRESENTATION_CONTEXT() REPRESENTATION_CONTEXT('2D SPACE',''
  ) );
#4035 = ADVANCED_FACE('',(#4036),#3752,.F.);
#4036 = FACE_BOUND('',#4037,.F.);
#4037 = EDGE_LOOP('',(#4038,#4039,#4040,#4041,#4042));
#4038 = ORIENTED_EDGE('',*,*,#3738,.T.);
#4039 = ORIENTED_EDGE('',*,*,#3819,.T.);
#4040 = ORIENTED_EDGE('',*,*,#3896,.T.);
#4041 = ORIENTED_EDGE('',*,*,#3968,.T.);
#4042 = ORIENTED_EDGE('',*,*,#4015,.T.);
#4043 = ADVANCED_FACE('',(#4044),#3698,.T.);
#4044 = FACE_BOUND('',#4045,.T.);
#4045 = EDGE_LOOP('',(#4046,#4047,#4048,#4049,#4050));
#4046 = ORIENTED_EDGE('',*,*,#3682,.T.);
#4047 = ORIENTED_EDGE('',*,*,#3768,.T.);
#4048 = ORIENTED_EDGE('',*,*,#3844,.T.);
#4049 = ORIENTED_EDGE('',*,*,#3922,.T.);
#4050 = ORIENTED_EDGE('',*,*,#3993,.T.);
#4051 = ( GEOMETRIC_REPRESENTATION_CONTEXT(3) 
GLOBAL_UNCERTAINTY_ASSIGNED_CONTEXT((#4055)) 
GLOBAL_UNIT_ASSIGNED_CONTEXT((#4052,#4053,#4054)) REPRESENTATION_CONTEXT
('Context #1','3D Context with UNIT and UNCERTAINTY') );
#4052 = ( LENGTH_UNIT() NAMED_UNIT(*) SI_UNIT(.MILLI.,.METRE.) );
#4053 = ( NAMED_UNIT(*) PLANE_ANGLE_UNIT() SI_UNIT($,.RADIAN.) );
#4054 = ( NAMED_UNIT(*) SI_UNIT($,.STERADIAN.) SOLID_ANGLE_UNIT() );
#4055 = UNCERTAINTY_MEASURE_WITH_UNIT(LENGTH_MEASURE(1.E-07),#4052,
  'distance_accuracy_value','confusion accuracy');
#4056 = PRODUCT_RELATED_PRODUCT_CATEGORY('part',$,(#7));
ENDSEC;
END-ISO-10303-21;
