ISO-10303-21;
HEADER;
FILE_DESCRIPTION(('Open CASCADE Model'),'2;1');
FILE_NAME('Open CASCADE Shape Model','2025-08-06T14:38:17',('Author'),(
    'Open CASCADE'),'Open CASCADE STEP processor 7.7','Open CASCADE 7.7'
  ,'Unknown');
FILE_SCHEMA(('AUTOMOTIVE_DESIGN { 1 0 10303 214 1 1 1 1 }'));
ENDSEC;
DATA;
#1 = APPLICATION_PROTOCOL_DEFINITION('international standard',
  'automotive_design',2000,#2);
#2 = APPLICATION_CONTEXT(
  'core data for automotive mechanical design processes');
#3 = SHAPE_DEFINITION_REPRESENTATION(#4,#10);
#4 = PRODUCT_DEFINITION_SHAPE('','',#5);
#5 = PRODUCT_DEFINITION('design','',#6,#9);
#6 = PRODUCT_DEFINITION_FORMATION('','',#7);
#7 = PRODUCT('substep_2.4','substep_2.4','',(#8));
#8 = PRODUCT_CONTEXT('',#2,'mechanical');
#9 = PRODUCT_DEFINITION_CONTEXT('part definition',#2,'design');
#10 = ADVANCED_BREP_SHAPE_REPRESENTATION('',(#11,#15),#2241);
#11 = AXIS2_PLACEMENT_3D('',#12,#13,#14);
#12 = CARTESIAN_POINT('',(0.,0.,0.));
#13 = DIRECTION('',(0.,0.,1.));
#14 = DIRECTION('',(1.,0.,-0.));
#15 = MANIFOLD_SOLID_BREP('PartBody',#16);
#16 = CLOSED_SHELL('',(#17,#137,#337,#386,#567,#594,#601,#1804,#1859,
    #1914,#1969,#2019,#2073,#2123,#2177,#2202,#2209,#2234));
#17 = ADVANCED_FACE('',(#18),#32,.F.);
#18 = FACE_BOUND('',#19,.F.);
#19 = EDGE_LOOP('',(#20,#55,#83,#111));
#20 = ORIENTED_EDGE('',*,*,#21,.F.);
#21 = EDGE_CURVE('',#22,#24,#26,.T.);
#22 = VERTEX_POINT('',#23);
#23 = CARTESIAN_POINT('',(-100.,-25.,-150.));
#24 = VERTEX_POINT('',#25);
#25 = CARTESIAN_POINT('',(-100.,-25.,150.));
#26 = SURFACE_CURVE('',#27,(#31,#43),.PCURVE_S1.);
#27 = LINE('',#28,#29);
#28 = CARTESIAN_POINT('',(-100.,-25.,-150.));
#29 = VECTOR('',#30,1.);
#30 = DIRECTION('',(0.,0.,1.));
#31 = PCURVE('',#32,#37);
#32 = PLANE('',#33);
#33 = AXIS2_PLACEMENT_3D('',#34,#35,#36);
#34 = CARTESIAN_POINT('',(-100.,-25.,-150.));
#35 = DIRECTION('',(1.,0.,0.));
#36 = DIRECTION('',(0.,0.,1.));
#37 = DEFINITIONAL_REPRESENTATION('',(#38),#42);
#38 = LINE('',#39,#40);
#39 = CARTESIAN_POINT('',(0.,0.));
#40 = VECTOR('',#41,1.);
#41 = DIRECTION('',(1.,0.));
#42 = ( GEOMETRIC_REPRESENTATION_CONTEXT(2) 
PARAMETRIC_REPRESENTATION_CONTEXT() REPRESENTATION_CONTEXT('2D SPACE',''
  ) );
#43 = PCURVE('',#44,#49);
#44 = PLANE('',#45);
#45 = AXIS2_PLACEMENT_3D('',#46,#47,#48);
#46 = CARTESIAN_POINT('',(-100.,-25.,-150.));
#47 = DIRECTION('',(0.,1.,0.));
#48 = DIRECTION('',(0.,0.,1.));
#49 = DEFINITIONAL_REPRESENTATION('',(#50),#54);
#50 = LINE('',#51,#52);
#51 = CARTESIAN_POINT('',(0.,0.));
#52 = VECTOR('',#53,1.);
#53 = DIRECTION('',(1.,0.));
#54 = ( GEOMETRIC_REPRESENTATION_CONTEXT(2) 
PARAMETRIC_REPRESENTATION_CONTEXT() REPRESENTATION_CONTEXT('2D SPACE',''
  ) );
#55 = ORIENTED_EDGE('',*,*,#56,.T.);
#56 = EDGE_CURVE('',#22,#57,#59,.T.);
#57 = VERTEX_POINT('',#58);
#58 = CARTESIAN_POINT('',(-100.,25.,-150.));
#59 = SURFACE_CURVE('',#60,(#64,#71),.PCURVE_S1.);
#60 = LINE('',#61,#62);
#61 = CARTESIAN_POINT('',(-100.,-25.,-150.));
#62 = VECTOR('',#63,1.);
#63 = DIRECTION('',(0.,1.,0.));
#64 = PCURVE('',#32,#65);
#65 = DEFINITIONAL_REPRESENTATION('',(#66),#70);
#66 = LINE('',#67,#68);
#67 = CARTESIAN_POINT('',(0.,0.));
#68 = VECTOR('',#69,1.);
#69 = DIRECTION('',(0.,-1.));
#70 = ( GEOMETRIC_REPRESENTATION_CONTEXT(2) 
PARAMETRIC_REPRESENTATION_CONTEXT() REPRESENTATION_CONTEXT('2D SPACE',''
  ) );
#71 = PCURVE('',#72,#77);
#72 = PLANE('',#73);
#73 = AXIS2_PLACEMENT_3D('',#74,#75,#76);
#74 = CARTESIAN_POINT('',(-100.,-25.,-150.));
#75 = DIRECTION('',(0.,0.,1.));
#76 = DIRECTION('',(1.,0.,0.));
#77 = DEFINITIONAL_REPRESENTATION('',(#78),#82);
#78 = LINE('',#79,#80);
#79 = CARTESIAN_POINT('',(0.,0.));
#80 = VECTOR('',#81,1.);
#81 = DIRECTION('',(0.,1.));
#82 = ( GEOMETRIC_REPRESENTATION_CONTEXT(2) 
PARAMETRIC_REPRESENTATION_CONTEXT() REPRESENTATION_CONTEXT('2D SPACE',''
  ) );
#83 = ORIENTED_EDGE('',*,*,#84,.T.);
#84 = EDGE_CURVE('',#57,#85,#87,.T.);
#85 = VERTEX_POINT('',#86);
#86 = CARTESIAN_POINT('',(-100.,25.,150.));
#87 = SURFACE_CURVE('',#88,(#92,#99),.PCURVE_S1.);
#88 = LINE('',#89,#90);
#89 = CARTESIAN_POINT('',(-100.,25.,-150.));
#90 = VECTOR('',#91,1.);
#91 = DIRECTION('',(0.,0.,1.));
#92 = PCURVE('',#32,#93);
#93 = DEFINITIONAL_REPRESENTATION('',(#94),#98);
#94 = LINE('',#95,#96);
#95 = CARTESIAN_POINT('',(0.,-50.));
#96 = VECTOR('',#97,1.);
#97 = DIRECTION('',(1.,0.));
#98 = ( GEOMETRIC_REPRESENTATION_CONTEXT(2) 
PARAMETRIC_REPRESENTATION_CONTEXT() REPRESENTATION_CONTEXT('2D SPACE',''
  ) );
#99 = PCURVE('',#100,#105);
#100 = PLANE('',#101);
#101 = AXIS2_PLACEMENT_3D('',#102,#103,#104);
#102 = CARTESIAN_POINT('',(-100.,25.,-150.));
#103 = DIRECTION('',(0.,1.,0.));
#104 = DIRECTION('',(0.,0.,1.));
#105 = DEFINITIONAL_REPRESENTATION('',(#106),#110);
#106 = LINE('',#107,#108);
#107 = CARTESIAN_POINT('',(0.,0.));
#108 = VECTOR('',#109,1.);
#109 = DIRECTION('',(1.,0.));
#110 = ( GEOMETRIC_REPRESENTATION_CONTEXT(2) 
PARAMETRIC_REPRESENTATION_CONTEXT() REPRESENTATION_CONTEXT('2D SPACE',''
  ) );
#111 = ORIENTED_EDGE('',*,*,#112,.F.);
#112 = EDGE_CURVE('',#24,#85,#113,.T.);
#113 = SURFACE_CURVE('',#114,(#118,#125),.PCURVE_S1.);
#114 = LINE('',#115,#116);
#115 = CARTESIAN_POINT('',(-100.,-25.,150.));
#116 = VECTOR('',#117,1.);
#117 = DIRECTION('',(0.,1.,0.));
#118 = PCURVE('',#32,#119);
#119 = DEFINITIONAL_REPRESENTATION('',(#120),#124);
#120 = LINE('',#121,#122);
#121 = CARTESIAN_POINT('',(300.,0.));
#122 = VECTOR('',#123,1.);
#123 = DIRECTION('',(0.,-1.));
#124 = ( GEOMETRIC_REPRESENTATION_CONTEXT(2) 
PARAMETRIC_REPRESENTATION_CONTEXT() REPRESENTATION_CONTEXT('2D SPACE',''
  ) );
#125 = PCURVE('',#126,#131);
#126 = PLANE('',#127);
#127 = AXIS2_PLACEMENT_3D('',#128,#129,#130);
#128 = CARTESIAN_POINT('',(-100.,-25.,150.));
#129 = DIRECTION('',(0.,0.,1.));
#130 = DIRECTION('',(1.,0.,0.));
#131 = DEFINITIONAL_REPRESENTATION('',(#132),#136);
#132 = LINE('',#133,#134);
#133 = CARTESIAN_POINT('',(0.,0.));
#134 = VECTOR('',#135,1.);
#135 = DIRECTION('',(0.,1.));
#136 = ( GEOMETRIC_REPRESENTATION_CONTEXT(2) 
PARAMETRIC_REPRESENTATION_CONTEXT() REPRESENTATION_CONTEXT('2D SPACE',''
  ) );
#137 = ADVANCED_FACE('',(#138,#213,#244,#275,#306),#44,.F.);
#138 = FACE_BOUND('',#139,.F.);
#139 = EDGE_LOOP('',(#140,#163,#164,#187));
#140 = ORIENTED_EDGE('',*,*,#141,.F.);
#141 = EDGE_CURVE('',#22,#142,#144,.T.);
#142 = VERTEX_POINT('',#143);
#143 = CARTESIAN_POINT('',(100.,-25.,-150.));
#144 = SURFACE_CURVE('',#145,(#149,#156),.PCURVE_S1.);
#145 = LINE('',#146,#147);
#146 = CARTESIAN_POINT('',(-100.,-25.,-150.));
#147 = VECTOR('',#148,1.);
#148 = DIRECTION('',(1.,0.,0.));
#149 = PCURVE('',#44,#150);
#150 = DEFINITIONAL_REPRESENTATION('',(#151),#155);
#151 = LINE('',#152,#153);
#152 = CARTESIAN_POINT('',(0.,0.));
#153 = VECTOR('',#154,1.);
#154 = DIRECTION('',(0.,1.));
#155 = ( GEOMETRIC_REPRESENTATION_CONTEXT(2) 
PARAMETRIC_REPRESENTATION_CONTEXT() REPRESENTATION_CONTEXT('2D SPACE',''
  ) );
#156 = PCURVE('',#72,#157);
#157 = DEFINITIONAL_REPRESENTATION('',(#158),#162);
#158 = LINE('',#159,#160);
#159 = CARTESIAN_POINT('',(0.,0.));
#160 = VECTOR('',#161,1.);
#161 = DIRECTION('',(1.,0.));
#162 = ( GEOMETRIC_REPRESENTATION_CONTEXT(2) 
PARAMETRIC_REPRESENTATION_CONTEXT() REPRESENTATION_CONTEXT('2D SPACE',''
  ) );
#163 = ORIENTED_EDGE('',*,*,#21,.T.);
#164 = ORIENTED_EDGE('',*,*,#165,.T.);
#165 = EDGE_CURVE('',#24,#166,#168,.T.);
#166 = VERTEX_POINT('',#167);
#167 = CARTESIAN_POINT('',(100.,-25.,150.));
#168 = SURFACE_CURVE('',#169,(#173,#180),.PCURVE_S1.);
#169 = LINE('',#170,#171);
#170 = CARTESIAN_POINT('',(-100.,-25.,150.));
#171 = VECTOR('',#172,1.);
#172 = DIRECTION('',(1.,0.,0.));
#173 = PCURVE('',#44,#174);
#174 = DEFINITIONAL_REPRESENTATION('',(#175),#179);
#175 = LINE('',#176,#177);
#176 = CARTESIAN_POINT('',(300.,0.));
#177 = VECTOR('',#178,1.);
#178 = DIRECTION('',(0.,1.));
#179 = ( GEOMETRIC_REPRESENTATION_CONTEXT(2) 
PARAMETRIC_REPRESENTATION_CONTEXT() REPRESENTATION_CONTEXT('2D SPACE',''
  ) );
#180 = PCURVE('',#126,#181);
#181 = DEFINITIONAL_REPRESENTATION('',(#182),#186);
#182 = LINE('',#183,#184);
#183 = CARTESIAN_POINT('',(0.,0.));
#184 = VECTOR('',#185,1.);
#185 = DIRECTION('',(1.,0.));
#186 = ( GEOMETRIC_REPRESENTATION_CONTEXT(2) 
PARAMETRIC_REPRESENTATION_CONTEXT() REPRESENTATION_CONTEXT('2D SPACE',''
  ) );
#187 = ORIENTED_EDGE('',*,*,#188,.F.);
#188 = EDGE_CURVE('',#142,#166,#189,.T.);
#189 = SURFACE_CURVE('',#190,(#194,#201),.PCURVE_S1.);
#190 = LINE('',#191,#192);
#191 = CARTESIAN_POINT('',(100.,-25.,-150.));
#192 = VECTOR('',#193,1.);
#193 = DIRECTION('',(0.,0.,1.));
#194 = PCURVE('',#44,#195);
#195 = DEFINITIONAL_REPRESENTATION('',(#196),#200);
#196 = LINE('',#197,#198);
#197 = CARTESIAN_POINT('',(0.,200.));
#198 = VECTOR('',#199,1.);
#199 = DIRECTION('',(1.,0.));
#200 = ( GEOMETRIC_REPRESENTATION_CONTEXT(2) 
PARAMETRIC_REPRESENTATION_CONTEXT() REPRESENTATION_CONTEXT('2D SPACE',''
  ) );
#201 = PCURVE('',#202,#207);
#202 = PLANE('',#203);
#203 = AXIS2_PLACEMENT_3D('',#204,#205,#206);
#204 = CARTESIAN_POINT('',(100.,-25.,-150.));
#205 = DIRECTION('',(1.,0.,0.));
#206 = DIRECTION('',(0.,0.,1.));
#207 = DEFINITIONAL_REPRESENTATION('',(#208),#212);
#208 = LINE('',#209,#210);
#209 = CARTESIAN_POINT('',(0.,0.));
#210 = VECTOR('',#211,1.);
#211 = DIRECTION('',(1.,0.));
#212 = ( GEOMETRIC_REPRESENTATION_CONTEXT(2) 
PARAMETRIC_REPRESENTATION_CONTEXT() REPRESENTATION_CONTEXT('2D SPACE',''
  ) );
#213 = FACE_BOUND('',#214,.F.);
#214 = EDGE_LOOP('',(#215));
#215 = ORIENTED_EDGE('',*,*,#216,.F.);
#216 = EDGE_CURVE('',#217,#217,#219,.T.);
#217 = VERTEX_POINT('',#218);
#218 = CARTESIAN_POINT('',(-33.33333333333,-25.,55.));
#219 = SURFACE_CURVE('',#220,(#225,#232),.PCURVE_S1.);
#220 = CIRCLE('',#221,5.);
#221 = AXIS2_PLACEMENT_3D('',#222,#223,#224);
#222 = CARTESIAN_POINT('',(-33.33333333333,-25.,50.));
#223 = DIRECTION('',(0.,1.,0.));
#224 = DIRECTION('',(0.,-0.,1.));
#225 = PCURVE('',#44,#226);
#226 = DEFINITIONAL_REPRESENTATION('',(#227),#231);
#227 = CIRCLE('',#228,5.);
#228 = AXIS2_PLACEMENT_2D('',#229,#230);
#229 = CARTESIAN_POINT('',(200.,66.666666666667));
#230 = DIRECTION('',(1.,0.));
#231 = ( GEOMETRIC_REPRESENTATION_CONTEXT(2) 
PARAMETRIC_REPRESENTATION_CONTEXT() REPRESENTATION_CONTEXT('2D SPACE',''
  ) );
#232 = PCURVE('',#233,#238);
#233 = CYLINDRICAL_SURFACE('',#234,5.);
#234 = AXIS2_PLACEMENT_3D('',#235,#236,#237);
#235 = CARTESIAN_POINT('',(-33.33333333333,23.39218452154,50.));
#236 = DIRECTION('',(0.,1.,0.));
#237 = DIRECTION('',(0.,0.,1.));
#238 = DEFINITIONAL_REPRESENTATION('',(#239),#243);
#239 = LINE('',#240,#241);
#240 = CARTESIAN_POINT('',(0.,-48.39218452154));
#241 = VECTOR('',#242,1.);
#242 = DIRECTION('',(1.,0.));
#243 = ( GEOMETRIC_REPRESENTATION_CONTEXT(2) 
PARAMETRIC_REPRESENTATION_CONTEXT() REPRESENTATION_CONTEXT('2D SPACE',''
  ) );
#244 = FACE_BOUND('',#245,.F.);
#245 = EDGE_LOOP('',(#246));
#246 = ORIENTED_EDGE('',*,*,#247,.F.);
#247 = EDGE_CURVE('',#248,#248,#250,.T.);
#248 = VERTEX_POINT('',#249);
#249 = CARTESIAN_POINT('',(0.,-25.,8.));
#250 = SURFACE_CURVE('',#251,(#256,#263),.PCURVE_S1.);
#251 = CIRCLE('',#252,8.);
#252 = AXIS2_PLACEMENT_3D('',#253,#254,#255);
#253 = CARTESIAN_POINT('',(0.,-25.,0.));
#254 = DIRECTION('',(0.,1.,0.));
#255 = DIRECTION('',(0.,0.,1.));
#256 = PCURVE('',#44,#257);
#257 = DEFINITIONAL_REPRESENTATION('',(#258),#262);
#258 = CIRCLE('',#259,8.);
#259 = AXIS2_PLACEMENT_2D('',#260,#261);
#260 = CARTESIAN_POINT('',(150.,100.));
#261 = DIRECTION('',(1.,0.));
#262 = ( GEOMETRIC_REPRESENTATION_CONTEXT(2) 
PARAMETRIC_REPRESENTATION_CONTEXT() REPRESENTATION_CONTEXT('2D SPACE',''
  ) );
#263 = PCURVE('',#264,#269);
#264 = CYLINDRICAL_SURFACE('',#265,8.);
#265 = AXIS2_PLACEMENT_3D('',#266,#267,#268);
#266 = CARTESIAN_POINT('',(0.,-25.,0.));
#267 = DIRECTION('',(-0.,-1.,-0.));
#268 = DIRECTION('',(0.,0.,1.));
#269 = DEFINITIONAL_REPRESENTATION('',(#270),#274);
#270 = LINE('',#271,#272);
#271 = CARTESIAN_POINT('',(-0.,0.));
#272 = VECTOR('',#273,1.);
#273 = DIRECTION('',(-1.,0.));
#274 = ( GEOMETRIC_REPRESENTATION_CONTEXT(2) 
PARAMETRIC_REPRESENTATION_CONTEXT() REPRESENTATION_CONTEXT('2D SPACE',''
  ) );
#275 = FACE_BOUND('',#276,.F.);
#276 = EDGE_LOOP('',(#277));
#277 = ORIENTED_EDGE('',*,*,#278,.F.);
#278 = EDGE_CURVE('',#279,#279,#281,.T.);
#279 = VERTEX_POINT('',#280);
#280 = CARTESIAN_POINT('',(33.333333333333,-25.,-45.));
#281 = SURFACE_CURVE('',#282,(#287,#294),.PCURVE_S1.);
#282 = CIRCLE('',#283,5.);
#283 = AXIS2_PLACEMENT_3D('',#284,#285,#286);
#284 = CARTESIAN_POINT('',(33.333333333333,-25.,-50.));
#285 = DIRECTION('',(0.,1.,0.));
#286 = DIRECTION('',(0.,-0.,1.));
#287 = PCURVE('',#44,#288);
#288 = DEFINITIONAL_REPRESENTATION('',(#289),#293);
#289 = CIRCLE('',#290,5.);
#290 = AXIS2_PLACEMENT_2D('',#291,#292);
#291 = CARTESIAN_POINT('',(100.,133.33333333333));
#292 = DIRECTION('',(1.,0.));
#293 = ( GEOMETRIC_REPRESENTATION_CONTEXT(2) 
PARAMETRIC_REPRESENTATION_CONTEXT() REPRESENTATION_CONTEXT('2D SPACE',''
  ) );
#294 = PCURVE('',#295,#300);
#295 = CYLINDRICAL_SURFACE('',#296,5.);
#296 = AXIS2_PLACEMENT_3D('',#297,#298,#299);
#297 = CARTESIAN_POINT('',(33.333333333333,23.39218452154,-50.));
#298 = DIRECTION('',(0.,1.,0.));
#299 = DIRECTION('',(0.,0.,1.));
#300 = DEFINITIONAL_REPRESENTATION('',(#301),#305);
#301 = LINE('',#302,#303);
#302 = CARTESIAN_POINT('',(0.,-48.39218452154));
#303 = VECTOR('',#304,1.);
#304 = DIRECTION('',(1.,0.));
#305 = ( GEOMETRIC_REPRESENTATION_CONTEXT(2) 
PARAMETRIC_REPRESENTATION_CONTEXT() REPRESENTATION_CONTEXT('2D SPACE',''
  ) );
#306 = FACE_BOUND('',#307,.F.);
#307 = EDGE_LOOP('',(#308));
#308 = ORIENTED_EDGE('',*,*,#309,.F.);
#309 = EDGE_CURVE('',#310,#310,#312,.T.);
#310 = VERTEX_POINT('',#311);
#311 = CARTESIAN_POINT('',(50.,-25.,-67.));
#312 = SURFACE_CURVE('',#313,(#318,#325),.PCURVE_S1.);
#313 = CIRCLE('',#314,8.);
#314 = AXIS2_PLACEMENT_3D('',#315,#316,#317);
#315 = CARTESIAN_POINT('',(50.,-25.,-75.));
#316 = DIRECTION('',(0.,1.,0.));
#317 = DIRECTION('',(0.,0.,1.));
#318 = PCURVE('',#44,#319);
#319 = DEFINITIONAL_REPRESENTATION('',(#320),#324);
#320 = CIRCLE('',#321,8.);
#321 = AXIS2_PLACEMENT_2D('',#322,#323);
#322 = CARTESIAN_POINT('',(75.,150.));
#323 = DIRECTION('',(1.,0.));
#324 = ( GEOMETRIC_REPRESENTATION_CONTEXT(2) 
PARAMETRIC_REPRESENTATION_CONTEXT() REPRESENTATION_CONTEXT('2D SPACE',''
  ) );
#325 = PCURVE('',#326,#331);
#326 = CYLINDRICAL_SURFACE('',#327,8.);
#327 = AXIS2_PLACEMENT_3D('',#328,#329,#330);
#328 = CARTESIAN_POINT('',(50.,-25.,-75.));
#329 = DIRECTION('',(-0.,-1.,-0.));
#330 = DIRECTION('',(0.,0.,1.));
#331 = DEFINITIONAL_REPRESENTATION('',(#332),#336);
#332 = LINE('',#333,#334);
#333 = CARTESIAN_POINT('',(-0.,0.));
#334 = VECTOR('',#335,1.);
#335 = DIRECTION('',(-1.,0.));
#336 = ( GEOMETRIC_REPRESENTATION_CONTEXT(2) 
PARAMETRIC_REPRESENTATION_CONTEXT() REPRESENTATION_CONTEXT('2D SPACE',''
  ) );
#337 = ADVANCED_FACE('',(#338),#126,.T.);
#338 = FACE_BOUND('',#339,.T.);
#339 = EDGE_LOOP('',(#340,#341,#342,#365));
#340 = ORIENTED_EDGE('',*,*,#112,.F.);
#341 = ORIENTED_EDGE('',*,*,#165,.T.);
#342 = ORIENTED_EDGE('',*,*,#343,.T.);
#343 = EDGE_CURVE('',#166,#344,#346,.T.);
#344 = VERTEX_POINT('',#345);
#345 = CARTESIAN_POINT('',(100.,25.,150.));
#346 = SURFACE_CURVE('',#347,(#351,#358),.PCURVE_S1.);
#347 = LINE('',#348,#349);
#348 = CARTESIAN_POINT('',(100.,-25.,150.));
#349 = VECTOR('',#350,1.);
#350 = DIRECTION('',(0.,1.,0.));
#351 = PCURVE('',#126,#352);
#352 = DEFINITIONAL_REPRESENTATION('',(#353),#357);
#353 = LINE('',#354,#355);
#354 = CARTESIAN_POINT('',(200.,0.));
#355 = VECTOR('',#356,1.);
#356 = DIRECTION('',(0.,1.));
#357 = ( GEOMETRIC_REPRESENTATION_CONTEXT(2) 
PARAMETRIC_REPRESENTATION_CONTEXT() REPRESENTATION_CONTEXT('2D SPACE',''
  ) );
#358 = PCURVE('',#202,#359);
#359 = DEFINITIONAL_REPRESENTATION('',(#360),#364);
#360 = LINE('',#361,#362);
#361 = CARTESIAN_POINT('',(300.,0.));
#362 = VECTOR('',#363,1.);
#363 = DIRECTION('',(0.,-1.));
#364 = ( GEOMETRIC_REPRESENTATION_CONTEXT(2) 
PARAMETRIC_REPRESENTATION_CONTEXT() REPRESENTATION_CONTEXT('2D SPACE',''
  ) );
#365 = ORIENTED_EDGE('',*,*,#366,.F.);
#366 = EDGE_CURVE('',#85,#344,#367,.T.);
#367 = SURFACE_CURVE('',#368,(#372,#379),.PCURVE_S1.);
#368 = LINE('',#369,#370);
#369 = CARTESIAN_POINT('',(-100.,25.,150.));
#370 = VECTOR('',#371,1.);
#371 = DIRECTION('',(1.,0.,0.));
#372 = PCURVE('',#126,#373);
#373 = DEFINITIONAL_REPRESENTATION('',(#374),#378);
#374 = LINE('',#375,#376);
#375 = CARTESIAN_POINT('',(0.,50.));
#376 = VECTOR('',#377,1.);
#377 = DIRECTION('',(1.,0.));
#378 = ( GEOMETRIC_REPRESENTATION_CONTEXT(2) 
PARAMETRIC_REPRESENTATION_CONTEXT() REPRESENTATION_CONTEXT('2D SPACE',''
  ) );
#379 = PCURVE('',#100,#380);
#380 = DEFINITIONAL_REPRESENTATION('',(#381),#385);
#381 = LINE('',#382,#383);
#382 = CARTESIAN_POINT('',(300.,0.));
#383 = VECTOR('',#384,1.);
#384 = DIRECTION('',(0.,1.));
#385 = ( GEOMETRIC_REPRESENTATION_CONTEXT(2) 
PARAMETRIC_REPRESENTATION_CONTEXT() REPRESENTATION_CONTEXT('2D SPACE',''
  ) );
#386 = ADVANCED_FACE('',(#387,#435,#466,#501,#532),#100,.T.);
#387 = FACE_BOUND('',#388,.T.);
#388 = EDGE_LOOP('',(#389,#412,#413,#414));
#389 = ORIENTED_EDGE('',*,*,#390,.F.);
#390 = EDGE_CURVE('',#57,#391,#393,.T.);
#391 = VERTEX_POINT('',#392);
#392 = CARTESIAN_POINT('',(100.,25.,-150.));
#393 = SURFACE_CURVE('',#394,(#398,#405),.PCURVE_S1.);
#394 = LINE('',#395,#396);
#395 = CARTESIAN_POINT('',(-100.,25.,-150.));
#396 = VECTOR('',#397,1.);
#397 = DIRECTION('',(1.,0.,0.));
#398 = PCURVE('',#100,#399);
#399 = DEFINITIONAL_REPRESENTATION('',(#400),#404);
#400 = LINE('',#401,#402);
#401 = CARTESIAN_POINT('',(0.,0.));
#402 = VECTOR('',#403,1.);
#403 = DIRECTION('',(0.,1.));
#404 = ( GEOMETRIC_REPRESENTATION_CONTEXT(2) 
PARAMETRIC_REPRESENTATION_CONTEXT() REPRESENTATION_CONTEXT('2D SPACE',''
  ) );
#405 = PCURVE('',#72,#406);
#406 = DEFINITIONAL_REPRESENTATION('',(#407),#411);
#407 = LINE('',#408,#409);
#408 = CARTESIAN_POINT('',(0.,50.));
#409 = VECTOR('',#410,1.);
#410 = DIRECTION('',(1.,0.));
#411 = ( GEOMETRIC_REPRESENTATION_CONTEXT(2) 
PARAMETRIC_REPRESENTATION_CONTEXT() REPRESENTATION_CONTEXT('2D SPACE',''
  ) );
#412 = ORIENTED_EDGE('',*,*,#84,.T.);
#413 = ORIENTED_EDGE('',*,*,#366,.T.);
#414 = ORIENTED_EDGE('',*,*,#415,.F.);
#415 = EDGE_CURVE('',#391,#344,#416,.T.);
#416 = SURFACE_CURVE('',#417,(#421,#428),.PCURVE_S1.);
#417 = LINE('',#418,#419);
#418 = CARTESIAN_POINT('',(100.,25.,-150.));
#419 = VECTOR('',#420,1.);
#420 = DIRECTION('',(0.,0.,1.));
#421 = PCURVE('',#100,#422);
#422 = DEFINITIONAL_REPRESENTATION('',(#423),#427);
#423 = LINE('',#424,#425);
#424 = CARTESIAN_POINT('',(0.,200.));
#425 = VECTOR('',#426,1.);
#426 = DIRECTION('',(1.,0.));
#427 = ( GEOMETRIC_REPRESENTATION_CONTEXT(2) 
PARAMETRIC_REPRESENTATION_CONTEXT() REPRESENTATION_CONTEXT('2D SPACE',''
  ) );
#428 = PCURVE('',#202,#429);
#429 = DEFINITIONAL_REPRESENTATION('',(#430),#434);
#430 = LINE('',#431,#432);
#431 = CARTESIAN_POINT('',(0.,-50.));
#432 = VECTOR('',#433,1.);
#433 = DIRECTION('',(1.,0.));
#434 = ( GEOMETRIC_REPRESENTATION_CONTEXT(2) 
PARAMETRIC_REPRESENTATION_CONTEXT() REPRESENTATION_CONTEXT('2D SPACE',''
  ) );
#435 = FACE_BOUND('',#436,.T.);
#436 = EDGE_LOOP('',(#437));
#437 = ORIENTED_EDGE('',*,*,#438,.F.);
#438 = EDGE_CURVE('',#439,#439,#441,.T.);
#439 = VERTEX_POINT('',#440);
#440 = CARTESIAN_POINT('',(-33.33333333333,25.,58.));
#441 = SURFACE_CURVE('',#442,(#447,#454),.PCURVE_S1.);
#442 = CIRCLE('',#443,8.);
#443 = AXIS2_PLACEMENT_3D('',#444,#445,#446);
#444 = CARTESIAN_POINT('',(-33.33333333333,25.,50.));
#445 = DIRECTION('',(0.,1.,0.));
#446 = DIRECTION('',(0.,0.,1.));
#447 = PCURVE('',#100,#448);
#448 = DEFINITIONAL_REPRESENTATION('',(#449),#453);
#449 = CIRCLE('',#450,8.);
#450 = AXIS2_PLACEMENT_2D('',#451,#452);
#451 = CARTESIAN_POINT('',(200.,66.666666666667));
#452 = DIRECTION('',(1.,0.));
#453 = ( GEOMETRIC_REPRESENTATION_CONTEXT(2) 
PARAMETRIC_REPRESENTATION_CONTEXT() REPRESENTATION_CONTEXT('2D SPACE',''
  ) );
#454 = PCURVE('',#455,#460);
#455 = CYLINDRICAL_SURFACE('',#456,8.);
#456 = AXIS2_PLACEMENT_3D('',#457,#458,#459);
#457 = CARTESIAN_POINT('',(-33.33333333333,25.,50.));
#458 = DIRECTION('',(0.,1.,0.));
#459 = DIRECTION('',(0.,0.,1.));
#460 = DEFINITIONAL_REPRESENTATION('',(#461),#465);
#461 = LINE('',#462,#463);
#462 = CARTESIAN_POINT('',(0.,0.));
#463 = VECTOR('',#464,1.);
#464 = DIRECTION('',(1.,0.));
#465 = ( GEOMETRIC_REPRESENTATION_CONTEXT(2) 
PARAMETRIC_REPRESENTATION_CONTEXT() REPRESENTATION_CONTEXT('2D SPACE',''
  ) );
#466 = FACE_BOUND('',#467,.T.);
#467 = EDGE_LOOP('',(#468));
#468 = ORIENTED_EDGE('',*,*,#469,.T.);
#469 = EDGE_CURVE('',#470,#470,#472,.T.);
#470 = VERTEX_POINT('',#471);
#471 = CARTESIAN_POINT('',(0.,25.,5.));
#472 = SURFACE_CURVE('',#473,(#478,#489),.PCURVE_S1.);
#473 = CIRCLE('',#474,5.);
#474 = AXIS2_PLACEMENT_3D('',#475,#476,#477);
#475 = CARTESIAN_POINT('',(0.,25.,0.));
#476 = DIRECTION('',(0.,-1.,0.));
#477 = DIRECTION('',(0.,0.,1.));
#478 = PCURVE('',#100,#479);
#479 = DEFINITIONAL_REPRESENTATION('',(#480),#488);
#480 = ( BOUNDED_CURVE() B_SPLINE_CURVE(2,(#481,#482,#483,#484,#485,#486
,#487),.UNSPECIFIED.,.T.,.F.) B_SPLINE_CURVE_WITH_KNOTS((1,2,2,2,2,1),(
    -2.094395102393,0.,2.094395102393,4.188790204786,6.28318530718,
8.377580409573),.UNSPECIFIED.) CURVE() GEOMETRIC_REPRESENTATION_ITEM() 
RATIONAL_B_SPLINE_CURVE((1.,0.5,1.,0.5,1.,0.5,1.)) REPRESENTATION_ITEM(
  '') );
#481 = CARTESIAN_POINT('',(155.,100.));
#482 = CARTESIAN_POINT('',(155.,91.339745962156));
#483 = CARTESIAN_POINT('',(147.5,95.669872981078));
#484 = CARTESIAN_POINT('',(140.,100.));
#485 = CARTESIAN_POINT('',(147.5,104.33012701892));
#486 = CARTESIAN_POINT('',(155.,108.66025403784));
#487 = CARTESIAN_POINT('',(155.,100.));
#488 = ( GEOMETRIC_REPRESENTATION_CONTEXT(2) 
PARAMETRIC_REPRESENTATION_CONTEXT() REPRESENTATION_CONTEXT('2D SPACE',''
  ) );
#489 = PCURVE('',#490,#495);
#490 = CYLINDRICAL_SURFACE('',#491,5.);
#491 = AXIS2_PLACEMENT_3D('',#492,#493,#494);
#492 = CARTESIAN_POINT('',(0.,-22.75,0.));
#493 = DIRECTION('',(-0.,-1.,-0.));
#494 = DIRECTION('',(0.,0.,1.));
#495 = DEFINITIONAL_REPRESENTATION('',(#496),#500);
#496 = LINE('',#497,#498);
#497 = CARTESIAN_POINT('',(-6.28318530718,-47.75));
#498 = VECTOR('',#499,1.);
#499 = DIRECTION('',(1.,-0.));
#500 = ( GEOMETRIC_REPRESENTATION_CONTEXT(2) 
PARAMETRIC_REPRESENTATION_CONTEXT() REPRESENTATION_CONTEXT('2D SPACE',''
  ) );
#501 = FACE_BOUND('',#502,.T.);
#502 = EDGE_LOOP('',(#503));
#503 = ORIENTED_EDGE('',*,*,#504,.F.);
#504 = EDGE_CURVE('',#505,#505,#507,.T.);
#505 = VERTEX_POINT('',#506);
#506 = CARTESIAN_POINT('',(33.333333333333,25.,-42.));
#507 = SURFACE_CURVE('',#508,(#513,#520),.PCURVE_S1.);
#508 = CIRCLE('',#509,8.);
#509 = AXIS2_PLACEMENT_3D('',#510,#511,#512);
#510 = CARTESIAN_POINT('',(33.333333333333,25.,-50.));
#511 = DIRECTION('',(0.,1.,0.));
#512 = DIRECTION('',(0.,0.,1.));
#513 = PCURVE('',#100,#514);
#514 = DEFINITIONAL_REPRESENTATION('',(#515),#519);
#515 = CIRCLE('',#516,8.);
#516 = AXIS2_PLACEMENT_2D('',#517,#518);
#517 = CARTESIAN_POINT('',(100.,133.33333333333));
#518 = DIRECTION('',(1.,0.));
#519 = ( GEOMETRIC_REPRESENTATION_CONTEXT(2) 
PARAMETRIC_REPRESENTATION_CONTEXT() REPRESENTATION_CONTEXT('2D SPACE',''
  ) );
#520 = PCURVE('',#521,#526);
#521 = CYLINDRICAL_SURFACE('',#522,8.);
#522 = AXIS2_PLACEMENT_3D('',#523,#524,#525);
#523 = CARTESIAN_POINT('',(33.333333333333,25.,-50.));
#524 = DIRECTION('',(0.,1.,0.));
#525 = DIRECTION('',(0.,0.,1.));
#526 = DEFINITIONAL_REPRESENTATION('',(#527),#531);
#527 = LINE('',#528,#529);
#528 = CARTESIAN_POINT('',(0.,0.));
#529 = VECTOR('',#530,1.);
#530 = DIRECTION('',(1.,0.));
#531 = ( GEOMETRIC_REPRESENTATION_CONTEXT(2) 
PARAMETRIC_REPRESENTATION_CONTEXT() REPRESENTATION_CONTEXT('2D SPACE',''
  ) );
#532 = FACE_BOUND('',#533,.T.);
#533 = EDGE_LOOP('',(#534));
#534 = ORIENTED_EDGE('',*,*,#535,.T.);
#535 = EDGE_CURVE('',#536,#536,#538,.T.);
#536 = VERTEX_POINT('',#537);
#537 = CARTESIAN_POINT('',(50.,25.,-70.));
#538 = SURFACE_CURVE('',#539,(#544,#555),.PCURVE_S1.);
#539 = CIRCLE('',#540,5.);
#540 = AXIS2_PLACEMENT_3D('',#541,#542,#543);
#541 = CARTESIAN_POINT('',(50.,25.,-75.));
#542 = DIRECTION('',(0.,-1.,0.));
#543 = DIRECTION('',(0.,0.,1.));
#544 = PCURVE('',#100,#545);
#545 = DEFINITIONAL_REPRESENTATION('',(#546),#554);
#546 = ( BOUNDED_CURVE() B_SPLINE_CURVE(2,(#547,#548,#549,#550,#551,#552
,#553),.UNSPECIFIED.,.T.,.F.) B_SPLINE_CURVE_WITH_KNOTS((1,2,2,2,2,1),(
    -2.094395102393,0.,2.094395102393,4.188790204786,6.28318530718,
8.377580409573),.UNSPECIFIED.) CURVE() GEOMETRIC_REPRESENTATION_ITEM() 
RATIONAL_B_SPLINE_CURVE((1.,0.5,1.,0.5,1.,0.5,1.)) REPRESENTATION_ITEM(
  '') );
#547 = CARTESIAN_POINT('',(80.,150.));
#548 = CARTESIAN_POINT('',(80.,141.33974596215));
#549 = CARTESIAN_POINT('',(72.5,145.66987298107));
#550 = CARTESIAN_POINT('',(65.,150.));
#551 = CARTESIAN_POINT('',(72.5,154.33012701892));
#552 = CARTESIAN_POINT('',(80.,158.66025403784));
#553 = CARTESIAN_POINT('',(80.,150.));
#554 = ( GEOMETRIC_REPRESENTATION_CONTEXT(2) 
PARAMETRIC_REPRESENTATION_CONTEXT() REPRESENTATION_CONTEXT('2D SPACE',''
  ) );
#555 = PCURVE('',#556,#561);
#556 = CYLINDRICAL_SURFACE('',#557,5.);
#557 = AXIS2_PLACEMENT_3D('',#558,#559,#560);
#558 = CARTESIAN_POINT('',(50.,-22.75,-75.));
#559 = DIRECTION('',(-0.,-1.,-0.));
#560 = DIRECTION('',(0.,0.,1.));
#561 = DEFINITIONAL_REPRESENTATION('',(#562),#566);
#562 = LINE('',#563,#564);
#563 = CARTESIAN_POINT('',(-6.28318530718,-47.75));
#564 = VECTOR('',#565,1.);
#565 = DIRECTION('',(1.,-0.));
#566 = ( GEOMETRIC_REPRESENTATION_CONTEXT(2) 
PARAMETRIC_REPRESENTATION_CONTEXT() REPRESENTATION_CONTEXT('2D SPACE',''
  ) );
#567 = ADVANCED_FACE('',(#568),#72,.F.);
#568 = FACE_BOUND('',#569,.F.);
#569 = EDGE_LOOP('',(#570,#571,#572,#593));
#570 = ORIENTED_EDGE('',*,*,#56,.F.);
#571 = ORIENTED_EDGE('',*,*,#141,.T.);
#572 = ORIENTED_EDGE('',*,*,#573,.T.);
#573 = EDGE_CURVE('',#142,#391,#574,.T.);
#574 = SURFACE_CURVE('',#575,(#579,#586),.PCURVE_S1.);
#575 = LINE('',#576,#577);
#576 = CARTESIAN_POINT('',(100.,-25.,-150.));
#577 = VECTOR('',#578,1.);
#578 = DIRECTION('',(0.,1.,0.));
#579 = PCURVE('',#72,#580);
#580 = DEFINITIONAL_REPRESENTATION('',(#581),#585);
#581 = LINE('',#582,#583);
#582 = CARTESIAN_POINT('',(200.,0.));
#583 = VECTOR('',#584,1.);
#584 = DIRECTION('',(0.,1.));
#585 = ( GEOMETRIC_REPRESENTATION_CONTEXT(2) 
PARAMETRIC_REPRESENTATION_CONTEXT() REPRESENTATION_CONTEXT('2D SPACE',''
  ) );
#586 = PCURVE('',#202,#587);
#587 = DEFINITIONAL_REPRESENTATION('',(#588),#592);
#588 = LINE('',#589,#590);
#589 = CARTESIAN_POINT('',(0.,0.));
#590 = VECTOR('',#591,1.);
#591 = DIRECTION('',(0.,-1.));
#592 = ( GEOMETRIC_REPRESENTATION_CONTEXT(2) 
PARAMETRIC_REPRESENTATION_CONTEXT() REPRESENTATION_CONTEXT('2D SPACE',''
  ) );
#593 = ORIENTED_EDGE('',*,*,#390,.F.);
#594 = ADVANCED_FACE('',(#595),#202,.T.);
#595 = FACE_BOUND('',#596,.T.);
#596 = EDGE_LOOP('',(#597,#598,#599,#600));
#597 = ORIENTED_EDGE('',*,*,#188,.F.);
#598 = ORIENTED_EDGE('',*,*,#573,.T.);
#599 = ORIENTED_EDGE('',*,*,#415,.T.);
#600 = ORIENTED_EDGE('',*,*,#343,.F.);
#601 = ADVANCED_FACE('',(#602),#233,.F.);
#602 = FACE_BOUND('',#603,.F.);
#603 = EDGE_LOOP('',(#604,#627,#1802,#1803));
#604 = ORIENTED_EDGE('',*,*,#605,.F.);
#605 = EDGE_CURVE('',#606,#217,#608,.T.);
#606 = VERTEX_POINT('',#607);
#607 = CARTESIAN_POINT('',(-33.33333333333,21.6,55.));
#608 = SEAM_CURVE('',#609,(#613,#620),.PCURVE_S1.);
#609 = LINE('',#610,#611);
#610 = CARTESIAN_POINT('',(-33.33333333333,23.39218452154,55.));
#611 = VECTOR('',#612,1.);
#612 = DIRECTION('',(-0.,-1.,-0.));
#613 = PCURVE('',#233,#614);
#614 = DEFINITIONAL_REPRESENTATION('',(#615),#619);
#615 = LINE('',#616,#617);
#616 = CARTESIAN_POINT('',(6.28318530718,0.));
#617 = VECTOR('',#618,1.);
#618 = DIRECTION('',(0.,-1.));
#619 = ( GEOMETRIC_REPRESENTATION_CONTEXT(2) 
PARAMETRIC_REPRESENTATION_CONTEXT() REPRESENTATION_CONTEXT('2D SPACE',''
  ) );
#620 = PCURVE('',#233,#621);
#621 = DEFINITIONAL_REPRESENTATION('',(#622),#626);
#622 = LINE('',#623,#624);
#623 = CARTESIAN_POINT('',(0.,0.));
#624 = VECTOR('',#625,1.);
#625 = DIRECTION('',(0.,-1.));
#626 = ( GEOMETRIC_REPRESENTATION_CONTEXT(2) 
PARAMETRIC_REPRESENTATION_CONTEXT() REPRESENTATION_CONTEXT('2D SPACE',''
  ) );
#627 = ORIENTED_EDGE('',*,*,#628,.F.);
#628 = EDGE_CURVE('',#606,#606,#629,.T.);
#629 = SURFACE_CURVE('',#630,(#1017,#1407),.PCURVE_S1.);
#630 = B_SPLINE_CURVE_WITH_KNOTS('',7,(#631,#632,#633,#634,#635,#636,
    #637,#638,#639,#640,#641,#642,#643,#644,#645,#646,#647,#648,#649,
    #650,#651,#652,#653,#654,#655,#656,#657,#658,#659,#660,#661,#662,
    #663,#664,#665,#666,#667,#668,#669,#670,#671,#672,#673,#674,#675,
    #676,#677,#678,#679,#680,#681,#682,#683,#684,#685,#686,#687,#688,
    #689,#690,#691,#692,#693,#694,#695,#696,#697,#698,#699,#700,#701,
    #702,#703,#704,#705,#706,#707,#708,#709,#710,#711,#712,#713,#714,
    #715,#716,#717,#718,#719,#720,#721,#722,#723,#724,#725,#726,#727,
    #728,#729,#730,#731,#732,#733,#734,#735,#736,#737,#738,#739,#740,
    #741,#742,#743,#744,#745,#746,#747,#748,#749,#750,#751,#752,#753,
    #754,#755,#756,#757,#758,#759,#760,#761,#762,#763,#764,#765,#766,
    #767,#768,#769,#770,#771,#772,#773,#774,#775,#776,#777,#778,#779,
    #780,#781,#782,#783,#784,#785,#786,#787,#788,#789,#790,#791,#792,
    #793,#794,#795,#796,#797,#798,#799,#800,#801,#802,#803,#804,#805,
    #806,#807,#808,#809,#810,#811,#812,#813,#814,#815,#816,#817,#818,
    #819,#820,#821,#822,#823,#824,#825,#826,#827,#828,#829,#830,#831,
    #832,#833,#834,#835,#836,#837,#838,#839,#840,#841,#842,#843,#844,
    #845,#846,#847,#848,#849,#850,#851,#852,#853,#854,#855,#856,#857,
    #858,#859,#860,#861,#862,#863,#864,#865,#866,#867,#868,#869,#870,
    #871,#872,#873,#874,#875,#876,#877,#878,#879,#880,#881,#882,#883,
    #884,#885,#886,#887,#888,#889,#890,#891,#892,#893,#894,#895,#896,
    #897,#898,#899,#900,#901,#902,#903,#904,#905,#906,#907,#908,#909,
    #910,#911,#912,#913,#914,#915,#916,#917,#918,#919,#920,#921,#922,
    #923,#924,#925,#926,#927,#928,#929,#930,#931,#932,#933,#934,#935,
    #936,#937,#938,#939,#940,#941,#942,#943,#944,#945,#946,#947,#948,
    #949,#950,#951,#952,#953,#954,#955,#956,#957,#958,#959,#960,#961,
    #962,#963,#964,#965,#966,#967,#968,#969,#970,#971,#972,#973,#974,
    #975,#976,#977,#978,#979,#980,#981,#982,#983,#984,#985,#986,#987,
    #988,#989,#990,#991,#992,#993,#994,#995,#996,#997,#998,#999,#1000,
    #1001,#1002,#1003,#1004,#1005,#1006,#1007,#1008,#1009,#1010,#1011,
    #1012,#1013,#1014,#1015,#1016),.UNSPECIFIED.,.T.,.F.,(8,6,6,6,6,6,6,
    6,6,6,6,6,6,6,6,6,6,6,6,6,6,6,6,6,6,6,6,6,6,6,6,6,6,6,6,6,6,6,6,6,6,
    6,6,6,6,6,6,6,6,6,6,6,6,6,6,6,6,6,6,6,6,6,6,6,8),(0.,
    1.859295713105E-02,3.3166026687E-02,4.773909624296E-02,
    6.231216579892E-02,7.688523535488E-02,9.145830491085E-02,
    0.10552885491,0.118091846161,0.13165987659,0.146232946146,
    0.160303496145,0.174876565701,0.189449635257,0.204022704813,
    0.212063019381,0.22613356938,0.239199080226,0.253772149782,
    0.268345219338,0.282415769337,0.296988838893,0.308546790926,
    0.323119860482,0.333672773265,0.34673828411,0.361311353666,
    0.375884423222,0.390457492778,0.404025523207,0.418598592763,
    0.433171662319,0.447744731875,0.461312762303,0.475885831859,
    0.490458901415,0.505031970971,0.517594962222,0.532168031778,
    0.546741101334,0.56131417089,0.575887240446,0.590460310002,
    0.604028340431,0.61809889043,0.632671959986,0.646742509985,
    0.661315579541,0.67488360997,0.689456679526,0.704029749082,
    0.718602818638,0.733175888194,0.74774895775,0.761819507749,
    0.776392577305,0.790965646861,0.805538716417,0.820111785973,
    0.834684855529,0.849257925085,0.863830994641,0.878404064197,
    0.891972094626,1.),.UNSPECIFIED.);
#631 = CARTESIAN_POINT('',(-33.33333333333,21.6,55.));
#632 = CARTESIAN_POINT('',(-33.24988305339,21.6,55.));
#633 = CARTESIAN_POINT('',(-33.1664378237,21.6,54.998375196803));
#634 = CARTESIAN_POINT('',(-33.08303247904,21.6,54.99512566647));
#635 = CARTESIAN_POINT('',(-32.99970297403,21.6,54.990252568844));
#636 = CARTESIAN_POINT('',(-32.91648638315,21.6,54.983758147549));
#637 = CARTESIAN_POINT('',(-32.83342090067,21.6,54.975645729989));
#638 = CARTESIAN_POINT('',(-32.68558877103,21.6,54.958296533689));
#639 = CARTESIAN_POINT('',(-32.62074802707,21.6,54.949682050497));
#640 = CARTESIAN_POINT('',(-32.5560417785,21.6,54.940078410456));
#641 = CARTESIAN_POINT('',(-32.4914881272,21.6,54.929488159188));
#642 = CARTESIAN_POINT('',(-32.42710510728,21.6,54.917914255254));
#643 = CARTESIAN_POINT('',(-32.36291068514,21.6,54.905360070156));
#644 = CARTESIAN_POINT('',(-32.2349348337,21.6,54.878298706517));
#645 = CARTESIAN_POINT('',(-32.17115338612,21.6,54.863791524111));
#646 = CARTESIAN_POINT('',(-32.10759631517,21.6,54.848311626224));
#647 = CARTESIAN_POINT('',(-32.04428141415,21.6,54.831863202981));
#648 = CARTESIAN_POINT('',(-31.98122637111,21.6,54.814450849519));
#649 = CARTESIAN_POINT('',(-31.9184487689,21.6,54.796079565993));
#650 = CARTESIAN_POINT('',(-31.79348340141,21.6,54.757429949159));
#651 = CARTESIAN_POINT('',(-31.73129561827,21.6,54.737151610329));
#652 = CARTESIAN_POINT('',(-31.66942021317,21.6,54.715925146907));
#653 = CARTESIAN_POINT('',(-31.60787452173,21.6,54.693756358411));
#654 = CARTESIAN_POINT('',(-31.54667573774,21.6,54.670651438059));
#655 = CARTESIAN_POINT('',(-31.48584091321,21.6,54.646616972767));
#656 = CARTESIAN_POINT('',(-31.36493300344,21.6,54.596702913533));
#657 = CARTESIAN_POINT('',(-31.30485990093,21.6,54.570823312463));
#658 = CARTESIAN_POINT('',(-31.24518456071,21.6,54.54402812118));
#659 = CARTESIAN_POINT('',(-31.18592371551,21.6,54.516324700012));
#660 = CARTESIAN_POINT('',(-31.12709392081,21.6,54.487720788368));
#661 = CARTESIAN_POINT('',(-31.0687115549,21.6,54.458224504738));
#662 = CARTESIAN_POINT('',(-30.95287408279,21.6,54.397464188656));
#663 = CARTESIAN_POINT('',(-30.89541896005,21.6,54.366200147526));
#664 = CARTESIAN_POINT('',(-30.83844365137,21.6,54.334060721482));
#665 = CARTESIAN_POINT('',(-30.78196414637,21.6,54.301054769992));
#666 = CARTESIAN_POINT('',(-30.72599622353,21.6,54.267191513814));
#667 = CARTESIAN_POINT('',(-30.6705554502,21.6,54.232480534997));
#668 = CARTESIAN_POINT('',(-30.56265195841,21.6,54.162608837809));
#669 = CARTESIAN_POINT('',(-30.51015245692,21.6,54.127504892169));
#670 = CARTESIAN_POINT('',(-30.45817249878,21.6,54.091628889684));
#671 = CARTESIAN_POINT('',(-30.40672569365,21.6,54.05499007629));
#672 = CARTESIAN_POINT('',(-30.35582544026,21.6,54.017597994138));
#673 = CARTESIAN_POINT('',(-30.30548492637,21.6,53.979462481593));
#674 = CARTESIAN_POINT('',(-30.2112815946,21.6,53.905889379563));
#675 = CARTESIAN_POINT('',(-30.16730261789,21.6,53.870600500399));
#676 = CARTESIAN_POINT('',(-30.12378943353,21.6,53.834734248371));
#677 = CARTESIAN_POINT('',(-30.08075112704,21.6,53.79829801249));
#678 = CARTESIAN_POINT('',(-30.03819663462,21.6,53.761299358148));
#679 = CARTESIAN_POINT('',(-29.99613474316,21.6,53.723746027119));
#680 = CARTESIAN_POINT('',(-29.90968858543,21.6,53.644497841205));
#681 = CARTESIAN_POINT('',(-29.86538771662,21.6,53.602711997761));
#682 = CARTESIAN_POINT('',(-29.82168236556,21.6,53.560298383231));
#683 = CARTESIAN_POINT('',(-29.77858319187,21.6,53.517267196118));
#684 = CARTESIAN_POINT('',(-29.73610063303,21.6,53.473628857431));
#685 = CARTESIAN_POINT('',(-29.69424490436,21.6,53.429394010682));
#686 = CARTESIAN_POINT('',(-29.60875384194,21.6,53.336432997421));
#687 = CARTESIAN_POINT('',(-29.56521633521,21.6,53.287616843278));
#688 = CARTESIAN_POINT('',(-29.52242586231,21.6,53.238138525452));
#689 = CARTESIAN_POINT('',(-29.48039448606,21.6,53.188011778811));
#690 = CARTESIAN_POINT('',(-29.4391339486,21.6,53.13725060709));
#691 = CARTESIAN_POINT('',(-29.39865567145,21.6,53.085869282893));
#692 = CARTESIAN_POINT('',(-29.32065428462,21.6,52.983688065133));
#693 = CARTESIAN_POINT('',(-29.28307739368,21.6,52.932929204594));
#694 = CARTESIAN_POINT('',(-29.2462500732,21.6,52.881618854088));
#695 = CARTESIAN_POINT('',(-29.21018201521,21.6,52.829770309291));
#696 = CARTESIAN_POINT('',(-29.17488261322,21.6,52.777397073554));
#697 = CARTESIAN_POINT('',(-29.14036096219,21.6,52.72451285789));
#698 = CARTESIAN_POINT('',(-29.07168593006,21.6,52.615843830235));
#699 = CARTESIAN_POINT('',(-29.03758972469,21.6,52.560022864848));
#700 = CARTESIAN_POINT('',(-29.00434701552,21.6,52.503684149983));
#701 = CARTESIAN_POINT('',(-28.97196721198,21.6,52.446843357925));
#702 = CARTESIAN_POINT('',(-28.94045935991,21.6,52.38951636809));
#703 = CARTESIAN_POINT('',(-28.90983214154,21.6,52.331719267022));
#704 = CARTESIAN_POINT('',(-28.85035560944,21.6,52.215217429763));
#705 = CARTESIAN_POINT('',(-28.82150628723,21.6,52.156512676933));
#706 = CARTESIAN_POINT('',(-28.79355422687,21.6,52.097370383882));
#707 = CARTESIAN_POINT('',(-28.76650736537,21.6,52.037807017608));
#708 = CARTESIAN_POINT('',(-28.74037325872,21.6,51.977839218121));
#709 = CARTESIAN_POINT('',(-28.71515908189,21.6,51.917483798447));
#710 = CARTESIAN_POINT('',(-28.66658417577,21.6,51.796031690808));
#711 = CARTESIAN_POINT('',(-28.64322343954,21.6,51.734934985495));
#712 = CARTESIAN_POINT('',(-28.62079621347,21.6,51.673484614981));
#713 = CARTESIAN_POINT('',(-28.59930889563,21.6,51.61169770301));
#714 = CARTESIAN_POINT('',(-28.57876748886,21.6,51.549591510778));
#715 = CARTESIAN_POINT('',(-28.55917760075,21.6,51.487183436931));
#716 = CARTESIAN_POINT('',(-28.53026408072,21.6,51.389902095119));
#717 = CARTESIAN_POINT('',(-28.52027494525,21.6,51.355226614859));
#718 = CARTESIAN_POINT('',(-28.51057791204,21.6,51.320467520048));
#719 = CARTESIAN_POINT('',(-28.50117381844,21.6,51.285627764054));
#720 = CARTESIAN_POINT('',(-28.49206346435,21.6,51.250710310346));
#721 = CARTESIAN_POINT('',(-28.48324761226,21.6,51.215718132498));
#722 = CARTESIAN_POINT('',(-28.45981589391,21.6,51.119292359298));
#723 = CARTESIAN_POINT('',(-28.44580893133,21.6,51.057710790178));
#724 = CARTESIAN_POINT('',(-28.43270998719,21.6,50.995925506612));
#725 = CARTESIAN_POINT('',(-28.42052259237,21.6,50.933952578553));
#726 = CARTESIAN_POINT('',(-28.40924992094,21.6,50.871808146125));
#727 = CARTESIAN_POINT('',(-28.39889479014,21.6,50.809508419625));
#728 = CARTESIAN_POINT('',(-28.3806984684,21.6,50.68909084884));
#729 = CARTESIAN_POINT('',(-28.37273054077,21.6,50.630992142358));
#730 = CARTESIAN_POINT('',(-28.36555784685,21.6,50.572786593677));
#731 = CARTESIAN_POINT('',(-28.35918208721,21.6,50.514487265793));
#732 = CARTESIAN_POINT('',(-28.35360469366,21.6,50.456107251092));
#733 = CARTESIAN_POINT('',(-28.34882682926,21.6,50.397659671353));
#734 = CARTESIAN_POINT('',(-28.34041301195,21.6,50.273905455154));
#735 = CARTESIAN_POINT('',(-28.33697242762,21.6,50.208585521162));
#736 = CARTESIAN_POINT('',(-28.33452887593,21.6,50.143216128012));
#737 = CARTESIAN_POINT('',(-28.3330831791,21.6,50.077815537193));
#738 = CARTESIAN_POINT('',(-28.33263574103,21.6,50.012402019439));
#739 = CARTESIAN_POINT('',(-28.33318654723,21.6,49.946993854737));
#740 = CARTESIAN_POINT('',(-28.33628378249,21.6,49.816224809897));
#741 = CARTESIAN_POINT('',(-28.33883021201,21.6,49.750863911082));
#742 = CARTESIAN_POINT('',(-28.34237401988,21.6,49.685544925086));
#743 = CARTESIAN_POINT('',(-28.34691435515,21.6,49.620286112084));
#744 = CARTESIAN_POINT('',(-28.35244994939,21.6,49.555105703202));
#745 = CARTESIAN_POINT('',(-28.35897911675,21.6,49.490021900525));
#746 = CARTESIAN_POINT('',(-28.37376105876,21.6,49.362324164444));
#747 = CARTESIAN_POINT('',(-28.381946637,21.6,49.29970243527));
#748 = CARTESIAN_POINT('',(-28.39105459499,21.6,49.237204045657));
#749 = CARTESIAN_POINT('',(-28.40108268007,21.6,49.174845293952));
#750 = CARTESIAN_POINT('',(-28.41202828056,21.6,49.112642420764));
#751 = CARTESIAN_POINT('',(-28.42388842571,21.6,49.050611608962));
#752 = CARTESIAN_POINT('',(-28.44988726569,21.6,48.924717693582));
#753 = CARTESIAN_POINT('',(-28.46409221317,21.6,48.860868254553));
#754 = CARTESIAN_POINT('',(-28.47927092788,21.6,48.797238582815));
#755 = CARTESIAN_POINT('',(-28.49541930401,21.6,48.733846491296));
#756 = CARTESIAN_POINT('',(-28.51253283025,21.6,48.670709689625));
#757 = CARTESIAN_POINT('',(-28.53060658978,21.6,48.607845784131));
#758 = CARTESIAN_POINT('',(-28.56472696483,21.6,48.495645012885));
#759 = CARTESIAN_POINT('',(-28.5804193234,21.6,48.446200404383));
#760 = CARTESIAN_POINT('',(-28.59670968143,21.6,48.396947181125));
#761 = CARTESIAN_POINT('',(-28.61359522788,21.6,48.347894018007));
#762 = CARTESIAN_POINT('',(-28.63107299512,21.6,48.299049536041));
#763 = CARTESIAN_POINT('',(-28.64913985901,21.6,48.25042230235));
#764 = CARTESIAN_POINT('',(-28.69131113455,21.6,48.140992888657));
#765 = CARTESIAN_POINT('',(-28.71576106091,21.6,48.080323847967));
#766 = CARTESIAN_POINT('',(-28.74113573905,21.6,48.020030778589));
#767 = CARTESIAN_POINT('',(-28.7674282069,21.6,47.960130582822));
#768 = CARTESIAN_POINT('',(-28.79463111924,21.6,47.900639994776));
#769 = CARTESIAN_POINT('',(-28.82273674765,21.6,47.841575580372));
#770 = CARTESIAN_POINT('',(-28.87273714989,21.6,47.740503435824));
#771 = CARTESIAN_POINT('',(-28.89420643108,21.6,47.69828520192));
#772 = CARTESIAN_POINT('',(-28.91614174514,21.6,47.65630525943));
#773 = CARTESIAN_POINT('',(-28.93853991174,21.6,47.61456977775));
#774 = CARTESIAN_POINT('',(-28.96139764912,21.6,47.573084871869));
#775 = CARTESIAN_POINT('',(-28.9847115742,21.6,47.531856602367));
#776 = CARTESIAN_POINT('',(-29.0379035513,21.6,47.440171628618));
#777 = CARTESIAN_POINT('',(-29.06802284389,21.6,47.389854874161));
#778 = CARTESIAN_POINT('',(-29.09882946534,21.6,47.33995211361));
#779 = CARTESIAN_POINT('',(-29.1303165726,21.6,47.290474603376));
#780 = CARTESIAN_POINT('',(-29.16247709456,21.6,47.241433454712));
#781 = CARTESIAN_POINT('',(-29.19530373202,21.6,47.192839633721));
#782 = CARTESIAN_POINT('',(-29.26613786263,21.6,47.091014173789));
#783 = CARTESIAN_POINT('',(-29.30430611507,21.6,47.037894347896));
#784 = CARTESIAN_POINT('',(-29.34328326757,21.6,46.985359501472));
#785 = CARTESIAN_POINT('',(-29.38305854046,21.6,46.933424397882));
#786 = CARTESIAN_POINT('',(-29.42362082188,21.6,46.882103546056));
#787 = CARTESIAN_POINT('',(-29.46495866771,21.6,46.831411200489));
#788 = CARTESIAN_POINT('',(-29.54916193556,21.6,46.731311521982));
#789 = CARTESIAN_POINT('',(-29.59202736961,21.6,46.681904174744));
#790 = CARTESIAN_POINT('',(-29.63564482694,21.6,46.633153319143));
#791 = CARTESIAN_POINT('',(-29.68000222314,21.6,46.58507267105));
#792 = CARTESIAN_POINT('',(-29.72508716625,21.6,46.537675662587));
#793 = CARTESIAN_POINT('',(-29.77088695671,21.6,46.490975442133));
#794 = CARTESIAN_POINT('',(-29.86389021817,21.6,46.398994306496));
#795 = CARTESIAN_POINT('',(-29.91109370244,21.6,46.353713378175));
#796 = CARTESIAN_POINT('',(-29.95898603268,21.6,46.309154953498));
#797 = CARTESIAN_POINT('',(-30.00755392098,21.6,46.265331585928));
#798 = CARTESIAN_POINT('',(-30.05678379909,21.6,46.222255518248));
#799 = CARTESIAN_POINT('',(-30.10666181844,21.6,46.179938682557));
#800 = CARTESIAN_POINT('',(-30.20420229395,21.6,46.099711957717));
#801 = CARTESIAN_POINT('',(-30.25178032693,21.6,46.061699401008));
#802 = CARTESIAN_POINT('',(-30.29989654747,21.6,46.024364407637));
#803 = CARTESIAN_POINT('',(-30.34853936477,21.6,45.98771610397));
#804 = CARTESIAN_POINT('',(-30.39769699884,21.6,45.951763365252));
#805 = CARTESIAN_POINT('',(-30.44735748049,21.6,45.916514815603));
#806 = CARTESIAN_POINT('',(-30.55137472307,21.6,45.844884619556));
#807 = CARTESIAN_POINT('',(-30.60580688502,21.6,45.808612438167));
#808 = CARTESIAN_POINT('',(-30.66079006966,21.6,45.773172659491));
#809 = CARTESIAN_POINT('',(-30.71630898818,21.6,45.738575304017));
#810 = CARTESIAN_POINT('',(-30.77234813044,21.6,45.704830037089));
#811 = CARTESIAN_POINT('',(-30.82889176501,21.6,45.671946168904));
#812 = CARTESIAN_POINT('',(-30.94295611325,21.6,45.607919140121));
#813 = CARTESIAN_POINT('',(-31.00047684321,21.6,45.576775970376));
#814 = CARTESIAN_POINT('',(-31.05847017593,21.6,45.546512099739));
#815 = CARTESIAN_POINT('',(-31.1169199704,21.6,45.51713610877));
#816 = CARTESIAN_POINT('',(-31.17580989771,21.6,45.48865620414));
#817 = CARTESIAN_POINT('',(-31.23512344101,21.6,45.461080218622));
#818 = CARTESIAN_POINT('',(-31.35456435016,21.6,45.407751003569));
#819 = CARTESIAN_POINT('',(-31.41469173305,21.6,45.381997766417));
#820 = CARTESIAN_POINT('',(-31.47520933924,21.6,45.357163357898));
#821 = CARTESIAN_POINT('',(-31.53610031077,21.6,45.33325484676));
#822 = CARTESIAN_POINT('',(-31.59734763674,21.6,45.310278912242));
#823 = CARTESIAN_POINT('',(-31.65893415332,21.6,45.288241844071));
#824 = CARTESIAN_POINT('',(-31.77848139059,21.6,45.247511882125));
#825 = CARTESIAN_POINT('',(-31.83639925966,21.6,45.228693164513));
#826 = CARTESIAN_POINT('',(-31.89458217702,21.6,45.210698150323));
#827 = CARTESIAN_POINT('',(-31.95301608018,21.6,45.193531298578));
#828 = CARTESIAN_POINT('',(-32.01168681799,21.6,45.177196766634));
#829 = CARTESIAN_POINT('',(-32.07058015069,21.6,45.161698410175));
#830 = CARTESIAN_POINT('',(-32.19316124463,21.6,45.131295332213));
#831 = CARTESIAN_POINT('',(-32.25688101931,21.6,45.116519618618));
#832 = CARTESIAN_POINT('',(-32.32082331749,21.6,45.102717046107));
#833 = CARTESIAN_POINT('',(-32.38497030072,21.6,45.089891608015));
#834 = CARTESIAN_POINT('',(-32.44930404845,21.6,45.078046887343));
#835 = CARTESIAN_POINT('',(-32.51380655814,21.6,45.067186056748));
#836 = CARTESIAN_POINT('',(-32.64311293221,21.6,45.047437700355));
#837 = CARTESIAN_POINT('',(-32.70791681506,21.6,45.038550171736));
#838 = CARTESIAN_POINT('',(-32.77285330901,21.6,45.030652054343));
#839 = CARTESIAN_POINT('',(-32.83790428519,21.6,45.023745693705));
#840 = CARTESIAN_POINT('',(-32.90305157052,21.6,45.017833019227));
#841 = CARTESIAN_POINT('',(-32.96827694777,21.6,45.012915544193));
#842 = CARTESIAN_POINT('',(-33.09884736323,21.6,45.005073187342));
#843 = CARTESIAN_POINT('',(-33.1641924201,21.6,45.002148304403));
#844 = CARTESIAN_POINT('',(-33.22957906464,21.6,45.000220813437));
#845 = CARTESIAN_POINT('',(-33.29498902944,21.6,44.999291392511));
#846 = CARTESIAN_POINT('',(-33.36040404115,21.6,44.999360301273));
#847 = CARTESIAN_POINT('',(-33.42580582047,21.6,45.000427380954));
#848 = CARTESIAN_POINT('',(-33.54752975716,21.6,45.00427194528));
#849 = CARTESIAN_POINT('',(-33.60386002081,21.6,45.006793211159));
#850 = CARTESIAN_POINT('',(-33.66015516125,21.6,45.010055481956));
#851 = CARTESIAN_POINT('',(-33.71640348302,21.6,45.0140581571));
#852 = CARTESIAN_POINT('',(-33.77259330708,21.6,45.018800405502));
#853 = CARTESIAN_POINT('',(-33.82871297079,21.6,45.024281165551));
#854 = CARTESIAN_POINT('',(-33.9497547408,21.6,45.037712001265));
#855 = CARTESIAN_POINT('',(-34.01464858999,21.6,45.045916861744));
#856 = CARTESIAN_POINT('',(-34.07941419271,21.6,45.055111708651));
#857 = CARTESIAN_POINT('',(-34.14403343138,21.6,45.065294110722));
#858 = CARTESIAN_POINT('',(-34.20848825356,21.6,45.076461223337));
#859 = CARTESIAN_POINT('',(-34.27276067192,21.6,45.088609788512));
#860 = CARTESIAN_POINT('',(-34.40090485663,21.6,45.114862481298));
#861 = CARTESIAN_POINT('',(-34.46477664129,21.6,45.12896661266));
#862 = CARTESIAN_POINT('',(-34.52843019621,21.6,45.144044856983));
#863 = CARTESIAN_POINT('',(-34.591847702,21.6,45.160093136587));
#864 = CARTESIAN_POINT('',(-34.65501144193,21.6,45.177106968121));
#865 = CARTESIAN_POINT('',(-34.71790380194,21.6,45.195081462559));
#866 = CARTESIAN_POINT('',(-34.84311073927,21.6,45.232941187849));
#867 = CARTESIAN_POINT('',(-34.90542533448,21.6,45.252826424109));
#868 = CARTESIAN_POINT('',(-34.96743354501,21.6,45.273661738636));
#869 = CARTESIAN_POINT('',(-35.02911799899,21.6,45.295441441498));
#870 = CARTESIAN_POINT('',(-35.09046146383,21.6,45.318159448174));
#871 = CARTESIAN_POINT('',(-35.15144684628,21.6,45.341809279557));
#872 = CARTESIAN_POINT('',(-35.27266753855,21.6,45.390958844353));
#873 = CARTESIAN_POINT('',(-35.33290286569,21.6,45.416458584786));
#874 = CARTESIAN_POINT('',(-35.39274622015,21.6,45.442876408932));
#875 = CARTESIAN_POINT('',(-35.45218082308,21.6,45.470205062274));
#876 = CARTESIAN_POINT('',(-35.51119007044,21.6,45.4984369101));
#877 = CARTESIAN_POINT('',(-35.569757533,21.6,45.527563937506));
#878 = CARTESIAN_POINT('',(-35.68597637975,21.6,45.587591561277));
#879 = CARTESIAN_POINT('',(-35.74362778053,21.6,45.618492166216));
#880 = CARTESIAN_POINT('',(-35.80080490462,21.6,45.650271168505));
#881 = CARTESIAN_POINT('',(-35.85749170678,21.6,45.682919809823));
#882 = CARTESIAN_POINT('',(-35.91367235061,21.6,45.716428969234));
#883 = CARTESIAN_POINT('',(-35.96933120856,21.6,45.750789163181));
#884 = CARTESIAN_POINT('',(-36.07577302258,21.6,45.818764246635));
#885 = CARTESIAN_POINT('',(-36.12662753308,21.6,45.852267118908));
#886 = CARTESIAN_POINT('',(-36.17700395167,21.6,45.886491216554));
#887 = CARTESIAN_POINT('',(-36.22689001688,21.6,45.921428336273));
#888 = CARTESIAN_POINT('',(-36.27627364765,21.6,45.957070017225));
#889 = CARTESIAN_POINT('',(-36.32514294326,21.6,45.993407541028));
#890 = CARTESIAN_POINT('',(-36.42361991358,21.6,46.068827596017));
#891 = CARTESIAN_POINT('',(-36.4731879114,21.6,46.107961957491));
#892 = CARTESIAN_POINT('',(-36.52217710494,21.6,46.147825004534));
#893 = CARTESIAN_POINT('',(-36.57057465596,21.6,46.188406446842));
#894 = CARTESIAN_POINT('',(-36.61836795989,21.6,46.229695715453));
#895 = CARTESIAN_POINT('',(-36.66554464581,21.6,46.271681962745));
#896 = CARTESIAN_POINT('',(-36.76030293289,21.6,46.358550165436));
#897 = CARTESIAN_POINT('',(-36.80783883406,21.6,46.403481997111));
#898 = CARTESIAN_POINT('',(-36.85468679487,21.6,46.449137194772));
#899 = CARTESIAN_POINT('',(-36.90083362685,21.6,46.495503100533));
#900 = CARTESIAN_POINT('',(-36.94626643812,21.6,46.54256676131));
#901 = CARTESIAN_POINT('',(-36.9909726334,21.6,46.590314928826));
#902 = CARTESIAN_POINT('',(-37.07739108171,21.6,46.685483565475));
#903 = CARTESIAN_POINT('',(-37.1191534269,21.6,46.732858571332));
#904 = CARTESIAN_POINT('',(-37.16021588089,21.6,46.78084688736));
#905 = CARTESIAN_POINT('',(-37.20056765477,21.6,46.829436091402));
#906 = CARTESIAN_POINT('',(-37.24019823939,21.6,46.878613528966));
#907 = CARTESIAN_POINT('',(-37.27909740537,21.6,46.928366313229));
#908 = CARTESIAN_POINT('',(-37.35677577905,21.6,47.030793301239));
#909 = CARTESIAN_POINT('',(-37.39550109696,21.6,47.083508395377));
#910 = CARTESIAN_POINT('',(-37.43342010247,21.6,47.136812030589));
#911 = CARTESIAN_POINT('',(-37.47052208588,21.6,47.190689392679));
#912 = CARTESIAN_POINT('',(-37.50679668214,21.6,47.245125430114));
#913 = CARTESIAN_POINT('',(-37.54223387085,21.6,47.300104854028));
#914 = CARTESIAN_POINT('',(-37.60902855748,21.6,47.40729133442));
#915 = CARTESIAN_POINT('',(-37.64049887331,21.6,47.459428105621));
#916 = CARTESIAN_POINT('',(-37.67122711632,21.6,47.512009922729));
#917 = CARTESIAN_POINT('',(-37.70120575279,21.6,47.565024101888));
#918 = CARTESIAN_POINT('',(-37.7304275227,21.6,47.618457804476));
#919 = CARTESIAN_POINT('',(-37.75888543971,21.6,47.672298037102));
#920 = CARTESIAN_POINT('',(-37.81631105722,21.6,47.784782570237));
#921 = CARTESIAN_POINT('',(-37.84516037943,21.6,47.843487323068));
#922 = CARTESIAN_POINT('',(-37.87311243979,21.6,47.902629616118));
#923 = CARTESIAN_POINT('',(-37.90015930129,21.6,47.962192982393));
#924 = CARTESIAN_POINT('',(-37.92629340794,21.6,48.022160781879));
#925 = CARTESIAN_POINT('',(-37.95150758477,21.6,48.082516201553));
#926 = CARTESIAN_POINT('',(-38.00008249089,21.6,48.203968309192));
#927 = CARTESIAN_POINT('',(-38.02344322712,21.6,48.265065014506));
#928 = CARTESIAN_POINT('',(-38.04587045319,21.6,48.32651538502));
#929 = CARTESIAN_POINT('',(-38.06735777103,21.6,48.388302296991));
#930 = CARTESIAN_POINT('',(-38.0878991778,21.6,48.450408489223));
#931 = CARTESIAN_POINT('',(-38.10748906591,21.6,48.51281656307));
#932 = CARTESIAN_POINT('',(-38.14475538008,21.6,48.638201401798));
#933 = CARTESIAN_POINT('',(-38.16243181146,21.6,48.701178184588));
#934 = CARTESIAN_POINT('',(-38.17914630545,21.6,48.764421794514));
#935 = CARTESIAN_POINT('',(-38.19489405649,21.6,48.827914594547));
#936 = CARTESIAN_POINT('',(-38.20967066519,21.6,48.891638846925));
#937 = CARTESIAN_POINT('',(-38.2234721383,21.6,48.955576713148));
#938 = CARTESIAN_POINT('',(-38.24911763918,21.6,49.083843794813));
#939 = CARTESIAN_POINT('',(-38.26096167062,21.6,49.148173028576));
#940 = CARTESIAN_POINT('',(-38.27182339663,21.6,49.212680015902));
#941 = CARTESIAN_POINT('',(-38.28169964445,21.6,49.277346754244));
#942 = CARTESIAN_POINT('',(-38.290587655,21.6,49.34215517788));
#943 = CARTESIAN_POINT('',(-38.29848508284,21.6,49.407087157911));
#944 = CARTESIAN_POINT('',(-38.31229490958,21.6,49.537161846609));
#945 = CARTESIAN_POINT('',(-38.31820731045,21.6,49.602304573856));
#946 = CARTESIAN_POINT('',(-38.32312526772,21.6,49.667534491853));
#947 = CARTESIAN_POINT('',(-38.32704726803,21.6,49.732833383364));
#948 = CARTESIAN_POINT('',(-38.32997221568,21.6,49.798183006063));
#949 = CARTESIAN_POINT('',(-38.33189943272,21.6,49.863565092537));
#950 = CARTESIAN_POINT('',(-38.33372584277,21.6,49.992102565035));
#951 = CARTESIAN_POINT('',(-38.33369267631,21.6,50.055257007126));
#952 = CARTESIAN_POINT('',(-38.33272892585,21.6,50.118408212878));
#953 = CARTESIAN_POINT('',(-38.33083472123,21.6,50.181539729521));
#954 = CARTESIAN_POINT('',(-38.32801055575,21.6,50.244635115186));
#955 = CARTESIAN_POINT('',(-38.32425728625,21.6,50.307677938916));
#956 = CARTESIAN_POINT('',(-38.31472779578,21.6,50.435874687788));
#957 = CARTESIAN_POINT('',(-38.30888411255,21.6,50.501023615358));
#958 = CARTESIAN_POINT('',(-38.30204643983,21.6,50.566080319374));
#959 = CARTESIAN_POINT('',(-38.29421654958,21.6,50.631026605931));
#960 = CARTESIAN_POINT('',(-38.28539662921,21.6,50.695844331211));
#961 = CARTESIAN_POINT('',(-38.27558928159,21.6,50.76051540148));
#962 = CARTESIAN_POINT('',(-38.25400576845,21.6,50.889528144708));
#963 = CARTESIAN_POINT('',(-38.24222959985,21.6,50.953869836094));
#964 = CARTESIAN_POINT('',(-38.22947203821,21.6,51.018028803719));
#965 = CARTESIAN_POINT('',(-38.21573651164,21.6,51.081987091913));
#966 = CARTESIAN_POINT('',(-38.20102685739,21.6,51.145726832871));
#967 = CARTESIAN_POINT('',(-38.18534732183,21.6,51.209230246652));
#968 = CARTESIAN_POINT('',(-38.15205779911,21.6,51.335729035706));
#969 = CARTESIAN_POINT('',(-38.13444780721,21.6,51.398724429048));
#970 = CARTESIAN_POINT('',(-38.11587724092,21.6,51.4614481293));
#971 = CARTESIAN_POINT('',(-38.0963511558,21.6,51.523882569465));
#972 = CARTESIAN_POINT('',(-38.07587500678,21.6,51.586010307448));
#973 = CARTESIAN_POINT('',(-38.05445464818,21.6,51.647814026064));
#974 = CARTESIAN_POINT('',(-38.00973801922,21.6,51.770739039993));
#975 = CARTESIAN_POINT('',(-37.98644174248,21.6,51.831860352865));
#976 = CARTESIAN_POINT('',(-37.96221375782,21.6,51.892623279595));
#977 = CARTESIAN_POINT('',(-37.93706070586,21.6,51.953010789033));
#978 = CARTESIAN_POINT('',(-37.91098961353,21.6,52.01300601093));
#979 = CARTESIAN_POINT('',(-37.88400789404,21.6,52.072592235938));
#980 = CARTESIAN_POINT('',(-37.82823879975,21.6,52.190913595277));
#981 = CARTESIAN_POINT('',(-37.79945141697,21.6,52.249648746509));
#982 = CARTESIAN_POINT('',(-37.76976899869,21.6,52.307941821145));
#983 = CARTESIAN_POINT('',(-37.73919971497,21.6,52.365776466574));
#984 = CARTESIAN_POINT('',(-37.70775210585,21.6,52.42313652573));
#985 = CARTESIAN_POINT('',(-37.67543508133,21.6,52.480006037096));
#986 = CARTESIAN_POINT('',(-37.60908076137,21.6,52.592732432312));
#987 = CARTESIAN_POINT('',(-37.57504345647,21.6,52.648589332262));
#988 = CARTESIAN_POINT('',(-37.54015528717,21.6,52.703924168928));
#989 = CARTESIAN_POINT('',(-37.50442588456,21.6,52.758721405242));
#990 = CARTESIAN_POINT('',(-37.46786523022,21.6,52.812965732689));
#991 = CARTESIAN_POINT('',(-37.43048365629,21.6,52.866642071312));
#992 = CARTESIAN_POINT('',(-37.35410003457,21.6,52.972829068102));
#993 = CARTESIAN_POINT('',(-37.31509797587,21.6,53.025339741437));
#994 = CARTESIAN_POINT('',(-37.27529635253,21.6,53.077252738707));
#995 = CARTESIAN_POINT('',(-37.23470617594,21.6,53.128553468554));
#996 = CARTESIAN_POINT('',(-37.19333878562,21.6,53.179227599273));
#997 = CARTESIAN_POINT('',(-37.15120584928,21.6,53.229261058804));
#998 = CARTESIAN_POINT('',(-37.06543287629,21.6,53.328019010677));
#999 = CARTESIAN_POINT('',(-37.02179282738,21.6,53.376743517125));
#1000 = CARTESIAN_POINT('',(-36.97741121244,21.6,53.424799742121));
#1001 = CARTESIAN_POINT('',(-36.93230033089,21.6,53.472174162271));
#1002 = CARTESIAN_POINT('',(-36.8864727852,21.6,53.518853542746));
#1003 = CARTESIAN_POINT('',(-36.83994148088,21.6,53.564824937287));
#1004 = CARTESIAN_POINT('',(-36.74875445126,21.6,53.652205698148));
#1005 = CARTESIAN_POINT('',(-36.70419067926,21.6,53.693711046178));
#1006 = CARTESIAN_POINT('',(-36.65903896948,21.6,53.73458151856));
#1007 = CARTESIAN_POINT('',(-36.61331018854,21.6,53.774807137641));
#1008 = CARTESIAN_POINT('',(-36.56701541073,21.6,53.814378161846));
#1009 = CARTESIAN_POINT('',(-36.52016591802,21.6,53.853285085681));
#1010 = CARTESIAN_POINT('',(-36.09543500929,21.6,54.195932075441));
#1011 = CARTESIAN_POINT('',(-35.68351099684,21.6,54.457778552072));
#1012 = CARTESIAN_POINT('',(-35.24302048793,21.6,54.672108397425));
#1013 = CARTESIAN_POINT('',(-34.78057737458,21.6,54.835388980298));
#1014 = CARTESIAN_POINT('',(-34.30316683714,21.6,54.945153955567));
#1015 = CARTESIAN_POINT('',(-33.81815458909,21.6,55.));
#1016 = CARTESIAN_POINT('',(-33.33333333333,21.6,55.));
#1017 = PCURVE('',#233,#1018);
#1018 = DEFINITIONAL_REPRESENTATION('',(#1019),#1406);
#1019 = B_SPLINE_CURVE_WITH_KNOTS('',7,(#1020,#1021,#1022,#1023,#1024,
    #1025,#1026,#1027,#1028,#1029,#1030,#1031,#1032,#1033,#1034,#1035,
    #1036,#1037,#1038,#1039,#1040,#1041,#1042,#1043,#1044,#1045,#1046,
    #1047,#1048,#1049,#1050,#1051,#1052,#1053,#1054,#1055,#1056,#1057,
    #1058,#1059,#1060,#1061,#1062,#1063,#1064,#1065,#1066,#1067,#1068,
    #1069,#1070,#1071,#1072,#1073,#1074,#1075,#1076,#1077,#1078,#1079,
    #1080,#1081,#1082,#1083,#1084,#1085,#1086,#1087,#1088,#1089,#1090,
    #1091,#1092,#1093,#1094,#1095,#1096,#1097,#1098,#1099,#1100,#1101,
    #1102,#1103,#1104,#1105,#1106,#1107,#1108,#1109,#1110,#1111,#1112,
    #1113,#1114,#1115,#1116,#1117,#1118,#1119,#1120,#1121,#1122,#1123,
    #1124,#1125,#1126,#1127,#1128,#1129,#1130,#1131,#1132,#1133,#1134,
    #1135,#1136,#1137,#1138,#1139,#1140,#1141,#1142,#1143,#1144,#1145,
    #1146,#1147,#1148,#1149,#1150,#1151,#1152,#1153,#1154,#1155,#1156,
    #1157,#1158,#1159,#1160,#1161,#1162,#1163,#1164,#1165,#1166,#1167,
    #1168,#1169,#1170,#1171,#1172,#1173,#1174,#1175,#1176,#1177,#1178,
    #1179,#1180,#1181,#1182,#1183,#1184,#1185,#1186,#1187,#1188,#1189,
    #1190,#1191,#1192,#1193,#1194,#1195,#1196,#1197,#1198,#1199,#1200,
    #1201,#1202,#1203,#1204,#1205,#1206,#1207,#1208,#1209,#1210,#1211,
    #1212,#1213,#1214,#1215,#1216,#1217,#1218,#1219,#1220,#1221,#1222,
    #1223,#1224,#1225,#1226,#1227,#1228,#1229,#1230,#1231,#1232,#1233,
    #1234,#1235,#1236,#1237,#1238,#1239,#1240,#1241,#1242,#1243,#1244,
    #1245,#1246,#1247,#1248,#1249,#1250,#1251,#1252,#1253,#1254,#1255,
    #1256,#1257,#1258,#1259,#1260,#1261,#1262,#1263,#1264,#1265,#1266,
    #1267,#1268,#1269,#1270,#1271,#1272,#1273,#1274,#1275,#1276,#1277,
    #1278,#1279,#1280,#1281,#1282,#1283,#1284,#1285,#1286,#1287,#1288,
    #1289,#1290,#1291,#1292,#1293,#1294,#1295,#1296,#1297,#1298,#1299,
    #1300,#1301,#1302,#1303,#1304,#1305,#1306,#1307,#1308,#1309,#1310,
    #1311,#1312,#1313,#1314,#1315,#1316,#1317,#1318,#1319,#1320,#1321,
    #1322,#1323,#1324,#1325,#1326,#1327,#1328,#1329,#1330,#1331,#1332,
    #1333,#1334,#1335,#1336,#1337,#1338,#1339,#1340,#1341,#1342,#1343,
    #1344,#1345,#1346,#1347,#1348,#1349,#1350,#1351,#1352,#1353,#1354,
    #1355,#1356,#1357,#1358,#1359,#1360,#1361,#1362,#1363,#1364,#1365,
    #1366,#1367,#1368,#1369,#1370,#1371,#1372,#1373,#1374,#1375,#1376,
    #1377,#1378,#1379,#1380,#1381,#1382,#1383,#1384,#1385,#1386,#1387,
    #1388,#1389,#1390,#1391,#1392,#1393,#1394,#1395,#1396,#1397,#1398,
    #1399,#1400,#1401,#1402,#1403,#1404,#1405),.UNSPECIFIED.,.F.,.F.,(8,
    6,6,6,6,6,6,6,6,6,6,6,6,6,6,6,6,6,6,6,6,6,6,6,6,6,6,6,6,6,6,6,6,6,6,
    6,6,6,6,6,6,6,6,6,6,6,6,6,6,6,6,6,6,6,6,6,6,6,6,6,6,6,6,6,8),(0.,
    1.859295713105E-02,3.3166026687E-02,4.773909624296E-02,
    6.231216579892E-02,7.688523535488E-02,9.145830491085E-02,
    0.10552885491,0.118091846161,0.13165987659,0.146232946146,
    0.160303496145,0.174876565701,0.189449635257,0.204022704813,
    0.212063019381,0.22613356938,0.239199080226,0.253772149782,
    0.268345219338,0.282415769337,0.296988838893,0.308546790926,
    0.323119860482,0.333672773265,0.34673828411,0.361311353666,
    0.375884423222,0.390457492778,0.404025523207,0.418598592763,
    0.433171662319,0.447744731875,0.461312762303,0.475885831859,
    0.490458901415,0.505031970971,0.517594962222,0.532168031778,
    0.546741101334,0.56131417089,0.575887240446,0.590460310002,
    0.604028340431,0.61809889043,0.632671959986,0.646742509985,
    0.661315579541,0.67488360997,0.689456679526,0.704029749082,
    0.718602818638,0.733175888194,0.74774895775,0.761819507749,
    0.776392577305,0.790965646861,0.805538716417,0.820111785973,
    0.834684855529,0.849257925085,0.863830994641,0.878404064197,
    0.891972094626,1.),.UNSPECIFIED.);
#1020 = CARTESIAN_POINT('',(0.,-1.79218452154));
#1021 = CARTESIAN_POINT('',(1.669005598778E-02,-1.79218452154));
#1022 = CARTESIAN_POINT('',(3.337909764753E-02,-1.79218452154));
#1023 = CARTESIAN_POINT('',(5.006776083881E-02,-1.79218452154));
#1024 = CARTESIAN_POINT('',(6.675644420091E-02,-1.79218452154));
#1025 = CARTESIAN_POINT('',(8.344530915275E-02,-1.79218452154));
#1026 = CARTESIAN_POINT('',(0.100134279893,-1.79218452154));
#1027 = CARTESIAN_POINT('',(0.129903615235,-1.79218452154));
#1028 = CARTESIAN_POINT('',(0.142984187662,-1.79218452154));
#1029 = CARTESIAN_POINT('',(0.156064760444,-1.79218452154));
#1030 = CARTESIAN_POINT('',(0.169145333344,-1.79218452154));
#1031 = CARTESIAN_POINT('',(0.182225906126,-1.79218452154));
#1032 = CARTESIAN_POINT('',(0.195306478553,-1.79218452154));
#1033 = CARTESIAN_POINT('',(0.221467622224,-1.79218452154));
#1034 = CARTESIAN_POINT('',(0.234548194651,-1.79218452154));
#1035 = CARTESIAN_POINT('',(0.247628767433,-1.79218452154));
#1036 = CARTESIAN_POINT('',(0.260709340333,-1.79218452154));
#1037 = CARTESIAN_POINT('',(0.273789913115,-1.79218452154));
#1038 = CARTESIAN_POINT('',(0.286870485542,-1.79218452154));
#1039 = CARTESIAN_POINT('',(0.313031629214,-1.79218452154));
#1040 = CARTESIAN_POINT('',(0.326112201641,-1.79218452154));
#1041 = CARTESIAN_POINT('',(0.339192774422,-1.79218452154));
#1042 = CARTESIAN_POINT('',(0.352273347323,-1.79218452154));
#1043 = CARTESIAN_POINT('',(0.365353920104,-1.79218452154));
#1044 = CARTESIAN_POINT('',(0.378434492531,-1.79218452154));
#1045 = CARTESIAN_POINT('',(0.404595636203,-1.79218452154));
#1046 = CARTESIAN_POINT('',(0.41767620863,-1.79218452154));
#1047 = CARTESIAN_POINT('',(0.430756781411,-1.79218452154));
#1048 = CARTESIAN_POINT('',(0.443837354312,-1.79218452154));
#1049 = CARTESIAN_POINT('',(0.456917927093,-1.79218452154));
#1050 = CARTESIAN_POINT('',(0.46999849952,-1.79218452154));
#1051 = CARTESIAN_POINT('',(0.496159643192,-1.79218452154));
#1052 = CARTESIAN_POINT('',(0.509240215619,-1.79218452154));
#1053 = CARTESIAN_POINT('',(0.5223207884,-1.79218452154));
#1054 = CARTESIAN_POINT('',(0.535401361301,-1.79218452154));
#1055 = CARTESIAN_POINT('',(0.548481934082,-1.79218452154));
#1056 = CARTESIAN_POINT('',(0.561562506509,-1.79218452154));
#1057 = CARTESIAN_POINT('',(0.587272596054,-1.79218452154));
#1058 = CARTESIAN_POINT('',(0.59990211426,-1.79218452154));
#1059 = CARTESIAN_POINT('',(0.612531632763,-1.79218452154));
#1060 = CARTESIAN_POINT('',(0.625161151365,-1.79218452154));
#1061 = CARTESIAN_POINT('',(0.637790669868,-1.79218452154));
#1062 = CARTESIAN_POINT('',(0.650420188074,-1.79218452154));
#1063 = CARTESIAN_POINT('',(0.674326061042,-1.79218452154));
#1064 = CARTESIAN_POINT('',(0.685602416582,-1.79218452154));
#1065 = CARTESIAN_POINT('',(0.696878772292,-1.79218452154));
#1066 = CARTESIAN_POINT('',(0.708155128057,-1.79218452154));
#1067 = CARTESIAN_POINT('',(0.719431483767,-1.79218452154));
#1068 = CARTESIAN_POINT('',(0.730707839307,-1.79218452154));
#1069 = CARTESIAN_POINT('',(0.754162658136,-1.79218452154));
#1070 = CARTESIAN_POINT('',(0.76634112212,-1.79218452154));
#1071 = CARTESIAN_POINT('',(0.778519586352,-1.79218452154));
#1072 = CARTESIAN_POINT('',(0.790698050667,-1.79218452154));
#1073 = CARTESIAN_POINT('',(0.802876514899,-1.79218452154));
#1074 = CARTESIAN_POINT('',(0.815054978883,-1.79218452154));
#1075 = CARTESIAN_POINT('',(0.840314014288,-1.79218452154));
#1076 = CARTESIAN_POINT('',(0.853394586715,-1.79218452154));
#1077 = CARTESIAN_POINT('',(0.866475159497,-1.79218452154));
#1078 = CARTESIAN_POINT('',(0.879555732397,-1.79218452154));
#1079 = CARTESIAN_POINT('',(0.892636305179,-1.79218452154));
#1080 = CARTESIAN_POINT('',(0.905716877606,-1.79218452154));
#1081 = CARTESIAN_POINT('',(0.931426967151,-1.79218452154));
#1082 = CARTESIAN_POINT('',(0.944056485356,-1.79218452154));
#1083 = CARTESIAN_POINT('',(0.95668600386,-1.79218452154));
#1084 = CARTESIAN_POINT('',(0.969315522462,-1.79218452154));
#1085 = CARTESIAN_POINT('',(0.981945040965,-1.79218452154));
#1086 = CARTESIAN_POINT('',(0.99457455917,-1.79218452154));
#1087 = CARTESIAN_POINT('',(1.020284648715,-1.79218452154));
#1088 = CARTESIAN_POINT('',(1.033365221142,-1.79218452154));
#1089 = CARTESIAN_POINT('',(1.046445793924,-1.79218452154));
#1090 = CARTESIAN_POINT('',(1.059526366824,-1.79218452154));
#1091 = CARTESIAN_POINT('',(1.072606939606,-1.79218452154));
#1092 = CARTESIAN_POINT('',(1.085687512033,-1.79218452154));
#1093 = CARTESIAN_POINT('',(1.111848655704,-1.79218452154));
#1094 = CARTESIAN_POINT('',(1.124929228131,-1.79218452154));
#1095 = CARTESIAN_POINT('',(1.138009800913,-1.79218452154));
#1096 = CARTESIAN_POINT('',(1.151090373813,-1.79218452154));
#1097 = CARTESIAN_POINT('',(1.164170946595,-1.79218452154));
#1098 = CARTESIAN_POINT('',(1.177251519022,-1.79218452154));
#1099 = CARTESIAN_POINT('',(1.203412662693,-1.79218452154));
#1100 = CARTESIAN_POINT('',(1.21649323512,-1.79218452154));
#1101 = CARTESIAN_POINT('',(1.229573807902,-1.79218452154));
#1102 = CARTESIAN_POINT('',(1.242654380802,-1.79218452154));
#1103 = CARTESIAN_POINT('',(1.255734953584,-1.79218452154));
#1104 = CARTESIAN_POINT('',(1.268815526011,-1.79218452154));
#1105 = CARTESIAN_POINT('',(1.289112965362,-1.79218452154));
#1106 = CARTESIAN_POINT('',(1.296329832908,-1.79218452154));
#1107 = CARTESIAN_POINT('',(1.303546700472,-1.79218452154));
#1108 = CARTESIAN_POINT('',(1.310763568043,-1.79218452154));
#1109 = CARTESIAN_POINT('',(1.317980435607,-1.79218452154));
#1110 = CARTESIAN_POINT('',(1.325197303153,-1.79218452154));
#1111 = CARTESIAN_POINT('',(1.345043688377,-1.79218452154));
#1112 = CARTESIAN_POINT('',(1.357673206583,-1.79218452154));
#1113 = CARTESIAN_POINT('',(1.370302725086,-1.79218452154));
#1114 = CARTESIAN_POINT('',(1.382932243688,-1.79218452154));
#1115 = CARTESIAN_POINT('',(1.395561762191,-1.79218452154));
#1116 = CARTESIAN_POINT('',(1.408191280397,-1.79218452154));
#1117 = CARTESIAN_POINT('',(1.432548207525,-1.79218452154));
#1118 = CARTESIAN_POINT('',(1.444275617288,-1.79218452154));
#1119 = CARTESIAN_POINT('',(1.456003027255,-1.79218452154));
#1120 = CARTESIAN_POINT('',(1.467730437292,-1.79218452154));
#1121 = CARTESIAN_POINT('',(1.479457847259,-1.79218452154));
#1122 = CARTESIAN_POINT('',(1.491185257021,-1.79218452154));
#1123 = CARTESIAN_POINT('',(1.515993238277,-1.79218452154));
#1124 = CARTESIAN_POINT('',(1.529073810704,-1.79218452154));
#1125 = CARTESIAN_POINT('',(1.542154383485,-1.79218452154));
#1126 = CARTESIAN_POINT('',(1.555234956386,-1.79218452154));
#1127 = CARTESIAN_POINT('',(1.568315529167,-1.79218452154));
#1128 = CARTESIAN_POINT('',(1.581396101594,-1.79218452154));
#1129 = CARTESIAN_POINT('',(1.607557245266,-1.79218452154));
#1130 = CARTESIAN_POINT('',(1.620637817693,-1.79218452154));
#1131 = CARTESIAN_POINT('',(1.633718390474,-1.79218452154));
#1132 = CARTESIAN_POINT('',(1.646798963375,-1.79218452154));
#1133 = CARTESIAN_POINT('',(1.659879536156,-1.79218452154));
#1134 = CARTESIAN_POINT('',(1.672960108583,-1.79218452154));
#1135 = CARTESIAN_POINT('',(1.698670198128,-1.79218452154));
#1136 = CARTESIAN_POINT('',(1.711299716334,-1.79218452154));
#1137 = CARTESIAN_POINT('',(1.723929234837,-1.79218452154));
#1138 = CARTESIAN_POINT('',(1.736558753439,-1.79218452154));
#1139 = CARTESIAN_POINT('',(1.749188271942,-1.79218452154));
#1140 = CARTESIAN_POINT('',(1.761817790148,-1.79218452154));
#1141 = CARTESIAN_POINT('',(1.787527879692,-1.79218452154));
#1142 = CARTESIAN_POINT('',(1.800608452119,-1.79218452154));
#1143 = CARTESIAN_POINT('',(1.813689024901,-1.79218452154));
#1144 = CARTESIAN_POINT('',(1.826769597801,-1.79218452154));
#1145 = CARTESIAN_POINT('',(1.839850170583,-1.79218452154));
#1146 = CARTESIAN_POINT('',(1.85293074301,-1.79218452154));
#1147 = CARTESIAN_POINT('',(1.876385561757,-1.79218452154));
#1148 = CARTESIAN_POINT('',(1.886759808855,-1.79218452154));
#1149 = CARTESIAN_POINT('',(1.897134056063,-1.79218452154));
#1150 = CARTESIAN_POINT('',(1.907508303309,-1.79218452154));
#1151 = CARTESIAN_POINT('',(1.917882550518,-1.79218452154));
#1152 = CARTESIAN_POINT('',(1.928256797615,-1.79218452154));
#1153 = CARTESIAN_POINT('',(1.951711616362,-1.79218452154));
#1154 = CARTESIAN_POINT('',(1.964792188789,-1.79218452154));
#1155 = CARTESIAN_POINT('',(1.977872761571,-1.79218452154));
#1156 = CARTESIAN_POINT('',(1.990953334471,-1.79218452154));
#1157 = CARTESIAN_POINT('',(2.004033907253,-1.79218452154));
#1158 = CARTESIAN_POINT('',(2.01711447968,-1.79218452154));
#1159 = CARTESIAN_POINT('',(2.039667190052,-1.79218452154));
#1160 = CARTESIAN_POINT('',(2.049139328706,-1.79218452154));
#1161 = CARTESIAN_POINT('',(2.058611467431,-1.79218452154));
#1162 = CARTESIAN_POINT('',(2.068083606179,-1.79218452154));
#1163 = CARTESIAN_POINT('',(2.077555744904,-1.79218452154));
#1164 = CARTESIAN_POINT('',(2.087027883558,-1.79218452154));
#1165 = CARTESIAN_POINT('',(2.108227431514,-1.79218452154));
#1166 = CARTESIAN_POINT('',(2.119954841276,-1.79218452154));
#1167 = CARTESIAN_POINT('',(2.131682251243,-1.79218452154));
#1168 = CARTESIAN_POINT('',(2.14340966128,-1.79218452154));
#1169 = CARTESIAN_POINT('',(2.155137071247,-1.79218452154));
#1170 = CARTESIAN_POINT('',(2.16686448101,-1.79218452154));
#1171 = CARTESIAN_POINT('',(2.191672462265,-1.79218452154));
#1172 = CARTESIAN_POINT('',(2.204753034692,-1.79218452154));
#1173 = CARTESIAN_POINT('',(2.217833607474,-1.79218452154));
#1174 = CARTESIAN_POINT('',(2.230914180374,-1.79218452154));
#1175 = CARTESIAN_POINT('',(2.243994753156,-1.79218452154));
#1176 = CARTESIAN_POINT('',(2.257075325583,-1.79218452154));
#1177 = CARTESIAN_POINT('',(2.283236469254,-1.79218452154));
#1178 = CARTESIAN_POINT('',(2.296317041681,-1.79218452154));
#1179 = CARTESIAN_POINT('',(2.309397614463,-1.79218452154));
#1180 = CARTESIAN_POINT('',(2.322478187363,-1.79218452154));
#1181 = CARTESIAN_POINT('',(2.335558760145,-1.79218452154));
#1182 = CARTESIAN_POINT('',(2.348639332572,-1.79218452154));
#1183 = CARTESIAN_POINT('',(2.374800476243,-1.79218452154));
#1184 = CARTESIAN_POINT('',(2.38788104867,-1.79218452154));
#1185 = CARTESIAN_POINT('',(2.400961621452,-1.79218452154));
#1186 = CARTESIAN_POINT('',(2.414042194352,-1.79218452154));
#1187 = CARTESIAN_POINT('',(2.427122767134,-1.79218452154));
#1188 = CARTESIAN_POINT('',(2.440203339561,-1.79218452154));
#1189 = CARTESIAN_POINT('',(2.465462374966,-1.79218452154));
#1190 = CARTESIAN_POINT('',(2.47764083895,-1.79218452154));
#1191 = CARTESIAN_POINT('',(2.489819303182,-1.79218452154));
#1192 = CARTESIAN_POINT('',(2.501997767497,-1.79218452154));
#1193 = CARTESIAN_POINT('',(2.514176231729,-1.79218452154));
#1194 = CARTESIAN_POINT('',(2.526354695713,-1.79218452154));
#1195 = CARTESIAN_POINT('',(2.551613731118,-1.79218452154));
#1196 = CARTESIAN_POINT('',(2.564694303545,-1.79218452154));
#1197 = CARTESIAN_POINT('',(2.577774876327,-1.79218452154));
#1198 = CARTESIAN_POINT('',(2.590855449227,-1.79218452154));
#1199 = CARTESIAN_POINT('',(2.603936022009,-1.79218452154));
#1200 = CARTESIAN_POINT('',(2.617016594436,-1.79218452154));
#1201 = CARTESIAN_POINT('',(2.643177738107,-1.79218452154));
#1202 = CARTESIAN_POINT('',(2.656258310534,-1.79218452154));
#1203 = CARTESIAN_POINT('',(2.669338883316,-1.79218452154));
#1204 = CARTESIAN_POINT('',(2.682419456216,-1.79218452154));
#1205 = CARTESIAN_POINT('',(2.695500028998,-1.79218452154));
#1206 = CARTESIAN_POINT('',(2.708580601425,-1.79218452154));
#1207 = CARTESIAN_POINT('',(2.734741745096,-1.79218452154));
#1208 = CARTESIAN_POINT('',(2.747822317523,-1.79218452154));
#1209 = CARTESIAN_POINT('',(2.760902890305,-1.79218452154));
#1210 = CARTESIAN_POINT('',(2.773983463205,-1.79218452154));
#1211 = CARTESIAN_POINT('',(2.787064035987,-1.79218452154));
#1212 = CARTESIAN_POINT('',(2.800144608414,-1.79218452154));
#1213 = CARTESIAN_POINT('',(2.82540364382,-1.79218452154));
#1214 = CARTESIAN_POINT('',(2.837582107804,-1.79218452154));
#1215 = CARTESIAN_POINT('',(2.849760572036,-1.79218452154));
#1216 = CARTESIAN_POINT('',(2.86193903635,-1.79218452154));
#1217 = CARTESIAN_POINT('',(2.874117500582,-1.79218452154));
#1218 = CARTESIAN_POINT('',(2.886295964566,-1.79218452154));
#1219 = CARTESIAN_POINT('',(2.911554999972,-1.79218452154));
#1220 = CARTESIAN_POINT('',(2.924635572399,-1.79218452154));
#1221 = CARTESIAN_POINT('',(2.937716145181,-1.79218452154));
#1222 = CARTESIAN_POINT('',(2.950796718081,-1.79218452154));
#1223 = CARTESIAN_POINT('',(2.963877290863,-1.79218452154));
#1224 = CARTESIAN_POINT('',(2.97695786329,-1.79218452154));
#1225 = CARTESIAN_POINT('',(3.003119006961,-1.79218452154));
#1226 = CARTESIAN_POINT('',(3.016199579388,-1.79218452154));
#1227 = CARTESIAN_POINT('',(3.02928015217,-1.79218452154));
#1228 = CARTESIAN_POINT('',(3.04236072507,-1.79218452154));
#1229 = CARTESIAN_POINT('',(3.055441297852,-1.79218452154));
#1230 = CARTESIAN_POINT('',(3.068521870279,-1.79218452154));
#1231 = CARTESIAN_POINT('',(3.09468301395,-1.79218452154));
#1232 = CARTESIAN_POINT('',(3.107763586377,-1.79218452154));
#1233 = CARTESIAN_POINT('',(3.120844159159,-1.79218452154));
#1234 = CARTESIAN_POINT('',(3.133924732059,-1.79218452154));
#1235 = CARTESIAN_POINT('',(3.147005304841,-1.79218452154));
#1236 = CARTESIAN_POINT('',(3.160085877268,-1.79218452154));
#1237 = CARTESIAN_POINT('',(3.184442804362,-1.79218452154));
#1238 = CARTESIAN_POINT('',(3.195719159903,-1.79218452154));
#1239 = CARTESIAN_POINT('',(3.206995515612,-1.79218452154));
#1240 = CARTESIAN_POINT('',(3.218271871378,-1.79218452154));
#1241 = CARTESIAN_POINT('',(3.229548227087,-1.79218452154));
#1242 = CARTESIAN_POINT('',(3.240824582628,-1.79218452154));
#1243 = CARTESIAN_POINT('',(3.265181509723,-1.79218452154));
#1244 = CARTESIAN_POINT('',(3.27826208215,-1.79218452154));
#1245 = CARTESIAN_POINT('',(3.291342654931,-1.79218452154));
#1246 = CARTESIAN_POINT('',(3.304423227832,-1.79218452154));
#1247 = CARTESIAN_POINT('',(3.317503800613,-1.79218452154));
#1248 = CARTESIAN_POINT('',(3.33058437304,-1.79218452154));
#1249 = CARTESIAN_POINT('',(3.356745516712,-1.79218452154));
#1250 = CARTESIAN_POINT('',(3.369826089139,-1.79218452154));
#1251 = CARTESIAN_POINT('',(3.38290666192,-1.79218452154));
#1252 = CARTESIAN_POINT('',(3.395987234821,-1.79218452154));
#1253 = CARTESIAN_POINT('',(3.409067807602,-1.79218452154));
#1254 = CARTESIAN_POINT('',(3.422148380029,-1.79218452154));
#1255 = CARTESIAN_POINT('',(3.448309523701,-1.79218452154));
#1256 = CARTESIAN_POINT('',(3.461390096128,-1.79218452154));
#1257 = CARTESIAN_POINT('',(3.47447066891,-1.79218452154));
#1258 = CARTESIAN_POINT('',(3.48755124181,-1.79218452154));
#1259 = CARTESIAN_POINT('',(3.500631814592,-1.79218452154));
#1260 = CARTESIAN_POINT('',(3.513712387019,-1.79218452154));
#1261 = CARTESIAN_POINT('',(3.53987353069,-1.79218452154));
#1262 = CARTESIAN_POINT('',(3.552954103117,-1.79218452154));
#1263 = CARTESIAN_POINT('',(3.566034675899,-1.79218452154));
#1264 = CARTESIAN_POINT('',(3.579115248799,-1.79218452154));
#1265 = CARTESIAN_POINT('',(3.592195821581,-1.79218452154));
#1266 = CARTESIAN_POINT('',(3.605276394008,-1.79218452154));
#1267 = CARTESIAN_POINT('',(3.631437537679,-1.79218452154));
#1268 = CARTESIAN_POINT('',(3.644518110106,-1.79218452154));
#1269 = CARTESIAN_POINT('',(3.657598682888,-1.79218452154));
#1270 = CARTESIAN_POINT('',(3.670679255788,-1.79218452154));
#1271 = CARTESIAN_POINT('',(3.68375982857,-1.79218452154));
#1272 = CARTESIAN_POINT('',(3.696840400997,-1.79218452154));
#1273 = CARTESIAN_POINT('',(3.722099436402,-1.79218452154));
#1274 = CARTESIAN_POINT('',(3.734277900386,-1.79218452154));
#1275 = CARTESIAN_POINT('',(3.746456364618,-1.79218452154));
#1276 = CARTESIAN_POINT('',(3.758634828933,-1.79218452154));
#1277 = CARTESIAN_POINT('',(3.770813293165,-1.79218452154));
#1278 = CARTESIAN_POINT('',(3.782991757149,-1.79218452154));
#1279 = CARTESIAN_POINT('',(3.807799738428,-1.79218452154));
#1280 = CARTESIAN_POINT('',(3.820429256633,-1.79218452154));
#1281 = CARTESIAN_POINT('',(3.833058775136,-1.79218452154));
#1282 = CARTESIAN_POINT('',(3.845688293739,-1.79218452154));
#1283 = CARTESIAN_POINT('',(3.858317812242,-1.79218452154));
#1284 = CARTESIAN_POINT('',(3.870947330447,-1.79218452154));
#1285 = CARTESIAN_POINT('',(3.896657419992,-1.79218452154));
#1286 = CARTESIAN_POINT('',(3.909737992419,-1.79218452154));
#1287 = CARTESIAN_POINT('',(3.922818565201,-1.79218452154));
#1288 = CARTESIAN_POINT('',(3.935899138101,-1.79218452154));
#1289 = CARTESIAN_POINT('',(3.948979710883,-1.79218452154));
#1290 = CARTESIAN_POINT('',(3.96206028331,-1.79218452154));
#1291 = CARTESIAN_POINT('',(3.987770372854,-1.79218452154));
#1292 = CARTESIAN_POINT('',(4.00039989106,-1.79218452154));
#1293 = CARTESIAN_POINT('',(4.013029409563,-1.79218452154));
#1294 = CARTESIAN_POINT('',(4.025658928165,-1.79218452154));
#1295 = CARTESIAN_POINT('',(4.038288446669,-1.79218452154));
#1296 = CARTESIAN_POINT('',(4.050917964874,-1.79218452154));
#1297 = CARTESIAN_POINT('',(4.076628054419,-1.79218452154));
#1298 = CARTESIAN_POINT('',(4.089708626846,-1.79218452154));
#1299 = CARTESIAN_POINT('',(4.102789199627,-1.79218452154));
#1300 = CARTESIAN_POINT('',(4.115869772528,-1.79218452154));
#1301 = CARTESIAN_POINT('',(4.128950345309,-1.79218452154));
#1302 = CARTESIAN_POINT('',(4.142030917737,-1.79218452154));
#1303 = CARTESIAN_POINT('',(4.167289953142,-1.79218452154));
#1304 = CARTESIAN_POINT('',(4.179468417126,-1.79218452154));
#1305 = CARTESIAN_POINT('',(4.191646881358,-1.79218452154));
#1306 = CARTESIAN_POINT('',(4.203825345673,-1.79218452154));
#1307 = CARTESIAN_POINT('',(4.216003809905,-1.79218452154));
#1308 = CARTESIAN_POINT('',(4.228182273888,-1.79218452154));
#1309 = CARTESIAN_POINT('',(4.253441309294,-1.79218452154));
#1310 = CARTESIAN_POINT('',(4.266521881721,-1.79218452154));
#1311 = CARTESIAN_POINT('',(4.279602454503,-1.79218452154));
#1312 = CARTESIAN_POINT('',(4.292683027403,-1.79218452154));
#1313 = CARTESIAN_POINT('',(4.305763600185,-1.79218452154));
#1314 = CARTESIAN_POINT('',(4.318844172612,-1.79218452154));
#1315 = CARTESIAN_POINT('',(4.345005316283,-1.79218452154));
#1316 = CARTESIAN_POINT('',(4.35808588871,-1.79218452154));
#1317 = CARTESIAN_POINT('',(4.371166461492,-1.79218452154));
#1318 = CARTESIAN_POINT('',(4.384247034392,-1.79218452154));
#1319 = CARTESIAN_POINT('',(4.397327607174,-1.79218452154));
#1320 = CARTESIAN_POINT('',(4.410408179601,-1.79218452154));
#1321 = CARTESIAN_POINT('',(4.436569323272,-1.79218452154));
#1322 = CARTESIAN_POINT('',(4.449649895699,-1.79218452154));
#1323 = CARTESIAN_POINT('',(4.462730468481,-1.79218452154));
#1324 = CARTESIAN_POINT('',(4.475811041381,-1.79218452154));
#1325 = CARTESIAN_POINT('',(4.488891614163,-1.79218452154));
#1326 = CARTESIAN_POINT('',(4.50197218659,-1.79218452154));
#1327 = CARTESIAN_POINT('',(4.528133330261,-1.79218452154));
#1328 = CARTESIAN_POINT('',(4.541213902688,-1.79218452154));
#1329 = CARTESIAN_POINT('',(4.55429447547,-1.79218452154));
#1330 = CARTESIAN_POINT('',(4.56737504837,-1.79218452154));
#1331 = CARTESIAN_POINT('',(4.580455621152,-1.79218452154));
#1332 = CARTESIAN_POINT('',(4.593536193579,-1.79218452154));
#1333 = CARTESIAN_POINT('',(4.61969733725,-1.79218452154));
#1334 = CARTESIAN_POINT('',(4.632777909677,-1.79218452154));
#1335 = CARTESIAN_POINT('',(4.645858482459,-1.79218452154));
#1336 = CARTESIAN_POINT('',(4.658939055359,-1.79218452154));
#1337 = CARTESIAN_POINT('',(4.672019628141,-1.79218452154));
#1338 = CARTESIAN_POINT('',(4.685100200568,-1.79218452154));
#1339 = CARTESIAN_POINT('',(4.710810290113,-1.79218452154));
#1340 = CARTESIAN_POINT('',(4.723439808318,-1.79218452154));
#1341 = CARTESIAN_POINT('',(4.736069326821,-1.79218452154));
#1342 = CARTESIAN_POINT('',(4.748698845424,-1.79218452154));
#1343 = CARTESIAN_POINT('',(4.761328363927,-1.79218452154));
#1344 = CARTESIAN_POINT('',(4.773957882132,-1.79218452154));
#1345 = CARTESIAN_POINT('',(4.799667971677,-1.79218452154));
#1346 = CARTESIAN_POINT('',(4.812748544104,-1.79218452154));
#1347 = CARTESIAN_POINT('',(4.825829116886,-1.79218452154));
#1348 = CARTESIAN_POINT('',(4.838909689786,-1.79218452154));
#1349 = CARTESIAN_POINT('',(4.851990262568,-1.79218452154));
#1350 = CARTESIAN_POINT('',(4.865070834995,-1.79218452154));
#1351 = CARTESIAN_POINT('',(4.891231978666,-1.79218452154));
#1352 = CARTESIAN_POINT('',(4.904312551093,-1.79218452154));
#1353 = CARTESIAN_POINT('',(4.917393123875,-1.79218452154));
#1354 = CARTESIAN_POINT('',(4.930473696775,-1.79218452154));
#1355 = CARTESIAN_POINT('',(4.943554269557,-1.79218452154));
#1356 = CARTESIAN_POINT('',(4.956634841984,-1.79218452154));
#1357 = CARTESIAN_POINT('',(4.982795985655,-1.79218452154));
#1358 = CARTESIAN_POINT('',(4.995876558082,-1.79218452154));
#1359 = CARTESIAN_POINT('',(5.008957130864,-1.79218452154));
#1360 = CARTESIAN_POINT('',(5.022037703764,-1.79218452154));
#1361 = CARTESIAN_POINT('',(5.035118276546,-1.79218452154));
#1362 = CARTESIAN_POINT('',(5.048198848973,-1.79218452154));
#1363 = CARTESIAN_POINT('',(5.074359992644,-1.79218452154));
#1364 = CARTESIAN_POINT('',(5.087440565071,-1.79218452154));
#1365 = CARTESIAN_POINT('',(5.100521137853,-1.79218452154));
#1366 = CARTESIAN_POINT('',(5.113601710753,-1.79218452154));
#1367 = CARTESIAN_POINT('',(5.126682283535,-1.79218452154));
#1368 = CARTESIAN_POINT('',(5.139762855962,-1.79218452154));
#1369 = CARTESIAN_POINT('',(5.165923999633,-1.79218452154));
#1370 = CARTESIAN_POINT('',(5.17900457206,-1.79218452154));
#1371 = CARTESIAN_POINT('',(5.192085144842,-1.79218452154));
#1372 = CARTESIAN_POINT('',(5.205165717742,-1.79218452154));
#1373 = CARTESIAN_POINT('',(5.218246290524,-1.79218452154));
#1374 = CARTESIAN_POINT('',(5.231326862951,-1.79218452154));
#1375 = CARTESIAN_POINT('',(5.257488006622,-1.79218452154));
#1376 = CARTESIAN_POINT('',(5.270568579049,-1.79218452154));
#1377 = CARTESIAN_POINT('',(5.283649151831,-1.79218452154));
#1378 = CARTESIAN_POINT('',(5.296729724731,-1.79218452154));
#1379 = CARTESIAN_POINT('',(5.309810297513,-1.79218452154));
#1380 = CARTESIAN_POINT('',(5.32289086994,-1.79218452154));
#1381 = CARTESIAN_POINT('',(5.349052013611,-1.79218452154));
#1382 = CARTESIAN_POINT('',(5.362132586038,-1.79218452154));
#1383 = CARTESIAN_POINT('',(5.37521315882,-1.79218452154));
#1384 = CARTESIAN_POINT('',(5.38829373172,-1.79218452154));
#1385 = CARTESIAN_POINT('',(5.401374304502,-1.79218452154));
#1386 = CARTESIAN_POINT('',(5.414454876929,-1.79218452154));
#1387 = CARTESIAN_POINT('',(5.4406160206,-1.79218452154));
#1388 = CARTESIAN_POINT('',(5.453696593027,-1.79218452154));
#1389 = CARTESIAN_POINT('',(5.466777165809,-1.79218452154));
#1390 = CARTESIAN_POINT('',(5.479857738709,-1.79218452154));
#1391 = CARTESIAN_POINT('',(5.492938311491,-1.79218452154));
#1392 = CARTESIAN_POINT('',(5.506018883918,-1.79218452154));
#1393 = CARTESIAN_POINT('',(5.531277919324,-1.79218452154));
#1394 = CARTESIAN_POINT('',(5.543456383308,-1.79218452154));
#1395 = CARTESIAN_POINT('',(5.55563484754,-1.79218452154));
#1396 = CARTESIAN_POINT('',(5.567813311854,-1.79218452154));
#1397 = CARTESIAN_POINT('',(5.579991776086,-1.79218452154));
#1398 = CARTESIAN_POINT('',(5.59217024007,-1.79218452154));
#1399 = CARTESIAN_POINT('',(5.701312954793,-1.79218452154));
#1400 = CARTESIAN_POINT('',(5.798315425807,-1.79218452154));
#1401 = CARTESIAN_POINT('',(5.895286518647,-1.79218452154));
#1402 = CARTESIAN_POINT('',(5.992247492173,-1.79218452154));
#1403 = CARTESIAN_POINT('',(6.089218585013,-1.79218452154));
#1404 = CARTESIAN_POINT('',(6.186221056027,-1.79218452154));
#1405 = CARTESIAN_POINT('',(6.28318530718,-1.79218452154));
#1406 = ( GEOMETRIC_REPRESENTATION_CONTEXT(2) 
PARAMETRIC_REPRESENTATION_CONTEXT() REPRESENTATION_CONTEXT('2D SPACE',''
  ) );
#1407 = PCURVE('',#1408,#1413);
#1408 = CONICAL_SURFACE('',#1409,8.,0.785398163397);
#1409 = AXIS2_PLACEMENT_3D('',#1410,#1411,#1412);
#1410 = CARTESIAN_POINT('',(-33.33333333333,24.6,50.));
#1411 = DIRECTION('',(9.203377227578E-31,1.,-7.559917008368E-31));
#1412 = DIRECTION('',(4.087120520947E-46,7.559917008368E-31,1.));
#1413 = DEFINITIONAL_REPRESENTATION('',(#1414),#1801);
#1414 = B_SPLINE_CURVE_WITH_KNOTS('',7,(#1415,#1416,#1417,#1418,#1419,
    #1420,#1421,#1422,#1423,#1424,#1425,#1426,#1427,#1428,#1429,#1430,
    #1431,#1432,#1433,#1434,#1435,#1436,#1437,#1438,#1439,#1440,#1441,
    #1442,#1443,#1444,#1445,#1446,#1447,#1448,#1449,#1450,#1451,#1452,
    #1453,#1454,#1455,#1456,#1457,#1458,#1459,#1460,#1461,#1462,#1463,
    #1464,#1465,#1466,#1467,#1468,#1469,#1470,#1471,#1472,#1473,#1474,
    #1475,#1476,#1477,#1478,#1479,#1480,#1481,#1482,#1483,#1484,#1485,
    #1486,#1487,#1488,#1489,#1490,#1491,#1492,#1493,#1494,#1495,#1496,
    #1497,#1498,#1499,#1500,#1501,#1502,#1503,#1504,#1505,#1506,#1507,
    #1508,#1509,#1510,#1511,#1512,#1513,#1514,#1515,#1516,#1517,#1518,
    #1519,#1520,#1521,#1522,#1523,#1524,#1525,#1526,#1527,#1528,#1529,
    #1530,#1531,#1532,#1533,#1534,#1535,#1536,#1537,#1538,#1539,#1540,
    #1541,#1542,#1543,#1544,#1545,#1546,#1547,#1548,#1549,#1550,#1551,
    #1552,#1553,#1554,#1555,#1556,#1557,#1558,#1559,#1560,#1561,#1562,
    #1563,#1564,#1565,#1566,#1567,#1568,#1569,#1570,#1571,#1572,#1573,
    #1574,#1575,#1576,#1577,#1578,#1579,#1580,#1581,#1582,#1583,#1584,
    #1585,#1586,#1587,#1588,#1589,#1590,#1591,#1592,#1593,#1594,#1595,
    #1596,#1597,#1598,#1599,#1600,#1601,#1602,#1603,#1604,#1605,#1606,
    #1607,#1608,#1609,#1610,#1611,#1612,#1613,#1614,#1615,#1616,#1617,
    #1618,#1619,#1620,#1621,#1622,#1623,#1624,#1625,#1626,#1627,#1628,
    #1629,#1630,#1631,#1632,#1633,#1634,#1635,#1636,#1637,#1638,#1639,
    #1640,#1641,#1642,#1643,#1644,#1645,#1646,#1647,#1648,#1649,#1650,
    #1651,#1652,#1653,#1654,#1655,#1656,#1657,#1658,#1659,#1660,#1661,
    #1662,#1663,#1664,#1665,#1666,#1667,#1668,#1669,#1670,#1671,#1672,
    #1673,#1674,#1675,#1676,#1677,#1678,#1679,#1680,#1681,#1682,#1683,
    #1684,#1685,#1686,#1687,#1688,#1689,#1690,#1691,#1692,#1693,#1694,
    #1695,#1696,#1697,#1698,#1699,#1700,#1701,#1702,#1703,#1704,#1705,
    #1706,#1707,#1708,#1709,#1710,#1711,#1712,#1713,#1714,#1715,#1716,
    #1717,#1718,#1719,#1720,#1721,#1722,#1723,#1724,#1725,#1726,#1727,
    #1728,#1729,#1730,#1731,#1732,#1733,#1734,#1735,#1736,#1737,#1738,
    #1739,#1740,#1741,#1742,#1743,#1744,#1745,#1746,#1747,#1748,#1749,
    #1750,#1751,#1752,#1753,#1754,#1755,#1756,#1757,#1758,#1759,#1760,
    #1761,#1762,#1763,#1764,#1765,#1766,#1767,#1768,#1769,#1770,#1771,
    #1772,#1773,#1774,#1775,#1776,#1777,#1778,#1779,#1780,#1781,#1782,
    #1783,#1784,#1785,#1786,#1787,#1788,#1789,#1790,#1791,#1792,#1793,
    #1794,#1795,#1796,#1797,#1798,#1799,#1800),.UNSPECIFIED.,.F.,.F.,(8,
    6,6,6,6,6,6,6,6,6,6,6,6,6,6,6,6,6,6,6,6,6,6,6,6,6,6,6,6,6,6,6,6,6,6,
    6,6,6,6,6,6,6,6,6,6,6,6,6,6,6,6,6,6,6,6,6,6,6,6,6,6,6,6,6,8),(0.,
    1.859295713105E-02,3.3166026687E-02,4.773909624296E-02,
    6.231216579892E-02,7.688523535488E-02,9.145830491085E-02,
    0.10552885491,0.118091846161,0.13165987659,0.146232946146,
    0.160303496145,0.174876565701,0.189449635257,0.204022704813,
    0.212063019381,0.22613356938,0.239199080226,0.253772149782,
    0.268345219338,0.282415769337,0.296988838893,0.308546790926,
    0.323119860482,0.333672773265,0.34673828411,0.361311353666,
    0.375884423222,0.390457492778,0.404025523207,0.418598592763,
    0.433171662319,0.447744731875,0.461312762303,0.475885831859,
    0.490458901415,0.505031970971,0.517594962222,0.532168031778,
    0.546741101334,0.56131417089,0.575887240446,0.590460310002,
    0.604028340431,0.61809889043,0.632671959986,0.646742509985,
    0.661315579541,0.67488360997,0.689456679526,0.704029749082,
    0.718602818638,0.733175888194,0.74774895775,0.761819507749,
    0.776392577305,0.790965646861,0.805538716417,0.820111785973,
    0.834684855529,0.849257925085,0.863830994641,0.878404064197,
    0.891972094626,1.),.UNSPECIFIED.);
#1415 = CARTESIAN_POINT('',(-8.881784197001E-16,-3.));
#1416 = CARTESIAN_POINT('',(1.669005598778E-02,-3.));
#1417 = CARTESIAN_POINT('',(3.337909764753E-02,-3.));
#1418 = CARTESIAN_POINT('',(5.006776083881E-02,-3.));
#1419 = CARTESIAN_POINT('',(6.675644420091E-02,-3.));
#1420 = CARTESIAN_POINT('',(8.344530915275E-02,-3.));
#1421 = CARTESIAN_POINT('',(0.100134279893,-3.));
#1422 = CARTESIAN_POINT('',(0.129903615235,-3.));
#1423 = CARTESIAN_POINT('',(0.142984187662,-3.));
#1424 = CARTESIAN_POINT('',(0.156064760444,-3.));
#1425 = CARTESIAN_POINT('',(0.169145333344,-3.));
#1426 = CARTESIAN_POINT('',(0.182225906126,-3.));
#1427 = CARTESIAN_POINT('',(0.195306478553,-3.));
#1428 = CARTESIAN_POINT('',(0.221467622224,-3.));
#1429 = CARTESIAN_POINT('',(0.234548194651,-3.));
#1430 = CARTESIAN_POINT('',(0.247628767433,-3.));
#1431 = CARTESIAN_POINT('',(0.260709340333,-3.));
#1432 = CARTESIAN_POINT('',(0.273789913115,-3.));
#1433 = CARTESIAN_POINT('',(0.286870485542,-3.));
#1434 = CARTESIAN_POINT('',(0.313031629213,-3.));
#1435 = CARTESIAN_POINT('',(0.326112201641,-3.));
#1436 = CARTESIAN_POINT('',(0.339192774422,-3.));
#1437 = CARTESIAN_POINT('',(0.352273347323,-3.));
#1438 = CARTESIAN_POINT('',(0.365353920104,-3.));
#1439 = CARTESIAN_POINT('',(0.378434492531,-3.));
#1440 = CARTESIAN_POINT('',(0.404595636203,-3.));
#1441 = CARTESIAN_POINT('',(0.41767620863,-3.));
#1442 = CARTESIAN_POINT('',(0.430756781411,-3.));
#1443 = CARTESIAN_POINT('',(0.443837354312,-3.));
#1444 = CARTESIAN_POINT('',(0.456917927093,-3.));
#1445 = CARTESIAN_POINT('',(0.46999849952,-3.));
#1446 = CARTESIAN_POINT('',(0.496159643192,-3.));
#1447 = CARTESIAN_POINT('',(0.509240215619,-3.));
#1448 = CARTESIAN_POINT('',(0.5223207884,-3.));
#1449 = CARTESIAN_POINT('',(0.535401361301,-3.));
#1450 = CARTESIAN_POINT('',(0.548481934082,-3.));
#1451 = CARTESIAN_POINT('',(0.561562506509,-3.));
#1452 = CARTESIAN_POINT('',(0.587272596054,-3.));
#1453 = CARTESIAN_POINT('',(0.59990211426,-3.));
#1454 = CARTESIAN_POINT('',(0.612531632763,-3.));
#1455 = CARTESIAN_POINT('',(0.625161151365,-3.));
#1456 = CARTESIAN_POINT('',(0.637790669868,-3.));
#1457 = CARTESIAN_POINT('',(0.650420188074,-3.));
#1458 = CARTESIAN_POINT('',(0.674326061042,-3.));
#1459 = CARTESIAN_POINT('',(0.685602416582,-3.));
#1460 = CARTESIAN_POINT('',(0.696878772292,-3.));
#1461 = CARTESIAN_POINT('',(0.708155128057,-3.));
#1462 = CARTESIAN_POINT('',(0.719431483767,-3.));
#1463 = CARTESIAN_POINT('',(0.730707839307,-3.));
#1464 = CARTESIAN_POINT('',(0.754162658136,-3.));
#1465 = CARTESIAN_POINT('',(0.76634112212,-3.));
#1466 = CARTESIAN_POINT('',(0.778519586352,-3.));
#1467 = CARTESIAN_POINT('',(0.790698050667,-3.));
#1468 = CARTESIAN_POINT('',(0.802876514899,-3.));
#1469 = CARTESIAN_POINT('',(0.815054978883,-3.));
#1470 = CARTESIAN_POINT('',(0.840314014288,-3.));
#1471 = CARTESIAN_POINT('',(0.853394586715,-3.));
#1472 = CARTESIAN_POINT('',(0.866475159497,-3.));
#1473 = CARTESIAN_POINT('',(0.879555732397,-3.));
#1474 = CARTESIAN_POINT('',(0.892636305179,-3.));
#1475 = CARTESIAN_POINT('',(0.905716877606,-3.));
#1476 = CARTESIAN_POINT('',(0.931426967151,-3.));
#1477 = CARTESIAN_POINT('',(0.944056485356,-3.));
#1478 = CARTESIAN_POINT('',(0.956686003859,-3.));
#1479 = CARTESIAN_POINT('',(0.969315522462,-3.));
#1480 = CARTESIAN_POINT('',(0.981945040965,-3.));
#1481 = CARTESIAN_POINT('',(0.99457455917,-3.));
#1482 = CARTESIAN_POINT('',(1.020284648715,-3.));
#1483 = CARTESIAN_POINT('',(1.033365221142,-3.));
#1484 = CARTESIAN_POINT('',(1.046445793924,-3.));
#1485 = CARTESIAN_POINT('',(1.059526366824,-3.));
#1486 = CARTESIAN_POINT('',(1.072606939606,-3.));
#1487 = CARTESIAN_POINT('',(1.085687512033,-3.));
#1488 = CARTESIAN_POINT('',(1.111848655704,-3.));
#1489 = CARTESIAN_POINT('',(1.124929228131,-3.));
#1490 = CARTESIAN_POINT('',(1.138009800913,-3.));
#1491 = CARTESIAN_POINT('',(1.151090373813,-3.));
#1492 = CARTESIAN_POINT('',(1.164170946595,-3.));
#1493 = CARTESIAN_POINT('',(1.177251519022,-3.));
#1494 = CARTESIAN_POINT('',(1.203412662693,-3.));
#1495 = CARTESIAN_POINT('',(1.21649323512,-3.));
#1496 = CARTESIAN_POINT('',(1.229573807902,-3.));
#1497 = CARTESIAN_POINT('',(1.242654380802,-3.));
#1498 = CARTESIAN_POINT('',(1.255734953584,-3.));
#1499 = CARTESIAN_POINT('',(1.268815526011,-3.));
#1500 = CARTESIAN_POINT('',(1.289112965362,-3.));
#1501 = CARTESIAN_POINT('',(1.296329832908,-3.));
#1502 = CARTESIAN_POINT('',(1.303546700472,-3.));
#1503 = CARTESIAN_POINT('',(1.310763568043,-3.));
#1504 = CARTESIAN_POINT('',(1.317980435607,-3.));
#1505 = CARTESIAN_POINT('',(1.325197303153,-3.));
#1506 = CARTESIAN_POINT('',(1.345043688377,-3.));
#1507 = CARTESIAN_POINT('',(1.357673206583,-3.));
#1508 = CARTESIAN_POINT('',(1.370302725086,-3.));
#1509 = CARTESIAN_POINT('',(1.382932243688,-3.));
#1510 = CARTESIAN_POINT('',(1.395561762191,-3.));
#1511 = CARTESIAN_POINT('',(1.408191280397,-3.));
#1512 = CARTESIAN_POINT('',(1.432548207525,-3.));
#1513 = CARTESIAN_POINT('',(1.444275617288,-3.));
#1514 = CARTESIAN_POINT('',(1.456003027255,-3.));
#1515 = CARTESIAN_POINT('',(1.467730437292,-3.));
#1516 = CARTESIAN_POINT('',(1.479457847259,-3.));
#1517 = CARTESIAN_POINT('',(1.491185257021,-3.));
#1518 = CARTESIAN_POINT('',(1.515993238277,-3.));
#1519 = CARTESIAN_POINT('',(1.529073810704,-3.));
#1520 = CARTESIAN_POINT('',(1.542154383485,-3.));
#1521 = CARTESIAN_POINT('',(1.555234956386,-3.));
#1522 = CARTESIAN_POINT('',(1.568315529167,-3.));
#1523 = CARTESIAN_POINT('',(1.581396101594,-3.));
#1524 = CARTESIAN_POINT('',(1.607557245266,-3.));
#1525 = CARTESIAN_POINT('',(1.620637817693,-3.));
#1526 = CARTESIAN_POINT('',(1.633718390474,-3.));
#1527 = CARTESIAN_POINT('',(1.646798963375,-3.));
#1528 = CARTESIAN_POINT('',(1.659879536156,-3.));
#1529 = CARTESIAN_POINT('',(1.672960108583,-3.));
#1530 = CARTESIAN_POINT('',(1.698670198128,-3.));
#1531 = CARTESIAN_POINT('',(1.711299716334,-3.));
#1532 = CARTESIAN_POINT('',(1.723929234837,-3.));
#1533 = CARTESIAN_POINT('',(1.736558753439,-3.));
#1534 = CARTESIAN_POINT('',(1.749188271942,-3.));
#1535 = CARTESIAN_POINT('',(1.761817790148,-3.));
#1536 = CARTESIAN_POINT('',(1.787527879692,-3.));
#1537 = CARTESIAN_POINT('',(1.800608452119,-3.));
#1538 = CARTESIAN_POINT('',(1.813689024901,-3.));
#1539 = CARTESIAN_POINT('',(1.826769597801,-3.));
#1540 = CARTESIAN_POINT('',(1.839850170583,-3.));
#1541 = CARTESIAN_POINT('',(1.85293074301,-3.));
#1542 = CARTESIAN_POINT('',(1.876385561757,-3.));
#1543 = CARTESIAN_POINT('',(1.886759808855,-3.));
#1544 = CARTESIAN_POINT('',(1.897134056063,-3.));
#1545 = CARTESIAN_POINT('',(1.907508303309,-3.));
#1546 = CARTESIAN_POINT('',(1.917882550518,-3.));
#1547 = CARTESIAN_POINT('',(1.928256797615,-3.));
#1548 = CARTESIAN_POINT('',(1.951711616362,-3.));
#1549 = CARTESIAN_POINT('',(1.964792188789,-3.));
#1550 = CARTESIAN_POINT('',(1.977872761571,-3.));
#1551 = CARTESIAN_POINT('',(1.990953334471,-3.));
#1552 = CARTESIAN_POINT('',(2.004033907253,-3.));
#1553 = CARTESIAN_POINT('',(2.01711447968,-3.));
#1554 = CARTESIAN_POINT('',(2.039667190052,-3.));
#1555 = CARTESIAN_POINT('',(2.049139328706,-3.));
#1556 = CARTESIAN_POINT('',(2.058611467431,-3.));
#1557 = CARTESIAN_POINT('',(2.068083606179,-3.));
#1558 = CARTESIAN_POINT('',(2.077555744904,-3.));
#1559 = CARTESIAN_POINT('',(2.087027883558,-3.));
#1560 = CARTESIAN_POINT('',(2.108227431514,-3.));
#1561 = CARTESIAN_POINT('',(2.119954841276,-3.));
#1562 = CARTESIAN_POINT('',(2.131682251243,-3.));
#1563 = CARTESIAN_POINT('',(2.14340966128,-3.));
#1564 = CARTESIAN_POINT('',(2.155137071247,-3.));
#1565 = CARTESIAN_POINT('',(2.16686448101,-3.));
#1566 = CARTESIAN_POINT('',(2.191672462265,-3.));
#1567 = CARTESIAN_POINT('',(2.204753034692,-3.));
#1568 = CARTESIAN_POINT('',(2.217833607474,-3.));
#1569 = CARTESIAN_POINT('',(2.230914180374,-3.));
#1570 = CARTESIAN_POINT('',(2.243994753156,-3.));
#1571 = CARTESIAN_POINT('',(2.257075325583,-3.));
#1572 = CARTESIAN_POINT('',(2.283236469254,-3.));
#1573 = CARTESIAN_POINT('',(2.296317041681,-3.));
#1574 = CARTESIAN_POINT('',(2.309397614463,-3.));
#1575 = CARTESIAN_POINT('',(2.322478187363,-3.));
#1576 = CARTESIAN_POINT('',(2.335558760145,-3.));
#1577 = CARTESIAN_POINT('',(2.348639332572,-3.));
#1578 = CARTESIAN_POINT('',(2.374800476243,-3.));
#1579 = CARTESIAN_POINT('',(2.38788104867,-3.));
#1580 = CARTESIAN_POINT('',(2.400961621452,-3.));
#1581 = CARTESIAN_POINT('',(2.414042194352,-3.));
#1582 = CARTESIAN_POINT('',(2.427122767134,-3.));
#1583 = CARTESIAN_POINT('',(2.440203339561,-3.));
#1584 = CARTESIAN_POINT('',(2.465462374966,-3.));
#1585 = CARTESIAN_POINT('',(2.47764083895,-3.));
#1586 = CARTESIAN_POINT('',(2.489819303182,-3.));
#1587 = CARTESIAN_POINT('',(2.501997767497,-3.));
#1588 = CARTESIAN_POINT('',(2.514176231729,-3.));
#1589 = CARTESIAN_POINT('',(2.526354695713,-3.));
#1590 = CARTESIAN_POINT('',(2.551613731118,-3.));
#1591 = CARTESIAN_POINT('',(2.564694303545,-3.));
#1592 = CARTESIAN_POINT('',(2.577774876327,-3.));
#1593 = CARTESIAN_POINT('',(2.590855449227,-3.));
#1594 = CARTESIAN_POINT('',(2.603936022009,-3.));
#1595 = CARTESIAN_POINT('',(2.617016594436,-3.));
#1596 = CARTESIAN_POINT('',(2.643177738107,-3.));
#1597 = CARTESIAN_POINT('',(2.656258310534,-3.));
#1598 = CARTESIAN_POINT('',(2.669338883316,-3.));
#1599 = CARTESIAN_POINT('',(2.682419456216,-3.));
#1600 = CARTESIAN_POINT('',(2.695500028998,-3.));
#1601 = CARTESIAN_POINT('',(2.708580601425,-3.));
#1602 = CARTESIAN_POINT('',(2.734741745096,-3.));
#1603 = CARTESIAN_POINT('',(2.747822317523,-3.));
#1604 = CARTESIAN_POINT('',(2.760902890305,-3.));
#1605 = CARTESIAN_POINT('',(2.773983463205,-3.));
#1606 = CARTESIAN_POINT('',(2.787064035987,-3.));
#1607 = CARTESIAN_POINT('',(2.800144608414,-3.));
#1608 = CARTESIAN_POINT('',(2.82540364382,-3.));
#1609 = CARTESIAN_POINT('',(2.837582107804,-3.));
#1610 = CARTESIAN_POINT('',(2.849760572036,-3.));
#1611 = CARTESIAN_POINT('',(2.86193903635,-3.));
#1612 = CARTESIAN_POINT('',(2.874117500582,-3.));
#1613 = CARTESIAN_POINT('',(2.886295964566,-3.));
#1614 = CARTESIAN_POINT('',(2.911554999972,-3.));
#1615 = CARTESIAN_POINT('',(2.924635572399,-3.));
#1616 = CARTESIAN_POINT('',(2.937716145181,-3.));
#1617 = CARTESIAN_POINT('',(2.950796718081,-3.));
#1618 = CARTESIAN_POINT('',(2.963877290863,-3.));
#1619 = CARTESIAN_POINT('',(2.97695786329,-3.));
#1620 = CARTESIAN_POINT('',(3.003119006961,-3.));
#1621 = CARTESIAN_POINT('',(3.016199579388,-3.));
#1622 = CARTESIAN_POINT('',(3.02928015217,-3.));
#1623 = CARTESIAN_POINT('',(3.04236072507,-3.));
#1624 = CARTESIAN_POINT('',(3.055441297852,-3.));
#1625 = CARTESIAN_POINT('',(3.068521870279,-3.));
#1626 = CARTESIAN_POINT('',(3.09468301395,-3.));
#1627 = CARTESIAN_POINT('',(3.107763586377,-3.));
#1628 = CARTESIAN_POINT('',(3.120844159159,-3.));
#1629 = CARTESIAN_POINT('',(3.133924732059,-3.));
#1630 = CARTESIAN_POINT('',(3.147005304841,-3.));
#1631 = CARTESIAN_POINT('',(3.160085877268,-3.));
#1632 = CARTESIAN_POINT('',(3.184442804362,-3.));
#1633 = CARTESIAN_POINT('',(3.195719159903,-3.));
#1634 = CARTESIAN_POINT('',(3.206995515612,-3.));
#1635 = CARTESIAN_POINT('',(3.218271871378,-3.));
#1636 = CARTESIAN_POINT('',(3.229548227087,-3.));
#1637 = CARTESIAN_POINT('',(3.240824582628,-3.));
#1638 = CARTESIAN_POINT('',(3.265181509723,-3.));
#1639 = CARTESIAN_POINT('',(3.27826208215,-3.));
#1640 = CARTESIAN_POINT('',(3.291342654931,-3.));
#1641 = CARTESIAN_POINT('',(3.304423227832,-3.));
#1642 = CARTESIAN_POINT('',(3.317503800613,-3.));
#1643 = CARTESIAN_POINT('',(3.33058437304,-3.));
#1644 = CARTESIAN_POINT('',(3.356745516712,-3.));
#1645 = CARTESIAN_POINT('',(3.369826089139,-3.));
#1646 = CARTESIAN_POINT('',(3.38290666192,-3.));
#1647 = CARTESIAN_POINT('',(3.395987234821,-3.));
#1648 = CARTESIAN_POINT('',(3.409067807602,-3.));
#1649 = CARTESIAN_POINT('',(3.422148380029,-3.));
#1650 = CARTESIAN_POINT('',(3.448309523701,-3.));
#1651 = CARTESIAN_POINT('',(3.461390096128,-3.));
#1652 = CARTESIAN_POINT('',(3.47447066891,-3.));
#1653 = CARTESIAN_POINT('',(3.48755124181,-3.));
#1654 = CARTESIAN_POINT('',(3.500631814592,-3.));
#1655 = CARTESIAN_POINT('',(3.513712387019,-3.));
#1656 = CARTESIAN_POINT('',(3.53987353069,-3.));
#1657 = CARTESIAN_POINT('',(3.552954103117,-3.));
#1658 = CARTESIAN_POINT('',(3.566034675899,-3.));
#1659 = CARTESIAN_POINT('',(3.579115248799,-3.));
#1660 = CARTESIAN_POINT('',(3.592195821581,-3.));
#1661 = CARTESIAN_POINT('',(3.605276394008,-3.));
#1662 = CARTESIAN_POINT('',(3.631437537679,-3.));
#1663 = CARTESIAN_POINT('',(3.644518110106,-3.));
#1664 = CARTESIAN_POINT('',(3.657598682888,-3.));
#1665 = CARTESIAN_POINT('',(3.670679255788,-3.));
#1666 = CARTESIAN_POINT('',(3.68375982857,-3.));
#1667 = CARTESIAN_POINT('',(3.696840400997,-3.));
#1668 = CARTESIAN_POINT('',(3.722099436402,-3.));
#1669 = CARTESIAN_POINT('',(3.734277900386,-3.));
#1670 = CARTESIAN_POINT('',(3.746456364618,-3.));
#1671 = CARTESIAN_POINT('',(3.758634828933,-3.));
#1672 = CARTESIAN_POINT('',(3.770813293165,-3.));
#1673 = CARTESIAN_POINT('',(3.782991757149,-3.));
#1674 = CARTESIAN_POINT('',(3.807799738428,-3.));
#1675 = CARTESIAN_POINT('',(3.820429256633,-3.));
#1676 = CARTESIAN_POINT('',(3.833058775136,-3.));
#1677 = CARTESIAN_POINT('',(3.845688293739,-3.));
#1678 = CARTESIAN_POINT('',(3.858317812242,-3.));
#1679 = CARTESIAN_POINT('',(3.870947330447,-3.));
#1680 = CARTESIAN_POINT('',(3.896657419992,-3.));
#1681 = CARTESIAN_POINT('',(3.909737992419,-3.));
#1682 = CARTESIAN_POINT('',(3.922818565201,-3.));
#1683 = CARTESIAN_POINT('',(3.935899138101,-3.));
#1684 = CARTESIAN_POINT('',(3.948979710883,-3.));
#1685 = CARTESIAN_POINT('',(3.96206028331,-3.));
#1686 = CARTESIAN_POINT('',(3.987770372854,-3.));
#1687 = CARTESIAN_POINT('',(4.00039989106,-3.));
#1688 = CARTESIAN_POINT('',(4.013029409563,-3.));
#1689 = CARTESIAN_POINT('',(4.025658928165,-3.));
#1690 = CARTESIAN_POINT('',(4.038288446669,-3.));
#1691 = CARTESIAN_POINT('',(4.050917964874,-3.));
#1692 = CARTESIAN_POINT('',(4.076628054419,-3.));
#1693 = CARTESIAN_POINT('',(4.089708626846,-3.));
#1694 = CARTESIAN_POINT('',(4.102789199627,-3.));
#1695 = CARTESIAN_POINT('',(4.115869772528,-3.));
#1696 = CARTESIAN_POINT('',(4.128950345309,-3.));
#1697 = CARTESIAN_POINT('',(4.142030917737,-3.));
#1698 = CARTESIAN_POINT('',(4.167289953142,-3.));
#1699 = CARTESIAN_POINT('',(4.179468417126,-3.));
#1700 = CARTESIAN_POINT('',(4.191646881358,-3.));
#1701 = CARTESIAN_POINT('',(4.203825345673,-3.));
#1702 = CARTESIAN_POINT('',(4.216003809905,-3.));
#1703 = CARTESIAN_POINT('',(4.228182273888,-3.));
#1704 = CARTESIAN_POINT('',(4.253441309294,-3.));
#1705 = CARTESIAN_POINT('',(4.266521881721,-3.));
#1706 = CARTESIAN_POINT('',(4.279602454503,-3.));
#1707 = CARTESIAN_POINT('',(4.292683027403,-3.));
#1708 = CARTESIAN_POINT('',(4.305763600185,-3.));
#1709 = CARTESIAN_POINT('',(4.318844172612,-3.));
#1710 = CARTESIAN_POINT('',(4.345005316283,-3.));
#1711 = CARTESIAN_POINT('',(4.35808588871,-3.));
#1712 = CARTESIAN_POINT('',(4.371166461492,-3.));
#1713 = CARTESIAN_POINT('',(4.384247034392,-3.));
#1714 = CARTESIAN_POINT('',(4.397327607174,-3.));
#1715 = CARTESIAN_POINT('',(4.410408179601,-3.));
#1716 = CARTESIAN_POINT('',(4.436569323272,-3.));
#1717 = CARTESIAN_POINT('',(4.449649895699,-3.));
#1718 = CARTESIAN_POINT('',(4.462730468481,-3.));
#1719 = CARTESIAN_POINT('',(4.475811041381,-3.));
#1720 = CARTESIAN_POINT('',(4.488891614163,-3.));
#1721 = CARTESIAN_POINT('',(4.50197218659,-3.));
#1722 = CARTESIAN_POINT('',(4.528133330261,-3.));
#1723 = CARTESIAN_POINT('',(4.541213902688,-3.));
#1724 = CARTESIAN_POINT('',(4.55429447547,-3.));
#1725 = CARTESIAN_POINT('',(4.56737504837,-3.));
#1726 = CARTESIAN_POINT('',(4.580455621152,-3.));
#1727 = CARTESIAN_POINT('',(4.593536193579,-3.));
#1728 = CARTESIAN_POINT('',(4.61969733725,-3.));
#1729 = CARTESIAN_POINT('',(4.632777909677,-3.));
#1730 = CARTESIAN_POINT('',(4.645858482459,-3.));
#1731 = CARTESIAN_POINT('',(4.658939055359,-3.));
#1732 = CARTESIAN_POINT('',(4.672019628141,-3.));
#1733 = CARTESIAN_POINT('',(4.685100200568,-3.));
#1734 = CARTESIAN_POINT('',(4.710810290113,-3.));
#1735 = CARTESIAN_POINT('',(4.723439808318,-3.));
#1736 = CARTESIAN_POINT('',(4.736069326821,-3.));
#1737 = CARTESIAN_POINT('',(4.748698845424,-3.));
#1738 = CARTESIAN_POINT('',(4.761328363927,-3.));
#1739 = CARTESIAN_POINT('',(4.773957882132,-3.));
#1740 = CARTESIAN_POINT('',(4.799667971677,-3.));
#1741 = CARTESIAN_POINT('',(4.812748544104,-3.));
#1742 = CARTESIAN_POINT('',(4.825829116886,-3.));
#1743 = CARTESIAN_POINT('',(4.838909689786,-3.));
#1744 = CARTESIAN_POINT('',(4.851990262568,-3.));
#1745 = CARTESIAN_POINT('',(4.865070834995,-3.));
#1746 = CARTESIAN_POINT('',(4.891231978666,-3.));
#1747 = CARTESIAN_POINT('',(4.904312551093,-3.));
#1748 = CARTESIAN_POINT('',(4.917393123875,-3.));
#1749 = CARTESIAN_POINT('',(4.930473696775,-3.));
#1750 = CARTESIAN_POINT('',(4.943554269557,-3.));
#1751 = CARTESIAN_POINT('',(4.956634841984,-3.));
#1752 = CARTESIAN_POINT('',(4.982795985655,-3.));
#1753 = CARTESIAN_POINT('',(4.995876558082,-3.));
#1754 = CARTESIAN_POINT('',(5.008957130864,-3.));
#1755 = CARTESIAN_POINT('',(5.022037703764,-3.));
#1756 = CARTESIAN_POINT('',(5.035118276546,-3.));
#1757 = CARTESIAN_POINT('',(5.048198848973,-3.));
#1758 = CARTESIAN_POINT('',(5.074359992644,-3.));
#1759 = CARTESIAN_POINT('',(5.087440565071,-3.));
#1760 = CARTESIAN_POINT('',(5.100521137853,-3.));
#1761 = CARTESIAN_POINT('',(5.113601710753,-3.));
#1762 = CARTESIAN_POINT('',(5.126682283535,-3.));
#1763 = CARTESIAN_POINT('',(5.139762855962,-3.));
#1764 = CARTESIAN_POINT('',(5.165923999633,-3.));
#1765 = CARTESIAN_POINT('',(5.17900457206,-3.));
#1766 = CARTESIAN_POINT('',(5.192085144842,-3.));
#1767 = CARTESIAN_POINT('',(5.205165717742,-3.));
#1768 = CARTESIAN_POINT('',(5.218246290524,-3.));
#1769 = CARTESIAN_POINT('',(5.231326862951,-3.));
#1770 = CARTESIAN_POINT('',(5.257488006622,-3.));
#1771 = CARTESIAN_POINT('',(5.270568579049,-3.));
#1772 = CARTESIAN_POINT('',(5.283649151831,-3.));
#1773 = CARTESIAN_POINT('',(5.296729724731,-3.));
#1774 = CARTESIAN_POINT('',(5.309810297513,-3.));
#1775 = CARTESIAN_POINT('',(5.32289086994,-3.));
#1776 = CARTESIAN_POINT('',(5.349052013611,-3.));
#1777 = CARTESIAN_POINT('',(5.362132586038,-3.));
#1778 = CARTESIAN_POINT('',(5.37521315882,-3.));
#1779 = CARTESIAN_POINT('',(5.38829373172,-3.));
#1780 = CARTESIAN_POINT('',(5.401374304502,-3.));
#1781 = CARTESIAN_POINT('',(5.414454876929,-3.));
#1782 = CARTESIAN_POINT('',(5.4406160206,-3.));
#1783 = CARTESIAN_POINT('',(5.453696593027,-3.));
#1784 = CARTESIAN_POINT('',(5.466777165809,-3.));
#1785 = CARTESIAN_POINT('',(5.479857738709,-3.));
#1786 = CARTESIAN_POINT('',(5.492938311491,-3.));
#1787 = CARTESIAN_POINT('',(5.506018883918,-3.));
#1788 = CARTESIAN_POINT('',(5.531277919324,-3.));
#1789 = CARTESIAN_POINT('',(5.543456383308,-3.));
#1790 = CARTESIAN_POINT('',(5.55563484754,-3.));
#1791 = CARTESIAN_POINT('',(5.567813311854,-3.));
#1792 = CARTESIAN_POINT('',(5.579991776086,-3.));
#1793 = CARTESIAN_POINT('',(5.59217024007,-3.));
#1794 = CARTESIAN_POINT('',(5.701312954793,-3.));
#1795 = CARTESIAN_POINT('',(5.798315425807,-3.));
#1796 = CARTESIAN_POINT('',(5.895286518648,-3.));
#1797 = CARTESIAN_POINT('',(5.992247492172,-3.));
#1798 = CARTESIAN_POINT('',(6.089218585013,-3.));
#1799 = CARTESIAN_POINT('',(6.186221056027,-3.));
#1800 = CARTESIAN_POINT('',(6.28318530718,-3.));
#1801 = ( GEOMETRIC_REPRESENTATION_CONTEXT(2) 
PARAMETRIC_REPRESENTATION_CONTEXT() REPRESENTATION_CONTEXT('2D SPACE',''
  ) );
#1802 = ORIENTED_EDGE('',*,*,#605,.T.);
#1803 = ORIENTED_EDGE('',*,*,#216,.T.);
#1804 = ADVANCED_FACE('',(#1805),#264,.F.);
#1805 = FACE_BOUND('',#1806,.T.);
#1806 = EDGE_LOOP('',(#1807,#1830,#1857,#1858));
#1807 = ORIENTED_EDGE('',*,*,#1808,.T.);
#1808 = EDGE_CURVE('',#248,#1809,#1811,.T.);
#1809 = VERTEX_POINT('',#1810);
#1810 = CARTESIAN_POINT('',(0.,-20.5,8.));
#1811 = SEAM_CURVE('',#1812,(#1816,#1823),.PCURVE_S1.);
#1812 = LINE('',#1813,#1814);
#1813 = CARTESIAN_POINT('',(0.,-25.,8.));
#1814 = VECTOR('',#1815,1.);
#1815 = DIRECTION('',(0.,1.,0.));
#1816 = PCURVE('',#264,#1817);
#1817 = DEFINITIONAL_REPRESENTATION('',(#1818),#1822);
#1818 = LINE('',#1819,#1820);
#1819 = CARTESIAN_POINT('',(-0.,0.));
#1820 = VECTOR('',#1821,1.);
#1821 = DIRECTION('',(-0.,-1.));
#1822 = ( GEOMETRIC_REPRESENTATION_CONTEXT(2) 
PARAMETRIC_REPRESENTATION_CONTEXT() REPRESENTATION_CONTEXT('2D SPACE',''
  ) );
#1823 = PCURVE('',#264,#1824);
#1824 = DEFINITIONAL_REPRESENTATION('',(#1825),#1829);
#1825 = LINE('',#1826,#1827);
#1826 = CARTESIAN_POINT('',(-6.28318530718,0.));
#1827 = VECTOR('',#1828,1.);
#1828 = DIRECTION('',(-0.,-1.));
#1829 = ( GEOMETRIC_REPRESENTATION_CONTEXT(2) 
PARAMETRIC_REPRESENTATION_CONTEXT() REPRESENTATION_CONTEXT('2D SPACE',''
  ) );
#1830 = ORIENTED_EDGE('',*,*,#1831,.T.);
#1831 = EDGE_CURVE('',#1809,#1809,#1832,.T.);
#1832 = SURFACE_CURVE('',#1833,(#1838,#1845),.PCURVE_S1.);
#1833 = CIRCLE('',#1834,8.);
#1834 = AXIS2_PLACEMENT_3D('',#1835,#1836,#1837);
#1835 = CARTESIAN_POINT('',(0.,-20.5,0.));
#1836 = DIRECTION('',(0.,1.,0.));
#1837 = DIRECTION('',(0.,0.,1.));
#1838 = PCURVE('',#264,#1839);
#1839 = DEFINITIONAL_REPRESENTATION('',(#1840),#1844);
#1840 = LINE('',#1841,#1842);
#1841 = CARTESIAN_POINT('',(-0.,-4.5));
#1842 = VECTOR('',#1843,1.);
#1843 = DIRECTION('',(-1.,0.));
#1844 = ( GEOMETRIC_REPRESENTATION_CONTEXT(2) 
PARAMETRIC_REPRESENTATION_CONTEXT() REPRESENTATION_CONTEXT('2D SPACE',''
  ) );
#1845 = PCURVE('',#1846,#1851);
#1846 = PLANE('',#1847);
#1847 = AXIS2_PLACEMENT_3D('',#1848,#1849,#1850);
#1848 = CARTESIAN_POINT('',(6.990076196319E-16,-20.5,-5.127900497023E-16
    ));
#1849 = DIRECTION('',(1.632186346944E-32,1.,-3.286920438421E-32));
#1850 = DIRECTION('',(0.,3.286920438421E-32,1.));
#1851 = DEFINITIONAL_REPRESENTATION('',(#1852),#1856);
#1852 = CIRCLE('',#1853,8.);
#1853 = AXIS2_PLACEMENT_2D('',#1854,#1855);
#1854 = CARTESIAN_POINT('',(5.127900497023E-16,-6.990076196319E-16));
#1855 = DIRECTION('',(1.,5.364866663081E-64));
#1856 = ( GEOMETRIC_REPRESENTATION_CONTEXT(2) 
PARAMETRIC_REPRESENTATION_CONTEXT() REPRESENTATION_CONTEXT('2D SPACE',''
  ) );
#1857 = ORIENTED_EDGE('',*,*,#1808,.F.);
#1858 = ORIENTED_EDGE('',*,*,#247,.F.);
#1859 = ADVANCED_FACE('',(#1860),#295,.F.);
#1860 = FACE_BOUND('',#1861,.F.);
#1861 = EDGE_LOOP('',(#1862,#1885,#1912,#1913));
#1862 = ORIENTED_EDGE('',*,*,#1863,.F.);
#1863 = EDGE_CURVE('',#1864,#279,#1866,.T.);
#1864 = VERTEX_POINT('',#1865);
#1865 = CARTESIAN_POINT('',(33.333333333333,21.6,-45.));
#1866 = SEAM_CURVE('',#1867,(#1871,#1878),.PCURVE_S1.);
#1867 = LINE('',#1868,#1869);
#1868 = CARTESIAN_POINT('',(33.333333333333,23.39218452154,-45.));
#1869 = VECTOR('',#1870,1.);
#1870 = DIRECTION('',(-0.,-1.,-0.));
#1871 = PCURVE('',#295,#1872);
#1872 = DEFINITIONAL_REPRESENTATION('',(#1873),#1877);
#1873 = LINE('',#1874,#1875);
#1874 = CARTESIAN_POINT('',(6.28318530718,0.));
#1875 = VECTOR('',#1876,1.);
#1876 = DIRECTION('',(0.,-1.));
#1877 = ( GEOMETRIC_REPRESENTATION_CONTEXT(2) 
PARAMETRIC_REPRESENTATION_CONTEXT() REPRESENTATION_CONTEXT('2D SPACE',''
  ) );
#1878 = PCURVE('',#295,#1879);
#1879 = DEFINITIONAL_REPRESENTATION('',(#1880),#1884);
#1880 = LINE('',#1881,#1882);
#1881 = CARTESIAN_POINT('',(0.,0.));
#1882 = VECTOR('',#1883,1.);
#1883 = DIRECTION('',(0.,-1.));
#1884 = ( GEOMETRIC_REPRESENTATION_CONTEXT(2) 
PARAMETRIC_REPRESENTATION_CONTEXT() REPRESENTATION_CONTEXT('2D SPACE',''
  ) );
#1885 = ORIENTED_EDGE('',*,*,#1886,.F.);
#1886 = EDGE_CURVE('',#1864,#1864,#1887,.T.);
#1887 = SURFACE_CURVE('',#1888,(#1893,#1900),.PCURVE_S1.);
#1888 = CIRCLE('',#1889,5.);
#1889 = AXIS2_PLACEMENT_3D('',#1890,#1891,#1892);
#1890 = CARTESIAN_POINT('',(33.333333333333,21.6,-50.));
#1891 = DIRECTION('',(0.,1.,0.));
#1892 = DIRECTION('',(0.,-0.,1.));
#1893 = PCURVE('',#295,#1894);
#1894 = DEFINITIONAL_REPRESENTATION('',(#1895),#1899);
#1895 = LINE('',#1896,#1897);
#1896 = CARTESIAN_POINT('',(0.,-1.79218452154));
#1897 = VECTOR('',#1898,1.);
#1898 = DIRECTION('',(1.,0.));
#1899 = ( GEOMETRIC_REPRESENTATION_CONTEXT(2) 
PARAMETRIC_REPRESENTATION_CONTEXT() REPRESENTATION_CONTEXT('2D SPACE',''
  ) );
#1900 = PCURVE('',#1901,#1906);
#1901 = CONICAL_SURFACE('',#1902,8.,0.785398163397);
#1902 = AXIS2_PLACEMENT_3D('',#1903,#1904,#1905);
#1903 = CARTESIAN_POINT('',(33.333333333333,24.6,-50.));
#1904 = DIRECTION('',(0.,1.,0.));
#1905 = DIRECTION('',(0.,-0.,1.));
#1906 = DEFINITIONAL_REPRESENTATION('',(#1907),#1911);
#1907 = LINE('',#1908,#1909);
#1908 = CARTESIAN_POINT('',(0.,-3.));
#1909 = VECTOR('',#1910,1.);
#1910 = DIRECTION('',(1.,-0.));
#1911 = ( GEOMETRIC_REPRESENTATION_CONTEXT(2) 
PARAMETRIC_REPRESENTATION_CONTEXT() REPRESENTATION_CONTEXT('2D SPACE',''
  ) );
#1912 = ORIENTED_EDGE('',*,*,#1863,.T.);
#1913 = ORIENTED_EDGE('',*,*,#278,.T.);
#1914 = ADVANCED_FACE('',(#1915),#326,.F.);
#1915 = FACE_BOUND('',#1916,.T.);
#1916 = EDGE_LOOP('',(#1917,#1940,#1967,#1968));
#1917 = ORIENTED_EDGE('',*,*,#1918,.T.);
#1918 = EDGE_CURVE('',#310,#1919,#1921,.T.);
#1919 = VERTEX_POINT('',#1920);
#1920 = CARTESIAN_POINT('',(50.,-20.5,-67.));
#1921 = SEAM_CURVE('',#1922,(#1926,#1933),.PCURVE_S1.);
#1922 = LINE('',#1923,#1924);
#1923 = CARTESIAN_POINT('',(50.,-25.,-67.));
#1924 = VECTOR('',#1925,1.);
#1925 = DIRECTION('',(0.,1.,0.));
#1926 = PCURVE('',#326,#1927);
#1927 = DEFINITIONAL_REPRESENTATION('',(#1928),#1932);
#1928 = LINE('',#1929,#1930);
#1929 = CARTESIAN_POINT('',(-0.,0.));
#1930 = VECTOR('',#1931,1.);
#1931 = DIRECTION('',(-0.,-1.));
#1932 = ( GEOMETRIC_REPRESENTATION_CONTEXT(2) 
PARAMETRIC_REPRESENTATION_CONTEXT() REPRESENTATION_CONTEXT('2D SPACE',''
  ) );
#1933 = PCURVE('',#326,#1934);
#1934 = DEFINITIONAL_REPRESENTATION('',(#1935),#1939);
#1935 = LINE('',#1936,#1937);
#1936 = CARTESIAN_POINT('',(-6.28318530718,0.));
#1937 = VECTOR('',#1938,1.);
#1938 = DIRECTION('',(-0.,-1.));
#1939 = ( GEOMETRIC_REPRESENTATION_CONTEXT(2) 
PARAMETRIC_REPRESENTATION_CONTEXT() REPRESENTATION_CONTEXT('2D SPACE',''
  ) );
#1940 = ORIENTED_EDGE('',*,*,#1941,.T.);
#1941 = EDGE_CURVE('',#1919,#1919,#1942,.T.);
#1942 = SURFACE_CURVE('',#1943,(#1948,#1955),.PCURVE_S1.);
#1943 = CIRCLE('',#1944,8.);
#1944 = AXIS2_PLACEMENT_3D('',#1945,#1946,#1947);
#1945 = CARTESIAN_POINT('',(50.,-20.5,-75.));
#1946 = DIRECTION('',(0.,1.,0.));
#1947 = DIRECTION('',(0.,0.,1.));
#1948 = PCURVE('',#326,#1949);
#1949 = DEFINITIONAL_REPRESENTATION('',(#1950),#1954);
#1950 = LINE('',#1951,#1952);
#1951 = CARTESIAN_POINT('',(-0.,-4.5));
#1952 = VECTOR('',#1953,1.);
#1953 = DIRECTION('',(-1.,0.));
#1954 = ( GEOMETRIC_REPRESENTATION_CONTEXT(2) 
PARAMETRIC_REPRESENTATION_CONTEXT() REPRESENTATION_CONTEXT('2D SPACE',''
  ) );
#1955 = PCURVE('',#1956,#1961);
#1956 = PLANE('',#1957);
#1957 = AXIS2_PLACEMENT_3D('',#1958,#1959,#1960);
#1958 = CARTESIAN_POINT('',(50.,-20.5,-75.));
#1959 = DIRECTION('',(0.,1.,0.));
#1960 = DIRECTION('',(0.,-0.,1.));
#1961 = DEFINITIONAL_REPRESENTATION('',(#1962),#1966);
#1962 = CIRCLE('',#1963,8.);
#1963 = AXIS2_PLACEMENT_2D('',#1964,#1965);
#1964 = CARTESIAN_POINT('',(-1.42108547152E-14,0.));
#1965 = DIRECTION('',(1.,0.));
#1966 = ( GEOMETRIC_REPRESENTATION_CONTEXT(2) 
PARAMETRIC_REPRESENTATION_CONTEXT() REPRESENTATION_CONTEXT('2D SPACE',''
  ) );
#1967 = ORIENTED_EDGE('',*,*,#1918,.F.);
#1968 = ORIENTED_EDGE('',*,*,#309,.F.);
#1969 = ADVANCED_FACE('',(#1970),#455,.F.);
#1970 = FACE_BOUND('',#1971,.F.);
#1971 = EDGE_LOOP('',(#1972,#1995,#2017,#2018));
#1972 = ORIENTED_EDGE('',*,*,#1973,.T.);
#1973 = EDGE_CURVE('',#439,#1974,#1976,.T.);
#1974 = VERTEX_POINT('',#1975);
#1975 = CARTESIAN_POINT('',(-33.33333333333,24.6,58.));
#1976 = SEAM_CURVE('',#1977,(#1981,#1988),.PCURVE_S1.);
#1977 = LINE('',#1978,#1979);
#1978 = CARTESIAN_POINT('',(-33.33333333333,25.,58.));
#1979 = VECTOR('',#1980,1.);
#1980 = DIRECTION('',(-0.,-1.,-0.));
#1981 = PCURVE('',#455,#1982);
#1982 = DEFINITIONAL_REPRESENTATION('',(#1983),#1987);
#1983 = LINE('',#1984,#1985);
#1984 = CARTESIAN_POINT('',(0.,0.));
#1985 = VECTOR('',#1986,1.);
#1986 = DIRECTION('',(0.,-1.));
#1987 = ( GEOMETRIC_REPRESENTATION_CONTEXT(2) 
PARAMETRIC_REPRESENTATION_CONTEXT() REPRESENTATION_CONTEXT('2D SPACE',''
  ) );
#1988 = PCURVE('',#455,#1989);
#1989 = DEFINITIONAL_REPRESENTATION('',(#1990),#1994);
#1990 = LINE('',#1991,#1992);
#1991 = CARTESIAN_POINT('',(6.28318530718,0.));
#1992 = VECTOR('',#1993,1.);
#1993 = DIRECTION('',(0.,-1.));
#1994 = ( GEOMETRIC_REPRESENTATION_CONTEXT(2) 
PARAMETRIC_REPRESENTATION_CONTEXT() REPRESENTATION_CONTEXT('2D SPACE',''
  ) );
#1995 = ORIENTED_EDGE('',*,*,#1996,.T.);
#1996 = EDGE_CURVE('',#1974,#1974,#1997,.T.);
#1997 = SURFACE_CURVE('',#1998,(#2003,#2010),.PCURVE_S1.);
#1998 = CIRCLE('',#1999,8.);
#1999 = AXIS2_PLACEMENT_3D('',#2000,#2001,#2002);
#2000 = CARTESIAN_POINT('',(-33.33333333333,24.6,50.));
#2001 = DIRECTION('',(9.203377227578E-31,1.,-7.559917008368E-31));
#2002 = DIRECTION('',(4.087120520947E-46,7.559917008368E-31,1.));
#2003 = PCURVE('',#455,#2004);
#2004 = DEFINITIONAL_REPRESENTATION('',(#2005),#2009);
#2005 = LINE('',#2006,#2007);
#2006 = CARTESIAN_POINT('',(0.,-0.4));
#2007 = VECTOR('',#2008,1.);
#2008 = DIRECTION('',(1.,0.));
#2009 = ( GEOMETRIC_REPRESENTATION_CONTEXT(2) 
PARAMETRIC_REPRESENTATION_CONTEXT() REPRESENTATION_CONTEXT('2D SPACE',''
  ) );
#2010 = PCURVE('',#1408,#2011);
#2011 = DEFINITIONAL_REPRESENTATION('',(#2012),#2016);
#2012 = LINE('',#2013,#2014);
#2013 = CARTESIAN_POINT('',(0.,-0.));
#2014 = VECTOR('',#2015,1.);
#2015 = DIRECTION('',(1.,-0.));
#2016 = ( GEOMETRIC_REPRESENTATION_CONTEXT(2) 
PARAMETRIC_REPRESENTATION_CONTEXT() REPRESENTATION_CONTEXT('2D SPACE',''
  ) );
#2017 = ORIENTED_EDGE('',*,*,#1973,.F.);
#2018 = ORIENTED_EDGE('',*,*,#438,.F.);
#2019 = ADVANCED_FACE('',(#2020),#490,.F.);
#2020 = FACE_BOUND('',#2021,.T.);
#2021 = EDGE_LOOP('',(#2022,#2045,#2071,#2072));
#2022 = ORIENTED_EDGE('',*,*,#2023,.F.);
#2023 = EDGE_CURVE('',#2024,#470,#2026,.T.);
#2024 = VERTEX_POINT('',#2025);
#2025 = CARTESIAN_POINT('',(0.,-20.5,5.));
#2026 = SEAM_CURVE('',#2027,(#2031,#2038),.PCURVE_S1.);
#2027 = LINE('',#2028,#2029);
#2028 = CARTESIAN_POINT('',(0.,-22.75,5.));
#2029 = VECTOR('',#2030,1.);
#2030 = DIRECTION('',(0.,1.,0.));
#2031 = PCURVE('',#490,#2032);
#2032 = DEFINITIONAL_REPRESENTATION('',(#2033),#2037);
#2033 = LINE('',#2034,#2035);
#2034 = CARTESIAN_POINT('',(-6.28318530718,0.));
#2035 = VECTOR('',#2036,1.);
#2036 = DIRECTION('',(-0.,-1.));
#2037 = ( GEOMETRIC_REPRESENTATION_CONTEXT(2) 
PARAMETRIC_REPRESENTATION_CONTEXT() REPRESENTATION_CONTEXT('2D SPACE',''
  ) );
#2038 = PCURVE('',#490,#2039);
#2039 = DEFINITIONAL_REPRESENTATION('',(#2040),#2044);
#2040 = LINE('',#2041,#2042);
#2041 = CARTESIAN_POINT('',(-0.,0.));
#2042 = VECTOR('',#2043,1.);
#2043 = DIRECTION('',(-0.,-1.));
#2044 = ( GEOMETRIC_REPRESENTATION_CONTEXT(2) 
PARAMETRIC_REPRESENTATION_CONTEXT() REPRESENTATION_CONTEXT('2D SPACE',''
  ) );
#2045 = ORIENTED_EDGE('',*,*,#2046,.T.);
#2046 = EDGE_CURVE('',#2024,#2024,#2047,.T.);
#2047 = SURFACE_CURVE('',#2048,(#2053,#2060),.PCURVE_S1.);
#2048 = CIRCLE('',#2049,5.);
#2049 = AXIS2_PLACEMENT_3D('',#2050,#2051,#2052);
#2050 = CARTESIAN_POINT('',(0.,-20.5,0.));
#2051 = DIRECTION('',(0.,-1.,0.));
#2052 = DIRECTION('',(0.,0.,1.));
#2053 = PCURVE('',#490,#2054);
#2054 = DEFINITIONAL_REPRESENTATION('',(#2055),#2059);
#2055 = LINE('',#2056,#2057);
#2056 = CARTESIAN_POINT('',(-6.28318530718,-2.25));
#2057 = VECTOR('',#2058,1.);
#2058 = DIRECTION('',(1.,-0.));
#2059 = ( GEOMETRIC_REPRESENTATION_CONTEXT(2) 
PARAMETRIC_REPRESENTATION_CONTEXT() REPRESENTATION_CONTEXT('2D SPACE',''
  ) );
#2060 = PCURVE('',#1846,#2061);
#2061 = DEFINITIONAL_REPRESENTATION('',(#2062),#2070);
#2062 = ( BOUNDED_CURVE() B_SPLINE_CURVE(2,(#2063,#2064,#2065,#2066,
#2067,#2068,#2069),.UNSPECIFIED.,.T.,.F.) B_SPLINE_CURVE_WITH_KNOTS((1,2
    ,2,2,2,1),(-2.094395102393,0.,2.094395102393,4.188790204786,
6.28318530718,8.377580409573),.UNSPECIFIED.) CURVE() 
GEOMETRIC_REPRESENTATION_ITEM() RATIONAL_B_SPLINE_CURVE((1.,0.5,1.,0.5,
1.,0.5,1.)) REPRESENTATION_ITEM('') );
#2063 = CARTESIAN_POINT('',(5.,-6.990076196319E-16));
#2064 = CARTESIAN_POINT('',(5.,-8.660254037844));
#2065 = CARTESIAN_POINT('',(-2.5,-4.330127018922));
#2066 = CARTESIAN_POINT('',(-10.,-1.923654418779E-15));
#2067 = CARTESIAN_POINT('',(-2.5,4.330127018922));
#2068 = CARTESIAN_POINT('',(5.,8.660254037844));
#2069 = CARTESIAN_POINT('',(5.,-6.990076196319E-16));
#2070 = ( GEOMETRIC_REPRESENTATION_CONTEXT(2) 
PARAMETRIC_REPRESENTATION_CONTEXT() REPRESENTATION_CONTEXT('2D SPACE',''
  ) );
#2071 = ORIENTED_EDGE('',*,*,#2023,.T.);
#2072 = ORIENTED_EDGE('',*,*,#469,.F.);
#2073 = ADVANCED_FACE('',(#2074),#521,.F.);
#2074 = FACE_BOUND('',#2075,.F.);
#2075 = EDGE_LOOP('',(#2076,#2099,#2121,#2122));
#2076 = ORIENTED_EDGE('',*,*,#2077,.T.);
#2077 = EDGE_CURVE('',#505,#2078,#2080,.T.);
#2078 = VERTEX_POINT('',#2079);
#2079 = CARTESIAN_POINT('',(33.333333333333,24.6,-42.));
#2080 = SEAM_CURVE('',#2081,(#2085,#2092),.PCURVE_S1.);
#2081 = LINE('',#2082,#2083);
#2082 = CARTESIAN_POINT('',(33.333333333333,25.,-42.));
#2083 = VECTOR('',#2084,1.);
#2084 = DIRECTION('',(-0.,-1.,-0.));
#2085 = PCURVE('',#521,#2086);
#2086 = DEFINITIONAL_REPRESENTATION('',(#2087),#2091);
#2087 = LINE('',#2088,#2089);
#2088 = CARTESIAN_POINT('',(0.,0.));
#2089 = VECTOR('',#2090,1.);
#2090 = DIRECTION('',(0.,-1.));
#2091 = ( GEOMETRIC_REPRESENTATION_CONTEXT(2) 
PARAMETRIC_REPRESENTATION_CONTEXT() REPRESENTATION_CONTEXT('2D SPACE',''
  ) );
#2092 = PCURVE('',#521,#2093);
#2093 = DEFINITIONAL_REPRESENTATION('',(#2094),#2098);
#2094 = LINE('',#2095,#2096);
#2095 = CARTESIAN_POINT('',(6.28318530718,0.));
#2096 = VECTOR('',#2097,1.);
#2097 = DIRECTION('',(0.,-1.));
#2098 = ( GEOMETRIC_REPRESENTATION_CONTEXT(2) 
PARAMETRIC_REPRESENTATION_CONTEXT() REPRESENTATION_CONTEXT('2D SPACE',''
  ) );
#2099 = ORIENTED_EDGE('',*,*,#2100,.T.);
#2100 = EDGE_CURVE('',#2078,#2078,#2101,.T.);
#2101 = SURFACE_CURVE('',#2102,(#2107,#2114),.PCURVE_S1.);
#2102 = CIRCLE('',#2103,8.);
#2103 = AXIS2_PLACEMENT_3D('',#2104,#2105,#2106);
#2104 = CARTESIAN_POINT('',(33.333333333333,24.6,-50.));
#2105 = DIRECTION('',(0.,1.,0.));
#2106 = DIRECTION('',(0.,-0.,1.));
#2107 = PCURVE('',#521,#2108);
#2108 = DEFINITIONAL_REPRESENTATION('',(#2109),#2113);
#2109 = LINE('',#2110,#2111);
#2110 = CARTESIAN_POINT('',(0.,-0.4));
#2111 = VECTOR('',#2112,1.);
#2112 = DIRECTION('',(1.,0.));
#2113 = ( GEOMETRIC_REPRESENTATION_CONTEXT(2) 
PARAMETRIC_REPRESENTATION_CONTEXT() REPRESENTATION_CONTEXT('2D SPACE',''
  ) );
#2114 = PCURVE('',#1901,#2115);
#2115 = DEFINITIONAL_REPRESENTATION('',(#2116),#2120);
#2116 = LINE('',#2117,#2118);
#2117 = CARTESIAN_POINT('',(0.,-0.));
#2118 = VECTOR('',#2119,1.);
#2119 = DIRECTION('',(1.,-0.));
#2120 = ( GEOMETRIC_REPRESENTATION_CONTEXT(2) 
PARAMETRIC_REPRESENTATION_CONTEXT() REPRESENTATION_CONTEXT('2D SPACE',''
  ) );
#2121 = ORIENTED_EDGE('',*,*,#2077,.F.);
#2122 = ORIENTED_EDGE('',*,*,#504,.F.);
#2123 = ADVANCED_FACE('',(#2124),#556,.F.);
#2124 = FACE_BOUND('',#2125,.T.);
#2125 = EDGE_LOOP('',(#2126,#2149,#2175,#2176));
#2126 = ORIENTED_EDGE('',*,*,#2127,.F.);
#2127 = EDGE_CURVE('',#2128,#536,#2130,.T.);
#2128 = VERTEX_POINT('',#2129);
#2129 = CARTESIAN_POINT('',(50.,-20.5,-70.));
#2130 = SEAM_CURVE('',#2131,(#2135,#2142),.PCURVE_S1.);
#2131 = LINE('',#2132,#2133);
#2132 = CARTESIAN_POINT('',(50.,-22.75,-70.));
#2133 = VECTOR('',#2134,1.);
#2134 = DIRECTION('',(0.,1.,0.));
#2135 = PCURVE('',#556,#2136);
#2136 = DEFINITIONAL_REPRESENTATION('',(#2137),#2141);
#2137 = LINE('',#2138,#2139);
#2138 = CARTESIAN_POINT('',(-6.28318530718,0.));
#2139 = VECTOR('',#2140,1.);
#2140 = DIRECTION('',(-0.,-1.));
#2141 = ( GEOMETRIC_REPRESENTATION_CONTEXT(2) 
PARAMETRIC_REPRESENTATION_CONTEXT() REPRESENTATION_CONTEXT('2D SPACE',''
  ) );
#2142 = PCURVE('',#556,#2143);
#2143 = DEFINITIONAL_REPRESENTATION('',(#2144),#2148);
#2144 = LINE('',#2145,#2146);
#2145 = CARTESIAN_POINT('',(-0.,0.));
#2146 = VECTOR('',#2147,1.);
#2147 = DIRECTION('',(-0.,-1.));
#2148 = ( GEOMETRIC_REPRESENTATION_CONTEXT(2) 
PARAMETRIC_REPRESENTATION_CONTEXT() REPRESENTATION_CONTEXT('2D SPACE',''
  ) );
#2149 = ORIENTED_EDGE('',*,*,#2150,.T.);
#2150 = EDGE_CURVE('',#2128,#2128,#2151,.T.);
#2151 = SURFACE_CURVE('',#2152,(#2157,#2164),.PCURVE_S1.);
#2152 = CIRCLE('',#2153,5.);
#2153 = AXIS2_PLACEMENT_3D('',#2154,#2155,#2156);
#2154 = CARTESIAN_POINT('',(50.,-20.5,-75.));
#2155 = DIRECTION('',(0.,-1.,0.));
#2156 = DIRECTION('',(0.,0.,1.));
#2157 = PCURVE('',#556,#2158);
#2158 = DEFINITIONAL_REPRESENTATION('',(#2159),#2163);
#2159 = LINE('',#2160,#2161);
#2160 = CARTESIAN_POINT('',(-6.28318530718,-2.25));
#2161 = VECTOR('',#2162,1.);
#2162 = DIRECTION('',(1.,-0.));
#2163 = ( GEOMETRIC_REPRESENTATION_CONTEXT(2) 
PARAMETRIC_REPRESENTATION_CONTEXT() REPRESENTATION_CONTEXT('2D SPACE',''
  ) );
#2164 = PCURVE('',#1956,#2165);
#2165 = DEFINITIONAL_REPRESENTATION('',(#2166),#2174);
#2166 = ( BOUNDED_CURVE() B_SPLINE_CURVE(2,(#2167,#2168,#2169,#2170,
#2171,#2172,#2173),.UNSPECIFIED.,.T.,.F.) B_SPLINE_CURVE_WITH_KNOTS((1,2
    ,2,2,2,1),(-2.094395102393,0.,2.094395102393,4.188790204786,
6.28318530718,8.377580409573),.UNSPECIFIED.) CURVE() 
GEOMETRIC_REPRESENTATION_ITEM() RATIONAL_B_SPLINE_CURVE((1.,0.5,1.,0.5,
1.,0.5,1.)) REPRESENTATION_ITEM('') );
#2167 = CARTESIAN_POINT('',(5.,0.));
#2168 = CARTESIAN_POINT('',(5.,-8.660254037844));
#2169 = CARTESIAN_POINT('',(-2.5,-4.330127018922));
#2170 = CARTESIAN_POINT('',(-10.,-1.224646799147E-15));
#2171 = CARTESIAN_POINT('',(-2.5,4.330127018922));
#2172 = CARTESIAN_POINT('',(5.,8.660254037844));
#2173 = CARTESIAN_POINT('',(5.,0.));
#2174 = ( GEOMETRIC_REPRESENTATION_CONTEXT(2) 
PARAMETRIC_REPRESENTATION_CONTEXT() REPRESENTATION_CONTEXT('2D SPACE',''
  ) );
#2175 = ORIENTED_EDGE('',*,*,#2127,.T.);
#2176 = ORIENTED_EDGE('',*,*,#535,.F.);
#2177 = ADVANCED_FACE('',(#2178),#1408,.F.);
#2178 = FACE_BOUND('',#2179,.T.);
#2179 = EDGE_LOOP('',(#2180,#2181,#2200,#2201));
#2180 = ORIENTED_EDGE('',*,*,#1996,.T.);
#2181 = ORIENTED_EDGE('',*,*,#2182,.T.);
#2182 = EDGE_CURVE('',#1974,#606,#2183,.T.);
#2183 = SEAM_CURVE('',#2184,(#2188,#2194),.PCURVE_S1.);
#2184 = LINE('',#2185,#2186);
#2185 = CARTESIAN_POINT('',(-33.33333333333,24.6,58.));
#2186 = VECTOR('',#2187,1.);
#2187 = DIRECTION('',(-6.507770447439E-31,-0.707106781187,
    -0.707106781187));
#2188 = PCURVE('',#1408,#2189);
#2189 = DEFINITIONAL_REPRESENTATION('',(#2190),#2193);
#2190 = B_SPLINE_CURVE_WITH_KNOTS('',1,(#2191,#2192),.UNSPECIFIED.,.F.,
  .F.,(2,2),(0.,5.091168824543),.PIECEWISE_BEZIER_KNOTS.);
#2191 = CARTESIAN_POINT('',(0.,0.));
#2192 = CARTESIAN_POINT('',(0.,-3.6));
#2193 = ( GEOMETRIC_REPRESENTATION_CONTEXT(2) 
PARAMETRIC_REPRESENTATION_CONTEXT() REPRESENTATION_CONTEXT('2D SPACE',''
  ) );
#2194 = PCURVE('',#1408,#2195);
#2195 = DEFINITIONAL_REPRESENTATION('',(#2196),#2199);
#2196 = B_SPLINE_CURVE_WITH_KNOTS('',1,(#2197,#2198),.UNSPECIFIED.,.F.,
  .F.,(2,2),(0.,5.091168824543),.PIECEWISE_BEZIER_KNOTS.);
#2197 = CARTESIAN_POINT('',(6.28318530718,0.));
#2198 = CARTESIAN_POINT('',(6.28318530718,-3.6));
#2199 = ( GEOMETRIC_REPRESENTATION_CONTEXT(2) 
PARAMETRIC_REPRESENTATION_CONTEXT() REPRESENTATION_CONTEXT('2D SPACE',''
  ) );
#2200 = ORIENTED_EDGE('',*,*,#628,.F.);
#2201 = ORIENTED_EDGE('',*,*,#2182,.F.);
#2202 = ADVANCED_FACE('',(#2203,#2206),#1846,.F.);
#2203 = FACE_BOUND('',#2204,.F.);
#2204 = EDGE_LOOP('',(#2205));
#2205 = ORIENTED_EDGE('',*,*,#1831,.T.);
#2206 = FACE_BOUND('',#2207,.F.);
#2207 = EDGE_LOOP('',(#2208));
#2208 = ORIENTED_EDGE('',*,*,#2046,.T.);
#2209 = ADVANCED_FACE('',(#2210),#1901,.F.);
#2210 = FACE_BOUND('',#2211,.T.);
#2211 = EDGE_LOOP('',(#2212,#2213,#2232,#2233));
#2212 = ORIENTED_EDGE('',*,*,#2100,.T.);
#2213 = ORIENTED_EDGE('',*,*,#2214,.T.);
#2214 = EDGE_CURVE('',#2078,#1864,#2215,.T.);
#2215 = SEAM_CURVE('',#2216,(#2220,#2226),.PCURVE_S1.);
#2216 = LINE('',#2217,#2218);
#2217 = CARTESIAN_POINT('',(33.333333333333,24.6,-42.));
#2218 = VECTOR('',#2219,1.);
#2219 = DIRECTION('',(-0.,-0.707106781187,-0.707106781187));
#2220 = PCURVE('',#1901,#2221);
#2221 = DEFINITIONAL_REPRESENTATION('',(#2222),#2225);
#2222 = B_SPLINE_CURVE_WITH_KNOTS('',1,(#2223,#2224),.UNSPECIFIED.,.F.,
  .F.,(2,2),(0.,5.091168824543),.PIECEWISE_BEZIER_KNOTS.);
#2223 = CARTESIAN_POINT('',(0.,0.));
#2224 = CARTESIAN_POINT('',(0.,-3.6));
#2225 = ( GEOMETRIC_REPRESENTATION_CONTEXT(2) 
PARAMETRIC_REPRESENTATION_CONTEXT() REPRESENTATION_CONTEXT('2D SPACE',''
  ) );
#2226 = PCURVE('',#1901,#2227);
#2227 = DEFINITIONAL_REPRESENTATION('',(#2228),#2231);
#2228 = B_SPLINE_CURVE_WITH_KNOTS('',1,(#2229,#2230),.UNSPECIFIED.,.F.,
  .F.,(2,2),(0.,5.091168824543),.PIECEWISE_BEZIER_KNOTS.);
#2229 = CARTESIAN_POINT('',(6.28318530718,0.));
#2230 = CARTESIAN_POINT('',(6.28318530718,-3.6));
#2231 = ( GEOMETRIC_REPRESENTATION_CONTEXT(2) 
PARAMETRIC_REPRESENTATION_CONTEXT() REPRESENTATION_CONTEXT('2D SPACE',''
  ) );
#2232 = ORIENTED_EDGE('',*,*,#1886,.F.);
#2233 = ORIENTED_EDGE('',*,*,#2214,.F.);
#2234 = ADVANCED_FACE('',(#2235,#2238),#1956,.F.);
#2235 = FACE_BOUND('',#2236,.F.);
#2236 = EDGE_LOOP('',(#2237));
#2237 = ORIENTED_EDGE('',*,*,#1941,.T.);
#2238 = FACE_BOUND('',#2239,.F.);
#2239 = EDGE_LOOP('',(#2240));
#2240 = ORIENTED_EDGE('',*,*,#2150,.T.);
#2241 = ( GEOMETRIC_REPRESENTATION_CONTEXT(3) 
GLOBAL_UNCERTAINTY_ASSIGNED_CONTEXT((#2245)) 
GLOBAL_UNIT_ASSIGNED_CONTEXT((#2242,#2243,#2244)) REPRESENTATION_CONTEXT
('Context #1','3D Context with UNIT and UNCERTAINTY') );
#2242 = ( LENGTH_UNIT() NAMED_UNIT(*) SI_UNIT(.MILLI.,.METRE.) );
#2243 = ( NAMED_UNIT(*) PLANE_ANGLE_UNIT() SI_UNIT($,.RADIAN.) );
#2244 = ( NAMED_UNIT(*) SI_UNIT($,.STERADIAN.) SOLID_ANGLE_UNIT() );
#2245 = UNCERTAINTY_MEASURE_WITH_UNIT(LENGTH_MEASURE(1.E-07),#2242,
  'distance_accuracy_value','confusion accuracy');
#2246 = PRODUCT_RELATED_PRODUCT_CATEGORY('part',$,(#7));
ENDSEC;
END-ISO-10303-21;
