ISO-10303-21;
HEADER;
FILE_DESCRIPTION(('Open CASCADE Model'),'2;1');
FILE_NAME('Open CASCADE Shape Model','2025-08-06T14:38:17',('Author'),(
    'Open CASCADE'),'Open CASCADE STEP processor 7.7','Open CASCADE 7.7'
  ,'Unknown');
FILE_SCHEMA(('AUTOMOTIVE_DESIGN { 1 0 10303 214 1 1 1 1 }'));
ENDSEC;
DATA;
#1 = APPLICATION_PROTOCOL_DEFINITION('international standard',
  'automotive_design',2000,#2);
#2 = APPLICATION_CONTEXT(
  'core data for automotive mechanical design processes');
#3 = SHAPE_DEFINITION_REPRESENTATION(#4,#10);
#4 = PRODUCT_DEFINITION_SHAPE('','',#5);
#5 = PRODUCT_DEFINITION('design','',#6,#9);
#6 = PRODUCT_DEFINITION_FORMATION('','',#7);
#7 = PRODUCT('substep_2.2','substep_2.2','',(#8));
#8 = PRODUCT_CONTEXT('',#2,'mechanical');
#9 = PRODUCT_DEFINITION_CONTEXT('part definition',#2,'design');
#10 = ADVANCED_BREP_SHAPE_REPRESENTATION('',(#11,#15),#1877);
#11 = AXIS2_PLACEMENT_3D('',#12,#13,#14);
#12 = CARTESIAN_POINT('',(0.,0.,0.));
#13 = DIRECTION('',(0.,0.,1.));
#14 = DIRECTION('',(1.,0.,-0.));
#15 = MANIFOLD_SOLID_BREP('PartBody',#16);
#16 = CLOSED_SHELL('',(#17,#137,#275,#324,#435,#462,#469,#1672,#1727,
    #1777,#1827,#1852));
#17 = ADVANCED_FACE('',(#18),#32,.F.);
#18 = FACE_BOUND('',#19,.F.);
#19 = EDGE_LOOP('',(#20,#55,#83,#111));
#20 = ORIENTED_EDGE('',*,*,#21,.F.);
#21 = EDGE_CURVE('',#22,#24,#26,.T.);
#22 = VERTEX_POINT('',#23);
#23 = CARTESIAN_POINT('',(-100.,-25.,-150.));
#24 = VERTEX_POINT('',#25);
#25 = CARTESIAN_POINT('',(-100.,-25.,150.));
#26 = SURFACE_CURVE('',#27,(#31,#43),.PCURVE_S1.);
#27 = LINE('',#28,#29);
#28 = CARTESIAN_POINT('',(-100.,-25.,-150.));
#29 = VECTOR('',#30,1.);
#30 = DIRECTION('',(0.,0.,1.));
#31 = PCURVE('',#32,#37);
#32 = PLANE('',#33);
#33 = AXIS2_PLACEMENT_3D('',#34,#35,#36);
#34 = CARTESIAN_POINT('',(-100.,-25.,-150.));
#35 = DIRECTION('',(1.,0.,0.));
#36 = DIRECTION('',(0.,0.,1.));
#37 = DEFINITIONAL_REPRESENTATION('',(#38),#42);
#38 = LINE('',#39,#40);
#39 = CARTESIAN_POINT('',(0.,0.));
#40 = VECTOR('',#41,1.);
#41 = DIRECTION('',(1.,0.));
#42 = ( GEOMETRIC_REPRESENTATION_CONTEXT(2) 
PARAMETRIC_REPRESENTATION_CONTEXT() REPRESENTATION_CONTEXT('2D SPACE',''
  ) );
#43 = PCURVE('',#44,#49);
#44 = PLANE('',#45);
#45 = AXIS2_PLACEMENT_3D('',#46,#47,#48);
#46 = CARTESIAN_POINT('',(-100.,-25.,-150.));
#47 = DIRECTION('',(0.,1.,0.));
#48 = DIRECTION('',(0.,0.,1.));
#49 = DEFINITIONAL_REPRESENTATION('',(#50),#54);
#50 = LINE('',#51,#52);
#51 = CARTESIAN_POINT('',(0.,0.));
#52 = VECTOR('',#53,1.);
#53 = DIRECTION('',(1.,0.));
#54 = ( GEOMETRIC_REPRESENTATION_CONTEXT(2) 
PARAMETRIC_REPRESENTATION_CONTEXT() REPRESENTATION_CONTEXT('2D SPACE',''
  ) );
#55 = ORIENTED_EDGE('',*,*,#56,.T.);
#56 = EDGE_CURVE('',#22,#57,#59,.T.);
#57 = VERTEX_POINT('',#58);
#58 = CARTESIAN_POINT('',(-100.,25.,-150.));
#59 = SURFACE_CURVE('',#60,(#64,#71),.PCURVE_S1.);
#60 = LINE('',#61,#62);
#61 = CARTESIAN_POINT('',(-100.,-25.,-150.));
#62 = VECTOR('',#63,1.);
#63 = DIRECTION('',(0.,1.,0.));
#64 = PCURVE('',#32,#65);
#65 = DEFINITIONAL_REPRESENTATION('',(#66),#70);
#66 = LINE('',#67,#68);
#67 = CARTESIAN_POINT('',(0.,0.));
#68 = VECTOR('',#69,1.);
#69 = DIRECTION('',(0.,-1.));
#70 = ( GEOMETRIC_REPRESENTATION_CONTEXT(2) 
PARAMETRIC_REPRESENTATION_CONTEXT() REPRESENTATION_CONTEXT('2D SPACE',''
  ) );
#71 = PCURVE('',#72,#77);
#72 = PLANE('',#73);
#73 = AXIS2_PLACEMENT_3D('',#74,#75,#76);
#74 = CARTESIAN_POINT('',(-100.,-25.,-150.));
#75 = DIRECTION('',(0.,0.,1.));
#76 = DIRECTION('',(1.,0.,0.));
#77 = DEFINITIONAL_REPRESENTATION('',(#78),#82);
#78 = LINE('',#79,#80);
#79 = CARTESIAN_POINT('',(0.,0.));
#80 = VECTOR('',#81,1.);
#81 = DIRECTION('',(0.,1.));
#82 = ( GEOMETRIC_REPRESENTATION_CONTEXT(2) 
PARAMETRIC_REPRESENTATION_CONTEXT() REPRESENTATION_CONTEXT('2D SPACE',''
  ) );
#83 = ORIENTED_EDGE('',*,*,#84,.T.);
#84 = EDGE_CURVE('',#57,#85,#87,.T.);
#85 = VERTEX_POINT('',#86);
#86 = CARTESIAN_POINT('',(-100.,25.,150.));
#87 = SURFACE_CURVE('',#88,(#92,#99),.PCURVE_S1.);
#88 = LINE('',#89,#90);
#89 = CARTESIAN_POINT('',(-100.,25.,-150.));
#90 = VECTOR('',#91,1.);
#91 = DIRECTION('',(0.,0.,1.));
#92 = PCURVE('',#32,#93);
#93 = DEFINITIONAL_REPRESENTATION('',(#94),#98);
#94 = LINE('',#95,#96);
#95 = CARTESIAN_POINT('',(0.,-50.));
#96 = VECTOR('',#97,1.);
#97 = DIRECTION('',(1.,0.));
#98 = ( GEOMETRIC_REPRESENTATION_CONTEXT(2) 
PARAMETRIC_REPRESENTATION_CONTEXT() REPRESENTATION_CONTEXT('2D SPACE',''
  ) );
#99 = PCURVE('',#100,#105);
#100 = PLANE('',#101);
#101 = AXIS2_PLACEMENT_3D('',#102,#103,#104);
#102 = CARTESIAN_POINT('',(-100.,25.,-150.));
#103 = DIRECTION('',(0.,1.,0.));
#104 = DIRECTION('',(0.,0.,1.));
#105 = DEFINITIONAL_REPRESENTATION('',(#106),#110);
#106 = LINE('',#107,#108);
#107 = CARTESIAN_POINT('',(0.,0.));
#108 = VECTOR('',#109,1.);
#109 = DIRECTION('',(1.,0.));
#110 = ( GEOMETRIC_REPRESENTATION_CONTEXT(2) 
PARAMETRIC_REPRESENTATION_CONTEXT() REPRESENTATION_CONTEXT('2D SPACE',''
  ) );
#111 = ORIENTED_EDGE('',*,*,#112,.F.);
#112 = EDGE_CURVE('',#24,#85,#113,.T.);
#113 = SURFACE_CURVE('',#114,(#118,#125),.PCURVE_S1.);
#114 = LINE('',#115,#116);
#115 = CARTESIAN_POINT('',(-100.,-25.,150.));
#116 = VECTOR('',#117,1.);
#117 = DIRECTION('',(0.,1.,0.));
#118 = PCURVE('',#32,#119);
#119 = DEFINITIONAL_REPRESENTATION('',(#120),#124);
#120 = LINE('',#121,#122);
#121 = CARTESIAN_POINT('',(300.,0.));
#122 = VECTOR('',#123,1.);
#123 = DIRECTION('',(0.,-1.));
#124 = ( GEOMETRIC_REPRESENTATION_CONTEXT(2) 
PARAMETRIC_REPRESENTATION_CONTEXT() REPRESENTATION_CONTEXT('2D SPACE',''
  ) );
#125 = PCURVE('',#126,#131);
#126 = PLANE('',#127);
#127 = AXIS2_PLACEMENT_3D('',#128,#129,#130);
#128 = CARTESIAN_POINT('',(-100.,-25.,150.));
#129 = DIRECTION('',(0.,0.,1.));
#130 = DIRECTION('',(1.,0.,0.));
#131 = DEFINITIONAL_REPRESENTATION('',(#132),#136);
#132 = LINE('',#133,#134);
#133 = CARTESIAN_POINT('',(0.,0.));
#134 = VECTOR('',#135,1.);
#135 = DIRECTION('',(0.,1.));
#136 = ( GEOMETRIC_REPRESENTATION_CONTEXT(2) 
PARAMETRIC_REPRESENTATION_CONTEXT() REPRESENTATION_CONTEXT('2D SPACE',''
  ) );
#137 = ADVANCED_FACE('',(#138,#213,#244),#44,.F.);
#138 = FACE_BOUND('',#139,.F.);
#139 = EDGE_LOOP('',(#140,#163,#164,#187));
#140 = ORIENTED_EDGE('',*,*,#141,.F.);
#141 = EDGE_CURVE('',#22,#142,#144,.T.);
#142 = VERTEX_POINT('',#143);
#143 = CARTESIAN_POINT('',(100.,-25.,-150.));
#144 = SURFACE_CURVE('',#145,(#149,#156),.PCURVE_S1.);
#145 = LINE('',#146,#147);
#146 = CARTESIAN_POINT('',(-100.,-25.,-150.));
#147 = VECTOR('',#148,1.);
#148 = DIRECTION('',(1.,0.,0.));
#149 = PCURVE('',#44,#150);
#150 = DEFINITIONAL_REPRESENTATION('',(#151),#155);
#151 = LINE('',#152,#153);
#152 = CARTESIAN_POINT('',(0.,0.));
#153 = VECTOR('',#154,1.);
#154 = DIRECTION('',(0.,1.));
#155 = ( GEOMETRIC_REPRESENTATION_CONTEXT(2) 
PARAMETRIC_REPRESENTATION_CONTEXT() REPRESENTATION_CONTEXT('2D SPACE',''
  ) );
#156 = PCURVE('',#72,#157);
#157 = DEFINITIONAL_REPRESENTATION('',(#158),#162);
#158 = LINE('',#159,#160);
#159 = CARTESIAN_POINT('',(0.,0.));
#160 = VECTOR('',#161,1.);
#161 = DIRECTION('',(1.,0.));
#162 = ( GEOMETRIC_REPRESENTATION_CONTEXT(2) 
PARAMETRIC_REPRESENTATION_CONTEXT() REPRESENTATION_CONTEXT('2D SPACE',''
  ) );
#163 = ORIENTED_EDGE('',*,*,#21,.T.);
#164 = ORIENTED_EDGE('',*,*,#165,.T.);
#165 = EDGE_CURVE('',#24,#166,#168,.T.);
#166 = VERTEX_POINT('',#167);
#167 = CARTESIAN_POINT('',(100.,-25.,150.));
#168 = SURFACE_CURVE('',#169,(#173,#180),.PCURVE_S1.);
#169 = LINE('',#170,#171);
#170 = CARTESIAN_POINT('',(-100.,-25.,150.));
#171 = VECTOR('',#172,1.);
#172 = DIRECTION('',(1.,0.,0.));
#173 = PCURVE('',#44,#174);
#174 = DEFINITIONAL_REPRESENTATION('',(#175),#179);
#175 = LINE('',#176,#177);
#176 = CARTESIAN_POINT('',(300.,0.));
#177 = VECTOR('',#178,1.);
#178 = DIRECTION('',(0.,1.));
#179 = ( GEOMETRIC_REPRESENTATION_CONTEXT(2) 
PARAMETRIC_REPRESENTATION_CONTEXT() REPRESENTATION_CONTEXT('2D SPACE',''
  ) );
#180 = PCURVE('',#126,#181);
#181 = DEFINITIONAL_REPRESENTATION('',(#182),#186);
#182 = LINE('',#183,#184);
#183 = CARTESIAN_POINT('',(0.,0.));
#184 = VECTOR('',#185,1.);
#185 = DIRECTION('',(1.,0.));
#186 = ( GEOMETRIC_REPRESENTATION_CONTEXT(2) 
PARAMETRIC_REPRESENTATION_CONTEXT() REPRESENTATION_CONTEXT('2D SPACE',''
  ) );
#187 = ORIENTED_EDGE('',*,*,#188,.F.);
#188 = EDGE_CURVE('',#142,#166,#189,.T.);
#189 = SURFACE_CURVE('',#190,(#194,#201),.PCURVE_S1.);
#190 = LINE('',#191,#192);
#191 = CARTESIAN_POINT('',(100.,-25.,-150.));
#192 = VECTOR('',#193,1.);
#193 = DIRECTION('',(0.,0.,1.));
#194 = PCURVE('',#44,#195);
#195 = DEFINITIONAL_REPRESENTATION('',(#196),#200);
#196 = LINE('',#197,#198);
#197 = CARTESIAN_POINT('',(0.,200.));
#198 = VECTOR('',#199,1.);
#199 = DIRECTION('',(1.,0.));
#200 = ( GEOMETRIC_REPRESENTATION_CONTEXT(2) 
PARAMETRIC_REPRESENTATION_CONTEXT() REPRESENTATION_CONTEXT('2D SPACE',''
  ) );
#201 = PCURVE('',#202,#207);
#202 = PLANE('',#203);
#203 = AXIS2_PLACEMENT_3D('',#204,#205,#206);
#204 = CARTESIAN_POINT('',(100.,-25.,-150.));
#205 = DIRECTION('',(1.,0.,0.));
#206 = DIRECTION('',(0.,0.,1.));
#207 = DEFINITIONAL_REPRESENTATION('',(#208),#212);
#208 = LINE('',#209,#210);
#209 = CARTESIAN_POINT('',(0.,0.));
#210 = VECTOR('',#211,1.);
#211 = DIRECTION('',(1.,0.));
#212 = ( GEOMETRIC_REPRESENTATION_CONTEXT(2) 
PARAMETRIC_REPRESENTATION_CONTEXT() REPRESENTATION_CONTEXT('2D SPACE',''
  ) );
#213 = FACE_BOUND('',#214,.F.);
#214 = EDGE_LOOP('',(#215));
#215 = ORIENTED_EDGE('',*,*,#216,.F.);
#216 = EDGE_CURVE('',#217,#217,#219,.T.);
#217 = VERTEX_POINT('',#218);
#218 = CARTESIAN_POINT('',(-33.33333333333,-25.,55.));
#219 = SURFACE_CURVE('',#220,(#225,#232),.PCURVE_S1.);
#220 = CIRCLE('',#221,5.);
#221 = AXIS2_PLACEMENT_3D('',#222,#223,#224);
#222 = CARTESIAN_POINT('',(-33.33333333333,-25.,50.));
#223 = DIRECTION('',(0.,1.,0.));
#224 = DIRECTION('',(0.,-0.,1.));
#225 = PCURVE('',#44,#226);
#226 = DEFINITIONAL_REPRESENTATION('',(#227),#231);
#227 = CIRCLE('',#228,5.);
#228 = AXIS2_PLACEMENT_2D('',#229,#230);
#229 = CARTESIAN_POINT('',(200.,66.666666666667));
#230 = DIRECTION('',(1.,0.));
#231 = ( GEOMETRIC_REPRESENTATION_CONTEXT(2) 
PARAMETRIC_REPRESENTATION_CONTEXT() REPRESENTATION_CONTEXT('2D SPACE',''
  ) );
#232 = PCURVE('',#233,#238);
#233 = CYLINDRICAL_SURFACE('',#234,5.);
#234 = AXIS2_PLACEMENT_3D('',#235,#236,#237);
#235 = CARTESIAN_POINT('',(-33.33333333333,23.39218452154,50.));
#236 = DIRECTION('',(0.,1.,0.));
#237 = DIRECTION('',(0.,0.,1.));
#238 = DEFINITIONAL_REPRESENTATION('',(#239),#243);
#239 = LINE('',#240,#241);
#240 = CARTESIAN_POINT('',(0.,-48.39218452154));
#241 = VECTOR('',#242,1.);
#242 = DIRECTION('',(1.,0.));
#243 = ( GEOMETRIC_REPRESENTATION_CONTEXT(2) 
PARAMETRIC_REPRESENTATION_CONTEXT() REPRESENTATION_CONTEXT('2D SPACE',''
  ) );
#244 = FACE_BOUND('',#245,.F.);
#245 = EDGE_LOOP('',(#246));
#246 = ORIENTED_EDGE('',*,*,#247,.F.);
#247 = EDGE_CURVE('',#248,#248,#250,.T.);
#248 = VERTEX_POINT('',#249);
#249 = CARTESIAN_POINT('',(33.333333333333,-25.,-45.));
#250 = SURFACE_CURVE('',#251,(#256,#263),.PCURVE_S1.);
#251 = CIRCLE('',#252,5.);
#252 = AXIS2_PLACEMENT_3D('',#253,#254,#255);
#253 = CARTESIAN_POINT('',(33.333333333333,-25.,-50.));
#254 = DIRECTION('',(0.,1.,0.));
#255 = DIRECTION('',(0.,-0.,1.));
#256 = PCURVE('',#44,#257);
#257 = DEFINITIONAL_REPRESENTATION('',(#258),#262);
#258 = CIRCLE('',#259,5.);
#259 = AXIS2_PLACEMENT_2D('',#260,#261);
#260 = CARTESIAN_POINT('',(100.,133.33333333333));
#261 = DIRECTION('',(1.,0.));
#262 = ( GEOMETRIC_REPRESENTATION_CONTEXT(2) 
PARAMETRIC_REPRESENTATION_CONTEXT() REPRESENTATION_CONTEXT('2D SPACE',''
  ) );
#263 = PCURVE('',#264,#269);
#264 = CYLINDRICAL_SURFACE('',#265,5.);
#265 = AXIS2_PLACEMENT_3D('',#266,#267,#268);
#266 = CARTESIAN_POINT('',(33.333333333333,23.39218452154,-50.));
#267 = DIRECTION('',(0.,1.,0.));
#268 = DIRECTION('',(0.,0.,1.));
#269 = DEFINITIONAL_REPRESENTATION('',(#270),#274);
#270 = LINE('',#271,#272);
#271 = CARTESIAN_POINT('',(0.,-48.39218452154));
#272 = VECTOR('',#273,1.);
#273 = DIRECTION('',(1.,0.));
#274 = ( GEOMETRIC_REPRESENTATION_CONTEXT(2) 
PARAMETRIC_REPRESENTATION_CONTEXT() REPRESENTATION_CONTEXT('2D SPACE',''
  ) );
#275 = ADVANCED_FACE('',(#276),#126,.T.);
#276 = FACE_BOUND('',#277,.T.);
#277 = EDGE_LOOP('',(#278,#279,#280,#303));
#278 = ORIENTED_EDGE('',*,*,#112,.F.);
#279 = ORIENTED_EDGE('',*,*,#165,.T.);
#280 = ORIENTED_EDGE('',*,*,#281,.T.);
#281 = EDGE_CURVE('',#166,#282,#284,.T.);
#282 = VERTEX_POINT('',#283);
#283 = CARTESIAN_POINT('',(100.,25.,150.));
#284 = SURFACE_CURVE('',#285,(#289,#296),.PCURVE_S1.);
#285 = LINE('',#286,#287);
#286 = CARTESIAN_POINT('',(100.,-25.,150.));
#287 = VECTOR('',#288,1.);
#288 = DIRECTION('',(0.,1.,0.));
#289 = PCURVE('',#126,#290);
#290 = DEFINITIONAL_REPRESENTATION('',(#291),#295);
#291 = LINE('',#292,#293);
#292 = CARTESIAN_POINT('',(200.,0.));
#293 = VECTOR('',#294,1.);
#294 = DIRECTION('',(0.,1.));
#295 = ( GEOMETRIC_REPRESENTATION_CONTEXT(2) 
PARAMETRIC_REPRESENTATION_CONTEXT() REPRESENTATION_CONTEXT('2D SPACE',''
  ) );
#296 = PCURVE('',#202,#297);
#297 = DEFINITIONAL_REPRESENTATION('',(#298),#302);
#298 = LINE('',#299,#300);
#299 = CARTESIAN_POINT('',(300.,0.));
#300 = VECTOR('',#301,1.);
#301 = DIRECTION('',(0.,-1.));
#302 = ( GEOMETRIC_REPRESENTATION_CONTEXT(2) 
PARAMETRIC_REPRESENTATION_CONTEXT() REPRESENTATION_CONTEXT('2D SPACE',''
  ) );
#303 = ORIENTED_EDGE('',*,*,#304,.F.);
#304 = EDGE_CURVE('',#85,#282,#305,.T.);
#305 = SURFACE_CURVE('',#306,(#310,#317),.PCURVE_S1.);
#306 = LINE('',#307,#308);
#307 = CARTESIAN_POINT('',(-100.,25.,150.));
#308 = VECTOR('',#309,1.);
#309 = DIRECTION('',(1.,0.,0.));
#310 = PCURVE('',#126,#311);
#311 = DEFINITIONAL_REPRESENTATION('',(#312),#316);
#312 = LINE('',#313,#314);
#313 = CARTESIAN_POINT('',(0.,50.));
#314 = VECTOR('',#315,1.);
#315 = DIRECTION('',(1.,0.));
#316 = ( GEOMETRIC_REPRESENTATION_CONTEXT(2) 
PARAMETRIC_REPRESENTATION_CONTEXT() REPRESENTATION_CONTEXT('2D SPACE',''
  ) );
#317 = PCURVE('',#100,#318);
#318 = DEFINITIONAL_REPRESENTATION('',(#319),#323);
#319 = LINE('',#320,#321);
#320 = CARTESIAN_POINT('',(300.,0.));
#321 = VECTOR('',#322,1.);
#322 = DIRECTION('',(0.,1.));
#323 = ( GEOMETRIC_REPRESENTATION_CONTEXT(2) 
PARAMETRIC_REPRESENTATION_CONTEXT() REPRESENTATION_CONTEXT('2D SPACE',''
  ) );
#324 = ADVANCED_FACE('',(#325,#373,#404),#100,.T.);
#325 = FACE_BOUND('',#326,.T.);
#326 = EDGE_LOOP('',(#327,#350,#351,#352));
#327 = ORIENTED_EDGE('',*,*,#328,.F.);
#328 = EDGE_CURVE('',#57,#329,#331,.T.);
#329 = VERTEX_POINT('',#330);
#330 = CARTESIAN_POINT('',(100.,25.,-150.));
#331 = SURFACE_CURVE('',#332,(#336,#343),.PCURVE_S1.);
#332 = LINE('',#333,#334);
#333 = CARTESIAN_POINT('',(-100.,25.,-150.));
#334 = VECTOR('',#335,1.);
#335 = DIRECTION('',(1.,0.,0.));
#336 = PCURVE('',#100,#337);
#337 = DEFINITIONAL_REPRESENTATION('',(#338),#342);
#338 = LINE('',#339,#340);
#339 = CARTESIAN_POINT('',(0.,0.));
#340 = VECTOR('',#341,1.);
#341 = DIRECTION('',(0.,1.));
#342 = ( GEOMETRIC_REPRESENTATION_CONTEXT(2) 
PARAMETRIC_REPRESENTATION_CONTEXT() REPRESENTATION_CONTEXT('2D SPACE',''
  ) );
#343 = PCURVE('',#72,#344);
#344 = DEFINITIONAL_REPRESENTATION('',(#345),#349);
#345 = LINE('',#346,#347);
#346 = CARTESIAN_POINT('',(0.,50.));
#347 = VECTOR('',#348,1.);
#348 = DIRECTION('',(1.,0.));
#349 = ( GEOMETRIC_REPRESENTATION_CONTEXT(2) 
PARAMETRIC_REPRESENTATION_CONTEXT() REPRESENTATION_CONTEXT('2D SPACE',''
  ) );
#350 = ORIENTED_EDGE('',*,*,#84,.T.);
#351 = ORIENTED_EDGE('',*,*,#304,.T.);
#352 = ORIENTED_EDGE('',*,*,#353,.F.);
#353 = EDGE_CURVE('',#329,#282,#354,.T.);
#354 = SURFACE_CURVE('',#355,(#359,#366),.PCURVE_S1.);
#355 = LINE('',#356,#357);
#356 = CARTESIAN_POINT('',(100.,25.,-150.));
#357 = VECTOR('',#358,1.);
#358 = DIRECTION('',(0.,0.,1.));
#359 = PCURVE('',#100,#360);
#360 = DEFINITIONAL_REPRESENTATION('',(#361),#365);
#361 = LINE('',#362,#363);
#362 = CARTESIAN_POINT('',(0.,200.));
#363 = VECTOR('',#364,1.);
#364 = DIRECTION('',(1.,0.));
#365 = ( GEOMETRIC_REPRESENTATION_CONTEXT(2) 
PARAMETRIC_REPRESENTATION_CONTEXT() REPRESENTATION_CONTEXT('2D SPACE',''
  ) );
#366 = PCURVE('',#202,#367);
#367 = DEFINITIONAL_REPRESENTATION('',(#368),#372);
#368 = LINE('',#369,#370);
#369 = CARTESIAN_POINT('',(0.,-50.));
#370 = VECTOR('',#371,1.);
#371 = DIRECTION('',(1.,0.));
#372 = ( GEOMETRIC_REPRESENTATION_CONTEXT(2) 
PARAMETRIC_REPRESENTATION_CONTEXT() REPRESENTATION_CONTEXT('2D SPACE',''
  ) );
#373 = FACE_BOUND('',#374,.T.);
#374 = EDGE_LOOP('',(#375));
#375 = ORIENTED_EDGE('',*,*,#376,.F.);
#376 = EDGE_CURVE('',#377,#377,#379,.T.);
#377 = VERTEX_POINT('',#378);
#378 = CARTESIAN_POINT('',(-33.33333333333,25.,58.));
#379 = SURFACE_CURVE('',#380,(#385,#392),.PCURVE_S1.);
#380 = CIRCLE('',#381,8.);
#381 = AXIS2_PLACEMENT_3D('',#382,#383,#384);
#382 = CARTESIAN_POINT('',(-33.33333333333,25.,50.));
#383 = DIRECTION('',(0.,1.,0.));
#384 = DIRECTION('',(0.,0.,1.));
#385 = PCURVE('',#100,#386);
#386 = DEFINITIONAL_REPRESENTATION('',(#387),#391);
#387 = CIRCLE('',#388,8.);
#388 = AXIS2_PLACEMENT_2D('',#389,#390);
#389 = CARTESIAN_POINT('',(200.,66.666666666667));
#390 = DIRECTION('',(1.,0.));
#391 = ( GEOMETRIC_REPRESENTATION_CONTEXT(2) 
PARAMETRIC_REPRESENTATION_CONTEXT() REPRESENTATION_CONTEXT('2D SPACE',''
  ) );
#392 = PCURVE('',#393,#398);
#393 = CYLINDRICAL_SURFACE('',#394,8.);
#394 = AXIS2_PLACEMENT_3D('',#395,#396,#397);
#395 = CARTESIAN_POINT('',(-33.33333333333,25.,50.));
#396 = DIRECTION('',(0.,1.,0.));
#397 = DIRECTION('',(0.,0.,1.));
#398 = DEFINITIONAL_REPRESENTATION('',(#399),#403);
#399 = LINE('',#400,#401);
#400 = CARTESIAN_POINT('',(0.,0.));
#401 = VECTOR('',#402,1.);
#402 = DIRECTION('',(1.,0.));
#403 = ( GEOMETRIC_REPRESENTATION_CONTEXT(2) 
PARAMETRIC_REPRESENTATION_CONTEXT() REPRESENTATION_CONTEXT('2D SPACE',''
  ) );
#404 = FACE_BOUND('',#405,.T.);
#405 = EDGE_LOOP('',(#406));
#406 = ORIENTED_EDGE('',*,*,#407,.F.);
#407 = EDGE_CURVE('',#408,#408,#410,.T.);
#408 = VERTEX_POINT('',#409);
#409 = CARTESIAN_POINT('',(33.333333333333,25.,-42.));
#410 = SURFACE_CURVE('',#411,(#416,#423),.PCURVE_S1.);
#411 = CIRCLE('',#412,8.);
#412 = AXIS2_PLACEMENT_3D('',#413,#414,#415);
#413 = CARTESIAN_POINT('',(33.333333333333,25.,-50.));
#414 = DIRECTION('',(0.,1.,0.));
#415 = DIRECTION('',(0.,0.,1.));
#416 = PCURVE('',#100,#417);
#417 = DEFINITIONAL_REPRESENTATION('',(#418),#422);
#418 = CIRCLE('',#419,8.);
#419 = AXIS2_PLACEMENT_2D('',#420,#421);
#420 = CARTESIAN_POINT('',(100.,133.33333333333));
#421 = DIRECTION('',(1.,0.));
#422 = ( GEOMETRIC_REPRESENTATION_CONTEXT(2) 
PARAMETRIC_REPRESENTATION_CONTEXT() REPRESENTATION_CONTEXT('2D SPACE',''
  ) );
#423 = PCURVE('',#424,#429);
#424 = CYLINDRICAL_SURFACE('',#425,8.);
#425 = AXIS2_PLACEMENT_3D('',#426,#427,#428);
#426 = CARTESIAN_POINT('',(33.333333333333,25.,-50.));
#427 = DIRECTION('',(0.,1.,0.));
#428 = DIRECTION('',(0.,0.,1.));
#429 = DEFINITIONAL_REPRESENTATION('',(#430),#434);
#430 = LINE('',#431,#432);
#431 = CARTESIAN_POINT('',(0.,0.));
#432 = VECTOR('',#433,1.);
#433 = DIRECTION('',(1.,0.));
#434 = ( GEOMETRIC_REPRESENTATION_CONTEXT(2) 
PARAMETRIC_REPRESENTATION_CONTEXT() REPRESENTATION_CONTEXT('2D SPACE',''
  ) );
#435 = ADVANCED_FACE('',(#436),#72,.F.);
#436 = FACE_BOUND('',#437,.F.);
#437 = EDGE_LOOP('',(#438,#439,#440,#461));
#438 = ORIENTED_EDGE('',*,*,#56,.F.);
#439 = ORIENTED_EDGE('',*,*,#141,.T.);
#440 = ORIENTED_EDGE('',*,*,#441,.T.);
#441 = EDGE_CURVE('',#142,#329,#442,.T.);
#442 = SURFACE_CURVE('',#443,(#447,#454),.PCURVE_S1.);
#443 = LINE('',#444,#445);
#444 = CARTESIAN_POINT('',(100.,-25.,-150.));
#445 = VECTOR('',#446,1.);
#446 = DIRECTION('',(0.,1.,0.));
#447 = PCURVE('',#72,#448);
#448 = DEFINITIONAL_REPRESENTATION('',(#449),#453);
#449 = LINE('',#450,#451);
#450 = CARTESIAN_POINT('',(200.,0.));
#451 = VECTOR('',#452,1.);
#452 = DIRECTION('',(0.,1.));
#453 = ( GEOMETRIC_REPRESENTATION_CONTEXT(2) 
PARAMETRIC_REPRESENTATION_CONTEXT() REPRESENTATION_CONTEXT('2D SPACE',''
  ) );
#454 = PCURVE('',#202,#455);
#455 = DEFINITIONAL_REPRESENTATION('',(#456),#460);
#456 = LINE('',#457,#458);
#457 = CARTESIAN_POINT('',(0.,0.));
#458 = VECTOR('',#459,1.);
#459 = DIRECTION('',(0.,-1.));
#460 = ( GEOMETRIC_REPRESENTATION_CONTEXT(2) 
PARAMETRIC_REPRESENTATION_CONTEXT() REPRESENTATION_CONTEXT('2D SPACE',''
  ) );
#461 = ORIENTED_EDGE('',*,*,#328,.F.);
#462 = ADVANCED_FACE('',(#463),#202,.T.);
#463 = FACE_BOUND('',#464,.T.);
#464 = EDGE_LOOP('',(#465,#466,#467,#468));
#465 = ORIENTED_EDGE('',*,*,#188,.F.);
#466 = ORIENTED_EDGE('',*,*,#441,.T.);
#467 = ORIENTED_EDGE('',*,*,#353,.T.);
#468 = ORIENTED_EDGE('',*,*,#281,.F.);
#469 = ADVANCED_FACE('',(#470),#233,.F.);
#470 = FACE_BOUND('',#471,.F.);
#471 = EDGE_LOOP('',(#472,#495,#1670,#1671));
#472 = ORIENTED_EDGE('',*,*,#473,.F.);
#473 = EDGE_CURVE('',#474,#217,#476,.T.);
#474 = VERTEX_POINT('',#475);
#475 = CARTESIAN_POINT('',(-33.33333333333,21.6,55.));
#476 = SEAM_CURVE('',#477,(#481,#488),.PCURVE_S1.);
#477 = LINE('',#478,#479);
#478 = CARTESIAN_POINT('',(-33.33333333333,23.39218452154,55.));
#479 = VECTOR('',#480,1.);
#480 = DIRECTION('',(-0.,-1.,-0.));
#481 = PCURVE('',#233,#482);
#482 = DEFINITIONAL_REPRESENTATION('',(#483),#487);
#483 = LINE('',#484,#485);
#484 = CARTESIAN_POINT('',(6.28318530718,0.));
#485 = VECTOR('',#486,1.);
#486 = DIRECTION('',(0.,-1.));
#487 = ( GEOMETRIC_REPRESENTATION_CONTEXT(2) 
PARAMETRIC_REPRESENTATION_CONTEXT() REPRESENTATION_CONTEXT('2D SPACE',''
  ) );
#488 = PCURVE('',#233,#489);
#489 = DEFINITIONAL_REPRESENTATION('',(#490),#494);
#490 = LINE('',#491,#492);
#491 = CARTESIAN_POINT('',(0.,0.));
#492 = VECTOR('',#493,1.);
#493 = DIRECTION('',(0.,-1.));
#494 = ( GEOMETRIC_REPRESENTATION_CONTEXT(2) 
PARAMETRIC_REPRESENTATION_CONTEXT() REPRESENTATION_CONTEXT('2D SPACE',''
  ) );
#495 = ORIENTED_EDGE('',*,*,#496,.F.);
#496 = EDGE_CURVE('',#474,#474,#497,.T.);
#497 = SURFACE_CURVE('',#498,(#885,#1275),.PCURVE_S1.);
#498 = B_SPLINE_CURVE_WITH_KNOTS('',7,(#499,#500,#501,#502,#503,#504,
    #505,#506,#507,#508,#509,#510,#511,#512,#513,#514,#515,#516,#517,
    #518,#519,#520,#521,#522,#523,#524,#525,#526,#527,#528,#529,#530,
    #531,#532,#533,#534,#535,#536,#537,#538,#539,#540,#541,#542,#543,
    #544,#545,#546,#547,#548,#549,#550,#551,#552,#553,#554,#555,#556,
    #557,#558,#559,#560,#561,#562,#563,#564,#565,#566,#567,#568,#569,
    #570,#571,#572,#573,#574,#575,#576,#577,#578,#579,#580,#581,#582,
    #583,#584,#585,#586,#587,#588,#589,#590,#591,#592,#593,#594,#595,
    #596,#597,#598,#599,#600,#601,#602,#603,#604,#605,#606,#607,#608,
    #609,#610,#611,#612,#613,#614,#615,#616,#617,#618,#619,#620,#621,
    #622,#623,#624,#625,#626,#627,#628,#629,#630,#631,#632,#633,#634,
    #635,#636,#637,#638,#639,#640,#641,#642,#643,#644,#645,#646,#647,
    #648,#649,#650,#651,#652,#653,#654,#655,#656,#657,#658,#659,#660,
    #661,#662,#663,#664,#665,#666,#667,#668,#669,#670,#671,#672,#673,
    #674,#675,#676,#677,#678,#679,#680,#681,#682,#683,#684,#685,#686,
    #687,#688,#689,#690,#691,#692,#693,#694,#695,#696,#697,#698,#699,
    #700,#701,#702,#703,#704,#705,#706,#707,#708,#709,#710,#711,#712,
    #713,#714,#715,#716,#717,#718,#719,#720,#721,#722,#723,#724,#725,
    #726,#727,#728,#729,#730,#731,#732,#733,#734,#735,#736,#737,#738,
    #739,#740,#741,#742,#743,#744,#745,#746,#747,#748,#749,#750,#751,
    #752,#753,#754,#755,#756,#757,#758,#759,#760,#761,#762,#763,#764,
    #765,#766,#767,#768,#769,#770,#771,#772,#773,#774,#775,#776,#777,
    #778,#779,#780,#781,#782,#783,#784,#785,#786,#787,#788,#789,#790,
    #791,#792,#793,#794,#795,#796,#797,#798,#799,#800,#801,#802,#803,
    #804,#805,#806,#807,#808,#809,#810,#811,#812,#813,#814,#815,#816,
    #817,#818,#819,#820,#821,#822,#823,#824,#825,#826,#827,#828,#829,
    #830,#831,#832,#833,#834,#835,#836,#837,#838,#839,#840,#841,#842,
    #843,#844,#845,#846,#847,#848,#849,#850,#851,#852,#853,#854,#855,
    #856,#857,#858,#859,#860,#861,#862,#863,#864,#865,#866,#867,#868,
    #869,#870,#871,#872,#873,#874,#875,#876,#877,#878,#879,#880,#881,
    #882,#883,#884),.UNSPECIFIED.,.T.,.F.,(8,6,6,6,6,6,6,6,6,6,6,6,6,6,6
    ,6,6,6,6,6,6,6,6,6,6,6,6,6,6,6,6,6,6,6,6,6,6,6,6,6,6,6,6,6,6,6,6,6,6
    ,6,6,6,6,6,6,6,6,6,6,6,6,6,6,6,8),(0.,1.859295713105E-02,
    3.3166026687E-02,4.773909624296E-02,6.231216579892E-02,
    7.688523535488E-02,9.145830491085E-02,0.10552885491,0.118091846161,
    0.13165987659,0.146232946146,0.160303496145,0.174876565701,
    0.189449635257,0.204022704813,0.212063019381,0.22613356938,
    0.239199080226,0.253772149782,0.268345219338,0.282415769337,
    0.296988838893,0.308546790926,0.323119860482,0.333672773265,
    0.34673828411,0.361311353666,0.375884423222,0.390457492778,
    0.404025523207,0.418598592763,0.433171662319,0.447744731875,
    0.461312762303,0.475885831859,0.490458901415,0.505031970971,
    0.517594962222,0.532168031778,0.546741101334,0.56131417089,
    0.575887240446,0.590460310002,0.604028340431,0.61809889043,
    0.632671959986,0.646742509985,0.661315579541,0.67488360997,
    0.689456679526,0.704029749082,0.718602818638,0.733175888194,
    0.74774895775,0.761819507749,0.776392577305,0.790965646861,
    0.805538716417,0.820111785973,0.834684855529,0.849257925085,
    0.863830994641,0.878404064197,0.891972094626,1.),.UNSPECIFIED.);
#499 = CARTESIAN_POINT('',(-33.33333333333,21.6,55.));
#500 = CARTESIAN_POINT('',(-33.24988305339,21.6,55.));
#501 = CARTESIAN_POINT('',(-33.1664378237,21.6,54.998375196803));
#502 = CARTESIAN_POINT('',(-33.08303247904,21.6,54.99512566647));
#503 = CARTESIAN_POINT('',(-32.99970297403,21.6,54.990252568844));
#504 = CARTESIAN_POINT('',(-32.91648638315,21.6,54.983758147549));
#505 = CARTESIAN_POINT('',(-32.83342090067,21.6,54.975645729989));
#506 = CARTESIAN_POINT('',(-32.68558877103,21.6,54.958296533689));
#507 = CARTESIAN_POINT('',(-32.62074802707,21.6,54.949682050497));
#508 = CARTESIAN_POINT('',(-32.5560417785,21.6,54.940078410456));
#509 = CARTESIAN_POINT('',(-32.4914881272,21.6,54.929488159188));
#510 = CARTESIAN_POINT('',(-32.42710510728,21.6,54.917914255254));
#511 = CARTESIAN_POINT('',(-32.36291068514,21.6,54.905360070156));
#512 = CARTESIAN_POINT('',(-32.2349348337,21.6,54.878298706517));
#513 = CARTESIAN_POINT('',(-32.17115338612,21.6,54.863791524111));
#514 = CARTESIAN_POINT('',(-32.10759631517,21.6,54.848311626224));
#515 = CARTESIAN_POINT('',(-32.04428141415,21.6,54.831863202981));
#516 = CARTESIAN_POINT('',(-31.98122637111,21.6,54.814450849519));
#517 = CARTESIAN_POINT('',(-31.9184487689,21.6,54.796079565993));
#518 = CARTESIAN_POINT('',(-31.79348340141,21.6,54.757429949159));
#519 = CARTESIAN_POINT('',(-31.73129561827,21.6,54.737151610329));
#520 = CARTESIAN_POINT('',(-31.66942021317,21.6,54.715925146907));
#521 = CARTESIAN_POINT('',(-31.60787452173,21.6,54.693756358411));
#522 = CARTESIAN_POINT('',(-31.54667573774,21.6,54.670651438059));
#523 = CARTESIAN_POINT('',(-31.48584091321,21.6,54.646616972767));
#524 = CARTESIAN_POINT('',(-31.36493300344,21.6,54.596702913533));
#525 = CARTESIAN_POINT('',(-31.30485990093,21.6,54.570823312463));
#526 = CARTESIAN_POINT('',(-31.24518456071,21.6,54.54402812118));
#527 = CARTESIAN_POINT('',(-31.18592371551,21.6,54.516324700012));
#528 = CARTESIAN_POINT('',(-31.12709392081,21.6,54.487720788368));
#529 = CARTESIAN_POINT('',(-31.0687115549,21.6,54.458224504738));
#530 = CARTESIAN_POINT('',(-30.95287408279,21.6,54.397464188656));
#531 = CARTESIAN_POINT('',(-30.89541896005,21.6,54.366200147526));
#532 = CARTESIAN_POINT('',(-30.83844365137,21.6,54.334060721482));
#533 = CARTESIAN_POINT('',(-30.78196414637,21.6,54.301054769992));
#534 = CARTESIAN_POINT('',(-30.72599622353,21.6,54.267191513814));
#535 = CARTESIAN_POINT('',(-30.6705554502,21.6,54.232480534997));
#536 = CARTESIAN_POINT('',(-30.56265195841,21.6,54.162608837809));
#537 = CARTESIAN_POINT('',(-30.51015245692,21.6,54.127504892169));
#538 = CARTESIAN_POINT('',(-30.45817249878,21.6,54.091628889684));
#539 = CARTESIAN_POINT('',(-30.40672569365,21.6,54.05499007629));
#540 = CARTESIAN_POINT('',(-30.35582544026,21.6,54.017597994138));
#541 = CARTESIAN_POINT('',(-30.30548492637,21.6,53.979462481593));
#542 = CARTESIAN_POINT('',(-30.2112815946,21.6,53.905889379563));
#543 = CARTESIAN_POINT('',(-30.16730261789,21.6,53.870600500399));
#544 = CARTESIAN_POINT('',(-30.12378943353,21.6,53.834734248371));
#545 = CARTESIAN_POINT('',(-30.08075112704,21.6,53.79829801249));
#546 = CARTESIAN_POINT('',(-30.03819663462,21.6,53.761299358148));
#547 = CARTESIAN_POINT('',(-29.99613474316,21.6,53.723746027119));
#548 = CARTESIAN_POINT('',(-29.90968858543,21.6,53.644497841205));
#549 = CARTESIAN_POINT('',(-29.86538771662,21.6,53.602711997761));
#550 = CARTESIAN_POINT('',(-29.82168236556,21.6,53.560298383231));
#551 = CARTESIAN_POINT('',(-29.77858319187,21.6,53.517267196118));
#552 = CARTESIAN_POINT('',(-29.73610063303,21.6,53.473628857431));
#553 = CARTESIAN_POINT('',(-29.69424490436,21.6,53.429394010682));
#554 = CARTESIAN_POINT('',(-29.60875384194,21.6,53.336432997421));
#555 = CARTESIAN_POINT('',(-29.56521633521,21.6,53.287616843278));
#556 = CARTESIAN_POINT('',(-29.52242586231,21.6,53.238138525452));
#557 = CARTESIAN_POINT('',(-29.48039448606,21.6,53.188011778811));
#558 = CARTESIAN_POINT('',(-29.4391339486,21.6,53.13725060709));
#559 = CARTESIAN_POINT('',(-29.39865567145,21.6,53.085869282893));
#560 = CARTESIAN_POINT('',(-29.32065428462,21.6,52.983688065133));
#561 = CARTESIAN_POINT('',(-29.28307739368,21.6,52.932929204594));
#562 = CARTESIAN_POINT('',(-29.2462500732,21.6,52.881618854088));
#563 = CARTESIAN_POINT('',(-29.21018201521,21.6,52.829770309291));
#564 = CARTESIAN_POINT('',(-29.17488261322,21.6,52.777397073554));
#565 = CARTESIAN_POINT('',(-29.14036096219,21.6,52.72451285789));
#566 = CARTESIAN_POINT('',(-29.07168593006,21.6,52.615843830235));
#567 = CARTESIAN_POINT('',(-29.03758972469,21.6,52.560022864848));
#568 = CARTESIAN_POINT('',(-29.00434701552,21.6,52.503684149983));
#569 = CARTESIAN_POINT('',(-28.97196721198,21.6,52.446843357925));
#570 = CARTESIAN_POINT('',(-28.94045935991,21.6,52.38951636809));
#571 = CARTESIAN_POINT('',(-28.90983214154,21.6,52.331719267022));
#572 = CARTESIAN_POINT('',(-28.85035560944,21.6,52.215217429763));
#573 = CARTESIAN_POINT('',(-28.82150628723,21.6,52.156512676933));
#574 = CARTESIAN_POINT('',(-28.79355422687,21.6,52.097370383882));
#575 = CARTESIAN_POINT('',(-28.76650736537,21.6,52.037807017608));
#576 = CARTESIAN_POINT('',(-28.74037325872,21.6,51.977839218121));
#577 = CARTESIAN_POINT('',(-28.71515908189,21.6,51.917483798447));
#578 = CARTESIAN_POINT('',(-28.66658417577,21.6,51.796031690808));
#579 = CARTESIAN_POINT('',(-28.64322343954,21.6,51.734934985495));
#580 = CARTESIAN_POINT('',(-28.62079621347,21.6,51.673484614981));
#581 = CARTESIAN_POINT('',(-28.59930889563,21.6,51.61169770301));
#582 = CARTESIAN_POINT('',(-28.57876748886,21.6,51.549591510778));
#583 = CARTESIAN_POINT('',(-28.55917760075,21.6,51.487183436931));
#584 = CARTESIAN_POINT('',(-28.53026408072,21.6,51.389902095119));
#585 = CARTESIAN_POINT('',(-28.52027494525,21.6,51.355226614859));
#586 = CARTESIAN_POINT('',(-28.51057791204,21.6,51.320467520048));
#587 = CARTESIAN_POINT('',(-28.50117381844,21.6,51.285627764054));
#588 = CARTESIAN_POINT('',(-28.49206346435,21.6,51.250710310346));
#589 = CARTESIAN_POINT('',(-28.48324761226,21.6,51.215718132498));
#590 = CARTESIAN_POINT('',(-28.45981589391,21.6,51.119292359298));
#591 = CARTESIAN_POINT('',(-28.44580893133,21.6,51.057710790178));
#592 = CARTESIAN_POINT('',(-28.43270998719,21.6,50.995925506612));
#593 = CARTESIAN_POINT('',(-28.42052259237,21.6,50.933952578553));
#594 = CARTESIAN_POINT('',(-28.40924992094,21.6,50.871808146125));
#595 = CARTESIAN_POINT('',(-28.39889479014,21.6,50.809508419625));
#596 = CARTESIAN_POINT('',(-28.3806984684,21.6,50.68909084884));
#597 = CARTESIAN_POINT('',(-28.37273054077,21.6,50.630992142358));
#598 = CARTESIAN_POINT('',(-28.36555784685,21.6,50.572786593677));
#599 = CARTESIAN_POINT('',(-28.35918208721,21.6,50.514487265793));
#600 = CARTESIAN_POINT('',(-28.35360469366,21.6,50.456107251092));
#601 = CARTESIAN_POINT('',(-28.34882682926,21.6,50.397659671353));
#602 = CARTESIAN_POINT('',(-28.34041301195,21.6,50.273905455154));
#603 = CARTESIAN_POINT('',(-28.33697242762,21.6,50.208585521162));
#604 = CARTESIAN_POINT('',(-28.33452887593,21.6,50.143216128012));
#605 = CARTESIAN_POINT('',(-28.3330831791,21.6,50.077815537193));
#606 = CARTESIAN_POINT('',(-28.33263574103,21.6,50.012402019439));
#607 = CARTESIAN_POINT('',(-28.33318654723,21.6,49.946993854737));
#608 = CARTESIAN_POINT('',(-28.33628378249,21.6,49.816224809897));
#609 = CARTESIAN_POINT('',(-28.33883021201,21.6,49.750863911082));
#610 = CARTESIAN_POINT('',(-28.34237401988,21.6,49.685544925086));
#611 = CARTESIAN_POINT('',(-28.34691435515,21.6,49.620286112084));
#612 = CARTESIAN_POINT('',(-28.35244994939,21.6,49.555105703202));
#613 = CARTESIAN_POINT('',(-28.35897911675,21.6,49.490021900525));
#614 = CARTESIAN_POINT('',(-28.37376105876,21.6,49.362324164444));
#615 = CARTESIAN_POINT('',(-28.381946637,21.6,49.29970243527));
#616 = CARTESIAN_POINT('',(-28.39105459499,21.6,49.237204045657));
#617 = CARTESIAN_POINT('',(-28.40108268007,21.6,49.174845293952));
#618 = CARTESIAN_POINT('',(-28.41202828056,21.6,49.112642420764));
#619 = CARTESIAN_POINT('',(-28.42388842571,21.6,49.050611608962));
#620 = CARTESIAN_POINT('',(-28.44988726569,21.6,48.924717693582));
#621 = CARTESIAN_POINT('',(-28.46409221317,21.6,48.860868254553));
#622 = CARTESIAN_POINT('',(-28.47927092788,21.6,48.797238582815));
#623 = CARTESIAN_POINT('',(-28.49541930401,21.6,48.733846491296));
#624 = CARTESIAN_POINT('',(-28.51253283025,21.6,48.670709689625));
#625 = CARTESIAN_POINT('',(-28.53060658978,21.6,48.607845784131));
#626 = CARTESIAN_POINT('',(-28.56472696483,21.6,48.495645012885));
#627 = CARTESIAN_POINT('',(-28.5804193234,21.6,48.446200404383));
#628 = CARTESIAN_POINT('',(-28.59670968143,21.6,48.396947181125));
#629 = CARTESIAN_POINT('',(-28.61359522788,21.6,48.347894018007));
#630 = CARTESIAN_POINT('',(-28.63107299512,21.6,48.299049536041));
#631 = CARTESIAN_POINT('',(-28.64913985901,21.6,48.25042230235));
#632 = CARTESIAN_POINT('',(-28.69131113455,21.6,48.140992888657));
#633 = CARTESIAN_POINT('',(-28.71576106091,21.6,48.080323847967));
#634 = CARTESIAN_POINT('',(-28.74113573905,21.6,48.020030778589));
#635 = CARTESIAN_POINT('',(-28.7674282069,21.6,47.960130582822));
#636 = CARTESIAN_POINT('',(-28.79463111924,21.6,47.900639994776));
#637 = CARTESIAN_POINT('',(-28.82273674765,21.6,47.841575580372));
#638 = CARTESIAN_POINT('',(-28.87273714989,21.6,47.740503435824));
#639 = CARTESIAN_POINT('',(-28.89420643108,21.6,47.69828520192));
#640 = CARTESIAN_POINT('',(-28.91614174514,21.6,47.65630525943));
#641 = CARTESIAN_POINT('',(-28.93853991174,21.6,47.61456977775));
#642 = CARTESIAN_POINT('',(-28.96139764912,21.6,47.573084871869));
#643 = CARTESIAN_POINT('',(-28.9847115742,21.6,47.531856602367));
#644 = CARTESIAN_POINT('',(-29.0379035513,21.6,47.440171628618));
#645 = CARTESIAN_POINT('',(-29.06802284389,21.6,47.389854874161));
#646 = CARTESIAN_POINT('',(-29.09882946534,21.6,47.33995211361));
#647 = CARTESIAN_POINT('',(-29.1303165726,21.6,47.290474603376));
#648 = CARTESIAN_POINT('',(-29.16247709456,21.6,47.241433454712));
#649 = CARTESIAN_POINT('',(-29.19530373202,21.6,47.192839633721));
#650 = CARTESIAN_POINT('',(-29.26613786263,21.6,47.091014173789));
#651 = CARTESIAN_POINT('',(-29.30430611507,21.6,47.037894347896));
#652 = CARTESIAN_POINT('',(-29.34328326757,21.6,46.985359501472));
#653 = CARTESIAN_POINT('',(-29.38305854046,21.6,46.933424397882));
#654 = CARTESIAN_POINT('',(-29.42362082188,21.6,46.882103546056));
#655 = CARTESIAN_POINT('',(-29.46495866771,21.6,46.831411200489));
#656 = CARTESIAN_POINT('',(-29.54916193556,21.6,46.731311521982));
#657 = CARTESIAN_POINT('',(-29.59202736961,21.6,46.681904174744));
#658 = CARTESIAN_POINT('',(-29.63564482694,21.6,46.633153319143));
#659 = CARTESIAN_POINT('',(-29.68000222314,21.6,46.58507267105));
#660 = CARTESIAN_POINT('',(-29.72508716625,21.6,46.537675662587));
#661 = CARTESIAN_POINT('',(-29.77088695671,21.6,46.490975442133));
#662 = CARTESIAN_POINT('',(-29.86389021817,21.6,46.398994306496));
#663 = CARTESIAN_POINT('',(-29.91109370244,21.6,46.353713378175));
#664 = CARTESIAN_POINT('',(-29.95898603268,21.6,46.309154953498));
#665 = CARTESIAN_POINT('',(-30.00755392098,21.6,46.265331585928));
#666 = CARTESIAN_POINT('',(-30.05678379909,21.6,46.222255518248));
#667 = CARTESIAN_POINT('',(-30.10666181844,21.6,46.179938682557));
#668 = CARTESIAN_POINT('',(-30.20420229395,21.6,46.099711957717));
#669 = CARTESIAN_POINT('',(-30.25178032693,21.6,46.061699401008));
#670 = CARTESIAN_POINT('',(-30.29989654747,21.6,46.024364407637));
#671 = CARTESIAN_POINT('',(-30.34853936477,21.6,45.98771610397));
#672 = CARTESIAN_POINT('',(-30.39769699884,21.6,45.951763365252));
#673 = CARTESIAN_POINT('',(-30.44735748049,21.6,45.916514815603));
#674 = CARTESIAN_POINT('',(-30.55137472307,21.6,45.844884619556));
#675 = CARTESIAN_POINT('',(-30.60580688502,21.6,45.808612438167));
#676 = CARTESIAN_POINT('',(-30.66079006966,21.6,45.773172659491));
#677 = CARTESIAN_POINT('',(-30.71630898818,21.6,45.738575304017));
#678 = CARTESIAN_POINT('',(-30.77234813044,21.6,45.704830037089));
#679 = CARTESIAN_POINT('',(-30.82889176501,21.6,45.671946168904));
#680 = CARTESIAN_POINT('',(-30.94295611325,21.6,45.607919140121));
#681 = CARTESIAN_POINT('',(-31.00047684321,21.6,45.576775970376));
#682 = CARTESIAN_POINT('',(-31.05847017593,21.6,45.546512099739));
#683 = CARTESIAN_POINT('',(-31.1169199704,21.6,45.51713610877));
#684 = CARTESIAN_POINT('',(-31.17580989771,21.6,45.48865620414));
#685 = CARTESIAN_POINT('',(-31.23512344101,21.6,45.461080218622));
#686 = CARTESIAN_POINT('',(-31.35456435016,21.6,45.407751003569));
#687 = CARTESIAN_POINT('',(-31.41469173305,21.6,45.381997766417));
#688 = CARTESIAN_POINT('',(-31.47520933924,21.6,45.357163357898));
#689 = CARTESIAN_POINT('',(-31.53610031077,21.6,45.33325484676));
#690 = CARTESIAN_POINT('',(-31.59734763674,21.6,45.310278912242));
#691 = CARTESIAN_POINT('',(-31.65893415332,21.6,45.288241844071));
#692 = CARTESIAN_POINT('',(-31.77848139059,21.6,45.247511882125));
#693 = CARTESIAN_POINT('',(-31.83639925966,21.6,45.228693164513));
#694 = CARTESIAN_POINT('',(-31.89458217702,21.6,45.210698150323));
#695 = CARTESIAN_POINT('',(-31.95301608018,21.6,45.193531298578));
#696 = CARTESIAN_POINT('',(-32.01168681799,21.6,45.177196766634));
#697 = CARTESIAN_POINT('',(-32.07058015069,21.6,45.161698410175));
#698 = CARTESIAN_POINT('',(-32.19316124463,21.6,45.131295332213));
#699 = CARTESIAN_POINT('',(-32.25688101931,21.6,45.116519618618));
#700 = CARTESIAN_POINT('',(-32.32082331749,21.6,45.102717046107));
#701 = CARTESIAN_POINT('',(-32.38497030072,21.6,45.089891608015));
#702 = CARTESIAN_POINT('',(-32.44930404845,21.6,45.078046887343));
#703 = CARTESIAN_POINT('',(-32.51380655814,21.6,45.067186056748));
#704 = CARTESIAN_POINT('',(-32.64311293221,21.6,45.047437700355));
#705 = CARTESIAN_POINT('',(-32.70791681506,21.6,45.038550171736));
#706 = CARTESIAN_POINT('',(-32.77285330901,21.6,45.030652054343));
#707 = CARTESIAN_POINT('',(-32.83790428519,21.6,45.023745693705));
#708 = CARTESIAN_POINT('',(-32.90305157052,21.6,45.017833019227));
#709 = CARTESIAN_POINT('',(-32.96827694777,21.6,45.012915544193));
#710 = CARTESIAN_POINT('',(-33.09884736323,21.6,45.005073187342));
#711 = CARTESIAN_POINT('',(-33.1641924201,21.6,45.002148304403));
#712 = CARTESIAN_POINT('',(-33.22957906464,21.6,45.000220813437));
#713 = CARTESIAN_POINT('',(-33.29498902944,21.6,44.999291392511));
#714 = CARTESIAN_POINT('',(-33.36040404115,21.6,44.999360301273));
#715 = CARTESIAN_POINT('',(-33.42580582047,21.6,45.000427380954));
#716 = CARTESIAN_POINT('',(-33.54752975716,21.6,45.00427194528));
#717 = CARTESIAN_POINT('',(-33.60386002081,21.6,45.006793211159));
#718 = CARTESIAN_POINT('',(-33.66015516125,21.6,45.010055481956));
#719 = CARTESIAN_POINT('',(-33.71640348302,21.6,45.0140581571));
#720 = CARTESIAN_POINT('',(-33.77259330708,21.6,45.018800405502));
#721 = CARTESIAN_POINT('',(-33.82871297079,21.6,45.024281165551));
#722 = CARTESIAN_POINT('',(-33.9497547408,21.6,45.037712001265));
#723 = CARTESIAN_POINT('',(-34.01464858999,21.6,45.045916861744));
#724 = CARTESIAN_POINT('',(-34.07941419271,21.6,45.055111708651));
#725 = CARTESIAN_POINT('',(-34.14403343138,21.6,45.065294110722));
#726 = CARTESIAN_POINT('',(-34.20848825356,21.6,45.076461223337));
#727 = CARTESIAN_POINT('',(-34.27276067192,21.6,45.088609788512));
#728 = CARTESIAN_POINT('',(-34.40090485663,21.6,45.114862481298));
#729 = CARTESIAN_POINT('',(-34.46477664129,21.6,45.12896661266));
#730 = CARTESIAN_POINT('',(-34.52843019621,21.6,45.144044856983));
#731 = CARTESIAN_POINT('',(-34.591847702,21.6,45.160093136587));
#732 = CARTESIAN_POINT('',(-34.65501144193,21.6,45.177106968121));
#733 = CARTESIAN_POINT('',(-34.71790380194,21.6,45.195081462559));
#734 = CARTESIAN_POINT('',(-34.84311073927,21.6,45.232941187849));
#735 = CARTESIAN_POINT('',(-34.90542533448,21.6,45.252826424109));
#736 = CARTESIAN_POINT('',(-34.96743354501,21.6,45.273661738636));
#737 = CARTESIAN_POINT('',(-35.02911799899,21.6,45.295441441498));
#738 = CARTESIAN_POINT('',(-35.09046146383,21.6,45.318159448174));
#739 = CARTESIAN_POINT('',(-35.15144684628,21.6,45.341809279557));
#740 = CARTESIAN_POINT('',(-35.27266753855,21.6,45.390958844353));
#741 = CARTESIAN_POINT('',(-35.33290286569,21.6,45.416458584786));
#742 = CARTESIAN_POINT('',(-35.39274622015,21.6,45.442876408932));
#743 = CARTESIAN_POINT('',(-35.45218082308,21.6,45.470205062274));
#744 = CARTESIAN_POINT('',(-35.51119007044,21.6,45.4984369101));
#745 = CARTESIAN_POINT('',(-35.569757533,21.6,45.527563937506));
#746 = CARTESIAN_POINT('',(-35.68597637975,21.6,45.587591561277));
#747 = CARTESIAN_POINT('',(-35.74362778053,21.6,45.618492166216));
#748 = CARTESIAN_POINT('',(-35.80080490462,21.6,45.650271168505));
#749 = CARTESIAN_POINT('',(-35.85749170678,21.6,45.682919809823));
#750 = CARTESIAN_POINT('',(-35.91367235061,21.6,45.716428969234));
#751 = CARTESIAN_POINT('',(-35.96933120856,21.6,45.750789163181));
#752 = CARTESIAN_POINT('',(-36.07577302258,21.6,45.818764246635));
#753 = CARTESIAN_POINT('',(-36.12662753308,21.6,45.852267118908));
#754 = CARTESIAN_POINT('',(-36.17700395167,21.6,45.886491216554));
#755 = CARTESIAN_POINT('',(-36.22689001688,21.6,45.921428336273));
#756 = CARTESIAN_POINT('',(-36.27627364765,21.6,45.957070017225));
#757 = CARTESIAN_POINT('',(-36.32514294326,21.6,45.993407541028));
#758 = CARTESIAN_POINT('',(-36.42361991358,21.6,46.068827596017));
#759 = CARTESIAN_POINT('',(-36.4731879114,21.6,46.107961957491));
#760 = CARTESIAN_POINT('',(-36.52217710494,21.6,46.147825004534));
#761 = CARTESIAN_POINT('',(-36.57057465596,21.6,46.188406446842));
#762 = CARTESIAN_POINT('',(-36.61836795989,21.6,46.229695715453));
#763 = CARTESIAN_POINT('',(-36.66554464581,21.6,46.271681962745));
#764 = CARTESIAN_POINT('',(-36.76030293289,21.6,46.358550165436));
#765 = CARTESIAN_POINT('',(-36.80783883406,21.6,46.403481997111));
#766 = CARTESIAN_POINT('',(-36.85468679487,21.6,46.449137194772));
#767 = CARTESIAN_POINT('',(-36.90083362685,21.6,46.495503100533));
#768 = CARTESIAN_POINT('',(-36.94626643812,21.6,46.54256676131));
#769 = CARTESIAN_POINT('',(-36.9909726334,21.6,46.590314928826));
#770 = CARTESIAN_POINT('',(-37.07739108171,21.6,46.685483565475));
#771 = CARTESIAN_POINT('',(-37.1191534269,21.6,46.732858571332));
#772 = CARTESIAN_POINT('',(-37.16021588089,21.6,46.78084688736));
#773 = CARTESIAN_POINT('',(-37.20056765477,21.6,46.829436091402));
#774 = CARTESIAN_POINT('',(-37.24019823939,21.6,46.878613528966));
#775 = CARTESIAN_POINT('',(-37.27909740537,21.6,46.928366313229));
#776 = CARTESIAN_POINT('',(-37.35677577905,21.6,47.030793301239));
#777 = CARTESIAN_POINT('',(-37.39550109696,21.6,47.083508395377));
#778 = CARTESIAN_POINT('',(-37.43342010247,21.6,47.136812030589));
#779 = CARTESIAN_POINT('',(-37.47052208588,21.6,47.190689392679));
#780 = CARTESIAN_POINT('',(-37.50679668214,21.6,47.245125430114));
#781 = CARTESIAN_POINT('',(-37.54223387085,21.6,47.300104854028));
#782 = CARTESIAN_POINT('',(-37.60902855748,21.6,47.40729133442));
#783 = CARTESIAN_POINT('',(-37.64049887331,21.6,47.459428105621));
#784 = CARTESIAN_POINT('',(-37.67122711632,21.6,47.512009922729));
#785 = CARTESIAN_POINT('',(-37.70120575279,21.6,47.565024101888));
#786 = CARTESIAN_POINT('',(-37.7304275227,21.6,47.618457804476));
#787 = CARTESIAN_POINT('',(-37.75888543971,21.6,47.672298037102));
#788 = CARTESIAN_POINT('',(-37.81631105722,21.6,47.784782570237));
#789 = CARTESIAN_POINT('',(-37.84516037943,21.6,47.843487323068));
#790 = CARTESIAN_POINT('',(-37.87311243979,21.6,47.902629616118));
#791 = CARTESIAN_POINT('',(-37.90015930129,21.6,47.962192982393));
#792 = CARTESIAN_POINT('',(-37.92629340794,21.6,48.022160781879));
#793 = CARTESIAN_POINT('',(-37.95150758477,21.6,48.082516201553));
#794 = CARTESIAN_POINT('',(-38.00008249089,21.6,48.203968309192));
#795 = CARTESIAN_POINT('',(-38.02344322712,21.6,48.265065014506));
#796 = CARTESIAN_POINT('',(-38.04587045319,21.6,48.32651538502));
#797 = CARTESIAN_POINT('',(-38.06735777103,21.6,48.388302296991));
#798 = CARTESIAN_POINT('',(-38.0878991778,21.6,48.450408489223));
#799 = CARTESIAN_POINT('',(-38.10748906591,21.6,48.51281656307));
#800 = CARTESIAN_POINT('',(-38.14475538008,21.6,48.638201401798));
#801 = CARTESIAN_POINT('',(-38.16243181146,21.6,48.701178184588));
#802 = CARTESIAN_POINT('',(-38.17914630545,21.6,48.764421794514));
#803 = CARTESIAN_POINT('',(-38.19489405649,21.6,48.827914594547));
#804 = CARTESIAN_POINT('',(-38.20967066519,21.6,48.891638846925));
#805 = CARTESIAN_POINT('',(-38.2234721383,21.6,48.955576713148));
#806 = CARTESIAN_POINT('',(-38.24911763918,21.6,49.083843794813));
#807 = CARTESIAN_POINT('',(-38.26096167062,21.6,49.148173028576));
#808 = CARTESIAN_POINT('',(-38.27182339663,21.6,49.212680015902));
#809 = CARTESIAN_POINT('',(-38.28169964445,21.6,49.277346754244));
#810 = CARTESIAN_POINT('',(-38.290587655,21.6,49.34215517788));
#811 = CARTESIAN_POINT('',(-38.29848508284,21.6,49.407087157911));
#812 = CARTESIAN_POINT('',(-38.31229490958,21.6,49.537161846609));
#813 = CARTESIAN_POINT('',(-38.31820731045,21.6,49.602304573856));
#814 = CARTESIAN_POINT('',(-38.32312526772,21.6,49.667534491853));
#815 = CARTESIAN_POINT('',(-38.32704726803,21.6,49.732833383364));
#816 = CARTESIAN_POINT('',(-38.32997221568,21.6,49.798183006063));
#817 = CARTESIAN_POINT('',(-38.33189943272,21.6,49.863565092537));
#818 = CARTESIAN_POINT('',(-38.33372584277,21.6,49.992102565035));
#819 = CARTESIAN_POINT('',(-38.33369267631,21.6,50.055257007126));
#820 = CARTESIAN_POINT('',(-38.33272892585,21.6,50.118408212878));
#821 = CARTESIAN_POINT('',(-38.33083472123,21.6,50.181539729521));
#822 = CARTESIAN_POINT('',(-38.32801055575,21.6,50.244635115186));
#823 = CARTESIAN_POINT('',(-38.32425728625,21.6,50.307677938916));
#824 = CARTESIAN_POINT('',(-38.31472779578,21.6,50.435874687788));
#825 = CARTESIAN_POINT('',(-38.30888411255,21.6,50.501023615358));
#826 = CARTESIAN_POINT('',(-38.30204643983,21.6,50.566080319374));
#827 = CARTESIAN_POINT('',(-38.29421654958,21.6,50.631026605931));
#828 = CARTESIAN_POINT('',(-38.28539662921,21.6,50.695844331211));
#829 = CARTESIAN_POINT('',(-38.27558928159,21.6,50.76051540148));
#830 = CARTESIAN_POINT('',(-38.25400576845,21.6,50.889528144708));
#831 = CARTESIAN_POINT('',(-38.24222959985,21.6,50.953869836094));
#832 = CARTESIAN_POINT('',(-38.22947203821,21.6,51.018028803719));
#833 = CARTESIAN_POINT('',(-38.21573651164,21.6,51.081987091913));
#834 = CARTESIAN_POINT('',(-38.20102685739,21.6,51.145726832871));
#835 = CARTESIAN_POINT('',(-38.18534732183,21.6,51.209230246652));
#836 = CARTESIAN_POINT('',(-38.15205779911,21.6,51.335729035706));
#837 = CARTESIAN_POINT('',(-38.13444780721,21.6,51.398724429048));
#838 = CARTESIAN_POINT('',(-38.11587724092,21.6,51.4614481293));
#839 = CARTESIAN_POINT('',(-38.0963511558,21.6,51.523882569465));
#840 = CARTESIAN_POINT('',(-38.07587500678,21.6,51.586010307448));
#841 = CARTESIAN_POINT('',(-38.05445464818,21.6,51.647814026064));
#842 = CARTESIAN_POINT('',(-38.00973801922,21.6,51.770739039993));
#843 = CARTESIAN_POINT('',(-37.98644174248,21.6,51.831860352865));
#844 = CARTESIAN_POINT('',(-37.96221375782,21.6,51.892623279595));
#845 = CARTESIAN_POINT('',(-37.93706070586,21.6,51.953010789033));
#846 = CARTESIAN_POINT('',(-37.91098961353,21.6,52.01300601093));
#847 = CARTESIAN_POINT('',(-37.88400789404,21.6,52.072592235938));
#848 = CARTESIAN_POINT('',(-37.82823879975,21.6,52.190913595277));
#849 = CARTESIAN_POINT('',(-37.79945141697,21.6,52.249648746509));
#850 = CARTESIAN_POINT('',(-37.76976899869,21.6,52.307941821145));
#851 = CARTESIAN_POINT('',(-37.73919971497,21.6,52.365776466574));
#852 = CARTESIAN_POINT('',(-37.70775210585,21.6,52.42313652573));
#853 = CARTESIAN_POINT('',(-37.67543508133,21.6,52.480006037096));
#854 = CARTESIAN_POINT('',(-37.60908076137,21.6,52.592732432312));
#855 = CARTESIAN_POINT('',(-37.57504345647,21.6,52.648589332262));
#856 = CARTESIAN_POINT('',(-37.54015528717,21.6,52.703924168928));
#857 = CARTESIAN_POINT('',(-37.50442588456,21.6,52.758721405242));
#858 = CARTESIAN_POINT('',(-37.46786523022,21.6,52.812965732689));
#859 = CARTESIAN_POINT('',(-37.43048365629,21.6,52.866642071312));
#860 = CARTESIAN_POINT('',(-37.35410003457,21.6,52.972829068102));
#861 = CARTESIAN_POINT('',(-37.31509797587,21.6,53.025339741437));
#862 = CARTESIAN_POINT('',(-37.27529635253,21.6,53.077252738707));
#863 = CARTESIAN_POINT('',(-37.23470617594,21.6,53.128553468554));
#864 = CARTESIAN_POINT('',(-37.19333878562,21.6,53.179227599273));
#865 = CARTESIAN_POINT('',(-37.15120584928,21.6,53.229261058804));
#866 = CARTESIAN_POINT('',(-37.06543287629,21.6,53.328019010677));
#867 = CARTESIAN_POINT('',(-37.02179282738,21.6,53.376743517125));
#868 = CARTESIAN_POINT('',(-36.97741121244,21.6,53.424799742121));
#869 = CARTESIAN_POINT('',(-36.93230033089,21.6,53.472174162271));
#870 = CARTESIAN_POINT('',(-36.8864727852,21.6,53.518853542746));
#871 = CARTESIAN_POINT('',(-36.83994148088,21.6,53.564824937287));
#872 = CARTESIAN_POINT('',(-36.74875445126,21.6,53.652205698148));
#873 = CARTESIAN_POINT('',(-36.70419067926,21.6,53.693711046178));
#874 = CARTESIAN_POINT('',(-36.65903896948,21.6,53.73458151856));
#875 = CARTESIAN_POINT('',(-36.61331018854,21.6,53.774807137641));
#876 = CARTESIAN_POINT('',(-36.56701541073,21.6,53.814378161846));
#877 = CARTESIAN_POINT('',(-36.52016591802,21.6,53.853285085681));
#878 = CARTESIAN_POINT('',(-36.09543500929,21.6,54.195932075441));
#879 = CARTESIAN_POINT('',(-35.68351099684,21.6,54.457778552072));
#880 = CARTESIAN_POINT('',(-35.24302048793,21.6,54.672108397425));
#881 = CARTESIAN_POINT('',(-34.78057737458,21.6,54.835388980298));
#882 = CARTESIAN_POINT('',(-34.30316683714,21.6,54.945153955567));
#883 = CARTESIAN_POINT('',(-33.81815458909,21.6,55.));
#884 = CARTESIAN_POINT('',(-33.33333333333,21.6,55.));
#885 = PCURVE('',#233,#886);
#886 = DEFINITIONAL_REPRESENTATION('',(#887),#1274);
#887 = B_SPLINE_CURVE_WITH_KNOTS('',7,(#888,#889,#890,#891,#892,#893,
    #894,#895,#896,#897,#898,#899,#900,#901,#902,#903,#904,#905,#906,
    #907,#908,#909,#910,#911,#912,#913,#914,#915,#916,#917,#918,#919,
    #920,#921,#922,#923,#924,#925,#926,#927,#928,#929,#930,#931,#932,
    #933,#934,#935,#936,#937,#938,#939,#940,#941,#942,#943,#944,#945,
    #946,#947,#948,#949,#950,#951,#952,#953,#954,#955,#956,#957,#958,
    #959,#960,#961,#962,#963,#964,#965,#966,#967,#968,#969,#970,#971,
    #972,#973,#974,#975,#976,#977,#978,#979,#980,#981,#982,#983,#984,
    #985,#986,#987,#988,#989,#990,#991,#992,#993,#994,#995,#996,#997,
    #998,#999,#1000,#1001,#1002,#1003,#1004,#1005,#1006,#1007,#1008,
    #1009,#1010,#1011,#1012,#1013,#1014,#1015,#1016,#1017,#1018,#1019,
    #1020,#1021,#1022,#1023,#1024,#1025,#1026,#1027,#1028,#1029,#1030,
    #1031,#1032,#1033,#1034,#1035,#1036,#1037,#1038,#1039,#1040,#1041,
    #1042,#1043,#1044,#1045,#1046,#1047,#1048,#1049,#1050,#1051,#1052,
    #1053,#1054,#1055,#1056,#1057,#1058,#1059,#1060,#1061,#1062,#1063,
    #1064,#1065,#1066,#1067,#1068,#1069,#1070,#1071,#1072,#1073,#1074,
    #1075,#1076,#1077,#1078,#1079,#1080,#1081,#1082,#1083,#1084,#1085,
    #1086,#1087,#1088,#1089,#1090,#1091,#1092,#1093,#1094,#1095,#1096,
    #1097,#1098,#1099,#1100,#1101,#1102,#1103,#1104,#1105,#1106,#1107,
    #1108,#1109,#1110,#1111,#1112,#1113,#1114,#1115,#1116,#1117,#1118,
    #1119,#1120,#1121,#1122,#1123,#1124,#1125,#1126,#1127,#1128,#1129,
    #1130,#1131,#1132,#1133,#1134,#1135,#1136,#1137,#1138,#1139,#1140,
    #1141,#1142,#1143,#1144,#1145,#1146,#1147,#1148,#1149,#1150,#1151,
    #1152,#1153,#1154,#1155,#1156,#1157,#1158,#1159,#1160,#1161,#1162,
    #1163,#1164,#1165,#1166,#1167,#1168,#1169,#1170,#1171,#1172,#1173,
    #1174,#1175,#1176,#1177,#1178,#1179,#1180,#1181,#1182,#1183,#1184,
    #1185,#1186,#1187,#1188,#1189,#1190,#1191,#1192,#1193,#1194,#1195,
    #1196,#1197,#1198,#1199,#1200,#1201,#1202,#1203,#1204,#1205,#1206,
    #1207,#1208,#1209,#1210,#1211,#1212,#1213,#1214,#1215,#1216,#1217,
    #1218,#1219,#1220,#1221,#1222,#1223,#1224,#1225,#1226,#1227,#1228,
    #1229,#1230,#1231,#1232,#1233,#1234,#1235,#1236,#1237,#1238,#1239,
    #1240,#1241,#1242,#1243,#1244,#1245,#1246,#1247,#1248,#1249,#1250,
    #1251,#1252,#1253,#1254,#1255,#1256,#1257,#1258,#1259,#1260,#1261,
    #1262,#1263,#1264,#1265,#1266,#1267,#1268,#1269,#1270,#1271,#1272,
    #1273),.UNSPECIFIED.,.F.,.F.,(8,6,6,6,6,6,6,6,6,6,6,6,6,6,6,6,6,6,6,
    6,6,6,6,6,6,6,6,6,6,6,6,6,6,6,6,6,6,6,6,6,6,6,6,6,6,6,6,6,6,6,6,6,6,
    6,6,6,6,6,6,6,6,6,6,6,8),(0.,1.859295713105E-02,3.3166026687E-02,
    4.773909624296E-02,6.231216579892E-02,7.688523535488E-02,
    9.145830491085E-02,0.10552885491,0.118091846161,0.13165987659,
    0.146232946146,0.160303496145,0.174876565701,0.189449635257,
    0.204022704813,0.212063019381,0.22613356938,0.239199080226,
    0.253772149782,0.268345219338,0.282415769337,0.296988838893,
    0.308546790926,0.323119860482,0.333672773265,0.34673828411,
    0.361311353666,0.375884423222,0.390457492778,0.404025523207,
    0.418598592763,0.433171662319,0.447744731875,0.461312762303,
    0.475885831859,0.490458901415,0.505031970971,0.517594962222,
    0.532168031778,0.546741101334,0.56131417089,0.575887240446,
    0.590460310002,0.604028340431,0.61809889043,0.632671959986,
    0.646742509985,0.661315579541,0.67488360997,0.689456679526,
    0.704029749082,0.718602818638,0.733175888194,0.74774895775,
    0.761819507749,0.776392577305,0.790965646861,0.805538716417,
    0.820111785973,0.834684855529,0.849257925085,0.863830994641,
    0.878404064197,0.891972094626,1.),.UNSPECIFIED.);
#888 = CARTESIAN_POINT('',(0.,-1.79218452154));
#889 = CARTESIAN_POINT('',(1.669005598778E-02,-1.79218452154));
#890 = CARTESIAN_POINT('',(3.337909764753E-02,-1.79218452154));
#891 = CARTESIAN_POINT('',(5.006776083881E-02,-1.79218452154));
#892 = CARTESIAN_POINT('',(6.675644420091E-02,-1.79218452154));
#893 = CARTESIAN_POINT('',(8.344530915275E-02,-1.79218452154));
#894 = CARTESIAN_POINT('',(0.100134279893,-1.79218452154));
#895 = CARTESIAN_POINT('',(0.129903615235,-1.79218452154));
#896 = CARTESIAN_POINT('',(0.142984187662,-1.79218452154));
#897 = CARTESIAN_POINT('',(0.156064760444,-1.79218452154));
#898 = CARTESIAN_POINT('',(0.169145333344,-1.79218452154));
#899 = CARTESIAN_POINT('',(0.182225906126,-1.79218452154));
#900 = CARTESIAN_POINT('',(0.195306478553,-1.79218452154));
#901 = CARTESIAN_POINT('',(0.221467622224,-1.79218452154));
#902 = CARTESIAN_POINT('',(0.234548194651,-1.79218452154));
#903 = CARTESIAN_POINT('',(0.247628767433,-1.79218452154));
#904 = CARTESIAN_POINT('',(0.260709340333,-1.79218452154));
#905 = CARTESIAN_POINT('',(0.273789913115,-1.79218452154));
#906 = CARTESIAN_POINT('',(0.286870485542,-1.79218452154));
#907 = CARTESIAN_POINT('',(0.313031629214,-1.79218452154));
#908 = CARTESIAN_POINT('',(0.326112201641,-1.79218452154));
#909 = CARTESIAN_POINT('',(0.339192774422,-1.79218452154));
#910 = CARTESIAN_POINT('',(0.352273347323,-1.79218452154));
#911 = CARTESIAN_POINT('',(0.365353920104,-1.79218452154));
#912 = CARTESIAN_POINT('',(0.378434492531,-1.79218452154));
#913 = CARTESIAN_POINT('',(0.404595636203,-1.79218452154));
#914 = CARTESIAN_POINT('',(0.41767620863,-1.79218452154));
#915 = CARTESIAN_POINT('',(0.430756781411,-1.79218452154));
#916 = CARTESIAN_POINT('',(0.443837354312,-1.79218452154));
#917 = CARTESIAN_POINT('',(0.456917927093,-1.79218452154));
#918 = CARTESIAN_POINT('',(0.46999849952,-1.79218452154));
#919 = CARTESIAN_POINT('',(0.496159643192,-1.79218452154));
#920 = CARTESIAN_POINT('',(0.509240215619,-1.79218452154));
#921 = CARTESIAN_POINT('',(0.5223207884,-1.79218452154));
#922 = CARTESIAN_POINT('',(0.535401361301,-1.79218452154));
#923 = CARTESIAN_POINT('',(0.548481934082,-1.79218452154));
#924 = CARTESIAN_POINT('',(0.561562506509,-1.79218452154));
#925 = CARTESIAN_POINT('',(0.587272596054,-1.79218452154));
#926 = CARTESIAN_POINT('',(0.59990211426,-1.79218452154));
#927 = CARTESIAN_POINT('',(0.612531632763,-1.79218452154));
#928 = CARTESIAN_POINT('',(0.625161151365,-1.79218452154));
#929 = CARTESIAN_POINT('',(0.637790669868,-1.79218452154));
#930 = CARTESIAN_POINT('',(0.650420188074,-1.79218452154));
#931 = CARTESIAN_POINT('',(0.674326061042,-1.79218452154));
#932 = CARTESIAN_POINT('',(0.685602416582,-1.79218452154));
#933 = CARTESIAN_POINT('',(0.696878772292,-1.79218452154));
#934 = CARTESIAN_POINT('',(0.708155128057,-1.79218452154));
#935 = CARTESIAN_POINT('',(0.719431483767,-1.79218452154));
#936 = CARTESIAN_POINT('',(0.730707839307,-1.79218452154));
#937 = CARTESIAN_POINT('',(0.754162658136,-1.79218452154));
#938 = CARTESIAN_POINT('',(0.76634112212,-1.79218452154));
#939 = CARTESIAN_POINT('',(0.778519586352,-1.79218452154));
#940 = CARTESIAN_POINT('',(0.790698050667,-1.79218452154));
#941 = CARTESIAN_POINT('',(0.802876514899,-1.79218452154));
#942 = CARTESIAN_POINT('',(0.815054978883,-1.79218452154));
#943 = CARTESIAN_POINT('',(0.840314014288,-1.79218452154));
#944 = CARTESIAN_POINT('',(0.853394586715,-1.79218452154));
#945 = CARTESIAN_POINT('',(0.866475159497,-1.79218452154));
#946 = CARTESIAN_POINT('',(0.879555732397,-1.79218452154));
#947 = CARTESIAN_POINT('',(0.892636305179,-1.79218452154));
#948 = CARTESIAN_POINT('',(0.905716877606,-1.79218452154));
#949 = CARTESIAN_POINT('',(0.931426967151,-1.79218452154));
#950 = CARTESIAN_POINT('',(0.944056485356,-1.79218452154));
#951 = CARTESIAN_POINT('',(0.95668600386,-1.79218452154));
#952 = CARTESIAN_POINT('',(0.969315522462,-1.79218452154));
#953 = CARTESIAN_POINT('',(0.981945040965,-1.79218452154));
#954 = CARTESIAN_POINT('',(0.99457455917,-1.79218452154));
#955 = CARTESIAN_POINT('',(1.020284648715,-1.79218452154));
#956 = CARTESIAN_POINT('',(1.033365221142,-1.79218452154));
#957 = CARTESIAN_POINT('',(1.046445793924,-1.79218452154));
#958 = CARTESIAN_POINT('',(1.059526366824,-1.79218452154));
#959 = CARTESIAN_POINT('',(1.072606939606,-1.79218452154));
#960 = CARTESIAN_POINT('',(1.085687512033,-1.79218452154));
#961 = CARTESIAN_POINT('',(1.111848655704,-1.79218452154));
#962 = CARTESIAN_POINT('',(1.124929228131,-1.79218452154));
#963 = CARTESIAN_POINT('',(1.138009800913,-1.79218452154));
#964 = CARTESIAN_POINT('',(1.151090373813,-1.79218452154));
#965 = CARTESIAN_POINT('',(1.164170946595,-1.79218452154));
#966 = CARTESIAN_POINT('',(1.177251519022,-1.79218452154));
#967 = CARTESIAN_POINT('',(1.203412662693,-1.79218452154));
#968 = CARTESIAN_POINT('',(1.21649323512,-1.79218452154));
#969 = CARTESIAN_POINT('',(1.229573807902,-1.79218452154));
#970 = CARTESIAN_POINT('',(1.242654380802,-1.79218452154));
#971 = CARTESIAN_POINT('',(1.255734953584,-1.79218452154));
#972 = CARTESIAN_POINT('',(1.268815526011,-1.79218452154));
#973 = CARTESIAN_POINT('',(1.289112965362,-1.79218452154));
#974 = CARTESIAN_POINT('',(1.296329832908,-1.79218452154));
#975 = CARTESIAN_POINT('',(1.303546700472,-1.79218452154));
#976 = CARTESIAN_POINT('',(1.310763568043,-1.79218452154));
#977 = CARTESIAN_POINT('',(1.317980435607,-1.79218452154));
#978 = CARTESIAN_POINT('',(1.325197303153,-1.79218452154));
#979 = CARTESIAN_POINT('',(1.345043688377,-1.79218452154));
#980 = CARTESIAN_POINT('',(1.357673206583,-1.79218452154));
#981 = CARTESIAN_POINT('',(1.370302725086,-1.79218452154));
#982 = CARTESIAN_POINT('',(1.382932243688,-1.79218452154));
#983 = CARTESIAN_POINT('',(1.395561762191,-1.79218452154));
#984 = CARTESIAN_POINT('',(1.408191280397,-1.79218452154));
#985 = CARTESIAN_POINT('',(1.432548207525,-1.79218452154));
#986 = CARTESIAN_POINT('',(1.444275617288,-1.79218452154));
#987 = CARTESIAN_POINT('',(1.456003027255,-1.79218452154));
#988 = CARTESIAN_POINT('',(1.467730437292,-1.79218452154));
#989 = CARTESIAN_POINT('',(1.479457847259,-1.79218452154));
#990 = CARTESIAN_POINT('',(1.491185257021,-1.79218452154));
#991 = CARTESIAN_POINT('',(1.515993238277,-1.79218452154));
#992 = CARTESIAN_POINT('',(1.529073810704,-1.79218452154));
#993 = CARTESIAN_POINT('',(1.542154383485,-1.79218452154));
#994 = CARTESIAN_POINT('',(1.555234956386,-1.79218452154));
#995 = CARTESIAN_POINT('',(1.568315529167,-1.79218452154));
#996 = CARTESIAN_POINT('',(1.581396101594,-1.79218452154));
#997 = CARTESIAN_POINT('',(1.607557245266,-1.79218452154));
#998 = CARTESIAN_POINT('',(1.620637817693,-1.79218452154));
#999 = CARTESIAN_POINT('',(1.633718390474,-1.79218452154));
#1000 = CARTESIAN_POINT('',(1.646798963375,-1.79218452154));
#1001 = CARTESIAN_POINT('',(1.659879536156,-1.79218452154));
#1002 = CARTESIAN_POINT('',(1.672960108583,-1.79218452154));
#1003 = CARTESIAN_POINT('',(1.698670198128,-1.79218452154));
#1004 = CARTESIAN_POINT('',(1.711299716334,-1.79218452154));
#1005 = CARTESIAN_POINT('',(1.723929234837,-1.79218452154));
#1006 = CARTESIAN_POINT('',(1.736558753439,-1.79218452154));
#1007 = CARTESIAN_POINT('',(1.749188271942,-1.79218452154));
#1008 = CARTESIAN_POINT('',(1.761817790148,-1.79218452154));
#1009 = CARTESIAN_POINT('',(1.787527879692,-1.79218452154));
#1010 = CARTESIAN_POINT('',(1.800608452119,-1.79218452154));
#1011 = CARTESIAN_POINT('',(1.813689024901,-1.79218452154));
#1012 = CARTESIAN_POINT('',(1.826769597801,-1.79218452154));
#1013 = CARTESIAN_POINT('',(1.839850170583,-1.79218452154));
#1014 = CARTESIAN_POINT('',(1.85293074301,-1.79218452154));
#1015 = CARTESIAN_POINT('',(1.876385561757,-1.79218452154));
#1016 = CARTESIAN_POINT('',(1.886759808855,-1.79218452154));
#1017 = CARTESIAN_POINT('',(1.897134056063,-1.79218452154));
#1018 = CARTESIAN_POINT('',(1.907508303309,-1.79218452154));
#1019 = CARTESIAN_POINT('',(1.917882550518,-1.79218452154));
#1020 = CARTESIAN_POINT('',(1.928256797615,-1.79218452154));
#1021 = CARTESIAN_POINT('',(1.951711616362,-1.79218452154));
#1022 = CARTESIAN_POINT('',(1.964792188789,-1.79218452154));
#1023 = CARTESIAN_POINT('',(1.977872761571,-1.79218452154));
#1024 = CARTESIAN_POINT('',(1.990953334471,-1.79218452154));
#1025 = CARTESIAN_POINT('',(2.004033907253,-1.79218452154));
#1026 = CARTESIAN_POINT('',(2.01711447968,-1.79218452154));
#1027 = CARTESIAN_POINT('',(2.039667190052,-1.79218452154));
#1028 = CARTESIAN_POINT('',(2.049139328706,-1.79218452154));
#1029 = CARTESIAN_POINT('',(2.058611467431,-1.79218452154));
#1030 = CARTESIAN_POINT('',(2.068083606179,-1.79218452154));
#1031 = CARTESIAN_POINT('',(2.077555744904,-1.79218452154));
#1032 = CARTESIAN_POINT('',(2.087027883558,-1.79218452154));
#1033 = CARTESIAN_POINT('',(2.108227431514,-1.79218452154));
#1034 = CARTESIAN_POINT('',(2.119954841276,-1.79218452154));
#1035 = CARTESIAN_POINT('',(2.131682251243,-1.79218452154));
#1036 = CARTESIAN_POINT('',(2.14340966128,-1.79218452154));
#1037 = CARTESIAN_POINT('',(2.155137071247,-1.79218452154));
#1038 = CARTESIAN_POINT('',(2.16686448101,-1.79218452154));
#1039 = CARTESIAN_POINT('',(2.191672462265,-1.79218452154));
#1040 = CARTESIAN_POINT('',(2.204753034692,-1.79218452154));
#1041 = CARTESIAN_POINT('',(2.217833607474,-1.79218452154));
#1042 = CARTESIAN_POINT('',(2.230914180374,-1.79218452154));
#1043 = CARTESIAN_POINT('',(2.243994753156,-1.79218452154));
#1044 = CARTESIAN_POINT('',(2.257075325583,-1.79218452154));
#1045 = CARTESIAN_POINT('',(2.283236469254,-1.79218452154));
#1046 = CARTESIAN_POINT('',(2.296317041681,-1.79218452154));
#1047 = CARTESIAN_POINT('',(2.309397614463,-1.79218452154));
#1048 = CARTESIAN_POINT('',(2.322478187363,-1.79218452154));
#1049 = CARTESIAN_POINT('',(2.335558760145,-1.79218452154));
#1050 = CARTESIAN_POINT('',(2.348639332572,-1.79218452154));
#1051 = CARTESIAN_POINT('',(2.374800476243,-1.79218452154));
#1052 = CARTESIAN_POINT('',(2.38788104867,-1.79218452154));
#1053 = CARTESIAN_POINT('',(2.400961621452,-1.79218452154));
#1054 = CARTESIAN_POINT('',(2.414042194352,-1.79218452154));
#1055 = CARTESIAN_POINT('',(2.427122767134,-1.79218452154));
#1056 = CARTESIAN_POINT('',(2.440203339561,-1.79218452154));
#1057 = CARTESIAN_POINT('',(2.465462374966,-1.79218452154));
#1058 = CARTESIAN_POINT('',(2.47764083895,-1.79218452154));
#1059 = CARTESIAN_POINT('',(2.489819303182,-1.79218452154));
#1060 = CARTESIAN_POINT('',(2.501997767497,-1.79218452154));
#1061 = CARTESIAN_POINT('',(2.514176231729,-1.79218452154));
#1062 = CARTESIAN_POINT('',(2.526354695713,-1.79218452154));
#1063 = CARTESIAN_POINT('',(2.551613731118,-1.79218452154));
#1064 = CARTESIAN_POINT('',(2.564694303545,-1.79218452154));
#1065 = CARTESIAN_POINT('',(2.577774876327,-1.79218452154));
#1066 = CARTESIAN_POINT('',(2.590855449227,-1.79218452154));
#1067 = CARTESIAN_POINT('',(2.603936022009,-1.79218452154));
#1068 = CARTESIAN_POINT('',(2.617016594436,-1.79218452154));
#1069 = CARTESIAN_POINT('',(2.643177738107,-1.79218452154));
#1070 = CARTESIAN_POINT('',(2.656258310534,-1.79218452154));
#1071 = CARTESIAN_POINT('',(2.669338883316,-1.79218452154));
#1072 = CARTESIAN_POINT('',(2.682419456216,-1.79218452154));
#1073 = CARTESIAN_POINT('',(2.695500028998,-1.79218452154));
#1074 = CARTESIAN_POINT('',(2.708580601425,-1.79218452154));
#1075 = CARTESIAN_POINT('',(2.734741745096,-1.79218452154));
#1076 = CARTESIAN_POINT('',(2.747822317523,-1.79218452154));
#1077 = CARTESIAN_POINT('',(2.760902890305,-1.79218452154));
#1078 = CARTESIAN_POINT('',(2.773983463205,-1.79218452154));
#1079 = CARTESIAN_POINT('',(2.787064035987,-1.79218452154));
#1080 = CARTESIAN_POINT('',(2.800144608414,-1.79218452154));
#1081 = CARTESIAN_POINT('',(2.82540364382,-1.79218452154));
#1082 = CARTESIAN_POINT('',(2.837582107804,-1.79218452154));
#1083 = CARTESIAN_POINT('',(2.849760572036,-1.79218452154));
#1084 = CARTESIAN_POINT('',(2.86193903635,-1.79218452154));
#1085 = CARTESIAN_POINT('',(2.874117500582,-1.79218452154));
#1086 = CARTESIAN_POINT('',(2.886295964566,-1.79218452154));
#1087 = CARTESIAN_POINT('',(2.911554999972,-1.79218452154));
#1088 = CARTESIAN_POINT('',(2.924635572399,-1.79218452154));
#1089 = CARTESIAN_POINT('',(2.937716145181,-1.79218452154));
#1090 = CARTESIAN_POINT('',(2.950796718081,-1.79218452154));
#1091 = CARTESIAN_POINT('',(2.963877290863,-1.79218452154));
#1092 = CARTESIAN_POINT('',(2.97695786329,-1.79218452154));
#1093 = CARTESIAN_POINT('',(3.003119006961,-1.79218452154));
#1094 = CARTESIAN_POINT('',(3.016199579388,-1.79218452154));
#1095 = CARTESIAN_POINT('',(3.02928015217,-1.79218452154));
#1096 = CARTESIAN_POINT('',(3.04236072507,-1.79218452154));
#1097 = CARTESIAN_POINT('',(3.055441297852,-1.79218452154));
#1098 = CARTESIAN_POINT('',(3.068521870279,-1.79218452154));
#1099 = CARTESIAN_POINT('',(3.09468301395,-1.79218452154));
#1100 = CARTESIAN_POINT('',(3.107763586377,-1.79218452154));
#1101 = CARTESIAN_POINT('',(3.120844159159,-1.79218452154));
#1102 = CARTESIAN_POINT('',(3.133924732059,-1.79218452154));
#1103 = CARTESIAN_POINT('',(3.147005304841,-1.79218452154));
#1104 = CARTESIAN_POINT('',(3.160085877268,-1.79218452154));
#1105 = CARTESIAN_POINT('',(3.184442804362,-1.79218452154));
#1106 = CARTESIAN_POINT('',(3.195719159903,-1.79218452154));
#1107 = CARTESIAN_POINT('',(3.206995515612,-1.79218452154));
#1108 = CARTESIAN_POINT('',(3.218271871378,-1.79218452154));
#1109 = CARTESIAN_POINT('',(3.229548227087,-1.79218452154));
#1110 = CARTESIAN_POINT('',(3.240824582628,-1.79218452154));
#1111 = CARTESIAN_POINT('',(3.265181509723,-1.79218452154));
#1112 = CARTESIAN_POINT('',(3.27826208215,-1.79218452154));
#1113 = CARTESIAN_POINT('',(3.291342654931,-1.79218452154));
#1114 = CARTESIAN_POINT('',(3.304423227832,-1.79218452154));
#1115 = CARTESIAN_POINT('',(3.317503800613,-1.79218452154));
#1116 = CARTESIAN_POINT('',(3.33058437304,-1.79218452154));
#1117 = CARTESIAN_POINT('',(3.356745516712,-1.79218452154));
#1118 = CARTESIAN_POINT('',(3.369826089139,-1.79218452154));
#1119 = CARTESIAN_POINT('',(3.38290666192,-1.79218452154));
#1120 = CARTESIAN_POINT('',(3.395987234821,-1.79218452154));
#1121 = CARTESIAN_POINT('',(3.409067807602,-1.79218452154));
#1122 = CARTESIAN_POINT('',(3.422148380029,-1.79218452154));
#1123 = CARTESIAN_POINT('',(3.448309523701,-1.79218452154));
#1124 = CARTESIAN_POINT('',(3.461390096128,-1.79218452154));
#1125 = CARTESIAN_POINT('',(3.47447066891,-1.79218452154));
#1126 = CARTESIAN_POINT('',(3.48755124181,-1.79218452154));
#1127 = CARTESIAN_POINT('',(3.500631814592,-1.79218452154));
#1128 = CARTESIAN_POINT('',(3.513712387019,-1.79218452154));
#1129 = CARTESIAN_POINT('',(3.53987353069,-1.79218452154));
#1130 = CARTESIAN_POINT('',(3.552954103117,-1.79218452154));
#1131 = CARTESIAN_POINT('',(3.566034675899,-1.79218452154));
#1132 = CARTESIAN_POINT('',(3.579115248799,-1.79218452154));
#1133 = CARTESIAN_POINT('',(3.592195821581,-1.79218452154));
#1134 = CARTESIAN_POINT('',(3.605276394008,-1.79218452154));
#1135 = CARTESIAN_POINT('',(3.631437537679,-1.79218452154));
#1136 = CARTESIAN_POINT('',(3.644518110106,-1.79218452154));
#1137 = CARTESIAN_POINT('',(3.657598682888,-1.79218452154));
#1138 = CARTESIAN_POINT('',(3.670679255788,-1.79218452154));
#1139 = CARTESIAN_POINT('',(3.68375982857,-1.79218452154));
#1140 = CARTESIAN_POINT('',(3.696840400997,-1.79218452154));
#1141 = CARTESIAN_POINT('',(3.722099436402,-1.79218452154));
#1142 = CARTESIAN_POINT('',(3.734277900386,-1.79218452154));
#1143 = CARTESIAN_POINT('',(3.746456364618,-1.79218452154));
#1144 = CARTESIAN_POINT('',(3.758634828933,-1.79218452154));
#1145 = CARTESIAN_POINT('',(3.770813293165,-1.79218452154));
#1146 = CARTESIAN_POINT('',(3.782991757149,-1.79218452154));
#1147 = CARTESIAN_POINT('',(3.807799738428,-1.79218452154));
#1148 = CARTESIAN_POINT('',(3.820429256633,-1.79218452154));
#1149 = CARTESIAN_POINT('',(3.833058775136,-1.79218452154));
#1150 = CARTESIAN_POINT('',(3.845688293739,-1.79218452154));
#1151 = CARTESIAN_POINT('',(3.858317812242,-1.79218452154));
#1152 = CARTESIAN_POINT('',(3.870947330447,-1.79218452154));
#1153 = CARTESIAN_POINT('',(3.896657419992,-1.79218452154));
#1154 = CARTESIAN_POINT('',(3.909737992419,-1.79218452154));
#1155 = CARTESIAN_POINT('',(3.922818565201,-1.79218452154));
#1156 = CARTESIAN_POINT('',(3.935899138101,-1.79218452154));
#1157 = CARTESIAN_POINT('',(3.948979710883,-1.79218452154));
#1158 = CARTESIAN_POINT('',(3.96206028331,-1.79218452154));
#1159 = CARTESIAN_POINT('',(3.987770372854,-1.79218452154));
#1160 = CARTESIAN_POINT('',(4.00039989106,-1.79218452154));
#1161 = CARTESIAN_POINT('',(4.013029409563,-1.79218452154));
#1162 = CARTESIAN_POINT('',(4.025658928165,-1.79218452154));
#1163 = CARTESIAN_POINT('',(4.038288446669,-1.79218452154));
#1164 = CARTESIAN_POINT('',(4.050917964874,-1.79218452154));
#1165 = CARTESIAN_POINT('',(4.076628054419,-1.79218452154));
#1166 = CARTESIAN_POINT('',(4.089708626846,-1.79218452154));
#1167 = CARTESIAN_POINT('',(4.102789199627,-1.79218452154));
#1168 = CARTESIAN_POINT('',(4.115869772528,-1.79218452154));
#1169 = CARTESIAN_POINT('',(4.128950345309,-1.79218452154));
#1170 = CARTESIAN_POINT('',(4.142030917737,-1.79218452154));
#1171 = CARTESIAN_POINT('',(4.167289953142,-1.79218452154));
#1172 = CARTESIAN_POINT('',(4.179468417126,-1.79218452154));
#1173 = CARTESIAN_POINT('',(4.191646881358,-1.79218452154));
#1174 = CARTESIAN_POINT('',(4.203825345673,-1.79218452154));
#1175 = CARTESIAN_POINT('',(4.216003809905,-1.79218452154));
#1176 = CARTESIAN_POINT('',(4.228182273888,-1.79218452154));
#1177 = CARTESIAN_POINT('',(4.253441309294,-1.79218452154));
#1178 = CARTESIAN_POINT('',(4.266521881721,-1.79218452154));
#1179 = CARTESIAN_POINT('',(4.279602454503,-1.79218452154));
#1180 = CARTESIAN_POINT('',(4.292683027403,-1.79218452154));
#1181 = CARTESIAN_POINT('',(4.305763600185,-1.79218452154));
#1182 = CARTESIAN_POINT('',(4.318844172612,-1.79218452154));
#1183 = CARTESIAN_POINT('',(4.345005316283,-1.79218452154));
#1184 = CARTESIAN_POINT('',(4.35808588871,-1.79218452154));
#1185 = CARTESIAN_POINT('',(4.371166461492,-1.79218452154));
#1186 = CARTESIAN_POINT('',(4.384247034392,-1.79218452154));
#1187 = CARTESIAN_POINT('',(4.397327607174,-1.79218452154));
#1188 = CARTESIAN_POINT('',(4.410408179601,-1.79218452154));
#1189 = CARTESIAN_POINT('',(4.436569323272,-1.79218452154));
#1190 = CARTESIAN_POINT('',(4.449649895699,-1.79218452154));
#1191 = CARTESIAN_POINT('',(4.462730468481,-1.79218452154));
#1192 = CARTESIAN_POINT('',(4.475811041381,-1.79218452154));
#1193 = CARTESIAN_POINT('',(4.488891614163,-1.79218452154));
#1194 = CARTESIAN_POINT('',(4.50197218659,-1.79218452154));
#1195 = CARTESIAN_POINT('',(4.528133330261,-1.79218452154));
#1196 = CARTESIAN_POINT('',(4.541213902688,-1.79218452154));
#1197 = CARTESIAN_POINT('',(4.55429447547,-1.79218452154));
#1198 = CARTESIAN_POINT('',(4.56737504837,-1.79218452154));
#1199 = CARTESIAN_POINT('',(4.580455621152,-1.79218452154));
#1200 = CARTESIAN_POINT('',(4.593536193579,-1.79218452154));
#1201 = CARTESIAN_POINT('',(4.61969733725,-1.79218452154));
#1202 = CARTESIAN_POINT('',(4.632777909677,-1.79218452154));
#1203 = CARTESIAN_POINT('',(4.645858482459,-1.79218452154));
#1204 = CARTESIAN_POINT('',(4.658939055359,-1.79218452154));
#1205 = CARTESIAN_POINT('',(4.672019628141,-1.79218452154));
#1206 = CARTESIAN_POINT('',(4.685100200568,-1.79218452154));
#1207 = CARTESIAN_POINT('',(4.710810290113,-1.79218452154));
#1208 = CARTESIAN_POINT('',(4.723439808318,-1.79218452154));
#1209 = CARTESIAN_POINT('',(4.736069326821,-1.79218452154));
#1210 = CARTESIAN_POINT('',(4.748698845424,-1.79218452154));
#1211 = CARTESIAN_POINT('',(4.761328363927,-1.79218452154));
#1212 = CARTESIAN_POINT('',(4.773957882132,-1.79218452154));
#1213 = CARTESIAN_POINT('',(4.799667971677,-1.79218452154));
#1214 = CARTESIAN_POINT('',(4.812748544104,-1.79218452154));
#1215 = CARTESIAN_POINT('',(4.825829116886,-1.79218452154));
#1216 = CARTESIAN_POINT('',(4.838909689786,-1.79218452154));
#1217 = CARTESIAN_POINT('',(4.851990262568,-1.79218452154));
#1218 = CARTESIAN_POINT('',(4.865070834995,-1.79218452154));
#1219 = CARTESIAN_POINT('',(4.891231978666,-1.79218452154));
#1220 = CARTESIAN_POINT('',(4.904312551093,-1.79218452154));
#1221 = CARTESIAN_POINT('',(4.917393123875,-1.79218452154));
#1222 = CARTESIAN_POINT('',(4.930473696775,-1.79218452154));
#1223 = CARTESIAN_POINT('',(4.943554269557,-1.79218452154));
#1224 = CARTESIAN_POINT('',(4.956634841984,-1.79218452154));
#1225 = CARTESIAN_POINT('',(4.982795985655,-1.79218452154));
#1226 = CARTESIAN_POINT('',(4.995876558082,-1.79218452154));
#1227 = CARTESIAN_POINT('',(5.008957130864,-1.79218452154));
#1228 = CARTESIAN_POINT('',(5.022037703764,-1.79218452154));
#1229 = CARTESIAN_POINT('',(5.035118276546,-1.79218452154));
#1230 = CARTESIAN_POINT('',(5.048198848973,-1.79218452154));
#1231 = CARTESIAN_POINT('',(5.074359992644,-1.79218452154));
#1232 = CARTESIAN_POINT('',(5.087440565071,-1.79218452154));
#1233 = CARTESIAN_POINT('',(5.100521137853,-1.79218452154));
#1234 = CARTESIAN_POINT('',(5.113601710753,-1.79218452154));
#1235 = CARTESIAN_POINT('',(5.126682283535,-1.79218452154));
#1236 = CARTESIAN_POINT('',(5.139762855962,-1.79218452154));
#1237 = CARTESIAN_POINT('',(5.165923999633,-1.79218452154));
#1238 = CARTESIAN_POINT('',(5.17900457206,-1.79218452154));
#1239 = CARTESIAN_POINT('',(5.192085144842,-1.79218452154));
#1240 = CARTESIAN_POINT('',(5.205165717742,-1.79218452154));
#1241 = CARTESIAN_POINT('',(5.218246290524,-1.79218452154));
#1242 = CARTESIAN_POINT('',(5.231326862951,-1.79218452154));
#1243 = CARTESIAN_POINT('',(5.257488006622,-1.79218452154));
#1244 = CARTESIAN_POINT('',(5.270568579049,-1.79218452154));
#1245 = CARTESIAN_POINT('',(5.283649151831,-1.79218452154));
#1246 = CARTESIAN_POINT('',(5.296729724731,-1.79218452154));
#1247 = CARTESIAN_POINT('',(5.309810297513,-1.79218452154));
#1248 = CARTESIAN_POINT('',(5.32289086994,-1.79218452154));
#1249 = CARTESIAN_POINT('',(5.349052013611,-1.79218452154));
#1250 = CARTESIAN_POINT('',(5.362132586038,-1.79218452154));
#1251 = CARTESIAN_POINT('',(5.37521315882,-1.79218452154));
#1252 = CARTESIAN_POINT('',(5.38829373172,-1.79218452154));
#1253 = CARTESIAN_POINT('',(5.401374304502,-1.79218452154));
#1254 = CARTESIAN_POINT('',(5.414454876929,-1.79218452154));
#1255 = CARTESIAN_POINT('',(5.4406160206,-1.79218452154));
#1256 = CARTESIAN_POINT('',(5.453696593027,-1.79218452154));
#1257 = CARTESIAN_POINT('',(5.466777165809,-1.79218452154));
#1258 = CARTESIAN_POINT('',(5.479857738709,-1.79218452154));
#1259 = CARTESIAN_POINT('',(5.492938311491,-1.79218452154));
#1260 = CARTESIAN_POINT('',(5.506018883918,-1.79218452154));
#1261 = CARTESIAN_POINT('',(5.531277919324,-1.79218452154));
#1262 = CARTESIAN_POINT('',(5.543456383308,-1.79218452154));
#1263 = CARTESIAN_POINT('',(5.55563484754,-1.79218452154));
#1264 = CARTESIAN_POINT('',(5.567813311854,-1.79218452154));
#1265 = CARTESIAN_POINT('',(5.579991776086,-1.79218452154));
#1266 = CARTESIAN_POINT('',(5.59217024007,-1.79218452154));
#1267 = CARTESIAN_POINT('',(5.701312954793,-1.79218452154));
#1268 = CARTESIAN_POINT('',(5.798315425807,-1.79218452154));
#1269 = CARTESIAN_POINT('',(5.895286518647,-1.79218452154));
#1270 = CARTESIAN_POINT('',(5.992247492173,-1.79218452154));
#1271 = CARTESIAN_POINT('',(6.089218585013,-1.79218452154));
#1272 = CARTESIAN_POINT('',(6.186221056027,-1.79218452154));
#1273 = CARTESIAN_POINT('',(6.28318530718,-1.79218452154));
#1274 = ( GEOMETRIC_REPRESENTATION_CONTEXT(2) 
PARAMETRIC_REPRESENTATION_CONTEXT() REPRESENTATION_CONTEXT('2D SPACE',''
  ) );
#1275 = PCURVE('',#1276,#1281);
#1276 = CONICAL_SURFACE('',#1277,8.,0.785398163397);
#1277 = AXIS2_PLACEMENT_3D('',#1278,#1279,#1280);
#1278 = CARTESIAN_POINT('',(-33.33333333333,24.6,50.));
#1279 = DIRECTION('',(9.203377227578E-31,1.,-7.559917008368E-31));
#1280 = DIRECTION('',(4.087120520947E-46,7.559917008368E-31,1.));
#1281 = DEFINITIONAL_REPRESENTATION('',(#1282),#1669);
#1282 = B_SPLINE_CURVE_WITH_KNOTS('',7,(#1283,#1284,#1285,#1286,#1287,
    #1288,#1289,#1290,#1291,#1292,#1293,#1294,#1295,#1296,#1297,#1298,
    #1299,#1300,#1301,#1302,#1303,#1304,#1305,#1306,#1307,#1308,#1309,
    #1310,#1311,#1312,#1313,#1314,#1315,#1316,#1317,#1318,#1319,#1320,
    #1321,#1322,#1323,#1324,#1325,#1326,#1327,#1328,#1329,#1330,#1331,
    #1332,#1333,#1334,#1335,#1336,#1337,#1338,#1339,#1340,#1341,#1342,
    #1343,#1344,#1345,#1346,#1347,#1348,#1349,#1350,#1351,#1352,#1353,
    #1354,#1355,#1356,#1357,#1358,#1359,#1360,#1361,#1362,#1363,#1364,
    #1365,#1366,#1367,#1368,#1369,#1370,#1371,#1372,#1373,#1374,#1375,
    #1376,#1377,#1378,#1379,#1380,#1381,#1382,#1383,#1384,#1385,#1386,
    #1387,#1388,#1389,#1390,#1391,#1392,#1393,#1394,#1395,#1396,#1397,
    #1398,#1399,#1400,#1401,#1402,#1403,#1404,#1405,#1406,#1407,#1408,
    #1409,#1410,#1411,#1412,#1413,#1414,#1415,#1416,#1417,#1418,#1419,
    #1420,#1421,#1422,#1423,#1424,#1425,#1426,#1427,#1428,#1429,#1430,
    #1431,#1432,#1433,#1434,#1435,#1436,#1437,#1438,#1439,#1440,#1441,
    #1442,#1443,#1444,#1445,#1446,#1447,#1448,#1449,#1450,#1451,#1452,
    #1453,#1454,#1455,#1456,#1457,#1458,#1459,#1460,#1461,#1462,#1463,
    #1464,#1465,#1466,#1467,#1468,#1469,#1470,#1471,#1472,#1473,#1474,
    #1475,#1476,#1477,#1478,#1479,#1480,#1481,#1482,#1483,#1484,#1485,
    #1486,#1487,#1488,#1489,#1490,#1491,#1492,#1493,#1494,#1495,#1496,
    #1497,#1498,#1499,#1500,#1501,#1502,#1503,#1504,#1505,#1506,#1507,
    #1508,#1509,#1510,#1511,#1512,#1513,#1514,#1515,#1516,#1517,#1518,
    #1519,#1520,#1521,#1522,#1523,#1524,#1525,#1526,#1527,#1528,#1529,
    #1530,#1531,#1532,#1533,#1534,#1535,#1536,#1537,#1538,#1539,#1540,
    #1541,#1542,#1543,#1544,#1545,#1546,#1547,#1548,#1549,#1550,#1551,
    #1552,#1553,#1554,#1555,#1556,#1557,#1558,#1559,#1560,#1561,#1562,
    #1563,#1564,#1565,#1566,#1567,#1568,#1569,#1570,#1571,#1572,#1573,
    #1574,#1575,#1576,#1577,#1578,#1579,#1580,#1581,#1582,#1583,#1584,
    #1585,#1586,#1587,#1588,#1589,#1590,#1591,#1592,#1593,#1594,#1595,
    #1596,#1597,#1598,#1599,#1600,#1601,#1602,#1603,#1604,#1605,#1606,
    #1607,#1608,#1609,#1610,#1611,#1612,#1613,#1614,#1615,#1616,#1617,
    #1618,#1619,#1620,#1621,#1622,#1623,#1624,#1625,#1626,#1627,#1628,
    #1629,#1630,#1631,#1632,#1633,#1634,#1635,#1636,#1637,#1638,#1639,
    #1640,#1641,#1642,#1643,#1644,#1645,#1646,#1647,#1648,#1649,#1650,
    #1651,#1652,#1653,#1654,#1655,#1656,#1657,#1658,#1659,#1660,#1661,
    #1662,#1663,#1664,#1665,#1666,#1667,#1668),.UNSPECIFIED.,.F.,.F.,(8,
    6,6,6,6,6,6,6,6,6,6,6,6,6,6,6,6,6,6,6,6,6,6,6,6,6,6,6,6,6,6,6,6,6,6,
    6,6,6,6,6,6,6,6,6,6,6,6,6,6,6,6,6,6,6,6,6,6,6,6,6,6,6,6,6,8),(0.,
    1.859295713105E-02,3.3166026687E-02,4.773909624296E-02,
    6.231216579892E-02,7.688523535488E-02,9.145830491085E-02,
    0.10552885491,0.118091846161,0.13165987659,0.146232946146,
    0.160303496145,0.174876565701,0.189449635257,0.204022704813,
    0.212063019381,0.22613356938,0.239199080226,0.253772149782,
    0.268345219338,0.282415769337,0.296988838893,0.308546790926,
    0.323119860482,0.333672773265,0.34673828411,0.361311353666,
    0.375884423222,0.390457492778,0.404025523207,0.418598592763,
    0.433171662319,0.447744731875,0.461312762303,0.475885831859,
    0.490458901415,0.505031970971,0.517594962222,0.532168031778,
    0.546741101334,0.56131417089,0.575887240446,0.590460310002,
    0.604028340431,0.61809889043,0.632671959986,0.646742509985,
    0.661315579541,0.67488360997,0.689456679526,0.704029749082,
    0.718602818638,0.733175888194,0.74774895775,0.761819507749,
    0.776392577305,0.790965646861,0.805538716417,0.820111785973,
    0.834684855529,0.849257925085,0.863830994641,0.878404064197,
    0.891972094626,1.),.UNSPECIFIED.);
#1283 = CARTESIAN_POINT('',(-8.881784197001E-16,-3.));
#1284 = CARTESIAN_POINT('',(1.669005598778E-02,-3.));
#1285 = CARTESIAN_POINT('',(3.337909764753E-02,-3.));
#1286 = CARTESIAN_POINT('',(5.006776083881E-02,-3.));
#1287 = CARTESIAN_POINT('',(6.675644420091E-02,-3.));
#1288 = CARTESIAN_POINT('',(8.344530915275E-02,-3.));
#1289 = CARTESIAN_POINT('',(0.100134279893,-3.));
#1290 = CARTESIAN_POINT('',(0.129903615235,-3.));
#1291 = CARTESIAN_POINT('',(0.142984187662,-3.));
#1292 = CARTESIAN_POINT('',(0.156064760444,-3.));
#1293 = CARTESIAN_POINT('',(0.169145333344,-3.));
#1294 = CARTESIAN_POINT('',(0.182225906126,-3.));
#1295 = CARTESIAN_POINT('',(0.195306478553,-3.));
#1296 = CARTESIAN_POINT('',(0.221467622224,-3.));
#1297 = CARTESIAN_POINT('',(0.234548194651,-3.));
#1298 = CARTESIAN_POINT('',(0.247628767433,-3.));
#1299 = CARTESIAN_POINT('',(0.260709340333,-3.));
#1300 = CARTESIAN_POINT('',(0.273789913115,-3.));
#1301 = CARTESIAN_POINT('',(0.286870485542,-3.));
#1302 = CARTESIAN_POINT('',(0.313031629213,-3.));
#1303 = CARTESIAN_POINT('',(0.326112201641,-3.));
#1304 = CARTESIAN_POINT('',(0.339192774422,-3.));
#1305 = CARTESIAN_POINT('',(0.352273347323,-3.));
#1306 = CARTESIAN_POINT('',(0.365353920104,-3.));
#1307 = CARTESIAN_POINT('',(0.378434492531,-3.));
#1308 = CARTESIAN_POINT('',(0.404595636203,-3.));
#1309 = CARTESIAN_POINT('',(0.41767620863,-3.));
#1310 = CARTESIAN_POINT('',(0.430756781411,-3.));
#1311 = CARTESIAN_POINT('',(0.443837354312,-3.));
#1312 = CARTESIAN_POINT('',(0.456917927093,-3.));
#1313 = CARTESIAN_POINT('',(0.46999849952,-3.));
#1314 = CARTESIAN_POINT('',(0.496159643192,-3.));
#1315 = CARTESIAN_POINT('',(0.509240215619,-3.));
#1316 = CARTESIAN_POINT('',(0.5223207884,-3.));
#1317 = CARTESIAN_POINT('',(0.535401361301,-3.));
#1318 = CARTESIAN_POINT('',(0.548481934082,-3.));
#1319 = CARTESIAN_POINT('',(0.561562506509,-3.));
#1320 = CARTESIAN_POINT('',(0.587272596054,-3.));
#1321 = CARTESIAN_POINT('',(0.59990211426,-3.));
#1322 = CARTESIAN_POINT('',(0.612531632763,-3.));
#1323 = CARTESIAN_POINT('',(0.625161151365,-3.));
#1324 = CARTESIAN_POINT('',(0.637790669868,-3.));
#1325 = CARTESIAN_POINT('',(0.650420188074,-3.));
#1326 = CARTESIAN_POINT('',(0.674326061042,-3.));
#1327 = CARTESIAN_POINT('',(0.685602416582,-3.));
#1328 = CARTESIAN_POINT('',(0.696878772292,-3.));
#1329 = CARTESIAN_POINT('',(0.708155128057,-3.));
#1330 = CARTESIAN_POINT('',(0.719431483767,-3.));
#1331 = CARTESIAN_POINT('',(0.730707839307,-3.));
#1332 = CARTESIAN_POINT('',(0.754162658136,-3.));
#1333 = CARTESIAN_POINT('',(0.76634112212,-3.));
#1334 = CARTESIAN_POINT('',(0.778519586352,-3.));
#1335 = CARTESIAN_POINT('',(0.790698050667,-3.));
#1336 = CARTESIAN_POINT('',(0.802876514899,-3.));
#1337 = CARTESIAN_POINT('',(0.815054978883,-3.));
#1338 = CARTESIAN_POINT('',(0.840314014288,-3.));
#1339 = CARTESIAN_POINT('',(0.853394586715,-3.));
#1340 = CARTESIAN_POINT('',(0.866475159497,-3.));
#1341 = CARTESIAN_POINT('',(0.879555732397,-3.));
#1342 = CARTESIAN_POINT('',(0.892636305179,-3.));
#1343 = CARTESIAN_POINT('',(0.905716877606,-3.));
#1344 = CARTESIAN_POINT('',(0.931426967151,-3.));
#1345 = CARTESIAN_POINT('',(0.944056485356,-3.));
#1346 = CARTESIAN_POINT('',(0.956686003859,-3.));
#1347 = CARTESIAN_POINT('',(0.969315522462,-3.));
#1348 = CARTESIAN_POINT('',(0.981945040965,-3.));
#1349 = CARTESIAN_POINT('',(0.99457455917,-3.));
#1350 = CARTESIAN_POINT('',(1.020284648715,-3.));
#1351 = CARTESIAN_POINT('',(1.033365221142,-3.));
#1352 = CARTESIAN_POINT('',(1.046445793924,-3.));
#1353 = CARTESIAN_POINT('',(1.059526366824,-3.));
#1354 = CARTESIAN_POINT('',(1.072606939606,-3.));
#1355 = CARTESIAN_POINT('',(1.085687512033,-3.));
#1356 = CARTESIAN_POINT('',(1.111848655704,-3.));
#1357 = CARTESIAN_POINT('',(1.124929228131,-3.));
#1358 = CARTESIAN_POINT('',(1.138009800913,-3.));
#1359 = CARTESIAN_POINT('',(1.151090373813,-3.));
#1360 = CARTESIAN_POINT('',(1.164170946595,-3.));
#1361 = CARTESIAN_POINT('',(1.177251519022,-3.));
#1362 = CARTESIAN_POINT('',(1.203412662693,-3.));
#1363 = CARTESIAN_POINT('',(1.21649323512,-3.));
#1364 = CARTESIAN_POINT('',(1.229573807902,-3.));
#1365 = CARTESIAN_POINT('',(1.242654380802,-3.));
#1366 = CARTESIAN_POINT('',(1.255734953584,-3.));
#1367 = CARTESIAN_POINT('',(1.268815526011,-3.));
#1368 = CARTESIAN_POINT('',(1.289112965362,-3.));
#1369 = CARTESIAN_POINT('',(1.296329832908,-3.));
#1370 = CARTESIAN_POINT('',(1.303546700472,-3.));
#1371 = CARTESIAN_POINT('',(1.310763568043,-3.));
#1372 = CARTESIAN_POINT('',(1.317980435607,-3.));
#1373 = CARTESIAN_POINT('',(1.325197303153,-3.));
#1374 = CARTESIAN_POINT('',(1.345043688377,-3.));
#1375 = CARTESIAN_POINT('',(1.357673206583,-3.));
#1376 = CARTESIAN_POINT('',(1.370302725086,-3.));
#1377 = CARTESIAN_POINT('',(1.382932243688,-3.));
#1378 = CARTESIAN_POINT('',(1.395561762191,-3.));
#1379 = CARTESIAN_POINT('',(1.408191280397,-3.));
#1380 = CARTESIAN_POINT('',(1.432548207525,-3.));
#1381 = CARTESIAN_POINT('',(1.444275617288,-3.));
#1382 = CARTESIAN_POINT('',(1.456003027255,-3.));
#1383 = CARTESIAN_POINT('',(1.467730437292,-3.));
#1384 = CARTESIAN_POINT('',(1.479457847259,-3.));
#1385 = CARTESIAN_POINT('',(1.491185257021,-3.));
#1386 = CARTESIAN_POINT('',(1.515993238277,-3.));
#1387 = CARTESIAN_POINT('',(1.529073810704,-3.));
#1388 = CARTESIAN_POINT('',(1.542154383485,-3.));
#1389 = CARTESIAN_POINT('',(1.555234956386,-3.));
#1390 = CARTESIAN_POINT('',(1.568315529167,-3.));
#1391 = CARTESIAN_POINT('',(1.581396101594,-3.));
#1392 = CARTESIAN_POINT('',(1.607557245266,-3.));
#1393 = CARTESIAN_POINT('',(1.620637817693,-3.));
#1394 = CARTESIAN_POINT('',(1.633718390474,-3.));
#1395 = CARTESIAN_POINT('',(1.646798963375,-3.));
#1396 = CARTESIAN_POINT('',(1.659879536156,-3.));
#1397 = CARTESIAN_POINT('',(1.672960108583,-3.));
#1398 = CARTESIAN_POINT('',(1.698670198128,-3.));
#1399 = CARTESIAN_POINT('',(1.711299716334,-3.));
#1400 = CARTESIAN_POINT('',(1.723929234837,-3.));
#1401 = CARTESIAN_POINT('',(1.736558753439,-3.));
#1402 = CARTESIAN_POINT('',(1.749188271942,-3.));
#1403 = CARTESIAN_POINT('',(1.761817790148,-3.));
#1404 = CARTESIAN_POINT('',(1.787527879692,-3.));
#1405 = CARTESIAN_POINT('',(1.800608452119,-3.));
#1406 = CARTESIAN_POINT('',(1.813689024901,-3.));
#1407 = CARTESIAN_POINT('',(1.826769597801,-3.));
#1408 = CARTESIAN_POINT('',(1.839850170583,-3.));
#1409 = CARTESIAN_POINT('',(1.85293074301,-3.));
#1410 = CARTESIAN_POINT('',(1.876385561757,-3.));
#1411 = CARTESIAN_POINT('',(1.886759808855,-3.));
#1412 = CARTESIAN_POINT('',(1.897134056063,-3.));
#1413 = CARTESIAN_POINT('',(1.907508303309,-3.));
#1414 = CARTESIAN_POINT('',(1.917882550518,-3.));
#1415 = CARTESIAN_POINT('',(1.928256797615,-3.));
#1416 = CARTESIAN_POINT('',(1.951711616362,-3.));
#1417 = CARTESIAN_POINT('',(1.964792188789,-3.));
#1418 = CARTESIAN_POINT('',(1.977872761571,-3.));
#1419 = CARTESIAN_POINT('',(1.990953334471,-3.));
#1420 = CARTESIAN_POINT('',(2.004033907253,-3.));
#1421 = CARTESIAN_POINT('',(2.01711447968,-3.));
#1422 = CARTESIAN_POINT('',(2.039667190052,-3.));
#1423 = CARTESIAN_POINT('',(2.049139328706,-3.));
#1424 = CARTESIAN_POINT('',(2.058611467431,-3.));
#1425 = CARTESIAN_POINT('',(2.068083606179,-3.));
#1426 = CARTESIAN_POINT('',(2.077555744904,-3.));
#1427 = CARTESIAN_POINT('',(2.087027883558,-3.));
#1428 = CARTESIAN_POINT('',(2.108227431514,-3.));
#1429 = CARTESIAN_POINT('',(2.119954841276,-3.));
#1430 = CARTESIAN_POINT('',(2.131682251243,-3.));
#1431 = CARTESIAN_POINT('',(2.14340966128,-3.));
#1432 = CARTESIAN_POINT('',(2.155137071247,-3.));
#1433 = CARTESIAN_POINT('',(2.16686448101,-3.));
#1434 = CARTESIAN_POINT('',(2.191672462265,-3.));
#1435 = CARTESIAN_POINT('',(2.204753034692,-3.));
#1436 = CARTESIAN_POINT('',(2.217833607474,-3.));
#1437 = CARTESIAN_POINT('',(2.230914180374,-3.));
#1438 = CARTESIAN_POINT('',(2.243994753156,-3.));
#1439 = CARTESIAN_POINT('',(2.257075325583,-3.));
#1440 = CARTESIAN_POINT('',(2.283236469254,-3.));
#1441 = CARTESIAN_POINT('',(2.296317041681,-3.));
#1442 = CARTESIAN_POINT('',(2.309397614463,-3.));
#1443 = CARTESIAN_POINT('',(2.322478187363,-3.));
#1444 = CARTESIAN_POINT('',(2.335558760145,-3.));
#1445 = CARTESIAN_POINT('',(2.348639332572,-3.));
#1446 = CARTESIAN_POINT('',(2.374800476243,-3.));
#1447 = CARTESIAN_POINT('',(2.38788104867,-3.));
#1448 = CARTESIAN_POINT('',(2.400961621452,-3.));
#1449 = CARTESIAN_POINT('',(2.414042194352,-3.));
#1450 = CARTESIAN_POINT('',(2.427122767134,-3.));
#1451 = CARTESIAN_POINT('',(2.440203339561,-3.));
#1452 = CARTESIAN_POINT('',(2.465462374966,-3.));
#1453 = CARTESIAN_POINT('',(2.47764083895,-3.));
#1454 = CARTESIAN_POINT('',(2.489819303182,-3.));
#1455 = CARTESIAN_POINT('',(2.501997767497,-3.));
#1456 = CARTESIAN_POINT('',(2.514176231729,-3.));
#1457 = CARTESIAN_POINT('',(2.526354695713,-3.));
#1458 = CARTESIAN_POINT('',(2.551613731118,-3.));
#1459 = CARTESIAN_POINT('',(2.564694303545,-3.));
#1460 = CARTESIAN_POINT('',(2.577774876327,-3.));
#1461 = CARTESIAN_POINT('',(2.590855449227,-3.));
#1462 = CARTESIAN_POINT('',(2.603936022009,-3.));
#1463 = CARTESIAN_POINT('',(2.617016594436,-3.));
#1464 = CARTESIAN_POINT('',(2.643177738107,-3.));
#1465 = CARTESIAN_POINT('',(2.656258310534,-3.));
#1466 = CARTESIAN_POINT('',(2.669338883316,-3.));
#1467 = CARTESIAN_POINT('',(2.682419456216,-3.));
#1468 = CARTESIAN_POINT('',(2.695500028998,-3.));
#1469 = CARTESIAN_POINT('',(2.708580601425,-3.));
#1470 = CARTESIAN_POINT('',(2.734741745096,-3.));
#1471 = CARTESIAN_POINT('',(2.747822317523,-3.));
#1472 = CARTESIAN_POINT('',(2.760902890305,-3.));
#1473 = CARTESIAN_POINT('',(2.773983463205,-3.));
#1474 = CARTESIAN_POINT('',(2.787064035987,-3.));
#1475 = CARTESIAN_POINT('',(2.800144608414,-3.));
#1476 = CARTESIAN_POINT('',(2.82540364382,-3.));
#1477 = CARTESIAN_POINT('',(2.837582107804,-3.));
#1478 = CARTESIAN_POINT('',(2.849760572036,-3.));
#1479 = CARTESIAN_POINT('',(2.86193903635,-3.));
#1480 = CARTESIAN_POINT('',(2.874117500582,-3.));
#1481 = CARTESIAN_POINT('',(2.886295964566,-3.));
#1482 = CARTESIAN_POINT('',(2.911554999972,-3.));
#1483 = CARTESIAN_POINT('',(2.924635572399,-3.));
#1484 = CARTESIAN_POINT('',(2.937716145181,-3.));
#1485 = CARTESIAN_POINT('',(2.950796718081,-3.));
#1486 = CARTESIAN_POINT('',(2.963877290863,-3.));
#1487 = CARTESIAN_POINT('',(2.97695786329,-3.));
#1488 = CARTESIAN_POINT('',(3.003119006961,-3.));
#1489 = CARTESIAN_POINT('',(3.016199579388,-3.));
#1490 = CARTESIAN_POINT('',(3.02928015217,-3.));
#1491 = CARTESIAN_POINT('',(3.04236072507,-3.));
#1492 = CARTESIAN_POINT('',(3.055441297852,-3.));
#1493 = CARTESIAN_POINT('',(3.068521870279,-3.));
#1494 = CARTESIAN_POINT('',(3.09468301395,-3.));
#1495 = CARTESIAN_POINT('',(3.107763586377,-3.));
#1496 = CARTESIAN_POINT('',(3.120844159159,-3.));
#1497 = CARTESIAN_POINT('',(3.133924732059,-3.));
#1498 = CARTESIAN_POINT('',(3.147005304841,-3.));
#1499 = CARTESIAN_POINT('',(3.160085877268,-3.));
#1500 = CARTESIAN_POINT('',(3.184442804362,-3.));
#1501 = CARTESIAN_POINT('',(3.195719159903,-3.));
#1502 = CARTESIAN_POINT('',(3.206995515612,-3.));
#1503 = CARTESIAN_POINT('',(3.218271871378,-3.));
#1504 = CARTESIAN_POINT('',(3.229548227087,-3.));
#1505 = CARTESIAN_POINT('',(3.240824582628,-3.));
#1506 = CARTESIAN_POINT('',(3.265181509723,-3.));
#1507 = CARTESIAN_POINT('',(3.27826208215,-3.));
#1508 = CARTESIAN_POINT('',(3.291342654931,-3.));
#1509 = CARTESIAN_POINT('',(3.304423227832,-3.));
#1510 = CARTESIAN_POINT('',(3.317503800613,-3.));
#1511 = CARTESIAN_POINT('',(3.33058437304,-3.));
#1512 = CARTESIAN_POINT('',(3.356745516712,-3.));
#1513 = CARTESIAN_POINT('',(3.369826089139,-3.));
#1514 = CARTESIAN_POINT('',(3.38290666192,-3.));
#1515 = CARTESIAN_POINT('',(3.395987234821,-3.));
#1516 = CARTESIAN_POINT('',(3.409067807602,-3.));
#1517 = CARTESIAN_POINT('',(3.422148380029,-3.));
#1518 = CARTESIAN_POINT('',(3.448309523701,-3.));
#1519 = CARTESIAN_POINT('',(3.461390096128,-3.));
#1520 = CARTESIAN_POINT('',(3.47447066891,-3.));
#1521 = CARTESIAN_POINT('',(3.48755124181,-3.));
#1522 = CARTESIAN_POINT('',(3.500631814592,-3.));
#1523 = CARTESIAN_POINT('',(3.513712387019,-3.));
#1524 = CARTESIAN_POINT('',(3.53987353069,-3.));
#1525 = CARTESIAN_POINT('',(3.552954103117,-3.));
#1526 = CARTESIAN_POINT('',(3.566034675899,-3.));
#1527 = CARTESIAN_POINT('',(3.579115248799,-3.));
#1528 = CARTESIAN_POINT('',(3.592195821581,-3.));
#1529 = CARTESIAN_POINT('',(3.605276394008,-3.));
#1530 = CARTESIAN_POINT('',(3.631437537679,-3.));
#1531 = CARTESIAN_POINT('',(3.644518110106,-3.));
#1532 = CARTESIAN_POINT('',(3.657598682888,-3.));
#1533 = CARTESIAN_POINT('',(3.670679255788,-3.));
#1534 = CARTESIAN_POINT('',(3.68375982857,-3.));
#1535 = CARTESIAN_POINT('',(3.696840400997,-3.));
#1536 = CARTESIAN_POINT('',(3.722099436402,-3.));
#1537 = CARTESIAN_POINT('',(3.734277900386,-3.));
#1538 = CARTESIAN_POINT('',(3.746456364618,-3.));
#1539 = CARTESIAN_POINT('',(3.758634828933,-3.));
#1540 = CARTESIAN_POINT('',(3.770813293165,-3.));
#1541 = CARTESIAN_POINT('',(3.782991757149,-3.));
#1542 = CARTESIAN_POINT('',(3.807799738428,-3.));
#1543 = CARTESIAN_POINT('',(3.820429256633,-3.));
#1544 = CARTESIAN_POINT('',(3.833058775136,-3.));
#1545 = CARTESIAN_POINT('',(3.845688293739,-3.));
#1546 = CARTESIAN_POINT('',(3.858317812242,-3.));
#1547 = CARTESIAN_POINT('',(3.870947330447,-3.));
#1548 = CARTESIAN_POINT('',(3.896657419992,-3.));
#1549 = CARTESIAN_POINT('',(3.909737992419,-3.));
#1550 = CARTESIAN_POINT('',(3.922818565201,-3.));
#1551 = CARTESIAN_POINT('',(3.935899138101,-3.));
#1552 = CARTESIAN_POINT('',(3.948979710883,-3.));
#1553 = CARTESIAN_POINT('',(3.96206028331,-3.));
#1554 = CARTESIAN_POINT('',(3.987770372854,-3.));
#1555 = CARTESIAN_POINT('',(4.00039989106,-3.));
#1556 = CARTESIAN_POINT('',(4.013029409563,-3.));
#1557 = CARTESIAN_POINT('',(4.025658928165,-3.));
#1558 = CARTESIAN_POINT('',(4.038288446669,-3.));
#1559 = CARTESIAN_POINT('',(4.050917964874,-3.));
#1560 = CARTESIAN_POINT('',(4.076628054419,-3.));
#1561 = CARTESIAN_POINT('',(4.089708626846,-3.));
#1562 = CARTESIAN_POINT('',(4.102789199627,-3.));
#1563 = CARTESIAN_POINT('',(4.115869772528,-3.));
#1564 = CARTESIAN_POINT('',(4.128950345309,-3.));
#1565 = CARTESIAN_POINT('',(4.142030917737,-3.));
#1566 = CARTESIAN_POINT('',(4.167289953142,-3.));
#1567 = CARTESIAN_POINT('',(4.179468417126,-3.));
#1568 = CARTESIAN_POINT('',(4.191646881358,-3.));
#1569 = CARTESIAN_POINT('',(4.203825345673,-3.));
#1570 = CARTESIAN_POINT('',(4.216003809905,-3.));
#1571 = CARTESIAN_POINT('',(4.228182273888,-3.));
#1572 = CARTESIAN_POINT('',(4.253441309294,-3.));
#1573 = CARTESIAN_POINT('',(4.266521881721,-3.));
#1574 = CARTESIAN_POINT('',(4.279602454503,-3.));
#1575 = CARTESIAN_POINT('',(4.292683027403,-3.));
#1576 = CARTESIAN_POINT('',(4.305763600185,-3.));
#1577 = CARTESIAN_POINT('',(4.318844172612,-3.));
#1578 = CARTESIAN_POINT('',(4.345005316283,-3.));
#1579 = CARTESIAN_POINT('',(4.35808588871,-3.));
#1580 = CARTESIAN_POINT('',(4.371166461492,-3.));
#1581 = CARTESIAN_POINT('',(4.384247034392,-3.));
#1582 = CARTESIAN_POINT('',(4.397327607174,-3.));
#1583 = CARTESIAN_POINT('',(4.410408179601,-3.));
#1584 = CARTESIAN_POINT('',(4.436569323272,-3.));
#1585 = CARTESIAN_POINT('',(4.449649895699,-3.));
#1586 = CARTESIAN_POINT('',(4.462730468481,-3.));
#1587 = CARTESIAN_POINT('',(4.475811041381,-3.));
#1588 = CARTESIAN_POINT('',(4.488891614163,-3.));
#1589 = CARTESIAN_POINT('',(4.50197218659,-3.));
#1590 = CARTESIAN_POINT('',(4.528133330261,-3.));
#1591 = CARTESIAN_POINT('',(4.541213902688,-3.));
#1592 = CARTESIAN_POINT('',(4.55429447547,-3.));
#1593 = CARTESIAN_POINT('',(4.56737504837,-3.));
#1594 = CARTESIAN_POINT('',(4.580455621152,-3.));
#1595 = CARTESIAN_POINT('',(4.593536193579,-3.));
#1596 = CARTESIAN_POINT('',(4.61969733725,-3.));
#1597 = CARTESIAN_POINT('',(4.632777909677,-3.));
#1598 = CARTESIAN_POINT('',(4.645858482459,-3.));
#1599 = CARTESIAN_POINT('',(4.658939055359,-3.));
#1600 = CARTESIAN_POINT('',(4.672019628141,-3.));
#1601 = CARTESIAN_POINT('',(4.685100200568,-3.));
#1602 = CARTESIAN_POINT('',(4.710810290113,-3.));
#1603 = CARTESIAN_POINT('',(4.723439808318,-3.));
#1604 = CARTESIAN_POINT('',(4.736069326821,-3.));
#1605 = CARTESIAN_POINT('',(4.748698845424,-3.));
#1606 = CARTESIAN_POINT('',(4.761328363927,-3.));
#1607 = CARTESIAN_POINT('',(4.773957882132,-3.));
#1608 = CARTESIAN_POINT('',(4.799667971677,-3.));
#1609 = CARTESIAN_POINT('',(4.812748544104,-3.));
#1610 = CARTESIAN_POINT('',(4.825829116886,-3.));
#1611 = CARTESIAN_POINT('',(4.838909689786,-3.));
#1612 = CARTESIAN_POINT('',(4.851990262568,-3.));
#1613 = CARTESIAN_POINT('',(4.865070834995,-3.));
#1614 = CARTESIAN_POINT('',(4.891231978666,-3.));
#1615 = CARTESIAN_POINT('',(4.904312551093,-3.));
#1616 = CARTESIAN_POINT('',(4.917393123875,-3.));
#1617 = CARTESIAN_POINT('',(4.930473696775,-3.));
#1618 = CARTESIAN_POINT('',(4.943554269557,-3.));
#1619 = CARTESIAN_POINT('',(4.956634841984,-3.));
#1620 = CARTESIAN_POINT('',(4.982795985655,-3.));
#1621 = CARTESIAN_POINT('',(4.995876558082,-3.));
#1622 = CARTESIAN_POINT('',(5.008957130864,-3.));
#1623 = CARTESIAN_POINT('',(5.022037703764,-3.));
#1624 = CARTESIAN_POINT('',(5.035118276546,-3.));
#1625 = CARTESIAN_POINT('',(5.048198848973,-3.));
#1626 = CARTESIAN_POINT('',(5.074359992644,-3.));
#1627 = CARTESIAN_POINT('',(5.087440565071,-3.));
#1628 = CARTESIAN_POINT('',(5.100521137853,-3.));
#1629 = CARTESIAN_POINT('',(5.113601710753,-3.));
#1630 = CARTESIAN_POINT('',(5.126682283535,-3.));
#1631 = CARTESIAN_POINT('',(5.139762855962,-3.));
#1632 = CARTESIAN_POINT('',(5.165923999633,-3.));
#1633 = CARTESIAN_POINT('',(5.17900457206,-3.));
#1634 = CARTESIAN_POINT('',(5.192085144842,-3.));
#1635 = CARTESIAN_POINT('',(5.205165717742,-3.));
#1636 = CARTESIAN_POINT('',(5.218246290524,-3.));
#1637 = CARTESIAN_POINT('',(5.231326862951,-3.));
#1638 = CARTESIAN_POINT('',(5.257488006622,-3.));
#1639 = CARTESIAN_POINT('',(5.270568579049,-3.));
#1640 = CARTESIAN_POINT('',(5.283649151831,-3.));
#1641 = CARTESIAN_POINT('',(5.296729724731,-3.));
#1642 = CARTESIAN_POINT('',(5.309810297513,-3.));
#1643 = CARTESIAN_POINT('',(5.32289086994,-3.));
#1644 = CARTESIAN_POINT('',(5.349052013611,-3.));
#1645 = CARTESIAN_POINT('',(5.362132586038,-3.));
#1646 = CARTESIAN_POINT('',(5.37521315882,-3.));
#1647 = CARTESIAN_POINT('',(5.38829373172,-3.));
#1648 = CARTESIAN_POINT('',(5.401374304502,-3.));
#1649 = CARTESIAN_POINT('',(5.414454876929,-3.));
#1650 = CARTESIAN_POINT('',(5.4406160206,-3.));
#1651 = CARTESIAN_POINT('',(5.453696593027,-3.));
#1652 = CARTESIAN_POINT('',(5.466777165809,-3.));
#1653 = CARTESIAN_POINT('',(5.479857738709,-3.));
#1654 = CARTESIAN_POINT('',(5.492938311491,-3.));
#1655 = CARTESIAN_POINT('',(5.506018883918,-3.));
#1656 = CARTESIAN_POINT('',(5.531277919324,-3.));
#1657 = CARTESIAN_POINT('',(5.543456383308,-3.));
#1658 = CARTESIAN_POINT('',(5.55563484754,-3.));
#1659 = CARTESIAN_POINT('',(5.567813311854,-3.));
#1660 = CARTESIAN_POINT('',(5.579991776086,-3.));
#1661 = CARTESIAN_POINT('',(5.59217024007,-3.));
#1662 = CARTESIAN_POINT('',(5.701312954793,-3.));
#1663 = CARTESIAN_POINT('',(5.798315425807,-3.));
#1664 = CARTESIAN_POINT('',(5.895286518648,-3.));
#1665 = CARTESIAN_POINT('',(5.992247492172,-3.));
#1666 = CARTESIAN_POINT('',(6.089218585013,-3.));
#1667 = CARTESIAN_POINT('',(6.186221056027,-3.));
#1668 = CARTESIAN_POINT('',(6.28318530718,-3.));
#1669 = ( GEOMETRIC_REPRESENTATION_CONTEXT(2) 
PARAMETRIC_REPRESENTATION_CONTEXT() REPRESENTATION_CONTEXT('2D SPACE',''
  ) );
#1670 = ORIENTED_EDGE('',*,*,#473,.T.);
#1671 = ORIENTED_EDGE('',*,*,#216,.T.);
#1672 = ADVANCED_FACE('',(#1673),#264,.F.);
#1673 = FACE_BOUND('',#1674,.F.);
#1674 = EDGE_LOOP('',(#1675,#1698,#1725,#1726));
#1675 = ORIENTED_EDGE('',*,*,#1676,.F.);
#1676 = EDGE_CURVE('',#1677,#248,#1679,.T.);
#1677 = VERTEX_POINT('',#1678);
#1678 = CARTESIAN_POINT('',(33.333333333333,21.6,-45.));
#1679 = SEAM_CURVE('',#1680,(#1684,#1691),.PCURVE_S1.);
#1680 = LINE('',#1681,#1682);
#1681 = CARTESIAN_POINT('',(33.333333333333,23.39218452154,-45.));
#1682 = VECTOR('',#1683,1.);
#1683 = DIRECTION('',(-0.,-1.,-0.));
#1684 = PCURVE('',#264,#1685);
#1685 = DEFINITIONAL_REPRESENTATION('',(#1686),#1690);
#1686 = LINE('',#1687,#1688);
#1687 = CARTESIAN_POINT('',(6.28318530718,0.));
#1688 = VECTOR('',#1689,1.);
#1689 = DIRECTION('',(0.,-1.));
#1690 = ( GEOMETRIC_REPRESENTATION_CONTEXT(2) 
PARAMETRIC_REPRESENTATION_CONTEXT() REPRESENTATION_CONTEXT('2D SPACE',''
  ) );
#1691 = PCURVE('',#264,#1692);
#1692 = DEFINITIONAL_REPRESENTATION('',(#1693),#1697);
#1693 = LINE('',#1694,#1695);
#1694 = CARTESIAN_POINT('',(0.,0.));
#1695 = VECTOR('',#1696,1.);
#1696 = DIRECTION('',(0.,-1.));
#1697 = ( GEOMETRIC_REPRESENTATION_CONTEXT(2) 
PARAMETRIC_REPRESENTATION_CONTEXT() REPRESENTATION_CONTEXT('2D SPACE',''
  ) );
#1698 = ORIENTED_EDGE('',*,*,#1699,.F.);
#1699 = EDGE_CURVE('',#1677,#1677,#1700,.T.);
#1700 = SURFACE_CURVE('',#1701,(#1706,#1713),.PCURVE_S1.);
#1701 = CIRCLE('',#1702,5.);
#1702 = AXIS2_PLACEMENT_3D('',#1703,#1704,#1705);
#1703 = CARTESIAN_POINT('',(33.333333333333,21.6,-50.));
#1704 = DIRECTION('',(0.,1.,0.));
#1705 = DIRECTION('',(0.,-0.,1.));
#1706 = PCURVE('',#264,#1707);
#1707 = DEFINITIONAL_REPRESENTATION('',(#1708),#1712);
#1708 = LINE('',#1709,#1710);
#1709 = CARTESIAN_POINT('',(0.,-1.79218452154));
#1710 = VECTOR('',#1711,1.);
#1711 = DIRECTION('',(1.,0.));
#1712 = ( GEOMETRIC_REPRESENTATION_CONTEXT(2) 
PARAMETRIC_REPRESENTATION_CONTEXT() REPRESENTATION_CONTEXT('2D SPACE',''
  ) );
#1713 = PCURVE('',#1714,#1719);
#1714 = CONICAL_SURFACE('',#1715,8.,0.785398163397);
#1715 = AXIS2_PLACEMENT_3D('',#1716,#1717,#1718);
#1716 = CARTESIAN_POINT('',(33.333333333333,24.6,-50.));
#1717 = DIRECTION('',(0.,1.,0.));
#1718 = DIRECTION('',(0.,-0.,1.));
#1719 = DEFINITIONAL_REPRESENTATION('',(#1720),#1724);
#1720 = LINE('',#1721,#1722);
#1721 = CARTESIAN_POINT('',(0.,-3.));
#1722 = VECTOR('',#1723,1.);
#1723 = DIRECTION('',(1.,-0.));
#1724 = ( GEOMETRIC_REPRESENTATION_CONTEXT(2) 
PARAMETRIC_REPRESENTATION_CONTEXT() REPRESENTATION_CONTEXT('2D SPACE',''
  ) );
#1725 = ORIENTED_EDGE('',*,*,#1676,.T.);
#1726 = ORIENTED_EDGE('',*,*,#247,.T.);
#1727 = ADVANCED_FACE('',(#1728),#393,.F.);
#1728 = FACE_BOUND('',#1729,.F.);
#1729 = EDGE_LOOP('',(#1730,#1753,#1775,#1776));
#1730 = ORIENTED_EDGE('',*,*,#1731,.T.);
#1731 = EDGE_CURVE('',#377,#1732,#1734,.T.);
#1732 = VERTEX_POINT('',#1733);
#1733 = CARTESIAN_POINT('',(-33.33333333333,24.6,58.));
#1734 = SEAM_CURVE('',#1735,(#1739,#1746),.PCURVE_S1.);
#1735 = LINE('',#1736,#1737);
#1736 = CARTESIAN_POINT('',(-33.33333333333,25.,58.));
#1737 = VECTOR('',#1738,1.);
#1738 = DIRECTION('',(-0.,-1.,-0.));
#1739 = PCURVE('',#393,#1740);
#1740 = DEFINITIONAL_REPRESENTATION('',(#1741),#1745);
#1741 = LINE('',#1742,#1743);
#1742 = CARTESIAN_POINT('',(0.,0.));
#1743 = VECTOR('',#1744,1.);
#1744 = DIRECTION('',(0.,-1.));
#1745 = ( GEOMETRIC_REPRESENTATION_CONTEXT(2) 
PARAMETRIC_REPRESENTATION_CONTEXT() REPRESENTATION_CONTEXT('2D SPACE',''
  ) );
#1746 = PCURVE('',#393,#1747);
#1747 = DEFINITIONAL_REPRESENTATION('',(#1748),#1752);
#1748 = LINE('',#1749,#1750);
#1749 = CARTESIAN_POINT('',(6.28318530718,0.));
#1750 = VECTOR('',#1751,1.);
#1751 = DIRECTION('',(0.,-1.));
#1752 = ( GEOMETRIC_REPRESENTATION_CONTEXT(2) 
PARAMETRIC_REPRESENTATION_CONTEXT() REPRESENTATION_CONTEXT('2D SPACE',''
  ) );
#1753 = ORIENTED_EDGE('',*,*,#1754,.T.);
#1754 = EDGE_CURVE('',#1732,#1732,#1755,.T.);
#1755 = SURFACE_CURVE('',#1756,(#1761,#1768),.PCURVE_S1.);
#1756 = CIRCLE('',#1757,8.);
#1757 = AXIS2_PLACEMENT_3D('',#1758,#1759,#1760);
#1758 = CARTESIAN_POINT('',(-33.33333333333,24.6,50.));
#1759 = DIRECTION('',(9.203377227578E-31,1.,-7.559917008368E-31));
#1760 = DIRECTION('',(4.087120520947E-46,7.559917008368E-31,1.));
#1761 = PCURVE('',#393,#1762);
#1762 = DEFINITIONAL_REPRESENTATION('',(#1763),#1767);
#1763 = LINE('',#1764,#1765);
#1764 = CARTESIAN_POINT('',(0.,-0.4));
#1765 = VECTOR('',#1766,1.);
#1766 = DIRECTION('',(1.,0.));
#1767 = ( GEOMETRIC_REPRESENTATION_CONTEXT(2) 
PARAMETRIC_REPRESENTATION_CONTEXT() REPRESENTATION_CONTEXT('2D SPACE',''
  ) );
#1768 = PCURVE('',#1276,#1769);
#1769 = DEFINITIONAL_REPRESENTATION('',(#1770),#1774);
#1770 = LINE('',#1771,#1772);
#1771 = CARTESIAN_POINT('',(0.,-0.));
#1772 = VECTOR('',#1773,1.);
#1773 = DIRECTION('',(1.,-0.));
#1774 = ( GEOMETRIC_REPRESENTATION_CONTEXT(2) 
PARAMETRIC_REPRESENTATION_CONTEXT() REPRESENTATION_CONTEXT('2D SPACE',''
  ) );
#1775 = ORIENTED_EDGE('',*,*,#1731,.F.);
#1776 = ORIENTED_EDGE('',*,*,#376,.F.);
#1777 = ADVANCED_FACE('',(#1778),#424,.F.);
#1778 = FACE_BOUND('',#1779,.F.);
#1779 = EDGE_LOOP('',(#1780,#1803,#1825,#1826));
#1780 = ORIENTED_EDGE('',*,*,#1781,.T.);
#1781 = EDGE_CURVE('',#408,#1782,#1784,.T.);
#1782 = VERTEX_POINT('',#1783);
#1783 = CARTESIAN_POINT('',(33.333333333333,24.6,-42.));
#1784 = SEAM_CURVE('',#1785,(#1789,#1796),.PCURVE_S1.);
#1785 = LINE('',#1786,#1787);
#1786 = CARTESIAN_POINT('',(33.333333333333,25.,-42.));
#1787 = VECTOR('',#1788,1.);
#1788 = DIRECTION('',(-0.,-1.,-0.));
#1789 = PCURVE('',#424,#1790);
#1790 = DEFINITIONAL_REPRESENTATION('',(#1791),#1795);
#1791 = LINE('',#1792,#1793);
#1792 = CARTESIAN_POINT('',(0.,0.));
#1793 = VECTOR('',#1794,1.);
#1794 = DIRECTION('',(0.,-1.));
#1795 = ( GEOMETRIC_REPRESENTATION_CONTEXT(2) 
PARAMETRIC_REPRESENTATION_CONTEXT() REPRESENTATION_CONTEXT('2D SPACE',''
  ) );
#1796 = PCURVE('',#424,#1797);
#1797 = DEFINITIONAL_REPRESENTATION('',(#1798),#1802);
#1798 = LINE('',#1799,#1800);
#1799 = CARTESIAN_POINT('',(6.28318530718,0.));
#1800 = VECTOR('',#1801,1.);
#1801 = DIRECTION('',(0.,-1.));
#1802 = ( GEOMETRIC_REPRESENTATION_CONTEXT(2) 
PARAMETRIC_REPRESENTATION_CONTEXT() REPRESENTATION_CONTEXT('2D SPACE',''
  ) );
#1803 = ORIENTED_EDGE('',*,*,#1804,.T.);
#1804 = EDGE_CURVE('',#1782,#1782,#1805,.T.);
#1805 = SURFACE_CURVE('',#1806,(#1811,#1818),.PCURVE_S1.);
#1806 = CIRCLE('',#1807,8.);
#1807 = AXIS2_PLACEMENT_3D('',#1808,#1809,#1810);
#1808 = CARTESIAN_POINT('',(33.333333333333,24.6,-50.));
#1809 = DIRECTION('',(0.,1.,0.));
#1810 = DIRECTION('',(0.,-0.,1.));
#1811 = PCURVE('',#424,#1812);
#1812 = DEFINITIONAL_REPRESENTATION('',(#1813),#1817);
#1813 = LINE('',#1814,#1815);
#1814 = CARTESIAN_POINT('',(0.,-0.4));
#1815 = VECTOR('',#1816,1.);
#1816 = DIRECTION('',(1.,0.));
#1817 = ( GEOMETRIC_REPRESENTATION_CONTEXT(2) 
PARAMETRIC_REPRESENTATION_CONTEXT() REPRESENTATION_CONTEXT('2D SPACE',''
  ) );
#1818 = PCURVE('',#1714,#1819);
#1819 = DEFINITIONAL_REPRESENTATION('',(#1820),#1824);
#1820 = LINE('',#1821,#1822);
#1821 = CARTESIAN_POINT('',(0.,-0.));
#1822 = VECTOR('',#1823,1.);
#1823 = DIRECTION('',(1.,-0.));
#1824 = ( GEOMETRIC_REPRESENTATION_CONTEXT(2) 
PARAMETRIC_REPRESENTATION_CONTEXT() REPRESENTATION_CONTEXT('2D SPACE',''
  ) );
#1825 = ORIENTED_EDGE('',*,*,#1781,.F.);
#1826 = ORIENTED_EDGE('',*,*,#407,.F.);
#1827 = ADVANCED_FACE('',(#1828),#1276,.F.);
#1828 = FACE_BOUND('',#1829,.T.);
#1829 = EDGE_LOOP('',(#1830,#1831,#1850,#1851));
#1830 = ORIENTED_EDGE('',*,*,#1754,.T.);
#1831 = ORIENTED_EDGE('',*,*,#1832,.T.);
#1832 = EDGE_CURVE('',#1732,#474,#1833,.T.);
#1833 = SEAM_CURVE('',#1834,(#1838,#1844),.PCURVE_S1.);
#1834 = LINE('',#1835,#1836);
#1835 = CARTESIAN_POINT('',(-33.33333333333,24.6,58.));
#1836 = VECTOR('',#1837,1.);
#1837 = DIRECTION('',(-6.507770447439E-31,-0.707106781187,
    -0.707106781187));
#1838 = PCURVE('',#1276,#1839);
#1839 = DEFINITIONAL_REPRESENTATION('',(#1840),#1843);
#1840 = B_SPLINE_CURVE_WITH_KNOTS('',1,(#1841,#1842),.UNSPECIFIED.,.F.,
  .F.,(2,2),(0.,5.091168824543),.PIECEWISE_BEZIER_KNOTS.);
#1841 = CARTESIAN_POINT('',(0.,0.));
#1842 = CARTESIAN_POINT('',(0.,-3.6));
#1843 = ( GEOMETRIC_REPRESENTATION_CONTEXT(2) 
PARAMETRIC_REPRESENTATION_CONTEXT() REPRESENTATION_CONTEXT('2D SPACE',''
  ) );
#1844 = PCURVE('',#1276,#1845);
#1845 = DEFINITIONAL_REPRESENTATION('',(#1846),#1849);
#1846 = B_SPLINE_CURVE_WITH_KNOTS('',1,(#1847,#1848),.UNSPECIFIED.,.F.,
  .F.,(2,2),(0.,5.091168824543),.PIECEWISE_BEZIER_KNOTS.);
#1847 = CARTESIAN_POINT('',(6.28318530718,0.));
#1848 = CARTESIAN_POINT('',(6.28318530718,-3.6));
#1849 = ( GEOMETRIC_REPRESENTATION_CONTEXT(2) 
PARAMETRIC_REPRESENTATION_CONTEXT() REPRESENTATION_CONTEXT('2D SPACE',''
  ) );
#1850 = ORIENTED_EDGE('',*,*,#496,.F.);
#1851 = ORIENTED_EDGE('',*,*,#1832,.F.);
#1852 = ADVANCED_FACE('',(#1853),#1714,.F.);
#1853 = FACE_BOUND('',#1854,.T.);
#1854 = EDGE_LOOP('',(#1855,#1856,#1875,#1876));
#1855 = ORIENTED_EDGE('',*,*,#1804,.T.);
#1856 = ORIENTED_EDGE('',*,*,#1857,.T.);
#1857 = EDGE_CURVE('',#1782,#1677,#1858,.T.);
#1858 = SEAM_CURVE('',#1859,(#1863,#1869),.PCURVE_S1.);
#1859 = LINE('',#1860,#1861);
#1860 = CARTESIAN_POINT('',(33.333333333333,24.6,-42.));
#1861 = VECTOR('',#1862,1.);
#1862 = DIRECTION('',(-0.,-0.707106781187,-0.707106781187));
#1863 = PCURVE('',#1714,#1864);
#1864 = DEFINITIONAL_REPRESENTATION('',(#1865),#1868);
#1865 = B_SPLINE_CURVE_WITH_KNOTS('',1,(#1866,#1867),.UNSPECIFIED.,.F.,
  .F.,(2,2),(0.,5.091168824543),.PIECEWISE_BEZIER_KNOTS.);
#1866 = CARTESIAN_POINT('',(0.,0.));
#1867 = CARTESIAN_POINT('',(0.,-3.6));
#1868 = ( GEOMETRIC_REPRESENTATION_CONTEXT(2) 
PARAMETRIC_REPRESENTATION_CONTEXT() REPRESENTATION_CONTEXT('2D SPACE',''
  ) );
#1869 = PCURVE('',#1714,#1870);
#1870 = DEFINITIONAL_REPRESENTATION('',(#1871),#1874);
#1871 = B_SPLINE_CURVE_WITH_KNOTS('',1,(#1872,#1873),.UNSPECIFIED.,.F.,
  .F.,(2,2),(0.,5.091168824543),.PIECEWISE_BEZIER_KNOTS.);
#1872 = CARTESIAN_POINT('',(6.28318530718,0.));
#1873 = CARTESIAN_POINT('',(6.28318530718,-3.6));
#1874 = ( GEOMETRIC_REPRESENTATION_CONTEXT(2) 
PARAMETRIC_REPRESENTATION_CONTEXT() REPRESENTATION_CONTEXT('2D SPACE',''
  ) );
#1875 = ORIENTED_EDGE('',*,*,#1699,.F.);
#1876 = ORIENTED_EDGE('',*,*,#1857,.F.);
#1877 = ( GEOMETRIC_REPRESENTATION_CONTEXT(3) 
GLOBAL_UNCERTAINTY_ASSIGNED_CONTEXT((#1881)) 
GLOBAL_UNIT_ASSIGNED_CONTEXT((#1878,#1879,#1880)) REPRESENTATION_CONTEXT
('Context #1','3D Context with UNIT and UNCERTAINTY') );
#1878 = ( LENGTH_UNIT() NAMED_UNIT(*) SI_UNIT(.MILLI.,.METRE.) );
#1879 = ( NAMED_UNIT(*) PLANE_ANGLE_UNIT() SI_UNIT($,.RADIAN.) );
#1880 = ( NAMED_UNIT(*) SI_UNIT($,.STERADIAN.) SOLID_ANGLE_UNIT() );
#1881 = UNCERTAINTY_MEASURE_WITH_UNIT(LENGTH_MEASURE(1.E-07),#1878,
  'distance_accuracy_value','confusion accuracy');
#1882 = PRODUCT_RELATED_PRODUCT_CATEGORY('part',$,(#7));
ENDSEC;
END-ISO-10303-21;
