ISO-10303-21;
HEADER;
FILE_DESCRIPTION(('Open CASCADE Model'),'2;1');
FILE_NAME('Open CASCADE Shape Model','2025-08-06T14:40:42',('Author'),(
    'Open CASCADE'),'Open CASCADE STEP processor 7.7','Open CASCADE 7.7'
  ,'Unknown');
FILE_SCHEMA(('AUTOMOTIVE_DESIGN { 1 0 10303 214 1 1 1 1 }'));
ENDSEC;
DATA;
#1 = APPLICATION_PROTOCOL_DEFINITION('international standard',
  'automotive_design',2000,#2);
#2 = APPLICATION_CONTEXT(
  'core data for automotive mechanical design processes');
#3 = SHAPE_DEFINITION_REPRESENTATION(#4,#10);
#4 = PRODUCT_DEFINITION_SHAPE('','',#5);
#5 = PRODUCT_DEFINITION('design','',#6,#9);
#6 = PRODUCT_DEFINITION_FORMATION('','',#7);
#7 = PRODUCT('substep_5.1','substep_5.1','',(#8));
#8 = PRODUCT_CONTEXT('',#2,'mechanical');
#9 = PRODUCT_DEFINITION_CONTEXT('part definition',#2,'design');
#10 = SHAPE_REPRESENTATION('',(#11,#15,#2573,#2983),#3393);
#11 = AXIS2_PLACEMENT_3D('',#12,#13,#14);
#12 = CARTESIAN_POINT('',(0.,0.,0.));
#13 = DIRECTION('',(0.,0.,1.));
#14 = DIRECTION('',(1.,0.,-0.));
#15 = MANIFOLD_SOLID_BREP('PartBody',#16);
#16 = CLOSED_SHELL('',(#17,#137,#325,#374,#515,#542,#724,#751,#778,#805,
    #812,#867,#922,#977,#1032,#1087,#1140,#2119,#2172,#2225,#2278,#2333,
    #2388,#2443,#2498,#2553,#2557,#2561,#2565,#2569));
#17 = ADVANCED_FACE('',(#18),#32,.F.);
#18 = FACE_BOUND('',#19,.F.);
#19 = EDGE_LOOP('',(#20,#55,#83,#111));
#20 = ORIENTED_EDGE('',*,*,#21,.F.);
#21 = EDGE_CURVE('',#22,#24,#26,.T.);
#22 = VERTEX_POINT('',#23);
#23 = CARTESIAN_POINT('',(-100.,-150.,-125.));
#24 = VERTEX_POINT('',#25);
#25 = CARTESIAN_POINT('',(-100.,-150.,125.));
#26 = SURFACE_CURVE('',#27,(#31,#43),.PCURVE_S1.);
#27 = LINE('',#28,#29);
#28 = CARTESIAN_POINT('',(-100.,-150.,-125.));
#29 = VECTOR('',#30,1.);
#30 = DIRECTION('',(0.,0.,1.));
#31 = PCURVE('',#32,#37);
#32 = PLANE('',#33);
#33 = AXIS2_PLACEMENT_3D('',#34,#35,#36);
#34 = CARTESIAN_POINT('',(-100.,-150.,-125.));
#35 = DIRECTION('',(1.,0.,0.));
#36 = DIRECTION('',(0.,0.,1.));
#37 = DEFINITIONAL_REPRESENTATION('',(#38),#42);
#38 = LINE('',#39,#40);
#39 = CARTESIAN_POINT('',(0.,0.));
#40 = VECTOR('',#41,1.);
#41 = DIRECTION('',(1.,0.));
#42 = ( GEOMETRIC_REPRESENTATION_CONTEXT(2) 
PARAMETRIC_REPRESENTATION_CONTEXT() REPRESENTATION_CONTEXT('2D SPACE',''
  ) );
#43 = PCURVE('',#44,#49);
#44 = PLANE('',#45);
#45 = AXIS2_PLACEMENT_3D('',#46,#47,#48);
#46 = CARTESIAN_POINT('',(-100.,-150.,-125.));
#47 = DIRECTION('',(0.,1.,0.));
#48 = DIRECTION('',(0.,0.,1.));
#49 = DEFINITIONAL_REPRESENTATION('',(#50),#54);
#50 = LINE('',#51,#52);
#51 = CARTESIAN_POINT('',(0.,0.));
#52 = VECTOR('',#53,1.);
#53 = DIRECTION('',(1.,0.));
#54 = ( GEOMETRIC_REPRESENTATION_CONTEXT(2) 
PARAMETRIC_REPRESENTATION_CONTEXT() REPRESENTATION_CONTEXT('2D SPACE',''
  ) );
#55 = ORIENTED_EDGE('',*,*,#56,.T.);
#56 = EDGE_CURVE('',#22,#57,#59,.T.);
#57 = VERTEX_POINT('',#58);
#58 = CARTESIAN_POINT('',(-100.,150.,-125.));
#59 = SURFACE_CURVE('',#60,(#64,#71),.PCURVE_S1.);
#60 = LINE('',#61,#62);
#61 = CARTESIAN_POINT('',(-100.,-150.,-125.));
#62 = VECTOR('',#63,1.);
#63 = DIRECTION('',(0.,1.,0.));
#64 = PCURVE('',#32,#65);
#65 = DEFINITIONAL_REPRESENTATION('',(#66),#70);
#66 = LINE('',#67,#68);
#67 = CARTESIAN_POINT('',(0.,0.));
#68 = VECTOR('',#69,1.);
#69 = DIRECTION('',(0.,-1.));
#70 = ( GEOMETRIC_REPRESENTATION_CONTEXT(2) 
PARAMETRIC_REPRESENTATION_CONTEXT() REPRESENTATION_CONTEXT('2D SPACE',''
  ) );
#71 = PCURVE('',#72,#77);
#72 = PLANE('',#73);
#73 = AXIS2_PLACEMENT_3D('',#74,#75,#76);
#74 = CARTESIAN_POINT('',(-100.,-150.,-125.));
#75 = DIRECTION('',(0.,0.,1.));
#76 = DIRECTION('',(1.,0.,0.));
#77 = DEFINITIONAL_REPRESENTATION('',(#78),#82);
#78 = LINE('',#79,#80);
#79 = CARTESIAN_POINT('',(0.,0.));
#80 = VECTOR('',#81,1.);
#81 = DIRECTION('',(0.,1.));
#82 = ( GEOMETRIC_REPRESENTATION_CONTEXT(2) 
PARAMETRIC_REPRESENTATION_CONTEXT() REPRESENTATION_CONTEXT('2D SPACE',''
  ) );
#83 = ORIENTED_EDGE('',*,*,#84,.T.);
#84 = EDGE_CURVE('',#57,#85,#87,.T.);
#85 = VERTEX_POINT('',#86);
#86 = CARTESIAN_POINT('',(-100.,150.,125.));
#87 = SURFACE_CURVE('',#88,(#92,#99),.PCURVE_S1.);
#88 = LINE('',#89,#90);
#89 = CARTESIAN_POINT('',(-100.,150.,-125.));
#90 = VECTOR('',#91,1.);
#91 = DIRECTION('',(0.,0.,1.));
#92 = PCURVE('',#32,#93);
#93 = DEFINITIONAL_REPRESENTATION('',(#94),#98);
#94 = LINE('',#95,#96);
#95 = CARTESIAN_POINT('',(0.,-300.));
#96 = VECTOR('',#97,1.);
#97 = DIRECTION('',(1.,0.));
#98 = ( GEOMETRIC_REPRESENTATION_CONTEXT(2) 
PARAMETRIC_REPRESENTATION_CONTEXT() REPRESENTATION_CONTEXT('2D SPACE',''
  ) );
#99 = PCURVE('',#100,#105);
#100 = PLANE('',#101);
#101 = AXIS2_PLACEMENT_3D('',#102,#103,#104);
#102 = CARTESIAN_POINT('',(-100.,150.,-125.));
#103 = DIRECTION('',(0.,1.,0.));
#104 = DIRECTION('',(0.,0.,1.));
#105 = DEFINITIONAL_REPRESENTATION('',(#106),#110);
#106 = LINE('',#107,#108);
#107 = CARTESIAN_POINT('',(0.,0.));
#108 = VECTOR('',#109,1.);
#109 = DIRECTION('',(1.,0.));
#110 = ( GEOMETRIC_REPRESENTATION_CONTEXT(2) 
PARAMETRIC_REPRESENTATION_CONTEXT() REPRESENTATION_CONTEXT('2D SPACE',''
  ) );
#111 = ORIENTED_EDGE('',*,*,#112,.F.);
#112 = EDGE_CURVE('',#24,#85,#113,.T.);
#113 = SURFACE_CURVE('',#114,(#118,#125),.PCURVE_S1.);
#114 = LINE('',#115,#116);
#115 = CARTESIAN_POINT('',(-100.,-150.,125.));
#116 = VECTOR('',#117,1.);
#117 = DIRECTION('',(0.,1.,0.));
#118 = PCURVE('',#32,#119);
#119 = DEFINITIONAL_REPRESENTATION('',(#120),#124);
#120 = LINE('',#121,#122);
#121 = CARTESIAN_POINT('',(250.,0.));
#122 = VECTOR('',#123,1.);
#123 = DIRECTION('',(0.,-1.));
#124 = ( GEOMETRIC_REPRESENTATION_CONTEXT(2) 
PARAMETRIC_REPRESENTATION_CONTEXT() REPRESENTATION_CONTEXT('2D SPACE',''
  ) );
#125 = PCURVE('',#126,#131);
#126 = PLANE('',#127);
#127 = AXIS2_PLACEMENT_3D('',#128,#129,#130);
#128 = CARTESIAN_POINT('',(-100.,-150.,125.));
#129 = DIRECTION('',(0.,0.,1.));
#130 = DIRECTION('',(1.,0.,0.));
#131 = DEFINITIONAL_REPRESENTATION('',(#132),#136);
#132 = LINE('',#133,#134);
#133 = CARTESIAN_POINT('',(0.,0.));
#134 = VECTOR('',#135,1.);
#135 = DIRECTION('',(0.,1.));
#136 = ( GEOMETRIC_REPRESENTATION_CONTEXT(2) 
PARAMETRIC_REPRESENTATION_CONTEXT() REPRESENTATION_CONTEXT('2D SPACE',''
  ) );
#137 = ADVANCED_FACE('',(#138),#44,.F.);
#138 = FACE_BOUND('',#139,.F.);
#139 = EDGE_LOOP('',(#140,#170,#191,#192,#215,#243,#271,#299));
#140 = ORIENTED_EDGE('',*,*,#141,.F.);
#141 = EDGE_CURVE('',#142,#144,#146,.T.);
#142 = VERTEX_POINT('',#143);
#143 = CARTESIAN_POINT('',(100.,-150.,-125.));
#144 = VERTEX_POINT('',#145);
#145 = CARTESIAN_POINT('',(100.,-150.,125.));
#146 = SURFACE_CURVE('',#147,(#151,#158),.PCURVE_S1.);
#147 = LINE('',#148,#149);
#148 = CARTESIAN_POINT('',(100.,-150.,-125.));
#149 = VECTOR('',#150,1.);
#150 = DIRECTION('',(0.,0.,1.));
#151 = PCURVE('',#44,#152);
#152 = DEFINITIONAL_REPRESENTATION('',(#153),#157);
#153 = LINE('',#154,#155);
#154 = CARTESIAN_POINT('',(0.,200.));
#155 = VECTOR('',#156,1.);
#156 = DIRECTION('',(1.,0.));
#157 = ( GEOMETRIC_REPRESENTATION_CONTEXT(2) 
PARAMETRIC_REPRESENTATION_CONTEXT() REPRESENTATION_CONTEXT('2D SPACE',''
  ) );
#158 = PCURVE('',#159,#164);
#159 = PLANE('',#160);
#160 = AXIS2_PLACEMENT_3D('',#161,#162,#163);
#161 = CARTESIAN_POINT('',(100.,-150.,-125.));
#162 = DIRECTION('',(1.,0.,0.));
#163 = DIRECTION('',(0.,0.,1.));
#164 = DEFINITIONAL_REPRESENTATION('',(#165),#169);
#165 = LINE('',#166,#167);
#166 = CARTESIAN_POINT('',(0.,0.));
#167 = VECTOR('',#168,1.);
#168 = DIRECTION('',(1.,0.));
#169 = ( GEOMETRIC_REPRESENTATION_CONTEXT(2) 
PARAMETRIC_REPRESENTATION_CONTEXT() REPRESENTATION_CONTEXT('2D SPACE',''
  ) );
#170 = ORIENTED_EDGE('',*,*,#171,.F.);
#171 = EDGE_CURVE('',#22,#142,#172,.T.);
#172 = SURFACE_CURVE('',#173,(#177,#184),.PCURVE_S1.);
#173 = LINE('',#174,#175);
#174 = CARTESIAN_POINT('',(-100.,-150.,-125.));
#175 = VECTOR('',#176,1.);
#176 = DIRECTION('',(1.,0.,0.));
#177 = PCURVE('',#44,#178);
#178 = DEFINITIONAL_REPRESENTATION('',(#179),#183);
#179 = LINE('',#180,#181);
#180 = CARTESIAN_POINT('',(0.,0.));
#181 = VECTOR('',#182,1.);
#182 = DIRECTION('',(0.,1.));
#183 = ( GEOMETRIC_REPRESENTATION_CONTEXT(2) 
PARAMETRIC_REPRESENTATION_CONTEXT() REPRESENTATION_CONTEXT('2D SPACE',''
  ) );
#184 = PCURVE('',#72,#185);
#185 = DEFINITIONAL_REPRESENTATION('',(#186),#190);
#186 = LINE('',#187,#188);
#187 = CARTESIAN_POINT('',(0.,0.));
#188 = VECTOR('',#189,1.);
#189 = DIRECTION('',(1.,0.));
#190 = ( GEOMETRIC_REPRESENTATION_CONTEXT(2) 
PARAMETRIC_REPRESENTATION_CONTEXT() REPRESENTATION_CONTEXT('2D SPACE',''
  ) );
#191 = ORIENTED_EDGE('',*,*,#21,.T.);
#192 = ORIENTED_EDGE('',*,*,#193,.T.);
#193 = EDGE_CURVE('',#24,#194,#196,.T.);
#194 = VERTEX_POINT('',#195);
#195 = CARTESIAN_POINT('',(-13.8,-150.,125.));
#196 = SURFACE_CURVE('',#197,(#201,#208),.PCURVE_S1.);
#197 = LINE('',#198,#199);
#198 = CARTESIAN_POINT('',(-100.,-150.,125.));
#199 = VECTOR('',#200,1.);
#200 = DIRECTION('',(1.,0.,0.));
#201 = PCURVE('',#44,#202);
#202 = DEFINITIONAL_REPRESENTATION('',(#203),#207);
#203 = LINE('',#204,#205);
#204 = CARTESIAN_POINT('',(250.,0.));
#205 = VECTOR('',#206,1.);
#206 = DIRECTION('',(0.,1.));
#207 = ( GEOMETRIC_REPRESENTATION_CONTEXT(2) 
PARAMETRIC_REPRESENTATION_CONTEXT() REPRESENTATION_CONTEXT('2D SPACE',''
  ) );
#208 = PCURVE('',#126,#209);
#209 = DEFINITIONAL_REPRESENTATION('',(#210),#214);
#210 = LINE('',#211,#212);
#211 = CARTESIAN_POINT('',(0.,0.));
#212 = VECTOR('',#213,1.);
#213 = DIRECTION('',(1.,0.));
#214 = ( GEOMETRIC_REPRESENTATION_CONTEXT(2) 
PARAMETRIC_REPRESENTATION_CONTEXT() REPRESENTATION_CONTEXT('2D SPACE',''
  ) );
#215 = ORIENTED_EDGE('',*,*,#216,.T.);
#216 = EDGE_CURVE('',#194,#217,#219,.T.);
#217 = VERTEX_POINT('',#218);
#218 = CARTESIAN_POINT('',(-13.8,-150.,97.));
#219 = SURFACE_CURVE('',#220,(#224,#231),.PCURVE_S1.);
#220 = LINE('',#221,#222);
#221 = CARTESIAN_POINT('',(-13.8,-150.,125.));
#222 = VECTOR('',#223,1.);
#223 = DIRECTION('',(-0.,0.,-1.));
#224 = PCURVE('',#44,#225);
#225 = DEFINITIONAL_REPRESENTATION('',(#226),#230);
#226 = LINE('',#227,#228);
#227 = CARTESIAN_POINT('',(250.,86.2));
#228 = VECTOR('',#229,1.);
#229 = DIRECTION('',(-1.,0.));
#230 = ( GEOMETRIC_REPRESENTATION_CONTEXT(2) 
PARAMETRIC_REPRESENTATION_CONTEXT() REPRESENTATION_CONTEXT('2D SPACE',''
  ) );
#231 = PCURVE('',#232,#237);
#232 = PLANE('',#233);
#233 = AXIS2_PLACEMENT_3D('',#234,#235,#236);
#234 = CARTESIAN_POINT('',(-13.8,150.,125.));
#235 = DIRECTION('',(-1.,0.,0.));
#236 = DIRECTION('',(0.,-1.,0.));
#237 = DEFINITIONAL_REPRESENTATION('',(#238),#242);
#238 = LINE('',#239,#240);
#239 = CARTESIAN_POINT('',(300.,0.));
#240 = VECTOR('',#241,1.);
#241 = DIRECTION('',(0.,-1.));
#242 = ( GEOMETRIC_REPRESENTATION_CONTEXT(2) 
PARAMETRIC_REPRESENTATION_CONTEXT() REPRESENTATION_CONTEXT('2D SPACE',''
  ) );
#243 = ORIENTED_EDGE('',*,*,#244,.T.);
#244 = EDGE_CURVE('',#217,#245,#247,.T.);
#245 = VERTEX_POINT('',#246);
#246 = CARTESIAN_POINT('',(62.6,-150.,97.));
#247 = SURFACE_CURVE('',#248,(#252,#259),.PCURVE_S1.);
#248 = LINE('',#249,#250);
#249 = CARTESIAN_POINT('',(-13.8,-150.,97.));
#250 = VECTOR('',#251,1.);
#251 = DIRECTION('',(1.,0.,0.));
#252 = PCURVE('',#44,#253);
#253 = DEFINITIONAL_REPRESENTATION('',(#254),#258);
#254 = LINE('',#255,#256);
#255 = CARTESIAN_POINT('',(222.,86.2));
#256 = VECTOR('',#257,1.);
#257 = DIRECTION('',(0.,1.));
#258 = ( GEOMETRIC_REPRESENTATION_CONTEXT(2) 
PARAMETRIC_REPRESENTATION_CONTEXT() REPRESENTATION_CONTEXT('2D SPACE',''
  ) );
#259 = PCURVE('',#260,#265);
#260 = PLANE('',#261);
#261 = AXIS2_PLACEMENT_3D('',#262,#263,#264);
#262 = CARTESIAN_POINT('',(24.4,2.416298357526E-15,97.));
#263 = DIRECTION('',(0.,1.78842004726E-33,1.));
#264 = DIRECTION('',(0.,1.,-1.78842004726E-33));
#265 = DEFINITIONAL_REPRESENTATION('',(#266),#270);
#266 = LINE('',#267,#268);
#267 = CARTESIAN_POINT('',(-150.,38.2));
#268 = VECTOR('',#269,1.);
#269 = DIRECTION('',(0.,-1.));
#270 = ( GEOMETRIC_REPRESENTATION_CONTEXT(2) 
PARAMETRIC_REPRESENTATION_CONTEXT() REPRESENTATION_CONTEXT('2D SPACE',''
  ) );
#271 = ORIENTED_EDGE('',*,*,#272,.F.);
#272 = EDGE_CURVE('',#273,#245,#275,.T.);
#273 = VERTEX_POINT('',#274);
#274 = CARTESIAN_POINT('',(62.6,-150.,125.));
#275 = SURFACE_CURVE('',#276,(#280,#287),.PCURVE_S1.);
#276 = LINE('',#277,#278);
#277 = CARTESIAN_POINT('',(62.6,-150.,125.));
#278 = VECTOR('',#279,1.);
#279 = DIRECTION('',(-0.,0.,-1.));
#280 = PCURVE('',#44,#281);
#281 = DEFINITIONAL_REPRESENTATION('',(#282),#286);
#282 = LINE('',#283,#284);
#283 = CARTESIAN_POINT('',(250.,162.6));
#284 = VECTOR('',#285,1.);
#285 = DIRECTION('',(-1.,0.));
#286 = ( GEOMETRIC_REPRESENTATION_CONTEXT(2) 
PARAMETRIC_REPRESENTATION_CONTEXT() REPRESENTATION_CONTEXT('2D SPACE',''
  ) );
#287 = PCURVE('',#288,#293);
#288 = PLANE('',#289);
#289 = AXIS2_PLACEMENT_3D('',#290,#291,#292);
#290 = CARTESIAN_POINT('',(62.6,-150.,125.));
#291 = DIRECTION('',(1.,0.,-0.));
#292 = DIRECTION('',(0.,1.,0.));
#293 = DEFINITIONAL_REPRESENTATION('',(#294),#298);
#294 = LINE('',#295,#296);
#295 = CARTESIAN_POINT('',(0.,0.));
#296 = VECTOR('',#297,1.);
#297 = DIRECTION('',(0.,-1.));
#298 = ( GEOMETRIC_REPRESENTATION_CONTEXT(2) 
PARAMETRIC_REPRESENTATION_CONTEXT() REPRESENTATION_CONTEXT('2D SPACE',''
  ) );
#299 = ORIENTED_EDGE('',*,*,#300,.T.);
#300 = EDGE_CURVE('',#273,#144,#301,.T.);
#301 = SURFACE_CURVE('',#302,(#306,#313),.PCURVE_S1.);
#302 = LINE('',#303,#304);
#303 = CARTESIAN_POINT('',(-100.,-150.,125.));
#304 = VECTOR('',#305,1.);
#305 = DIRECTION('',(1.,0.,0.));
#306 = PCURVE('',#44,#307);
#307 = DEFINITIONAL_REPRESENTATION('',(#308),#312);
#308 = LINE('',#309,#310);
#309 = CARTESIAN_POINT('',(250.,0.));
#310 = VECTOR('',#311,1.);
#311 = DIRECTION('',(0.,1.));
#312 = ( GEOMETRIC_REPRESENTATION_CONTEXT(2) 
PARAMETRIC_REPRESENTATION_CONTEXT() REPRESENTATION_CONTEXT('2D SPACE',''
  ) );
#313 = PCURVE('',#314,#319);
#314 = PLANE('',#315);
#315 = AXIS2_PLACEMENT_3D('',#316,#317,#318);
#316 = CARTESIAN_POINT('',(-100.,-150.,125.));
#317 = DIRECTION('',(0.,0.,1.));
#318 = DIRECTION('',(1.,0.,0.));
#319 = DEFINITIONAL_REPRESENTATION('',(#320),#324);
#320 = LINE('',#321,#322);
#321 = CARTESIAN_POINT('',(0.,0.));
#322 = VECTOR('',#323,1.);
#323 = DIRECTION('',(1.,0.));
#324 = ( GEOMETRIC_REPRESENTATION_CONTEXT(2) 
PARAMETRIC_REPRESENTATION_CONTEXT() REPRESENTATION_CONTEXT('2D SPACE',''
  ) );
#325 = ADVANCED_FACE('',(#326),#126,.T.);
#326 = FACE_BOUND('',#327,.T.);
#327 = EDGE_LOOP('',(#328,#351,#352,#353));
#328 = ORIENTED_EDGE('',*,*,#329,.F.);
#329 = EDGE_CURVE('',#85,#330,#332,.T.);
#330 = VERTEX_POINT('',#331);
#331 = CARTESIAN_POINT('',(-13.8,150.,125.));
#332 = SURFACE_CURVE('',#333,(#337,#344),.PCURVE_S1.);
#333 = LINE('',#334,#335);
#334 = CARTESIAN_POINT('',(-100.,150.,125.));
#335 = VECTOR('',#336,1.);
#336 = DIRECTION('',(1.,0.,0.));
#337 = PCURVE('',#126,#338);
#338 = DEFINITIONAL_REPRESENTATION('',(#339),#343);
#339 = LINE('',#340,#341);
#340 = CARTESIAN_POINT('',(0.,300.));
#341 = VECTOR('',#342,1.);
#342 = DIRECTION('',(1.,0.));
#343 = ( GEOMETRIC_REPRESENTATION_CONTEXT(2) 
PARAMETRIC_REPRESENTATION_CONTEXT() REPRESENTATION_CONTEXT('2D SPACE',''
  ) );
#344 = PCURVE('',#100,#345);
#345 = DEFINITIONAL_REPRESENTATION('',(#346),#350);
#346 = LINE('',#347,#348);
#347 = CARTESIAN_POINT('',(250.,0.));
#348 = VECTOR('',#349,1.);
#349 = DIRECTION('',(0.,1.));
#350 = ( GEOMETRIC_REPRESENTATION_CONTEXT(2) 
PARAMETRIC_REPRESENTATION_CONTEXT() REPRESENTATION_CONTEXT('2D SPACE',''
  ) );
#351 = ORIENTED_EDGE('',*,*,#112,.F.);
#352 = ORIENTED_EDGE('',*,*,#193,.T.);
#353 = ORIENTED_EDGE('',*,*,#354,.F.);
#354 = EDGE_CURVE('',#330,#194,#355,.T.);
#355 = SURFACE_CURVE('',#356,(#360,#367),.PCURVE_S1.);
#356 = LINE('',#357,#358);
#357 = CARTESIAN_POINT('',(-13.8,150.,125.));
#358 = VECTOR('',#359,1.);
#359 = DIRECTION('',(0.,-1.,0.));
#360 = PCURVE('',#126,#361);
#361 = DEFINITIONAL_REPRESENTATION('',(#362),#366);
#362 = LINE('',#363,#364);
#363 = CARTESIAN_POINT('',(86.2,300.));
#364 = VECTOR('',#365,1.);
#365 = DIRECTION('',(0.,-1.));
#366 = ( GEOMETRIC_REPRESENTATION_CONTEXT(2) 
PARAMETRIC_REPRESENTATION_CONTEXT() REPRESENTATION_CONTEXT('2D SPACE',''
  ) );
#367 = PCURVE('',#232,#368);
#368 = DEFINITIONAL_REPRESENTATION('',(#369),#373);
#369 = LINE('',#370,#371);
#370 = CARTESIAN_POINT('',(0.,0.));
#371 = VECTOR('',#372,1.);
#372 = DIRECTION('',(1.,0.));
#373 = ( GEOMETRIC_REPRESENTATION_CONTEXT(2) 
PARAMETRIC_REPRESENTATION_CONTEXT() REPRESENTATION_CONTEXT('2D SPACE',''
  ) );
#374 = ADVANCED_FACE('',(#375),#100,.T.);
#375 = FACE_BOUND('',#376,.T.);
#376 = EDGE_LOOP('',(#377,#402,#423,#424,#425,#448,#471,#494));
#377 = ORIENTED_EDGE('',*,*,#378,.F.);
#378 = EDGE_CURVE('',#379,#381,#383,.T.);
#379 = VERTEX_POINT('',#380);
#380 = CARTESIAN_POINT('',(100.,150.,-125.));
#381 = VERTEX_POINT('',#382);
#382 = CARTESIAN_POINT('',(100.,150.,125.));
#383 = SURFACE_CURVE('',#384,(#388,#395),.PCURVE_S1.);
#384 = LINE('',#385,#386);
#385 = CARTESIAN_POINT('',(100.,150.,-125.));
#386 = VECTOR('',#387,1.);
#387 = DIRECTION('',(0.,0.,1.));
#388 = PCURVE('',#100,#389);
#389 = DEFINITIONAL_REPRESENTATION('',(#390),#394);
#390 = LINE('',#391,#392);
#391 = CARTESIAN_POINT('',(0.,200.));
#392 = VECTOR('',#393,1.);
#393 = DIRECTION('',(1.,0.));
#394 = ( GEOMETRIC_REPRESENTATION_CONTEXT(2) 
PARAMETRIC_REPRESENTATION_CONTEXT() REPRESENTATION_CONTEXT('2D SPACE',''
  ) );
#395 = PCURVE('',#159,#396);
#396 = DEFINITIONAL_REPRESENTATION('',(#397),#401);
#397 = LINE('',#398,#399);
#398 = CARTESIAN_POINT('',(0.,-300.));
#399 = VECTOR('',#400,1.);
#400 = DIRECTION('',(1.,0.));
#401 = ( GEOMETRIC_REPRESENTATION_CONTEXT(2) 
PARAMETRIC_REPRESENTATION_CONTEXT() REPRESENTATION_CONTEXT('2D SPACE',''
  ) );
#402 = ORIENTED_EDGE('',*,*,#403,.F.);
#403 = EDGE_CURVE('',#57,#379,#404,.T.);
#404 = SURFACE_CURVE('',#405,(#409,#416),.PCURVE_S1.);
#405 = LINE('',#406,#407);
#406 = CARTESIAN_POINT('',(-100.,150.,-125.));
#407 = VECTOR('',#408,1.);
#408 = DIRECTION('',(1.,0.,0.));
#409 = PCURVE('',#100,#410);
#410 = DEFINITIONAL_REPRESENTATION('',(#411),#415);
#411 = LINE('',#412,#413);
#412 = CARTESIAN_POINT('',(0.,0.));
#413 = VECTOR('',#414,1.);
#414 = DIRECTION('',(0.,1.));
#415 = ( GEOMETRIC_REPRESENTATION_CONTEXT(2) 
PARAMETRIC_REPRESENTATION_CONTEXT() REPRESENTATION_CONTEXT('2D SPACE',''
  ) );
#416 = PCURVE('',#72,#417);
#417 = DEFINITIONAL_REPRESENTATION('',(#418),#422);
#418 = LINE('',#419,#420);
#419 = CARTESIAN_POINT('',(0.,300.));
#420 = VECTOR('',#421,1.);
#421 = DIRECTION('',(1.,0.));
#422 = ( GEOMETRIC_REPRESENTATION_CONTEXT(2) 
PARAMETRIC_REPRESENTATION_CONTEXT() REPRESENTATION_CONTEXT('2D SPACE',''
  ) );
#423 = ORIENTED_EDGE('',*,*,#84,.T.);
#424 = ORIENTED_EDGE('',*,*,#329,.T.);
#425 = ORIENTED_EDGE('',*,*,#426,.T.);
#426 = EDGE_CURVE('',#330,#427,#429,.T.);
#427 = VERTEX_POINT('',#428);
#428 = CARTESIAN_POINT('',(-13.8,150.,97.));
#429 = SURFACE_CURVE('',#430,(#434,#441),.PCURVE_S1.);
#430 = LINE('',#431,#432);
#431 = CARTESIAN_POINT('',(-13.8,150.,125.));
#432 = VECTOR('',#433,1.);
#433 = DIRECTION('',(-0.,0.,-1.));
#434 = PCURVE('',#100,#435);
#435 = DEFINITIONAL_REPRESENTATION('',(#436),#440);
#436 = LINE('',#437,#438);
#437 = CARTESIAN_POINT('',(250.,86.2));
#438 = VECTOR('',#439,1.);
#439 = DIRECTION('',(-1.,0.));
#440 = ( GEOMETRIC_REPRESENTATION_CONTEXT(2) 
PARAMETRIC_REPRESENTATION_CONTEXT() REPRESENTATION_CONTEXT('2D SPACE',''
  ) );
#441 = PCURVE('',#232,#442);
#442 = DEFINITIONAL_REPRESENTATION('',(#443),#447);
#443 = LINE('',#444,#445);
#444 = CARTESIAN_POINT('',(0.,0.));
#445 = VECTOR('',#446,1.);
#446 = DIRECTION('',(0.,-1.));
#447 = ( GEOMETRIC_REPRESENTATION_CONTEXT(2) 
PARAMETRIC_REPRESENTATION_CONTEXT() REPRESENTATION_CONTEXT('2D SPACE',''
  ) );
#448 = ORIENTED_EDGE('',*,*,#449,.F.);
#449 = EDGE_CURVE('',#450,#427,#452,.T.);
#450 = VERTEX_POINT('',#451);
#451 = CARTESIAN_POINT('',(62.6,150.,97.));
#452 = SURFACE_CURVE('',#453,(#457,#464),.PCURVE_S1.);
#453 = LINE('',#454,#455);
#454 = CARTESIAN_POINT('',(62.6,150.,97.));
#455 = VECTOR('',#456,1.);
#456 = DIRECTION('',(-1.,0.,0.));
#457 = PCURVE('',#100,#458);
#458 = DEFINITIONAL_REPRESENTATION('',(#459),#463);
#459 = LINE('',#460,#461);
#460 = CARTESIAN_POINT('',(222.,162.6));
#461 = VECTOR('',#462,1.);
#462 = DIRECTION('',(0.,-1.));
#463 = ( GEOMETRIC_REPRESENTATION_CONTEXT(2) 
PARAMETRIC_REPRESENTATION_CONTEXT() REPRESENTATION_CONTEXT('2D SPACE',''
  ) );
#464 = PCURVE('',#260,#465);
#465 = DEFINITIONAL_REPRESENTATION('',(#466),#470);
#466 = LINE('',#467,#468);
#467 = CARTESIAN_POINT('',(150.,-38.2));
#468 = VECTOR('',#469,1.);
#469 = DIRECTION('',(0.,1.));
#470 = ( GEOMETRIC_REPRESENTATION_CONTEXT(2) 
PARAMETRIC_REPRESENTATION_CONTEXT() REPRESENTATION_CONTEXT('2D SPACE',''
  ) );
#471 = ORIENTED_EDGE('',*,*,#472,.F.);
#472 = EDGE_CURVE('',#473,#450,#475,.T.);
#473 = VERTEX_POINT('',#474);
#474 = CARTESIAN_POINT('',(62.6,150.,125.));
#475 = SURFACE_CURVE('',#476,(#480,#487),.PCURVE_S1.);
#476 = LINE('',#477,#478);
#477 = CARTESIAN_POINT('',(62.6,150.,125.));
#478 = VECTOR('',#479,1.);
#479 = DIRECTION('',(-0.,0.,-1.));
#480 = PCURVE('',#100,#481);
#481 = DEFINITIONAL_REPRESENTATION('',(#482),#486);
#482 = LINE('',#483,#484);
#483 = CARTESIAN_POINT('',(250.,162.6));
#484 = VECTOR('',#485,1.);
#485 = DIRECTION('',(-1.,0.));
#486 = ( GEOMETRIC_REPRESENTATION_CONTEXT(2) 
PARAMETRIC_REPRESENTATION_CONTEXT() REPRESENTATION_CONTEXT('2D SPACE',''
  ) );
#487 = PCURVE('',#288,#488);
#488 = DEFINITIONAL_REPRESENTATION('',(#489),#493);
#489 = LINE('',#490,#491);
#490 = CARTESIAN_POINT('',(300.,0.));
#491 = VECTOR('',#492,1.);
#492 = DIRECTION('',(0.,-1.));
#493 = ( GEOMETRIC_REPRESENTATION_CONTEXT(2) 
PARAMETRIC_REPRESENTATION_CONTEXT() REPRESENTATION_CONTEXT('2D SPACE',''
  ) );
#494 = ORIENTED_EDGE('',*,*,#495,.T.);
#495 = EDGE_CURVE('',#473,#381,#496,.T.);
#496 = SURFACE_CURVE('',#497,(#501,#508),.PCURVE_S1.);
#497 = LINE('',#498,#499);
#498 = CARTESIAN_POINT('',(-100.,150.,125.));
#499 = VECTOR('',#500,1.);
#500 = DIRECTION('',(1.,0.,0.));
#501 = PCURVE('',#100,#502);
#502 = DEFINITIONAL_REPRESENTATION('',(#503),#507);
#503 = LINE('',#504,#505);
#504 = CARTESIAN_POINT('',(250.,0.));
#505 = VECTOR('',#506,1.);
#506 = DIRECTION('',(0.,1.));
#507 = ( GEOMETRIC_REPRESENTATION_CONTEXT(2) 
PARAMETRIC_REPRESENTATION_CONTEXT() REPRESENTATION_CONTEXT('2D SPACE',''
  ) );
#508 = PCURVE('',#314,#509);
#509 = DEFINITIONAL_REPRESENTATION('',(#510),#514);
#510 = LINE('',#511,#512);
#511 = CARTESIAN_POINT('',(0.,300.));
#512 = VECTOR('',#513,1.);
#513 = DIRECTION('',(1.,0.));
#514 = ( GEOMETRIC_REPRESENTATION_CONTEXT(2) 
PARAMETRIC_REPRESENTATION_CONTEXT() REPRESENTATION_CONTEXT('2D SPACE',''
  ) );
#515 = ADVANCED_FACE('',(#516),#72,.F.);
#516 = FACE_BOUND('',#517,.F.);
#517 = EDGE_LOOP('',(#518,#519,#520,#541));
#518 = ORIENTED_EDGE('',*,*,#56,.F.);
#519 = ORIENTED_EDGE('',*,*,#171,.T.);
#520 = ORIENTED_EDGE('',*,*,#521,.T.);
#521 = EDGE_CURVE('',#142,#379,#522,.T.);
#522 = SURFACE_CURVE('',#523,(#527,#534),.PCURVE_S1.);
#523 = LINE('',#524,#525);
#524 = CARTESIAN_POINT('',(100.,-150.,-125.));
#525 = VECTOR('',#526,1.);
#526 = DIRECTION('',(0.,1.,0.));
#527 = PCURVE('',#72,#528);
#528 = DEFINITIONAL_REPRESENTATION('',(#529),#533);
#529 = LINE('',#530,#531);
#530 = CARTESIAN_POINT('',(200.,0.));
#531 = VECTOR('',#532,1.);
#532 = DIRECTION('',(0.,1.));
#533 = ( GEOMETRIC_REPRESENTATION_CONTEXT(2) 
PARAMETRIC_REPRESENTATION_CONTEXT() REPRESENTATION_CONTEXT('2D SPACE',''
  ) );
#534 = PCURVE('',#159,#535);
#535 = DEFINITIONAL_REPRESENTATION('',(#536),#540);
#536 = LINE('',#537,#538);
#537 = CARTESIAN_POINT('',(0.,0.));
#538 = VECTOR('',#539,1.);
#539 = DIRECTION('',(0.,-1.));
#540 = ( GEOMETRIC_REPRESENTATION_CONTEXT(2) 
PARAMETRIC_REPRESENTATION_CONTEXT() REPRESENTATION_CONTEXT('2D SPACE',''
  ) );
#541 = ORIENTED_EDGE('',*,*,#403,.F.);
#542 = ADVANCED_FACE('',(#543,#569,#600,#631,#662,#693),#159,.T.);
#543 = FACE_BOUND('',#544,.T.);
#544 = EDGE_LOOP('',(#545,#546,#547,#548));
#545 = ORIENTED_EDGE('',*,*,#141,.F.);
#546 = ORIENTED_EDGE('',*,*,#521,.T.);
#547 = ORIENTED_EDGE('',*,*,#378,.T.);
#548 = ORIENTED_EDGE('',*,*,#549,.F.);
#549 = EDGE_CURVE('',#144,#381,#550,.T.);
#550 = SURFACE_CURVE('',#551,(#555,#562),.PCURVE_S1.);
#551 = LINE('',#552,#553);
#552 = CARTESIAN_POINT('',(100.,-150.,125.));
#553 = VECTOR('',#554,1.);
#554 = DIRECTION('',(0.,1.,0.));
#555 = PCURVE('',#159,#556);
#556 = DEFINITIONAL_REPRESENTATION('',(#557),#561);
#557 = LINE('',#558,#559);
#558 = CARTESIAN_POINT('',(250.,0.));
#559 = VECTOR('',#560,1.);
#560 = DIRECTION('',(0.,-1.));
#561 = ( GEOMETRIC_REPRESENTATION_CONTEXT(2) 
PARAMETRIC_REPRESENTATION_CONTEXT() REPRESENTATION_CONTEXT('2D SPACE',''
  ) );
#562 = PCURVE('',#314,#563);
#563 = DEFINITIONAL_REPRESENTATION('',(#564),#568);
#564 = LINE('',#565,#566);
#565 = CARTESIAN_POINT('',(200.,0.));
#566 = VECTOR('',#567,1.);
#567 = DIRECTION('',(0.,1.));
#568 = ( GEOMETRIC_REPRESENTATION_CONTEXT(2) 
PARAMETRIC_REPRESENTATION_CONTEXT() REPRESENTATION_CONTEXT('2D SPACE',''
  ) );
#569 = FACE_BOUND('',#570,.T.);
#570 = EDGE_LOOP('',(#571));
#571 = ORIENTED_EDGE('',*,*,#572,.F.);
#572 = EDGE_CURVE('',#573,#573,#575,.T.);
#573 = VERTEX_POINT('',#574);
#574 = CARTESIAN_POINT('',(100.,75.,-54.5));
#575 = SURFACE_CURVE('',#576,(#581,#588),.PCURVE_S1.);
#576 = CIRCLE('',#577,8.);
#577 = AXIS2_PLACEMENT_3D('',#578,#579,#580);
#578 = CARTESIAN_POINT('',(100.,75.,-62.5));
#579 = DIRECTION('',(1.,0.,-0.));
#580 = DIRECTION('',(0.,0.,1.));
#581 = PCURVE('',#159,#582);
#582 = DEFINITIONAL_REPRESENTATION('',(#583),#587);
#583 = CIRCLE('',#584,8.);
#584 = AXIS2_PLACEMENT_2D('',#585,#586);
#585 = CARTESIAN_POINT('',(62.5,-225.));
#586 = DIRECTION('',(1.,0.));
#587 = ( GEOMETRIC_REPRESENTATION_CONTEXT(2) 
PARAMETRIC_REPRESENTATION_CONTEXT() REPRESENTATION_CONTEXT('2D SPACE',''
  ) );
#588 = PCURVE('',#589,#594);
#589 = CYLINDRICAL_SURFACE('',#590,8.);
#590 = AXIS2_PLACEMENT_3D('',#591,#592,#593);
#591 = CARTESIAN_POINT('',(100.,75.,-62.5));
#592 = DIRECTION('',(1.,0.,-0.));
#593 = DIRECTION('',(0.,0.,1.));
#594 = DEFINITIONAL_REPRESENTATION('',(#595),#599);
#595 = LINE('',#596,#597);
#596 = CARTESIAN_POINT('',(0.,0.));
#597 = VECTOR('',#598,1.);
#598 = DIRECTION('',(1.,0.));
#599 = ( GEOMETRIC_REPRESENTATION_CONTEXT(2) 
PARAMETRIC_REPRESENTATION_CONTEXT() REPRESENTATION_CONTEXT('2D SPACE',''
  ) );
#600 = FACE_BOUND('',#601,.T.);
#601 = EDGE_LOOP('',(#602));
#602 = ORIENTED_EDGE('',*,*,#603,.F.);
#603 = EDGE_CURVE('',#604,#604,#606,.T.);
#604 = VERTEX_POINT('',#605);
#605 = CARTESIAN_POINT('',(100.,75.,70.5));
#606 = SURFACE_CURVE('',#607,(#612,#619),.PCURVE_S1.);
#607 = CIRCLE('',#608,8.);
#608 = AXIS2_PLACEMENT_3D('',#609,#610,#611);
#609 = CARTESIAN_POINT('',(100.,75.,62.5));
#610 = DIRECTION('',(1.,0.,-0.));
#611 = DIRECTION('',(0.,0.,1.));
#612 = PCURVE('',#159,#613);
#613 = DEFINITIONAL_REPRESENTATION('',(#614),#618);
#614 = CIRCLE('',#615,8.);
#615 = AXIS2_PLACEMENT_2D('',#616,#617);
#616 = CARTESIAN_POINT('',(187.5,-225.));
#617 = DIRECTION('',(1.,0.));
#618 = ( GEOMETRIC_REPRESENTATION_CONTEXT(2) 
PARAMETRIC_REPRESENTATION_CONTEXT() REPRESENTATION_CONTEXT('2D SPACE',''
  ) );
#619 = PCURVE('',#620,#625);
#620 = CYLINDRICAL_SURFACE('',#621,8.);
#621 = AXIS2_PLACEMENT_3D('',#622,#623,#624);
#622 = CARTESIAN_POINT('',(100.,75.,62.5));
#623 = DIRECTION('',(1.,0.,-0.));
#624 = DIRECTION('',(0.,0.,1.));
#625 = DEFINITIONAL_REPRESENTATION('',(#626),#630);
#626 = LINE('',#627,#628);
#627 = CARTESIAN_POINT('',(0.,0.));
#628 = VECTOR('',#629,1.);
#629 = DIRECTION('',(1.,0.));
#630 = ( GEOMETRIC_REPRESENTATION_CONTEXT(2) 
PARAMETRIC_REPRESENTATION_CONTEXT() REPRESENTATION_CONTEXT('2D SPACE',''
  ) );
#631 = FACE_BOUND('',#632,.T.);
#632 = EDGE_LOOP('',(#633));
#633 = ORIENTED_EDGE('',*,*,#634,.F.);
#634 = EDGE_CURVE('',#635,#635,#637,.T.);
#635 = VERTEX_POINT('',#636);
#636 = CARTESIAN_POINT('',(100.,-75.,-54.5));
#637 = SURFACE_CURVE('',#638,(#643,#650),.PCURVE_S1.);
#638 = CIRCLE('',#639,8.);
#639 = AXIS2_PLACEMENT_3D('',#640,#641,#642);
#640 = CARTESIAN_POINT('',(100.,-75.,-62.5));
#641 = DIRECTION('',(1.,0.,-0.));
#642 = DIRECTION('',(0.,0.,1.));
#643 = PCURVE('',#159,#644);
#644 = DEFINITIONAL_REPRESENTATION('',(#645),#649);
#645 = CIRCLE('',#646,8.);
#646 = AXIS2_PLACEMENT_2D('',#647,#648);
#647 = CARTESIAN_POINT('',(62.5,-75.));
#648 = DIRECTION('',(1.,0.));
#649 = ( GEOMETRIC_REPRESENTATION_CONTEXT(2) 
PARAMETRIC_REPRESENTATION_CONTEXT() REPRESENTATION_CONTEXT('2D SPACE',''
  ) );
#650 = PCURVE('',#651,#656);
#651 = CYLINDRICAL_SURFACE('',#652,8.);
#652 = AXIS2_PLACEMENT_3D('',#653,#654,#655);
#653 = CARTESIAN_POINT('',(100.,-75.,-62.5));
#654 = DIRECTION('',(1.,0.,-0.));
#655 = DIRECTION('',(0.,0.,1.));
#656 = DEFINITIONAL_REPRESENTATION('',(#657),#661);
#657 = LINE('',#658,#659);
#658 = CARTESIAN_POINT('',(0.,0.));
#659 = VECTOR('',#660,1.);
#660 = DIRECTION('',(1.,0.));
#661 = ( GEOMETRIC_REPRESENTATION_CONTEXT(2) 
PARAMETRIC_REPRESENTATION_CONTEXT() REPRESENTATION_CONTEXT('2D SPACE',''
  ) );
#662 = FACE_BOUND('',#663,.T.);
#663 = EDGE_LOOP('',(#664));
#664 = ORIENTED_EDGE('',*,*,#665,.F.);
#665 = EDGE_CURVE('',#666,#666,#668,.T.);
#666 = VERTEX_POINT('',#667);
#667 = CARTESIAN_POINT('',(100.,0.,8.));
#668 = SURFACE_CURVE('',#669,(#674,#681),.PCURVE_S1.);
#669 = CIRCLE('',#670,8.);
#670 = AXIS2_PLACEMENT_3D('',#671,#672,#673);
#671 = CARTESIAN_POINT('',(100.,0.,0.));
#672 = DIRECTION('',(1.,0.,-0.));
#673 = DIRECTION('',(0.,0.,1.));
#674 = PCURVE('',#159,#675);
#675 = DEFINITIONAL_REPRESENTATION('',(#676),#680);
#676 = CIRCLE('',#677,8.);
#677 = AXIS2_PLACEMENT_2D('',#678,#679);
#678 = CARTESIAN_POINT('',(125.,-150.));
#679 = DIRECTION('',(1.,0.));
#680 = ( GEOMETRIC_REPRESENTATION_CONTEXT(2) 
PARAMETRIC_REPRESENTATION_CONTEXT() REPRESENTATION_CONTEXT('2D SPACE',''
  ) );
#681 = PCURVE('',#682,#687);
#682 = CYLINDRICAL_SURFACE('',#683,8.);
#683 = AXIS2_PLACEMENT_3D('',#684,#685,#686);
#684 = CARTESIAN_POINT('',(100.,0.,0.));
#685 = DIRECTION('',(1.,0.,-0.));
#686 = DIRECTION('',(0.,0.,1.));
#687 = DEFINITIONAL_REPRESENTATION('',(#688),#692);
#688 = LINE('',#689,#690);
#689 = CARTESIAN_POINT('',(0.,0.));
#690 = VECTOR('',#691,1.);
#691 = DIRECTION('',(1.,0.));
#692 = ( GEOMETRIC_REPRESENTATION_CONTEXT(2) 
PARAMETRIC_REPRESENTATION_CONTEXT() REPRESENTATION_CONTEXT('2D SPACE',''
  ) );
#693 = FACE_BOUND('',#694,.T.);
#694 = EDGE_LOOP('',(#695));
#695 = ORIENTED_EDGE('',*,*,#696,.F.);
#696 = EDGE_CURVE('',#697,#697,#699,.T.);
#697 = VERTEX_POINT('',#698);
#698 = CARTESIAN_POINT('',(100.,-75.,70.5));
#699 = SURFACE_CURVE('',#700,(#705,#712),.PCURVE_S1.);
#700 = CIRCLE('',#701,8.);
#701 = AXIS2_PLACEMENT_3D('',#702,#703,#704);
#702 = CARTESIAN_POINT('',(100.,-75.,62.5));
#703 = DIRECTION('',(1.,0.,-0.));
#704 = DIRECTION('',(0.,0.,1.));
#705 = PCURVE('',#159,#706);
#706 = DEFINITIONAL_REPRESENTATION('',(#707),#711);
#707 = CIRCLE('',#708,8.);
#708 = AXIS2_PLACEMENT_2D('',#709,#710);
#709 = CARTESIAN_POINT('',(187.5,-75.));
#710 = DIRECTION('',(1.,0.));
#711 = ( GEOMETRIC_REPRESENTATION_CONTEXT(2) 
PARAMETRIC_REPRESENTATION_CONTEXT() REPRESENTATION_CONTEXT('2D SPACE',''
  ) );
#712 = PCURVE('',#713,#718);
#713 = CYLINDRICAL_SURFACE('',#714,8.);
#714 = AXIS2_PLACEMENT_3D('',#715,#716,#717);
#715 = CARTESIAN_POINT('',(100.,-75.,62.5));
#716 = DIRECTION('',(1.,0.,-0.));
#717 = DIRECTION('',(0.,0.,1.));
#718 = DEFINITIONAL_REPRESENTATION('',(#719),#723);
#719 = LINE('',#720,#721);
#720 = CARTESIAN_POINT('',(0.,0.));
#721 = VECTOR('',#722,1.);
#722 = DIRECTION('',(1.,0.));
#723 = ( GEOMETRIC_REPRESENTATION_CONTEXT(2) 
PARAMETRIC_REPRESENTATION_CONTEXT() REPRESENTATION_CONTEXT('2D SPACE',''
  ) );
#724 = ADVANCED_FACE('',(#725),#314,.T.);
#725 = FACE_BOUND('',#726,.T.);
#726 = EDGE_LOOP('',(#727,#728,#749,#750));
#727 = ORIENTED_EDGE('',*,*,#495,.F.);
#728 = ORIENTED_EDGE('',*,*,#729,.F.);
#729 = EDGE_CURVE('',#273,#473,#730,.T.);
#730 = SURFACE_CURVE('',#731,(#735,#742),.PCURVE_S1.);
#731 = LINE('',#732,#733);
#732 = CARTESIAN_POINT('',(62.6,-150.,125.));
#733 = VECTOR('',#734,1.);
#734 = DIRECTION('',(0.,1.,0.));
#735 = PCURVE('',#314,#736);
#736 = DEFINITIONAL_REPRESENTATION('',(#737),#741);
#737 = LINE('',#738,#739);
#738 = CARTESIAN_POINT('',(162.6,0.));
#739 = VECTOR('',#740,1.);
#740 = DIRECTION('',(0.,1.));
#741 = ( GEOMETRIC_REPRESENTATION_CONTEXT(2) 
PARAMETRIC_REPRESENTATION_CONTEXT() REPRESENTATION_CONTEXT('2D SPACE',''
  ) );
#742 = PCURVE('',#288,#743);
#743 = DEFINITIONAL_REPRESENTATION('',(#744),#748);
#744 = LINE('',#745,#746);
#745 = CARTESIAN_POINT('',(0.,0.));
#746 = VECTOR('',#747,1.);
#747 = DIRECTION('',(1.,0.));
#748 = ( GEOMETRIC_REPRESENTATION_CONTEXT(2) 
PARAMETRIC_REPRESENTATION_CONTEXT() REPRESENTATION_CONTEXT('2D SPACE',''
  ) );
#749 = ORIENTED_EDGE('',*,*,#300,.T.);
#750 = ORIENTED_EDGE('',*,*,#549,.T.);
#751 = ADVANCED_FACE('',(#752),#288,.F.);
#752 = FACE_BOUND('',#753,.F.);
#753 = EDGE_LOOP('',(#754,#755,#776,#777));
#754 = ORIENTED_EDGE('',*,*,#272,.T.);
#755 = ORIENTED_EDGE('',*,*,#756,.T.);
#756 = EDGE_CURVE('',#245,#450,#757,.T.);
#757 = SURFACE_CURVE('',#758,(#762,#769),.PCURVE_S1.);
#758 = LINE('',#759,#760);
#759 = CARTESIAN_POINT('',(62.6,-150.,97.));
#760 = VECTOR('',#761,1.);
#761 = DIRECTION('',(0.,1.,0.));
#762 = PCURVE('',#288,#763);
#763 = DEFINITIONAL_REPRESENTATION('',(#764),#768);
#764 = LINE('',#765,#766);
#765 = CARTESIAN_POINT('',(0.,-28.));
#766 = VECTOR('',#767,1.);
#767 = DIRECTION('',(1.,0.));
#768 = ( GEOMETRIC_REPRESENTATION_CONTEXT(2) 
PARAMETRIC_REPRESENTATION_CONTEXT() REPRESENTATION_CONTEXT('2D SPACE',''
  ) );
#769 = PCURVE('',#260,#770);
#770 = DEFINITIONAL_REPRESENTATION('',(#771),#775);
#771 = LINE('',#772,#773);
#772 = CARTESIAN_POINT('',(-150.,-38.2));
#773 = VECTOR('',#774,1.);
#774 = DIRECTION('',(1.,0.));
#775 = ( GEOMETRIC_REPRESENTATION_CONTEXT(2) 
PARAMETRIC_REPRESENTATION_CONTEXT() REPRESENTATION_CONTEXT('2D SPACE',''
  ) );
#776 = ORIENTED_EDGE('',*,*,#472,.F.);
#777 = ORIENTED_EDGE('',*,*,#729,.F.);
#778 = ADVANCED_FACE('',(#779),#260,.T.);
#779 = FACE_BOUND('',#780,.T.);
#780 = EDGE_LOOP('',(#781,#782,#783,#804));
#781 = ORIENTED_EDGE('',*,*,#756,.T.);
#782 = ORIENTED_EDGE('',*,*,#449,.T.);
#783 = ORIENTED_EDGE('',*,*,#784,.T.);
#784 = EDGE_CURVE('',#427,#217,#785,.T.);
#785 = SURFACE_CURVE('',#786,(#790,#797),.PCURVE_S1.);
#786 = LINE('',#787,#788);
#787 = CARTESIAN_POINT('',(-13.8,150.,97.));
#788 = VECTOR('',#789,1.);
#789 = DIRECTION('',(0.,-1.,0.));
#790 = PCURVE('',#260,#791);
#791 = DEFINITIONAL_REPRESENTATION('',(#792),#796);
#792 = LINE('',#793,#794);
#793 = CARTESIAN_POINT('',(150.,38.2));
#794 = VECTOR('',#795,1.);
#795 = DIRECTION('',(-1.,0.));
#796 = ( GEOMETRIC_REPRESENTATION_CONTEXT(2) 
PARAMETRIC_REPRESENTATION_CONTEXT() REPRESENTATION_CONTEXT('2D SPACE',''
  ) );
#797 = PCURVE('',#232,#798);
#798 = DEFINITIONAL_REPRESENTATION('',(#799),#803);
#799 = LINE('',#800,#801);
#800 = CARTESIAN_POINT('',(0.,-28.));
#801 = VECTOR('',#802,1.);
#802 = DIRECTION('',(1.,0.));
#803 = ( GEOMETRIC_REPRESENTATION_CONTEXT(2) 
PARAMETRIC_REPRESENTATION_CONTEXT() REPRESENTATION_CONTEXT('2D SPACE',''
  ) );
#804 = ORIENTED_EDGE('',*,*,#244,.T.);
#805 = ADVANCED_FACE('',(#806),#232,.F.);
#806 = FACE_BOUND('',#807,.F.);
#807 = EDGE_LOOP('',(#808,#809,#810,#811));
#808 = ORIENTED_EDGE('',*,*,#426,.T.);
#809 = ORIENTED_EDGE('',*,*,#784,.T.);
#810 = ORIENTED_EDGE('',*,*,#216,.F.);
#811 = ORIENTED_EDGE('',*,*,#354,.F.);
#812 = ADVANCED_FACE('',(#813),#589,.F.);
#813 = FACE_BOUND('',#814,.F.);
#814 = EDGE_LOOP('',(#815,#838,#865,#866));
#815 = ORIENTED_EDGE('',*,*,#816,.T.);
#816 = EDGE_CURVE('',#573,#817,#819,.T.);
#817 = VERTEX_POINT('',#818);
#818 = CARTESIAN_POINT('',(99.6,75.,-54.5));
#819 = SEAM_CURVE('',#820,(#824,#831),.PCURVE_S1.);
#820 = LINE('',#821,#822);
#821 = CARTESIAN_POINT('',(100.,75.,-54.5));
#822 = VECTOR('',#823,1.);
#823 = DIRECTION('',(-1.,-0.,-0.));
#824 = PCURVE('',#589,#825);
#825 = DEFINITIONAL_REPRESENTATION('',(#826),#830);
#826 = LINE('',#827,#828);
#827 = CARTESIAN_POINT('',(0.,0.));
#828 = VECTOR('',#829,1.);
#829 = DIRECTION('',(0.,-1.));
#830 = ( GEOMETRIC_REPRESENTATION_CONTEXT(2) 
PARAMETRIC_REPRESENTATION_CONTEXT() REPRESENTATION_CONTEXT('2D SPACE',''
  ) );
#831 = PCURVE('',#589,#832);
#832 = DEFINITIONAL_REPRESENTATION('',(#833),#837);
#833 = LINE('',#834,#835);
#834 = CARTESIAN_POINT('',(6.28318530718,0.));
#835 = VECTOR('',#836,1.);
#836 = DIRECTION('',(0.,-1.));
#837 = ( GEOMETRIC_REPRESENTATION_CONTEXT(2) 
PARAMETRIC_REPRESENTATION_CONTEXT() REPRESENTATION_CONTEXT('2D SPACE',''
  ) );
#838 = ORIENTED_EDGE('',*,*,#839,.T.);
#839 = EDGE_CURVE('',#817,#817,#840,.T.);
#840 = SURFACE_CURVE('',#841,(#846,#853),.PCURVE_S1.);
#841 = CIRCLE('',#842,8.);
#842 = AXIS2_PLACEMENT_3D('',#843,#844,#845);
#843 = CARTESIAN_POINT('',(99.6,75.,-62.5));
#844 = DIRECTION('',(1.,0.,-0.));
#845 = DIRECTION('',(0.,0.,1.));
#846 = PCURVE('',#589,#847);
#847 = DEFINITIONAL_REPRESENTATION('',(#848),#852);
#848 = LINE('',#849,#850);
#849 = CARTESIAN_POINT('',(0.,-0.4));
#850 = VECTOR('',#851,1.);
#851 = DIRECTION('',(1.,0.));
#852 = ( GEOMETRIC_REPRESENTATION_CONTEXT(2) 
PARAMETRIC_REPRESENTATION_CONTEXT() REPRESENTATION_CONTEXT('2D SPACE',''
  ) );
#853 = PCURVE('',#854,#859);
#854 = CONICAL_SURFACE('',#855,8.,0.785398163397);
#855 = AXIS2_PLACEMENT_3D('',#856,#857,#858);
#856 = CARTESIAN_POINT('',(99.6,75.,-62.5));
#857 = DIRECTION('',(1.,0.,0.));
#858 = DIRECTION('',(0.,0.,1.));
#859 = DEFINITIONAL_REPRESENTATION('',(#860),#864);
#860 = LINE('',#861,#862);
#861 = CARTESIAN_POINT('',(0.,-0.));
#862 = VECTOR('',#863,1.);
#863 = DIRECTION('',(1.,-0.));
#864 = ( GEOMETRIC_REPRESENTATION_CONTEXT(2) 
PARAMETRIC_REPRESENTATION_CONTEXT() REPRESENTATION_CONTEXT('2D SPACE',''
  ) );
#865 = ORIENTED_EDGE('',*,*,#816,.F.);
#866 = ORIENTED_EDGE('',*,*,#572,.F.);
#867 = ADVANCED_FACE('',(#868),#620,.F.);
#868 = FACE_BOUND('',#869,.F.);
#869 = EDGE_LOOP('',(#870,#893,#920,#921));
#870 = ORIENTED_EDGE('',*,*,#871,.T.);
#871 = EDGE_CURVE('',#604,#872,#874,.T.);
#872 = VERTEX_POINT('',#873);
#873 = CARTESIAN_POINT('',(99.6,75.,70.5));
#874 = SEAM_CURVE('',#875,(#879,#886),.PCURVE_S1.);
#875 = LINE('',#876,#877);
#876 = CARTESIAN_POINT('',(100.,75.,70.5));
#877 = VECTOR('',#878,1.);
#878 = DIRECTION('',(-1.,-0.,-0.));
#879 = PCURVE('',#620,#880);
#880 = DEFINITIONAL_REPRESENTATION('',(#881),#885);
#881 = LINE('',#882,#883);
#882 = CARTESIAN_POINT('',(0.,0.));
#883 = VECTOR('',#884,1.);
#884 = DIRECTION('',(0.,-1.));
#885 = ( GEOMETRIC_REPRESENTATION_CONTEXT(2) 
PARAMETRIC_REPRESENTATION_CONTEXT() REPRESENTATION_CONTEXT('2D SPACE',''
  ) );
#886 = PCURVE('',#620,#887);
#887 = DEFINITIONAL_REPRESENTATION('',(#888),#892);
#888 = LINE('',#889,#890);
#889 = CARTESIAN_POINT('',(6.28318530718,0.));
#890 = VECTOR('',#891,1.);
#891 = DIRECTION('',(0.,-1.));
#892 = ( GEOMETRIC_REPRESENTATION_CONTEXT(2) 
PARAMETRIC_REPRESENTATION_CONTEXT() REPRESENTATION_CONTEXT('2D SPACE',''
  ) );
#893 = ORIENTED_EDGE('',*,*,#894,.T.);
#894 = EDGE_CURVE('',#872,#872,#895,.T.);
#895 = SURFACE_CURVE('',#896,(#901,#908),.PCURVE_S1.);
#896 = CIRCLE('',#897,8.);
#897 = AXIS2_PLACEMENT_3D('',#898,#899,#900);
#898 = CARTESIAN_POINT('',(99.6,75.,62.5));
#899 = DIRECTION('',(1.,0.,-0.));
#900 = DIRECTION('',(0.,0.,1.));
#901 = PCURVE('',#620,#902);
#902 = DEFINITIONAL_REPRESENTATION('',(#903),#907);
#903 = LINE('',#904,#905);
#904 = CARTESIAN_POINT('',(0.,-0.4));
#905 = VECTOR('',#906,1.);
#906 = DIRECTION('',(1.,0.));
#907 = ( GEOMETRIC_REPRESENTATION_CONTEXT(2) 
PARAMETRIC_REPRESENTATION_CONTEXT() REPRESENTATION_CONTEXT('2D SPACE',''
  ) );
#908 = PCURVE('',#909,#914);
#909 = CONICAL_SURFACE('',#910,8.,0.785398163397);
#910 = AXIS2_PLACEMENT_3D('',#911,#912,#913);
#911 = CARTESIAN_POINT('',(99.6,75.,62.5));
#912 = DIRECTION('',(1.,0.,0.));
#913 = DIRECTION('',(0.,0.,1.));
#914 = DEFINITIONAL_REPRESENTATION('',(#915),#919);
#915 = LINE('',#916,#917);
#916 = CARTESIAN_POINT('',(0.,-0.));
#917 = VECTOR('',#918,1.);
#918 = DIRECTION('',(1.,-0.));
#919 = ( GEOMETRIC_REPRESENTATION_CONTEXT(2) 
PARAMETRIC_REPRESENTATION_CONTEXT() REPRESENTATION_CONTEXT('2D SPACE',''
  ) );
#920 = ORIENTED_EDGE('',*,*,#871,.F.);
#921 = ORIENTED_EDGE('',*,*,#603,.F.);
#922 = ADVANCED_FACE('',(#923),#651,.F.);
#923 = FACE_BOUND('',#924,.F.);
#924 = EDGE_LOOP('',(#925,#948,#975,#976));
#925 = ORIENTED_EDGE('',*,*,#926,.T.);
#926 = EDGE_CURVE('',#635,#927,#929,.T.);
#927 = VERTEX_POINT('',#928);
#928 = CARTESIAN_POINT('',(99.6,-75.,-54.5));
#929 = SEAM_CURVE('',#930,(#934,#941),.PCURVE_S1.);
#930 = LINE('',#931,#932);
#931 = CARTESIAN_POINT('',(100.,-75.,-54.5));
#932 = VECTOR('',#933,1.);
#933 = DIRECTION('',(-1.,-0.,-0.));
#934 = PCURVE('',#651,#935);
#935 = DEFINITIONAL_REPRESENTATION('',(#936),#940);
#936 = LINE('',#937,#938);
#937 = CARTESIAN_POINT('',(0.,0.));
#938 = VECTOR('',#939,1.);
#939 = DIRECTION('',(0.,-1.));
#940 = ( GEOMETRIC_REPRESENTATION_CONTEXT(2) 
PARAMETRIC_REPRESENTATION_CONTEXT() REPRESENTATION_CONTEXT('2D SPACE',''
  ) );
#941 = PCURVE('',#651,#942);
#942 = DEFINITIONAL_REPRESENTATION('',(#943),#947);
#943 = LINE('',#944,#945);
#944 = CARTESIAN_POINT('',(6.28318530718,0.));
#945 = VECTOR('',#946,1.);
#946 = DIRECTION('',(0.,-1.));
#947 = ( GEOMETRIC_REPRESENTATION_CONTEXT(2) 
PARAMETRIC_REPRESENTATION_CONTEXT() REPRESENTATION_CONTEXT('2D SPACE',''
  ) );
#948 = ORIENTED_EDGE('',*,*,#949,.T.);
#949 = EDGE_CURVE('',#927,#927,#950,.T.);
#950 = SURFACE_CURVE('',#951,(#956,#963),.PCURVE_S1.);
#951 = CIRCLE('',#952,8.);
#952 = AXIS2_PLACEMENT_3D('',#953,#954,#955);
#953 = CARTESIAN_POINT('',(99.6,-75.,-62.5));
#954 = DIRECTION('',(1.,0.,-0.));
#955 = DIRECTION('',(0.,0.,1.));
#956 = PCURVE('',#651,#957);
#957 = DEFINITIONAL_REPRESENTATION('',(#958),#962);
#958 = LINE('',#959,#960);
#959 = CARTESIAN_POINT('',(0.,-0.4));
#960 = VECTOR('',#961,1.);
#961 = DIRECTION('',(1.,0.));
#962 = ( GEOMETRIC_REPRESENTATION_CONTEXT(2) 
PARAMETRIC_REPRESENTATION_CONTEXT() REPRESENTATION_CONTEXT('2D SPACE',''
  ) );
#963 = PCURVE('',#964,#969);
#964 = CONICAL_SURFACE('',#965,8.,0.785398163397);
#965 = AXIS2_PLACEMENT_3D('',#966,#967,#968);
#966 = CARTESIAN_POINT('',(99.6,-75.,-62.5));
#967 = DIRECTION('',(1.,0.,0.));
#968 = DIRECTION('',(0.,0.,1.));
#969 = DEFINITIONAL_REPRESENTATION('',(#970),#974);
#970 = LINE('',#971,#972);
#971 = CARTESIAN_POINT('',(0.,-0.));
#972 = VECTOR('',#973,1.);
#973 = DIRECTION('',(1.,-0.));
#974 = ( GEOMETRIC_REPRESENTATION_CONTEXT(2) 
PARAMETRIC_REPRESENTATION_CONTEXT() REPRESENTATION_CONTEXT('2D SPACE',''
  ) );
#975 = ORIENTED_EDGE('',*,*,#926,.F.);
#976 = ORIENTED_EDGE('',*,*,#634,.F.);
#977 = ADVANCED_FACE('',(#978),#682,.F.);
#978 = FACE_BOUND('',#979,.F.);
#979 = EDGE_LOOP('',(#980,#1003,#1030,#1031));
#980 = ORIENTED_EDGE('',*,*,#981,.T.);
#981 = EDGE_CURVE('',#666,#982,#984,.T.);
#982 = VERTEX_POINT('',#983);
#983 = CARTESIAN_POINT('',(99.6,2.350348339599E-31,8.));
#984 = SEAM_CURVE('',#985,(#989,#996),.PCURVE_S1.);
#985 = LINE('',#986,#987);
#986 = CARTESIAN_POINT('',(100.,0.,8.));
#987 = VECTOR('',#988,1.);
#988 = DIRECTION('',(-1.,-0.,-0.));
#989 = PCURVE('',#682,#990);
#990 = DEFINITIONAL_REPRESENTATION('',(#991),#995);
#991 = LINE('',#992,#993);
#992 = CARTESIAN_POINT('',(0.,0.));
#993 = VECTOR('',#994,1.);
#994 = DIRECTION('',(0.,-1.));
#995 = ( GEOMETRIC_REPRESENTATION_CONTEXT(2) 
PARAMETRIC_REPRESENTATION_CONTEXT() REPRESENTATION_CONTEXT('2D SPACE',''
  ) );
#996 = PCURVE('',#682,#997);
#997 = DEFINITIONAL_REPRESENTATION('',(#998),#1002);
#998 = LINE('',#999,#1000);
#999 = CARTESIAN_POINT('',(6.28318530718,0.));
#1000 = VECTOR('',#1001,1.);
#1001 = DIRECTION('',(0.,-1.));
#1002 = ( GEOMETRIC_REPRESENTATION_CONTEXT(2) 
PARAMETRIC_REPRESENTATION_CONTEXT() REPRESENTATION_CONTEXT('2D SPACE',''
  ) );
#1003 = ORIENTED_EDGE('',*,*,#1004,.T.);
#1004 = EDGE_CURVE('',#982,#982,#1005,.T.);
#1005 = SURFACE_CURVE('',#1006,(#1011,#1018),.PCURVE_S1.);
#1006 = CIRCLE('',#1007,8.);
#1007 = AXIS2_PLACEMENT_3D('',#1008,#1009,#1010);
#1008 = CARTESIAN_POINT('',(99.6,3.781960765466E-32,-1.972152263053E-32)
  );
#1009 = DIRECTION('',(1.,6.528745387775E-32,1.314768175368E-31));
#1010 = DIRECTION('',(-1.314768175368E-31,2.465190328816E-32,1.));
#1011 = PCURVE('',#682,#1012);
#1012 = DEFINITIONAL_REPRESENTATION('',(#1013),#1017);
#1013 = LINE('',#1014,#1015);
#1014 = CARTESIAN_POINT('',(0.,-0.4));
#1015 = VECTOR('',#1016,1.);
#1016 = DIRECTION('',(1.,0.));
#1017 = ( GEOMETRIC_REPRESENTATION_CONTEXT(2) 
PARAMETRIC_REPRESENTATION_CONTEXT() REPRESENTATION_CONTEXT('2D SPACE',''
  ) );
#1018 = PCURVE('',#1019,#1024);
#1019 = CONICAL_SURFACE('',#1020,8.,0.785398163397);
#1020 = AXIS2_PLACEMENT_3D('',#1021,#1022,#1023);
#1021 = CARTESIAN_POINT('',(99.6,3.781960765466E-32,-1.972152263053E-32)
  );
#1022 = DIRECTION('',(1.,6.528745387775E-32,1.314768175368E-31));
#1023 = DIRECTION('',(-1.314768175368E-31,2.465190328816E-32,1.));
#1024 = DEFINITIONAL_REPRESENTATION('',(#1025),#1029);
#1025 = LINE('',#1026,#1027);
#1026 = CARTESIAN_POINT('',(0.,-0.));
#1027 = VECTOR('',#1028,1.);
#1028 = DIRECTION('',(1.,-0.));
#1029 = ( GEOMETRIC_REPRESENTATION_CONTEXT(2) 
PARAMETRIC_REPRESENTATION_CONTEXT() REPRESENTATION_CONTEXT('2D SPACE',''
  ) );
#1030 = ORIENTED_EDGE('',*,*,#981,.F.);
#1031 = ORIENTED_EDGE('',*,*,#665,.F.);
#1032 = ADVANCED_FACE('',(#1033),#713,.F.);
#1033 = FACE_BOUND('',#1034,.F.);
#1034 = EDGE_LOOP('',(#1035,#1058,#1085,#1086));
#1035 = ORIENTED_EDGE('',*,*,#1036,.T.);
#1036 = EDGE_CURVE('',#697,#1037,#1039,.T.);
#1037 = VERTEX_POINT('',#1038);
#1038 = CARTESIAN_POINT('',(99.6,-75.,70.5));
#1039 = SEAM_CURVE('',#1040,(#1044,#1051),.PCURVE_S1.);
#1040 = LINE('',#1041,#1042);
#1041 = CARTESIAN_POINT('',(100.,-75.,70.5));
#1042 = VECTOR('',#1043,1.);
#1043 = DIRECTION('',(-1.,-0.,-0.));
#1044 = PCURVE('',#713,#1045);
#1045 = DEFINITIONAL_REPRESENTATION('',(#1046),#1050);
#1046 = LINE('',#1047,#1048);
#1047 = CARTESIAN_POINT('',(0.,0.));
#1048 = VECTOR('',#1049,1.);
#1049 = DIRECTION('',(0.,-1.));
#1050 = ( GEOMETRIC_REPRESENTATION_CONTEXT(2) 
PARAMETRIC_REPRESENTATION_CONTEXT() REPRESENTATION_CONTEXT('2D SPACE',''
  ) );
#1051 = PCURVE('',#713,#1052);
#1052 = DEFINITIONAL_REPRESENTATION('',(#1053),#1057);
#1053 = LINE('',#1054,#1055);
#1054 = CARTESIAN_POINT('',(6.28318530718,0.));
#1055 = VECTOR('',#1056,1.);
#1056 = DIRECTION('',(0.,-1.));
#1057 = ( GEOMETRIC_REPRESENTATION_CONTEXT(2) 
PARAMETRIC_REPRESENTATION_CONTEXT() REPRESENTATION_CONTEXT('2D SPACE',''
  ) );
#1058 = ORIENTED_EDGE('',*,*,#1059,.T.);
#1059 = EDGE_CURVE('',#1037,#1037,#1060,.T.);
#1060 = SURFACE_CURVE('',#1061,(#1066,#1073),.PCURVE_S1.);
#1061 = CIRCLE('',#1062,8.);
#1062 = AXIS2_PLACEMENT_3D('',#1063,#1064,#1065);
#1063 = CARTESIAN_POINT('',(99.6,-75.,62.5));
#1064 = DIRECTION('',(1.,0.,-0.));
#1065 = DIRECTION('',(0.,0.,1.));
#1066 = PCURVE('',#713,#1067);
#1067 = DEFINITIONAL_REPRESENTATION('',(#1068),#1072);
#1068 = LINE('',#1069,#1070);
#1069 = CARTESIAN_POINT('',(0.,-0.4));
#1070 = VECTOR('',#1071,1.);
#1071 = DIRECTION('',(1.,0.));
#1072 = ( GEOMETRIC_REPRESENTATION_CONTEXT(2) 
PARAMETRIC_REPRESENTATION_CONTEXT() REPRESENTATION_CONTEXT('2D SPACE',''
  ) );
#1073 = PCURVE('',#1074,#1079);
#1074 = CONICAL_SURFACE('',#1075,8.,0.785398163397);
#1075 = AXIS2_PLACEMENT_3D('',#1076,#1077,#1078);
#1076 = CARTESIAN_POINT('',(99.6,-75.,62.5));
#1077 = DIRECTION('',(1.,0.,0.));
#1078 = DIRECTION('',(0.,0.,1.));
#1079 = DEFINITIONAL_REPRESENTATION('',(#1080),#1084);
#1080 = LINE('',#1081,#1082);
#1081 = CARTESIAN_POINT('',(0.,-0.));
#1082 = VECTOR('',#1083,1.);
#1083 = DIRECTION('',(1.,-0.));
#1084 = ( GEOMETRIC_REPRESENTATION_CONTEXT(2) 
PARAMETRIC_REPRESENTATION_CONTEXT() REPRESENTATION_CONTEXT('2D SPACE',''
  ) );
#1085 = ORIENTED_EDGE('',*,*,#1036,.F.);
#1086 = ORIENTED_EDGE('',*,*,#696,.F.);
#1087 = ADVANCED_FACE('',(#1088),#854,.F.);
#1088 = FACE_BOUND('',#1089,.T.);
#1089 = EDGE_LOOP('',(#1090,#1091,#1112,#1139));
#1090 = ORIENTED_EDGE('',*,*,#839,.T.);
#1091 = ORIENTED_EDGE('',*,*,#1092,.T.);
#1092 = EDGE_CURVE('',#817,#1093,#1095,.T.);
#1093 = VERTEX_POINT('',#1094);
#1094 = CARTESIAN_POINT('',(96.6,75.,-57.5));
#1095 = SEAM_CURVE('',#1096,(#1100,#1106),.PCURVE_S1.);
#1096 = LINE('',#1097,#1098);
#1097 = CARTESIAN_POINT('',(99.6,75.,-54.5));
#1098 = VECTOR('',#1099,1.);
#1099 = DIRECTION('',(-0.707106781187,0.,-0.707106781187));
#1100 = PCURVE('',#854,#1101);
#1101 = DEFINITIONAL_REPRESENTATION('',(#1102),#1105);
#1102 = B_SPLINE_CURVE_WITH_KNOTS('',1,(#1103,#1104),.UNSPECIFIED.,.F.,
  .F.,(2,2),(0.,5.091168824543),.PIECEWISE_BEZIER_KNOTS.);
#1103 = CARTESIAN_POINT('',(0.,0.));
#1104 = CARTESIAN_POINT('',(0.,-3.6));
#1105 = ( GEOMETRIC_REPRESENTATION_CONTEXT(2) 
PARAMETRIC_REPRESENTATION_CONTEXT() REPRESENTATION_CONTEXT('2D SPACE',''
  ) );
#1106 = PCURVE('',#854,#1107);
#1107 = DEFINITIONAL_REPRESENTATION('',(#1108),#1111);
#1108 = B_SPLINE_CURVE_WITH_KNOTS('',1,(#1109,#1110),.UNSPECIFIED.,.F.,
  .F.,(2,2),(0.,5.091168824543),.PIECEWISE_BEZIER_KNOTS.);
#1109 = CARTESIAN_POINT('',(6.28318530718,0.));
#1110 = CARTESIAN_POINT('',(6.28318530718,-3.6));
#1111 = ( GEOMETRIC_REPRESENTATION_CONTEXT(2) 
PARAMETRIC_REPRESENTATION_CONTEXT() REPRESENTATION_CONTEXT('2D SPACE',''
  ) );
#1112 = ORIENTED_EDGE('',*,*,#1113,.F.);
#1113 = EDGE_CURVE('',#1093,#1093,#1114,.T.);
#1114 = SURFACE_CURVE('',#1115,(#1120,#1127),.PCURVE_S1.);
#1115 = CIRCLE('',#1116,5.);
#1116 = AXIS2_PLACEMENT_3D('',#1117,#1118,#1119);
#1117 = CARTESIAN_POINT('',(96.6,75.,-62.5));
#1118 = DIRECTION('',(1.,0.,-0.));
#1119 = DIRECTION('',(0.,0.,1.));
#1120 = PCURVE('',#854,#1121);
#1121 = DEFINITIONAL_REPRESENTATION('',(#1122),#1126);
#1122 = LINE('',#1123,#1124);
#1123 = CARTESIAN_POINT('',(0.,-3.));
#1124 = VECTOR('',#1125,1.);
#1125 = DIRECTION('',(1.,-0.));
#1126 = ( GEOMETRIC_REPRESENTATION_CONTEXT(2) 
PARAMETRIC_REPRESENTATION_CONTEXT() REPRESENTATION_CONTEXT('2D SPACE',''
  ) );
#1127 = PCURVE('',#1128,#1133);
#1128 = CYLINDRICAL_SURFACE('',#1129,5.);
#1129 = AXIS2_PLACEMENT_3D('',#1130,#1131,#1132);
#1130 = CARTESIAN_POINT('',(98.39218452154,75.,-62.5));
#1131 = DIRECTION('',(1.,0.,-0.));
#1132 = DIRECTION('',(0.,0.,1.));
#1133 = DEFINITIONAL_REPRESENTATION('',(#1134),#1138);
#1134 = LINE('',#1135,#1136);
#1135 = CARTESIAN_POINT('',(0.,-1.79218452154));
#1136 = VECTOR('',#1137,1.);
#1137 = DIRECTION('',(1.,0.));
#1138 = ( GEOMETRIC_REPRESENTATION_CONTEXT(2) 
PARAMETRIC_REPRESENTATION_CONTEXT() REPRESENTATION_CONTEXT('2D SPACE',''
  ) );
#1139 = ORIENTED_EDGE('',*,*,#1092,.F.);
#1140 = ADVANCED_FACE('',(#1141),#909,.F.);
#1141 = FACE_BOUND('',#1142,.T.);
#1142 = EDGE_LOOP('',(#1143,#1144,#1165,#2118));
#1143 = ORIENTED_EDGE('',*,*,#894,.T.);
#1144 = ORIENTED_EDGE('',*,*,#1145,.T.);
#1145 = EDGE_CURVE('',#872,#1146,#1148,.T.);
#1146 = VERTEX_POINT('',#1147);
#1147 = CARTESIAN_POINT('',(96.6,75.,67.5));
#1148 = SEAM_CURVE('',#1149,(#1153,#1159),.PCURVE_S1.);
#1149 = LINE('',#1150,#1151);
#1150 = CARTESIAN_POINT('',(99.6,75.,70.5));
#1151 = VECTOR('',#1152,1.);
#1152 = DIRECTION('',(-0.707106781187,0.,-0.707106781187));
#1153 = PCURVE('',#909,#1154);
#1154 = DEFINITIONAL_REPRESENTATION('',(#1155),#1158);
#1155 = B_SPLINE_CURVE_WITH_KNOTS('',1,(#1156,#1157),.UNSPECIFIED.,.F.,
  .F.,(2,2),(0.,5.091168824543),.PIECEWISE_BEZIER_KNOTS.);
#1156 = CARTESIAN_POINT('',(0.,0.));
#1157 = CARTESIAN_POINT('',(0.,-3.6));
#1158 = ( GEOMETRIC_REPRESENTATION_CONTEXT(2) 
PARAMETRIC_REPRESENTATION_CONTEXT() REPRESENTATION_CONTEXT('2D SPACE',''
  ) );
#1159 = PCURVE('',#909,#1160);
#1160 = DEFINITIONAL_REPRESENTATION('',(#1161),#1164);
#1161 = B_SPLINE_CURVE_WITH_KNOTS('',1,(#1162,#1163),.UNSPECIFIED.,.F.,
  .F.,(2,2),(0.,5.091168824543),.PIECEWISE_BEZIER_KNOTS.);
#1162 = CARTESIAN_POINT('',(6.28318530718,0.));
#1163 = CARTESIAN_POINT('',(6.28318530718,-3.6));
#1164 = ( GEOMETRIC_REPRESENTATION_CONTEXT(2) 
PARAMETRIC_REPRESENTATION_CONTEXT() REPRESENTATION_CONTEXT('2D SPACE',''
  ) );
#1165 = ORIENTED_EDGE('',*,*,#1166,.F.);
#1166 = EDGE_CURVE('',#1146,#1146,#1167,.T.);
#1167 = SURFACE_CURVE('',#1168,(#1481,#1797),.PCURVE_S1.);
#1168 = B_SPLINE_CURVE_WITH_KNOTS('',6,(#1169,#1170,#1171,#1172,#1173,
    #1174,#1175,#1176,#1177,#1178,#1179,#1180,#1181,#1182,#1183,#1184,
    #1185,#1186,#1187,#1188,#1189,#1190,#1191,#1192,#1193,#1194,#1195,
    #1196,#1197,#1198,#1199,#1200,#1201,#1202,#1203,#1204,#1205,#1206,
    #1207,#1208,#1209,#1210,#1211,#1212,#1213,#1214,#1215,#1216,#1217,
    #1218,#1219,#1220,#1221,#1222,#1223,#1224,#1225,#1226,#1227,#1228,
    #1229,#1230,#1231,#1232,#1233,#1234,#1235,#1236,#1237,#1238,#1239,
    #1240,#1241,#1242,#1243,#1244,#1245,#1246,#1247,#1248,#1249,#1250,
    #1251,#1252,#1253,#1254,#1255,#1256,#1257,#1258,#1259,#1260,#1261,
    #1262,#1263,#1264,#1265,#1266,#1267,#1268,#1269,#1270,#1271,#1272,
    #1273,#1274,#1275,#1276,#1277,#1278,#1279,#1280,#1281,#1282,#1283,
    #1284,#1285,#1286,#1287,#1288,#1289,#1290,#1291,#1292,#1293,#1294,
    #1295,#1296,#1297,#1298,#1299,#1300,#1301,#1302,#1303,#1304,#1305,
    #1306,#1307,#1308,#1309,#1310,#1311,#1312,#1313,#1314,#1315,#1316,
    #1317,#1318,#1319,#1320,#1321,#1322,#1323,#1324,#1325,#1326,#1327,
    #1328,#1329,#1330,#1331,#1332,#1333,#1334,#1335,#1336,#1337,#1338,
    #1339,#1340,#1341,#1342,#1343,#1344,#1345,#1346,#1347,#1348,#1349,
    #1350,#1351,#1352,#1353,#1354,#1355,#1356,#1357,#1358,#1359,#1360,
    #1361,#1362,#1363,#1364,#1365,#1366,#1367,#1368,#1369,#1370,#1371,
    #1372,#1373,#1374,#1375,#1376,#1377,#1378,#1379,#1380,#1381,#1382,
    #1383,#1384,#1385,#1386,#1387,#1388,#1389,#1390,#1391,#1392,#1393,
    #1394,#1395,#1396,#1397,#1398,#1399,#1400,#1401,#1402,#1403,#1404,
    #1405,#1406,#1407,#1408,#1409,#1410,#1411,#1412,#1413,#1414,#1415,
    #1416,#1417,#1418,#1419,#1420,#1421,#1422,#1423,#1424,#1425,#1426,
    #1427,#1428,#1429,#1430,#1431,#1432,#1433,#1434,#1435,#1436,#1437,
    #1438,#1439,#1440,#1441,#1442,#1443,#1444,#1445,#1446,#1447,#1448,
    #1449,#1450,#1451,#1452,#1453,#1454,#1455,#1456,#1457,#1458,#1459,
    #1460,#1461,#1462,#1463,#1464,#1465,#1466,#1467,#1468,#1469,#1470,
    #1471,#1472,#1473,#1474,#1475,#1476,#1477,#1478,#1479,#1480),
  .UNSPECIFIED.,.T.,.F.,(7,5,5,5,5,5,5,5,5,5,5,5,5,5,5,5,5,5,5,5,5,5,5,5
    ,5,5,5,5,5,5,5,5,5,5,5,5,5,5,5,5,5,5,5,5,5,5,5,5,5,5,5,5,5,5,5,5,5,5
    ,5,5,5,5,7),(0.,1.206019506704E-02,2.663319343674E-02,
    4.020115758865E-02,5.477415595835E-02,6.834212011026E-02,
    8.291511847997E-02,9.547804836335E-02,0.105025875234,0.119598873603,
    0.134171871973,0.148242353241,0.162815351611,0.175880798634,
    0.190453797004,0.209046931467,0.223619929837,0.238192928207,
    0.252765926576,0.26532885646,0.276886752034,0.291459750404,
    0.306032748774,0.320605747143,0.333168677027,0.347239158294,
    0.358294536702,0.371359983726,0.385932982095,0.402516048698,
    0.415581495721,0.440707346071,0.458295446659,0.502516798791,
    0.520607416332,0.548748362267,0.564326394792,0.578899393161,
    0.596990010703,0.611563009072,0.619100767166,0.633673765536,
    0.648246763905,0.662317245173,0.673372623581,0.686940587733,
    0.701011069001,0.715081550269,0.729152031536,0.743725029906,
    0.756287959789,0.770358441057,0.784931439427,0.799504437797,
    0.813574919064,0.828147917434,0.842720915804,0.854781328537,
    0.869354326907,0.880409705315,0.892470118048,0.901515427729,1.),
  .UNSPECIFIED.);
#1169 = CARTESIAN_POINT('',(96.6,75.,67.5));
#1170 = CARTESIAN_POINT('',(96.6,74.936847393813,67.5));
#1171 = CARTESIAN_POINT('',(96.6,74.873700029947,67.499042892005));
#1172 = CARTESIAN_POINT('',(96.6,74.810572352654,67.497128769654));
#1173 = CARTESIAN_POINT('',(96.6,74.747480477599,67.494258139212));
#1174 = CARTESIAN_POINT('',(96.6,74.684442191869,67.490431919571));
#1175 = CARTESIAN_POINT('',(96.6,74.545392586823,67.47987492804));
#1176 = CARTESIAN_POINT('',(96.6,74.469413990814,67.472705094685));
#1177 = CARTESIAN_POINT('',(96.6,74.39357308914,67.464144366471));
#1178 = CARTESIAN_POINT('',(96.6,74.3179016866,67.454196136883));
#1179 = CARTESIAN_POINT('',(96.6,74.242431469595,67.442864768611));
#1180 = CARTESIAN_POINT('',(96.6,74.097145332454,67.418322913179));
#1181 = CARTESIAN_POINT('',(96.6,74.027298395207,67.405295911778));
#1182 = CARTESIAN_POINT('',(96.6,73.957678667953,67.391078892753));
#1183 = CARTESIAN_POINT('',(96.6,73.888311471347,67.375676877044));
#1184 = CARTESIAN_POINT('',(96.6,73.819221973134,67.359095603122));
#1185 = CARTESIAN_POINT('',(96.6,73.676553086587,67.322272334327));
#1186 = CARTESIAN_POINT('',(96.6,73.603020182762,67.301850149899));
#1187 = CARTESIAN_POINT('',(96.6,73.529867475749,67.280082975276));
#1188 = CARTESIAN_POINT('',(96.6,73.457125677596,67.256979745292));
#1189 = CARTESIAN_POINT('',(96.6,73.384825213318,67.232550328048));
#1190 = CARTESIAN_POINT('',(96.6,73.24612095135,67.182836225165));
#1191 = CARTESIAN_POINT('',(96.6,73.179654346195,67.157726708894));
#1192 = CARTESIAN_POINT('',(96.6,73.113620724909,67.131485693045));
#1193 = CARTESIAN_POINT('',(96.6,73.04804413023,67.104122574014));
#1194 = CARTESIAN_POINT('',(96.6,72.982948328157,67.075647427646));
#1195 = CARTESIAN_POINT('',(96.6,72.848980731482,67.014303745375));
#1196 = CARTESIAN_POINT('',(96.6,72.780186390815,66.981266005531));
#1197 = CARTESIAN_POINT('',(96.6,72.712002894307,66.946971119056));
#1198 = CARTESIAN_POINT('',(96.6,72.644458903602,66.91143328353));
#1199 = CARTESIAN_POINT('',(96.6,72.577582633632,66.87466756476));
#1200 = CARTESIAN_POINT('',(96.6,72.454349454044,66.803950527176));
#1201 = CARTESIAN_POINT('',(96.6,72.397813903196,66.770310473997));
#1202 = CARTESIAN_POINT('',(96.6,72.341812985573,66.735779943687));
#1203 = CARTESIAN_POINT('',(96.6,72.286364200031,66.700369599434));
#1204 = CARTESIAN_POINT('',(96.6,72.231484758791,66.664090561179));
#1205 = CARTESIAN_POINT('',(96.6,72.135928776527,66.598730926908));
#1206 = CARTESIAN_POINT('',(96.6,72.095004590813,66.570012374347));
#1207 = CARTESIAN_POINT('',(96.6,72.054426458032,66.540803828505));
#1208 = CARTESIAN_POINT('',(96.6,72.014201699951,66.511110515326));
#1209 = CARTESIAN_POINT('',(96.6,71.974337532366,66.480937806129));
#1210 = CARTESIAN_POINT('',(96.6,71.874556985722,66.403514847358));
#1211 = CARTESIAN_POINT('',(96.6,71.815129502537,66.355634498529));
#1212 = CARTESIAN_POINT('',(96.6,71.756583908994,66.306669797866));
#1213 = CARTESIAN_POINT('',(96.6,71.698944865291,66.25664111534));
#1214 = CARTESIAN_POINT('',(96.6,71.642236398378,66.205569564138));
#1215 = CARTESIAN_POINT('',(96.6,71.530727405546,66.101384437187));
#1216 = CARTESIAN_POINT('',(96.6,71.475926860513,66.04827084358));
#1217 = CARTESIAN_POINT('',(96.6,71.422103659757,65.994158077113));
#1218 = CARTESIAN_POINT('',(96.6,71.369280497622,65.939068677259));
#1219 = CARTESIAN_POINT('',(96.6,71.3174793699,65.88302586569));
#1220 = CARTESIAN_POINT('',(96.6,71.21771404631,65.771045789286));
#1221 = CARTESIAN_POINT('',(96.6,71.169679121692,65.715171505916));
#1222 = CARTESIAN_POINT('',(96.6,71.122635967228,65.658452210883));
#1223 = CARTESIAN_POINT('',(96.6,71.076603092283,65.600909954799));
#1224 = CARTESIAN_POINT('',(96.6,71.031598348337,65.54256732418));
#1225 = CARTESIAN_POINT('',(96.6,70.942109530654,65.422216134688));
#1226 = CARTESIAN_POINT('',(96.6,70.897701441472,65.360151046458));
#1227 = CARTESIAN_POINT('',(96.6,70.854433764055,65.297277868352));
#1228 = CARTESIAN_POINT('',(96.6,70.812324791626,65.233622838108));
#1229 = CARTESIAN_POINT('',(96.6,70.77139200803,65.169212739608));
#1230 = CARTESIAN_POINT('',(96.6,70.69602319309,65.04567546211));
#1231 = CARTESIAN_POINT('',(96.6,70.661353118459,64.986691046306));
#1232 = CARTESIAN_POINT('',(96.6,70.627653877574,64.927141347815));
#1233 = CARTESIAN_POINT('',(96.6,70.594936932617,64.867046365169));
#1234 = CARTESIAN_POINT('',(96.6,70.563213194212,64.806426403074));
#1235 = CARTESIAN_POINT('',(96.6,70.498228213866,64.677124935462));
#1236 = CARTESIAN_POINT('',(96.6,70.465211915026,64.608320302096));
#1237 = CARTESIAN_POINT('',(96.6,70.433458501096,64.538916778136));
#1238 = CARTESIAN_POINT('',(96.6,70.402981456693,64.468943367481));
#1239 = CARTESIAN_POINT('',(96.6,70.373793374862,64.398429472107));
#1240 = CARTESIAN_POINT('',(96.6,70.310325461165,64.236787331204));
#1241 = CARTESIAN_POINT('',(96.6,70.276862193951,64.14533840442));
#1242 = CARTESIAN_POINT('',(96.6,70.24554046819,64.053120039266));
#1243 = CARTESIAN_POINT('',(96.6,70.216382137019,63.960194966763));
#1244 = CARTESIAN_POINT('',(96.6,70.189406593948,63.86662672141));
#1245 = CARTESIAN_POINT('',(96.6,70.14521188461,63.698688680897));
#1246 = CARTESIAN_POINT('',(96.6,70.127144312475,63.62454209366));
#1247 = CARTESIAN_POINT('',(96.6,70.110436203597,63.550070840602));
#1248 = CARTESIAN_POINT('',(96.6,70.095094750476,63.475306087874));
#1249 = CARTESIAN_POINT('',(96.6,70.081126190974,63.400279206644));
#1250 = CARTESIAN_POINT('',(96.6,70.055945425646,63.249764339544));
#1251 = CARTESIAN_POINT('',(96.6,70.044733215505,63.174276327877));
#1252 = CARTESIAN_POINT('',(96.6,70.034904459934,63.098589314472));
#1253 = CARTESIAN_POINT('',(96.6,70.026463471594,63.022734992577));
#1254 = CARTESIAN_POINT('',(96.6,70.019413593756,62.94674517231));
#1255 = CARTESIAN_POINT('',(96.6,70.008100806856,62.794558389004));
#1256 = CARTESIAN_POINT('',(96.6,70.003837895855,62.71836139988));
#1257 = CARTESIAN_POINT('',(96.6,70.000970840001,62.64209274036));
#1258 = CARTESIAN_POINT('',(96.6,69.999501035982,62.565784365259));
#1259 = CARTESIAN_POINT('',(96.6,69.999428904472,62.489468257138));
#1260 = CARTESIAN_POINT('',(96.6,70.001896119169,62.347407605275));
#1261 = CARTESIAN_POINT('',(96.6,70.004076634072,62.281656810282));
#1262 = CARTESIAN_POINT('',(96.6,70.007295078513,62.2159445442));
#1263 = CARTESIAN_POINT('',(96.6,70.0115505578,62.150291279284));
#1264 = CARTESIAN_POINT('',(96.6,70.016841638869,62.084717457155));
#1265 = CARTESIAN_POINT('',(96.6,70.028985084828,61.959007437499));
#1266 = CARTESIAN_POINT('',(96.6,70.03567868498,61.898855893098));
#1267 = CARTESIAN_POINT('',(96.6,70.043245615432,61.83880474773));
#1268 = CARTESIAN_POINT('',(96.6,70.051683957962,61.778869842443));
#1269 = CARTESIAN_POINT('',(96.6,70.060991411443,61.719066967207));
#1270 = CARTESIAN_POINT('',(96.6,70.083993227627,61.584194555039));
#1271 = CARTESIAN_POINT('',(96.6,70.098198605449,61.509212151752));
#1272 = CARTESIAN_POINT('',(96.6,70.11377604241,61.434496210401));
#1273 = CARTESIAN_POINT('',(96.6,70.130719201627,61.3600780823));
#1274 = CARTESIAN_POINT('',(96.6,70.149020792233,61.285988910736));
#1275 = CARTESIAN_POINT('',(96.6,70.188324346506,61.138530351195));
#1276 = CARTESIAN_POINT('',(96.6,70.20932631691,61.065160937943));
#1277 = CARTESIAN_POINT('',(96.6,70.231670234575,60.992182326161));
#1278 = CARTESIAN_POINT('',(96.6,70.255346922524,60.919625156411));
#1279 = CARTESIAN_POINT('',(96.6,70.280346272808,60.847519774871));
#1280 = CARTESIAN_POINT('',(96.6,70.332968220209,60.704272691787));
#1281 = CARTESIAN_POINT('',(96.6,70.360590826346,60.63313096569));
#1282 = CARTESIAN_POINT('',(96.6,70.389514024883,60.562501106419));
#1283 = CARTESIAN_POINT('',(96.6,70.419725875633,60.492412787074));
#1284 = CARTESIAN_POINT('',(96.6,70.451213538253,60.422895302479));
#1285 = CARTESIAN_POINT('',(96.6,70.512195802125,60.294565728923));
#1286 = CARTESIAN_POINT('',(96.6,70.541366263416,60.23559958715));
#1287 = CARTESIAN_POINT('',(96.6,70.57146585464,60.177097664905));
#1288 = CARTESIAN_POINT('',(96.6,70.602485296786,60.119078232754));
#1289 = CARTESIAN_POINT('',(96.6,70.634414833306,60.06155931078));
#1290 = CARTESIAN_POINT('',(96.6,70.704013154019,59.940717950237));
#1291 = CARTESIAN_POINT('',(96.6,70.741910872093,59.877527345794));
#1292 = CARTESIAN_POINT('',(96.6,70.780923003025,59.815011824112));
#1293 = CARTESIAN_POINT('',(96.6,70.821034449636,59.75319589848));
#1294 = CARTESIAN_POINT('',(96.6,70.862229398888,59.692103626618));
#1295 = CARTESIAN_POINT('',(96.6,70.937697119321,59.584344668427));
#1296 = CARTESIAN_POINT('',(96.6,70.97156161546,59.537392034058));
#1297 = CARTESIAN_POINT('',(96.6,71.006076795109,59.490912152107));
#1298 = CARTESIAN_POINT('',(96.6,71.041234384811,59.444916272523));
#1299 = CARTESIAN_POINT('',(96.6,71.077025852834,59.399415450666));
#1300 = CARTESIAN_POINT('',(96.6,71.15648015696,59.301244753194));
#1301 = CARTESIAN_POINT('',(96.6,71.200390969672,59.248775563094));
#1302 = CARTESIAN_POINT('',(96.6,71.245160334812,59.197030907607));
#1303 = CARTESIAN_POINT('',(96.6,71.290773266224,59.146028300668));
#1304 = CARTESIAN_POINT('',(96.6,71.337214304087,59.095784839551));
#1305 = CARTESIAN_POINT('',(96.6,71.43717301847,58.991141767081));
#1306 = CARTESIAN_POINT('',(96.6,71.490888948067,58.936931505422));
#1307 = CARTESIAN_POINT('',(96.6,71.545593189271,58.883709569826));
#1308 = CARTESIAN_POINT('',(96.6,71.6012629532,58.831498404176));
#1309 = CARTESIAN_POINT('',(96.6,71.65787477653,58.780319746311));
#1310 = CARTESIAN_POINT('',(96.6,71.780869401704,58.673155702053));
#1311 = CARTESIAN_POINT('',(96.6,71.847522918433,58.617480963432));
#1312 = CARTESIAN_POINT('',(96.6,71.915329493999,58.563201408943));
#1313 = CARTESIAN_POINT('',(96.6,71.984252540919,58.510346746625));
#1314 = CARTESIAN_POINT('',(96.6,72.054254461909,58.458945395762));
#1315 = CARTESIAN_POINT('',(96.6,72.181269285451,58.369692859887));
#1316 = CARTESIAN_POINT('',(96.6,72.237887688635,58.331280208279));
#1317 = CARTESIAN_POINT('',(96.6,72.295132985385,58.293799794373));
#1318 = CARTESIAN_POINT('',(96.6,72.352985960435,58.257264349877));
#1319 = CARTESIAN_POINT('',(96.6,72.411427057305,58.221686075898));
#1320 = CARTESIAN_POINT('',(96.6,72.583915799727,58.120520065779));
#1321 = CARTESIAN_POINT('',(96.6,72.699496840119,58.057546369501));
#1322 = CARTESIAN_POINT('',(96.6,72.817037701861,57.998238701437));
#1323 = CARTESIAN_POINT('',(96.6,72.936392821583,57.942672443093));
#1324 = CARTESIAN_POINT('',(96.6,73.057412870165,57.890915210147));
#1325 = CARTESIAN_POINT('',(96.6,73.265717096604,57.809504991891));
#1326 = CARTESIAN_POINT('',(96.6,73.3522303606,57.777878830764));
#1327 = CARTESIAN_POINT('',(96.6,73.439432102235,57.748168862872));
#1328 = CARTESIAN_POINT('',(96.6,73.527269232587,57.720393613676));
#1329 = CARTESIAN_POINT('',(96.6,73.615688016305,57.694569640302));
#1330 = CARTESIAN_POINT('',(96.6,73.928269069175,57.61072564374));
#1331 = CARTESIAN_POINT('',(96.6,74.155240461924,57.563166491765));
#1332 = CARTESIAN_POINT('',(96.6,74.384678549933,57.528266979787));
#1333 = CARTESIAN_POINT('',(96.6,74.615702111302,57.506177926883));
#1334 = CARTESIAN_POINT('',(96.6,74.847419744392,57.496967900915));
#1335 = CARTESIAN_POINT('',(96.6,75.17364078316,57.502118346983));
#1336 = CARTESIAN_POINT('',(96.6,75.268316402059,57.505766688376));
#1337 = CARTESIAN_POINT('',(96.6,75.362896799833,57.511567107121));
#1338 = CARTESIAN_POINT('',(96.6,75.457320877802,57.519516320951));
#1339 = CARTESIAN_POINT('',(96.6,75.551527705535,57.529608734801));
#1340 = CARTESIAN_POINT('',(96.6,75.791567935104,57.560857306897));
#1341 = CARTESIAN_POINT('',(96.6,75.937007067712,57.585045118114));
#1342 = CARTESIAN_POINT('',(96.6,76.081544760242,57.614370011412));
#1343 = CARTESIAN_POINT('',(96.6,76.224954789895,57.648788862704));
#1344 = CARTESIAN_POINT('',(96.6,76.367013869496,57.68824528687));
#1345 = CARTESIAN_POINT('',(96.6,76.585271711814,57.757261703161));
#1346 = CARTESIAN_POINT('',(96.6,76.662560385214,57.783376182011));
#1347 = CARTESIAN_POINT('',(96.6,76.739330376686,57.811001281397));
#1348 = CARTESIAN_POINT('',(96.6,76.815544838624,57.84012401304));
#1349 = CARTESIAN_POINT('',(96.6,76.891167366825,57.870730193298));
#1350 = CARTESIAN_POINT('',(96.6,77.036318271672,57.932809386998));
#1351 = CARTESIAN_POINT('',(96.6,77.105925080199,57.964099094067));
#1352 = CARTESIAN_POINT('',(96.6,77.174952990357,57.996660974442));
#1353 = CARTESIAN_POINT('',(96.6,77.243372991067,58.030481558959));
#1354 = CARTESIAN_POINT('',(96.6,77.311156495889,58.065546499223));
#1355 = CARTESIAN_POINT('',(96.6,77.461595286007,58.146895270379));
#1356 = CARTESIAN_POINT('',(96.6,77.543891027933,58.193844115623));
#1357 = CARTESIAN_POINT('',(96.6,77.625108670739,58.24265795585));
#1358 = CARTESIAN_POINT('',(96.6,77.705195533454,58.29330566973));
#1359 = CARTESIAN_POINT('',(96.6,77.784100152186,58.345754162096));
#1360 = CARTESIAN_POINT('',(96.6,77.924341498198,58.443640918144));
#1361 = CARTESIAN_POINT('',(96.6,77.986110960035,58.4884592977));
#1362 = CARTESIAN_POINT('',(96.6,78.047054413384,58.534405178128));
#1363 = CARTESIAN_POINT('',(96.6,78.107146200892,58.5814594607));
#1364 = CARTESIAN_POINT('',(96.6,78.166361260117,58.629602272444));
#1365 = CARTESIAN_POINT('',(96.6,78.254837467935,58.704266774298));
#1366 = CARTESIAN_POINT('',(96.6,78.284758710711,58.730006284677));
#1367 = CARTESIAN_POINT('',(96.6,78.314435468283,58.756028641893));
#1368 = CARTESIAN_POINT('',(96.6,78.343864403403,58.782330938233));
#1369 = CARTESIAN_POINT('',(96.6,78.37304222514,58.808910213664));
#1370 = CARTESIAN_POINT('',(96.6,78.457884383115,58.887679721834));
#1371 = CARTESIAN_POINT('',(96.6,78.512852354489,58.940620024862));
#1372 = CARTESIAN_POINT('',(96.6,78.566846141221,58.994562581611));
#1373 = CARTESIAN_POINT('',(96.6,78.619842977914,59.049484924377));
#1374 = CARTESIAN_POINT('',(96.6,78.671820795565,59.105363901049));
#1375 = CARTESIAN_POINT('',(96.6,78.773695647562,59.218987449185));
#1376 = CARTESIAN_POINT('',(96.6,78.823592699371,59.276732040123));
#1377 = CARTESIAN_POINT('',(96.6,78.872428005263,59.335385610625));
#1378 = CARTESIAN_POINT('',(96.6,78.920180949568,59.394923705527));
#1379 = CARTESIAN_POINT('',(96.6,78.96683167267,59.4553212518));
#1380 = CARTESIAN_POINT('',(96.6,79.056320490353,59.575672441291));
#1381 = CARTESIAN_POINT('',(96.6,79.099234598195,59.635569593755));
#1382 = CARTESIAN_POINT('',(96.6,79.141086201706,59.696220892955));
#1383 = CARTESIAN_POINT('',(96.6,79.181858810689,59.757602740171));
#1384 = CARTESIAN_POINT('',(96.6,79.221536637576,59.819691060962));
#1385 = CARTESIAN_POINT('',(96.6,79.29040799519,59.931780783945));
#1386 = CARTESIAN_POINT('',(96.6,79.320026225252,59.981521254599));
#1387 = CARTESIAN_POINT('',(96.6,79.348951973187,60.031670812511));
#1388 = CARTESIAN_POINT('',(96.6,79.377178205804,60.08221739345));
#1389 = CARTESIAN_POINT('',(96.6,79.40469817114,60.133148773569));
#1390 = CARTESIAN_POINT('',(96.6,79.464405176833,60.24741631763));
#1391 = CARTESIAN_POINT('',(96.6,79.496231436856,60.310941010318));
#1392 = CARTESIAN_POINT('',(96.6,79.526972214672,60.37500375013));
#1393 = CARTESIAN_POINT('',(96.6,79.556616210534,60.439581327989));
#1394 = CARTESIAN_POINT('',(96.6,79.585152788812,60.50465022308));
#1395 = CARTESIAN_POINT('',(96.6,79.641006692546,60.638150255572));
#1396 = CARTESIAN_POINT('',(96.6,79.668239723684,60.706616681944));
#1397 = CARTESIAN_POINT('',(96.6,79.69425995059,60.775559300134));
#1398 = CARTESIAN_POINT('',(96.6,79.719057048936,60.844951235721));
#1399 = CARTESIAN_POINT('',(96.6,79.742621490884,60.914765321698));
#1400 = CARTESIAN_POINT('',(96.6,79.787267599275,61.055182875234));
#1401 = CARTESIAN_POINT('',(96.6,79.808349272368,61.125786363708));
#1402 = CARTESIAN_POINT('',(96.6,79.828180833925,61.196757103997));
#1403 = CARTESIAN_POINT('',(96.6,79.846754372721,61.268067415086));
#1404 = CARTESIAN_POINT('',(96.6,79.86406279674,61.339689394835));
#1405 = CARTESIAN_POINT('',(96.6,79.896136869616,61.483500445121));
#1406 = CARTESIAN_POINT('',(96.6,79.910902523251,61.55568953708));
#1407 = CARTESIAN_POINT('',(96.6,79.924390522219,61.62813407238));
#1408 = CARTESIAN_POINT('',(96.6,79.936595430189,61.700805779615));
#1409 = CARTESIAN_POINT('',(96.6,79.947512646365,61.773676239447));
#1410 = CARTESIAN_POINT('',(96.6,79.967107941659,61.922366123786));
#1411 = CARTESIAN_POINT('',(96.6,79.9756921298,61.998197946102));
#1412 = CARTESIAN_POINT('',(96.6,79.982886787512,62.0741806108));
#1413 = CARTESIAN_POINT('',(96.6,79.988688705257,62.150282293993));
#1414 = CARTESIAN_POINT('',(96.6,79.99309564636,62.226471088654));
#1415 = CARTESIAN_POINT('',(96.6,79.998701778651,62.368442519713));
#1416 = CARTESIAN_POINT('',(96.6,80.000259576878,62.434211014847));
#1417 = CARTESIAN_POINT('',(96.6,80.000778932827,62.5));
#1418 = CARTESIAN_POINT('',(96.6,80.000259576878,62.565788985154));
#1419 = CARTESIAN_POINT('',(96.6,79.998701778651,62.631557480288));
#1420 = CARTESIAN_POINT('',(96.6,79.993199463606,62.770899811232));
#1421 = CARTESIAN_POINT('',(96.6,79.988990972051,62.844463240489));
#1422 = CARTESIAN_POINT('',(96.6,79.98348200975,62.91794649127));
#1423 = CARTESIAN_POINT('',(96.6,79.976674559671,62.991320842609));
#1424 = CARTESIAN_POINT('',(96.6,79.968571450344,63.064557644453));
#1425 = CARTESIAN_POINT('',(96.6,79.949445722343,63.213308657327));
#1426 = CARTESIAN_POINT('',(96.6,79.938329167882,63.28881081477));
#1427 = CARTESIAN_POINT('',(96.6,79.925830775814,63.364103036347));
#1428 = CARTESIAN_POINT('',(96.6,79.911955591199,63.439153737118));
#1429 = CARTESIAN_POINT('',(96.6,79.896709620819,63.513931500851));
#1430 = CARTESIAN_POINT('',(96.6,79.863490045536,63.662878659194));
#1431 = CARTESIAN_POINT('',(96.6,79.84551643494,63.737048079334));
#1432 = CARTESIAN_POINT('',(96.6,79.826185971051,63.810882093177));
#1433 = CARTESIAN_POINT('',(96.6,79.8055065658,63.884349709395));
#1434 = CARTESIAN_POINT('',(96.6,79.783487073386,63.957420192598));
#1435 = CARTESIAN_POINT('',(96.6,79.737592671957,64.100201007906));
#1436 = CARTESIAN_POINT('',(96.6,79.713807918266,64.16994034413));
#1437 = CARTESIAN_POINT('',(96.6,79.688791847206,64.239253640111));
#1438 = CARTESIAN_POINT('',(96.6,79.662554072347,64.308113759059));
#1439 = CARTESIAN_POINT('',(96.6,79.635105002818,64.376493859286));
#1440 = CARTESIAN_POINT('',(96.6,79.576783499703,64.514664983537));
#1441 = CARTESIAN_POINT('',(96.6,79.545823804991,64.58441920108));
#1442 = CARTESIAN_POINT('',(96.6,79.513589209549,64.653600551826));
#1443 = CARTESIAN_POINT('',(96.6,79.48009304499,64.722179961229));
#1444 = CARTESIAN_POINT('',(96.6,79.445349524162,64.790128775216));
#1445 = CARTESIAN_POINT('',(96.6,79.373397958137,64.924708745149));
#1446 = CARTESIAN_POINT('',(96.6,79.336189900608,64.991339924161));
#1447 = CARTESIAN_POINT('',(96.6,79.297764663693,65.057284064177));
#1448 = CARTESIAN_POINT('',(96.6,79.258138181623,65.122513431436));
#1449 = CARTESIAN_POINT('',(96.6,79.217327227724,65.187000791466));
#1450 = CARTESIAN_POINT('',(96.6,79.140609154304,65.303452059404));
#1451 = CARTESIAN_POINT('',(96.6,79.105069705765,65.355658210627));
#1452 = CARTESIAN_POINT('',(96.6,79.068741049358,65.407322713497));
#1453 = CARTESIAN_POINT('',(96.6,79.031633538278,65.458430685034));
#1454 = CARTESIAN_POINT('',(96.6,78.99375789836,65.508967508527));
#1455 = CARTESIAN_POINT('',(96.6,78.90844408595,65.619276683149));
#1456 = CARTESIAN_POINT('',(96.6,78.860657614307,65.678779680466));
#1457 = CARTESIAN_POINT('',(96.6,78.811785399953,65.737402501094));
#1458 = CARTESIAN_POINT('',(96.6,78.7618477739,65.795120452708));
#1459 = CARTESIAN_POINT('',(96.6,78.71086581138,65.851909475057));
#1460 = CARTESIAN_POINT('',(96.6,78.619409656505,65.950104990476));
#1461 = CARTESIAN_POINT('',(96.6,78.579369509839,65.991915762148));
#1462 = CARTESIAN_POINT('',(96.6,78.538750414619,66.03316823063));
#1463 = CARTESIAN_POINT('',(96.6,78.497562122466,66.073852400057));
#1464 = CARTESIAN_POINT('',(96.6,78.455814613839,66.113958503038));
#1465 = CARTESIAN_POINT('',(96.6,78.367376444723,66.196588088712));
#1466 = CARTESIAN_POINT('',(96.6,78.320581420919,66.238999883948));
#1467 = CARTESIAN_POINT('',(96.6,78.273146282609,66.280700001295));
#1468 = CARTESIAN_POINT('',(96.6,78.225084585556,66.321676401937));
#1469 = CARTESIAN_POINT('',(96.6,78.176410185297,66.361917393319));
#1470 = CARTESIAN_POINT('',(96.6,78.090182525496,66.431032306451));
#1471 = CARTESIAN_POINT('',(96.6,78.052891127502,66.460232936312));
#1472 = CARTESIAN_POINT('',(96.6,78.015269013394,66.489008733398));
#1473 = CARTESIAN_POINT('',(96.6,77.97732224078,66.517355027973));
#1474 = CARTESIAN_POINT('',(96.6,77.939056954651,66.545267265899));
#1475 = CARTESIAN_POINT('',(96.6,77.480450074235,66.871872812565));
#1476 = CARTESIAN_POINT('',(96.599999999999,77.023261775217,
    67.119120720268));
#1477 = CARTESIAN_POINT('',(96.6,76.537228820156,67.308473736095));
#1478 = CARTESIAN_POINT('',(96.599999999999,76.031488646758,
    67.43618229111));
#1479 = CARTESIAN_POINT('',(96.6,75.515659247972,67.5));
#1480 = CARTESIAN_POINT('',(96.6,75.,67.5));
#1481 = PCURVE('',#909,#1482);
#1482 = DEFINITIONAL_REPRESENTATION('',(#1483),#1796);
#1483 = B_SPLINE_CURVE_WITH_KNOTS('',6,(#1484,#1485,#1486,#1487,#1488,
    #1489,#1490,#1491,#1492,#1493,#1494,#1495,#1496,#1497,#1498,#1499,
    #1500,#1501,#1502,#1503,#1504,#1505,#1506,#1507,#1508,#1509,#1510,
    #1511,#1512,#1513,#1514,#1515,#1516,#1517,#1518,#1519,#1520,#1521,
    #1522,#1523,#1524,#1525,#1526,#1527,#1528,#1529,#1530,#1531,#1532,
    #1533,#1534,#1535,#1536,#1537,#1538,#1539,#1540,#1541,#1542,#1543,
    #1544,#1545,#1546,#1547,#1548,#1549,#1550,#1551,#1552,#1553,#1554,
    #1555,#1556,#1557,#1558,#1559,#1560,#1561,#1562,#1563,#1564,#1565,
    #1566,#1567,#1568,#1569,#1570,#1571,#1572,#1573,#1574,#1575,#1576,
    #1577,#1578,#1579,#1580,#1581,#1582,#1583,#1584,#1585,#1586,#1587,
    #1588,#1589,#1590,#1591,#1592,#1593,#1594,#1595,#1596,#1597,#1598,
    #1599,#1600,#1601,#1602,#1603,#1604,#1605,#1606,#1607,#1608,#1609,
    #1610,#1611,#1612,#1613,#1614,#1615,#1616,#1617,#1618,#1619,#1620,
    #1621,#1622,#1623,#1624,#1625,#1626,#1627,#1628,#1629,#1630,#1631,
    #1632,#1633,#1634,#1635,#1636,#1637,#1638,#1639,#1640,#1641,#1642,
    #1643,#1644,#1645,#1646,#1647,#1648,#1649,#1650,#1651,#1652,#1653,
    #1654,#1655,#1656,#1657,#1658,#1659,#1660,#1661,#1662,#1663,#1664,
    #1665,#1666,#1667,#1668,#1669,#1670,#1671,#1672,#1673,#1674,#1675,
    #1676,#1677,#1678,#1679,#1680,#1681,#1682,#1683,#1684,#1685,#1686,
    #1687,#1688,#1689,#1690,#1691,#1692,#1693,#1694,#1695,#1696,#1697,
    #1698,#1699,#1700,#1701,#1702,#1703,#1704,#1705,#1706,#1707,#1708,
    #1709,#1710,#1711,#1712,#1713,#1714,#1715,#1716,#1717,#1718,#1719,
    #1720,#1721,#1722,#1723,#1724,#1725,#1726,#1727,#1728,#1729,#1730,
    #1731,#1732,#1733,#1734,#1735,#1736,#1737,#1738,#1739,#1740,#1741,
    #1742,#1743,#1744,#1745,#1746,#1747,#1748,#1749,#1750,#1751,#1752,
    #1753,#1754,#1755,#1756,#1757,#1758,#1759,#1760,#1761,#1762,#1763,
    #1764,#1765,#1766,#1767,#1768,#1769,#1770,#1771,#1772,#1773,#1774,
    #1775,#1776,#1777,#1778,#1779,#1780,#1781,#1782,#1783,#1784,#1785,
    #1786,#1787,#1788,#1789,#1790,#1791,#1792,#1793,#1794,#1795),
  .UNSPECIFIED.,.F.,.F.,(7,5,5,5,5,5,5,5,5,5,5,5,5,5,5,5,5,5,5,5,5,5,5,5
    ,5,5,5,5,5,5,5,5,5,5,5,5,5,5,5,5,5,5,5,5,5,5,5,5,5,5,5,5,5,5,5,5,5,5
    ,5,5,5,5,7),(0.,1.206019506704E-02,2.663319343674E-02,
    4.020115758865E-02,5.477415595835E-02,6.834212011026E-02,
    8.291511847997E-02,9.547804836335E-02,0.105025875234,0.119598873603,
    0.134171871973,0.148242353241,0.162815351611,0.175880798634,
    0.190453797004,0.209046931467,0.223619929837,0.238192928207,
    0.252765926576,0.26532885646,0.276886752034,0.291459750404,
    0.306032748774,0.320605747143,0.333168677027,0.347239158294,
    0.358294536702,0.371359983726,0.385932982095,0.402516048698,
    0.415581495721,0.440707346071,0.458295446659,0.502516798791,
    0.520607416332,0.548748362267,0.564326394792,0.578899393161,
    0.596990010703,0.611563009072,0.619100767166,0.633673765536,
    0.648246763905,0.662317245173,0.673372623581,0.686940587733,
    0.701011069001,0.715081550269,0.729152031536,0.743725029906,
    0.756287959789,0.770358441057,0.784931439427,0.799504437797,
    0.813574919064,0.828147917434,0.842720915804,0.854781328537,
    0.869354326907,0.880409705315,0.892470118048,0.901515427729,1.),
  .UNSPECIFIED.);
#1484 = CARTESIAN_POINT('',(2.84217094304E-15,-3.));
#1485 = CARTESIAN_POINT('',(1.263052123746E-02,-3.));
#1486 = CARTESIAN_POINT('',(2.525999340585E-02,-3.));
#1487 = CARTESIAN_POINT('',(3.788915584155E-02,-3.));
#1488 = CARTESIAN_POINT('',(5.051840995533E-02,-3.));
#1489 = CARTESIAN_POINT('',(6.314781923239E-02,-3.));
#1490 = CARTESIAN_POINT('',(9.103777637383E-02,-3.));
#1491 = CARTESIAN_POINT('',(0.106298444343,-3.));
#1492 = CARTESIAN_POINT('',(0.121559112727,-3.));
#1493 = CARTESIAN_POINT('',(0.13681978111,-3.));
#1494 = CARTESIAN_POINT('',(0.15208044908,-3.));
#1495 = CARTESIAN_POINT('',(0.18154932372,-3.));
#1496 = CARTESIAN_POINT('',(0.195757531797,-3.));
#1497 = CARTESIAN_POINT('',(0.209965740165,-3.));
#1498 = CARTESIAN_POINT('',(0.224173948532,-3.));
#1499 = CARTESIAN_POINT('',(0.238382156609,-3.));
#1500 = CARTESIAN_POINT('',(0.267851031249,-3.));
#1501 = CARTESIAN_POINT('',(0.283111699219,-3.));
#1502 = CARTESIAN_POINT('',(0.298372367602,-3.));
#1503 = CARTESIAN_POINT('',(0.313633035986,-3.));
#1504 = CARTESIAN_POINT('',(0.328893703955,-3.));
#1505 = CARTESIAN_POINT('',(0.358362578595,-3.));
#1506 = CARTESIAN_POINT('',(0.372570786673,-3.));
#1507 = CARTESIAN_POINT('',(0.38677899504,-3.));
#1508 = CARTESIAN_POINT('',(0.400987203407,-3.));
#1509 = CARTESIAN_POINT('',(0.415195411485,-3.));
#1510 = CARTESIAN_POINT('',(0.444664286125,-3.));
#1511 = CARTESIAN_POINT('',(0.459924954094,-3.));
#1512 = CARTESIAN_POINT('',(0.475185622478,-3.));
#1513 = CARTESIAN_POINT('',(0.490446290861,-3.));
#1514 = CARTESIAN_POINT('',(0.505706958831,-3.));
#1515 = CARTESIAN_POINT('',(0.534123373774,-3.));
#1516 = CARTESIAN_POINT('',(0.547279121971,-3.));
#1517 = CARTESIAN_POINT('',(0.560434870364,-3.));
#1518 = CARTESIAN_POINT('',(0.573590618757,-3.));
#1519 = CARTESIAN_POINT('',(0.586746366954,-3.));
#1520 = CARTESIAN_POINT('',(0.609900483252,-3.));
#1521 = CARTESIAN_POINT('',(0.619898851848,-3.));
#1522 = CARTESIAN_POINT('',(0.629897220494,-3.));
#1523 = CARTESIAN_POINT('',(0.63989558914,-3.));
#1524 = CARTESIAN_POINT('',(0.649893957735,-3.));
#1525 = CARTESIAN_POINT('',(0.675152993373,-3.));
#1526 = CARTESIAN_POINT('',(0.690413661342,-3.));
#1527 = CARTESIAN_POINT('',(0.705674329726,-3.));
#1528 = CARTESIAN_POINT('',(0.720934998109,-3.));
#1529 = CARTESIAN_POINT('',(0.736195666079,-3.));
#1530 = CARTESIAN_POINT('',(0.766717000362,-3.));
#1531 = CARTESIAN_POINT('',(0.781977668331,-3.));
#1532 = CARTESIAN_POINT('',(0.797238336715,-3.));
#1533 = CARTESIAN_POINT('',(0.812499005099,-3.));
#1534 = CARTESIAN_POINT('',(0.827759673068,-3.));
#1535 = CARTESIAN_POINT('',(0.857754777537,-3.));
#1536 = CARTESIAN_POINT('',(0.872489215559,-3.));
#1537 = CARTESIAN_POINT('',(0.887223653928,-3.));
#1538 = CARTESIAN_POINT('',(0.901958092298,-3.));
#1539 = CARTESIAN_POINT('',(0.91669253032,-3.));
#1540 = CARTESIAN_POINT('',(0.946687634789,-3.));
#1541 = CARTESIAN_POINT('',(0.961948302758,-3.));
#1542 = CARTESIAN_POINT('',(0.977208971142,-3.));
#1543 = CARTESIAN_POINT('',(0.992469639525,-3.));
#1544 = CARTESIAN_POINT('',(1.007730307495,-3.));
#1545 = CARTESIAN_POINT('',(1.036672952292,-3.));
#1546 = CARTESIAN_POINT('',(1.050354930428,-3.));
#1547 = CARTESIAN_POINT('',(1.064036908804,-3.));
#1548 = CARTESIAN_POINT('',(1.077718887179,-3.));
#1549 = CARTESIAN_POINT('',(1.091400865315,-3.));
#1550 = CARTESIAN_POINT('',(1.120343510113,-3.));
#1551 = CARTESIAN_POINT('',(1.135604178082,-3.));
#1552 = CARTESIAN_POINT('',(1.150864846466,-3.));
#1553 = CARTESIAN_POINT('',(1.166125514849,-3.));
#1554 = CARTESIAN_POINT('',(1.181386182819,-3.));
#1555 = CARTESIAN_POINT('',(1.216117354861,-3.));
#1556 = CARTESIAN_POINT('',(1.23558786256,-3.));
#1557 = CARTESIAN_POINT('',(1.25505837166,-3.));
#1558 = CARTESIAN_POINT('',(1.27452888076,-3.));
#1559 = CARTESIAN_POINT('',(1.29399938846,-3.));
#1560 = CARTESIAN_POINT('',(1.328730560502,-3.));
#1561 = CARTESIAN_POINT('',(1.343991228471,-3.));
#1562 = CARTESIAN_POINT('',(1.359251896855,-3.));
#1563 = CARTESIAN_POINT('',(1.374512565238,-3.));
#1564 = CARTESIAN_POINT('',(1.389773233208,-3.));
#1565 = CARTESIAN_POINT('',(1.420294567491,-3.));
#1566 = CARTESIAN_POINT('',(1.43555523546,-3.));
#1567 = CARTESIAN_POINT('',(1.450815903844,-3.));
#1568 = CARTESIAN_POINT('',(1.466076572227,-3.));
#1569 = CARTESIAN_POINT('',(1.481337240197,-3.));
#1570 = CARTESIAN_POINT('',(1.51185857448,-3.));
#1571 = CARTESIAN_POINT('',(1.527119242449,-3.));
#1572 = CARTESIAN_POINT('',(1.542379910833,-3.));
#1573 = CARTESIAN_POINT('',(1.557640579216,-3.));
#1574 = CARTESIAN_POINT('',(1.572901247186,-3.));
#1575 = CARTESIAN_POINT('',(1.601317662129,-3.));
#1576 = CARTESIAN_POINT('',(1.614473410326,-3.));
#1577 = CARTESIAN_POINT('',(1.627629158719,-3.));
#1578 = CARTESIAN_POINT('',(1.640784907113,-3.));
#1579 = CARTESIAN_POINT('',(1.653940655309,-3.));
#1580 = CARTESIAN_POINT('',(1.679199691175,-3.));
#1581 = CARTESIAN_POINT('',(1.691302979498,-3.));
#1582 = CARTESIAN_POINT('',(1.703406267951,-3.));
#1583 = CARTESIAN_POINT('',(1.715509556405,-3.));
#1584 = CARTESIAN_POINT('',(1.727612844728,-3.));
#1585 = CARTESIAN_POINT('',(1.754976799933,-3.));
#1586 = CARTESIAN_POINT('',(1.770237467903,-3.));
#1587 = CARTESIAN_POINT('',(1.785498136286,-3.));
#1588 = CARTESIAN_POINT('',(1.80075880467,-3.));
#1589 = CARTESIAN_POINT('',(1.816019472639,-3.));
#1590 = CARTESIAN_POINT('',(1.846540806922,-3.));
#1591 = CARTESIAN_POINT('',(1.861801474892,-3.));
#1592 = CARTESIAN_POINT('',(1.877062143275,-3.));
#1593 = CARTESIAN_POINT('',(1.892322811659,-3.));
#1594 = CARTESIAN_POINT('',(1.907583479629,-3.));
#1595 = CARTESIAN_POINT('',(1.938104813912,-3.));
#1596 = CARTESIAN_POINT('',(1.953365481881,-3.));
#1597 = CARTESIAN_POINT('',(1.968626150265,-3.));
#1598 = CARTESIAN_POINT('',(1.983886818648,-3.));
#1599 = CARTESIAN_POINT('',(1.999147486618,-3.));
#1600 = CARTESIAN_POINT('',(2.027563901561,-3.));
#1601 = CARTESIAN_POINT('',(2.040719649757,-3.));
#1602 = CARTESIAN_POINT('',(2.053875398151,-3.));
#1603 = CARTESIAN_POINT('',(2.067031146544,-3.));
#1604 = CARTESIAN_POINT('',(2.080186894741,-3.));
#1605 = CARTESIAN_POINT('',(2.10807707987,-3.));
#1606 = CARTESIAN_POINT('',(2.122811517892,-3.));
#1607 = CARTESIAN_POINT('',(2.137545956262,-3.));
#1608 = CARTESIAN_POINT('',(2.152280394631,-3.));
#1609 = CARTESIAN_POINT('',(2.167014832653,-3.));
#1610 = CARTESIAN_POINT('',(2.193326328162,-3.));
#1611 = CARTESIAN_POINT('',(2.204903386552,-3.));
#1612 = CARTESIAN_POINT('',(2.216480445045,-3.));
#1613 = CARTESIAN_POINT('',(2.228057503539,-3.));
#1614 = CARTESIAN_POINT('',(2.239634561928,-3.));
#1615 = CARTESIAN_POINT('',(2.264893597766,-3.));
#1616 = CARTESIAN_POINT('',(2.278575575902,-3.));
#1617 = CARTESIAN_POINT('',(2.292257554278,-3.));
#1618 = CARTESIAN_POINT('',(2.305939532653,-3.));
#1619 = CARTESIAN_POINT('',(2.319621510789,-3.));
#1620 = CARTESIAN_POINT('',(2.348564155587,-3.));
#1621 = CARTESIAN_POINT('',(2.363824823556,-3.));
#1622 = CARTESIAN_POINT('',(2.37908549194,-3.));
#1623 = CARTESIAN_POINT('',(2.394346160323,-3.));
#1624 = CARTESIAN_POINT('',(2.409606828293,-3.));
#1625 = CARTESIAN_POINT('',(2.44223308165,-3.));
#1626 = CARTESIAN_POINT('',(2.459598669446,-3.));
#1627 = CARTESIAN_POINT('',(2.476964258031,-3.));
#1628 = CARTESIAN_POINT('',(2.494329846617,-3.));
#1629 = CARTESIAN_POINT('',(2.511695434413,-3.));
#1630 = CARTESIAN_POINT('',(2.542742998285,-3.));
#1631 = CARTESIAN_POINT('',(2.55642497642,-3.));
#1632 = CARTESIAN_POINT('',(2.570106954796,-3.));
#1633 = CARTESIAN_POINT('',(2.583788933172,-3.));
#1634 = CARTESIAN_POINT('',(2.597470911307,-3.));
#1635 = CARTESIAN_POINT('',(2.637464374706,-3.));
#1636 = CARTESIAN_POINT('',(2.663775873071,-3.));
#1637 = CARTESIAN_POINT('',(2.690087377747,-3.));
#1638 = CARTESIAN_POINT('',(2.716398882423,-3.));
#1639 = CARTESIAN_POINT('',(2.742710380788,-3.));
#1640 = CARTESIAN_POINT('',(2.787439912147,-3.));
#1641 = CARTESIAN_POINT('',(2.805857959883,-3.));
#1642 = CARTESIAN_POINT('',(2.824276008679,-3.));
#1643 = CARTESIAN_POINT('',(2.842694057476,-3.));
#1644 = CARTESIAN_POINT('',(2.861112105212,-3.));
#1645 = CARTESIAN_POINT('',(2.925838214433,-3.));
#1646 = CARTESIAN_POINT('',(2.972146890754,-3.));
#1647 = CARTESIAN_POINT('',(3.018454851087,-3.));
#1648 = CARTESIAN_POINT('',(3.06476281142,-3.));
#1649 = CARTESIAN_POINT('',(3.111071487741,-3.));
#1650 = CARTESIAN_POINT('',(3.17632382662,-3.));
#1651 = CARTESIAN_POINT('',(3.195268104335,-3.));
#1652 = CARTESIAN_POINT('',(3.214212383271,-3.));
#1653 = CARTESIAN_POINT('',(3.233156662206,-3.));
#1654 = CARTESIAN_POINT('',(3.252100939921,-3.));
#1655 = CARTESIAN_POINT('',(3.300514072466,-3.));
#1656 = CARTESIAN_POINT('',(3.329982951987,-3.));
#1657 = CARTESIAN_POINT('',(3.359451842633,-3.));
#1658 = CARTESIAN_POINT('',(3.388920733279,-3.));
#1659 = CARTESIAN_POINT('',(3.418389612799,-3.));
#1660 = CARTESIAN_POINT('',(3.464171596789,-3.));
#1661 = CARTESIAN_POINT('',(3.480484724664,-3.));
#1662 = CARTESIAN_POINT('',(3.496797853116,-3.));
#1663 = CARTESIAN_POINT('',(3.513110981569,-3.));
#1664 = CARTESIAN_POINT('',(3.529424109443,-3.));
#1665 = CARTESIAN_POINT('',(3.560997903304,-3.));
#1666 = CARTESIAN_POINT('',(3.576258571273,-3.));
#1667 = CARTESIAN_POINT('',(3.591519239657,-3.));
#1668 = CARTESIAN_POINT('',(3.60677990804,-3.));
#1669 = CARTESIAN_POINT('',(3.62204057601,-3.));
#1670 = CARTESIAN_POINT('',(3.656245518425,-3.));
#1671 = CARTESIAN_POINT('',(3.67518979614,-3.));
#1672 = CARTESIAN_POINT('',(3.694134075075,-3.));
#1673 = CARTESIAN_POINT('',(3.713078354011,-3.));
#1674 = CARTESIAN_POINT('',(3.732022631726,-3.));
#1675 = CARTESIAN_POINT('',(3.766227574141,-3.));
#1676 = CARTESIAN_POINT('',(3.781488242111,-3.));
#1677 = CARTESIAN_POINT('',(3.796748910494,-3.));
#1678 = CARTESIAN_POINT('',(3.812009578878,-3.));
#1679 = CARTESIAN_POINT('',(3.827270246847,-3.));
#1680 = CARTESIAN_POINT('',(3.850424362842,-3.));
#1681 = CARTESIAN_POINT('',(3.858317811725,-3.));
#1682 = CARTESIAN_POINT('',(3.866211260624,-3.));
#1683 = CARTESIAN_POINT('',(3.874104709523,-3.));
#1684 = CARTESIAN_POINT('',(3.881998158406,-3.));
#1685 = CARTESIAN_POINT('',(3.9051522744,-3.));
#1686 = CARTESIAN_POINT('',(3.92041294237,-3.));
#1687 = CARTESIAN_POINT('',(3.935673610753,-3.));
#1688 = CARTESIAN_POINT('',(3.950934279137,-3.));
#1689 = CARTESIAN_POINT('',(3.966194947107,-3.));
#1690 = CARTESIAN_POINT('',(3.99671628139,-3.));
#1691 = CARTESIAN_POINT('',(4.011976949359,-3.));
#1692 = CARTESIAN_POINT('',(4.027237617743,-3.));
#1693 = CARTESIAN_POINT('',(4.042498286126,-3.));
#1694 = CARTESIAN_POINT('',(4.057758954096,-3.));
#1695 = CARTESIAN_POINT('',(4.087754058564,-3.));
#1696 = CARTESIAN_POINT('',(4.102488496586,-3.));
#1697 = CARTESIAN_POINT('',(4.117222934956,-3.));
#1698 = CARTESIAN_POINT('',(4.131957373325,-3.));
#1699 = CARTESIAN_POINT('',(4.146691811347,-3.));
#1700 = CARTESIAN_POINT('',(4.173003306856,-3.));
#1701 = CARTESIAN_POINT('',(4.184580365246,-3.));
#1702 = CARTESIAN_POINT('',(4.19615742374,-3.));
#1703 = CARTESIAN_POINT('',(4.207734482233,-3.));
#1704 = CARTESIAN_POINT('',(4.219311540623,-3.));
#1705 = CARTESIAN_POINT('',(4.245096806303,-3.));
#1706 = CARTESIAN_POINT('',(4.25930501438,-3.));
#1707 = CARTESIAN_POINT('',(4.273513222748,-3.));
#1708 = CARTESIAN_POINT('',(4.287721431115,-3.));
#1709 = CARTESIAN_POINT('',(4.301929639192,-3.));
#1710 = CARTESIAN_POINT('',(4.330872284018,-3.));
#1711 = CARTESIAN_POINT('',(4.34560672204,-3.));
#1712 = CARTESIAN_POINT('',(4.36034116041,-3.));
#1713 = CARTESIAN_POINT('',(4.375075598779,-3.));
#1714 = CARTESIAN_POINT('',(4.389810036801,-3.));
#1715 = CARTESIAN_POINT('',(4.419278911456,-3.));
#1716 = CARTESIAN_POINT('',(4.434013349478,-3.));
#1717 = CARTESIAN_POINT('',(4.448747787847,-3.));
#1718 = CARTESIAN_POINT('',(4.463482226217,-3.));
#1719 = CARTESIAN_POINT('',(4.478216664239,-3.));
#1720 = CARTESIAN_POINT('',(4.507685538894,-3.));
#1721 = CARTESIAN_POINT('',(4.522419976916,-3.));
#1722 = CARTESIAN_POINT('',(4.537154415285,-3.));
#1723 = CARTESIAN_POINT('',(4.551888853654,-3.));
#1724 = CARTESIAN_POINT('',(4.566623291677,-3.));
#1725 = CARTESIAN_POINT('',(4.596618396145,-3.));
#1726 = CARTESIAN_POINT('',(4.611879064115,-3.));
#1727 = CARTESIAN_POINT('',(4.627139732498,-3.));
#1728 = CARTESIAN_POINT('',(4.642400400882,-3.));
#1729 = CARTESIAN_POINT('',(4.657661068851,-3.));
#1730 = CARTESIAN_POINT('',(4.686077483795,-3.));
#1731 = CARTESIAN_POINT('',(4.699233231991,-3.));
#1732 = CARTESIAN_POINT('',(4.712388980385,-3.));
#1733 = CARTESIAN_POINT('',(4.725544728778,-3.));
#1734 = CARTESIAN_POINT('',(4.738700476974,-3.));
#1735 = CARTESIAN_POINT('',(4.766590662104,-3.));
#1736 = CARTESIAN_POINT('',(4.781325100126,-3.));
#1737 = CARTESIAN_POINT('',(4.796059538495,-3.));
#1738 = CARTESIAN_POINT('',(4.810793976865,-3.));
#1739 = CARTESIAN_POINT('',(4.825528414887,-3.));
#1740 = CARTESIAN_POINT('',(4.855523519356,-3.));
#1741 = CARTESIAN_POINT('',(4.870784187325,-3.));
#1742 = CARTESIAN_POINT('',(4.886044855709,-3.));
#1743 = CARTESIAN_POINT('',(4.901305524092,-3.));
#1744 = CARTESIAN_POINT('',(4.916566192062,-3.));
#1745 = CARTESIAN_POINT('',(4.947087526345,-3.));
#1746 = CARTESIAN_POINT('',(4.962348194314,-3.));
#1747 = CARTESIAN_POINT('',(4.977608862698,-3.));
#1748 = CARTESIAN_POINT('',(4.992869531081,-3.));
#1749 = CARTESIAN_POINT('',(5.008130199051,-3.));
#1750 = CARTESIAN_POINT('',(5.03812530352,-3.));
#1751 = CARTESIAN_POINT('',(5.052859741542,-3.));
#1752 = CARTESIAN_POINT('',(5.067594179911,-3.));
#1753 = CARTESIAN_POINT('',(5.082328618281,-3.));
#1754 = CARTESIAN_POINT('',(5.097063056303,-3.));
#1755 = CARTESIAN_POINT('',(5.127058160772,-3.));
#1756 = CARTESIAN_POINT('',(5.142318828741,-3.));
#1757 = CARTESIAN_POINT('',(5.157579497125,-3.));
#1758 = CARTESIAN_POINT('',(5.172840165508,-3.));
#1759 = CARTESIAN_POINT('',(5.188100833478,-3.));
#1760 = CARTESIAN_POINT('',(5.218622167761,-3.));
#1761 = CARTESIAN_POINT('',(5.23388283573,-3.));
#1762 = CARTESIAN_POINT('',(5.249143504114,-3.));
#1763 = CARTESIAN_POINT('',(5.264404172497,-3.));
#1764 = CARTESIAN_POINT('',(5.279664840467,-3.));
#1765 = CARTESIAN_POINT('',(5.307555025546,-3.));
#1766 = CARTESIAN_POINT('',(5.320184543805,-3.));
#1767 = CARTESIAN_POINT('',(5.332814062224,-3.));
#1768 = CARTESIAN_POINT('',(5.345443580644,-3.));
#1769 = CARTESIAN_POINT('',(5.358073098903,-3.));
#1770 = CARTESIAN_POINT('',(5.385963283982,-3.));
#1771 = CARTESIAN_POINT('',(5.401223951952,-3.));
#1772 = CARTESIAN_POINT('',(5.416484620335,-3.));
#1773 = CARTESIAN_POINT('',(5.431745288719,-3.));
#1774 = CARTESIAN_POINT('',(5.447005956688,-3.));
#1775 = CARTESIAN_POINT('',(5.473843682011,-3.));
#1776 = CARTESIAN_POINT('',(5.485420740401,-3.));
#1777 = CARTESIAN_POINT('',(5.496997798894,-3.));
#1778 = CARTESIAN_POINT('',(5.508574857388,-3.));
#1779 = CARTESIAN_POINT('',(5.520151915778,-3.));
#1780 = CARTESIAN_POINT('',(5.544358491897,-3.));
#1781 = CARTESIAN_POINT('',(5.556988010156,-3.));
#1782 = CARTESIAN_POINT('',(5.569617528575,-3.));
#1783 = CARTESIAN_POINT('',(5.582247046995,-3.));
#1784 = CARTESIAN_POINT('',(5.594876565254,-3.));
#1785 = CARTESIAN_POINT('',(5.616978221782,-3.));
#1786 = CARTESIAN_POINT('',(5.626450360449,-3.));
#1787 = CARTESIAN_POINT('',(5.635922499154,-3.));
#1788 = CARTESIAN_POINT('',(5.645394637859,-3.));
#1789 = CARTESIAN_POINT('',(5.654866776525,-3.));
#1790 = CARTESIAN_POINT('',(5.76747076471,-3.));
#1791 = CARTESIAN_POINT('',(5.870635886575,-3.));
#1792 = CARTESIAN_POINT('',(5.973762111147,-3.));
#1793 = CARTESIAN_POINT('',(6.076888335721,-3.));
#1794 = CARTESIAN_POINT('',(6.180053457585,-3.));
#1795 = CARTESIAN_POINT('',(6.28318530718,-3.));
#1796 = ( GEOMETRIC_REPRESENTATION_CONTEXT(2) 
PARAMETRIC_REPRESENTATION_CONTEXT() REPRESENTATION_CONTEXT('2D SPACE',''
  ) );
#1797 = PCURVE('',#1798,#1803);
#1798 = CYLINDRICAL_SURFACE('',#1799,5.);
#1799 = AXIS2_PLACEMENT_3D('',#1800,#1801,#1802);
#1800 = CARTESIAN_POINT('',(98.39218452154,75.,62.5));
#1801 = DIRECTION('',(1.,0.,-0.));
#1802 = DIRECTION('',(0.,0.,1.));
#1803 = DEFINITIONAL_REPRESENTATION('',(#1804),#2117);
#1804 = B_SPLINE_CURVE_WITH_KNOTS('',6,(#1805,#1806,#1807,#1808,#1809,
    #1810,#1811,#1812,#1813,#1814,#1815,#1816,#1817,#1818,#1819,#1820,
    #1821,#1822,#1823,#1824,#1825,#1826,#1827,#1828,#1829,#1830,#1831,
    #1832,#1833,#1834,#1835,#1836,#1837,#1838,#1839,#1840,#1841,#1842,
    #1843,#1844,#1845,#1846,#1847,#1848,#1849,#1850,#1851,#1852,#1853,
    #1854,#1855,#1856,#1857,#1858,#1859,#1860,#1861,#1862,#1863,#1864,
    #1865,#1866,#1867,#1868,#1869,#1870,#1871,#1872,#1873,#1874,#1875,
    #1876,#1877,#1878,#1879,#1880,#1881,#1882,#1883,#1884,#1885,#1886,
    #1887,#1888,#1889,#1890,#1891,#1892,#1893,#1894,#1895,#1896,#1897,
    #1898,#1899,#1900,#1901,#1902,#1903,#1904,#1905,#1906,#1907,#1908,
    #1909,#1910,#1911,#1912,#1913,#1914,#1915,#1916,#1917,#1918,#1919,
    #1920,#1921,#1922,#1923,#1924,#1925,#1926,#1927,#1928,#1929,#1930,
    #1931,#1932,#1933,#1934,#1935,#1936,#1937,#1938,#1939,#1940,#1941,
    #1942,#1943,#1944,#1945,#1946,#1947,#1948,#1949,#1950,#1951,#1952,
    #1953,#1954,#1955,#1956,#1957,#1958,#1959,#1960,#1961,#1962,#1963,
    #1964,#1965,#1966,#1967,#1968,#1969,#1970,#1971,#1972,#1973,#1974,
    #1975,#1976,#1977,#1978,#1979,#1980,#1981,#1982,#1983,#1984,#1985,
    #1986,#1987,#1988,#1989,#1990,#1991,#1992,#1993,#1994,#1995,#1996,
    #1997,#1998,#1999,#2000,#2001,#2002,#2003,#2004,#2005,#2006,#2007,
    #2008,#2009,#2010,#2011,#2012,#2013,#2014,#2015,#2016,#2017,#2018,
    #2019,#2020,#2021,#2022,#2023,#2024,#2025,#2026,#2027,#2028,#2029,
    #2030,#2031,#2032,#2033,#2034,#2035,#2036,#2037,#2038,#2039,#2040,
    #2041,#2042,#2043,#2044,#2045,#2046,#2047,#2048,#2049,#2050,#2051,
    #2052,#2053,#2054,#2055,#2056,#2057,#2058,#2059,#2060,#2061,#2062,
    #2063,#2064,#2065,#2066,#2067,#2068,#2069,#2070,#2071,#2072,#2073,
    #2074,#2075,#2076,#2077,#2078,#2079,#2080,#2081,#2082,#2083,#2084,
    #2085,#2086,#2087,#2088,#2089,#2090,#2091,#2092,#2093,#2094,#2095,
    #2096,#2097,#2098,#2099,#2100,#2101,#2102,#2103,#2104,#2105,#2106,
    #2107,#2108,#2109,#2110,#2111,#2112,#2113,#2114,#2115,#2116),
  .UNSPECIFIED.,.F.,.F.,(7,5,5,5,5,5,5,5,5,5,5,5,5,5,5,5,5,5,5,5,5,5,5,5
    ,5,5,5,5,5,5,5,5,5,5,5,5,5,5,5,5,5,5,5,5,5,5,5,5,5,5,5,5,5,5,5,5,5,5
    ,5,5,5,5,7),(0.,1.206019506704E-02,2.663319343674E-02,
    4.020115758865E-02,5.477415595835E-02,6.834212011026E-02,
    8.291511847997E-02,9.547804836335E-02,0.105025875234,0.119598873603,
    0.134171871973,0.148242353241,0.162815351611,0.175880798634,
    0.190453797004,0.209046931467,0.223619929837,0.238192928207,
    0.252765926576,0.26532885646,0.276886752034,0.291459750404,
    0.306032748774,0.320605747143,0.333168677027,0.347239158294,
    0.358294536702,0.371359983726,0.385932982095,0.402516048698,
    0.415581495721,0.440707346071,0.458295446659,0.502516798791,
    0.520607416332,0.548748362267,0.564326394792,0.578899393161,
    0.596990010703,0.611563009072,0.619100767166,0.633673765536,
    0.648246763905,0.662317245173,0.673372623581,0.686940587733,
    0.701011069001,0.715081550269,0.729152031536,0.743725029906,
    0.756287959789,0.770358441057,0.784931439427,0.799504437797,
    0.813574919064,0.828147917434,0.842720915804,0.854781328537,
    0.869354326907,0.880409705315,0.892470118048,0.901515427729,1.),
  .UNSPECIFIED.);
#1805 = CARTESIAN_POINT('',(0.,-1.792184521541));
#1806 = CARTESIAN_POINT('',(1.263052123745E-02,-1.792184521541));
#1807 = CARTESIAN_POINT('',(2.525999340585E-02,-1.792184521541));
#1808 = CARTESIAN_POINT('',(3.788915584155E-02,-1.792184521541));
#1809 = CARTESIAN_POINT('',(5.051840995533E-02,-1.792184521541));
#1810 = CARTESIAN_POINT('',(6.314781923238E-02,-1.792184521541));
#1811 = CARTESIAN_POINT('',(9.103777637382E-02,-1.792184521541));
#1812 = CARTESIAN_POINT('',(0.106298444343,-1.792184521541));
#1813 = CARTESIAN_POINT('',(0.121559112727,-1.792184521541));
#1814 = CARTESIAN_POINT('',(0.13681978111,-1.792184521541));
#1815 = CARTESIAN_POINT('',(0.15208044908,-1.792184521541));
#1816 = CARTESIAN_POINT('',(0.18154932372,-1.792184521541));
#1817 = CARTESIAN_POINT('',(0.195757531797,-1.792184521541));
#1818 = CARTESIAN_POINT('',(0.209965740165,-1.792184521541));
#1819 = CARTESIAN_POINT('',(0.224173948532,-1.792184521541));
#1820 = CARTESIAN_POINT('',(0.238382156609,-1.792184521541));
#1821 = CARTESIAN_POINT('',(0.267851031249,-1.792184521541));
#1822 = CARTESIAN_POINT('',(0.283111699219,-1.792184521541));
#1823 = CARTESIAN_POINT('',(0.298372367602,-1.792184521541));
#1824 = CARTESIAN_POINT('',(0.313633035986,-1.792184521541));
#1825 = CARTESIAN_POINT('',(0.328893703955,-1.792184521541));
#1826 = CARTESIAN_POINT('',(0.358362578595,-1.792184521541));
#1827 = CARTESIAN_POINT('',(0.372570786673,-1.792184521541));
#1828 = CARTESIAN_POINT('',(0.38677899504,-1.792184521541));
#1829 = CARTESIAN_POINT('',(0.400987203407,-1.792184521541));
#1830 = CARTESIAN_POINT('',(0.415195411485,-1.792184521541));
#1831 = CARTESIAN_POINT('',(0.444664286125,-1.792184521541));
#1832 = CARTESIAN_POINT('',(0.459924954094,-1.792184521541));
#1833 = CARTESIAN_POINT('',(0.475185622478,-1.792184521541));
#1834 = CARTESIAN_POINT('',(0.490446290861,-1.792184521541));
#1835 = CARTESIAN_POINT('',(0.505706958831,-1.792184521541));
#1836 = CARTESIAN_POINT('',(0.534123373774,-1.792184521541));
#1837 = CARTESIAN_POINT('',(0.547279121971,-1.792184521541));
#1838 = CARTESIAN_POINT('',(0.560434870364,-1.792184521541));
#1839 = CARTESIAN_POINT('',(0.573590618757,-1.792184521541));
#1840 = CARTESIAN_POINT('',(0.586746366954,-1.792184521541));
#1841 = CARTESIAN_POINT('',(0.609900483252,-1.792184521541));
#1842 = CARTESIAN_POINT('',(0.619898851848,-1.792184521541));
#1843 = CARTESIAN_POINT('',(0.629897220494,-1.792184521541));
#1844 = CARTESIAN_POINT('',(0.63989558914,-1.792184521541));
#1845 = CARTESIAN_POINT('',(0.649893957735,-1.792184521541));
#1846 = CARTESIAN_POINT('',(0.675152993373,-1.792184521541));
#1847 = CARTESIAN_POINT('',(0.690413661342,-1.792184521541));
#1848 = CARTESIAN_POINT('',(0.705674329726,-1.792184521541));
#1849 = CARTESIAN_POINT('',(0.720934998109,-1.792184521541));
#1850 = CARTESIAN_POINT('',(0.736195666079,-1.792184521541));
#1851 = CARTESIAN_POINT('',(0.766717000362,-1.792184521541));
#1852 = CARTESIAN_POINT('',(0.781977668331,-1.792184521541));
#1853 = CARTESIAN_POINT('',(0.797238336715,-1.792184521541));
#1854 = CARTESIAN_POINT('',(0.812499005099,-1.792184521541));
#1855 = CARTESIAN_POINT('',(0.827759673068,-1.792184521541));
#1856 = CARTESIAN_POINT('',(0.857754777537,-1.792184521541));
#1857 = CARTESIAN_POINT('',(0.872489215559,-1.792184521541));
#1858 = CARTESIAN_POINT('',(0.887223653928,-1.792184521541));
#1859 = CARTESIAN_POINT('',(0.901958092298,-1.792184521541));
#1860 = CARTESIAN_POINT('',(0.91669253032,-1.792184521541));
#1861 = CARTESIAN_POINT('',(0.946687634789,-1.792184521541));
#1862 = CARTESIAN_POINT('',(0.961948302758,-1.792184521541));
#1863 = CARTESIAN_POINT('',(0.977208971142,-1.792184521541));
#1864 = CARTESIAN_POINT('',(0.992469639525,-1.792184521541));
#1865 = CARTESIAN_POINT('',(1.007730307495,-1.792184521541));
#1866 = CARTESIAN_POINT('',(1.036672952292,-1.792184521541));
#1867 = CARTESIAN_POINT('',(1.050354930428,-1.792184521541));
#1868 = CARTESIAN_POINT('',(1.064036908804,-1.792184521541));
#1869 = CARTESIAN_POINT('',(1.077718887179,-1.792184521541));
#1870 = CARTESIAN_POINT('',(1.091400865315,-1.792184521541));
#1871 = CARTESIAN_POINT('',(1.120343510113,-1.792184521541));
#1872 = CARTESIAN_POINT('',(1.135604178082,-1.792184521541));
#1873 = CARTESIAN_POINT('',(1.150864846466,-1.792184521541));
#1874 = CARTESIAN_POINT('',(1.166125514849,-1.792184521541));
#1875 = CARTESIAN_POINT('',(1.181386182819,-1.792184521541));
#1876 = CARTESIAN_POINT('',(1.216117354861,-1.792184521541));
#1877 = CARTESIAN_POINT('',(1.23558786256,-1.792184521541));
#1878 = CARTESIAN_POINT('',(1.25505837166,-1.792184521541));
#1879 = CARTESIAN_POINT('',(1.27452888076,-1.792184521541));
#1880 = CARTESIAN_POINT('',(1.29399938846,-1.792184521541));
#1881 = CARTESIAN_POINT('',(1.328730560502,-1.792184521541));
#1882 = CARTESIAN_POINT('',(1.343991228471,-1.792184521541));
#1883 = CARTESIAN_POINT('',(1.359251896855,-1.792184521541));
#1884 = CARTESIAN_POINT('',(1.374512565238,-1.792184521541));
#1885 = CARTESIAN_POINT('',(1.389773233208,-1.792184521541));
#1886 = CARTESIAN_POINT('',(1.420294567491,-1.792184521541));
#1887 = CARTESIAN_POINT('',(1.43555523546,-1.792184521541));
#1888 = CARTESIAN_POINT('',(1.450815903844,-1.792184521541));
#1889 = CARTESIAN_POINT('',(1.466076572227,-1.792184521541));
#1890 = CARTESIAN_POINT('',(1.481337240197,-1.792184521541));
#1891 = CARTESIAN_POINT('',(1.51185857448,-1.792184521541));
#1892 = CARTESIAN_POINT('',(1.527119242449,-1.792184521541));
#1893 = CARTESIAN_POINT('',(1.542379910833,-1.792184521541));
#1894 = CARTESIAN_POINT('',(1.557640579216,-1.792184521541));
#1895 = CARTESIAN_POINT('',(1.572901247186,-1.792184521541));
#1896 = CARTESIAN_POINT('',(1.601317662129,-1.792184521541));
#1897 = CARTESIAN_POINT('',(1.614473410326,-1.792184521541));
#1898 = CARTESIAN_POINT('',(1.627629158719,-1.792184521541));
#1899 = CARTESIAN_POINT('',(1.640784907113,-1.792184521541));
#1900 = CARTESIAN_POINT('',(1.653940655309,-1.792184521541));
#1901 = CARTESIAN_POINT('',(1.679199691175,-1.792184521541));
#1902 = CARTESIAN_POINT('',(1.691302979498,-1.792184521541));
#1903 = CARTESIAN_POINT('',(1.703406267951,-1.792184521541));
#1904 = CARTESIAN_POINT('',(1.715509556405,-1.792184521541));
#1905 = CARTESIAN_POINT('',(1.727612844728,-1.792184521541));
#1906 = CARTESIAN_POINT('',(1.754976799933,-1.792184521541));
#1907 = CARTESIAN_POINT('',(1.770237467903,-1.792184521541));
#1908 = CARTESIAN_POINT('',(1.785498136286,-1.792184521541));
#1909 = CARTESIAN_POINT('',(1.80075880467,-1.792184521541));
#1910 = CARTESIAN_POINT('',(1.816019472639,-1.792184521541));
#1911 = CARTESIAN_POINT('',(1.846540806922,-1.792184521541));
#1912 = CARTESIAN_POINT('',(1.861801474892,-1.792184521541));
#1913 = CARTESIAN_POINT('',(1.877062143275,-1.792184521541));
#1914 = CARTESIAN_POINT('',(1.892322811659,-1.792184521541));
#1915 = CARTESIAN_POINT('',(1.907583479629,-1.792184521541));
#1916 = CARTESIAN_POINT('',(1.938104813912,-1.792184521541));
#1917 = CARTESIAN_POINT('',(1.953365481881,-1.792184521541));
#1918 = CARTESIAN_POINT('',(1.968626150265,-1.792184521541));
#1919 = CARTESIAN_POINT('',(1.983886818648,-1.792184521541));
#1920 = CARTESIAN_POINT('',(1.999147486618,-1.792184521541));
#1921 = CARTESIAN_POINT('',(2.027563901561,-1.792184521541));
#1922 = CARTESIAN_POINT('',(2.040719649757,-1.792184521541));
#1923 = CARTESIAN_POINT('',(2.053875398151,-1.792184521541));
#1924 = CARTESIAN_POINT('',(2.067031146544,-1.792184521541));
#1925 = CARTESIAN_POINT('',(2.080186894741,-1.792184521541));
#1926 = CARTESIAN_POINT('',(2.10807707987,-1.792184521541));
#1927 = CARTESIAN_POINT('',(2.122811517892,-1.792184521541));
#1928 = CARTESIAN_POINT('',(2.137545956262,-1.792184521541));
#1929 = CARTESIAN_POINT('',(2.152280394631,-1.792184521541));
#1930 = CARTESIAN_POINT('',(2.167014832653,-1.792184521541));
#1931 = CARTESIAN_POINT('',(2.193326328162,-1.792184521541));
#1932 = CARTESIAN_POINT('',(2.204903386552,-1.792184521541));
#1933 = CARTESIAN_POINT('',(2.216480445045,-1.792184521541));
#1934 = CARTESIAN_POINT('',(2.228057503539,-1.792184521541));
#1935 = CARTESIAN_POINT('',(2.239634561928,-1.792184521541));
#1936 = CARTESIAN_POINT('',(2.264893597766,-1.792184521541));
#1937 = CARTESIAN_POINT('',(2.278575575902,-1.792184521541));
#1938 = CARTESIAN_POINT('',(2.292257554278,-1.792184521541));
#1939 = CARTESIAN_POINT('',(2.305939532653,-1.792184521541));
#1940 = CARTESIAN_POINT('',(2.319621510789,-1.792184521541));
#1941 = CARTESIAN_POINT('',(2.348564155587,-1.792184521541));
#1942 = CARTESIAN_POINT('',(2.363824823556,-1.792184521541));
#1943 = CARTESIAN_POINT('',(2.37908549194,-1.792184521541));
#1944 = CARTESIAN_POINT('',(2.394346160323,-1.792184521541));
#1945 = CARTESIAN_POINT('',(2.409606828293,-1.792184521541));
#1946 = CARTESIAN_POINT('',(2.44223308165,-1.792184521541));
#1947 = CARTESIAN_POINT('',(2.459598669446,-1.792184521541));
#1948 = CARTESIAN_POINT('',(2.476964258031,-1.792184521541));
#1949 = CARTESIAN_POINT('',(2.494329846617,-1.792184521541));
#1950 = CARTESIAN_POINT('',(2.511695434413,-1.792184521541));
#1951 = CARTESIAN_POINT('',(2.542742998285,-1.792184521541));
#1952 = CARTESIAN_POINT('',(2.55642497642,-1.792184521541));
#1953 = CARTESIAN_POINT('',(2.570106954796,-1.792184521541));
#1954 = CARTESIAN_POINT('',(2.583788933172,-1.792184521541));
#1955 = CARTESIAN_POINT('',(2.597470911307,-1.792184521541));
#1956 = CARTESIAN_POINT('',(2.637464374706,-1.792184521541));
#1957 = CARTESIAN_POINT('',(2.663775873071,-1.792184521541));
#1958 = CARTESIAN_POINT('',(2.690087377747,-1.792184521541));
#1959 = CARTESIAN_POINT('',(2.716398882423,-1.792184521541));
#1960 = CARTESIAN_POINT('',(2.742710380788,-1.792184521541));
#1961 = CARTESIAN_POINT('',(2.787439912147,-1.792184521541));
#1962 = CARTESIAN_POINT('',(2.805857959883,-1.792184521541));
#1963 = CARTESIAN_POINT('',(2.824276008679,-1.792184521541));
#1964 = CARTESIAN_POINT('',(2.842694057476,-1.792184521541));
#1965 = CARTESIAN_POINT('',(2.861112105212,-1.792184521541));
#1966 = CARTESIAN_POINT('',(2.925838214433,-1.792184521541));
#1967 = CARTESIAN_POINT('',(2.972146890754,-1.792184521541));
#1968 = CARTESIAN_POINT('',(3.018454851087,-1.792184521541));
#1969 = CARTESIAN_POINT('',(3.06476281142,-1.792184521541));
#1970 = CARTESIAN_POINT('',(3.111071487741,-1.792184521541));
#1971 = CARTESIAN_POINT('',(3.17632382662,-1.792184521541));
#1972 = CARTESIAN_POINT('',(3.195268104335,-1.792184521541));
#1973 = CARTESIAN_POINT('',(3.214212383271,-1.792184521541));
#1974 = CARTESIAN_POINT('',(3.233156662206,-1.792184521541));
#1975 = CARTESIAN_POINT('',(3.252100939921,-1.792184521541));
#1976 = CARTESIAN_POINT('',(3.300514072466,-1.792184521541));
#1977 = CARTESIAN_POINT('',(3.329982951987,-1.792184521541));
#1978 = CARTESIAN_POINT('',(3.359451842633,-1.792184521541));
#1979 = CARTESIAN_POINT('',(3.388920733279,-1.792184521541));
#1980 = CARTESIAN_POINT('',(3.418389612799,-1.792184521541));
#1981 = CARTESIAN_POINT('',(3.464171596789,-1.792184521541));
#1982 = CARTESIAN_POINT('',(3.480484724664,-1.792184521541));
#1983 = CARTESIAN_POINT('',(3.496797853116,-1.792184521541));
#1984 = CARTESIAN_POINT('',(3.513110981569,-1.792184521541));
#1985 = CARTESIAN_POINT('',(3.529424109443,-1.792184521541));
#1986 = CARTESIAN_POINT('',(3.560997903304,-1.792184521541));
#1987 = CARTESIAN_POINT('',(3.576258571273,-1.792184521541));
#1988 = CARTESIAN_POINT('',(3.591519239657,-1.792184521541));
#1989 = CARTESIAN_POINT('',(3.60677990804,-1.792184521541));
#1990 = CARTESIAN_POINT('',(3.62204057601,-1.792184521541));
#1991 = CARTESIAN_POINT('',(3.656245518425,-1.792184521541));
#1992 = CARTESIAN_POINT('',(3.67518979614,-1.792184521541));
#1993 = CARTESIAN_POINT('',(3.694134075075,-1.792184521541));
#1994 = CARTESIAN_POINT('',(3.713078354011,-1.792184521541));
#1995 = CARTESIAN_POINT('',(3.732022631726,-1.792184521541));
#1996 = CARTESIAN_POINT('',(3.766227574141,-1.792184521541));
#1997 = CARTESIAN_POINT('',(3.781488242111,-1.792184521541));
#1998 = CARTESIAN_POINT('',(3.796748910494,-1.792184521541));
#1999 = CARTESIAN_POINT('',(3.812009578878,-1.792184521541));
#2000 = CARTESIAN_POINT('',(3.827270246847,-1.792184521541));
#2001 = CARTESIAN_POINT('',(3.850424362842,-1.792184521541));
#2002 = CARTESIAN_POINT('',(3.858317811725,-1.792184521541));
#2003 = CARTESIAN_POINT('',(3.866211260624,-1.792184521541));
#2004 = CARTESIAN_POINT('',(3.874104709523,-1.792184521541));
#2005 = CARTESIAN_POINT('',(3.881998158406,-1.792184521541));
#2006 = CARTESIAN_POINT('',(3.9051522744,-1.792184521541));
#2007 = CARTESIAN_POINT('',(3.92041294237,-1.792184521541));
#2008 = CARTESIAN_POINT('',(3.935673610753,-1.792184521541));
#2009 = CARTESIAN_POINT('',(3.950934279137,-1.792184521541));
#2010 = CARTESIAN_POINT('',(3.966194947107,-1.792184521541));
#2011 = CARTESIAN_POINT('',(3.99671628139,-1.792184521541));
#2012 = CARTESIAN_POINT('',(4.011976949359,-1.792184521541));
#2013 = CARTESIAN_POINT('',(4.027237617743,-1.792184521541));
#2014 = CARTESIAN_POINT('',(4.042498286126,-1.792184521541));
#2015 = CARTESIAN_POINT('',(4.057758954096,-1.792184521541));
#2016 = CARTESIAN_POINT('',(4.087754058564,-1.792184521541));
#2017 = CARTESIAN_POINT('',(4.102488496586,-1.792184521541));
#2018 = CARTESIAN_POINT('',(4.117222934956,-1.792184521541));
#2019 = CARTESIAN_POINT('',(4.131957373325,-1.792184521541));
#2020 = CARTESIAN_POINT('',(4.146691811347,-1.792184521541));
#2021 = CARTESIAN_POINT('',(4.173003306856,-1.792184521541));
#2022 = CARTESIAN_POINT('',(4.184580365246,-1.792184521541));
#2023 = CARTESIAN_POINT('',(4.19615742374,-1.792184521541));
#2024 = CARTESIAN_POINT('',(4.207734482233,-1.792184521541));
#2025 = CARTESIAN_POINT('',(4.219311540623,-1.792184521541));
#2026 = CARTESIAN_POINT('',(4.245096806303,-1.792184521541));
#2027 = CARTESIAN_POINT('',(4.25930501438,-1.792184521541));
#2028 = CARTESIAN_POINT('',(4.273513222748,-1.792184521541));
#2029 = CARTESIAN_POINT('',(4.287721431115,-1.792184521541));
#2030 = CARTESIAN_POINT('',(4.301929639192,-1.792184521541));
#2031 = CARTESIAN_POINT('',(4.330872284018,-1.792184521541));
#2032 = CARTESIAN_POINT('',(4.34560672204,-1.792184521541));
#2033 = CARTESIAN_POINT('',(4.36034116041,-1.792184521541));
#2034 = CARTESIAN_POINT('',(4.375075598779,-1.792184521541));
#2035 = CARTESIAN_POINT('',(4.389810036801,-1.792184521541));
#2036 = CARTESIAN_POINT('',(4.419278911456,-1.792184521541));
#2037 = CARTESIAN_POINT('',(4.434013349478,-1.792184521541));
#2038 = CARTESIAN_POINT('',(4.448747787847,-1.792184521541));
#2039 = CARTESIAN_POINT('',(4.463482226217,-1.792184521541));
#2040 = CARTESIAN_POINT('',(4.478216664239,-1.792184521541));
#2041 = CARTESIAN_POINT('',(4.507685538894,-1.792184521541));
#2042 = CARTESIAN_POINT('',(4.522419976916,-1.792184521541));
#2043 = CARTESIAN_POINT('',(4.537154415285,-1.792184521541));
#2044 = CARTESIAN_POINT('',(4.551888853654,-1.792184521541));
#2045 = CARTESIAN_POINT('',(4.566623291677,-1.792184521541));
#2046 = CARTESIAN_POINT('',(4.596618396145,-1.792184521541));
#2047 = CARTESIAN_POINT('',(4.611879064115,-1.792184521541));
#2048 = CARTESIAN_POINT('',(4.627139732498,-1.792184521541));
#2049 = CARTESIAN_POINT('',(4.642400400882,-1.792184521541));
#2050 = CARTESIAN_POINT('',(4.657661068851,-1.792184521541));
#2051 = CARTESIAN_POINT('',(4.686077483795,-1.792184521541));
#2052 = CARTESIAN_POINT('',(4.699233231991,-1.792184521541));
#2053 = CARTESIAN_POINT('',(4.712388980385,-1.792184521541));
#2054 = CARTESIAN_POINT('',(4.725544728778,-1.792184521541));
#2055 = CARTESIAN_POINT('',(4.738700476974,-1.792184521541));
#2056 = CARTESIAN_POINT('',(4.766590662104,-1.792184521541));
#2057 = CARTESIAN_POINT('',(4.781325100126,-1.792184521541));
#2058 = CARTESIAN_POINT('',(4.796059538495,-1.792184521541));
#2059 = CARTESIAN_POINT('',(4.810793976865,-1.792184521541));
#2060 = CARTESIAN_POINT('',(4.825528414887,-1.792184521541));
#2061 = CARTESIAN_POINT('',(4.855523519356,-1.792184521541));
#2062 = CARTESIAN_POINT('',(4.870784187325,-1.792184521541));
#2063 = CARTESIAN_POINT('',(4.886044855709,-1.792184521541));
#2064 = CARTESIAN_POINT('',(4.901305524092,-1.792184521541));
#2065 = CARTESIAN_POINT('',(4.916566192062,-1.792184521541));
#2066 = CARTESIAN_POINT('',(4.947087526345,-1.792184521541));
#2067 = CARTESIAN_POINT('',(4.962348194314,-1.792184521541));
#2068 = CARTESIAN_POINT('',(4.977608862698,-1.792184521541));
#2069 = CARTESIAN_POINT('',(4.992869531081,-1.792184521541));
#2070 = CARTESIAN_POINT('',(5.008130199051,-1.792184521541));
#2071 = CARTESIAN_POINT('',(5.03812530352,-1.792184521541));
#2072 = CARTESIAN_POINT('',(5.052859741542,-1.792184521541));
#2073 = CARTESIAN_POINT('',(5.067594179911,-1.792184521541));
#2074 = CARTESIAN_POINT('',(5.082328618281,-1.792184521541));
#2075 = CARTESIAN_POINT('',(5.097063056303,-1.792184521541));
#2076 = CARTESIAN_POINT('',(5.127058160772,-1.792184521541));
#2077 = CARTESIAN_POINT('',(5.142318828741,-1.792184521541));
#2078 = CARTESIAN_POINT('',(5.157579497125,-1.792184521541));
#2079 = CARTESIAN_POINT('',(5.172840165508,-1.792184521541));
#2080 = CARTESIAN_POINT('',(5.188100833478,-1.792184521541));
#2081 = CARTESIAN_POINT('',(5.218622167761,-1.792184521541));
#2082 = CARTESIAN_POINT('',(5.23388283573,-1.792184521541));
#2083 = CARTESIAN_POINT('',(5.249143504114,-1.792184521541));
#2084 = CARTESIAN_POINT('',(5.264404172497,-1.792184521541));
#2085 = CARTESIAN_POINT('',(5.279664840467,-1.792184521541));
#2086 = CARTESIAN_POINT('',(5.307555025546,-1.792184521541));
#2087 = CARTESIAN_POINT('',(5.320184543805,-1.792184521541));
#2088 = CARTESIAN_POINT('',(5.332814062224,-1.792184521541));
#2089 = CARTESIAN_POINT('',(5.345443580644,-1.792184521541));
#2090 = CARTESIAN_POINT('',(5.358073098903,-1.792184521541));
#2091 = CARTESIAN_POINT('',(5.385963283982,-1.792184521541));
#2092 = CARTESIAN_POINT('',(5.401223951952,-1.792184521541));
#2093 = CARTESIAN_POINT('',(5.416484620335,-1.792184521541));
#2094 = CARTESIAN_POINT('',(5.431745288719,-1.792184521541));
#2095 = CARTESIAN_POINT('',(5.447005956688,-1.792184521541));
#2096 = CARTESIAN_POINT('',(5.473843682011,-1.792184521541));
#2097 = CARTESIAN_POINT('',(5.485420740401,-1.792184521541));
#2098 = CARTESIAN_POINT('',(5.496997798894,-1.792184521541));
#2099 = CARTESIAN_POINT('',(5.508574857388,-1.792184521541));
#2100 = CARTESIAN_POINT('',(5.520151915778,-1.792184521541));
#2101 = CARTESIAN_POINT('',(5.544358491897,-1.792184521541));
#2102 = CARTESIAN_POINT('',(5.556988010156,-1.792184521541));
#2103 = CARTESIAN_POINT('',(5.569617528575,-1.792184521541));
#2104 = CARTESIAN_POINT('',(5.582247046995,-1.792184521541));
#2105 = CARTESIAN_POINT('',(5.594876565254,-1.792184521541));
#2106 = CARTESIAN_POINT('',(5.616978221782,-1.792184521541));
#2107 = CARTESIAN_POINT('',(5.626450360449,-1.792184521541));
#2108 = CARTESIAN_POINT('',(5.635922499154,-1.792184521541));
#2109 = CARTESIAN_POINT('',(5.645394637859,-1.792184521541));
#2110 = CARTESIAN_POINT('',(5.654866776525,-1.792184521541));
#2111 = CARTESIAN_POINT('',(5.76747076471,-1.792184521541));
#2112 = CARTESIAN_POINT('',(5.870635886575,-1.792184521541));
#2113 = CARTESIAN_POINT('',(5.973762111147,-1.792184521541));
#2114 = CARTESIAN_POINT('',(6.076888335721,-1.792184521541));
#2115 = CARTESIAN_POINT('',(6.180053457585,-1.792184521541));
#2116 = CARTESIAN_POINT('',(6.28318530718,-1.792184521541));
#2117 = ( GEOMETRIC_REPRESENTATION_CONTEXT(2) 
PARAMETRIC_REPRESENTATION_CONTEXT() REPRESENTATION_CONTEXT('2D SPACE',''
  ) );
#2118 = ORIENTED_EDGE('',*,*,#1145,.F.);
#2119 = ADVANCED_FACE('',(#2120),#964,.F.);
#2120 = FACE_BOUND('',#2121,.T.);
#2121 = EDGE_LOOP('',(#2122,#2123,#2144,#2171));
#2122 = ORIENTED_EDGE('',*,*,#949,.T.);
#2123 = ORIENTED_EDGE('',*,*,#2124,.T.);
#2124 = EDGE_CURVE('',#927,#2125,#2127,.T.);
#2125 = VERTEX_POINT('',#2126);
#2126 = CARTESIAN_POINT('',(96.6,-75.,-57.5));
#2127 = SEAM_CURVE('',#2128,(#2132,#2138),.PCURVE_S1.);
#2128 = LINE('',#2129,#2130);
#2129 = CARTESIAN_POINT('',(99.6,-75.,-54.5));
#2130 = VECTOR('',#2131,1.);
#2131 = DIRECTION('',(-0.707106781187,0.,-0.707106781187));
#2132 = PCURVE('',#964,#2133);
#2133 = DEFINITIONAL_REPRESENTATION('',(#2134),#2137);
#2134 = B_SPLINE_CURVE_WITH_KNOTS('',1,(#2135,#2136),.UNSPECIFIED.,.F.,
  .F.,(2,2),(0.,5.091168824543),.PIECEWISE_BEZIER_KNOTS.);
#2135 = CARTESIAN_POINT('',(0.,0.));
#2136 = CARTESIAN_POINT('',(0.,-3.6));
#2137 = ( GEOMETRIC_REPRESENTATION_CONTEXT(2) 
PARAMETRIC_REPRESENTATION_CONTEXT() REPRESENTATION_CONTEXT('2D SPACE',''
  ) );
#2138 = PCURVE('',#964,#2139);
#2139 = DEFINITIONAL_REPRESENTATION('',(#2140),#2143);
#2140 = B_SPLINE_CURVE_WITH_KNOTS('',1,(#2141,#2142),.UNSPECIFIED.,.F.,
  .F.,(2,2),(0.,5.091168824543),.PIECEWISE_BEZIER_KNOTS.);
#2141 = CARTESIAN_POINT('',(6.28318530718,0.));
#2142 = CARTESIAN_POINT('',(6.28318530718,-3.6));
#2143 = ( GEOMETRIC_REPRESENTATION_CONTEXT(2) 
PARAMETRIC_REPRESENTATION_CONTEXT() REPRESENTATION_CONTEXT('2D SPACE',''
  ) );
#2144 = ORIENTED_EDGE('',*,*,#2145,.F.);
#2145 = EDGE_CURVE('',#2125,#2125,#2146,.T.);
#2146 = SURFACE_CURVE('',#2147,(#2152,#2159),.PCURVE_S1.);
#2147 = CIRCLE('',#2148,5.);
#2148 = AXIS2_PLACEMENT_3D('',#2149,#2150,#2151);
#2149 = CARTESIAN_POINT('',(96.6,-75.,-62.5));
#2150 = DIRECTION('',(1.,0.,-0.));
#2151 = DIRECTION('',(0.,0.,1.));
#2152 = PCURVE('',#964,#2153);
#2153 = DEFINITIONAL_REPRESENTATION('',(#2154),#2158);
#2154 = LINE('',#2155,#2156);
#2155 = CARTESIAN_POINT('',(0.,-3.));
#2156 = VECTOR('',#2157,1.);
#2157 = DIRECTION('',(1.,-0.));
#2158 = ( GEOMETRIC_REPRESENTATION_CONTEXT(2) 
PARAMETRIC_REPRESENTATION_CONTEXT() REPRESENTATION_CONTEXT('2D SPACE',''
  ) );
#2159 = PCURVE('',#2160,#2165);
#2160 = CYLINDRICAL_SURFACE('',#2161,5.);
#2161 = AXIS2_PLACEMENT_3D('',#2162,#2163,#2164);
#2162 = CARTESIAN_POINT('',(98.39218452154,-75.,-62.5));
#2163 = DIRECTION('',(1.,0.,-0.));
#2164 = DIRECTION('',(0.,0.,1.));
#2165 = DEFINITIONAL_REPRESENTATION('',(#2166),#2170);
#2166 = LINE('',#2167,#2168);
#2167 = CARTESIAN_POINT('',(0.,-1.79218452154));
#2168 = VECTOR('',#2169,1.);
#2169 = DIRECTION('',(1.,0.));
#2170 = ( GEOMETRIC_REPRESENTATION_CONTEXT(2) 
PARAMETRIC_REPRESENTATION_CONTEXT() REPRESENTATION_CONTEXT('2D SPACE',''
  ) );
#2171 = ORIENTED_EDGE('',*,*,#2124,.F.);
#2172 = ADVANCED_FACE('',(#2173),#1019,.F.);
#2173 = FACE_BOUND('',#2174,.T.);
#2174 = EDGE_LOOP('',(#2175,#2176,#2197,#2224));
#2175 = ORIENTED_EDGE('',*,*,#1004,.T.);
#2176 = ORIENTED_EDGE('',*,*,#2177,.T.);
#2177 = EDGE_CURVE('',#982,#2178,#2180,.T.);
#2178 = VERTEX_POINT('',#2179);
#2179 = CARTESIAN_POINT('',(96.6,-1.739161876891E-32,5.));
#2180 = SEAM_CURVE('',#2181,(#2185,#2191),.PCURVE_S1.);
#2181 = LINE('',#2182,#2183);
#2182 = CARTESIAN_POINT('',(99.6,2.350348339599E-31,8.));
#2183 = VECTOR('',#2184,1.);
#2184 = DIRECTION('',(-0.707106781187,-6.359672934757E-32,
    -0.707106781187));
#2185 = PCURVE('',#1019,#2186);
#2186 = DEFINITIONAL_REPRESENTATION('',(#2187),#2190);
#2187 = B_SPLINE_CURVE_WITH_KNOTS('',1,(#2188,#2189),.UNSPECIFIED.,.F.,
  .F.,(2,2),(0.,5.091168824543),.PIECEWISE_BEZIER_KNOTS.);
#2188 = CARTESIAN_POINT('',(0.,0.));
#2189 = CARTESIAN_POINT('',(0.,-3.6));
#2190 = ( GEOMETRIC_REPRESENTATION_CONTEXT(2) 
PARAMETRIC_REPRESENTATION_CONTEXT() REPRESENTATION_CONTEXT('2D SPACE',''
  ) );
#2191 = PCURVE('',#1019,#2192);
#2192 = DEFINITIONAL_REPRESENTATION('',(#2193),#2196);
#2193 = B_SPLINE_CURVE_WITH_KNOTS('',1,(#2194,#2195),.UNSPECIFIED.,.F.,
  .F.,(2,2),(0.,5.091168824543),.PIECEWISE_BEZIER_KNOTS.);
#2194 = CARTESIAN_POINT('',(6.28318530718,0.));
#2195 = CARTESIAN_POINT('',(6.28318530718,-3.6));
#2196 = ( GEOMETRIC_REPRESENTATION_CONTEXT(2) 
PARAMETRIC_REPRESENTATION_CONTEXT() REPRESENTATION_CONTEXT('2D SPACE',''
  ) );
#2197 = ORIENTED_EDGE('',*,*,#2198,.F.);
#2198 = EDGE_CURVE('',#2178,#2178,#2199,.T.);
#2199 = SURFACE_CURVE('',#2200,(#2205,#2212),.PCURVE_S1.);
#2200 = CIRCLE('',#2201,5.);
#2201 = AXIS2_PLACEMENT_3D('',#2202,#2203,#2204);
#2202 = CARTESIAN_POINT('',(96.6,-4.844800233674E-31,-1.071536062925E-30
    ));
#2203 = DIRECTION('',(1.,0.,-0.));
#2204 = DIRECTION('',(0.,0.,1.));
#2205 = PCURVE('',#1019,#2206);
#2206 = DEFINITIONAL_REPRESENTATION('',(#2207),#2211);
#2207 = LINE('',#2208,#2209);
#2208 = CARTESIAN_POINT('',(2.465190328816E-32,-3.));
#2209 = VECTOR('',#2210,1.);
#2210 = DIRECTION('',(1.,-0.));
#2211 = ( GEOMETRIC_REPRESENTATION_CONTEXT(2) 
PARAMETRIC_REPRESENTATION_CONTEXT() REPRESENTATION_CONTEXT('2D SPACE',''
  ) );
#2212 = PCURVE('',#2213,#2218);
#2213 = CYLINDRICAL_SURFACE('',#2214,5.);
#2214 = AXIS2_PLACEMENT_3D('',#2215,#2216,#2217);
#2215 = CARTESIAN_POINT('',(98.39218452154,0.,0.));
#2216 = DIRECTION('',(1.,0.,-0.));
#2217 = DIRECTION('',(0.,0.,1.));
#2218 = DEFINITIONAL_REPRESENTATION('',(#2219),#2223);
#2219 = LINE('',#2220,#2221);
#2220 = CARTESIAN_POINT('',(0.,-1.79218452154));
#2221 = VECTOR('',#2222,1.);
#2222 = DIRECTION('',(1.,0.));
#2223 = ( GEOMETRIC_REPRESENTATION_CONTEXT(2) 
PARAMETRIC_REPRESENTATION_CONTEXT() REPRESENTATION_CONTEXT('2D SPACE',''
  ) );
#2224 = ORIENTED_EDGE('',*,*,#2177,.F.);
#2225 = ADVANCED_FACE('',(#2226),#1074,.F.);
#2226 = FACE_BOUND('',#2227,.T.);
#2227 = EDGE_LOOP('',(#2228,#2229,#2250,#2277));
#2228 = ORIENTED_EDGE('',*,*,#1059,.T.);
#2229 = ORIENTED_EDGE('',*,*,#2230,.T.);
#2230 = EDGE_CURVE('',#1037,#2231,#2233,.T.);
#2231 = VERTEX_POINT('',#2232);
#2232 = CARTESIAN_POINT('',(96.6,-75.,67.5));
#2233 = SEAM_CURVE('',#2234,(#2238,#2244),.PCURVE_S1.);
#2234 = LINE('',#2235,#2236);
#2235 = CARTESIAN_POINT('',(99.6,-75.,70.5));
#2236 = VECTOR('',#2237,1.);
#2237 = DIRECTION('',(-0.707106781187,0.,-0.707106781187));
#2238 = PCURVE('',#1074,#2239);
#2239 = DEFINITIONAL_REPRESENTATION('',(#2240),#2243);
#2240 = B_SPLINE_CURVE_WITH_KNOTS('',1,(#2241,#2242),.UNSPECIFIED.,.F.,
  .F.,(2,2),(0.,5.091168824543),.PIECEWISE_BEZIER_KNOTS.);
#2241 = CARTESIAN_POINT('',(0.,0.));
#2242 = CARTESIAN_POINT('',(0.,-3.6));
#2243 = ( GEOMETRIC_REPRESENTATION_CONTEXT(2) 
PARAMETRIC_REPRESENTATION_CONTEXT() REPRESENTATION_CONTEXT('2D SPACE',''
  ) );
#2244 = PCURVE('',#1074,#2245);
#2245 = DEFINITIONAL_REPRESENTATION('',(#2246),#2249);
#2246 = B_SPLINE_CURVE_WITH_KNOTS('',1,(#2247,#2248),.UNSPECIFIED.,.F.,
  .F.,(2,2),(0.,5.091168824543),.PIECEWISE_BEZIER_KNOTS.);
#2247 = CARTESIAN_POINT('',(6.28318530718,0.));
#2248 = CARTESIAN_POINT('',(6.28318530718,-3.6));
#2249 = ( GEOMETRIC_REPRESENTATION_CONTEXT(2) 
PARAMETRIC_REPRESENTATION_CONTEXT() REPRESENTATION_CONTEXT('2D SPACE',''
  ) );
#2250 = ORIENTED_EDGE('',*,*,#2251,.F.);
#2251 = EDGE_CURVE('',#2231,#2231,#2252,.T.);
#2252 = SURFACE_CURVE('',#2253,(#2258,#2265),.PCURVE_S1.);
#2253 = CIRCLE('',#2254,5.);
#2254 = AXIS2_PLACEMENT_3D('',#2255,#2256,#2257);
#2255 = CARTESIAN_POINT('',(96.6,-75.,62.5));
#2256 = DIRECTION('',(1.,0.,-0.));
#2257 = DIRECTION('',(0.,0.,1.));
#2258 = PCURVE('',#1074,#2259);
#2259 = DEFINITIONAL_REPRESENTATION('',(#2260),#2264);
#2260 = LINE('',#2261,#2262);
#2261 = CARTESIAN_POINT('',(0.,-3.));
#2262 = VECTOR('',#2263,1.);
#2263 = DIRECTION('',(1.,-0.));
#2264 = ( GEOMETRIC_REPRESENTATION_CONTEXT(2) 
PARAMETRIC_REPRESENTATION_CONTEXT() REPRESENTATION_CONTEXT('2D SPACE',''
  ) );
#2265 = PCURVE('',#2266,#2271);
#2266 = CYLINDRICAL_SURFACE('',#2267,5.);
#2267 = AXIS2_PLACEMENT_3D('',#2268,#2269,#2270);
#2268 = CARTESIAN_POINT('',(98.39218452154,-75.,62.5));
#2269 = DIRECTION('',(1.,0.,-0.));
#2270 = DIRECTION('',(0.,0.,1.));
#2271 = DEFINITIONAL_REPRESENTATION('',(#2272),#2276);
#2272 = LINE('',#2273,#2274);
#2273 = CARTESIAN_POINT('',(0.,-1.79218452154));
#2274 = VECTOR('',#2275,1.);
#2275 = DIRECTION('',(1.,0.));
#2276 = ( GEOMETRIC_REPRESENTATION_CONTEXT(2) 
PARAMETRIC_REPRESENTATION_CONTEXT() REPRESENTATION_CONTEXT('2D SPACE',''
  ) );
#2277 = ORIENTED_EDGE('',*,*,#2230,.F.);
#2278 = ADVANCED_FACE('',(#2279),#1128,.F.);
#2279 = FACE_BOUND('',#2280,.F.);
#2280 = EDGE_LOOP('',(#2281,#2282,#2305,#2332));
#2281 = ORIENTED_EDGE('',*,*,#1113,.F.);
#2282 = ORIENTED_EDGE('',*,*,#2283,.T.);
#2283 = EDGE_CURVE('',#1093,#2284,#2286,.T.);
#2284 = VERTEX_POINT('',#2285);
#2285 = CARTESIAN_POINT('',(52.39218452154,75.,-57.5));
#2286 = SEAM_CURVE('',#2287,(#2291,#2298),.PCURVE_S1.);
#2287 = LINE('',#2288,#2289);
#2288 = CARTESIAN_POINT('',(98.39218452154,75.,-57.5));
#2289 = VECTOR('',#2290,1.);
#2290 = DIRECTION('',(-1.,-0.,-0.));
#2291 = PCURVE('',#1128,#2292);
#2292 = DEFINITIONAL_REPRESENTATION('',(#2293),#2297);
#2293 = LINE('',#2294,#2295);
#2294 = CARTESIAN_POINT('',(6.28318530718,0.));
#2295 = VECTOR('',#2296,1.);
#2296 = DIRECTION('',(0.,-1.));
#2297 = ( GEOMETRIC_REPRESENTATION_CONTEXT(2) 
PARAMETRIC_REPRESENTATION_CONTEXT() REPRESENTATION_CONTEXT('2D SPACE',''
  ) );
#2298 = PCURVE('',#1128,#2299);
#2299 = DEFINITIONAL_REPRESENTATION('',(#2300),#2304);
#2300 = LINE('',#2301,#2302);
#2301 = CARTESIAN_POINT('',(0.,0.));
#2302 = VECTOR('',#2303,1.);
#2303 = DIRECTION('',(0.,-1.));
#2304 = ( GEOMETRIC_REPRESENTATION_CONTEXT(2) 
PARAMETRIC_REPRESENTATION_CONTEXT() REPRESENTATION_CONTEXT('2D SPACE',''
  ) );
#2305 = ORIENTED_EDGE('',*,*,#2306,.T.);
#2306 = EDGE_CURVE('',#2284,#2284,#2307,.T.);
#2307 = SURFACE_CURVE('',#2308,(#2313,#2320),.PCURVE_S1.);
#2308 = CIRCLE('',#2309,5.);
#2309 = AXIS2_PLACEMENT_3D('',#2310,#2311,#2312);
#2310 = CARTESIAN_POINT('',(52.39218452154,75.,-62.5));
#2311 = DIRECTION('',(1.,0.,-0.));
#2312 = DIRECTION('',(0.,0.,1.));
#2313 = PCURVE('',#1128,#2314);
#2314 = DEFINITIONAL_REPRESENTATION('',(#2315),#2319);
#2315 = LINE('',#2316,#2317);
#2316 = CARTESIAN_POINT('',(0.,-46.));
#2317 = VECTOR('',#2318,1.);
#2318 = DIRECTION('',(1.,0.));
#2319 = ( GEOMETRIC_REPRESENTATION_CONTEXT(2) 
PARAMETRIC_REPRESENTATION_CONTEXT() REPRESENTATION_CONTEXT('2D SPACE',''
  ) );
#2320 = PCURVE('',#2321,#2326);
#2321 = PLANE('',#2322);
#2322 = AXIS2_PLACEMENT_3D('',#2323,#2324,#2325);
#2323 = CARTESIAN_POINT('',(52.39218452154,75.,-62.5));
#2324 = DIRECTION('',(1.,0.,6.731613057886E-31));
#2325 = DIRECTION('',(-6.731613057886E-31,0.,1.));
#2326 = DEFINITIONAL_REPRESENTATION('',(#2327),#2331);
#2327 = CIRCLE('',#2328,5.);
#2328 = AXIS2_PLACEMENT_2D('',#2329,#2330);
#2329 = CARTESIAN_POINT('',(0.,0.));
#2330 = DIRECTION('',(1.,0.));
#2331 = ( GEOMETRIC_REPRESENTATION_CONTEXT(2) 
PARAMETRIC_REPRESENTATION_CONTEXT() REPRESENTATION_CONTEXT('2D SPACE',''
  ) );
#2332 = ORIENTED_EDGE('',*,*,#2283,.F.);
#2333 = ADVANCED_FACE('',(#2334),#1798,.F.);
#2334 = FACE_BOUND('',#2335,.F.);
#2335 = EDGE_LOOP('',(#2336,#2337,#2360,#2387));
#2336 = ORIENTED_EDGE('',*,*,#1166,.F.);
#2337 = ORIENTED_EDGE('',*,*,#2338,.T.);
#2338 = EDGE_CURVE('',#1146,#2339,#2341,.T.);
#2339 = VERTEX_POINT('',#2340);
#2340 = CARTESIAN_POINT('',(52.39218452154,75.,67.5));
#2341 = SEAM_CURVE('',#2342,(#2346,#2353),.PCURVE_S1.);
#2342 = LINE('',#2343,#2344);
#2343 = CARTESIAN_POINT('',(98.39218452154,75.,67.5));
#2344 = VECTOR('',#2345,1.);
#2345 = DIRECTION('',(-1.,-0.,-0.));
#2346 = PCURVE('',#1798,#2347);
#2347 = DEFINITIONAL_REPRESENTATION('',(#2348),#2352);
#2348 = LINE('',#2349,#2350);
#2349 = CARTESIAN_POINT('',(6.28318530718,0.));
#2350 = VECTOR('',#2351,1.);
#2351 = DIRECTION('',(0.,-1.));
#2352 = ( GEOMETRIC_REPRESENTATION_CONTEXT(2) 
PARAMETRIC_REPRESENTATION_CONTEXT() REPRESENTATION_CONTEXT('2D SPACE',''
  ) );
#2353 = PCURVE('',#1798,#2354);
#2354 = DEFINITIONAL_REPRESENTATION('',(#2355),#2359);
#2355 = LINE('',#2356,#2357);
#2356 = CARTESIAN_POINT('',(0.,0.));
#2357 = VECTOR('',#2358,1.);
#2358 = DIRECTION('',(0.,-1.));
#2359 = ( GEOMETRIC_REPRESENTATION_CONTEXT(2) 
PARAMETRIC_REPRESENTATION_CONTEXT() REPRESENTATION_CONTEXT('2D SPACE',''
  ) );
#2360 = ORIENTED_EDGE('',*,*,#2361,.T.);
#2361 = EDGE_CURVE('',#2339,#2339,#2362,.T.);
#2362 = SURFACE_CURVE('',#2363,(#2368,#2375),.PCURVE_S1.);
#2363 = CIRCLE('',#2364,5.);
#2364 = AXIS2_PLACEMENT_3D('',#2365,#2366,#2367);
#2365 = CARTESIAN_POINT('',(52.39218452154,75.,62.5));
#2366 = DIRECTION('',(1.,0.,-0.));
#2367 = DIRECTION('',(0.,0.,1.));
#2368 = PCURVE('',#1798,#2369);
#2369 = DEFINITIONAL_REPRESENTATION('',(#2370),#2374);
#2370 = LINE('',#2371,#2372);
#2371 = CARTESIAN_POINT('',(0.,-46.));
#2372 = VECTOR('',#2373,1.);
#2373 = DIRECTION('',(1.,0.));
#2374 = ( GEOMETRIC_REPRESENTATION_CONTEXT(2) 
PARAMETRIC_REPRESENTATION_CONTEXT() REPRESENTATION_CONTEXT('2D SPACE',''
  ) );
#2375 = PCURVE('',#2376,#2381);
#2376 = PLANE('',#2377);
#2377 = AXIS2_PLACEMENT_3D('',#2378,#2379,#2380);
#2378 = CARTESIAN_POINT('',(52.39218452154,75.,62.5));
#2379 = DIRECTION('',(1.,0.,6.731613057886E-31));
#2380 = DIRECTION('',(-6.731613057886E-31,0.,1.));
#2381 = DEFINITIONAL_REPRESENTATION('',(#2382),#2386);
#2382 = CIRCLE('',#2383,5.);
#2383 = AXIS2_PLACEMENT_2D('',#2384,#2385);
#2384 = CARTESIAN_POINT('',(0.,0.));
#2385 = DIRECTION('',(1.,0.));
#2386 = ( GEOMETRIC_REPRESENTATION_CONTEXT(2) 
PARAMETRIC_REPRESENTATION_CONTEXT() REPRESENTATION_CONTEXT('2D SPACE',''
  ) );
#2387 = ORIENTED_EDGE('',*,*,#2338,.F.);
#2388 = ADVANCED_FACE('',(#2389),#2160,.F.);
#2389 = FACE_BOUND('',#2390,.F.);
#2390 = EDGE_LOOP('',(#2391,#2392,#2415,#2442));
#2391 = ORIENTED_EDGE('',*,*,#2145,.F.);
#2392 = ORIENTED_EDGE('',*,*,#2393,.T.);
#2393 = EDGE_CURVE('',#2125,#2394,#2396,.T.);
#2394 = VERTEX_POINT('',#2395);
#2395 = CARTESIAN_POINT('',(52.39218452154,-75.,-57.5));
#2396 = SEAM_CURVE('',#2397,(#2401,#2408),.PCURVE_S1.);
#2397 = LINE('',#2398,#2399);
#2398 = CARTESIAN_POINT('',(98.39218452154,-75.,-57.5));
#2399 = VECTOR('',#2400,1.);
#2400 = DIRECTION('',(-1.,-0.,-0.));
#2401 = PCURVE('',#2160,#2402);
#2402 = DEFINITIONAL_REPRESENTATION('',(#2403),#2407);
#2403 = LINE('',#2404,#2405);
#2404 = CARTESIAN_POINT('',(6.28318530718,0.));
#2405 = VECTOR('',#2406,1.);
#2406 = DIRECTION('',(0.,-1.));
#2407 = ( GEOMETRIC_REPRESENTATION_CONTEXT(2) 
PARAMETRIC_REPRESENTATION_CONTEXT() REPRESENTATION_CONTEXT('2D SPACE',''
  ) );
#2408 = PCURVE('',#2160,#2409);
#2409 = DEFINITIONAL_REPRESENTATION('',(#2410),#2414);
#2410 = LINE('',#2411,#2412);
#2411 = CARTESIAN_POINT('',(0.,0.));
#2412 = VECTOR('',#2413,1.);
#2413 = DIRECTION('',(0.,-1.));
#2414 = ( GEOMETRIC_REPRESENTATION_CONTEXT(2) 
PARAMETRIC_REPRESENTATION_CONTEXT() REPRESENTATION_CONTEXT('2D SPACE',''
  ) );
#2415 = ORIENTED_EDGE('',*,*,#2416,.T.);
#2416 = EDGE_CURVE('',#2394,#2394,#2417,.T.);
#2417 = SURFACE_CURVE('',#2418,(#2423,#2430),.PCURVE_S1.);
#2418 = CIRCLE('',#2419,5.);
#2419 = AXIS2_PLACEMENT_3D('',#2420,#2421,#2422);
#2420 = CARTESIAN_POINT('',(52.39218452154,-75.,-62.5));
#2421 = DIRECTION('',(1.,0.,-0.));
#2422 = DIRECTION('',(0.,0.,1.));
#2423 = PCURVE('',#2160,#2424);
#2424 = DEFINITIONAL_REPRESENTATION('',(#2425),#2429);
#2425 = LINE('',#2426,#2427);
#2426 = CARTESIAN_POINT('',(0.,-46.));
#2427 = VECTOR('',#2428,1.);
#2428 = DIRECTION('',(1.,0.));
#2429 = ( GEOMETRIC_REPRESENTATION_CONTEXT(2) 
PARAMETRIC_REPRESENTATION_CONTEXT() REPRESENTATION_CONTEXT('2D SPACE',''
  ) );
#2430 = PCURVE('',#2431,#2436);
#2431 = PLANE('',#2432);
#2432 = AXIS2_PLACEMENT_3D('',#2433,#2434,#2435);
#2433 = CARTESIAN_POINT('',(52.39218452154,-75.,-62.5));
#2434 = DIRECTION('',(1.,0.,-1.514612938024E-29));
#2435 = DIRECTION('',(1.514612938024E-29,0.,1.));
#2436 = DEFINITIONAL_REPRESENTATION('',(#2437),#2441);
#2437 = CIRCLE('',#2438,5.);
#2438 = AXIS2_PLACEMENT_2D('',#2439,#2440);
#2439 = CARTESIAN_POINT('',(1.42108547152E-14,0.));
#2440 = DIRECTION('',(1.,0.));
#2441 = ( GEOMETRIC_REPRESENTATION_CONTEXT(2) 
PARAMETRIC_REPRESENTATION_CONTEXT() REPRESENTATION_CONTEXT('2D SPACE',''
  ) );
#2442 = ORIENTED_EDGE('',*,*,#2393,.F.);
#2443 = ADVANCED_FACE('',(#2444),#2213,.F.);
#2444 = FACE_BOUND('',#2445,.F.);
#2445 = EDGE_LOOP('',(#2446,#2447,#2470,#2497));
#2446 = ORIENTED_EDGE('',*,*,#2198,.F.);
#2447 = ORIENTED_EDGE('',*,*,#2448,.T.);
#2448 = EDGE_CURVE('',#2178,#2449,#2451,.T.);
#2449 = VERTEX_POINT('',#2450);
#2450 = CARTESIAN_POINT('',(52.39218452154,0.,5.));
#2451 = SEAM_CURVE('',#2452,(#2456,#2463),.PCURVE_S1.);
#2452 = LINE('',#2453,#2454);
#2453 = CARTESIAN_POINT('',(98.39218452154,0.,5.));
#2454 = VECTOR('',#2455,1.);
#2455 = DIRECTION('',(-1.,-0.,-0.));
#2456 = PCURVE('',#2213,#2457);
#2457 = DEFINITIONAL_REPRESENTATION('',(#2458),#2462);
#2458 = LINE('',#2459,#2460);
#2459 = CARTESIAN_POINT('',(6.28318530718,0.));
#2460 = VECTOR('',#2461,1.);
#2461 = DIRECTION('',(0.,-1.));
#2462 = ( GEOMETRIC_REPRESENTATION_CONTEXT(2) 
PARAMETRIC_REPRESENTATION_CONTEXT() REPRESENTATION_CONTEXT('2D SPACE',''
  ) );
#2463 = PCURVE('',#2213,#2464);
#2464 = DEFINITIONAL_REPRESENTATION('',(#2465),#2469);
#2465 = LINE('',#2466,#2467);
#2466 = CARTESIAN_POINT('',(0.,0.));
#2467 = VECTOR('',#2468,1.);
#2468 = DIRECTION('',(0.,-1.));
#2469 = ( GEOMETRIC_REPRESENTATION_CONTEXT(2) 
PARAMETRIC_REPRESENTATION_CONTEXT() REPRESENTATION_CONTEXT('2D SPACE',''
  ) );
#2470 = ORIENTED_EDGE('',*,*,#2471,.T.);
#2471 = EDGE_CURVE('',#2449,#2449,#2472,.T.);
#2472 = SURFACE_CURVE('',#2473,(#2478,#2485),.PCURVE_S1.);
#2473 = CIRCLE('',#2474,5.);
#2474 = AXIS2_PLACEMENT_3D('',#2475,#2476,#2477);
#2475 = CARTESIAN_POINT('',(52.39218452154,0.,0.));
#2476 = DIRECTION('',(1.,0.,-0.));
#2477 = DIRECTION('',(0.,0.,1.));
#2478 = PCURVE('',#2213,#2479);
#2479 = DEFINITIONAL_REPRESENTATION('',(#2480),#2484);
#2480 = LINE('',#2481,#2482);
#2481 = CARTESIAN_POINT('',(0.,-46.));
#2482 = VECTOR('',#2483,1.);
#2483 = DIRECTION('',(1.,0.));
#2484 = ( GEOMETRIC_REPRESENTATION_CONTEXT(2) 
PARAMETRIC_REPRESENTATION_CONTEXT() REPRESENTATION_CONTEXT('2D SPACE',''
  ) );
#2485 = PCURVE('',#2486,#2491);
#2486 = PLANE('',#2487);
#2487 = AXIS2_PLACEMENT_3D('',#2488,#2489,#2490);
#2488 = CARTESIAN_POINT('',(52.39218452154,-3.428682531579E-16,
    -2.734880265079E-16));
#2489 = DIRECTION('',(1.,-3.761515901592E-31,-2.189528850508E-47));
#2490 = DIRECTION('',(3.761515901592E-31,1.,0.));
#2491 = DEFINITIONAL_REPRESENTATION('',(#2492),#2496);
#2492 = CIRCLE('',#2493,5.);
#2493 = AXIS2_PLACEMENT_2D('',#2494,#2495);
#2494 = CARTESIAN_POINT('',(3.428682531579E-16,2.734880265079E-16));
#2495 = DIRECTION('',(0.,1.));
#2496 = ( GEOMETRIC_REPRESENTATION_CONTEXT(2) 
PARAMETRIC_REPRESENTATION_CONTEXT() REPRESENTATION_CONTEXT('2D SPACE',''
  ) );
#2497 = ORIENTED_EDGE('',*,*,#2448,.F.);
#2498 = ADVANCED_FACE('',(#2499),#2266,.F.);
#2499 = FACE_BOUND('',#2500,.F.);
#2500 = EDGE_LOOP('',(#2501,#2502,#2525,#2552));
#2501 = ORIENTED_EDGE('',*,*,#2251,.F.);
#2502 = ORIENTED_EDGE('',*,*,#2503,.T.);
#2503 = EDGE_CURVE('',#2231,#2504,#2506,.T.);
#2504 = VERTEX_POINT('',#2505);
#2505 = CARTESIAN_POINT('',(52.39218452154,-75.,67.5));
#2506 = SEAM_CURVE('',#2507,(#2511,#2518),.PCURVE_S1.);
#2507 = LINE('',#2508,#2509);
#2508 = CARTESIAN_POINT('',(98.39218452154,-75.,67.5));
#2509 = VECTOR('',#2510,1.);
#2510 = DIRECTION('',(-1.,-0.,-0.));
#2511 = PCURVE('',#2266,#2512);
#2512 = DEFINITIONAL_REPRESENTATION('',(#2513),#2517);
#2513 = LINE('',#2514,#2515);
#2514 = CARTESIAN_POINT('',(6.28318530718,0.));
#2515 = VECTOR('',#2516,1.);
#2516 = DIRECTION('',(0.,-1.));
#2517 = ( GEOMETRIC_REPRESENTATION_CONTEXT(2) 
PARAMETRIC_REPRESENTATION_CONTEXT() REPRESENTATION_CONTEXT('2D SPACE',''
  ) );
#2518 = PCURVE('',#2266,#2519);
#2519 = DEFINITIONAL_REPRESENTATION('',(#2520),#2524);
#2520 = LINE('',#2521,#2522);
#2521 = CARTESIAN_POINT('',(0.,0.));
#2522 = VECTOR('',#2523,1.);
#2523 = DIRECTION('',(0.,-1.));
#2524 = ( GEOMETRIC_REPRESENTATION_CONTEXT(2) 
PARAMETRIC_REPRESENTATION_CONTEXT() REPRESENTATION_CONTEXT('2D SPACE',''
  ) );
#2525 = ORIENTED_EDGE('',*,*,#2526,.T.);
#2526 = EDGE_CURVE('',#2504,#2504,#2527,.T.);
#2527 = SURFACE_CURVE('',#2528,(#2533,#2540),.PCURVE_S1.);
#2528 = CIRCLE('',#2529,5.);
#2529 = AXIS2_PLACEMENT_3D('',#2530,#2531,#2532);
#2530 = CARTESIAN_POINT('',(52.39218452154,-75.,62.5));
#2531 = DIRECTION('',(1.,0.,-0.));
#2532 = DIRECTION('',(0.,0.,1.));
#2533 = PCURVE('',#2266,#2534);
#2534 = DEFINITIONAL_REPRESENTATION('',(#2535),#2539);
#2535 = LINE('',#2536,#2537);
#2536 = CARTESIAN_POINT('',(0.,-46.));
#2537 = VECTOR('',#2538,1.);
#2538 = DIRECTION('',(1.,0.));
#2539 = ( GEOMETRIC_REPRESENTATION_CONTEXT(2) 
PARAMETRIC_REPRESENTATION_CONTEXT() REPRESENTATION_CONTEXT('2D SPACE',''
  ) );
#2540 = PCURVE('',#2541,#2546);
#2541 = PLANE('',#2542);
#2542 = AXIS2_PLACEMENT_3D('',#2543,#2544,#2545);
#2543 = CARTESIAN_POINT('',(52.39218452154,-75.,62.5));
#2544 = DIRECTION('',(1.,0.,6.731613057886E-31));
#2545 = DIRECTION('',(-6.731613057886E-31,0.,1.));
#2546 = DEFINITIONAL_REPRESENTATION('',(#2547),#2551);
#2547 = CIRCLE('',#2548,5.);
#2548 = AXIS2_PLACEMENT_2D('',#2549,#2550);
#2549 = CARTESIAN_POINT('',(0.,0.));
#2550 = DIRECTION('',(1.,0.));
#2551 = ( GEOMETRIC_REPRESENTATION_CONTEXT(2) 
PARAMETRIC_REPRESENTATION_CONTEXT() REPRESENTATION_CONTEXT('2D SPACE',''
  ) );
#2552 = ORIENTED_EDGE('',*,*,#2503,.F.);
#2553 = ADVANCED_FACE('',(#2554),#2321,.T.);
#2554 = FACE_BOUND('',#2555,.T.);
#2555 = EDGE_LOOP('',(#2556));
#2556 = ORIENTED_EDGE('',*,*,#2306,.T.);
#2557 = ADVANCED_FACE('',(#2558),#2376,.T.);
#2558 = FACE_BOUND('',#2559,.T.);
#2559 = EDGE_LOOP('',(#2560));
#2560 = ORIENTED_EDGE('',*,*,#2361,.T.);
#2561 = ADVANCED_FACE('',(#2562),#2431,.T.);
#2562 = FACE_BOUND('',#2563,.T.);
#2563 = EDGE_LOOP('',(#2564));
#2564 = ORIENTED_EDGE('',*,*,#2416,.T.);
#2565 = ADVANCED_FACE('',(#2566),#2486,.T.);
#2566 = FACE_BOUND('',#2567,.T.);
#2567 = EDGE_LOOP('',(#2568));
#2568 = ORIENTED_EDGE('',*,*,#2471,.T.);
#2569 = ADVANCED_FACE('',(#2570),#2541,.T.);
#2570 = FACE_BOUND('',#2571,.T.);
#2571 = EDGE_LOOP('',(#2572));
#2572 = ORIENTED_EDGE('',*,*,#2526,.T.);
#2573 = MANIFOLD_SOLID_BREP('PartBody',#2574);
#2574 = CLOSED_SHELL('',(#2575,#2695,#2771,#2849,#2920,#2967,#2975));
#2575 = ADVANCED_FACE('',(#2576),#2590,.F.);
#2576 = FACE_BOUND('',#2577,.F.);
#2577 = EDGE_LOOP('',(#2578,#2613,#2641,#2669));
#2578 = ORIENTED_EDGE('',*,*,#2579,.T.);
#2579 = EDGE_CURVE('',#2580,#2582,#2584,.T.);
#2580 = VERTEX_POINT('',#2581);
#2581 = CARTESIAN_POINT('',(-99.99998777771,-0.,-1.017190556405E-06));
#2582 = VERTEX_POINT('',#2583);
#2583 = CARTESIAN_POINT('',(-99.99998777771,-72.,-1.017190556405E-06));
#2584 = SURFACE_CURVE('',#2585,(#2589,#2601),.PCURVE_S1.);
#2585 = LINE('',#2586,#2587);
#2586 = CARTESIAN_POINT('',(-99.99998777771,-0.,-1.017190556405E-06));
#2587 = VECTOR('',#2588,1.);
#2588 = DIRECTION('',(-0.,-1.,-0.));
#2589 = PCURVE('',#2590,#2595);
#2590 = PLANE('',#2591);
#2591 = AXIS2_PLACEMENT_3D('',#2592,#2593,#2594);
#2592 = CARTESIAN_POINT('',(-99.99998777771,0.,-1.017190556405E-06));
#2593 = DIRECTION('',(-1.,0.,0.));
#2594 = DIRECTION('',(0.,0.,1.));
#2595 = DEFINITIONAL_REPRESENTATION('',(#2596),#2600);
#2596 = LINE('',#2597,#2598);
#2597 = CARTESIAN_POINT('',(0.,0.));
#2598 = VECTOR('',#2599,1.);
#2599 = DIRECTION('',(0.,-1.));
#2600 = ( GEOMETRIC_REPRESENTATION_CONTEXT(2) 
PARAMETRIC_REPRESENTATION_CONTEXT() REPRESENTATION_CONTEXT('2D SPACE',''
  ) );
#2601 = PCURVE('',#2602,#2607);
#2602 = PLANE('',#2603);
#2603 = AXIS2_PLACEMENT_3D('',#2604,#2605,#2606);
#2604 = CARTESIAN_POINT('',(-100.,0.,-100.));
#2605 = DIRECTION('',(-1.,0.,1.222228172173E-07));
#2606 = DIRECTION('',(1.222228172173E-07,0.,1.));
#2607 = DEFINITIONAL_REPRESENTATION('',(#2608),#2612);
#2608 = LINE('',#2609,#2610);
#2609 = CARTESIAN_POINT('',(99.99999898281,0.));
#2610 = VECTOR('',#2611,1.);
#2611 = DIRECTION('',(0.,-1.));
#2612 = ( GEOMETRIC_REPRESENTATION_CONTEXT(2) 
PARAMETRIC_REPRESENTATION_CONTEXT() REPRESENTATION_CONTEXT('2D SPACE',''
  ) );
#2613 = ORIENTED_EDGE('',*,*,#2614,.T.);
#2614 = EDGE_CURVE('',#2582,#2615,#2617,.T.);
#2615 = VERTEX_POINT('',#2616);
#2616 = CARTESIAN_POINT('',(-99.99998777771,-72.,99.999998982809));
#2617 = SURFACE_CURVE('',#2618,(#2622,#2629),.PCURVE_S1.);
#2618 = LINE('',#2619,#2620);
#2619 = CARTESIAN_POINT('',(-99.99998777771,-72.,-1.017190556405E-06));
#2620 = VECTOR('',#2621,1.);
#2621 = DIRECTION('',(0.,0.,1.));
#2622 = PCURVE('',#2590,#2623);
#2623 = DEFINITIONAL_REPRESENTATION('',(#2624),#2628);
#2624 = LINE('',#2625,#2626);
#2625 = CARTESIAN_POINT('',(0.,-72.));
#2626 = VECTOR('',#2627,1.);
#2627 = DIRECTION('',(1.,0.));
#2628 = ( GEOMETRIC_REPRESENTATION_CONTEXT(2) 
PARAMETRIC_REPRESENTATION_CONTEXT() REPRESENTATION_CONTEXT('2D SPACE',''
  ) );
#2629 = PCURVE('',#2630,#2635);
#2630 = PLANE('',#2631);
#2631 = AXIS2_PLACEMENT_3D('',#2632,#2633,#2634);
#2632 = CARTESIAN_POINT('',(-228.1396348832,-72.,3.528996382317E-05));
#2633 = DIRECTION('',(-0.,-1.,-0.));
#2634 = DIRECTION('',(0.,0.,-1.));
#2635 = DEFINITIONAL_REPRESENTATION('',(#2636),#2640);
#2636 = LINE('',#2637,#2638);
#2637 = CARTESIAN_POINT('',(3.630715437957E-05,128.13964710553));
#2638 = VECTOR('',#2639,1.);
#2639 = DIRECTION('',(-1.,0.));
#2640 = ( GEOMETRIC_REPRESENTATION_CONTEXT(2) 
PARAMETRIC_REPRESENTATION_CONTEXT() REPRESENTATION_CONTEXT('2D SPACE',''
  ) );
#2641 = ORIENTED_EDGE('',*,*,#2642,.F.);
#2642 = EDGE_CURVE('',#2643,#2615,#2645,.T.);
#2643 = VERTEX_POINT('',#2644);
#2644 = CARTESIAN_POINT('',(-99.99998777771,0.,99.999998982809));
#2645 = SURFACE_CURVE('',#2646,(#2650,#2657),.PCURVE_S1.);
#2646 = LINE('',#2647,#2648);
#2647 = CARTESIAN_POINT('',(-99.99998777771,0.,99.999998982809));
#2648 = VECTOR('',#2649,1.);
#2649 = DIRECTION('',(-0.,-1.,-0.));
#2650 = PCURVE('',#2590,#2651);
#2651 = DEFINITIONAL_REPRESENTATION('',(#2652),#2656);
#2652 = LINE('',#2653,#2654);
#2653 = CARTESIAN_POINT('',(100.,0.));
#2654 = VECTOR('',#2655,1.);
#2655 = DIRECTION('',(0.,-1.));
#2656 = ( GEOMETRIC_REPRESENTATION_CONTEXT(2) 
PARAMETRIC_REPRESENTATION_CONTEXT() REPRESENTATION_CONTEXT('2D SPACE',''
  ) );
#2657 = PCURVE('',#2658,#2663);
#2658 = PLANE('',#2659);
#2659 = AXIS2_PLACEMENT_3D('',#2660,#2661,#2662);
#2660 = CARTESIAN_POINT('',(-99.99998777771,0.,99.999998982809));
#2661 = DIRECTION('',(8.776530078395E-02,0.,-0.996141180746));
#2662 = DIRECTION('',(-0.996141180746,0.,-8.776530078395E-02));
#2663 = DEFINITIONAL_REPRESENTATION('',(#2664),#2668);
#2664 = LINE('',#2665,#2666);
#2665 = CARTESIAN_POINT('',(0.,0.));
#2666 = VECTOR('',#2667,1.);
#2667 = DIRECTION('',(0.,-1.));
#2668 = ( GEOMETRIC_REPRESENTATION_CONTEXT(2) 
PARAMETRIC_REPRESENTATION_CONTEXT() REPRESENTATION_CONTEXT('2D SPACE',''
  ) );
#2669 = ORIENTED_EDGE('',*,*,#2670,.F.);
#2670 = EDGE_CURVE('',#2580,#2643,#2671,.T.);
#2671 = SURFACE_CURVE('',#2672,(#2676,#2683),.PCURVE_S1.);
#2672 = LINE('',#2673,#2674);
#2673 = CARTESIAN_POINT('',(-99.99998777771,-0.,-1.017190556405E-06));
#2674 = VECTOR('',#2675,1.);
#2675 = DIRECTION('',(0.,0.,1.));
#2676 = PCURVE('',#2590,#2677);
#2677 = DEFINITIONAL_REPRESENTATION('',(#2678),#2682);
#2678 = LINE('',#2679,#2680);
#2679 = CARTESIAN_POINT('',(0.,0.));
#2680 = VECTOR('',#2681,1.);
#2681 = DIRECTION('',(1.,0.));
#2682 = ( GEOMETRIC_REPRESENTATION_CONTEXT(2) 
PARAMETRIC_REPRESENTATION_CONTEXT() REPRESENTATION_CONTEXT('2D SPACE',''
  ) );
#2683 = PCURVE('',#2684,#2689);
#2684 = PLANE('',#2685);
#2685 = AXIS2_PLACEMENT_3D('',#2686,#2687,#2688);
#2686 = CARTESIAN_POINT('',(-228.1396348832,0.,3.528996382317E-05));
#2687 = DIRECTION('',(-0.,-1.,-0.));
#2688 = DIRECTION('',(0.,0.,-1.));
#2689 = DEFINITIONAL_REPRESENTATION('',(#2690),#2694);
#2690 = LINE('',#2691,#2692);
#2691 = CARTESIAN_POINT('',(3.630715437957E-05,128.13964710553));
#2692 = VECTOR('',#2693,1.);
#2693 = DIRECTION('',(-1.,0.));
#2694 = ( GEOMETRIC_REPRESENTATION_CONTEXT(2) 
PARAMETRIC_REPRESENTATION_CONTEXT() REPRESENTATION_CONTEXT('2D SPACE',''
  ) );
#2695 = ADVANCED_FACE('',(#2696),#2658,.F.);
#2696 = FACE_BOUND('',#2697,.F.);
#2697 = EDGE_LOOP('',(#2698,#2699,#2722,#2750));
#2698 = ORIENTED_EDGE('',*,*,#2642,.T.);
#2699 = ORIENTED_EDGE('',*,*,#2700,.T.);
#2700 = EDGE_CURVE('',#2615,#2701,#2703,.T.);
#2701 = VERTEX_POINT('',#2702);
#2702 = CARTESIAN_POINT('',(-327.,-72.,80.00009863161));
#2703 = SURFACE_CURVE('',#2704,(#2708,#2715),.PCURVE_S1.);
#2704 = LINE('',#2705,#2706);
#2705 = CARTESIAN_POINT('',(-99.99998777771,-72.,99.999998982809));
#2706 = VECTOR('',#2707,1.);
#2707 = DIRECTION('',(-0.996141180746,0.,-8.776530078395E-02));
#2708 = PCURVE('',#2658,#2709);
#2709 = DEFINITIONAL_REPRESENTATION('',(#2710),#2714);
#2710 = LINE('',#2711,#2712);
#2711 = CARTESIAN_POINT('',(-0.,-72.));
#2712 = VECTOR('',#2713,1.);
#2713 = DIRECTION('',(1.,0.));
#2714 = ( GEOMETRIC_REPRESENTATION_CONTEXT(2) 
PARAMETRIC_REPRESENTATION_CONTEXT() REPRESENTATION_CONTEXT('2D SPACE',''
  ) );
#2715 = PCURVE('',#2630,#2716);
#2716 = DEFINITIONAL_REPRESENTATION('',(#2717),#2721);
#2717 = LINE('',#2718,#2719);
#2718 = CARTESIAN_POINT('',(-99.99996369284,128.13964710553));
#2719 = VECTOR('',#2720,1.);
#2720 = DIRECTION('',(8.776530078395E-02,-0.996141180746));
#2721 = ( GEOMETRIC_REPRESENTATION_CONTEXT(2) 
PARAMETRIC_REPRESENTATION_CONTEXT() REPRESENTATION_CONTEXT('2D SPACE',''
  ) );
#2722 = ORIENTED_EDGE('',*,*,#2723,.F.);
#2723 = EDGE_CURVE('',#2724,#2701,#2726,.T.);
#2724 = VERTEX_POINT('',#2725);
#2725 = CARTESIAN_POINT('',(-327.,0.,80.00009863161));
#2726 = SURFACE_CURVE('',#2727,(#2731,#2738),.PCURVE_S1.);
#2727 = LINE('',#2728,#2729);
#2728 = CARTESIAN_POINT('',(-327.,0.,80.00009863161));
#2729 = VECTOR('',#2730,1.);
#2730 = DIRECTION('',(-0.,-1.,-0.));
#2731 = PCURVE('',#2658,#2732);
#2732 = DEFINITIONAL_REPRESENTATION('',(#2733),#2737);
#2733 = LINE('',#2734,#2735);
#2734 = CARTESIAN_POINT('',(227.87935747446,0.));
#2735 = VECTOR('',#2736,1.);
#2736 = DIRECTION('',(0.,-1.));
#2737 = ( GEOMETRIC_REPRESENTATION_CONTEXT(2) 
PARAMETRIC_REPRESENTATION_CONTEXT() REPRESENTATION_CONTEXT('2D SPACE',''
  ) );
#2738 = PCURVE('',#2739,#2744);
#2739 = CYLINDRICAL_SURFACE('',#2740,80.309931310698);
#2740 = AXIS2_PLACEMENT_3D('',#2741,#2742,#2743);
#2741 = CARTESIAN_POINT('',(-319.9515747225,0.,6.883013073424E-05));
#2742 = DIRECTION('',(0.,1.,-0.));
#2743 = DIRECTION('',(-8.776530078395E-02,0.,0.996141180746));
#2744 = DEFINITIONAL_REPRESENTATION('',(#2745),#2749);
#2745 = LINE('',#2746,#2747);
#2746 = CARTESIAN_POINT('',(-4.163336342344E-17,0.));
#2747 = VECTOR('',#2748,1.);
#2748 = DIRECTION('',(-0.,-1.));
#2749 = ( GEOMETRIC_REPRESENTATION_CONTEXT(2) 
PARAMETRIC_REPRESENTATION_CONTEXT() REPRESENTATION_CONTEXT('2D SPACE',''
  ) );
#2750 = ORIENTED_EDGE('',*,*,#2751,.F.);
#2751 = EDGE_CURVE('',#2643,#2724,#2752,.T.);
#2752 = SURFACE_CURVE('',#2753,(#2757,#2764),.PCURVE_S1.);
#2753 = LINE('',#2754,#2755);
#2754 = CARTESIAN_POINT('',(-99.99998777771,0.,99.999998982809));
#2755 = VECTOR('',#2756,1.);
#2756 = DIRECTION('',(-0.996141180746,0.,-8.776530078395E-02));
#2757 = PCURVE('',#2658,#2758);
#2758 = DEFINITIONAL_REPRESENTATION('',(#2759),#2763);
#2759 = LINE('',#2760,#2761);
#2760 = CARTESIAN_POINT('',(0.,0.));
#2761 = VECTOR('',#2762,1.);
#2762 = DIRECTION('',(1.,0.));
#2763 = ( GEOMETRIC_REPRESENTATION_CONTEXT(2) 
PARAMETRIC_REPRESENTATION_CONTEXT() REPRESENTATION_CONTEXT('2D SPACE',''
  ) );
#2764 = PCURVE('',#2684,#2765);
#2765 = DEFINITIONAL_REPRESENTATION('',(#2766),#2770);
#2766 = LINE('',#2767,#2768);
#2767 = CARTESIAN_POINT('',(-99.99996369284,128.13964710553));
#2768 = VECTOR('',#2769,1.);
#2769 = DIRECTION('',(8.776530078395E-02,-0.996141180746));
#2770 = ( GEOMETRIC_REPRESENTATION_CONTEXT(2) 
PARAMETRIC_REPRESENTATION_CONTEXT() REPRESENTATION_CONTEXT('2D SPACE',''
  ) );
#2771 = ADVANCED_FACE('',(#2772),#2739,.T.);
#2772 = FACE_BOUND('',#2773,.F.);
#2773 = EDGE_LOOP('',(#2774,#2775,#2799,#2827));
#2774 = ORIENTED_EDGE('',*,*,#2723,.T.);
#2775 = ORIENTED_EDGE('',*,*,#2776,.T.);
#2776 = EDGE_CURVE('',#2701,#2777,#2779,.T.);
#2777 = VERTEX_POINT('',#2778);
#2778 = CARTESIAN_POINT('',(-326.9999993167,-72.,-79.99996103154));
#2779 = SURFACE_CURVE('',#2780,(#2785,#2792),.PCURVE_S1.);
#2780 = CIRCLE('',#2781,80.309931310698);
#2781 = AXIS2_PLACEMENT_3D('',#2782,#2783,#2784);
#2782 = CARTESIAN_POINT('',(-319.9515747225,-72.,6.883013073424E-05));
#2783 = DIRECTION('',(-0.,-1.,0.));
#2784 = DIRECTION('',(-8.776530078395E-02,0.,0.996141180746));
#2785 = PCURVE('',#2739,#2786);
#2786 = DEFINITIONAL_REPRESENTATION('',(#2787),#2791);
#2787 = LINE('',#2788,#2789);
#2788 = CARTESIAN_POINT('',(-0.,-72.));
#2789 = VECTOR('',#2790,1.);
#2790 = DIRECTION('',(-1.,0.));
#2791 = ( GEOMETRIC_REPRESENTATION_CONTEXT(2) 
PARAMETRIC_REPRESENTATION_CONTEXT() REPRESENTATION_CONTEXT('2D SPACE',''
  ) );
#2792 = PCURVE('',#2630,#2793);
#2793 = DEFINITIONAL_REPRESENTATION('',(#2794),#2798);
#2794 = CIRCLE('',#2795,80.309931310698);
#2795 = AXIS2_PLACEMENT_2D('',#2796,#2797);
#2796 = CARTESIAN_POINT('',(-3.354016691107E-05,-91.81193983932));
#2797 = DIRECTION('',(-0.996141180746,-8.776530078395E-02));
#2798 = ( GEOMETRIC_REPRESENTATION_CONTEXT(2) 
PARAMETRIC_REPRESENTATION_CONTEXT() REPRESENTATION_CONTEXT('2D SPACE',''
  ) );
#2799 = ORIENTED_EDGE('',*,*,#2800,.F.);
#2800 = EDGE_CURVE('',#2801,#2777,#2803,.T.);
#2801 = VERTEX_POINT('',#2802);
#2802 = CARTESIAN_POINT('',(-326.9999993167,0.,-79.99996103154));
#2803 = SURFACE_CURVE('',#2804,(#2808,#2815),.PCURVE_S1.);
#2804 = LINE('',#2805,#2806);
#2805 = CARTESIAN_POINT('',(-326.9999993167,0.,-79.99996103154));
#2806 = VECTOR('',#2807,1.);
#2807 = DIRECTION('',(-0.,-1.,-0.));
#2808 = PCURVE('',#2739,#2809);
#2809 = DEFINITIONAL_REPRESENTATION('',(#2810),#2814);
#2810 = LINE('',#2811,#2812);
#2811 = CARTESIAN_POINT('',(-2.965835931199,0.));
#2812 = VECTOR('',#2813,1.);
#2813 = DIRECTION('',(-0.,-1.));
#2814 = ( GEOMETRIC_REPRESENTATION_CONTEXT(2) 
PARAMETRIC_REPRESENTATION_CONTEXT() REPRESENTATION_CONTEXT('2D SPACE',''
  ) );
#2815 = PCURVE('',#2816,#2821);
#2816 = PLANE('',#2817);
#2817 = AXIS2_PLACEMENT_3D('',#2818,#2819,#2820);
#2818 = CARTESIAN_POINT('',(-326.9999993167,0.,-79.99996103154));
#2819 = DIRECTION('',(8.776590934194E-02,-0.,0.996141127129));
#2820 = DIRECTION('',(0.996141127129,-0.,-8.776590934194E-02));
#2821 = DEFINITIONAL_REPRESENTATION('',(#2822),#2826);
#2822 = LINE('',#2823,#2824);
#2823 = CARTESIAN_POINT('',(0.,0.));
#2824 = VECTOR('',#2825,1.);
#2825 = DIRECTION('',(0.,-1.));
#2826 = ( GEOMETRIC_REPRESENTATION_CONTEXT(2) 
PARAMETRIC_REPRESENTATION_CONTEXT() REPRESENTATION_CONTEXT('2D SPACE',''
  ) );
#2827 = ORIENTED_EDGE('',*,*,#2828,.F.);
#2828 = EDGE_CURVE('',#2724,#2801,#2829,.T.);
#2829 = SURFACE_CURVE('',#2830,(#2835,#2842),.PCURVE_S1.);
#2830 = CIRCLE('',#2831,80.309931310698);
#2831 = AXIS2_PLACEMENT_3D('',#2832,#2833,#2834);
#2832 = CARTESIAN_POINT('',(-319.9515747225,0.,6.883013073424E-05));
#2833 = DIRECTION('',(-0.,-1.,0.));
#2834 = DIRECTION('',(-8.776530078395E-02,0.,0.996141180746));
#2835 = PCURVE('',#2739,#2836);
#2836 = DEFINITIONAL_REPRESENTATION('',(#2837),#2841);
#2837 = LINE('',#2838,#2839);
#2838 = CARTESIAN_POINT('',(-0.,0.));
#2839 = VECTOR('',#2840,1.);
#2840 = DIRECTION('',(-1.,0.));
#2841 = ( GEOMETRIC_REPRESENTATION_CONTEXT(2) 
PARAMETRIC_REPRESENTATION_CONTEXT() REPRESENTATION_CONTEXT('2D SPACE',''
  ) );
#2842 = PCURVE('',#2684,#2843);
#2843 = DEFINITIONAL_REPRESENTATION('',(#2844),#2848);
#2844 = CIRCLE('',#2845,80.309931310698);
#2845 = AXIS2_PLACEMENT_2D('',#2846,#2847);
#2846 = CARTESIAN_POINT('',(-3.354016691107E-05,-91.81193983932));
#2847 = DIRECTION('',(-0.996141180746,-8.776530078395E-02));
#2848 = ( GEOMETRIC_REPRESENTATION_CONTEXT(2) 
PARAMETRIC_REPRESENTATION_CONTEXT() REPRESENTATION_CONTEXT('2D SPACE',''
  ) );
#2849 = ADVANCED_FACE('',(#2850),#2816,.F.);
#2850 = FACE_BOUND('',#2851,.F.);
#2851 = EDGE_LOOP('',(#2852,#2853,#2876,#2899));
#2852 = ORIENTED_EDGE('',*,*,#2800,.T.);
#2853 = ORIENTED_EDGE('',*,*,#2854,.T.);
#2854 = EDGE_CURVE('',#2777,#2855,#2857,.T.);
#2855 = VERTEX_POINT('',#2856);
#2856 = CARTESIAN_POINT('',(-100.,-72.,-100.));
#2857 = SURFACE_CURVE('',#2858,(#2862,#2869),.PCURVE_S1.);
#2858 = LINE('',#2859,#2860);
#2859 = CARTESIAN_POINT('',(-326.9999993167,-72.,-79.99996103154));
#2860 = VECTOR('',#2861,1.);
#2861 = DIRECTION('',(0.996141127129,-0.,-8.776590934194E-02));
#2862 = PCURVE('',#2816,#2863);
#2863 = DEFINITIONAL_REPRESENTATION('',(#2864),#2868);
#2864 = LINE('',#2865,#2866);
#2865 = CARTESIAN_POINT('',(0.,-72.));
#2866 = VECTOR('',#2867,1.);
#2867 = DIRECTION('',(1.,0.));
#2868 = ( GEOMETRIC_REPRESENTATION_CONTEXT(2) 
PARAMETRIC_REPRESENTATION_CONTEXT() REPRESENTATION_CONTEXT('2D SPACE',''
  ) );
#2869 = PCURVE('',#2630,#2870);
#2870 = DEFINITIONAL_REPRESENTATION('',(#2871),#2875);
#2871 = LINE('',#2872,#2873);
#2872 = CARTESIAN_POINT('',(79.999996321511,-98.86036443349));
#2873 = VECTOR('',#2874,1.);
#2874 = DIRECTION('',(8.776590934194E-02,0.996141127129));
#2875 = ( GEOMETRIC_REPRESENTATION_CONTEXT(2) 
PARAMETRIC_REPRESENTATION_CONTEXT() REPRESENTATION_CONTEXT('2D SPACE',''
  ) );
#2876 = ORIENTED_EDGE('',*,*,#2877,.F.);
#2877 = EDGE_CURVE('',#2878,#2855,#2880,.T.);
#2878 = VERTEX_POINT('',#2879);
#2879 = CARTESIAN_POINT('',(-100.,0.,-100.));
#2880 = SURFACE_CURVE('',#2881,(#2885,#2892),.PCURVE_S1.);
#2881 = LINE('',#2882,#2883);
#2882 = CARTESIAN_POINT('',(-100.,0.,-100.));
#2883 = VECTOR('',#2884,1.);
#2884 = DIRECTION('',(-0.,-1.,-0.));
#2885 = PCURVE('',#2816,#2886);
#2886 = DEFINITIONAL_REPRESENTATION('',(#2887),#2891);
#2887 = LINE('',#2888,#2889);
#2888 = CARTESIAN_POINT('',(227.87935678455,0.));
#2889 = VECTOR('',#2890,1.);
#2890 = DIRECTION('',(0.,-1.));
#2891 = ( GEOMETRIC_REPRESENTATION_CONTEXT(2) 
PARAMETRIC_REPRESENTATION_CONTEXT() REPRESENTATION_CONTEXT('2D SPACE',''
  ) );
#2892 = PCURVE('',#2602,#2893);
#2893 = DEFINITIONAL_REPRESENTATION('',(#2894),#2898);
#2894 = LINE('',#2895,#2896);
#2895 = CARTESIAN_POINT('',(0.,0.));
#2896 = VECTOR('',#2897,1.);
#2897 = DIRECTION('',(0.,-1.));
#2898 = ( GEOMETRIC_REPRESENTATION_CONTEXT(2) 
PARAMETRIC_REPRESENTATION_CONTEXT() REPRESENTATION_CONTEXT('2D SPACE',''
  ) );
#2899 = ORIENTED_EDGE('',*,*,#2900,.F.);
#2900 = EDGE_CURVE('',#2801,#2878,#2901,.T.);
#2901 = SURFACE_CURVE('',#2902,(#2906,#2913),.PCURVE_S1.);
#2902 = LINE('',#2903,#2904);
#2903 = CARTESIAN_POINT('',(-326.9999993167,0.,-79.99996103154));
#2904 = VECTOR('',#2905,1.);
#2905 = DIRECTION('',(0.996141127129,-0.,-8.776590934194E-02));
#2906 = PCURVE('',#2816,#2907);
#2907 = DEFINITIONAL_REPRESENTATION('',(#2908),#2912);
#2908 = LINE('',#2909,#2910);
#2909 = CARTESIAN_POINT('',(0.,0.));
#2910 = VECTOR('',#2911,1.);
#2911 = DIRECTION('',(1.,0.));
#2912 = ( GEOMETRIC_REPRESENTATION_CONTEXT(2) 
PARAMETRIC_REPRESENTATION_CONTEXT() REPRESENTATION_CONTEXT('2D SPACE',''
  ) );
#2913 = PCURVE('',#2684,#2914);
#2914 = DEFINITIONAL_REPRESENTATION('',(#2915),#2919);
#2915 = LINE('',#2916,#2917);
#2916 = CARTESIAN_POINT('',(79.999996321511,-98.86036443349));
#2917 = VECTOR('',#2918,1.);
#2918 = DIRECTION('',(8.776590934194E-02,0.996141127129));
#2919 = ( GEOMETRIC_REPRESENTATION_CONTEXT(2) 
PARAMETRIC_REPRESENTATION_CONTEXT() REPRESENTATION_CONTEXT('2D SPACE',''
  ) );
#2920 = ADVANCED_FACE('',(#2921),#2602,.F.);
#2921 = FACE_BOUND('',#2922,.F.);
#2922 = EDGE_LOOP('',(#2923,#2924,#2945,#2946));
#2923 = ORIENTED_EDGE('',*,*,#2877,.T.);
#2924 = ORIENTED_EDGE('',*,*,#2925,.T.);
#2925 = EDGE_CURVE('',#2855,#2582,#2926,.T.);
#2926 = SURFACE_CURVE('',#2927,(#2931,#2938),.PCURVE_S1.);
#2927 = LINE('',#2928,#2929);
#2928 = CARTESIAN_POINT('',(-100.,-72.,-100.));
#2929 = VECTOR('',#2930,1.);
#2930 = DIRECTION('',(1.222228172173E-07,0.,1.));
#2931 = PCURVE('',#2602,#2932);
#2932 = DEFINITIONAL_REPRESENTATION('',(#2933),#2937);
#2933 = LINE('',#2934,#2935);
#2934 = CARTESIAN_POINT('',(0.,-72.));
#2935 = VECTOR('',#2936,1.);
#2936 = DIRECTION('',(1.,0.));
#2937 = ( GEOMETRIC_REPRESENTATION_CONTEXT(2) 
PARAMETRIC_REPRESENTATION_CONTEXT() REPRESENTATION_CONTEXT('2D SPACE',''
  ) );
#2938 = PCURVE('',#2630,#2939);
#2939 = DEFINITIONAL_REPRESENTATION('',(#2940),#2944);
#2940 = LINE('',#2941,#2942);
#2941 = CARTESIAN_POINT('',(100.00003528996,128.13963488325));
#2942 = VECTOR('',#2943,1.);
#2943 = DIRECTION('',(-1.,1.222228172173E-07));
#2944 = ( GEOMETRIC_REPRESENTATION_CONTEXT(2) 
PARAMETRIC_REPRESENTATION_CONTEXT() REPRESENTATION_CONTEXT('2D SPACE',''
  ) );
#2945 = ORIENTED_EDGE('',*,*,#2579,.F.);
#2946 = ORIENTED_EDGE('',*,*,#2947,.F.);
#2947 = EDGE_CURVE('',#2878,#2580,#2948,.T.);
#2948 = SURFACE_CURVE('',#2949,(#2953,#2960),.PCURVE_S1.);
#2949 = LINE('',#2950,#2951);
#2950 = CARTESIAN_POINT('',(-100.,0.,-100.));
#2951 = VECTOR('',#2952,1.);
#2952 = DIRECTION('',(1.222228172173E-07,0.,1.));
#2953 = PCURVE('',#2602,#2954);
#2954 = DEFINITIONAL_REPRESENTATION('',(#2955),#2959);
#2955 = LINE('',#2956,#2957);
#2956 = CARTESIAN_POINT('',(0.,0.));
#2957 = VECTOR('',#2958,1.);
#2958 = DIRECTION('',(1.,0.));
#2959 = ( GEOMETRIC_REPRESENTATION_CONTEXT(2) 
PARAMETRIC_REPRESENTATION_CONTEXT() REPRESENTATION_CONTEXT('2D SPACE',''
  ) );
#2960 = PCURVE('',#2684,#2961);
#2961 = DEFINITIONAL_REPRESENTATION('',(#2962),#2966);
#2962 = LINE('',#2963,#2964);
#2963 = CARTESIAN_POINT('',(100.00003528996,128.13963488325));
#2964 = VECTOR('',#2965,1.);
#2965 = DIRECTION('',(-1.,1.222228172173E-07));
#2966 = ( GEOMETRIC_REPRESENTATION_CONTEXT(2) 
PARAMETRIC_REPRESENTATION_CONTEXT() REPRESENTATION_CONTEXT('2D SPACE',''
  ) );
#2967 = ADVANCED_FACE('',(#2968),#2684,.F.);
#2968 = FACE_BOUND('',#2969,.F.);
#2969 = EDGE_LOOP('',(#2970,#2971,#2972,#2973,#2974));
#2970 = ORIENTED_EDGE('',*,*,#2670,.T.);
#2971 = ORIENTED_EDGE('',*,*,#2751,.T.);
#2972 = ORIENTED_EDGE('',*,*,#2828,.T.);
#2973 = ORIENTED_EDGE('',*,*,#2900,.T.);
#2974 = ORIENTED_EDGE('',*,*,#2947,.T.);
#2975 = ADVANCED_FACE('',(#2976),#2630,.T.);
#2976 = FACE_BOUND('',#2977,.T.);
#2977 = EDGE_LOOP('',(#2978,#2979,#2980,#2981,#2982));
#2978 = ORIENTED_EDGE('',*,*,#2614,.T.);
#2979 = ORIENTED_EDGE('',*,*,#2700,.T.);
#2980 = ORIENTED_EDGE('',*,*,#2776,.T.);
#2981 = ORIENTED_EDGE('',*,*,#2854,.T.);
#2982 = ORIENTED_EDGE('',*,*,#2925,.T.);
#2983 = MANIFOLD_SOLID_BREP('PartBody',#2984);
#2984 = CLOSED_SHELL('',(#2985,#3105,#3181,#3259,#3330,#3377,#3385));
#2985 = ADVANCED_FACE('',(#2986),#3000,.F.);
#2986 = FACE_BOUND('',#2987,.F.);
#2987 = EDGE_LOOP('',(#2988,#3023,#3051,#3079));
#2988 = ORIENTED_EDGE('',*,*,#2989,.T.);
#2989 = EDGE_CURVE('',#2990,#2992,#2994,.T.);
#2990 = VERTEX_POINT('',#2991);
#2991 = CARTESIAN_POINT('',(6.372210074902E-06,0.,-124.9999603148));
#2992 = VERTEX_POINT('',#2993);
#2993 = CARTESIAN_POINT('',(6.372210074902E-06,-42.,-124.9999603148));
#2994 = SURFACE_CURVE('',#2995,(#2999,#3011),.PCURVE_S1.);
#2995 = LINE('',#2996,#2997);
#2996 = CARTESIAN_POINT('',(6.372210074902E-06,0.,-124.9999603148));
#2997 = VECTOR('',#2998,1.);
#2998 = DIRECTION('',(0.,-1.,0.));
#2999 = PCURVE('',#3000,#3005);
#3000 = PLANE('',#3001);
#3001 = AXIS2_PLACEMENT_3D('',#3002,#3003,#3004);
#3002 = CARTESIAN_POINT('',(6.372210074902E-06,0.,-124.9999603148));
#3003 = DIRECTION('',(-0.,-0.,-1.));
#3004 = DIRECTION('',(-1.,0.,0.));
#3005 = DEFINITIONAL_REPRESENTATION('',(#3006),#3010);
#3006 = LINE('',#3007,#3008);
#3007 = CARTESIAN_POINT('',(0.,0.));
#3008 = VECTOR('',#3009,1.);
#3009 = DIRECTION('',(0.,-1.));
#3010 = ( GEOMETRIC_REPRESENTATION_CONTEXT(2) 
PARAMETRIC_REPRESENTATION_CONTEXT() REPRESENTATION_CONTEXT('2D SPACE',''
  ) );
#3011 = PCURVE('',#3012,#3017);
#3012 = PLANE('',#3013);
#3013 = AXIS2_PLACEMENT_3D('',#3014,#3015,#3016);
#3014 = CARTESIAN_POINT('',(84.,0.,-125.));
#3015 = DIRECTION('',(-4.724421530806E-07,-0.,-1.));
#3016 = DIRECTION('',(-1.,0.,4.724421530806E-07));
#3017 = DEFINITIONAL_REPRESENTATION('',(#3018),#3022);
#3018 = LINE('',#3019,#3020);
#3019 = CARTESIAN_POINT('',(83.999993627799,0.));
#3020 = VECTOR('',#3021,1.);
#3021 = DIRECTION('',(0.,-1.));
#3022 = ( GEOMETRIC_REPRESENTATION_CONTEXT(2) 
PARAMETRIC_REPRESENTATION_CONTEXT() REPRESENTATION_CONTEXT('2D SPACE',''
  ) );
#3023 = ORIENTED_EDGE('',*,*,#3024,.T.);
#3024 = EDGE_CURVE('',#2992,#3025,#3027,.T.);
#3025 = VERTEX_POINT('',#3026);
#3026 = CARTESIAN_POINT('',(-83.99999362779,-42.,-124.9999603148));
#3027 = SURFACE_CURVE('',#3028,(#3032,#3039),.PCURVE_S1.);
#3028 = LINE('',#3029,#3030);
#3029 = CARTESIAN_POINT('',(6.372210074902E-06,-42.,-124.9999603148));
#3030 = VECTOR('',#3031,1.);
#3031 = DIRECTION('',(-1.,0.,0.));
#3032 = PCURVE('',#3000,#3033);
#3033 = DEFINITIONAL_REPRESENTATION('',(#3034),#3038);
#3034 = LINE('',#3035,#3036);
#3035 = CARTESIAN_POINT('',(0.,-42.));
#3036 = VECTOR('',#3037,1.);
#3037 = DIRECTION('',(1.,0.));
#3038 = ( GEOMETRIC_REPRESENTATION_CONTEXT(2) 
PARAMETRIC_REPRESENTATION_CONTEXT() REPRESENTATION_CONTEXT('2D SPACE',''
  ) );
#3039 = PCURVE('',#3040,#3045);
#3040 = PLANE('',#3041);
#3041 = AXIS2_PLACEMENT_3D('',#3042,#3043,#3044);
#3042 = CARTESIAN_POINT('',(-8.165936334563E-05,-42.,-207.8601321853));
#3043 = DIRECTION('',(-0.,-1.,-0.));
#3044 = DIRECTION('',(0.,0.,-1.));
#3045 = DEFINITIONAL_REPRESENTATION('',(#3046),#3050);
#3046 = LINE('',#3047,#3048);
#3047 = CARTESIAN_POINT('',(-82.86017187052,8.803157342053E-05));
#3048 = VECTOR('',#3049,1.);
#3049 = DIRECTION('',(0.,-1.));
#3050 = ( GEOMETRIC_REPRESENTATION_CONTEXT(2) 
PARAMETRIC_REPRESENTATION_CONTEXT() REPRESENTATION_CONTEXT('2D SPACE',''
  ) );
#3051 = ORIENTED_EDGE('',*,*,#3052,.F.);
#3052 = EDGE_CURVE('',#3053,#3025,#3055,.T.);
#3053 = VERTEX_POINT('',#3054);
#3054 = CARTESIAN_POINT('',(-83.99999362779,0.,-124.9999603148));
#3055 = SURFACE_CURVE('',#3056,(#3060,#3067),.PCURVE_S1.);
#3056 = LINE('',#3057,#3058);
#3057 = CARTESIAN_POINT('',(-83.99999362779,0.,-124.9999603148));
#3058 = VECTOR('',#3059,1.);
#3059 = DIRECTION('',(0.,-1.,0.));
#3060 = PCURVE('',#3000,#3061);
#3061 = DEFINITIONAL_REPRESENTATION('',(#3062),#3066);
#3062 = LINE('',#3063,#3064);
#3063 = CARTESIAN_POINT('',(84.,0.));
#3064 = VECTOR('',#3065,1.);
#3065 = DIRECTION('',(0.,-1.));
#3066 = ( GEOMETRIC_REPRESENTATION_CONTEXT(2) 
PARAMETRIC_REPRESENTATION_CONTEXT() REPRESENTATION_CONTEXT('2D SPACE',''
  ) );
#3067 = PCURVE('',#3068,#3073);
#3068 = PLANE('',#3069);
#3069 = AXIS2_PLACEMENT_3D('',#3070,#3071,#3072);
#3070 = CARTESIAN_POINT('',(-83.99999362779,0.,-124.9999603148));
#3071 = DIRECTION('',(0.992810218316,0.,0.119699082736));
#3072 = DIRECTION('',(0.119699082736,0.,-0.992810218316));
#3073 = DEFINITIONAL_REPRESENTATION('',(#3074),#3078);
#3074 = LINE('',#3075,#3076);
#3075 = CARTESIAN_POINT('',(0.,0.));
#3076 = VECTOR('',#3077,1.);
#3077 = DIRECTION('',(0.,-1.));
#3078 = ( GEOMETRIC_REPRESENTATION_CONTEXT(2) 
PARAMETRIC_REPRESENTATION_CONTEXT() REPRESENTATION_CONTEXT('2D SPACE',''
  ) );
#3079 = ORIENTED_EDGE('',*,*,#3080,.F.);
#3080 = EDGE_CURVE('',#2990,#3053,#3081,.T.);
#3081 = SURFACE_CURVE('',#3082,(#3086,#3093),.PCURVE_S1.);
#3082 = LINE('',#3083,#3084);
#3083 = CARTESIAN_POINT('',(6.372210074902E-06,0.,-124.9999603148));
#3084 = VECTOR('',#3085,1.);
#3085 = DIRECTION('',(-1.,0.,0.));
#3086 = PCURVE('',#3000,#3087);
#3087 = DEFINITIONAL_REPRESENTATION('',(#3088),#3092);
#3088 = LINE('',#3089,#3090);
#3089 = CARTESIAN_POINT('',(0.,0.));
#3090 = VECTOR('',#3091,1.);
#3091 = DIRECTION('',(1.,0.));
#3092 = ( GEOMETRIC_REPRESENTATION_CONTEXT(2) 
PARAMETRIC_REPRESENTATION_CONTEXT() REPRESENTATION_CONTEXT('2D SPACE',''
  ) );
#3093 = PCURVE('',#3094,#3099);
#3094 = PLANE('',#3095);
#3095 = AXIS2_PLACEMENT_3D('',#3096,#3097,#3098);
#3096 = CARTESIAN_POINT('',(-8.165936334563E-05,0.,-207.8601321853));
#3097 = DIRECTION('',(-0.,-1.,-0.));
#3098 = DIRECTION('',(0.,0.,-1.));
#3099 = DEFINITIONAL_REPRESENTATION('',(#3100),#3104);
#3100 = LINE('',#3101,#3102);
#3101 = CARTESIAN_POINT('',(-82.86017187052,8.803157342053E-05));
#3102 = VECTOR('',#3103,1.);
#3103 = DIRECTION('',(0.,-1.));
#3104 = ( GEOMETRIC_REPRESENTATION_CONTEXT(2) 
PARAMETRIC_REPRESENTATION_CONTEXT() REPRESENTATION_CONTEXT('2D SPACE',''
  ) );
#3105 = ADVANCED_FACE('',(#3106),#3068,.F.);
#3106 = FACE_BOUND('',#3107,.F.);
#3107 = EDGE_LOOP('',(#3108,#3109,#3132,#3160));
#3108 = ORIENTED_EDGE('',*,*,#3052,.T.);
#3109 = ORIENTED_EDGE('',*,*,#3110,.T.);
#3110 = EDGE_CURVE('',#3025,#3111,#3113,.T.);
#3111 = VERTEX_POINT('',#3112);
#3112 = CARTESIAN_POINT('',(-67.00019335906,-42.,-266.));
#3113 = SURFACE_CURVE('',#3114,(#3118,#3125),.PCURVE_S1.);
#3114 = LINE('',#3115,#3116);
#3115 = CARTESIAN_POINT('',(-83.99999362779,-42.,-124.9999603148));
#3116 = VECTOR('',#3117,1.);
#3117 = DIRECTION('',(0.119699082736,-0.,-0.992810218316));
#3118 = PCURVE('',#3068,#3119);
#3119 = DEFINITIONAL_REPRESENTATION('',(#3120),#3124);
#3120 = LINE('',#3121,#3122);
#3121 = CARTESIAN_POINT('',(0.,-42.));
#3122 = VECTOR('',#3123,1.);
#3123 = DIRECTION('',(1.,-0.));
#3124 = ( GEOMETRIC_REPRESENTATION_CONTEXT(2) 
PARAMETRIC_REPRESENTATION_CONTEXT() REPRESENTATION_CONTEXT('2D SPACE',''
  ) );
#3125 = PCURVE('',#3040,#3126);
#3126 = DEFINITIONAL_REPRESENTATION('',(#3127),#3131);
#3127 = LINE('',#3128,#3129);
#3128 = CARTESIAN_POINT('',(-82.86017187052,-83.99991196842));
#3129 = VECTOR('',#3130,1.);
#3130 = DIRECTION('',(0.992810218316,0.119699082736));
#3131 = ( GEOMETRIC_REPRESENTATION_CONTEXT(2) 
PARAMETRIC_REPRESENTATION_CONTEXT() REPRESENTATION_CONTEXT('2D SPACE',''
  ) );
#3132 = ORIENTED_EDGE('',*,*,#3133,.F.);
#3133 = EDGE_CURVE('',#3134,#3111,#3136,.T.);
#3134 = VERTEX_POINT('',#3135);
#3135 = CARTESIAN_POINT('',(-67.00019335906,0.,-266.));
#3136 = SURFACE_CURVE('',#3137,(#3141,#3148),.PCURVE_S1.);
#3137 = LINE('',#3138,#3139);
#3138 = CARTESIAN_POINT('',(-67.00019335906,0.,-266.));
#3139 = VECTOR('',#3140,1.);
#3140 = DIRECTION('',(0.,-1.,0.));
#3141 = PCURVE('',#3068,#3142);
#3142 = DEFINITIONAL_REPRESENTATION('',(#3143),#3147);
#3143 = LINE('',#3144,#3145);
#3144 = CARTESIAN_POINT('',(142.02114068119,0.));
#3145 = VECTOR('',#3146,1.);
#3146 = DIRECTION('',(0.,-1.));
#3147 = ( GEOMETRIC_REPRESENTATION_CONTEXT(2) 
PARAMETRIC_REPRESENTATION_CONTEXT() REPRESENTATION_CONTEXT('2D SPACE',''
  ) );
#3148 = PCURVE('',#3149,#3154);
#3149 = CYLINDRICAL_SURFACE('',#3150,67.485236240109);
#3150 = AXIS2_PLACEMENT_3D('',#3151,#3152,#3153);
#3151 = CARTESIAN_POINT('',(-1.612344370344E-04,0.,-257.9220791238));
#3152 = DIRECTION('',(0.,1.,-0.));
#3153 = DIRECTION('',(-0.992810218316,0.,-0.119699082736));
#3154 = DEFINITIONAL_REPRESENTATION('',(#3155),#3159);
#3155 = LINE('',#3156,#3157);
#3156 = CARTESIAN_POINT('',(-4.163336342344E-17,0.));
#3157 = VECTOR('',#3158,1.);
#3158 = DIRECTION('',(-0.,-1.));
#3159 = ( GEOMETRIC_REPRESENTATION_CONTEXT(2) 
PARAMETRIC_REPRESENTATION_CONTEXT() REPRESENTATION_CONTEXT('2D SPACE',''
  ) );
#3160 = ORIENTED_EDGE('',*,*,#3161,.F.);
#3161 = EDGE_CURVE('',#3053,#3134,#3162,.T.);
#3162 = SURFACE_CURVE('',#3163,(#3167,#3174),.PCURVE_S1.);
#3163 = LINE('',#3164,#3165);
#3164 = CARTESIAN_POINT('',(-83.99999362779,0.,-124.9999603148));
#3165 = VECTOR('',#3166,1.);
#3166 = DIRECTION('',(0.119699082736,-0.,-0.992810218316));
#3167 = PCURVE('',#3068,#3168);
#3168 = DEFINITIONAL_REPRESENTATION('',(#3169),#3173);
#3169 = LINE('',#3170,#3171);
#3170 = CARTESIAN_POINT('',(0.,0.));
#3171 = VECTOR('',#3172,1.);
#3172 = DIRECTION('',(1.,-0.));
#3173 = ( GEOMETRIC_REPRESENTATION_CONTEXT(2) 
PARAMETRIC_REPRESENTATION_CONTEXT() REPRESENTATION_CONTEXT('2D SPACE',''
  ) );
#3174 = PCURVE('',#3094,#3175);
#3175 = DEFINITIONAL_REPRESENTATION('',(#3176),#3180);
#3176 = LINE('',#3177,#3178);
#3177 = CARTESIAN_POINT('',(-82.86017187052,-83.99991196842));
#3178 = VECTOR('',#3179,1.);
#3179 = DIRECTION('',(0.992810218316,0.119699082736));
#3180 = ( GEOMETRIC_REPRESENTATION_CONTEXT(2) 
PARAMETRIC_REPRESENTATION_CONTEXT() REPRESENTATION_CONTEXT('2D SPACE',''
  ) );
#3181 = ADVANCED_FACE('',(#3182),#3149,.T.);
#3182 = FACE_BOUND('',#3183,.F.);
#3183 = EDGE_LOOP('',(#3184,#3185,#3209,#3237));
#3184 = ORIENTED_EDGE('',*,*,#3133,.T.);
#3185 = ORIENTED_EDGE('',*,*,#3186,.T.);
#3186 = EDGE_CURVE('',#3111,#3187,#3189,.T.);
#3187 = VERTEX_POINT('',#3188);
#3188 = CARTESIAN_POINT('',(66.999871169325,-42.,-265.9999976848));
#3189 = SURFACE_CURVE('',#3190,(#3195,#3202),.PCURVE_S1.);
#3190 = CIRCLE('',#3191,67.485236240109);
#3191 = AXIS2_PLACEMENT_3D('',#3192,#3193,#3194);
#3192 = CARTESIAN_POINT('',(-1.612344370344E-04,-42.,-257.9220791238));
#3193 = DIRECTION('',(-0.,-1.,0.));
#3194 = DIRECTION('',(-0.992810218316,0.,-0.119699082736));
#3195 = PCURVE('',#3149,#3196);
#3196 = DEFINITIONAL_REPRESENTATION('',(#3197),#3201);
#3197 = LINE('',#3198,#3199);
#3198 = CARTESIAN_POINT('',(-0.,-42.));
#3199 = VECTOR('',#3200,1.);
#3200 = DIRECTION('',(-1.,0.));
#3201 = ( GEOMETRIC_REPRESENTATION_CONTEXT(2) 
PARAMETRIC_REPRESENTATION_CONTEXT() REPRESENTATION_CONTEXT('2D SPACE',''
  ) );
#3202 = PCURVE('',#3040,#3203);
#3203 = DEFINITIONAL_REPRESENTATION('',(#3204),#3208);
#3204 = CIRCLE('',#3205,67.485236240109);
#3205 = AXIS2_PLACEMENT_2D('',#3206,#3207);
#3206 = CARTESIAN_POINT('',(50.061946938419,-7.95750736888E-05));
#3207 = DIRECTION('',(0.119699082736,-0.992810218316));
#3208 = ( GEOMETRIC_REPRESENTATION_CONTEXT(2) 
PARAMETRIC_REPRESENTATION_CONTEXT() REPRESENTATION_CONTEXT('2D SPACE',''
  ) );
#3209 = ORIENTED_EDGE('',*,*,#3210,.F.);
#3210 = EDGE_CURVE('',#3211,#3187,#3213,.T.);
#3211 = VERTEX_POINT('',#3212);
#3212 = CARTESIAN_POINT('',(66.999871169325,-0.,-265.9999976848));
#3213 = SURFACE_CURVE('',#3214,(#3218,#3225),.PCURVE_S1.);
#3214 = LINE('',#3215,#3216);
#3215 = CARTESIAN_POINT('',(66.999871169325,-0.,-265.9999976848));
#3216 = VECTOR('',#3217,1.);
#3217 = DIRECTION('',(0.,-1.,0.));
#3218 = PCURVE('',#3149,#3219);
#3219 = DEFINITIONAL_REPRESENTATION('',(#3220),#3224);
#3220 = LINE('',#3221,#3222);
#3221 = CARTESIAN_POINT('',(-2.901619127363,0.));
#3222 = VECTOR('',#3223,1.);
#3223 = DIRECTION('',(-0.,-1.));
#3224 = ( GEOMETRIC_REPRESENTATION_CONTEXT(2) 
PARAMETRIC_REPRESENTATION_CONTEXT() REPRESENTATION_CONTEXT('2D SPACE',''
  ) );
#3225 = PCURVE('',#3226,#3231);
#3226 = PLANE('',#3227);
#3227 = AXIS2_PLACEMENT_3D('',#3228,#3229,#3230);
#3228 = CARTESIAN_POINT('',(66.999871169325,0.,-265.9999976848));
#3229 = DIRECTION('',(-0.992809939146,0.,0.119701398206));
#3230 = DIRECTION('',(0.119701398206,0.,0.992809939146));
#3231 = DEFINITIONAL_REPRESENTATION('',(#3232),#3236);
#3232 = LINE('',#3233,#3234);
#3233 = CARTESIAN_POINT('',(0.,0.));
#3234 = VECTOR('',#3235,1.);
#3235 = DIRECTION('',(0.,-1.));
#3236 = ( GEOMETRIC_REPRESENTATION_CONTEXT(2) 
PARAMETRIC_REPRESENTATION_CONTEXT() REPRESENTATION_CONTEXT('2D SPACE',''
  ) );
#3237 = ORIENTED_EDGE('',*,*,#3238,.F.);
#3238 = EDGE_CURVE('',#3134,#3211,#3239,.T.);
#3239 = SURFACE_CURVE('',#3240,(#3245,#3252),.PCURVE_S1.);
#3240 = CIRCLE('',#3241,67.485236240109);
#3241 = AXIS2_PLACEMENT_3D('',#3242,#3243,#3244);
#3242 = CARTESIAN_POINT('',(-1.612344370344E-04,0.,-257.9220791238));
#3243 = DIRECTION('',(-0.,-1.,0.));
#3244 = DIRECTION('',(-0.992810218316,0.,-0.119699082736));
#3245 = PCURVE('',#3149,#3246);
#3246 = DEFINITIONAL_REPRESENTATION('',(#3247),#3251);
#3247 = LINE('',#3248,#3249);
#3248 = CARTESIAN_POINT('',(-0.,0.));
#3249 = VECTOR('',#3250,1.);
#3250 = DIRECTION('',(-1.,0.));
#3251 = ( GEOMETRIC_REPRESENTATION_CONTEXT(2) 
PARAMETRIC_REPRESENTATION_CONTEXT() REPRESENTATION_CONTEXT('2D SPACE',''
  ) );
#3252 = PCURVE('',#3094,#3253);
#3253 = DEFINITIONAL_REPRESENTATION('',(#3254),#3258);
#3254 = CIRCLE('',#3255,67.485236240109);
#3255 = AXIS2_PLACEMENT_2D('',#3256,#3257);
#3256 = CARTESIAN_POINT('',(50.061946938419,-7.95750736888E-05));
#3257 = DIRECTION('',(0.119699082736,-0.992810218316));
#3258 = ( GEOMETRIC_REPRESENTATION_CONTEXT(2) 
PARAMETRIC_REPRESENTATION_CONTEXT() REPRESENTATION_CONTEXT('2D SPACE',''
  ) );
#3259 = ADVANCED_FACE('',(#3260),#3226,.F.);
#3260 = FACE_BOUND('',#3261,.F.);
#3261 = EDGE_LOOP('',(#3262,#3263,#3286,#3309));
#3262 = ORIENTED_EDGE('',*,*,#3210,.T.);
#3263 = ORIENTED_EDGE('',*,*,#3264,.T.);
#3264 = EDGE_CURVE('',#3187,#3265,#3267,.T.);
#3265 = VERTEX_POINT('',#3266);
#3266 = CARTESIAN_POINT('',(84.,-42.,-125.));
#3267 = SURFACE_CURVE('',#3268,(#3272,#3279),.PCURVE_S1.);
#3268 = LINE('',#3269,#3270);
#3269 = CARTESIAN_POINT('',(66.999871169325,-42.,-265.9999976848));
#3270 = VECTOR('',#3271,1.);
#3271 = DIRECTION('',(0.119701398206,0.,0.992809939146));
#3272 = PCURVE('',#3226,#3273);
#3273 = DEFINITIONAL_REPRESENTATION('',(#3274),#3278);
#3274 = LINE('',#3275,#3276);
#3275 = CARTESIAN_POINT('',(0.,-42.));
#3276 = VECTOR('',#3277,1.);
#3277 = DIRECTION('',(1.,0.));
#3278 = ( GEOMETRIC_REPRESENTATION_CONTEXT(2) 
PARAMETRIC_REPRESENTATION_CONTEXT() REPRESENTATION_CONTEXT('2D SPACE',''
  ) );
#3279 = PCURVE('',#3040,#3280);
#3280 = DEFINITIONAL_REPRESENTATION('',(#3281),#3285);
#3281 = LINE('',#3282,#3283);
#3282 = CARTESIAN_POINT('',(58.139865499427,66.999952828688));
#3283 = VECTOR('',#3284,1.);
#3284 = DIRECTION('',(-0.992809939146,0.119701398206));
#3285 = ( GEOMETRIC_REPRESENTATION_CONTEXT(2) 
PARAMETRIC_REPRESENTATION_CONTEXT() REPRESENTATION_CONTEXT('2D SPACE',''
  ) );
#3286 = ORIENTED_EDGE('',*,*,#3287,.F.);
#3287 = EDGE_CURVE('',#3288,#3265,#3290,.T.);
#3288 = VERTEX_POINT('',#3289);
#3289 = CARTESIAN_POINT('',(84.,-0.,-125.));
#3290 = SURFACE_CURVE('',#3291,(#3295,#3302),.PCURVE_S1.);
#3291 = LINE('',#3292,#3293);
#3292 = CARTESIAN_POINT('',(84.,-0.,-125.));
#3293 = VECTOR('',#3294,1.);
#3294 = DIRECTION('',(0.,-1.,0.));
#3295 = PCURVE('',#3226,#3296);
#3296 = DEFINITIONAL_REPRESENTATION('',(#3297),#3301);
#3297 = LINE('',#3298,#3299);
#3298 = CARTESIAN_POINT('',(142.02113831179,0.));
#3299 = VECTOR('',#3300,1.);
#3300 = DIRECTION('',(0.,-1.));
#3301 = ( GEOMETRIC_REPRESENTATION_CONTEXT(2) 
PARAMETRIC_REPRESENTATION_CONTEXT() REPRESENTATION_CONTEXT('2D SPACE',''
  ) );
#3302 = PCURVE('',#3012,#3303);
#3303 = DEFINITIONAL_REPRESENTATION('',(#3304),#3308);
#3304 = LINE('',#3305,#3306);
#3305 = CARTESIAN_POINT('',(0.,0.));
#3306 = VECTOR('',#3307,1.);
#3307 = DIRECTION('',(0.,-1.));
#3308 = ( GEOMETRIC_REPRESENTATION_CONTEXT(2) 
PARAMETRIC_REPRESENTATION_CONTEXT() REPRESENTATION_CONTEXT('2D SPACE',''
  ) );
#3309 = ORIENTED_EDGE('',*,*,#3310,.F.);
#3310 = EDGE_CURVE('',#3211,#3288,#3311,.T.);
#3311 = SURFACE_CURVE('',#3312,(#3316,#3323),.PCURVE_S1.);
#3312 = LINE('',#3313,#3314);
#3313 = CARTESIAN_POINT('',(66.999871169325,-0.,-265.9999976848));
#3314 = VECTOR('',#3315,1.);
#3315 = DIRECTION('',(0.119701398206,0.,0.992809939146));
#3316 = PCURVE('',#3226,#3317);
#3317 = DEFINITIONAL_REPRESENTATION('',(#3318),#3322);
#3318 = LINE('',#3319,#3320);
#3319 = CARTESIAN_POINT('',(0.,0.));
#3320 = VECTOR('',#3321,1.);
#3321 = DIRECTION('',(1.,0.));
#3322 = ( GEOMETRIC_REPRESENTATION_CONTEXT(2) 
PARAMETRIC_REPRESENTATION_CONTEXT() REPRESENTATION_CONTEXT('2D SPACE',''
  ) );
#3323 = PCURVE('',#3094,#3324);
#3324 = DEFINITIONAL_REPRESENTATION('',(#3325),#3329);
#3325 = LINE('',#3326,#3327);
#3326 = CARTESIAN_POINT('',(58.139865499427,66.999952828688));
#3327 = VECTOR('',#3328,1.);
#3328 = DIRECTION('',(-0.992809939146,0.119701398206));
#3329 = ( GEOMETRIC_REPRESENTATION_CONTEXT(2) 
PARAMETRIC_REPRESENTATION_CONTEXT() REPRESENTATION_CONTEXT('2D SPACE',''
  ) );
#3330 = ADVANCED_FACE('',(#3331),#3012,.F.);
#3331 = FACE_BOUND('',#3332,.F.);
#3332 = EDGE_LOOP('',(#3333,#3334,#3355,#3356));
#3333 = ORIENTED_EDGE('',*,*,#3287,.T.);
#3334 = ORIENTED_EDGE('',*,*,#3335,.T.);
#3335 = EDGE_CURVE('',#3265,#2992,#3336,.T.);
#3336 = SURFACE_CURVE('',#3337,(#3341,#3348),.PCURVE_S1.);
#3337 = LINE('',#3338,#3339);
#3338 = CARTESIAN_POINT('',(84.,-42.,-125.));
#3339 = VECTOR('',#3340,1.);
#3340 = DIRECTION('',(-1.,0.,4.724421530806E-07));
#3341 = PCURVE('',#3012,#3342);
#3342 = DEFINITIONAL_REPRESENTATION('',(#3343),#3347);
#3343 = LINE('',#3344,#3345);
#3344 = CARTESIAN_POINT('',(0.,-42.));
#3345 = VECTOR('',#3346,1.);
#3346 = DIRECTION('',(1.,0.));
#3347 = ( GEOMETRIC_REPRESENTATION_CONTEXT(2) 
PARAMETRIC_REPRESENTATION_CONTEXT() REPRESENTATION_CONTEXT('2D SPACE',''
  ) );
#3348 = PCURVE('',#3040,#3349);
#3349 = DEFINITIONAL_REPRESENTATION('',(#3350),#3354);
#3350 = LINE('',#3351,#3352);
#3351 = CARTESIAN_POINT('',(-82.86013218538,84.000081659363));
#3352 = VECTOR('',#3353,1.);
#3353 = DIRECTION('',(-4.724421530806E-07,-1.));
#3354 = ( GEOMETRIC_REPRESENTATION_CONTEXT(2) 
PARAMETRIC_REPRESENTATION_CONTEXT() REPRESENTATION_CONTEXT('2D SPACE',''
  ) );
#3355 = ORIENTED_EDGE('',*,*,#2989,.F.);
#3356 = ORIENTED_EDGE('',*,*,#3357,.F.);
#3357 = EDGE_CURVE('',#3288,#2990,#3358,.T.);
#3358 = SURFACE_CURVE('',#3359,(#3363,#3370),.PCURVE_S1.);
#3359 = LINE('',#3360,#3361);
#3360 = CARTESIAN_POINT('',(84.,-0.,-125.));
#3361 = VECTOR('',#3362,1.);
#3362 = DIRECTION('',(-1.,0.,4.724421530806E-07));
#3363 = PCURVE('',#3012,#3364);
#3364 = DEFINITIONAL_REPRESENTATION('',(#3365),#3369);
#3365 = LINE('',#3366,#3367);
#3366 = CARTESIAN_POINT('',(0.,0.));
#3367 = VECTOR('',#3368,1.);
#3368 = DIRECTION('',(1.,0.));
#3369 = ( GEOMETRIC_REPRESENTATION_CONTEXT(2) 
PARAMETRIC_REPRESENTATION_CONTEXT() REPRESENTATION_CONTEXT('2D SPACE',''
  ) );
#3370 = PCURVE('',#3094,#3371);
#3371 = DEFINITIONAL_REPRESENTATION('',(#3372),#3376);
#3372 = LINE('',#3373,#3374);
#3373 = CARTESIAN_POINT('',(-82.86013218538,84.000081659363));
#3374 = VECTOR('',#3375,1.);
#3375 = DIRECTION('',(-4.724421530806E-07,-1.));
#3376 = ( GEOMETRIC_REPRESENTATION_CONTEXT(2) 
PARAMETRIC_REPRESENTATION_CONTEXT() REPRESENTATION_CONTEXT('2D SPACE',''
  ) );
#3377 = ADVANCED_FACE('',(#3378),#3094,.F.);
#3378 = FACE_BOUND('',#3379,.F.);
#3379 = EDGE_LOOP('',(#3380,#3381,#3382,#3383,#3384));
#3380 = ORIENTED_EDGE('',*,*,#3080,.T.);
#3381 = ORIENTED_EDGE('',*,*,#3161,.T.);
#3382 = ORIENTED_EDGE('',*,*,#3238,.T.);
#3383 = ORIENTED_EDGE('',*,*,#3310,.T.);
#3384 = ORIENTED_EDGE('',*,*,#3357,.T.);
#3385 = ADVANCED_FACE('',(#3386),#3040,.T.);
#3386 = FACE_BOUND('',#3387,.T.);
#3387 = EDGE_LOOP('',(#3388,#3389,#3390,#3391,#3392));
#3388 = ORIENTED_EDGE('',*,*,#3024,.T.);
#3389 = ORIENTED_EDGE('',*,*,#3110,.T.);
#3390 = ORIENTED_EDGE('',*,*,#3186,.T.);
#3391 = ORIENTED_EDGE('',*,*,#3264,.T.);
#3392 = ORIENTED_EDGE('',*,*,#3335,.T.);
#3393 = ( GEOMETRIC_REPRESENTATION_CONTEXT(3) 
GLOBAL_UNCERTAINTY_ASSIGNED_CONTEXT((#3397)) 
GLOBAL_UNIT_ASSIGNED_CONTEXT((#3394,#3395,#3396)) REPRESENTATION_CONTEXT
('Context #1','3D Context with UNIT and UNCERTAINTY') );
#3394 = ( LENGTH_UNIT() NAMED_UNIT(*) SI_UNIT(.MILLI.,.METRE.) );
#3395 = ( NAMED_UNIT(*) PLANE_ANGLE_UNIT() SI_UNIT($,.RADIAN.) );
#3396 = ( NAMED_UNIT(*) SI_UNIT($,.STERADIAN.) SOLID_ANGLE_UNIT() );
#3397 = UNCERTAINTY_MEASURE_WITH_UNIT(LENGTH_MEASURE(1.E-07),#3394,
  'distance_accuracy_value','confusion accuracy');
#3398 = PRODUCT_RELATED_PRODUCT_CATEGORY('part',$,(#7));
ENDSEC;
END-ISO-10303-21;
