ISO-10303-21;
HEADER;
FILE_DESCRIPTION(('Open CASCADE Model'),'2;1');
FILE_NAME('Open CASCADE Shape Model','2025-08-06T14:40:42',('Author'),(
    'Open CASCADE'),'Open CASCADE STEP processor 7.7','Open CASCADE 7.7'
  ,'Unknown');
FILE_SCHEMA(('AUTOMOTIVE_DESIGN { 1 0 10303 214 1 1 1 1 }'));
ENDSEC;
DATA;
#1 = APPLICATION_PROTOCOL_DEFINITION('international standard',
  'automotive_design',2000,#2);
#2 = APPLICATION_CONTEXT(
  'core data for automotive mechanical design processes');
#3 = SHAPE_DEFINITION_REPRESENTATION(#4,#10);
#4 = PRODUCT_DEFINITION_SHAPE('','',#5);
#5 = PRODUCT_DEFINITION('design','',#6,#9);
#6 = PRODUCT_DEFINITION_FORMATION('','',#7);
#7 = PRODUCT('substep_5.2','substep_5.2','',(#8));
#8 = PRODUCT_CONTEXT('',#2,'mechanical');
#9 = PRODUCT_DEFINITION_CONTEXT('part definition',#2,'design');
#10 = SHAPE_REPRESENTATION('',(#11,#15,#2907,#3317),#3727);
#11 = AXIS2_PLACEMENT_3D('',#12,#13,#14);
#12 = CARTESIAN_POINT('',(0.,0.,0.));
#13 = DIRECTION('',(0.,0.,1.));
#14 = DIRECTION('',(1.,0.,-0.));
#15 = MANIFOLD_SOLID_BREP('PartBody',#16);
#16 = CLOSED_SHELL('',(#17,#137,#325,#374,#515,#542,#848,#875,#902,#929,
    #936,#1013,#1062,#1112,#1139,#1194,#1249,#1304,#1359,#1414,#1421,
    #1474,#2453,#2506,#2559,#2612,#2667,#2722,#2777,#2832,#2887,#2891,
    #2895,#2899,#2903));
#17 = ADVANCED_FACE('',(#18),#32,.F.);
#18 = FACE_BOUND('',#19,.F.);
#19 = EDGE_LOOP('',(#20,#55,#83,#111));
#20 = ORIENTED_EDGE('',*,*,#21,.F.);
#21 = EDGE_CURVE('',#22,#24,#26,.T.);
#22 = VERTEX_POINT('',#23);
#23 = CARTESIAN_POINT('',(-100.,-150.,-125.));
#24 = VERTEX_POINT('',#25);
#25 = CARTESIAN_POINT('',(-100.,-150.,125.));
#26 = SURFACE_CURVE('',#27,(#31,#43),.PCURVE_S1.);
#27 = LINE('',#28,#29);
#28 = CARTESIAN_POINT('',(-100.,-150.,-125.));
#29 = VECTOR('',#30,1.);
#30 = DIRECTION('',(0.,0.,1.));
#31 = PCURVE('',#32,#37);
#32 = PLANE('',#33);
#33 = AXIS2_PLACEMENT_3D('',#34,#35,#36);
#34 = CARTESIAN_POINT('',(-100.,-150.,-125.));
#35 = DIRECTION('',(1.,0.,0.));
#36 = DIRECTION('',(0.,0.,1.));
#37 = DEFINITIONAL_REPRESENTATION('',(#38),#42);
#38 = LINE('',#39,#40);
#39 = CARTESIAN_POINT('',(0.,0.));
#40 = VECTOR('',#41,1.);
#41 = DIRECTION('',(1.,0.));
#42 = ( GEOMETRIC_REPRESENTATION_CONTEXT(2) 
PARAMETRIC_REPRESENTATION_CONTEXT() REPRESENTATION_CONTEXT('2D SPACE',''
  ) );
#43 = PCURVE('',#44,#49);
#44 = PLANE('',#45);
#45 = AXIS2_PLACEMENT_3D('',#46,#47,#48);
#46 = CARTESIAN_POINT('',(-100.,-150.,-125.));
#47 = DIRECTION('',(0.,1.,0.));
#48 = DIRECTION('',(0.,0.,1.));
#49 = DEFINITIONAL_REPRESENTATION('',(#50),#54);
#50 = LINE('',#51,#52);
#51 = CARTESIAN_POINT('',(0.,0.));
#52 = VECTOR('',#53,1.);
#53 = DIRECTION('',(1.,0.));
#54 = ( GEOMETRIC_REPRESENTATION_CONTEXT(2) 
PARAMETRIC_REPRESENTATION_CONTEXT() REPRESENTATION_CONTEXT('2D SPACE',''
  ) );
#55 = ORIENTED_EDGE('',*,*,#56,.T.);
#56 = EDGE_CURVE('',#22,#57,#59,.T.);
#57 = VERTEX_POINT('',#58);
#58 = CARTESIAN_POINT('',(-100.,150.,-125.));
#59 = SURFACE_CURVE('',#60,(#64,#71),.PCURVE_S1.);
#60 = LINE('',#61,#62);
#61 = CARTESIAN_POINT('',(-100.,-150.,-125.));
#62 = VECTOR('',#63,1.);
#63 = DIRECTION('',(0.,1.,0.));
#64 = PCURVE('',#32,#65);
#65 = DEFINITIONAL_REPRESENTATION('',(#66),#70);
#66 = LINE('',#67,#68);
#67 = CARTESIAN_POINT('',(0.,0.));
#68 = VECTOR('',#69,1.);
#69 = DIRECTION('',(0.,-1.));
#70 = ( GEOMETRIC_REPRESENTATION_CONTEXT(2) 
PARAMETRIC_REPRESENTATION_CONTEXT() REPRESENTATION_CONTEXT('2D SPACE',''
  ) );
#71 = PCURVE('',#72,#77);
#72 = PLANE('',#73);
#73 = AXIS2_PLACEMENT_3D('',#74,#75,#76);
#74 = CARTESIAN_POINT('',(-100.,-150.,-125.));
#75 = DIRECTION('',(0.,0.,1.));
#76 = DIRECTION('',(1.,0.,0.));
#77 = DEFINITIONAL_REPRESENTATION('',(#78),#82);
#78 = LINE('',#79,#80);
#79 = CARTESIAN_POINT('',(0.,0.));
#80 = VECTOR('',#81,1.);
#81 = DIRECTION('',(0.,1.));
#82 = ( GEOMETRIC_REPRESENTATION_CONTEXT(2) 
PARAMETRIC_REPRESENTATION_CONTEXT() REPRESENTATION_CONTEXT('2D SPACE',''
  ) );
#83 = ORIENTED_EDGE('',*,*,#84,.T.);
#84 = EDGE_CURVE('',#57,#85,#87,.T.);
#85 = VERTEX_POINT('',#86);
#86 = CARTESIAN_POINT('',(-100.,150.,125.));
#87 = SURFACE_CURVE('',#88,(#92,#99),.PCURVE_S1.);
#88 = LINE('',#89,#90);
#89 = CARTESIAN_POINT('',(-100.,150.,-125.));
#90 = VECTOR('',#91,1.);
#91 = DIRECTION('',(0.,0.,1.));
#92 = PCURVE('',#32,#93);
#93 = DEFINITIONAL_REPRESENTATION('',(#94),#98);
#94 = LINE('',#95,#96);
#95 = CARTESIAN_POINT('',(0.,-300.));
#96 = VECTOR('',#97,1.);
#97 = DIRECTION('',(1.,0.));
#98 = ( GEOMETRIC_REPRESENTATION_CONTEXT(2) 
PARAMETRIC_REPRESENTATION_CONTEXT() REPRESENTATION_CONTEXT('2D SPACE',''
  ) );
#99 = PCURVE('',#100,#105);
#100 = PLANE('',#101);
#101 = AXIS2_PLACEMENT_3D('',#102,#103,#104);
#102 = CARTESIAN_POINT('',(-100.,150.,-125.));
#103 = DIRECTION('',(0.,1.,0.));
#104 = DIRECTION('',(0.,0.,1.));
#105 = DEFINITIONAL_REPRESENTATION('',(#106),#110);
#106 = LINE('',#107,#108);
#107 = CARTESIAN_POINT('',(0.,0.));
#108 = VECTOR('',#109,1.);
#109 = DIRECTION('',(1.,0.));
#110 = ( GEOMETRIC_REPRESENTATION_CONTEXT(2) 
PARAMETRIC_REPRESENTATION_CONTEXT() REPRESENTATION_CONTEXT('2D SPACE',''
  ) );
#111 = ORIENTED_EDGE('',*,*,#112,.F.);
#112 = EDGE_CURVE('',#24,#85,#113,.T.);
#113 = SURFACE_CURVE('',#114,(#118,#125),.PCURVE_S1.);
#114 = LINE('',#115,#116);
#115 = CARTESIAN_POINT('',(-100.,-150.,125.));
#116 = VECTOR('',#117,1.);
#117 = DIRECTION('',(0.,1.,0.));
#118 = PCURVE('',#32,#119);
#119 = DEFINITIONAL_REPRESENTATION('',(#120),#124);
#120 = LINE('',#121,#122);
#121 = CARTESIAN_POINT('',(250.,0.));
#122 = VECTOR('',#123,1.);
#123 = DIRECTION('',(0.,-1.));
#124 = ( GEOMETRIC_REPRESENTATION_CONTEXT(2) 
PARAMETRIC_REPRESENTATION_CONTEXT() REPRESENTATION_CONTEXT('2D SPACE',''
  ) );
#125 = PCURVE('',#126,#131);
#126 = PLANE('',#127);
#127 = AXIS2_PLACEMENT_3D('',#128,#129,#130);
#128 = CARTESIAN_POINT('',(-100.,-150.,125.));
#129 = DIRECTION('',(0.,0.,1.));
#130 = DIRECTION('',(1.,0.,0.));
#131 = DEFINITIONAL_REPRESENTATION('',(#132),#136);
#132 = LINE('',#133,#134);
#133 = CARTESIAN_POINT('',(0.,0.));
#134 = VECTOR('',#135,1.);
#135 = DIRECTION('',(0.,1.));
#136 = ( GEOMETRIC_REPRESENTATION_CONTEXT(2) 
PARAMETRIC_REPRESENTATION_CONTEXT() REPRESENTATION_CONTEXT('2D SPACE',''
  ) );
#137 = ADVANCED_FACE('',(#138),#44,.F.);
#138 = FACE_BOUND('',#139,.F.);
#139 = EDGE_LOOP('',(#140,#170,#191,#192,#215,#243,#271,#299));
#140 = ORIENTED_EDGE('',*,*,#141,.F.);
#141 = EDGE_CURVE('',#142,#144,#146,.T.);
#142 = VERTEX_POINT('',#143);
#143 = CARTESIAN_POINT('',(100.,-150.,-125.));
#144 = VERTEX_POINT('',#145);
#145 = CARTESIAN_POINT('',(100.,-150.,125.));
#146 = SURFACE_CURVE('',#147,(#151,#158),.PCURVE_S1.);
#147 = LINE('',#148,#149);
#148 = CARTESIAN_POINT('',(100.,-150.,-125.));
#149 = VECTOR('',#150,1.);
#150 = DIRECTION('',(0.,0.,1.));
#151 = PCURVE('',#44,#152);
#152 = DEFINITIONAL_REPRESENTATION('',(#153),#157);
#153 = LINE('',#154,#155);
#154 = CARTESIAN_POINT('',(0.,200.));
#155 = VECTOR('',#156,1.);
#156 = DIRECTION('',(1.,0.));
#157 = ( GEOMETRIC_REPRESENTATION_CONTEXT(2) 
PARAMETRIC_REPRESENTATION_CONTEXT() REPRESENTATION_CONTEXT('2D SPACE',''
  ) );
#158 = PCURVE('',#159,#164);
#159 = PLANE('',#160);
#160 = AXIS2_PLACEMENT_3D('',#161,#162,#163);
#161 = CARTESIAN_POINT('',(100.,-150.,-125.));
#162 = DIRECTION('',(1.,0.,0.));
#163 = DIRECTION('',(0.,0.,1.));
#164 = DEFINITIONAL_REPRESENTATION('',(#165),#169);
#165 = LINE('',#166,#167);
#166 = CARTESIAN_POINT('',(0.,0.));
#167 = VECTOR('',#168,1.);
#168 = DIRECTION('',(1.,0.));
#169 = ( GEOMETRIC_REPRESENTATION_CONTEXT(2) 
PARAMETRIC_REPRESENTATION_CONTEXT() REPRESENTATION_CONTEXT('2D SPACE',''
  ) );
#170 = ORIENTED_EDGE('',*,*,#171,.F.);
#171 = EDGE_CURVE('',#22,#142,#172,.T.);
#172 = SURFACE_CURVE('',#173,(#177,#184),.PCURVE_S1.);
#173 = LINE('',#174,#175);
#174 = CARTESIAN_POINT('',(-100.,-150.,-125.));
#175 = VECTOR('',#176,1.);
#176 = DIRECTION('',(1.,0.,0.));
#177 = PCURVE('',#44,#178);
#178 = DEFINITIONAL_REPRESENTATION('',(#179),#183);
#179 = LINE('',#180,#181);
#180 = CARTESIAN_POINT('',(0.,0.));
#181 = VECTOR('',#182,1.);
#182 = DIRECTION('',(0.,1.));
#183 = ( GEOMETRIC_REPRESENTATION_CONTEXT(2) 
PARAMETRIC_REPRESENTATION_CONTEXT() REPRESENTATION_CONTEXT('2D SPACE',''
  ) );
#184 = PCURVE('',#72,#185);
#185 = DEFINITIONAL_REPRESENTATION('',(#186),#190);
#186 = LINE('',#187,#188);
#187 = CARTESIAN_POINT('',(0.,0.));
#188 = VECTOR('',#189,1.);
#189 = DIRECTION('',(1.,0.));
#190 = ( GEOMETRIC_REPRESENTATION_CONTEXT(2) 
PARAMETRIC_REPRESENTATION_CONTEXT() REPRESENTATION_CONTEXT('2D SPACE',''
  ) );
#191 = ORIENTED_EDGE('',*,*,#21,.T.);
#192 = ORIENTED_EDGE('',*,*,#193,.T.);
#193 = EDGE_CURVE('',#24,#194,#196,.T.);
#194 = VERTEX_POINT('',#195);
#195 = CARTESIAN_POINT('',(-13.8,-150.,125.));
#196 = SURFACE_CURVE('',#197,(#201,#208),.PCURVE_S1.);
#197 = LINE('',#198,#199);
#198 = CARTESIAN_POINT('',(-100.,-150.,125.));
#199 = VECTOR('',#200,1.);
#200 = DIRECTION('',(1.,0.,0.));
#201 = PCURVE('',#44,#202);
#202 = DEFINITIONAL_REPRESENTATION('',(#203),#207);
#203 = LINE('',#204,#205);
#204 = CARTESIAN_POINT('',(250.,0.));
#205 = VECTOR('',#206,1.);
#206 = DIRECTION('',(0.,1.));
#207 = ( GEOMETRIC_REPRESENTATION_CONTEXT(2) 
PARAMETRIC_REPRESENTATION_CONTEXT() REPRESENTATION_CONTEXT('2D SPACE',''
  ) );
#208 = PCURVE('',#126,#209);
#209 = DEFINITIONAL_REPRESENTATION('',(#210),#214);
#210 = LINE('',#211,#212);
#211 = CARTESIAN_POINT('',(0.,0.));
#212 = VECTOR('',#213,1.);
#213 = DIRECTION('',(1.,0.));
#214 = ( GEOMETRIC_REPRESENTATION_CONTEXT(2) 
PARAMETRIC_REPRESENTATION_CONTEXT() REPRESENTATION_CONTEXT('2D SPACE',''
  ) );
#215 = ORIENTED_EDGE('',*,*,#216,.T.);
#216 = EDGE_CURVE('',#194,#217,#219,.T.);
#217 = VERTEX_POINT('',#218);
#218 = CARTESIAN_POINT('',(-13.8,-150.,97.));
#219 = SURFACE_CURVE('',#220,(#224,#231),.PCURVE_S1.);
#220 = LINE('',#221,#222);
#221 = CARTESIAN_POINT('',(-13.8,-150.,125.));
#222 = VECTOR('',#223,1.);
#223 = DIRECTION('',(-0.,0.,-1.));
#224 = PCURVE('',#44,#225);
#225 = DEFINITIONAL_REPRESENTATION('',(#226),#230);
#226 = LINE('',#227,#228);
#227 = CARTESIAN_POINT('',(250.,86.2));
#228 = VECTOR('',#229,1.);
#229 = DIRECTION('',(-1.,0.));
#230 = ( GEOMETRIC_REPRESENTATION_CONTEXT(2) 
PARAMETRIC_REPRESENTATION_CONTEXT() REPRESENTATION_CONTEXT('2D SPACE',''
  ) );
#231 = PCURVE('',#232,#237);
#232 = PLANE('',#233);
#233 = AXIS2_PLACEMENT_3D('',#234,#235,#236);
#234 = CARTESIAN_POINT('',(-13.8,150.,125.));
#235 = DIRECTION('',(-1.,0.,0.));
#236 = DIRECTION('',(0.,-1.,0.));
#237 = DEFINITIONAL_REPRESENTATION('',(#238),#242);
#238 = LINE('',#239,#240);
#239 = CARTESIAN_POINT('',(300.,0.));
#240 = VECTOR('',#241,1.);
#241 = DIRECTION('',(0.,-1.));
#242 = ( GEOMETRIC_REPRESENTATION_CONTEXT(2) 
PARAMETRIC_REPRESENTATION_CONTEXT() REPRESENTATION_CONTEXT('2D SPACE',''
  ) );
#243 = ORIENTED_EDGE('',*,*,#244,.T.);
#244 = EDGE_CURVE('',#217,#245,#247,.T.);
#245 = VERTEX_POINT('',#246);
#246 = CARTESIAN_POINT('',(62.6,-150.,97.));
#247 = SURFACE_CURVE('',#248,(#252,#259),.PCURVE_S1.);
#248 = LINE('',#249,#250);
#249 = CARTESIAN_POINT('',(-13.8,-150.,97.));
#250 = VECTOR('',#251,1.);
#251 = DIRECTION('',(1.,0.,0.));
#252 = PCURVE('',#44,#253);
#253 = DEFINITIONAL_REPRESENTATION('',(#254),#258);
#254 = LINE('',#255,#256);
#255 = CARTESIAN_POINT('',(222.,86.2));
#256 = VECTOR('',#257,1.);
#257 = DIRECTION('',(0.,1.));
#258 = ( GEOMETRIC_REPRESENTATION_CONTEXT(2) 
PARAMETRIC_REPRESENTATION_CONTEXT() REPRESENTATION_CONTEXT('2D SPACE',''
  ) );
#259 = PCURVE('',#260,#265);
#260 = PLANE('',#261);
#261 = AXIS2_PLACEMENT_3D('',#262,#263,#264);
#262 = CARTESIAN_POINT('',(24.4,2.416298357526E-15,97.));
#263 = DIRECTION('',(0.,1.78842004726E-33,1.));
#264 = DIRECTION('',(0.,1.,-1.78842004726E-33));
#265 = DEFINITIONAL_REPRESENTATION('',(#266),#270);
#266 = LINE('',#267,#268);
#267 = CARTESIAN_POINT('',(-150.,38.2));
#268 = VECTOR('',#269,1.);
#269 = DIRECTION('',(0.,-1.));
#270 = ( GEOMETRIC_REPRESENTATION_CONTEXT(2) 
PARAMETRIC_REPRESENTATION_CONTEXT() REPRESENTATION_CONTEXT('2D SPACE',''
  ) );
#271 = ORIENTED_EDGE('',*,*,#272,.F.);
#272 = EDGE_CURVE('',#273,#245,#275,.T.);
#273 = VERTEX_POINT('',#274);
#274 = CARTESIAN_POINT('',(62.6,-150.,125.));
#275 = SURFACE_CURVE('',#276,(#280,#287),.PCURVE_S1.);
#276 = LINE('',#277,#278);
#277 = CARTESIAN_POINT('',(62.6,-150.,125.));
#278 = VECTOR('',#279,1.);
#279 = DIRECTION('',(-0.,0.,-1.));
#280 = PCURVE('',#44,#281);
#281 = DEFINITIONAL_REPRESENTATION('',(#282),#286);
#282 = LINE('',#283,#284);
#283 = CARTESIAN_POINT('',(250.,162.6));
#284 = VECTOR('',#285,1.);
#285 = DIRECTION('',(-1.,0.));
#286 = ( GEOMETRIC_REPRESENTATION_CONTEXT(2) 
PARAMETRIC_REPRESENTATION_CONTEXT() REPRESENTATION_CONTEXT('2D SPACE',''
  ) );
#287 = PCURVE('',#288,#293);
#288 = PLANE('',#289);
#289 = AXIS2_PLACEMENT_3D('',#290,#291,#292);
#290 = CARTESIAN_POINT('',(62.6,-150.,125.));
#291 = DIRECTION('',(1.,0.,-0.));
#292 = DIRECTION('',(0.,1.,0.));
#293 = DEFINITIONAL_REPRESENTATION('',(#294),#298);
#294 = LINE('',#295,#296);
#295 = CARTESIAN_POINT('',(0.,0.));
#296 = VECTOR('',#297,1.);
#297 = DIRECTION('',(0.,-1.));
#298 = ( GEOMETRIC_REPRESENTATION_CONTEXT(2) 
PARAMETRIC_REPRESENTATION_CONTEXT() REPRESENTATION_CONTEXT('2D SPACE',''
  ) );
#299 = ORIENTED_EDGE('',*,*,#300,.T.);
#300 = EDGE_CURVE('',#273,#144,#301,.T.);
#301 = SURFACE_CURVE('',#302,(#306,#313),.PCURVE_S1.);
#302 = LINE('',#303,#304);
#303 = CARTESIAN_POINT('',(-100.,-150.,125.));
#304 = VECTOR('',#305,1.);
#305 = DIRECTION('',(1.,0.,0.));
#306 = PCURVE('',#44,#307);
#307 = DEFINITIONAL_REPRESENTATION('',(#308),#312);
#308 = LINE('',#309,#310);
#309 = CARTESIAN_POINT('',(250.,0.));
#310 = VECTOR('',#311,1.);
#311 = DIRECTION('',(0.,1.));
#312 = ( GEOMETRIC_REPRESENTATION_CONTEXT(2) 
PARAMETRIC_REPRESENTATION_CONTEXT() REPRESENTATION_CONTEXT('2D SPACE',''
  ) );
#313 = PCURVE('',#314,#319);
#314 = PLANE('',#315);
#315 = AXIS2_PLACEMENT_3D('',#316,#317,#318);
#316 = CARTESIAN_POINT('',(-100.,-150.,125.));
#317 = DIRECTION('',(0.,0.,1.));
#318 = DIRECTION('',(1.,0.,0.));
#319 = DEFINITIONAL_REPRESENTATION('',(#320),#324);
#320 = LINE('',#321,#322);
#321 = CARTESIAN_POINT('',(0.,0.));
#322 = VECTOR('',#323,1.);
#323 = DIRECTION('',(1.,0.));
#324 = ( GEOMETRIC_REPRESENTATION_CONTEXT(2) 
PARAMETRIC_REPRESENTATION_CONTEXT() REPRESENTATION_CONTEXT('2D SPACE',''
  ) );
#325 = ADVANCED_FACE('',(#326),#126,.T.);
#326 = FACE_BOUND('',#327,.T.);
#327 = EDGE_LOOP('',(#328,#351,#352,#353));
#328 = ORIENTED_EDGE('',*,*,#329,.F.);
#329 = EDGE_CURVE('',#85,#330,#332,.T.);
#330 = VERTEX_POINT('',#331);
#331 = CARTESIAN_POINT('',(-13.8,150.,125.));
#332 = SURFACE_CURVE('',#333,(#337,#344),.PCURVE_S1.);
#333 = LINE('',#334,#335);
#334 = CARTESIAN_POINT('',(-100.,150.,125.));
#335 = VECTOR('',#336,1.);
#336 = DIRECTION('',(1.,0.,0.));
#337 = PCURVE('',#126,#338);
#338 = DEFINITIONAL_REPRESENTATION('',(#339),#343);
#339 = LINE('',#340,#341);
#340 = CARTESIAN_POINT('',(0.,300.));
#341 = VECTOR('',#342,1.);
#342 = DIRECTION('',(1.,0.));
#343 = ( GEOMETRIC_REPRESENTATION_CONTEXT(2) 
PARAMETRIC_REPRESENTATION_CONTEXT() REPRESENTATION_CONTEXT('2D SPACE',''
  ) );
#344 = PCURVE('',#100,#345);
#345 = DEFINITIONAL_REPRESENTATION('',(#346),#350);
#346 = LINE('',#347,#348);
#347 = CARTESIAN_POINT('',(250.,0.));
#348 = VECTOR('',#349,1.);
#349 = DIRECTION('',(0.,1.));
#350 = ( GEOMETRIC_REPRESENTATION_CONTEXT(2) 
PARAMETRIC_REPRESENTATION_CONTEXT() REPRESENTATION_CONTEXT('2D SPACE',''
  ) );
#351 = ORIENTED_EDGE('',*,*,#112,.F.);
#352 = ORIENTED_EDGE('',*,*,#193,.T.);
#353 = ORIENTED_EDGE('',*,*,#354,.F.);
#354 = EDGE_CURVE('',#330,#194,#355,.T.);
#355 = SURFACE_CURVE('',#356,(#360,#367),.PCURVE_S1.);
#356 = LINE('',#357,#358);
#357 = CARTESIAN_POINT('',(-13.8,150.,125.));
#358 = VECTOR('',#359,1.);
#359 = DIRECTION('',(0.,-1.,0.));
#360 = PCURVE('',#126,#361);
#361 = DEFINITIONAL_REPRESENTATION('',(#362),#366);
#362 = LINE('',#363,#364);
#363 = CARTESIAN_POINT('',(86.2,300.));
#364 = VECTOR('',#365,1.);
#365 = DIRECTION('',(0.,-1.));
#366 = ( GEOMETRIC_REPRESENTATION_CONTEXT(2) 
PARAMETRIC_REPRESENTATION_CONTEXT() REPRESENTATION_CONTEXT('2D SPACE',''
  ) );
#367 = PCURVE('',#232,#368);
#368 = DEFINITIONAL_REPRESENTATION('',(#369),#373);
#369 = LINE('',#370,#371);
#370 = CARTESIAN_POINT('',(0.,0.));
#371 = VECTOR('',#372,1.);
#372 = DIRECTION('',(1.,0.));
#373 = ( GEOMETRIC_REPRESENTATION_CONTEXT(2) 
PARAMETRIC_REPRESENTATION_CONTEXT() REPRESENTATION_CONTEXT('2D SPACE',''
  ) );
#374 = ADVANCED_FACE('',(#375),#100,.T.);
#375 = FACE_BOUND('',#376,.T.);
#376 = EDGE_LOOP('',(#377,#402,#423,#424,#425,#448,#471,#494));
#377 = ORIENTED_EDGE('',*,*,#378,.F.);
#378 = EDGE_CURVE('',#379,#381,#383,.T.);
#379 = VERTEX_POINT('',#380);
#380 = CARTESIAN_POINT('',(100.,150.,-125.));
#381 = VERTEX_POINT('',#382);
#382 = CARTESIAN_POINT('',(100.,150.,125.));
#383 = SURFACE_CURVE('',#384,(#388,#395),.PCURVE_S1.);
#384 = LINE('',#385,#386);
#385 = CARTESIAN_POINT('',(100.,150.,-125.));
#386 = VECTOR('',#387,1.);
#387 = DIRECTION('',(0.,0.,1.));
#388 = PCURVE('',#100,#389);
#389 = DEFINITIONAL_REPRESENTATION('',(#390),#394);
#390 = LINE('',#391,#392);
#391 = CARTESIAN_POINT('',(0.,200.));
#392 = VECTOR('',#393,1.);
#393 = DIRECTION('',(1.,0.));
#394 = ( GEOMETRIC_REPRESENTATION_CONTEXT(2) 
PARAMETRIC_REPRESENTATION_CONTEXT() REPRESENTATION_CONTEXT('2D SPACE',''
  ) );
#395 = PCURVE('',#159,#396);
#396 = DEFINITIONAL_REPRESENTATION('',(#397),#401);
#397 = LINE('',#398,#399);
#398 = CARTESIAN_POINT('',(0.,-300.));
#399 = VECTOR('',#400,1.);
#400 = DIRECTION('',(1.,0.));
#401 = ( GEOMETRIC_REPRESENTATION_CONTEXT(2) 
PARAMETRIC_REPRESENTATION_CONTEXT() REPRESENTATION_CONTEXT('2D SPACE',''
  ) );
#402 = ORIENTED_EDGE('',*,*,#403,.F.);
#403 = EDGE_CURVE('',#57,#379,#404,.T.);
#404 = SURFACE_CURVE('',#405,(#409,#416),.PCURVE_S1.);
#405 = LINE('',#406,#407);
#406 = CARTESIAN_POINT('',(-100.,150.,-125.));
#407 = VECTOR('',#408,1.);
#408 = DIRECTION('',(1.,0.,0.));
#409 = PCURVE('',#100,#410);
#410 = DEFINITIONAL_REPRESENTATION('',(#411),#415);
#411 = LINE('',#412,#413);
#412 = CARTESIAN_POINT('',(0.,0.));
#413 = VECTOR('',#414,1.);
#414 = DIRECTION('',(0.,1.));
#415 = ( GEOMETRIC_REPRESENTATION_CONTEXT(2) 
PARAMETRIC_REPRESENTATION_CONTEXT() REPRESENTATION_CONTEXT('2D SPACE',''
  ) );
#416 = PCURVE('',#72,#417);
#417 = DEFINITIONAL_REPRESENTATION('',(#418),#422);
#418 = LINE('',#419,#420);
#419 = CARTESIAN_POINT('',(0.,300.));
#420 = VECTOR('',#421,1.);
#421 = DIRECTION('',(1.,0.));
#422 = ( GEOMETRIC_REPRESENTATION_CONTEXT(2) 
PARAMETRIC_REPRESENTATION_CONTEXT() REPRESENTATION_CONTEXT('2D SPACE',''
  ) );
#423 = ORIENTED_EDGE('',*,*,#84,.T.);
#424 = ORIENTED_EDGE('',*,*,#329,.T.);
#425 = ORIENTED_EDGE('',*,*,#426,.T.);
#426 = EDGE_CURVE('',#330,#427,#429,.T.);
#427 = VERTEX_POINT('',#428);
#428 = CARTESIAN_POINT('',(-13.8,150.,97.));
#429 = SURFACE_CURVE('',#430,(#434,#441),.PCURVE_S1.);
#430 = LINE('',#431,#432);
#431 = CARTESIAN_POINT('',(-13.8,150.,125.));
#432 = VECTOR('',#433,1.);
#433 = DIRECTION('',(-0.,0.,-1.));
#434 = PCURVE('',#100,#435);
#435 = DEFINITIONAL_REPRESENTATION('',(#436),#440);
#436 = LINE('',#437,#438);
#437 = CARTESIAN_POINT('',(250.,86.2));
#438 = VECTOR('',#439,1.);
#439 = DIRECTION('',(-1.,0.));
#440 = ( GEOMETRIC_REPRESENTATION_CONTEXT(2) 
PARAMETRIC_REPRESENTATION_CONTEXT() REPRESENTATION_CONTEXT('2D SPACE',''
  ) );
#441 = PCURVE('',#232,#442);
#442 = DEFINITIONAL_REPRESENTATION('',(#443),#447);
#443 = LINE('',#444,#445);
#444 = CARTESIAN_POINT('',(0.,0.));
#445 = VECTOR('',#446,1.);
#446 = DIRECTION('',(0.,-1.));
#447 = ( GEOMETRIC_REPRESENTATION_CONTEXT(2) 
PARAMETRIC_REPRESENTATION_CONTEXT() REPRESENTATION_CONTEXT('2D SPACE',''
  ) );
#448 = ORIENTED_EDGE('',*,*,#449,.F.);
#449 = EDGE_CURVE('',#450,#427,#452,.T.);
#450 = VERTEX_POINT('',#451);
#451 = CARTESIAN_POINT('',(62.6,150.,97.));
#452 = SURFACE_CURVE('',#453,(#457,#464),.PCURVE_S1.);
#453 = LINE('',#454,#455);
#454 = CARTESIAN_POINT('',(62.6,150.,97.));
#455 = VECTOR('',#456,1.);
#456 = DIRECTION('',(-1.,0.,0.));
#457 = PCURVE('',#100,#458);
#458 = DEFINITIONAL_REPRESENTATION('',(#459),#463);
#459 = LINE('',#460,#461);
#460 = CARTESIAN_POINT('',(222.,162.6));
#461 = VECTOR('',#462,1.);
#462 = DIRECTION('',(0.,-1.));
#463 = ( GEOMETRIC_REPRESENTATION_CONTEXT(2) 
PARAMETRIC_REPRESENTATION_CONTEXT() REPRESENTATION_CONTEXT('2D SPACE',''
  ) );
#464 = PCURVE('',#260,#465);
#465 = DEFINITIONAL_REPRESENTATION('',(#466),#470);
#466 = LINE('',#467,#468);
#467 = CARTESIAN_POINT('',(150.,-38.2));
#468 = VECTOR('',#469,1.);
#469 = DIRECTION('',(0.,1.));
#470 = ( GEOMETRIC_REPRESENTATION_CONTEXT(2) 
PARAMETRIC_REPRESENTATION_CONTEXT() REPRESENTATION_CONTEXT('2D SPACE',''
  ) );
#471 = ORIENTED_EDGE('',*,*,#472,.F.);
#472 = EDGE_CURVE('',#473,#450,#475,.T.);
#473 = VERTEX_POINT('',#474);
#474 = CARTESIAN_POINT('',(62.6,150.,125.));
#475 = SURFACE_CURVE('',#476,(#480,#487),.PCURVE_S1.);
#476 = LINE('',#477,#478);
#477 = CARTESIAN_POINT('',(62.6,150.,125.));
#478 = VECTOR('',#479,1.);
#479 = DIRECTION('',(-0.,0.,-1.));
#480 = PCURVE('',#100,#481);
#481 = DEFINITIONAL_REPRESENTATION('',(#482),#486);
#482 = LINE('',#483,#484);
#483 = CARTESIAN_POINT('',(250.,162.6));
#484 = VECTOR('',#485,1.);
#485 = DIRECTION('',(-1.,0.));
#486 = ( GEOMETRIC_REPRESENTATION_CONTEXT(2) 
PARAMETRIC_REPRESENTATION_CONTEXT() REPRESENTATION_CONTEXT('2D SPACE',''
  ) );
#487 = PCURVE('',#288,#488);
#488 = DEFINITIONAL_REPRESENTATION('',(#489),#493);
#489 = LINE('',#490,#491);
#490 = CARTESIAN_POINT('',(300.,0.));
#491 = VECTOR('',#492,1.);
#492 = DIRECTION('',(0.,-1.));
#493 = ( GEOMETRIC_REPRESENTATION_CONTEXT(2) 
PARAMETRIC_REPRESENTATION_CONTEXT() REPRESENTATION_CONTEXT('2D SPACE',''
  ) );
#494 = ORIENTED_EDGE('',*,*,#495,.T.);
#495 = EDGE_CURVE('',#473,#381,#496,.T.);
#496 = SURFACE_CURVE('',#497,(#501,#508),.PCURVE_S1.);
#497 = LINE('',#498,#499);
#498 = CARTESIAN_POINT('',(-100.,150.,125.));
#499 = VECTOR('',#500,1.);
#500 = DIRECTION('',(1.,0.,0.));
#501 = PCURVE('',#100,#502);
#502 = DEFINITIONAL_REPRESENTATION('',(#503),#507);
#503 = LINE('',#504,#505);
#504 = CARTESIAN_POINT('',(250.,0.));
#505 = VECTOR('',#506,1.);
#506 = DIRECTION('',(0.,1.));
#507 = ( GEOMETRIC_REPRESENTATION_CONTEXT(2) 
PARAMETRIC_REPRESENTATION_CONTEXT() REPRESENTATION_CONTEXT('2D SPACE',''
  ) );
#508 = PCURVE('',#314,#509);
#509 = DEFINITIONAL_REPRESENTATION('',(#510),#514);
#510 = LINE('',#511,#512);
#511 = CARTESIAN_POINT('',(0.,300.));
#512 = VECTOR('',#513,1.);
#513 = DIRECTION('',(1.,0.));
#514 = ( GEOMETRIC_REPRESENTATION_CONTEXT(2) 
PARAMETRIC_REPRESENTATION_CONTEXT() REPRESENTATION_CONTEXT('2D SPACE',''
  ) );
#515 = ADVANCED_FACE('',(#516),#72,.F.);
#516 = FACE_BOUND('',#517,.F.);
#517 = EDGE_LOOP('',(#518,#519,#520,#541));
#518 = ORIENTED_EDGE('',*,*,#56,.F.);
#519 = ORIENTED_EDGE('',*,*,#171,.T.);
#520 = ORIENTED_EDGE('',*,*,#521,.T.);
#521 = EDGE_CURVE('',#142,#379,#522,.T.);
#522 = SURFACE_CURVE('',#523,(#527,#534),.PCURVE_S1.);
#523 = LINE('',#524,#525);
#524 = CARTESIAN_POINT('',(100.,-150.,-125.));
#525 = VECTOR('',#526,1.);
#526 = DIRECTION('',(0.,1.,0.));
#527 = PCURVE('',#72,#528);
#528 = DEFINITIONAL_REPRESENTATION('',(#529),#533);
#529 = LINE('',#530,#531);
#530 = CARTESIAN_POINT('',(200.,0.));
#531 = VECTOR('',#532,1.);
#532 = DIRECTION('',(0.,1.));
#533 = ( GEOMETRIC_REPRESENTATION_CONTEXT(2) 
PARAMETRIC_REPRESENTATION_CONTEXT() REPRESENTATION_CONTEXT('2D SPACE',''
  ) );
#534 = PCURVE('',#159,#535);
#535 = DEFINITIONAL_REPRESENTATION('',(#536),#540);
#536 = LINE('',#537,#538);
#537 = CARTESIAN_POINT('',(0.,0.));
#538 = VECTOR('',#539,1.);
#539 = DIRECTION('',(0.,-1.));
#540 = ( GEOMETRIC_REPRESENTATION_CONTEXT(2) 
PARAMETRIC_REPRESENTATION_CONTEXT() REPRESENTATION_CONTEXT('2D SPACE',''
  ) );
#541 = ORIENTED_EDGE('',*,*,#403,.F.);
#542 = ADVANCED_FACE('',(#543,#569,#693,#724,#755,#786,#817),#159,.T.);
#543 = FACE_BOUND('',#544,.T.);
#544 = EDGE_LOOP('',(#545,#546,#547,#548));
#545 = ORIENTED_EDGE('',*,*,#141,.F.);
#546 = ORIENTED_EDGE('',*,*,#521,.T.);
#547 = ORIENTED_EDGE('',*,*,#378,.T.);
#548 = ORIENTED_EDGE('',*,*,#549,.F.);
#549 = EDGE_CURVE('',#144,#381,#550,.T.);
#550 = SURFACE_CURVE('',#551,(#555,#562),.PCURVE_S1.);
#551 = LINE('',#552,#553);
#552 = CARTESIAN_POINT('',(100.,-150.,125.));
#553 = VECTOR('',#554,1.);
#554 = DIRECTION('',(0.,1.,0.));
#555 = PCURVE('',#159,#556);
#556 = DEFINITIONAL_REPRESENTATION('',(#557),#561);
#557 = LINE('',#558,#559);
#558 = CARTESIAN_POINT('',(250.,0.));
#559 = VECTOR('',#560,1.);
#560 = DIRECTION('',(0.,-1.));
#561 = ( GEOMETRIC_REPRESENTATION_CONTEXT(2) 
PARAMETRIC_REPRESENTATION_CONTEXT() REPRESENTATION_CONTEXT('2D SPACE',''
  ) );
#562 = PCURVE('',#314,#563);
#563 = DEFINITIONAL_REPRESENTATION('',(#564),#568);
#564 = LINE('',#565,#566);
#565 = CARTESIAN_POINT('',(200.,0.));
#566 = VECTOR('',#567,1.);
#567 = DIRECTION('',(0.,1.));
#568 = ( GEOMETRIC_REPRESENTATION_CONTEXT(2) 
PARAMETRIC_REPRESENTATION_CONTEXT() REPRESENTATION_CONTEXT('2D SPACE',''
  ) );
#569 = FACE_BOUND('',#570,.T.);
#570 = EDGE_LOOP('',(#571,#606,#634,#667));
#571 = ORIENTED_EDGE('',*,*,#572,.T.);
#572 = EDGE_CURVE('',#573,#575,#577,.T.);
#573 = VERTEX_POINT('',#574);
#574 = CARTESIAN_POINT('',(100.,109.55,1.125));
#575 = VERTEX_POINT('',#576);
#576 = CARTESIAN_POINT('',(100.,147.55,1.125));
#577 = SURFACE_CURVE('',#578,(#583,#594),.PCURVE_S1.);
#578 = CIRCLE('',#579,19.);
#579 = AXIS2_PLACEMENT_3D('',#580,#581,#582);
#580 = CARTESIAN_POINT('',(100.,128.55,1.125));
#581 = DIRECTION('',(-1.,-0.,0.));
#582 = DIRECTION('',(0.,-1.,-6.123233995737E-17));
#583 = PCURVE('',#159,#584);
#584 = DEFINITIONAL_REPRESENTATION('',(#585),#593);
#585 = ( BOUNDED_CURVE() B_SPLINE_CURVE(2,(#586,#587,#588,#589,#590,#591
,#592),.UNSPECIFIED.,.T.,.F.) B_SPLINE_CURVE_WITH_KNOTS((1,2,2,2,2,1),(
    -2.094395102393,0.,2.094395102393,4.188790204786,6.28318530718,
8.377580409573),.UNSPECIFIED.) CURVE() GEOMETRIC_REPRESENTATION_ITEM() 
RATIONAL_B_SPLINE_CURVE((1.,0.5,1.,0.5,1.,0.5,1.)) REPRESENTATION_ITEM(
  '') );
#586 = CARTESIAN_POINT('',(126.125,-259.55));
#587 = CARTESIAN_POINT('',(159.0339653438,-259.55));
#588 = CARTESIAN_POINT('',(142.5794826719,-288.05));
#589 = CARTESIAN_POINT('',(126.125,-316.55));
#590 = CARTESIAN_POINT('',(109.67051732809,-288.05));
#591 = CARTESIAN_POINT('',(93.216034656191,-259.55));
#592 = CARTESIAN_POINT('',(126.125,-259.55));
#593 = ( GEOMETRIC_REPRESENTATION_CONTEXT(2) 
PARAMETRIC_REPRESENTATION_CONTEXT() REPRESENTATION_CONTEXT('2D SPACE',''
  ) );
#594 = PCURVE('',#595,#600);
#595 = CYLINDRICAL_SURFACE('',#596,19.);
#596 = AXIS2_PLACEMENT_3D('',#597,#598,#599);
#597 = CARTESIAN_POINT('',(100.,128.55,1.125));
#598 = DIRECTION('',(1.,0.,-0.));
#599 = DIRECTION('',(0.,-1.,-6.123233995737E-17));
#600 = DEFINITIONAL_REPRESENTATION('',(#601),#605);
#601 = LINE('',#602,#603);
#602 = CARTESIAN_POINT('',(-0.,0.));
#603 = VECTOR('',#604,1.);
#604 = DIRECTION('',(-1.,0.));
#605 = ( GEOMETRIC_REPRESENTATION_CONTEXT(2) 
PARAMETRIC_REPRESENTATION_CONTEXT() REPRESENTATION_CONTEXT('2D SPACE',''
  ) );
#606 = ORIENTED_EDGE('',*,*,#607,.T.);
#607 = EDGE_CURVE('',#575,#608,#610,.T.);
#608 = VERTEX_POINT('',#609);
#609 = CARTESIAN_POINT('',(100.,147.55,-62.875));
#610 = SURFACE_CURVE('',#611,(#615,#622),.PCURVE_S1.);
#611 = LINE('',#612,#613);
#612 = CARTESIAN_POINT('',(100.,147.55,1.125));
#613 = VECTOR('',#614,1.);
#614 = DIRECTION('',(0.,0.,-1.));
#615 = PCURVE('',#159,#616);
#616 = DEFINITIONAL_REPRESENTATION('',(#617),#621);
#617 = LINE('',#618,#619);
#618 = CARTESIAN_POINT('',(126.125,-297.55));
#619 = VECTOR('',#620,1.);
#620 = DIRECTION('',(-1.,0.));
#621 = ( GEOMETRIC_REPRESENTATION_CONTEXT(2) 
PARAMETRIC_REPRESENTATION_CONTEXT() REPRESENTATION_CONTEXT('2D SPACE',''
  ) );
#622 = PCURVE('',#623,#628);
#623 = PLANE('',#624);
#624 = AXIS2_PLACEMENT_3D('',#625,#626,#627);
#625 = CARTESIAN_POINT('',(100.,147.55,1.125));
#626 = DIRECTION('',(0.,-1.,0.));
#627 = DIRECTION('',(0.,0.,-1.));
#628 = DEFINITIONAL_REPRESENTATION('',(#629),#633);
#629 = LINE('',#630,#631);
#630 = CARTESIAN_POINT('',(0.,0.));
#631 = VECTOR('',#632,1.);
#632 = DIRECTION('',(1.,0.));
#633 = ( GEOMETRIC_REPRESENTATION_CONTEXT(2) 
PARAMETRIC_REPRESENTATION_CONTEXT() REPRESENTATION_CONTEXT('2D SPACE',''
  ) );
#634 = ORIENTED_EDGE('',*,*,#635,.T.);
#635 = EDGE_CURVE('',#608,#636,#638,.T.);
#636 = VERTEX_POINT('',#637);
#637 = CARTESIAN_POINT('',(100.,109.55,-62.875));
#638 = SURFACE_CURVE('',#639,(#644,#655),.PCURVE_S1.);
#639 = CIRCLE('',#640,19.);
#640 = AXIS2_PLACEMENT_3D('',#641,#642,#643);
#641 = CARTESIAN_POINT('',(100.,128.55,-62.875));
#642 = DIRECTION('',(-1.,0.,-0.));
#643 = DIRECTION('',(-0.,1.,6.123233995737E-17));
#644 = PCURVE('',#159,#645);
#645 = DEFINITIONAL_REPRESENTATION('',(#646),#654);
#646 = ( BOUNDED_CURVE() B_SPLINE_CURVE(2,(#647,#648,#649,#650,#651,#652
,#653),.UNSPECIFIED.,.T.,.F.) B_SPLINE_CURVE_WITH_KNOTS((1,2,2,2,2,1),(
    -2.094395102393,0.,2.094395102393,4.188790204786,6.28318530718,
8.377580409573),.UNSPECIFIED.) CURVE() GEOMETRIC_REPRESENTATION_ITEM() 
RATIONAL_B_SPLINE_CURVE((1.,0.5,1.,0.5,1.,0.5,1.)) REPRESENTATION_ITEM(
  '') );
#647 = CARTESIAN_POINT('',(62.125,-297.55));
#648 = CARTESIAN_POINT('',(29.216034656191,-297.55));
#649 = CARTESIAN_POINT('',(45.670517328096,-269.05));
#650 = CARTESIAN_POINT('',(62.125,-240.55));
#651 = CARTESIAN_POINT('',(78.579482671904,-269.05));
#652 = CARTESIAN_POINT('',(95.033965343809,-297.55));
#653 = CARTESIAN_POINT('',(62.125,-297.55));
#654 = ( GEOMETRIC_REPRESENTATION_CONTEXT(2) 
PARAMETRIC_REPRESENTATION_CONTEXT() REPRESENTATION_CONTEXT('2D SPACE',''
  ) );
#655 = PCURVE('',#656,#661);
#656 = CYLINDRICAL_SURFACE('',#657,19.);
#657 = AXIS2_PLACEMENT_3D('',#658,#659,#660);
#658 = CARTESIAN_POINT('',(100.,128.55,-62.875));
#659 = DIRECTION('',(1.,-0.,0.));
#660 = DIRECTION('',(-0.,1.,6.123233995737E-17));
#661 = DEFINITIONAL_REPRESENTATION('',(#662),#666);
#662 = LINE('',#663,#664);
#663 = CARTESIAN_POINT('',(-0.,0.));
#664 = VECTOR('',#665,1.);
#665 = DIRECTION('',(-1.,0.));
#666 = ( GEOMETRIC_REPRESENTATION_CONTEXT(2) 
PARAMETRIC_REPRESENTATION_CONTEXT() REPRESENTATION_CONTEXT('2D SPACE',''
  ) );
#667 = ORIENTED_EDGE('',*,*,#668,.T.);
#668 = EDGE_CURVE('',#636,#573,#669,.T.);
#669 = SURFACE_CURVE('',#670,(#674,#681),.PCURVE_S1.);
#670 = LINE('',#671,#672);
#671 = CARTESIAN_POINT('',(100.,109.55,-62.875));
#672 = VECTOR('',#673,1.);
#673 = DIRECTION('',(0.,-0.,1.));
#674 = PCURVE('',#159,#675);
#675 = DEFINITIONAL_REPRESENTATION('',(#676),#680);
#676 = LINE('',#677,#678);
#677 = CARTESIAN_POINT('',(62.125,-259.55));
#678 = VECTOR('',#679,1.);
#679 = DIRECTION('',(1.,0.));
#680 = ( GEOMETRIC_REPRESENTATION_CONTEXT(2) 
PARAMETRIC_REPRESENTATION_CONTEXT() REPRESENTATION_CONTEXT('2D SPACE',''
  ) );
#681 = PCURVE('',#682,#687);
#682 = PLANE('',#683);
#683 = AXIS2_PLACEMENT_3D('',#684,#685,#686);
#684 = CARTESIAN_POINT('',(100.,109.55,-62.875));
#685 = DIRECTION('',(-0.,1.,0.));
#686 = DIRECTION('',(0.,0.,1.));
#687 = DEFINITIONAL_REPRESENTATION('',(#688),#692);
#688 = LINE('',#689,#690);
#689 = CARTESIAN_POINT('',(0.,0.));
#690 = VECTOR('',#691,1.);
#691 = DIRECTION('',(1.,0.));
#692 = ( GEOMETRIC_REPRESENTATION_CONTEXT(2) 
PARAMETRIC_REPRESENTATION_CONTEXT() REPRESENTATION_CONTEXT('2D SPACE',''
  ) );
#693 = FACE_BOUND('',#694,.T.);
#694 = EDGE_LOOP('',(#695));
#695 = ORIENTED_EDGE('',*,*,#696,.F.);
#696 = EDGE_CURVE('',#697,#697,#699,.T.);
#697 = VERTEX_POINT('',#698);
#698 = CARTESIAN_POINT('',(100.,75.,-54.5));
#699 = SURFACE_CURVE('',#700,(#705,#712),.PCURVE_S1.);
#700 = CIRCLE('',#701,8.);
#701 = AXIS2_PLACEMENT_3D('',#702,#703,#704);
#702 = CARTESIAN_POINT('',(100.,75.,-62.5));
#703 = DIRECTION('',(1.,0.,-0.));
#704 = DIRECTION('',(0.,0.,1.));
#705 = PCURVE('',#159,#706);
#706 = DEFINITIONAL_REPRESENTATION('',(#707),#711);
#707 = CIRCLE('',#708,8.);
#708 = AXIS2_PLACEMENT_2D('',#709,#710);
#709 = CARTESIAN_POINT('',(62.5,-225.));
#710 = DIRECTION('',(1.,0.));
#711 = ( GEOMETRIC_REPRESENTATION_CONTEXT(2) 
PARAMETRIC_REPRESENTATION_CONTEXT() REPRESENTATION_CONTEXT('2D SPACE',''
  ) );
#712 = PCURVE('',#713,#718);
#713 = CYLINDRICAL_SURFACE('',#714,8.);
#714 = AXIS2_PLACEMENT_3D('',#715,#716,#717);
#715 = CARTESIAN_POINT('',(100.,75.,-62.5));
#716 = DIRECTION('',(1.,0.,-0.));
#717 = DIRECTION('',(0.,0.,1.));
#718 = DEFINITIONAL_REPRESENTATION('',(#719),#723);
#719 = LINE('',#720,#721);
#720 = CARTESIAN_POINT('',(0.,0.));
#721 = VECTOR('',#722,1.);
#722 = DIRECTION('',(1.,0.));
#723 = ( GEOMETRIC_REPRESENTATION_CONTEXT(2) 
PARAMETRIC_REPRESENTATION_CONTEXT() REPRESENTATION_CONTEXT('2D SPACE',''
  ) );
#724 = FACE_BOUND('',#725,.T.);
#725 = EDGE_LOOP('',(#726));
#726 = ORIENTED_EDGE('',*,*,#727,.F.);
#727 = EDGE_CURVE('',#728,#728,#730,.T.);
#728 = VERTEX_POINT('',#729);
#729 = CARTESIAN_POINT('',(100.,75.,70.5));
#730 = SURFACE_CURVE('',#731,(#736,#743),.PCURVE_S1.);
#731 = CIRCLE('',#732,8.);
#732 = AXIS2_PLACEMENT_3D('',#733,#734,#735);
#733 = CARTESIAN_POINT('',(100.,75.,62.5));
#734 = DIRECTION('',(1.,0.,-0.));
#735 = DIRECTION('',(0.,0.,1.));
#736 = PCURVE('',#159,#737);
#737 = DEFINITIONAL_REPRESENTATION('',(#738),#742);
#738 = CIRCLE('',#739,8.);
#739 = AXIS2_PLACEMENT_2D('',#740,#741);
#740 = CARTESIAN_POINT('',(187.5,-225.));
#741 = DIRECTION('',(1.,0.));
#742 = ( GEOMETRIC_REPRESENTATION_CONTEXT(2) 
PARAMETRIC_REPRESENTATION_CONTEXT() REPRESENTATION_CONTEXT('2D SPACE',''
  ) );
#743 = PCURVE('',#744,#749);
#744 = CYLINDRICAL_SURFACE('',#745,8.);
#745 = AXIS2_PLACEMENT_3D('',#746,#747,#748);
#746 = CARTESIAN_POINT('',(100.,75.,62.5));
#747 = DIRECTION('',(1.,0.,-0.));
#748 = DIRECTION('',(0.,0.,1.));
#749 = DEFINITIONAL_REPRESENTATION('',(#750),#754);
#750 = LINE('',#751,#752);
#751 = CARTESIAN_POINT('',(0.,0.));
#752 = VECTOR('',#753,1.);
#753 = DIRECTION('',(1.,0.));
#754 = ( GEOMETRIC_REPRESENTATION_CONTEXT(2) 
PARAMETRIC_REPRESENTATION_CONTEXT() REPRESENTATION_CONTEXT('2D SPACE',''
  ) );
#755 = FACE_BOUND('',#756,.T.);
#756 = EDGE_LOOP('',(#757));
#757 = ORIENTED_EDGE('',*,*,#758,.F.);
#758 = EDGE_CURVE('',#759,#759,#761,.T.);
#759 = VERTEX_POINT('',#760);
#760 = CARTESIAN_POINT('',(100.,-75.,-54.5));
#761 = SURFACE_CURVE('',#762,(#767,#774),.PCURVE_S1.);
#762 = CIRCLE('',#763,8.);
#763 = AXIS2_PLACEMENT_3D('',#764,#765,#766);
#764 = CARTESIAN_POINT('',(100.,-75.,-62.5));
#765 = DIRECTION('',(1.,0.,-0.));
#766 = DIRECTION('',(0.,0.,1.));
#767 = PCURVE('',#159,#768);
#768 = DEFINITIONAL_REPRESENTATION('',(#769),#773);
#769 = CIRCLE('',#770,8.);
#770 = AXIS2_PLACEMENT_2D('',#771,#772);
#771 = CARTESIAN_POINT('',(62.5,-75.));
#772 = DIRECTION('',(1.,0.));
#773 = ( GEOMETRIC_REPRESENTATION_CONTEXT(2) 
PARAMETRIC_REPRESENTATION_CONTEXT() REPRESENTATION_CONTEXT('2D SPACE',''
  ) );
#774 = PCURVE('',#775,#780);
#775 = CYLINDRICAL_SURFACE('',#776,8.);
#776 = AXIS2_PLACEMENT_3D('',#777,#778,#779);
#777 = CARTESIAN_POINT('',(100.,-75.,-62.5));
#778 = DIRECTION('',(1.,0.,-0.));
#779 = DIRECTION('',(0.,0.,1.));
#780 = DEFINITIONAL_REPRESENTATION('',(#781),#785);
#781 = LINE('',#782,#783);
#782 = CARTESIAN_POINT('',(0.,0.));
#783 = VECTOR('',#784,1.);
#784 = DIRECTION('',(1.,0.));
#785 = ( GEOMETRIC_REPRESENTATION_CONTEXT(2) 
PARAMETRIC_REPRESENTATION_CONTEXT() REPRESENTATION_CONTEXT('2D SPACE',''
  ) );
#786 = FACE_BOUND('',#787,.T.);
#787 = EDGE_LOOP('',(#788));
#788 = ORIENTED_EDGE('',*,*,#789,.F.);
#789 = EDGE_CURVE('',#790,#790,#792,.T.);
#790 = VERTEX_POINT('',#791);
#791 = CARTESIAN_POINT('',(100.,0.,8.));
#792 = SURFACE_CURVE('',#793,(#798,#805),.PCURVE_S1.);
#793 = CIRCLE('',#794,8.);
#794 = AXIS2_PLACEMENT_3D('',#795,#796,#797);
#795 = CARTESIAN_POINT('',(100.,0.,0.));
#796 = DIRECTION('',(1.,0.,-0.));
#797 = DIRECTION('',(0.,0.,1.));
#798 = PCURVE('',#159,#799);
#799 = DEFINITIONAL_REPRESENTATION('',(#800),#804);
#800 = CIRCLE('',#801,8.);
#801 = AXIS2_PLACEMENT_2D('',#802,#803);
#802 = CARTESIAN_POINT('',(125.,-150.));
#803 = DIRECTION('',(1.,0.));
#804 = ( GEOMETRIC_REPRESENTATION_CONTEXT(2) 
PARAMETRIC_REPRESENTATION_CONTEXT() REPRESENTATION_CONTEXT('2D SPACE',''
  ) );
#805 = PCURVE('',#806,#811);
#806 = CYLINDRICAL_SURFACE('',#807,8.);
#807 = AXIS2_PLACEMENT_3D('',#808,#809,#810);
#808 = CARTESIAN_POINT('',(100.,0.,0.));
#809 = DIRECTION('',(1.,0.,-0.));
#810 = DIRECTION('',(0.,0.,1.));
#811 = DEFINITIONAL_REPRESENTATION('',(#812),#816);
#812 = LINE('',#813,#814);
#813 = CARTESIAN_POINT('',(0.,0.));
#814 = VECTOR('',#815,1.);
#815 = DIRECTION('',(1.,0.));
#816 = ( GEOMETRIC_REPRESENTATION_CONTEXT(2) 
PARAMETRIC_REPRESENTATION_CONTEXT() REPRESENTATION_CONTEXT('2D SPACE',''
  ) );
#817 = FACE_BOUND('',#818,.T.);
#818 = EDGE_LOOP('',(#819));
#819 = ORIENTED_EDGE('',*,*,#820,.F.);
#820 = EDGE_CURVE('',#821,#821,#823,.T.);
#821 = VERTEX_POINT('',#822);
#822 = CARTESIAN_POINT('',(100.,-75.,70.5));
#823 = SURFACE_CURVE('',#824,(#829,#836),.PCURVE_S1.);
#824 = CIRCLE('',#825,8.);
#825 = AXIS2_PLACEMENT_3D('',#826,#827,#828);
#826 = CARTESIAN_POINT('',(100.,-75.,62.5));
#827 = DIRECTION('',(1.,0.,-0.));
#828 = DIRECTION('',(0.,0.,1.));
#829 = PCURVE('',#159,#830);
#830 = DEFINITIONAL_REPRESENTATION('',(#831),#835);
#831 = CIRCLE('',#832,8.);
#832 = AXIS2_PLACEMENT_2D('',#833,#834);
#833 = CARTESIAN_POINT('',(187.5,-75.));
#834 = DIRECTION('',(1.,0.));
#835 = ( GEOMETRIC_REPRESENTATION_CONTEXT(2) 
PARAMETRIC_REPRESENTATION_CONTEXT() REPRESENTATION_CONTEXT('2D SPACE',''
  ) );
#836 = PCURVE('',#837,#842);
#837 = CYLINDRICAL_SURFACE('',#838,8.);
#838 = AXIS2_PLACEMENT_3D('',#839,#840,#841);
#839 = CARTESIAN_POINT('',(100.,-75.,62.5));
#840 = DIRECTION('',(1.,0.,-0.));
#841 = DIRECTION('',(0.,0.,1.));
#842 = DEFINITIONAL_REPRESENTATION('',(#843),#847);
#843 = LINE('',#844,#845);
#844 = CARTESIAN_POINT('',(0.,0.));
#845 = VECTOR('',#846,1.);
#846 = DIRECTION('',(1.,0.));
#847 = ( GEOMETRIC_REPRESENTATION_CONTEXT(2) 
PARAMETRIC_REPRESENTATION_CONTEXT() REPRESENTATION_CONTEXT('2D SPACE',''
  ) );
#848 = ADVANCED_FACE('',(#849),#314,.T.);
#849 = FACE_BOUND('',#850,.T.);
#850 = EDGE_LOOP('',(#851,#852,#873,#874));
#851 = ORIENTED_EDGE('',*,*,#495,.F.);
#852 = ORIENTED_EDGE('',*,*,#853,.F.);
#853 = EDGE_CURVE('',#273,#473,#854,.T.);
#854 = SURFACE_CURVE('',#855,(#859,#866),.PCURVE_S1.);
#855 = LINE('',#856,#857);
#856 = CARTESIAN_POINT('',(62.6,-150.,125.));
#857 = VECTOR('',#858,1.);
#858 = DIRECTION('',(0.,1.,0.));
#859 = PCURVE('',#314,#860);
#860 = DEFINITIONAL_REPRESENTATION('',(#861),#865);
#861 = LINE('',#862,#863);
#862 = CARTESIAN_POINT('',(162.6,0.));
#863 = VECTOR('',#864,1.);
#864 = DIRECTION('',(0.,1.));
#865 = ( GEOMETRIC_REPRESENTATION_CONTEXT(2) 
PARAMETRIC_REPRESENTATION_CONTEXT() REPRESENTATION_CONTEXT('2D SPACE',''
  ) );
#866 = PCURVE('',#288,#867);
#867 = DEFINITIONAL_REPRESENTATION('',(#868),#872);
#868 = LINE('',#869,#870);
#869 = CARTESIAN_POINT('',(0.,0.));
#870 = VECTOR('',#871,1.);
#871 = DIRECTION('',(1.,0.));
#872 = ( GEOMETRIC_REPRESENTATION_CONTEXT(2) 
PARAMETRIC_REPRESENTATION_CONTEXT() REPRESENTATION_CONTEXT('2D SPACE',''
  ) );
#873 = ORIENTED_EDGE('',*,*,#300,.T.);
#874 = ORIENTED_EDGE('',*,*,#549,.T.);
#875 = ADVANCED_FACE('',(#876),#288,.F.);
#876 = FACE_BOUND('',#877,.F.);
#877 = EDGE_LOOP('',(#878,#879,#900,#901));
#878 = ORIENTED_EDGE('',*,*,#272,.T.);
#879 = ORIENTED_EDGE('',*,*,#880,.T.);
#880 = EDGE_CURVE('',#245,#450,#881,.T.);
#881 = SURFACE_CURVE('',#882,(#886,#893),.PCURVE_S1.);
#882 = LINE('',#883,#884);
#883 = CARTESIAN_POINT('',(62.6,-150.,97.));
#884 = VECTOR('',#885,1.);
#885 = DIRECTION('',(0.,1.,0.));
#886 = PCURVE('',#288,#887);
#887 = DEFINITIONAL_REPRESENTATION('',(#888),#892);
#888 = LINE('',#889,#890);
#889 = CARTESIAN_POINT('',(0.,-28.));
#890 = VECTOR('',#891,1.);
#891 = DIRECTION('',(1.,0.));
#892 = ( GEOMETRIC_REPRESENTATION_CONTEXT(2) 
PARAMETRIC_REPRESENTATION_CONTEXT() REPRESENTATION_CONTEXT('2D SPACE',''
  ) );
#893 = PCURVE('',#260,#894);
#894 = DEFINITIONAL_REPRESENTATION('',(#895),#899);
#895 = LINE('',#896,#897);
#896 = CARTESIAN_POINT('',(-150.,-38.2));
#897 = VECTOR('',#898,1.);
#898 = DIRECTION('',(1.,0.));
#899 = ( GEOMETRIC_REPRESENTATION_CONTEXT(2) 
PARAMETRIC_REPRESENTATION_CONTEXT() REPRESENTATION_CONTEXT('2D SPACE',''
  ) );
#900 = ORIENTED_EDGE('',*,*,#472,.F.);
#901 = ORIENTED_EDGE('',*,*,#853,.F.);
#902 = ADVANCED_FACE('',(#903),#260,.T.);
#903 = FACE_BOUND('',#904,.T.);
#904 = EDGE_LOOP('',(#905,#906,#907,#928));
#905 = ORIENTED_EDGE('',*,*,#880,.T.);
#906 = ORIENTED_EDGE('',*,*,#449,.T.);
#907 = ORIENTED_EDGE('',*,*,#908,.T.);
#908 = EDGE_CURVE('',#427,#217,#909,.T.);
#909 = SURFACE_CURVE('',#910,(#914,#921),.PCURVE_S1.);
#910 = LINE('',#911,#912);
#911 = CARTESIAN_POINT('',(-13.8,150.,97.));
#912 = VECTOR('',#913,1.);
#913 = DIRECTION('',(0.,-1.,0.));
#914 = PCURVE('',#260,#915);
#915 = DEFINITIONAL_REPRESENTATION('',(#916),#920);
#916 = LINE('',#917,#918);
#917 = CARTESIAN_POINT('',(150.,38.2));
#918 = VECTOR('',#919,1.);
#919 = DIRECTION('',(-1.,0.));
#920 = ( GEOMETRIC_REPRESENTATION_CONTEXT(2) 
PARAMETRIC_REPRESENTATION_CONTEXT() REPRESENTATION_CONTEXT('2D SPACE',''
  ) );
#921 = PCURVE('',#232,#922);
#922 = DEFINITIONAL_REPRESENTATION('',(#923),#927);
#923 = LINE('',#924,#925);
#924 = CARTESIAN_POINT('',(0.,-28.));
#925 = VECTOR('',#926,1.);
#926 = DIRECTION('',(1.,0.));
#927 = ( GEOMETRIC_REPRESENTATION_CONTEXT(2) 
PARAMETRIC_REPRESENTATION_CONTEXT() REPRESENTATION_CONTEXT('2D SPACE',''
  ) );
#928 = ORIENTED_EDGE('',*,*,#244,.T.);
#929 = ADVANCED_FACE('',(#930),#232,.F.);
#930 = FACE_BOUND('',#931,.F.);
#931 = EDGE_LOOP('',(#932,#933,#934,#935));
#932 = ORIENTED_EDGE('',*,*,#426,.T.);
#933 = ORIENTED_EDGE('',*,*,#908,.T.);
#934 = ORIENTED_EDGE('',*,*,#216,.F.);
#935 = ORIENTED_EDGE('',*,*,#354,.F.);
#936 = ADVANCED_FACE('',(#937),#595,.F.);
#937 = FACE_BOUND('',#938,.T.);
#938 = EDGE_LOOP('',(#939,#962,#991,#1012));
#939 = ORIENTED_EDGE('',*,*,#940,.T.);
#940 = EDGE_CURVE('',#573,#941,#943,.T.);
#941 = VERTEX_POINT('',#942);
#942 = CARTESIAN_POINT('',(68.,109.55,1.125));
#943 = SURFACE_CURVE('',#944,(#948,#955),.PCURVE_S1.);
#944 = LINE('',#945,#946);
#945 = CARTESIAN_POINT('',(100.,109.55,1.125));
#946 = VECTOR('',#947,1.);
#947 = DIRECTION('',(-1.,-0.,-0.));
#948 = PCURVE('',#595,#949);
#949 = DEFINITIONAL_REPRESENTATION('',(#950),#954);
#950 = LINE('',#951,#952);
#951 = CARTESIAN_POINT('',(-6.123233995737E-17,0.));
#952 = VECTOR('',#953,1.);
#953 = DIRECTION('',(-0.,-1.));
#954 = ( GEOMETRIC_REPRESENTATION_CONTEXT(2) 
PARAMETRIC_REPRESENTATION_CONTEXT() REPRESENTATION_CONTEXT('2D SPACE',''
  ) );
#955 = PCURVE('',#682,#956);
#956 = DEFINITIONAL_REPRESENTATION('',(#957),#961);
#957 = LINE('',#958,#959);
#958 = CARTESIAN_POINT('',(64.,0.));
#959 = VECTOR('',#960,1.);
#960 = DIRECTION('',(-0.,-1.));
#961 = ( GEOMETRIC_REPRESENTATION_CONTEXT(2) 
PARAMETRIC_REPRESENTATION_CONTEXT() REPRESENTATION_CONTEXT('2D SPACE',''
  ) );
#962 = ORIENTED_EDGE('',*,*,#963,.T.);
#963 = EDGE_CURVE('',#941,#964,#966,.T.);
#964 = VERTEX_POINT('',#965);
#965 = CARTESIAN_POINT('',(68.,147.55,1.125));
#966 = SURFACE_CURVE('',#967,(#972,#979),.PCURVE_S1.);
#967 = CIRCLE('',#968,19.);
#968 = AXIS2_PLACEMENT_3D('',#969,#970,#971);
#969 = CARTESIAN_POINT('',(68.,128.55,1.125));
#970 = DIRECTION('',(-1.,-0.,0.));
#971 = DIRECTION('',(0.,-1.,-6.123233995737E-17));
#972 = PCURVE('',#595,#973);
#973 = DEFINITIONAL_REPRESENTATION('',(#974),#978);
#974 = LINE('',#975,#976);
#975 = CARTESIAN_POINT('',(-0.,-32.));
#976 = VECTOR('',#977,1.);
#977 = DIRECTION('',(-1.,0.));
#978 = ( GEOMETRIC_REPRESENTATION_CONTEXT(2) 
PARAMETRIC_REPRESENTATION_CONTEXT() REPRESENTATION_CONTEXT('2D SPACE',''
  ) );
#979 = PCURVE('',#980,#985);
#980 = PLANE('',#981);
#981 = AXIS2_PLACEMENT_3D('',#982,#983,#984);
#982 = CARTESIAN_POINT('',(68.,128.55,-30.875));
#983 = DIRECTION('',(-1.,-0.,-0.));
#984 = DIRECTION('',(0.,0.,-1.));
#985 = DEFINITIONAL_REPRESENTATION('',(#986),#990);
#986 = CIRCLE('',#987,19.);
#987 = AXIS2_PLACEMENT_2D('',#988,#989);
#988 = CARTESIAN_POINT('',(-32.,-2.84217094304E-14));
#989 = DIRECTION('',(6.123233995737E-17,1.));
#990 = ( GEOMETRIC_REPRESENTATION_CONTEXT(2) 
PARAMETRIC_REPRESENTATION_CONTEXT() REPRESENTATION_CONTEXT('2D SPACE',''
  ) );
#991 = ORIENTED_EDGE('',*,*,#992,.F.);
#992 = EDGE_CURVE('',#575,#964,#993,.T.);
#993 = SURFACE_CURVE('',#994,(#998,#1005),.PCURVE_S1.);
#994 = LINE('',#995,#996);
#995 = CARTESIAN_POINT('',(100.,147.55,1.125));
#996 = VECTOR('',#997,1.);
#997 = DIRECTION('',(-1.,-0.,-0.));
#998 = PCURVE('',#595,#999);
#999 = DEFINITIONAL_REPRESENTATION('',(#1000),#1004);
#1000 = LINE('',#1001,#1002);
#1001 = CARTESIAN_POINT('',(-3.14159265359,0.));
#1002 = VECTOR('',#1003,1.);
#1003 = DIRECTION('',(-0.,-1.));
#1004 = ( GEOMETRIC_REPRESENTATION_CONTEXT(2) 
PARAMETRIC_REPRESENTATION_CONTEXT() REPRESENTATION_CONTEXT('2D SPACE',''
  ) );
#1005 = PCURVE('',#623,#1006);
#1006 = DEFINITIONAL_REPRESENTATION('',(#1007),#1011);
#1007 = LINE('',#1008,#1009);
#1008 = CARTESIAN_POINT('',(0.,0.));
#1009 = VECTOR('',#1010,1.);
#1010 = DIRECTION('',(0.,-1.));
#1011 = ( GEOMETRIC_REPRESENTATION_CONTEXT(2) 
PARAMETRIC_REPRESENTATION_CONTEXT() REPRESENTATION_CONTEXT('2D SPACE',''
  ) );
#1012 = ORIENTED_EDGE('',*,*,#572,.F.);
#1013 = ADVANCED_FACE('',(#1014),#682,.T.);
#1014 = FACE_BOUND('',#1015,.T.);
#1015 = EDGE_LOOP('',(#1016,#1039,#1060,#1061));
#1016 = ORIENTED_EDGE('',*,*,#1017,.T.);
#1017 = EDGE_CURVE('',#636,#1018,#1020,.T.);
#1018 = VERTEX_POINT('',#1019);
#1019 = CARTESIAN_POINT('',(68.,109.55,-62.875));
#1020 = SURFACE_CURVE('',#1021,(#1025,#1032),.PCURVE_S1.);
#1021 = LINE('',#1022,#1023);
#1022 = CARTESIAN_POINT('',(100.,109.55,-62.875));
#1023 = VECTOR('',#1024,1.);
#1024 = DIRECTION('',(-1.,-0.,-0.));
#1025 = PCURVE('',#682,#1026);
#1026 = DEFINITIONAL_REPRESENTATION('',(#1027),#1031);
#1027 = LINE('',#1028,#1029);
#1028 = CARTESIAN_POINT('',(0.,0.));
#1029 = VECTOR('',#1030,1.);
#1030 = DIRECTION('',(-0.,-1.));
#1031 = ( GEOMETRIC_REPRESENTATION_CONTEXT(2) 
PARAMETRIC_REPRESENTATION_CONTEXT() REPRESENTATION_CONTEXT('2D SPACE',''
  ) );
#1032 = PCURVE('',#656,#1033);
#1033 = DEFINITIONAL_REPRESENTATION('',(#1034),#1038);
#1034 = LINE('',#1035,#1036);
#1035 = CARTESIAN_POINT('',(-3.14159265359,0.));
#1036 = VECTOR('',#1037,1.);
#1037 = DIRECTION('',(-0.,-1.));
#1038 = ( GEOMETRIC_REPRESENTATION_CONTEXT(2) 
PARAMETRIC_REPRESENTATION_CONTEXT() REPRESENTATION_CONTEXT('2D SPACE',''
  ) );
#1039 = ORIENTED_EDGE('',*,*,#1040,.T.);
#1040 = EDGE_CURVE('',#1018,#941,#1041,.T.);
#1041 = SURFACE_CURVE('',#1042,(#1046,#1053),.PCURVE_S1.);
#1042 = LINE('',#1043,#1044);
#1043 = CARTESIAN_POINT('',(68.,109.55,-62.875));
#1044 = VECTOR('',#1045,1.);
#1045 = DIRECTION('',(0.,-0.,1.));
#1046 = PCURVE('',#682,#1047);
#1047 = DEFINITIONAL_REPRESENTATION('',(#1048),#1052);
#1048 = LINE('',#1049,#1050);
#1049 = CARTESIAN_POINT('',(0.,-32.));
#1050 = VECTOR('',#1051,1.);
#1051 = DIRECTION('',(1.,0.));
#1052 = ( GEOMETRIC_REPRESENTATION_CONTEXT(2) 
PARAMETRIC_REPRESENTATION_CONTEXT() REPRESENTATION_CONTEXT('2D SPACE',''
  ) );
#1053 = PCURVE('',#980,#1054);
#1054 = DEFINITIONAL_REPRESENTATION('',(#1055),#1059);
#1055 = LINE('',#1056,#1057);
#1056 = CARTESIAN_POINT('',(32.,19.));
#1057 = VECTOR('',#1058,1.);
#1058 = DIRECTION('',(-1.,0.));
#1059 = ( GEOMETRIC_REPRESENTATION_CONTEXT(2) 
PARAMETRIC_REPRESENTATION_CONTEXT() REPRESENTATION_CONTEXT('2D SPACE',''
  ) );
#1060 = ORIENTED_EDGE('',*,*,#940,.F.);
#1061 = ORIENTED_EDGE('',*,*,#668,.F.);
#1062 = ADVANCED_FACE('',(#1063),#656,.F.);
#1063 = FACE_BOUND('',#1064,.T.);
#1064 = EDGE_LOOP('',(#1065,#1088,#1110,#1111));
#1065 = ORIENTED_EDGE('',*,*,#1066,.T.);
#1066 = EDGE_CURVE('',#608,#1067,#1069,.T.);
#1067 = VERTEX_POINT('',#1068);
#1068 = CARTESIAN_POINT('',(68.,147.55,-62.875));
#1069 = SURFACE_CURVE('',#1070,(#1074,#1081),.PCURVE_S1.);
#1070 = LINE('',#1071,#1072);
#1071 = CARTESIAN_POINT('',(100.,147.55,-62.875));
#1072 = VECTOR('',#1073,1.);
#1073 = DIRECTION('',(-1.,-0.,-0.));
#1074 = PCURVE('',#656,#1075);
#1075 = DEFINITIONAL_REPRESENTATION('',(#1076),#1080);
#1076 = LINE('',#1077,#1078);
#1077 = CARTESIAN_POINT('',(-6.123233995737E-17,0.));
#1078 = VECTOR('',#1079,1.);
#1079 = DIRECTION('',(-0.,-1.));
#1080 = ( GEOMETRIC_REPRESENTATION_CONTEXT(2) 
PARAMETRIC_REPRESENTATION_CONTEXT() REPRESENTATION_CONTEXT('2D SPACE',''
  ) );
#1081 = PCURVE('',#623,#1082);
#1082 = DEFINITIONAL_REPRESENTATION('',(#1083),#1087);
#1083 = LINE('',#1084,#1085);
#1084 = CARTESIAN_POINT('',(64.,0.));
#1085 = VECTOR('',#1086,1.);
#1086 = DIRECTION('',(0.,-1.));
#1087 = ( GEOMETRIC_REPRESENTATION_CONTEXT(2) 
PARAMETRIC_REPRESENTATION_CONTEXT() REPRESENTATION_CONTEXT('2D SPACE',''
  ) );
#1088 = ORIENTED_EDGE('',*,*,#1089,.T.);
#1089 = EDGE_CURVE('',#1067,#1018,#1090,.T.);
#1090 = SURFACE_CURVE('',#1091,(#1096,#1103),.PCURVE_S1.);
#1091 = CIRCLE('',#1092,19.);
#1092 = AXIS2_PLACEMENT_3D('',#1093,#1094,#1095);
#1093 = CARTESIAN_POINT('',(68.,128.55,-62.875));
#1094 = DIRECTION('',(-1.,0.,-0.));
#1095 = DIRECTION('',(-0.,1.,6.123233995737E-17));
#1096 = PCURVE('',#656,#1097);
#1097 = DEFINITIONAL_REPRESENTATION('',(#1098),#1102);
#1098 = LINE('',#1099,#1100);
#1099 = CARTESIAN_POINT('',(-0.,-32.));
#1100 = VECTOR('',#1101,1.);
#1101 = DIRECTION('',(-1.,0.));
#1102 = ( GEOMETRIC_REPRESENTATION_CONTEXT(2) 
PARAMETRIC_REPRESENTATION_CONTEXT() REPRESENTATION_CONTEXT('2D SPACE',''
  ) );
#1103 = PCURVE('',#980,#1104);
#1104 = DEFINITIONAL_REPRESENTATION('',(#1105),#1109);
#1105 = CIRCLE('',#1106,19.);
#1106 = AXIS2_PLACEMENT_2D('',#1107,#1108);
#1107 = CARTESIAN_POINT('',(32.,-2.84217094304E-14));
#1108 = DIRECTION('',(-6.123233995737E-17,-1.));
#1109 = ( GEOMETRIC_REPRESENTATION_CONTEXT(2) 
PARAMETRIC_REPRESENTATION_CONTEXT() REPRESENTATION_CONTEXT('2D SPACE',''
  ) );
#1110 = ORIENTED_EDGE('',*,*,#1017,.F.);
#1111 = ORIENTED_EDGE('',*,*,#635,.F.);
#1112 = ADVANCED_FACE('',(#1113),#623,.T.);
#1113 = FACE_BOUND('',#1114,.T.);
#1114 = EDGE_LOOP('',(#1115,#1116,#1137,#1138));
#1115 = ORIENTED_EDGE('',*,*,#992,.T.);
#1116 = ORIENTED_EDGE('',*,*,#1117,.T.);
#1117 = EDGE_CURVE('',#964,#1067,#1118,.T.);
#1118 = SURFACE_CURVE('',#1119,(#1123,#1130),.PCURVE_S1.);
#1119 = LINE('',#1120,#1121);
#1120 = CARTESIAN_POINT('',(68.,147.55,1.125));
#1121 = VECTOR('',#1122,1.);
#1122 = DIRECTION('',(0.,0.,-1.));
#1123 = PCURVE('',#623,#1124);
#1124 = DEFINITIONAL_REPRESENTATION('',(#1125),#1129);
#1125 = LINE('',#1126,#1127);
#1126 = CARTESIAN_POINT('',(0.,-32.));
#1127 = VECTOR('',#1128,1.);
#1128 = DIRECTION('',(1.,0.));
#1129 = ( GEOMETRIC_REPRESENTATION_CONTEXT(2) 
PARAMETRIC_REPRESENTATION_CONTEXT() REPRESENTATION_CONTEXT('2D SPACE',''
  ) );
#1130 = PCURVE('',#980,#1131);
#1131 = DEFINITIONAL_REPRESENTATION('',(#1132),#1136);
#1132 = LINE('',#1133,#1134);
#1133 = CARTESIAN_POINT('',(-32.,-19.));
#1134 = VECTOR('',#1135,1.);
#1135 = DIRECTION('',(1.,0.));
#1136 = ( GEOMETRIC_REPRESENTATION_CONTEXT(2) 
PARAMETRIC_REPRESENTATION_CONTEXT() REPRESENTATION_CONTEXT('2D SPACE',''
  ) );
#1137 = ORIENTED_EDGE('',*,*,#1066,.F.);
#1138 = ORIENTED_EDGE('',*,*,#607,.F.);
#1139 = ADVANCED_FACE('',(#1140),#713,.F.);
#1140 = FACE_BOUND('',#1141,.F.);
#1141 = EDGE_LOOP('',(#1142,#1165,#1192,#1193));
#1142 = ORIENTED_EDGE('',*,*,#1143,.T.);
#1143 = EDGE_CURVE('',#697,#1144,#1146,.T.);
#1144 = VERTEX_POINT('',#1145);
#1145 = CARTESIAN_POINT('',(99.6,75.,-54.5));
#1146 = SEAM_CURVE('',#1147,(#1151,#1158),.PCURVE_S1.);
#1147 = LINE('',#1148,#1149);
#1148 = CARTESIAN_POINT('',(100.,75.,-54.5));
#1149 = VECTOR('',#1150,1.);
#1150 = DIRECTION('',(-1.,-0.,-0.));
#1151 = PCURVE('',#713,#1152);
#1152 = DEFINITIONAL_REPRESENTATION('',(#1153),#1157);
#1153 = LINE('',#1154,#1155);
#1154 = CARTESIAN_POINT('',(0.,0.));
#1155 = VECTOR('',#1156,1.);
#1156 = DIRECTION('',(0.,-1.));
#1157 = ( GEOMETRIC_REPRESENTATION_CONTEXT(2) 
PARAMETRIC_REPRESENTATION_CONTEXT() REPRESENTATION_CONTEXT('2D SPACE',''
  ) );
#1158 = PCURVE('',#713,#1159);
#1159 = DEFINITIONAL_REPRESENTATION('',(#1160),#1164);
#1160 = LINE('',#1161,#1162);
#1161 = CARTESIAN_POINT('',(6.28318530718,0.));
#1162 = VECTOR('',#1163,1.);
#1163 = DIRECTION('',(0.,-1.));
#1164 = ( GEOMETRIC_REPRESENTATION_CONTEXT(2) 
PARAMETRIC_REPRESENTATION_CONTEXT() REPRESENTATION_CONTEXT('2D SPACE',''
  ) );
#1165 = ORIENTED_EDGE('',*,*,#1166,.T.);
#1166 = EDGE_CURVE('',#1144,#1144,#1167,.T.);
#1167 = SURFACE_CURVE('',#1168,(#1173,#1180),.PCURVE_S1.);
#1168 = CIRCLE('',#1169,8.);
#1169 = AXIS2_PLACEMENT_3D('',#1170,#1171,#1172);
#1170 = CARTESIAN_POINT('',(99.6,75.,-62.5));
#1171 = DIRECTION('',(1.,0.,-0.));
#1172 = DIRECTION('',(0.,0.,1.));
#1173 = PCURVE('',#713,#1174);
#1174 = DEFINITIONAL_REPRESENTATION('',(#1175),#1179);
#1175 = LINE('',#1176,#1177);
#1176 = CARTESIAN_POINT('',(0.,-0.4));
#1177 = VECTOR('',#1178,1.);
#1178 = DIRECTION('',(1.,0.));
#1179 = ( GEOMETRIC_REPRESENTATION_CONTEXT(2) 
PARAMETRIC_REPRESENTATION_CONTEXT() REPRESENTATION_CONTEXT('2D SPACE',''
  ) );
#1180 = PCURVE('',#1181,#1186);
#1181 = CONICAL_SURFACE('',#1182,8.,0.785398163397);
#1182 = AXIS2_PLACEMENT_3D('',#1183,#1184,#1185);
#1183 = CARTESIAN_POINT('',(99.6,75.,-62.5));
#1184 = DIRECTION('',(1.,0.,0.));
#1185 = DIRECTION('',(0.,0.,1.));
#1186 = DEFINITIONAL_REPRESENTATION('',(#1187),#1191);
#1187 = LINE('',#1188,#1189);
#1188 = CARTESIAN_POINT('',(0.,-0.));
#1189 = VECTOR('',#1190,1.);
#1190 = DIRECTION('',(1.,-0.));
#1191 = ( GEOMETRIC_REPRESENTATION_CONTEXT(2) 
PARAMETRIC_REPRESENTATION_CONTEXT() REPRESENTATION_CONTEXT('2D SPACE',''
  ) );
#1192 = ORIENTED_EDGE('',*,*,#1143,.F.);
#1193 = ORIENTED_EDGE('',*,*,#696,.F.);
#1194 = ADVANCED_FACE('',(#1195),#744,.F.);
#1195 = FACE_BOUND('',#1196,.F.);
#1196 = EDGE_LOOP('',(#1197,#1220,#1247,#1248));
#1197 = ORIENTED_EDGE('',*,*,#1198,.T.);
#1198 = EDGE_CURVE('',#728,#1199,#1201,.T.);
#1199 = VERTEX_POINT('',#1200);
#1200 = CARTESIAN_POINT('',(99.6,75.,70.5));
#1201 = SEAM_CURVE('',#1202,(#1206,#1213),.PCURVE_S1.);
#1202 = LINE('',#1203,#1204);
#1203 = CARTESIAN_POINT('',(100.,75.,70.5));
#1204 = VECTOR('',#1205,1.);
#1205 = DIRECTION('',(-1.,-0.,-0.));
#1206 = PCURVE('',#744,#1207);
#1207 = DEFINITIONAL_REPRESENTATION('',(#1208),#1212);
#1208 = LINE('',#1209,#1210);
#1209 = CARTESIAN_POINT('',(0.,0.));
#1210 = VECTOR('',#1211,1.);
#1211 = DIRECTION('',(0.,-1.));
#1212 = ( GEOMETRIC_REPRESENTATION_CONTEXT(2) 
PARAMETRIC_REPRESENTATION_CONTEXT() REPRESENTATION_CONTEXT('2D SPACE',''
  ) );
#1213 = PCURVE('',#744,#1214);
#1214 = DEFINITIONAL_REPRESENTATION('',(#1215),#1219);
#1215 = LINE('',#1216,#1217);
#1216 = CARTESIAN_POINT('',(6.28318530718,0.));
#1217 = VECTOR('',#1218,1.);
#1218 = DIRECTION('',(0.,-1.));
#1219 = ( GEOMETRIC_REPRESENTATION_CONTEXT(2) 
PARAMETRIC_REPRESENTATION_CONTEXT() REPRESENTATION_CONTEXT('2D SPACE',''
  ) );
#1220 = ORIENTED_EDGE('',*,*,#1221,.T.);
#1221 = EDGE_CURVE('',#1199,#1199,#1222,.T.);
#1222 = SURFACE_CURVE('',#1223,(#1228,#1235),.PCURVE_S1.);
#1223 = CIRCLE('',#1224,8.);
#1224 = AXIS2_PLACEMENT_3D('',#1225,#1226,#1227);
#1225 = CARTESIAN_POINT('',(99.6,75.,62.5));
#1226 = DIRECTION('',(1.,0.,-0.));
#1227 = DIRECTION('',(0.,0.,1.));
#1228 = PCURVE('',#744,#1229);
#1229 = DEFINITIONAL_REPRESENTATION('',(#1230),#1234);
#1230 = LINE('',#1231,#1232);
#1231 = CARTESIAN_POINT('',(0.,-0.4));
#1232 = VECTOR('',#1233,1.);
#1233 = DIRECTION('',(1.,0.));
#1234 = ( GEOMETRIC_REPRESENTATION_CONTEXT(2) 
PARAMETRIC_REPRESENTATION_CONTEXT() REPRESENTATION_CONTEXT('2D SPACE',''
  ) );
#1235 = PCURVE('',#1236,#1241);
#1236 = CONICAL_SURFACE('',#1237,8.,0.785398163397);
#1237 = AXIS2_PLACEMENT_3D('',#1238,#1239,#1240);
#1238 = CARTESIAN_POINT('',(99.6,75.,62.5));
#1239 = DIRECTION('',(1.,0.,0.));
#1240 = DIRECTION('',(0.,0.,1.));
#1241 = DEFINITIONAL_REPRESENTATION('',(#1242),#1246);
#1242 = LINE('',#1243,#1244);
#1243 = CARTESIAN_POINT('',(0.,-0.));
#1244 = VECTOR('',#1245,1.);
#1245 = DIRECTION('',(1.,-0.));
#1246 = ( GEOMETRIC_REPRESENTATION_CONTEXT(2) 
PARAMETRIC_REPRESENTATION_CONTEXT() REPRESENTATION_CONTEXT('2D SPACE',''
  ) );
#1247 = ORIENTED_EDGE('',*,*,#1198,.F.);
#1248 = ORIENTED_EDGE('',*,*,#727,.F.);
#1249 = ADVANCED_FACE('',(#1250),#775,.F.);
#1250 = FACE_BOUND('',#1251,.F.);
#1251 = EDGE_LOOP('',(#1252,#1275,#1302,#1303));
#1252 = ORIENTED_EDGE('',*,*,#1253,.T.);
#1253 = EDGE_CURVE('',#759,#1254,#1256,.T.);
#1254 = VERTEX_POINT('',#1255);
#1255 = CARTESIAN_POINT('',(99.6,-75.,-54.5));
#1256 = SEAM_CURVE('',#1257,(#1261,#1268),.PCURVE_S1.);
#1257 = LINE('',#1258,#1259);
#1258 = CARTESIAN_POINT('',(100.,-75.,-54.5));
#1259 = VECTOR('',#1260,1.);
#1260 = DIRECTION('',(-1.,-0.,-0.));
#1261 = PCURVE('',#775,#1262);
#1262 = DEFINITIONAL_REPRESENTATION('',(#1263),#1267);
#1263 = LINE('',#1264,#1265);
#1264 = CARTESIAN_POINT('',(0.,0.));
#1265 = VECTOR('',#1266,1.);
#1266 = DIRECTION('',(0.,-1.));
#1267 = ( GEOMETRIC_REPRESENTATION_CONTEXT(2) 
PARAMETRIC_REPRESENTATION_CONTEXT() REPRESENTATION_CONTEXT('2D SPACE',''
  ) );
#1268 = PCURVE('',#775,#1269);
#1269 = DEFINITIONAL_REPRESENTATION('',(#1270),#1274);
#1270 = LINE('',#1271,#1272);
#1271 = CARTESIAN_POINT('',(6.28318530718,0.));
#1272 = VECTOR('',#1273,1.);
#1273 = DIRECTION('',(0.,-1.));
#1274 = ( GEOMETRIC_REPRESENTATION_CONTEXT(2) 
PARAMETRIC_REPRESENTATION_CONTEXT() REPRESENTATION_CONTEXT('2D SPACE',''
  ) );
#1275 = ORIENTED_EDGE('',*,*,#1276,.T.);
#1276 = EDGE_CURVE('',#1254,#1254,#1277,.T.);
#1277 = SURFACE_CURVE('',#1278,(#1283,#1290),.PCURVE_S1.);
#1278 = CIRCLE('',#1279,8.);
#1279 = AXIS2_PLACEMENT_3D('',#1280,#1281,#1282);
#1280 = CARTESIAN_POINT('',(99.6,-75.,-62.5));
#1281 = DIRECTION('',(1.,0.,-0.));
#1282 = DIRECTION('',(0.,0.,1.));
#1283 = PCURVE('',#775,#1284);
#1284 = DEFINITIONAL_REPRESENTATION('',(#1285),#1289);
#1285 = LINE('',#1286,#1287);
#1286 = CARTESIAN_POINT('',(0.,-0.4));
#1287 = VECTOR('',#1288,1.);
#1288 = DIRECTION('',(1.,0.));
#1289 = ( GEOMETRIC_REPRESENTATION_CONTEXT(2) 
PARAMETRIC_REPRESENTATION_CONTEXT() REPRESENTATION_CONTEXT('2D SPACE',''
  ) );
#1290 = PCURVE('',#1291,#1296);
#1291 = CONICAL_SURFACE('',#1292,8.,0.785398163397);
#1292 = AXIS2_PLACEMENT_3D('',#1293,#1294,#1295);
#1293 = CARTESIAN_POINT('',(99.6,-75.,-62.5));
#1294 = DIRECTION('',(1.,0.,0.));
#1295 = DIRECTION('',(0.,0.,1.));
#1296 = DEFINITIONAL_REPRESENTATION('',(#1297),#1301);
#1297 = LINE('',#1298,#1299);
#1298 = CARTESIAN_POINT('',(0.,-0.));
#1299 = VECTOR('',#1300,1.);
#1300 = DIRECTION('',(1.,-0.));
#1301 = ( GEOMETRIC_REPRESENTATION_CONTEXT(2) 
PARAMETRIC_REPRESENTATION_CONTEXT() REPRESENTATION_CONTEXT('2D SPACE',''
  ) );
#1302 = ORIENTED_EDGE('',*,*,#1253,.F.);
#1303 = ORIENTED_EDGE('',*,*,#758,.F.);
#1304 = ADVANCED_FACE('',(#1305),#806,.F.);
#1305 = FACE_BOUND('',#1306,.F.);
#1306 = EDGE_LOOP('',(#1307,#1330,#1357,#1358));
#1307 = ORIENTED_EDGE('',*,*,#1308,.T.);
#1308 = EDGE_CURVE('',#790,#1309,#1311,.T.);
#1309 = VERTEX_POINT('',#1310);
#1310 = CARTESIAN_POINT('',(99.6,2.350348339599E-31,8.));
#1311 = SEAM_CURVE('',#1312,(#1316,#1323),.PCURVE_S1.);
#1312 = LINE('',#1313,#1314);
#1313 = CARTESIAN_POINT('',(100.,0.,8.));
#1314 = VECTOR('',#1315,1.);
#1315 = DIRECTION('',(-1.,-0.,-0.));
#1316 = PCURVE('',#806,#1317);
#1317 = DEFINITIONAL_REPRESENTATION('',(#1318),#1322);
#1318 = LINE('',#1319,#1320);
#1319 = CARTESIAN_POINT('',(0.,0.));
#1320 = VECTOR('',#1321,1.);
#1321 = DIRECTION('',(0.,-1.));
#1322 = ( GEOMETRIC_REPRESENTATION_CONTEXT(2) 
PARAMETRIC_REPRESENTATION_CONTEXT() REPRESENTATION_CONTEXT('2D SPACE',''
  ) );
#1323 = PCURVE('',#806,#1324);
#1324 = DEFINITIONAL_REPRESENTATION('',(#1325),#1329);
#1325 = LINE('',#1326,#1327);
#1326 = CARTESIAN_POINT('',(6.28318530718,0.));
#1327 = VECTOR('',#1328,1.);
#1328 = DIRECTION('',(0.,-1.));
#1329 = ( GEOMETRIC_REPRESENTATION_CONTEXT(2) 
PARAMETRIC_REPRESENTATION_CONTEXT() REPRESENTATION_CONTEXT('2D SPACE',''
  ) );
#1330 = ORIENTED_EDGE('',*,*,#1331,.T.);
#1331 = EDGE_CURVE('',#1309,#1309,#1332,.T.);
#1332 = SURFACE_CURVE('',#1333,(#1338,#1345),.PCURVE_S1.);
#1333 = CIRCLE('',#1334,8.);
#1334 = AXIS2_PLACEMENT_3D('',#1335,#1336,#1337);
#1335 = CARTESIAN_POINT('',(99.6,3.781960765466E-32,-1.972152263053E-32)
  );
#1336 = DIRECTION('',(1.,6.528745387775E-32,1.314768175368E-31));
#1337 = DIRECTION('',(-1.314768175368E-31,2.465190328816E-32,1.));
#1338 = PCURVE('',#806,#1339);
#1339 = DEFINITIONAL_REPRESENTATION('',(#1340),#1344);
#1340 = LINE('',#1341,#1342);
#1341 = CARTESIAN_POINT('',(0.,-0.4));
#1342 = VECTOR('',#1343,1.);
#1343 = DIRECTION('',(1.,0.));
#1344 = ( GEOMETRIC_REPRESENTATION_CONTEXT(2) 
PARAMETRIC_REPRESENTATION_CONTEXT() REPRESENTATION_CONTEXT('2D SPACE',''
  ) );
#1345 = PCURVE('',#1346,#1351);
#1346 = CONICAL_SURFACE('',#1347,8.,0.785398163397);
#1347 = AXIS2_PLACEMENT_3D('',#1348,#1349,#1350);
#1348 = CARTESIAN_POINT('',(99.6,3.781960765466E-32,-1.972152263053E-32)
  );
#1349 = DIRECTION('',(1.,6.528745387775E-32,1.314768175368E-31));
#1350 = DIRECTION('',(-1.314768175368E-31,2.465190328816E-32,1.));
#1351 = DEFINITIONAL_REPRESENTATION('',(#1352),#1356);
#1352 = LINE('',#1353,#1354);
#1353 = CARTESIAN_POINT('',(0.,-0.));
#1354 = VECTOR('',#1355,1.);
#1355 = DIRECTION('',(1.,-0.));
#1356 = ( GEOMETRIC_REPRESENTATION_CONTEXT(2) 
PARAMETRIC_REPRESENTATION_CONTEXT() REPRESENTATION_CONTEXT('2D SPACE',''
  ) );
#1357 = ORIENTED_EDGE('',*,*,#1308,.F.);
#1358 = ORIENTED_EDGE('',*,*,#789,.F.);
#1359 = ADVANCED_FACE('',(#1360),#837,.F.);
#1360 = FACE_BOUND('',#1361,.F.);
#1361 = EDGE_LOOP('',(#1362,#1385,#1412,#1413));
#1362 = ORIENTED_EDGE('',*,*,#1363,.T.);
#1363 = EDGE_CURVE('',#821,#1364,#1366,.T.);
#1364 = VERTEX_POINT('',#1365);
#1365 = CARTESIAN_POINT('',(99.6,-75.,70.5));
#1366 = SEAM_CURVE('',#1367,(#1371,#1378),.PCURVE_S1.);
#1367 = LINE('',#1368,#1369);
#1368 = CARTESIAN_POINT('',(100.,-75.,70.5));
#1369 = VECTOR('',#1370,1.);
#1370 = DIRECTION('',(-1.,-0.,-0.));
#1371 = PCURVE('',#837,#1372);
#1372 = DEFINITIONAL_REPRESENTATION('',(#1373),#1377);
#1373 = LINE('',#1374,#1375);
#1374 = CARTESIAN_POINT('',(0.,0.));
#1375 = VECTOR('',#1376,1.);
#1376 = DIRECTION('',(0.,-1.));
#1377 = ( GEOMETRIC_REPRESENTATION_CONTEXT(2) 
PARAMETRIC_REPRESENTATION_CONTEXT() REPRESENTATION_CONTEXT('2D SPACE',''
  ) );
#1378 = PCURVE('',#837,#1379);
#1379 = DEFINITIONAL_REPRESENTATION('',(#1380),#1384);
#1380 = LINE('',#1381,#1382);
#1381 = CARTESIAN_POINT('',(6.28318530718,0.));
#1382 = VECTOR('',#1383,1.);
#1383 = DIRECTION('',(0.,-1.));
#1384 = ( GEOMETRIC_REPRESENTATION_CONTEXT(2) 
PARAMETRIC_REPRESENTATION_CONTEXT() REPRESENTATION_CONTEXT('2D SPACE',''
  ) );
#1385 = ORIENTED_EDGE('',*,*,#1386,.T.);
#1386 = EDGE_CURVE('',#1364,#1364,#1387,.T.);
#1387 = SURFACE_CURVE('',#1388,(#1393,#1400),.PCURVE_S1.);
#1388 = CIRCLE('',#1389,8.);
#1389 = AXIS2_PLACEMENT_3D('',#1390,#1391,#1392);
#1390 = CARTESIAN_POINT('',(99.6,-75.,62.5));
#1391 = DIRECTION('',(1.,0.,-0.));
#1392 = DIRECTION('',(0.,0.,1.));
#1393 = PCURVE('',#837,#1394);
#1394 = DEFINITIONAL_REPRESENTATION('',(#1395),#1399);
#1395 = LINE('',#1396,#1397);
#1396 = CARTESIAN_POINT('',(0.,-0.4));
#1397 = VECTOR('',#1398,1.);
#1398 = DIRECTION('',(1.,0.));
#1399 = ( GEOMETRIC_REPRESENTATION_CONTEXT(2) 
PARAMETRIC_REPRESENTATION_CONTEXT() REPRESENTATION_CONTEXT('2D SPACE',''
  ) );
#1400 = PCURVE('',#1401,#1406);
#1401 = CONICAL_SURFACE('',#1402,8.,0.785398163397);
#1402 = AXIS2_PLACEMENT_3D('',#1403,#1404,#1405);
#1403 = CARTESIAN_POINT('',(99.6,-75.,62.5));
#1404 = DIRECTION('',(1.,0.,0.));
#1405 = DIRECTION('',(0.,0.,1.));
#1406 = DEFINITIONAL_REPRESENTATION('',(#1407),#1411);
#1407 = LINE('',#1408,#1409);
#1408 = CARTESIAN_POINT('',(0.,-0.));
#1409 = VECTOR('',#1410,1.);
#1410 = DIRECTION('',(1.,-0.));
#1411 = ( GEOMETRIC_REPRESENTATION_CONTEXT(2) 
PARAMETRIC_REPRESENTATION_CONTEXT() REPRESENTATION_CONTEXT('2D SPACE',''
  ) );
#1412 = ORIENTED_EDGE('',*,*,#1363,.F.);
#1413 = ORIENTED_EDGE('',*,*,#820,.F.);
#1414 = ADVANCED_FACE('',(#1415),#980,.F.);
#1415 = FACE_BOUND('',#1416,.F.);
#1416 = EDGE_LOOP('',(#1417,#1418,#1419,#1420));
#1417 = ORIENTED_EDGE('',*,*,#1117,.T.);
#1418 = ORIENTED_EDGE('',*,*,#1089,.T.);
#1419 = ORIENTED_EDGE('',*,*,#1040,.T.);
#1420 = ORIENTED_EDGE('',*,*,#963,.T.);
#1421 = ADVANCED_FACE('',(#1422),#1181,.F.);
#1422 = FACE_BOUND('',#1423,.T.);
#1423 = EDGE_LOOP('',(#1424,#1425,#1446,#1473));
#1424 = ORIENTED_EDGE('',*,*,#1166,.T.);
#1425 = ORIENTED_EDGE('',*,*,#1426,.T.);
#1426 = EDGE_CURVE('',#1144,#1427,#1429,.T.);
#1427 = VERTEX_POINT('',#1428);
#1428 = CARTESIAN_POINT('',(96.6,75.,-57.5));
#1429 = SEAM_CURVE('',#1430,(#1434,#1440),.PCURVE_S1.);
#1430 = LINE('',#1431,#1432);
#1431 = CARTESIAN_POINT('',(99.6,75.,-54.5));
#1432 = VECTOR('',#1433,1.);
#1433 = DIRECTION('',(-0.707106781187,0.,-0.707106781187));
#1434 = PCURVE('',#1181,#1435);
#1435 = DEFINITIONAL_REPRESENTATION('',(#1436),#1439);
#1436 = B_SPLINE_CURVE_WITH_KNOTS('',1,(#1437,#1438),.UNSPECIFIED.,.F.,
  .F.,(2,2),(0.,5.091168824543),.PIECEWISE_BEZIER_KNOTS.);
#1437 = CARTESIAN_POINT('',(0.,0.));
#1438 = CARTESIAN_POINT('',(0.,-3.6));
#1439 = ( GEOMETRIC_REPRESENTATION_CONTEXT(2) 
PARAMETRIC_REPRESENTATION_CONTEXT() REPRESENTATION_CONTEXT('2D SPACE',''
  ) );
#1440 = PCURVE('',#1181,#1441);
#1441 = DEFINITIONAL_REPRESENTATION('',(#1442),#1445);
#1442 = B_SPLINE_CURVE_WITH_KNOTS('',1,(#1443,#1444),.UNSPECIFIED.,.F.,
  .F.,(2,2),(0.,5.091168824543),.PIECEWISE_BEZIER_KNOTS.);
#1443 = CARTESIAN_POINT('',(6.28318530718,0.));
#1444 = CARTESIAN_POINT('',(6.28318530718,-3.6));
#1445 = ( GEOMETRIC_REPRESENTATION_CONTEXT(2) 
PARAMETRIC_REPRESENTATION_CONTEXT() REPRESENTATION_CONTEXT('2D SPACE',''
  ) );
#1446 = ORIENTED_EDGE('',*,*,#1447,.F.);
#1447 = EDGE_CURVE('',#1427,#1427,#1448,.T.);
#1448 = SURFACE_CURVE('',#1449,(#1454,#1461),.PCURVE_S1.);
#1449 = CIRCLE('',#1450,5.);
#1450 = AXIS2_PLACEMENT_3D('',#1451,#1452,#1453);
#1451 = CARTESIAN_POINT('',(96.6,75.,-62.5));
#1452 = DIRECTION('',(1.,0.,-0.));
#1453 = DIRECTION('',(0.,0.,1.));
#1454 = PCURVE('',#1181,#1455);
#1455 = DEFINITIONAL_REPRESENTATION('',(#1456),#1460);
#1456 = LINE('',#1457,#1458);
#1457 = CARTESIAN_POINT('',(0.,-3.));
#1458 = VECTOR('',#1459,1.);
#1459 = DIRECTION('',(1.,-0.));
#1460 = ( GEOMETRIC_REPRESENTATION_CONTEXT(2) 
PARAMETRIC_REPRESENTATION_CONTEXT() REPRESENTATION_CONTEXT('2D SPACE',''
  ) );
#1461 = PCURVE('',#1462,#1467);
#1462 = CYLINDRICAL_SURFACE('',#1463,5.);
#1463 = AXIS2_PLACEMENT_3D('',#1464,#1465,#1466);
#1464 = CARTESIAN_POINT('',(98.39218452154,75.,-62.5));
#1465 = DIRECTION('',(1.,0.,-0.));
#1466 = DIRECTION('',(0.,0.,1.));
#1467 = DEFINITIONAL_REPRESENTATION('',(#1468),#1472);
#1468 = LINE('',#1469,#1470);
#1469 = CARTESIAN_POINT('',(0.,-1.79218452154));
#1470 = VECTOR('',#1471,1.);
#1471 = DIRECTION('',(1.,0.));
#1472 = ( GEOMETRIC_REPRESENTATION_CONTEXT(2) 
PARAMETRIC_REPRESENTATION_CONTEXT() REPRESENTATION_CONTEXT('2D SPACE',''
  ) );
#1473 = ORIENTED_EDGE('',*,*,#1426,.F.);
#1474 = ADVANCED_FACE('',(#1475),#1236,.F.);
#1475 = FACE_BOUND('',#1476,.T.);
#1476 = EDGE_LOOP('',(#1477,#1478,#1499,#2452));
#1477 = ORIENTED_EDGE('',*,*,#1221,.T.);
#1478 = ORIENTED_EDGE('',*,*,#1479,.T.);
#1479 = EDGE_CURVE('',#1199,#1480,#1482,.T.);
#1480 = VERTEX_POINT('',#1481);
#1481 = CARTESIAN_POINT('',(96.6,75.,67.5));
#1482 = SEAM_CURVE('',#1483,(#1487,#1493),.PCURVE_S1.);
#1483 = LINE('',#1484,#1485);
#1484 = CARTESIAN_POINT('',(99.6,75.,70.5));
#1485 = VECTOR('',#1486,1.);
#1486 = DIRECTION('',(-0.707106781187,0.,-0.707106781187));
#1487 = PCURVE('',#1236,#1488);
#1488 = DEFINITIONAL_REPRESENTATION('',(#1489),#1492);
#1489 = B_SPLINE_CURVE_WITH_KNOTS('',1,(#1490,#1491),.UNSPECIFIED.,.F.,
  .F.,(2,2),(0.,5.091168824543),.PIECEWISE_BEZIER_KNOTS.);
#1490 = CARTESIAN_POINT('',(0.,0.));
#1491 = CARTESIAN_POINT('',(0.,-3.6));
#1492 = ( GEOMETRIC_REPRESENTATION_CONTEXT(2) 
PARAMETRIC_REPRESENTATION_CONTEXT() REPRESENTATION_CONTEXT('2D SPACE',''
  ) );
#1493 = PCURVE('',#1236,#1494);
#1494 = DEFINITIONAL_REPRESENTATION('',(#1495),#1498);
#1495 = B_SPLINE_CURVE_WITH_KNOTS('',1,(#1496,#1497),.UNSPECIFIED.,.F.,
  .F.,(2,2),(0.,5.091168824543),.PIECEWISE_BEZIER_KNOTS.);
#1496 = CARTESIAN_POINT('',(6.28318530718,0.));
#1497 = CARTESIAN_POINT('',(6.28318530718,-3.6));
#1498 = ( GEOMETRIC_REPRESENTATION_CONTEXT(2) 
PARAMETRIC_REPRESENTATION_CONTEXT() REPRESENTATION_CONTEXT('2D SPACE',''
  ) );
#1499 = ORIENTED_EDGE('',*,*,#1500,.F.);
#1500 = EDGE_CURVE('',#1480,#1480,#1501,.T.);
#1501 = SURFACE_CURVE('',#1502,(#1815,#2131),.PCURVE_S1.);
#1502 = B_SPLINE_CURVE_WITH_KNOTS('',6,(#1503,#1504,#1505,#1506,#1507,
    #1508,#1509,#1510,#1511,#1512,#1513,#1514,#1515,#1516,#1517,#1518,
    #1519,#1520,#1521,#1522,#1523,#1524,#1525,#1526,#1527,#1528,#1529,
    #1530,#1531,#1532,#1533,#1534,#1535,#1536,#1537,#1538,#1539,#1540,
    #1541,#1542,#1543,#1544,#1545,#1546,#1547,#1548,#1549,#1550,#1551,
    #1552,#1553,#1554,#1555,#1556,#1557,#1558,#1559,#1560,#1561,#1562,
    #1563,#1564,#1565,#1566,#1567,#1568,#1569,#1570,#1571,#1572,#1573,
    #1574,#1575,#1576,#1577,#1578,#1579,#1580,#1581,#1582,#1583,#1584,
    #1585,#1586,#1587,#1588,#1589,#1590,#1591,#1592,#1593,#1594,#1595,
    #1596,#1597,#1598,#1599,#1600,#1601,#1602,#1603,#1604,#1605,#1606,
    #1607,#1608,#1609,#1610,#1611,#1612,#1613,#1614,#1615,#1616,#1617,
    #1618,#1619,#1620,#1621,#1622,#1623,#1624,#1625,#1626,#1627,#1628,
    #1629,#1630,#1631,#1632,#1633,#1634,#1635,#1636,#1637,#1638,#1639,
    #1640,#1641,#1642,#1643,#1644,#1645,#1646,#1647,#1648,#1649,#1650,
    #1651,#1652,#1653,#1654,#1655,#1656,#1657,#1658,#1659,#1660,#1661,
    #1662,#1663,#1664,#1665,#1666,#1667,#1668,#1669,#1670,#1671,#1672,
    #1673,#1674,#1675,#1676,#1677,#1678,#1679,#1680,#1681,#1682,#1683,
    #1684,#1685,#1686,#1687,#1688,#1689,#1690,#1691,#1692,#1693,#1694,
    #1695,#1696,#1697,#1698,#1699,#1700,#1701,#1702,#1703,#1704,#1705,
    #1706,#1707,#1708,#1709,#1710,#1711,#1712,#1713,#1714,#1715,#1716,
    #1717,#1718,#1719,#1720,#1721,#1722,#1723,#1724,#1725,#1726,#1727,
    #1728,#1729,#1730,#1731,#1732,#1733,#1734,#1735,#1736,#1737,#1738,
    #1739,#1740,#1741,#1742,#1743,#1744,#1745,#1746,#1747,#1748,#1749,
    #1750,#1751,#1752,#1753,#1754,#1755,#1756,#1757,#1758,#1759,#1760,
    #1761,#1762,#1763,#1764,#1765,#1766,#1767,#1768,#1769,#1770,#1771,
    #1772,#1773,#1774,#1775,#1776,#1777,#1778,#1779,#1780,#1781,#1782,
    #1783,#1784,#1785,#1786,#1787,#1788,#1789,#1790,#1791,#1792,#1793,
    #1794,#1795,#1796,#1797,#1798,#1799,#1800,#1801,#1802,#1803,#1804,
    #1805,#1806,#1807,#1808,#1809,#1810,#1811,#1812,#1813,#1814),
  .UNSPECIFIED.,.T.,.F.,(7,5,5,5,5,5,5,5,5,5,5,5,5,5,5,5,5,5,5,5,5,5,5,5
    ,5,5,5,5,5,5,5,5,5,5,5,5,5,5,5,5,5,5,5,5,5,5,5,5,5,5,5,5,5,5,5,5,5,5
    ,5,5,5,5,7),(0.,1.206019506704E-02,2.663319343674E-02,
    4.020115758865E-02,5.477415595835E-02,6.834212011026E-02,
    8.291511847997E-02,9.547804836335E-02,0.105025875234,0.119598873603,
    0.134171871973,0.148242353241,0.162815351611,0.175880798634,
    0.190453797004,0.209046931467,0.223619929837,0.238192928207,
    0.252765926576,0.26532885646,0.276886752034,0.291459750404,
    0.306032748774,0.320605747143,0.333168677027,0.347239158294,
    0.358294536702,0.371359983726,0.385932982095,0.402516048698,
    0.415581495721,0.440707346071,0.458295446659,0.502516798791,
    0.520607416332,0.548748362267,0.564326394792,0.578899393161,
    0.596990010703,0.611563009072,0.619100767166,0.633673765536,
    0.648246763905,0.662317245173,0.673372623581,0.686940587733,
    0.701011069001,0.715081550269,0.729152031536,0.743725029906,
    0.756287959789,0.770358441057,0.784931439427,0.799504437797,
    0.813574919064,0.828147917434,0.842720915804,0.854781328537,
    0.869354326907,0.880409705315,0.892470118048,0.901515427729,1.),
  .UNSPECIFIED.);
#1503 = CARTESIAN_POINT('',(96.6,75.,67.5));
#1504 = CARTESIAN_POINT('',(96.6,74.936847393813,67.5));
#1505 = CARTESIAN_POINT('',(96.6,74.873700029947,67.499042892005));
#1506 = CARTESIAN_POINT('',(96.6,74.810572352654,67.497128769654));
#1507 = CARTESIAN_POINT('',(96.6,74.747480477599,67.494258139212));
#1508 = CARTESIAN_POINT('',(96.6,74.684442191869,67.490431919571));
#1509 = CARTESIAN_POINT('',(96.6,74.545392586823,67.47987492804));
#1510 = CARTESIAN_POINT('',(96.6,74.469413990814,67.472705094685));
#1511 = CARTESIAN_POINT('',(96.6,74.39357308914,67.464144366471));
#1512 = CARTESIAN_POINT('',(96.6,74.3179016866,67.454196136883));
#1513 = CARTESIAN_POINT('',(96.6,74.242431469595,67.442864768611));
#1514 = CARTESIAN_POINT('',(96.6,74.097145332454,67.418322913179));
#1515 = CARTESIAN_POINT('',(96.6,74.027298395207,67.405295911778));
#1516 = CARTESIAN_POINT('',(96.6,73.957678667953,67.391078892753));
#1517 = CARTESIAN_POINT('',(96.6,73.888311471347,67.375676877044));
#1518 = CARTESIAN_POINT('',(96.6,73.819221973134,67.359095603122));
#1519 = CARTESIAN_POINT('',(96.6,73.676553086587,67.322272334327));
#1520 = CARTESIAN_POINT('',(96.6,73.603020182762,67.301850149899));
#1521 = CARTESIAN_POINT('',(96.6,73.529867475749,67.280082975276));
#1522 = CARTESIAN_POINT('',(96.6,73.457125677596,67.256979745292));
#1523 = CARTESIAN_POINT('',(96.6,73.384825213318,67.232550328048));
#1524 = CARTESIAN_POINT('',(96.6,73.24612095135,67.182836225165));
#1525 = CARTESIAN_POINT('',(96.6,73.179654346195,67.157726708894));
#1526 = CARTESIAN_POINT('',(96.6,73.113620724909,67.131485693045));
#1527 = CARTESIAN_POINT('',(96.6,73.04804413023,67.104122574014));
#1528 = CARTESIAN_POINT('',(96.6,72.982948328157,67.075647427646));
#1529 = CARTESIAN_POINT('',(96.6,72.848980731482,67.014303745375));
#1530 = CARTESIAN_POINT('',(96.6,72.780186390815,66.981266005531));
#1531 = CARTESIAN_POINT('',(96.6,72.712002894307,66.946971119056));
#1532 = CARTESIAN_POINT('',(96.6,72.644458903602,66.91143328353));
#1533 = CARTESIAN_POINT('',(96.6,72.577582633632,66.87466756476));
#1534 = CARTESIAN_POINT('',(96.6,72.454349454044,66.803950527176));
#1535 = CARTESIAN_POINT('',(96.6,72.397813903196,66.770310473997));
#1536 = CARTESIAN_POINT('',(96.6,72.341812985573,66.735779943687));
#1537 = CARTESIAN_POINT('',(96.6,72.286364200031,66.700369599434));
#1538 = CARTESIAN_POINT('',(96.6,72.231484758791,66.664090561179));
#1539 = CARTESIAN_POINT('',(96.6,72.135928776527,66.598730926908));
#1540 = CARTESIAN_POINT('',(96.6,72.095004590813,66.570012374347));
#1541 = CARTESIAN_POINT('',(96.6,72.054426458032,66.540803828505));
#1542 = CARTESIAN_POINT('',(96.6,72.014201699951,66.511110515326));
#1543 = CARTESIAN_POINT('',(96.6,71.974337532366,66.480937806129));
#1544 = CARTESIAN_POINT('',(96.6,71.874556985722,66.403514847358));
#1545 = CARTESIAN_POINT('',(96.6,71.815129502537,66.355634498529));
#1546 = CARTESIAN_POINT('',(96.6,71.756583908994,66.306669797866));
#1547 = CARTESIAN_POINT('',(96.6,71.698944865291,66.25664111534));
#1548 = CARTESIAN_POINT('',(96.6,71.642236398378,66.205569564138));
#1549 = CARTESIAN_POINT('',(96.6,71.530727405546,66.101384437187));
#1550 = CARTESIAN_POINT('',(96.6,71.475926860513,66.04827084358));
#1551 = CARTESIAN_POINT('',(96.6,71.422103659757,65.994158077113));
#1552 = CARTESIAN_POINT('',(96.6,71.369280497622,65.939068677259));
#1553 = CARTESIAN_POINT('',(96.6,71.3174793699,65.88302586569));
#1554 = CARTESIAN_POINT('',(96.6,71.21771404631,65.771045789286));
#1555 = CARTESIAN_POINT('',(96.6,71.169679121692,65.715171505916));
#1556 = CARTESIAN_POINT('',(96.6,71.122635967228,65.658452210883));
#1557 = CARTESIAN_POINT('',(96.6,71.076603092283,65.600909954799));
#1558 = CARTESIAN_POINT('',(96.6,71.031598348337,65.54256732418));
#1559 = CARTESIAN_POINT('',(96.6,70.942109530654,65.422216134688));
#1560 = CARTESIAN_POINT('',(96.6,70.897701441472,65.360151046458));
#1561 = CARTESIAN_POINT('',(96.6,70.854433764055,65.297277868352));
#1562 = CARTESIAN_POINT('',(96.6,70.812324791626,65.233622838108));
#1563 = CARTESIAN_POINT('',(96.6,70.77139200803,65.169212739608));
#1564 = CARTESIAN_POINT('',(96.6,70.69602319309,65.04567546211));
#1565 = CARTESIAN_POINT('',(96.6,70.661353118459,64.986691046306));
#1566 = CARTESIAN_POINT('',(96.6,70.627653877574,64.927141347815));
#1567 = CARTESIAN_POINT('',(96.6,70.594936932617,64.867046365169));
#1568 = CARTESIAN_POINT('',(96.6,70.563213194212,64.806426403074));
#1569 = CARTESIAN_POINT('',(96.6,70.498228213866,64.677124935462));
#1570 = CARTESIAN_POINT('',(96.6,70.465211915026,64.608320302096));
#1571 = CARTESIAN_POINT('',(96.6,70.433458501096,64.538916778136));
#1572 = CARTESIAN_POINT('',(96.6,70.402981456693,64.468943367481));
#1573 = CARTESIAN_POINT('',(96.6,70.373793374862,64.398429472107));
#1574 = CARTESIAN_POINT('',(96.6,70.310325461165,64.236787331204));
#1575 = CARTESIAN_POINT('',(96.6,70.276862193951,64.14533840442));
#1576 = CARTESIAN_POINT('',(96.6,70.24554046819,64.053120039266));
#1577 = CARTESIAN_POINT('',(96.6,70.216382137019,63.960194966763));
#1578 = CARTESIAN_POINT('',(96.6,70.189406593948,63.86662672141));
#1579 = CARTESIAN_POINT('',(96.6,70.14521188461,63.698688680897));
#1580 = CARTESIAN_POINT('',(96.6,70.127144312475,63.62454209366));
#1581 = CARTESIAN_POINT('',(96.6,70.110436203597,63.550070840602));
#1582 = CARTESIAN_POINT('',(96.6,70.095094750476,63.475306087874));
#1583 = CARTESIAN_POINT('',(96.6,70.081126190974,63.400279206644));
#1584 = CARTESIAN_POINT('',(96.6,70.055945425646,63.249764339544));
#1585 = CARTESIAN_POINT('',(96.6,70.044733215505,63.174276327877));
#1586 = CARTESIAN_POINT('',(96.6,70.034904459934,63.098589314472));
#1587 = CARTESIAN_POINT('',(96.6,70.026463471594,63.022734992577));
#1588 = CARTESIAN_POINT('',(96.6,70.019413593756,62.94674517231));
#1589 = CARTESIAN_POINT('',(96.6,70.008100806856,62.794558389004));
#1590 = CARTESIAN_POINT('',(96.6,70.003837895855,62.71836139988));
#1591 = CARTESIAN_POINT('',(96.6,70.000970840001,62.64209274036));
#1592 = CARTESIAN_POINT('',(96.6,69.999501035982,62.565784365259));
#1593 = CARTESIAN_POINT('',(96.6,69.999428904472,62.489468257138));
#1594 = CARTESIAN_POINT('',(96.6,70.001896119169,62.347407605275));
#1595 = CARTESIAN_POINT('',(96.6,70.004076634072,62.281656810282));
#1596 = CARTESIAN_POINT('',(96.6,70.007295078513,62.2159445442));
#1597 = CARTESIAN_POINT('',(96.6,70.0115505578,62.150291279284));
#1598 = CARTESIAN_POINT('',(96.6,70.016841638869,62.084717457155));
#1599 = CARTESIAN_POINT('',(96.6,70.028985084828,61.959007437499));
#1600 = CARTESIAN_POINT('',(96.6,70.03567868498,61.898855893098));
#1601 = CARTESIAN_POINT('',(96.6,70.043245615432,61.83880474773));
#1602 = CARTESIAN_POINT('',(96.6,70.051683957962,61.778869842443));
#1603 = CARTESIAN_POINT('',(96.6,70.060991411443,61.719066967207));
#1604 = CARTESIAN_POINT('',(96.6,70.083993227627,61.584194555039));
#1605 = CARTESIAN_POINT('',(96.6,70.098198605449,61.509212151752));
#1606 = CARTESIAN_POINT('',(96.6,70.11377604241,61.434496210401));
#1607 = CARTESIAN_POINT('',(96.6,70.130719201627,61.3600780823));
#1608 = CARTESIAN_POINT('',(96.6,70.149020792233,61.285988910736));
#1609 = CARTESIAN_POINT('',(96.6,70.188324346506,61.138530351195));
#1610 = CARTESIAN_POINT('',(96.6,70.20932631691,61.065160937943));
#1611 = CARTESIAN_POINT('',(96.6,70.231670234575,60.992182326161));
#1612 = CARTESIAN_POINT('',(96.6,70.255346922524,60.919625156411));
#1613 = CARTESIAN_POINT('',(96.6,70.280346272808,60.847519774871));
#1614 = CARTESIAN_POINT('',(96.6,70.332968220209,60.704272691787));
#1615 = CARTESIAN_POINT('',(96.6,70.360590826346,60.63313096569));
#1616 = CARTESIAN_POINT('',(96.6,70.389514024883,60.562501106419));
#1617 = CARTESIAN_POINT('',(96.6,70.419725875633,60.492412787074));
#1618 = CARTESIAN_POINT('',(96.6,70.451213538253,60.422895302479));
#1619 = CARTESIAN_POINT('',(96.6,70.512195802125,60.294565728923));
#1620 = CARTESIAN_POINT('',(96.6,70.541366263416,60.23559958715));
#1621 = CARTESIAN_POINT('',(96.6,70.57146585464,60.177097664905));
#1622 = CARTESIAN_POINT('',(96.6,70.602485296786,60.119078232754));
#1623 = CARTESIAN_POINT('',(96.6,70.634414833306,60.06155931078));
#1624 = CARTESIAN_POINT('',(96.6,70.704013154019,59.940717950237));
#1625 = CARTESIAN_POINT('',(96.6,70.741910872093,59.877527345794));
#1626 = CARTESIAN_POINT('',(96.6,70.780923003025,59.815011824112));
#1627 = CARTESIAN_POINT('',(96.6,70.821034449636,59.75319589848));
#1628 = CARTESIAN_POINT('',(96.6,70.862229398888,59.692103626618));
#1629 = CARTESIAN_POINT('',(96.6,70.937697119321,59.584344668427));
#1630 = CARTESIAN_POINT('',(96.6,70.97156161546,59.537392034058));
#1631 = CARTESIAN_POINT('',(96.6,71.006076795109,59.490912152107));
#1632 = CARTESIAN_POINT('',(96.6,71.041234384811,59.444916272523));
#1633 = CARTESIAN_POINT('',(96.6,71.077025852834,59.399415450666));
#1634 = CARTESIAN_POINT('',(96.6,71.15648015696,59.301244753194));
#1635 = CARTESIAN_POINT('',(96.6,71.200390969672,59.248775563094));
#1636 = CARTESIAN_POINT('',(96.6,71.245160334812,59.197030907607));
#1637 = CARTESIAN_POINT('',(96.6,71.290773266224,59.146028300668));
#1638 = CARTESIAN_POINT('',(96.6,71.337214304087,59.095784839551));
#1639 = CARTESIAN_POINT('',(96.6,71.43717301847,58.991141767081));
#1640 = CARTESIAN_POINT('',(96.6,71.490888948067,58.936931505422));
#1641 = CARTESIAN_POINT('',(96.6,71.545593189271,58.883709569826));
#1642 = CARTESIAN_POINT('',(96.6,71.6012629532,58.831498404176));
#1643 = CARTESIAN_POINT('',(96.6,71.65787477653,58.780319746311));
#1644 = CARTESIAN_POINT('',(96.6,71.780869401704,58.673155702053));
#1645 = CARTESIAN_POINT('',(96.6,71.847522918433,58.617480963432));
#1646 = CARTESIAN_POINT('',(96.6,71.915329493999,58.563201408943));
#1647 = CARTESIAN_POINT('',(96.6,71.984252540919,58.510346746625));
#1648 = CARTESIAN_POINT('',(96.6,72.054254461909,58.458945395762));
#1649 = CARTESIAN_POINT('',(96.6,72.181269285451,58.369692859887));
#1650 = CARTESIAN_POINT('',(96.6,72.237887688635,58.331280208279));
#1651 = CARTESIAN_POINT('',(96.6,72.295132985385,58.293799794373));
#1652 = CARTESIAN_POINT('',(96.6,72.352985960435,58.257264349877));
#1653 = CARTESIAN_POINT('',(96.6,72.411427057305,58.221686075898));
#1654 = CARTESIAN_POINT('',(96.6,72.583915799727,58.120520065779));
#1655 = CARTESIAN_POINT('',(96.6,72.699496840119,58.057546369501));
#1656 = CARTESIAN_POINT('',(96.6,72.817037701861,57.998238701437));
#1657 = CARTESIAN_POINT('',(96.6,72.936392821583,57.942672443093));
#1658 = CARTESIAN_POINT('',(96.6,73.057412870165,57.890915210147));
#1659 = CARTESIAN_POINT('',(96.6,73.265717096604,57.809504991891));
#1660 = CARTESIAN_POINT('',(96.6,73.3522303606,57.777878830764));
#1661 = CARTESIAN_POINT('',(96.6,73.439432102235,57.748168862872));
#1662 = CARTESIAN_POINT('',(96.6,73.527269232587,57.720393613676));
#1663 = CARTESIAN_POINT('',(96.6,73.615688016305,57.694569640302));
#1664 = CARTESIAN_POINT('',(96.6,73.928269069175,57.61072564374));
#1665 = CARTESIAN_POINT('',(96.6,74.155240461924,57.563166491765));
#1666 = CARTESIAN_POINT('',(96.6,74.384678549933,57.528266979787));
#1667 = CARTESIAN_POINT('',(96.6,74.615702111302,57.506177926883));
#1668 = CARTESIAN_POINT('',(96.6,74.847419744392,57.496967900915));
#1669 = CARTESIAN_POINT('',(96.6,75.17364078316,57.502118346983));
#1670 = CARTESIAN_POINT('',(96.6,75.268316402059,57.505766688376));
#1671 = CARTESIAN_POINT('',(96.6,75.362896799833,57.511567107121));
#1672 = CARTESIAN_POINT('',(96.6,75.457320877802,57.519516320951));
#1673 = CARTESIAN_POINT('',(96.6,75.551527705535,57.529608734801));
#1674 = CARTESIAN_POINT('',(96.6,75.791567935104,57.560857306897));
#1675 = CARTESIAN_POINT('',(96.6,75.937007067712,57.585045118114));
#1676 = CARTESIAN_POINT('',(96.6,76.081544760242,57.614370011412));
#1677 = CARTESIAN_POINT('',(96.6,76.224954789895,57.648788862704));
#1678 = CARTESIAN_POINT('',(96.6,76.367013869496,57.68824528687));
#1679 = CARTESIAN_POINT('',(96.6,76.585271711814,57.757261703161));
#1680 = CARTESIAN_POINT('',(96.6,76.662560385214,57.783376182011));
#1681 = CARTESIAN_POINT('',(96.6,76.739330376686,57.811001281397));
#1682 = CARTESIAN_POINT('',(96.6,76.815544838624,57.84012401304));
#1683 = CARTESIAN_POINT('',(96.6,76.891167366825,57.870730193298));
#1684 = CARTESIAN_POINT('',(96.6,77.036318271672,57.932809386998));
#1685 = CARTESIAN_POINT('',(96.6,77.105925080199,57.964099094067));
#1686 = CARTESIAN_POINT('',(96.6,77.174952990357,57.996660974442));
#1687 = CARTESIAN_POINT('',(96.6,77.243372991067,58.030481558959));
#1688 = CARTESIAN_POINT('',(96.6,77.311156495889,58.065546499223));
#1689 = CARTESIAN_POINT('',(96.6,77.461595286007,58.146895270379));
#1690 = CARTESIAN_POINT('',(96.6,77.543891027933,58.193844115623));
#1691 = CARTESIAN_POINT('',(96.6,77.625108670739,58.24265795585));
#1692 = CARTESIAN_POINT('',(96.6,77.705195533454,58.29330566973));
#1693 = CARTESIAN_POINT('',(96.6,77.784100152186,58.345754162096));
#1694 = CARTESIAN_POINT('',(96.6,77.924341498198,58.443640918144));
#1695 = CARTESIAN_POINT('',(96.6,77.986110960035,58.4884592977));
#1696 = CARTESIAN_POINT('',(96.6,78.047054413384,58.534405178128));
#1697 = CARTESIAN_POINT('',(96.6,78.107146200892,58.5814594607));
#1698 = CARTESIAN_POINT('',(96.6,78.166361260117,58.629602272444));
#1699 = CARTESIAN_POINT('',(96.6,78.254837467935,58.704266774298));
#1700 = CARTESIAN_POINT('',(96.6,78.284758710711,58.730006284677));
#1701 = CARTESIAN_POINT('',(96.6,78.314435468283,58.756028641893));
#1702 = CARTESIAN_POINT('',(96.6,78.343864403403,58.782330938233));
#1703 = CARTESIAN_POINT('',(96.6,78.37304222514,58.808910213664));
#1704 = CARTESIAN_POINT('',(96.6,78.457884383115,58.887679721834));
#1705 = CARTESIAN_POINT('',(96.6,78.512852354489,58.940620024862));
#1706 = CARTESIAN_POINT('',(96.6,78.566846141221,58.994562581611));
#1707 = CARTESIAN_POINT('',(96.6,78.619842977914,59.049484924377));
#1708 = CARTESIAN_POINT('',(96.6,78.671820795565,59.105363901049));
#1709 = CARTESIAN_POINT('',(96.6,78.773695647562,59.218987449185));
#1710 = CARTESIAN_POINT('',(96.6,78.823592699371,59.276732040123));
#1711 = CARTESIAN_POINT('',(96.6,78.872428005263,59.335385610625));
#1712 = CARTESIAN_POINT('',(96.6,78.920180949568,59.394923705527));
#1713 = CARTESIAN_POINT('',(96.6,78.96683167267,59.4553212518));
#1714 = CARTESIAN_POINT('',(96.6,79.056320490353,59.575672441291));
#1715 = CARTESIAN_POINT('',(96.6,79.099234598195,59.635569593755));
#1716 = CARTESIAN_POINT('',(96.6,79.141086201706,59.696220892955));
#1717 = CARTESIAN_POINT('',(96.6,79.181858810689,59.757602740171));
#1718 = CARTESIAN_POINT('',(96.6,79.221536637576,59.819691060962));
#1719 = CARTESIAN_POINT('',(96.6,79.29040799519,59.931780783945));
#1720 = CARTESIAN_POINT('',(96.6,79.320026225252,59.981521254599));
#1721 = CARTESIAN_POINT('',(96.6,79.348951973187,60.031670812511));
#1722 = CARTESIAN_POINT('',(96.6,79.377178205804,60.08221739345));
#1723 = CARTESIAN_POINT('',(96.6,79.40469817114,60.133148773569));
#1724 = CARTESIAN_POINT('',(96.6,79.464405176833,60.24741631763));
#1725 = CARTESIAN_POINT('',(96.6,79.496231436856,60.310941010318));
#1726 = CARTESIAN_POINT('',(96.6,79.526972214672,60.37500375013));
#1727 = CARTESIAN_POINT('',(96.6,79.556616210534,60.439581327989));
#1728 = CARTESIAN_POINT('',(96.6,79.585152788812,60.50465022308));
#1729 = CARTESIAN_POINT('',(96.6,79.641006692546,60.638150255572));
#1730 = CARTESIAN_POINT('',(96.6,79.668239723684,60.706616681944));
#1731 = CARTESIAN_POINT('',(96.6,79.69425995059,60.775559300134));
#1732 = CARTESIAN_POINT('',(96.6,79.719057048936,60.844951235721));
#1733 = CARTESIAN_POINT('',(96.6,79.742621490884,60.914765321698));
#1734 = CARTESIAN_POINT('',(96.6,79.787267599275,61.055182875234));
#1735 = CARTESIAN_POINT('',(96.6,79.808349272368,61.125786363708));
#1736 = CARTESIAN_POINT('',(96.6,79.828180833925,61.196757103997));
#1737 = CARTESIAN_POINT('',(96.6,79.846754372721,61.268067415086));
#1738 = CARTESIAN_POINT('',(96.6,79.86406279674,61.339689394835));
#1739 = CARTESIAN_POINT('',(96.6,79.896136869616,61.483500445121));
#1740 = CARTESIAN_POINT('',(96.6,79.910902523251,61.55568953708));
#1741 = CARTESIAN_POINT('',(96.6,79.924390522219,61.62813407238));
#1742 = CARTESIAN_POINT('',(96.6,79.936595430189,61.700805779615));
#1743 = CARTESIAN_POINT('',(96.6,79.947512646365,61.773676239447));
#1744 = CARTESIAN_POINT('',(96.6,79.967107941659,61.922366123786));
#1745 = CARTESIAN_POINT('',(96.6,79.9756921298,61.998197946102));
#1746 = CARTESIAN_POINT('',(96.6,79.982886787512,62.0741806108));
#1747 = CARTESIAN_POINT('',(96.6,79.988688705257,62.150282293993));
#1748 = CARTESIAN_POINT('',(96.6,79.99309564636,62.226471088654));
#1749 = CARTESIAN_POINT('',(96.6,79.998701778651,62.368442519713));
#1750 = CARTESIAN_POINT('',(96.6,80.000259576878,62.434211014847));
#1751 = CARTESIAN_POINT('',(96.6,80.000778932827,62.5));
#1752 = CARTESIAN_POINT('',(96.6,80.000259576878,62.565788985154));
#1753 = CARTESIAN_POINT('',(96.6,79.998701778651,62.631557480288));
#1754 = CARTESIAN_POINT('',(96.6,79.993199463606,62.770899811232));
#1755 = CARTESIAN_POINT('',(96.6,79.988990972051,62.844463240489));
#1756 = CARTESIAN_POINT('',(96.6,79.98348200975,62.91794649127));
#1757 = CARTESIAN_POINT('',(96.6,79.976674559671,62.991320842609));
#1758 = CARTESIAN_POINT('',(96.6,79.968571450344,63.064557644453));
#1759 = CARTESIAN_POINT('',(96.6,79.949445722343,63.213308657327));
#1760 = CARTESIAN_POINT('',(96.6,79.938329167882,63.28881081477));
#1761 = CARTESIAN_POINT('',(96.6,79.925830775814,63.364103036347));
#1762 = CARTESIAN_POINT('',(96.6,79.911955591199,63.439153737118));
#1763 = CARTESIAN_POINT('',(96.6,79.896709620819,63.513931500851));
#1764 = CARTESIAN_POINT('',(96.6,79.863490045536,63.662878659194));
#1765 = CARTESIAN_POINT('',(96.6,79.84551643494,63.737048079334));
#1766 = CARTESIAN_POINT('',(96.6,79.826185971051,63.810882093177));
#1767 = CARTESIAN_POINT('',(96.6,79.8055065658,63.884349709395));
#1768 = CARTESIAN_POINT('',(96.6,79.783487073386,63.957420192598));
#1769 = CARTESIAN_POINT('',(96.6,79.737592671957,64.100201007906));
#1770 = CARTESIAN_POINT('',(96.6,79.713807918266,64.16994034413));
#1771 = CARTESIAN_POINT('',(96.6,79.688791847206,64.239253640111));
#1772 = CARTESIAN_POINT('',(96.6,79.662554072347,64.308113759059));
#1773 = CARTESIAN_POINT('',(96.6,79.635105002818,64.376493859286));
#1774 = CARTESIAN_POINT('',(96.6,79.576783499703,64.514664983537));
#1775 = CARTESIAN_POINT('',(96.6,79.545823804991,64.58441920108));
#1776 = CARTESIAN_POINT('',(96.6,79.513589209549,64.653600551826));
#1777 = CARTESIAN_POINT('',(96.6,79.48009304499,64.722179961229));
#1778 = CARTESIAN_POINT('',(96.6,79.445349524162,64.790128775216));
#1779 = CARTESIAN_POINT('',(96.6,79.373397958137,64.924708745149));
#1780 = CARTESIAN_POINT('',(96.6,79.336189900608,64.991339924161));
#1781 = CARTESIAN_POINT('',(96.6,79.297764663693,65.057284064177));
#1782 = CARTESIAN_POINT('',(96.6,79.258138181623,65.122513431436));
#1783 = CARTESIAN_POINT('',(96.6,79.217327227724,65.187000791466));
#1784 = CARTESIAN_POINT('',(96.6,79.140609154304,65.303452059404));
#1785 = CARTESIAN_POINT('',(96.6,79.105069705765,65.355658210627));
#1786 = CARTESIAN_POINT('',(96.6,79.068741049358,65.407322713497));
#1787 = CARTESIAN_POINT('',(96.6,79.031633538278,65.458430685034));
#1788 = CARTESIAN_POINT('',(96.6,78.99375789836,65.508967508527));
#1789 = CARTESIAN_POINT('',(96.6,78.90844408595,65.619276683149));
#1790 = CARTESIAN_POINT('',(96.6,78.860657614307,65.678779680466));
#1791 = CARTESIAN_POINT('',(96.6,78.811785399953,65.737402501094));
#1792 = CARTESIAN_POINT('',(96.6,78.7618477739,65.795120452708));
#1793 = CARTESIAN_POINT('',(96.6,78.71086581138,65.851909475057));
#1794 = CARTESIAN_POINT('',(96.6,78.619409656505,65.950104990476));
#1795 = CARTESIAN_POINT('',(96.6,78.579369509839,65.991915762148));
#1796 = CARTESIAN_POINT('',(96.6,78.538750414619,66.03316823063));
#1797 = CARTESIAN_POINT('',(96.6,78.497562122466,66.073852400057));
#1798 = CARTESIAN_POINT('',(96.6,78.455814613839,66.113958503038));
#1799 = CARTESIAN_POINT('',(96.6,78.367376444723,66.196588088712));
#1800 = CARTESIAN_POINT('',(96.6,78.320581420919,66.238999883948));
#1801 = CARTESIAN_POINT('',(96.6,78.273146282609,66.280700001295));
#1802 = CARTESIAN_POINT('',(96.6,78.225084585556,66.321676401937));
#1803 = CARTESIAN_POINT('',(96.6,78.176410185297,66.361917393319));
#1804 = CARTESIAN_POINT('',(96.6,78.090182525496,66.431032306451));
#1805 = CARTESIAN_POINT('',(96.6,78.052891127502,66.460232936312));
#1806 = CARTESIAN_POINT('',(96.6,78.015269013394,66.489008733398));
#1807 = CARTESIAN_POINT('',(96.6,77.97732224078,66.517355027973));
#1808 = CARTESIAN_POINT('',(96.6,77.939056954651,66.545267265899));
#1809 = CARTESIAN_POINT('',(96.6,77.480450074235,66.871872812565));
#1810 = CARTESIAN_POINT('',(96.599999999999,77.023261775217,
    67.119120720268));
#1811 = CARTESIAN_POINT('',(96.6,76.537228820156,67.308473736095));
#1812 = CARTESIAN_POINT('',(96.599999999999,76.031488646758,
    67.43618229111));
#1813 = CARTESIAN_POINT('',(96.6,75.515659247972,67.5));
#1814 = CARTESIAN_POINT('',(96.6,75.,67.5));
#1815 = PCURVE('',#1236,#1816);
#1816 = DEFINITIONAL_REPRESENTATION('',(#1817),#2130);
#1817 = B_SPLINE_CURVE_WITH_KNOTS('',6,(#1818,#1819,#1820,#1821,#1822,
    #1823,#1824,#1825,#1826,#1827,#1828,#1829,#1830,#1831,#1832,#1833,
    #1834,#1835,#1836,#1837,#1838,#1839,#1840,#1841,#1842,#1843,#1844,
    #1845,#1846,#1847,#1848,#1849,#1850,#1851,#1852,#1853,#1854,#1855,
    #1856,#1857,#1858,#1859,#1860,#1861,#1862,#1863,#1864,#1865,#1866,
    #1867,#1868,#1869,#1870,#1871,#1872,#1873,#1874,#1875,#1876,#1877,
    #1878,#1879,#1880,#1881,#1882,#1883,#1884,#1885,#1886,#1887,#1888,
    #1889,#1890,#1891,#1892,#1893,#1894,#1895,#1896,#1897,#1898,#1899,
    #1900,#1901,#1902,#1903,#1904,#1905,#1906,#1907,#1908,#1909,#1910,
    #1911,#1912,#1913,#1914,#1915,#1916,#1917,#1918,#1919,#1920,#1921,
    #1922,#1923,#1924,#1925,#1926,#1927,#1928,#1929,#1930,#1931,#1932,
    #1933,#1934,#1935,#1936,#1937,#1938,#1939,#1940,#1941,#1942,#1943,
    #1944,#1945,#1946,#1947,#1948,#1949,#1950,#1951,#1952,#1953,#1954,
    #1955,#1956,#1957,#1958,#1959,#1960,#1961,#1962,#1963,#1964,#1965,
    #1966,#1967,#1968,#1969,#1970,#1971,#1972,#1973,#1974,#1975,#1976,
    #1977,#1978,#1979,#1980,#1981,#1982,#1983,#1984,#1985,#1986,#1987,
    #1988,#1989,#1990,#1991,#1992,#1993,#1994,#1995,#1996,#1997,#1998,
    #1999,#2000,#2001,#2002,#2003,#2004,#2005,#2006,#2007,#2008,#2009,
    #2010,#2011,#2012,#2013,#2014,#2015,#2016,#2017,#2018,#2019,#2020,
    #2021,#2022,#2023,#2024,#2025,#2026,#2027,#2028,#2029,#2030,#2031,
    #2032,#2033,#2034,#2035,#2036,#2037,#2038,#2039,#2040,#2041,#2042,
    #2043,#2044,#2045,#2046,#2047,#2048,#2049,#2050,#2051,#2052,#2053,
    #2054,#2055,#2056,#2057,#2058,#2059,#2060,#2061,#2062,#2063,#2064,
    #2065,#2066,#2067,#2068,#2069,#2070,#2071,#2072,#2073,#2074,#2075,
    #2076,#2077,#2078,#2079,#2080,#2081,#2082,#2083,#2084,#2085,#2086,
    #2087,#2088,#2089,#2090,#2091,#2092,#2093,#2094,#2095,#2096,#2097,
    #2098,#2099,#2100,#2101,#2102,#2103,#2104,#2105,#2106,#2107,#2108,
    #2109,#2110,#2111,#2112,#2113,#2114,#2115,#2116,#2117,#2118,#2119,
    #2120,#2121,#2122,#2123,#2124,#2125,#2126,#2127,#2128,#2129),
  .UNSPECIFIED.,.F.,.F.,(7,5,5,5,5,5,5,5,5,5,5,5,5,5,5,5,5,5,5,5,5,5,5,5
    ,5,5,5,5,5,5,5,5,5,5,5,5,5,5,5,5,5,5,5,5,5,5,5,5,5,5,5,5,5,5,5,5,5,5
    ,5,5,5,5,7),(0.,1.206019506704E-02,2.663319343674E-02,
    4.020115758865E-02,5.477415595835E-02,6.834212011026E-02,
    8.291511847997E-02,9.547804836335E-02,0.105025875234,0.119598873603,
    0.134171871973,0.148242353241,0.162815351611,0.175880798634,
    0.190453797004,0.209046931467,0.223619929837,0.238192928207,
    0.252765926576,0.26532885646,0.276886752034,0.291459750404,
    0.306032748774,0.320605747143,0.333168677027,0.347239158294,
    0.358294536702,0.371359983726,0.385932982095,0.402516048698,
    0.415581495721,0.440707346071,0.458295446659,0.502516798791,
    0.520607416332,0.548748362267,0.564326394792,0.578899393161,
    0.596990010703,0.611563009072,0.619100767166,0.633673765536,
    0.648246763905,0.662317245173,0.673372623581,0.686940587733,
    0.701011069001,0.715081550269,0.729152031536,0.743725029906,
    0.756287959789,0.770358441057,0.784931439427,0.799504437797,
    0.813574919064,0.828147917434,0.842720915804,0.854781328537,
    0.869354326907,0.880409705315,0.892470118048,0.901515427729,1.),
  .UNSPECIFIED.);
#1818 = CARTESIAN_POINT('',(2.84217094304E-15,-3.));
#1819 = CARTESIAN_POINT('',(1.263052123746E-02,-3.));
#1820 = CARTESIAN_POINT('',(2.525999340585E-02,-3.));
#1821 = CARTESIAN_POINT('',(3.788915584155E-02,-3.));
#1822 = CARTESIAN_POINT('',(5.051840995533E-02,-3.));
#1823 = CARTESIAN_POINT('',(6.314781923239E-02,-3.));
#1824 = CARTESIAN_POINT('',(9.103777637383E-02,-3.));
#1825 = CARTESIAN_POINT('',(0.106298444343,-3.));
#1826 = CARTESIAN_POINT('',(0.121559112727,-3.));
#1827 = CARTESIAN_POINT('',(0.13681978111,-3.));
#1828 = CARTESIAN_POINT('',(0.15208044908,-3.));
#1829 = CARTESIAN_POINT('',(0.18154932372,-3.));
#1830 = CARTESIAN_POINT('',(0.195757531797,-3.));
#1831 = CARTESIAN_POINT('',(0.209965740165,-3.));
#1832 = CARTESIAN_POINT('',(0.224173948532,-3.));
#1833 = CARTESIAN_POINT('',(0.238382156609,-3.));
#1834 = CARTESIAN_POINT('',(0.267851031249,-3.));
#1835 = CARTESIAN_POINT('',(0.283111699219,-3.));
#1836 = CARTESIAN_POINT('',(0.298372367602,-3.));
#1837 = CARTESIAN_POINT('',(0.313633035986,-3.));
#1838 = CARTESIAN_POINT('',(0.328893703955,-3.));
#1839 = CARTESIAN_POINT('',(0.358362578595,-3.));
#1840 = CARTESIAN_POINT('',(0.372570786673,-3.));
#1841 = CARTESIAN_POINT('',(0.38677899504,-3.));
#1842 = CARTESIAN_POINT('',(0.400987203407,-3.));
#1843 = CARTESIAN_POINT('',(0.415195411485,-3.));
#1844 = CARTESIAN_POINT('',(0.444664286125,-3.));
#1845 = CARTESIAN_POINT('',(0.459924954094,-3.));
#1846 = CARTESIAN_POINT('',(0.475185622478,-3.));
#1847 = CARTESIAN_POINT('',(0.490446290861,-3.));
#1848 = CARTESIAN_POINT('',(0.505706958831,-3.));
#1849 = CARTESIAN_POINT('',(0.534123373774,-3.));
#1850 = CARTESIAN_POINT('',(0.547279121971,-3.));
#1851 = CARTESIAN_POINT('',(0.560434870364,-3.));
#1852 = CARTESIAN_POINT('',(0.573590618757,-3.));
#1853 = CARTESIAN_POINT('',(0.586746366954,-3.));
#1854 = CARTESIAN_POINT('',(0.609900483252,-3.));
#1855 = CARTESIAN_POINT('',(0.619898851848,-3.));
#1856 = CARTESIAN_POINT('',(0.629897220494,-3.));
#1857 = CARTESIAN_POINT('',(0.63989558914,-3.));
#1858 = CARTESIAN_POINT('',(0.649893957735,-3.));
#1859 = CARTESIAN_POINT('',(0.675152993373,-3.));
#1860 = CARTESIAN_POINT('',(0.690413661342,-3.));
#1861 = CARTESIAN_POINT('',(0.705674329726,-3.));
#1862 = CARTESIAN_POINT('',(0.720934998109,-3.));
#1863 = CARTESIAN_POINT('',(0.736195666079,-3.));
#1864 = CARTESIAN_POINT('',(0.766717000362,-3.));
#1865 = CARTESIAN_POINT('',(0.781977668331,-3.));
#1866 = CARTESIAN_POINT('',(0.797238336715,-3.));
#1867 = CARTESIAN_POINT('',(0.812499005099,-3.));
#1868 = CARTESIAN_POINT('',(0.827759673068,-3.));
#1869 = CARTESIAN_POINT('',(0.857754777537,-3.));
#1870 = CARTESIAN_POINT('',(0.872489215559,-3.));
#1871 = CARTESIAN_POINT('',(0.887223653928,-3.));
#1872 = CARTESIAN_POINT('',(0.901958092298,-3.));
#1873 = CARTESIAN_POINT('',(0.91669253032,-3.));
#1874 = CARTESIAN_POINT('',(0.946687634789,-3.));
#1875 = CARTESIAN_POINT('',(0.961948302758,-3.));
#1876 = CARTESIAN_POINT('',(0.977208971142,-3.));
#1877 = CARTESIAN_POINT('',(0.992469639525,-3.));
#1878 = CARTESIAN_POINT('',(1.007730307495,-3.));
#1879 = CARTESIAN_POINT('',(1.036672952292,-3.));
#1880 = CARTESIAN_POINT('',(1.050354930428,-3.));
#1881 = CARTESIAN_POINT('',(1.064036908804,-3.));
#1882 = CARTESIAN_POINT('',(1.077718887179,-3.));
#1883 = CARTESIAN_POINT('',(1.091400865315,-3.));
#1884 = CARTESIAN_POINT('',(1.120343510113,-3.));
#1885 = CARTESIAN_POINT('',(1.135604178082,-3.));
#1886 = CARTESIAN_POINT('',(1.150864846466,-3.));
#1887 = CARTESIAN_POINT('',(1.166125514849,-3.));
#1888 = CARTESIAN_POINT('',(1.181386182819,-3.));
#1889 = CARTESIAN_POINT('',(1.216117354861,-3.));
#1890 = CARTESIAN_POINT('',(1.23558786256,-3.));
#1891 = CARTESIAN_POINT('',(1.25505837166,-3.));
#1892 = CARTESIAN_POINT('',(1.27452888076,-3.));
#1893 = CARTESIAN_POINT('',(1.29399938846,-3.));
#1894 = CARTESIAN_POINT('',(1.328730560502,-3.));
#1895 = CARTESIAN_POINT('',(1.343991228471,-3.));
#1896 = CARTESIAN_POINT('',(1.359251896855,-3.));
#1897 = CARTESIAN_POINT('',(1.374512565238,-3.));
#1898 = CARTESIAN_POINT('',(1.389773233208,-3.));
#1899 = CARTESIAN_POINT('',(1.420294567491,-3.));
#1900 = CARTESIAN_POINT('',(1.43555523546,-3.));
#1901 = CARTESIAN_POINT('',(1.450815903844,-3.));
#1902 = CARTESIAN_POINT('',(1.466076572227,-3.));
#1903 = CARTESIAN_POINT('',(1.481337240197,-3.));
#1904 = CARTESIAN_POINT('',(1.51185857448,-3.));
#1905 = CARTESIAN_POINT('',(1.527119242449,-3.));
#1906 = CARTESIAN_POINT('',(1.542379910833,-3.));
#1907 = CARTESIAN_POINT('',(1.557640579216,-3.));
#1908 = CARTESIAN_POINT('',(1.572901247186,-3.));
#1909 = CARTESIAN_POINT('',(1.601317662129,-3.));
#1910 = CARTESIAN_POINT('',(1.614473410326,-3.));
#1911 = CARTESIAN_POINT('',(1.627629158719,-3.));
#1912 = CARTESIAN_POINT('',(1.640784907113,-3.));
#1913 = CARTESIAN_POINT('',(1.653940655309,-3.));
#1914 = CARTESIAN_POINT('',(1.679199691175,-3.));
#1915 = CARTESIAN_POINT('',(1.691302979498,-3.));
#1916 = CARTESIAN_POINT('',(1.703406267951,-3.));
#1917 = CARTESIAN_POINT('',(1.715509556405,-3.));
#1918 = CARTESIAN_POINT('',(1.727612844728,-3.));
#1919 = CARTESIAN_POINT('',(1.754976799933,-3.));
#1920 = CARTESIAN_POINT('',(1.770237467903,-3.));
#1921 = CARTESIAN_POINT('',(1.785498136286,-3.));
#1922 = CARTESIAN_POINT('',(1.80075880467,-3.));
#1923 = CARTESIAN_POINT('',(1.816019472639,-3.));
#1924 = CARTESIAN_POINT('',(1.846540806922,-3.));
#1925 = CARTESIAN_POINT('',(1.861801474892,-3.));
#1926 = CARTESIAN_POINT('',(1.877062143275,-3.));
#1927 = CARTESIAN_POINT('',(1.892322811659,-3.));
#1928 = CARTESIAN_POINT('',(1.907583479629,-3.));
#1929 = CARTESIAN_POINT('',(1.938104813912,-3.));
#1930 = CARTESIAN_POINT('',(1.953365481881,-3.));
#1931 = CARTESIAN_POINT('',(1.968626150265,-3.));
#1932 = CARTESIAN_POINT('',(1.983886818648,-3.));
#1933 = CARTESIAN_POINT('',(1.999147486618,-3.));
#1934 = CARTESIAN_POINT('',(2.027563901561,-3.));
#1935 = CARTESIAN_POINT('',(2.040719649757,-3.));
#1936 = CARTESIAN_POINT('',(2.053875398151,-3.));
#1937 = CARTESIAN_POINT('',(2.067031146544,-3.));
#1938 = CARTESIAN_POINT('',(2.080186894741,-3.));
#1939 = CARTESIAN_POINT('',(2.10807707987,-3.));
#1940 = CARTESIAN_POINT('',(2.122811517892,-3.));
#1941 = CARTESIAN_POINT('',(2.137545956262,-3.));
#1942 = CARTESIAN_POINT('',(2.152280394631,-3.));
#1943 = CARTESIAN_POINT('',(2.167014832653,-3.));
#1944 = CARTESIAN_POINT('',(2.193326328162,-3.));
#1945 = CARTESIAN_POINT('',(2.204903386552,-3.));
#1946 = CARTESIAN_POINT('',(2.216480445045,-3.));
#1947 = CARTESIAN_POINT('',(2.228057503539,-3.));
#1948 = CARTESIAN_POINT('',(2.239634561928,-3.));
#1949 = CARTESIAN_POINT('',(2.264893597766,-3.));
#1950 = CARTESIAN_POINT('',(2.278575575902,-3.));
#1951 = CARTESIAN_POINT('',(2.292257554278,-3.));
#1952 = CARTESIAN_POINT('',(2.305939532653,-3.));
#1953 = CARTESIAN_POINT('',(2.319621510789,-3.));
#1954 = CARTESIAN_POINT('',(2.348564155587,-3.));
#1955 = CARTESIAN_POINT('',(2.363824823556,-3.));
#1956 = CARTESIAN_POINT('',(2.37908549194,-3.));
#1957 = CARTESIAN_POINT('',(2.394346160323,-3.));
#1958 = CARTESIAN_POINT('',(2.409606828293,-3.));
#1959 = CARTESIAN_POINT('',(2.44223308165,-3.));
#1960 = CARTESIAN_POINT('',(2.459598669446,-3.));
#1961 = CARTESIAN_POINT('',(2.476964258031,-3.));
#1962 = CARTESIAN_POINT('',(2.494329846617,-3.));
#1963 = CARTESIAN_POINT('',(2.511695434413,-3.));
#1964 = CARTESIAN_POINT('',(2.542742998285,-3.));
#1965 = CARTESIAN_POINT('',(2.55642497642,-3.));
#1966 = CARTESIAN_POINT('',(2.570106954796,-3.));
#1967 = CARTESIAN_POINT('',(2.583788933172,-3.));
#1968 = CARTESIAN_POINT('',(2.597470911307,-3.));
#1969 = CARTESIAN_POINT('',(2.637464374706,-3.));
#1970 = CARTESIAN_POINT('',(2.663775873071,-3.));
#1971 = CARTESIAN_POINT('',(2.690087377747,-3.));
#1972 = CARTESIAN_POINT('',(2.716398882423,-3.));
#1973 = CARTESIAN_POINT('',(2.742710380788,-3.));
#1974 = CARTESIAN_POINT('',(2.787439912147,-3.));
#1975 = CARTESIAN_POINT('',(2.805857959883,-3.));
#1976 = CARTESIAN_POINT('',(2.824276008679,-3.));
#1977 = CARTESIAN_POINT('',(2.842694057476,-3.));
#1978 = CARTESIAN_POINT('',(2.861112105212,-3.));
#1979 = CARTESIAN_POINT('',(2.925838214433,-3.));
#1980 = CARTESIAN_POINT('',(2.972146890754,-3.));
#1981 = CARTESIAN_POINT('',(3.018454851087,-3.));
#1982 = CARTESIAN_POINT('',(3.06476281142,-3.));
#1983 = CARTESIAN_POINT('',(3.111071487741,-3.));
#1984 = CARTESIAN_POINT('',(3.17632382662,-3.));
#1985 = CARTESIAN_POINT('',(3.195268104335,-3.));
#1986 = CARTESIAN_POINT('',(3.214212383271,-3.));
#1987 = CARTESIAN_POINT('',(3.233156662206,-3.));
#1988 = CARTESIAN_POINT('',(3.252100939921,-3.));
#1989 = CARTESIAN_POINT('',(3.300514072466,-3.));
#1990 = CARTESIAN_POINT('',(3.329982951987,-3.));
#1991 = CARTESIAN_POINT('',(3.359451842633,-3.));
#1992 = CARTESIAN_POINT('',(3.388920733279,-3.));
#1993 = CARTESIAN_POINT('',(3.418389612799,-3.));
#1994 = CARTESIAN_POINT('',(3.464171596789,-3.));
#1995 = CARTESIAN_POINT('',(3.480484724664,-3.));
#1996 = CARTESIAN_POINT('',(3.496797853116,-3.));
#1997 = CARTESIAN_POINT('',(3.513110981569,-3.));
#1998 = CARTESIAN_POINT('',(3.529424109443,-3.));
#1999 = CARTESIAN_POINT('',(3.560997903304,-3.));
#2000 = CARTESIAN_POINT('',(3.576258571273,-3.));
#2001 = CARTESIAN_POINT('',(3.591519239657,-3.));
#2002 = CARTESIAN_POINT('',(3.60677990804,-3.));
#2003 = CARTESIAN_POINT('',(3.62204057601,-3.));
#2004 = CARTESIAN_POINT('',(3.656245518425,-3.));
#2005 = CARTESIAN_POINT('',(3.67518979614,-3.));
#2006 = CARTESIAN_POINT('',(3.694134075075,-3.));
#2007 = CARTESIAN_POINT('',(3.713078354011,-3.));
#2008 = CARTESIAN_POINT('',(3.732022631726,-3.));
#2009 = CARTESIAN_POINT('',(3.766227574141,-3.));
#2010 = CARTESIAN_POINT('',(3.781488242111,-3.));
#2011 = CARTESIAN_POINT('',(3.796748910494,-3.));
#2012 = CARTESIAN_POINT('',(3.812009578878,-3.));
#2013 = CARTESIAN_POINT('',(3.827270246847,-3.));
#2014 = CARTESIAN_POINT('',(3.850424362842,-3.));
#2015 = CARTESIAN_POINT('',(3.858317811725,-3.));
#2016 = CARTESIAN_POINT('',(3.866211260624,-3.));
#2017 = CARTESIAN_POINT('',(3.874104709523,-3.));
#2018 = CARTESIAN_POINT('',(3.881998158406,-3.));
#2019 = CARTESIAN_POINT('',(3.9051522744,-3.));
#2020 = CARTESIAN_POINT('',(3.92041294237,-3.));
#2021 = CARTESIAN_POINT('',(3.935673610753,-3.));
#2022 = CARTESIAN_POINT('',(3.950934279137,-3.));
#2023 = CARTESIAN_POINT('',(3.966194947107,-3.));
#2024 = CARTESIAN_POINT('',(3.99671628139,-3.));
#2025 = CARTESIAN_POINT('',(4.011976949359,-3.));
#2026 = CARTESIAN_POINT('',(4.027237617743,-3.));
#2027 = CARTESIAN_POINT('',(4.042498286126,-3.));
#2028 = CARTESIAN_POINT('',(4.057758954096,-3.));
#2029 = CARTESIAN_POINT('',(4.087754058564,-3.));
#2030 = CARTESIAN_POINT('',(4.102488496586,-3.));
#2031 = CARTESIAN_POINT('',(4.117222934956,-3.));
#2032 = CARTESIAN_POINT('',(4.131957373325,-3.));
#2033 = CARTESIAN_POINT('',(4.146691811347,-3.));
#2034 = CARTESIAN_POINT('',(4.173003306856,-3.));
#2035 = CARTESIAN_POINT('',(4.184580365246,-3.));
#2036 = CARTESIAN_POINT('',(4.19615742374,-3.));
#2037 = CARTESIAN_POINT('',(4.207734482233,-3.));
#2038 = CARTESIAN_POINT('',(4.219311540623,-3.));
#2039 = CARTESIAN_POINT('',(4.245096806303,-3.));
#2040 = CARTESIAN_POINT('',(4.25930501438,-3.));
#2041 = CARTESIAN_POINT('',(4.273513222748,-3.));
#2042 = CARTESIAN_POINT('',(4.287721431115,-3.));
#2043 = CARTESIAN_POINT('',(4.301929639192,-3.));
#2044 = CARTESIAN_POINT('',(4.330872284018,-3.));
#2045 = CARTESIAN_POINT('',(4.34560672204,-3.));
#2046 = CARTESIAN_POINT('',(4.36034116041,-3.));
#2047 = CARTESIAN_POINT('',(4.375075598779,-3.));
#2048 = CARTESIAN_POINT('',(4.389810036801,-3.));
#2049 = CARTESIAN_POINT('',(4.419278911456,-3.));
#2050 = CARTESIAN_POINT('',(4.434013349478,-3.));
#2051 = CARTESIAN_POINT('',(4.448747787847,-3.));
#2052 = CARTESIAN_POINT('',(4.463482226217,-3.));
#2053 = CARTESIAN_POINT('',(4.478216664239,-3.));
#2054 = CARTESIAN_POINT('',(4.507685538894,-3.));
#2055 = CARTESIAN_POINT('',(4.522419976916,-3.));
#2056 = CARTESIAN_POINT('',(4.537154415285,-3.));
#2057 = CARTESIAN_POINT('',(4.551888853654,-3.));
#2058 = CARTESIAN_POINT('',(4.566623291677,-3.));
#2059 = CARTESIAN_POINT('',(4.596618396145,-3.));
#2060 = CARTESIAN_POINT('',(4.611879064115,-3.));
#2061 = CARTESIAN_POINT('',(4.627139732498,-3.));
#2062 = CARTESIAN_POINT('',(4.642400400882,-3.));
#2063 = CARTESIAN_POINT('',(4.657661068851,-3.));
#2064 = CARTESIAN_POINT('',(4.686077483795,-3.));
#2065 = CARTESIAN_POINT('',(4.699233231991,-3.));
#2066 = CARTESIAN_POINT('',(4.712388980385,-3.));
#2067 = CARTESIAN_POINT('',(4.725544728778,-3.));
#2068 = CARTESIAN_POINT('',(4.738700476974,-3.));
#2069 = CARTESIAN_POINT('',(4.766590662104,-3.));
#2070 = CARTESIAN_POINT('',(4.781325100126,-3.));
#2071 = CARTESIAN_POINT('',(4.796059538495,-3.));
#2072 = CARTESIAN_POINT('',(4.810793976865,-3.));
#2073 = CARTESIAN_POINT('',(4.825528414887,-3.));
#2074 = CARTESIAN_POINT('',(4.855523519356,-3.));
#2075 = CARTESIAN_POINT('',(4.870784187325,-3.));
#2076 = CARTESIAN_POINT('',(4.886044855709,-3.));
#2077 = CARTESIAN_POINT('',(4.901305524092,-3.));
#2078 = CARTESIAN_POINT('',(4.916566192062,-3.));
#2079 = CARTESIAN_POINT('',(4.947087526345,-3.));
#2080 = CARTESIAN_POINT('',(4.962348194314,-3.));
#2081 = CARTESIAN_POINT('',(4.977608862698,-3.));
#2082 = CARTESIAN_POINT('',(4.992869531081,-3.));
#2083 = CARTESIAN_POINT('',(5.008130199051,-3.));
#2084 = CARTESIAN_POINT('',(5.03812530352,-3.));
#2085 = CARTESIAN_POINT('',(5.052859741542,-3.));
#2086 = CARTESIAN_POINT('',(5.067594179911,-3.));
#2087 = CARTESIAN_POINT('',(5.082328618281,-3.));
#2088 = CARTESIAN_POINT('',(5.097063056303,-3.));
#2089 = CARTESIAN_POINT('',(5.127058160772,-3.));
#2090 = CARTESIAN_POINT('',(5.142318828741,-3.));
#2091 = CARTESIAN_POINT('',(5.157579497125,-3.));
#2092 = CARTESIAN_POINT('',(5.172840165508,-3.));
#2093 = CARTESIAN_POINT('',(5.188100833478,-3.));
#2094 = CARTESIAN_POINT('',(5.218622167761,-3.));
#2095 = CARTESIAN_POINT('',(5.23388283573,-3.));
#2096 = CARTESIAN_POINT('',(5.249143504114,-3.));
#2097 = CARTESIAN_POINT('',(5.264404172497,-3.));
#2098 = CARTESIAN_POINT('',(5.279664840467,-3.));
#2099 = CARTESIAN_POINT('',(5.307555025546,-3.));
#2100 = CARTESIAN_POINT('',(5.320184543805,-3.));
#2101 = CARTESIAN_POINT('',(5.332814062224,-3.));
#2102 = CARTESIAN_POINT('',(5.345443580644,-3.));
#2103 = CARTESIAN_POINT('',(5.358073098903,-3.));
#2104 = CARTESIAN_POINT('',(5.385963283982,-3.));
#2105 = CARTESIAN_POINT('',(5.401223951952,-3.));
#2106 = CARTESIAN_POINT('',(5.416484620335,-3.));
#2107 = CARTESIAN_POINT('',(5.431745288719,-3.));
#2108 = CARTESIAN_POINT('',(5.447005956688,-3.));
#2109 = CARTESIAN_POINT('',(5.473843682011,-3.));
#2110 = CARTESIAN_POINT('',(5.485420740401,-3.));
#2111 = CARTESIAN_POINT('',(5.496997798894,-3.));
#2112 = CARTESIAN_POINT('',(5.508574857388,-3.));
#2113 = CARTESIAN_POINT('',(5.520151915778,-3.));
#2114 = CARTESIAN_POINT('',(5.544358491897,-3.));
#2115 = CARTESIAN_POINT('',(5.556988010156,-3.));
#2116 = CARTESIAN_POINT('',(5.569617528575,-3.));
#2117 = CARTESIAN_POINT('',(5.582247046995,-3.));
#2118 = CARTESIAN_POINT('',(5.594876565254,-3.));
#2119 = CARTESIAN_POINT('',(5.616978221782,-3.));
#2120 = CARTESIAN_POINT('',(5.626450360449,-3.));
#2121 = CARTESIAN_POINT('',(5.635922499154,-3.));
#2122 = CARTESIAN_POINT('',(5.645394637859,-3.));
#2123 = CARTESIAN_POINT('',(5.654866776525,-3.));
#2124 = CARTESIAN_POINT('',(5.76747076471,-3.));
#2125 = CARTESIAN_POINT('',(5.870635886575,-3.));
#2126 = CARTESIAN_POINT('',(5.973762111147,-3.));
#2127 = CARTESIAN_POINT('',(6.076888335721,-3.));
#2128 = CARTESIAN_POINT('',(6.180053457585,-3.));
#2129 = CARTESIAN_POINT('',(6.28318530718,-3.));
#2130 = ( GEOMETRIC_REPRESENTATION_CONTEXT(2) 
PARAMETRIC_REPRESENTATION_CONTEXT() REPRESENTATION_CONTEXT('2D SPACE',''
  ) );
#2131 = PCURVE('',#2132,#2137);
#2132 = CYLINDRICAL_SURFACE('',#2133,5.);
#2133 = AXIS2_PLACEMENT_3D('',#2134,#2135,#2136);
#2134 = CARTESIAN_POINT('',(98.39218452154,75.,62.5));
#2135 = DIRECTION('',(1.,0.,-0.));
#2136 = DIRECTION('',(0.,0.,1.));
#2137 = DEFINITIONAL_REPRESENTATION('',(#2138),#2451);
#2138 = B_SPLINE_CURVE_WITH_KNOTS('',6,(#2139,#2140,#2141,#2142,#2143,
    #2144,#2145,#2146,#2147,#2148,#2149,#2150,#2151,#2152,#2153,#2154,
    #2155,#2156,#2157,#2158,#2159,#2160,#2161,#2162,#2163,#2164,#2165,
    #2166,#2167,#2168,#2169,#2170,#2171,#2172,#2173,#2174,#2175,#2176,
    #2177,#2178,#2179,#2180,#2181,#2182,#2183,#2184,#2185,#2186,#2187,
    #2188,#2189,#2190,#2191,#2192,#2193,#2194,#2195,#2196,#2197,#2198,
    #2199,#2200,#2201,#2202,#2203,#2204,#2205,#2206,#2207,#2208,#2209,
    #2210,#2211,#2212,#2213,#2214,#2215,#2216,#2217,#2218,#2219,#2220,
    #2221,#2222,#2223,#2224,#2225,#2226,#2227,#2228,#2229,#2230,#2231,
    #2232,#2233,#2234,#2235,#2236,#2237,#2238,#2239,#2240,#2241,#2242,
    #2243,#2244,#2245,#2246,#2247,#2248,#2249,#2250,#2251,#2252,#2253,
    #2254,#2255,#2256,#2257,#2258,#2259,#2260,#2261,#2262,#2263,#2264,
    #2265,#2266,#2267,#2268,#2269,#2270,#2271,#2272,#2273,#2274,#2275,
    #2276,#2277,#2278,#2279,#2280,#2281,#2282,#2283,#2284,#2285,#2286,
    #2287,#2288,#2289,#2290,#2291,#2292,#2293,#2294,#2295,#2296,#2297,
    #2298,#2299,#2300,#2301,#2302,#2303,#2304,#2305,#2306,#2307,#2308,
    #2309,#2310,#2311,#2312,#2313,#2314,#2315,#2316,#2317,#2318,#2319,
    #2320,#2321,#2322,#2323,#2324,#2325,#2326,#2327,#2328,#2329,#2330,
    #2331,#2332,#2333,#2334,#2335,#2336,#2337,#2338,#2339,#2340,#2341,
    #2342,#2343,#2344,#2345,#2346,#2347,#2348,#2349,#2350,#2351,#2352,
    #2353,#2354,#2355,#2356,#2357,#2358,#2359,#2360,#2361,#2362,#2363,
    #2364,#2365,#2366,#2367,#2368,#2369,#2370,#2371,#2372,#2373,#2374,
    #2375,#2376,#2377,#2378,#2379,#2380,#2381,#2382,#2383,#2384,#2385,
    #2386,#2387,#2388,#2389,#2390,#2391,#2392,#2393,#2394,#2395,#2396,
    #2397,#2398,#2399,#2400,#2401,#2402,#2403,#2404,#2405,#2406,#2407,
    #2408,#2409,#2410,#2411,#2412,#2413,#2414,#2415,#2416,#2417,#2418,
    #2419,#2420,#2421,#2422,#2423,#2424,#2425,#2426,#2427,#2428,#2429,
    #2430,#2431,#2432,#2433,#2434,#2435,#2436,#2437,#2438,#2439,#2440,
    #2441,#2442,#2443,#2444,#2445,#2446,#2447,#2448,#2449,#2450),
  .UNSPECIFIED.,.F.,.F.,(7,5,5,5,5,5,5,5,5,5,5,5,5,5,5,5,5,5,5,5,5,5,5,5
    ,5,5,5,5,5,5,5,5,5,5,5,5,5,5,5,5,5,5,5,5,5,5,5,5,5,5,5,5,5,5,5,5,5,5
    ,5,5,5,5,7),(0.,1.206019506704E-02,2.663319343674E-02,
    4.020115758865E-02,5.477415595835E-02,6.834212011026E-02,
    8.291511847997E-02,9.547804836335E-02,0.105025875234,0.119598873603,
    0.134171871973,0.148242353241,0.162815351611,0.175880798634,
    0.190453797004,0.209046931467,0.223619929837,0.238192928207,
    0.252765926576,0.26532885646,0.276886752034,0.291459750404,
    0.306032748774,0.320605747143,0.333168677027,0.347239158294,
    0.358294536702,0.371359983726,0.385932982095,0.402516048698,
    0.415581495721,0.440707346071,0.458295446659,0.502516798791,
    0.520607416332,0.548748362267,0.564326394792,0.578899393161,
    0.596990010703,0.611563009072,0.619100767166,0.633673765536,
    0.648246763905,0.662317245173,0.673372623581,0.686940587733,
    0.701011069001,0.715081550269,0.729152031536,0.743725029906,
    0.756287959789,0.770358441057,0.784931439427,0.799504437797,
    0.813574919064,0.828147917434,0.842720915804,0.854781328537,
    0.869354326907,0.880409705315,0.892470118048,0.901515427729,1.),
  .UNSPECIFIED.);
#2139 = CARTESIAN_POINT('',(0.,-1.792184521541));
#2140 = CARTESIAN_POINT('',(1.263052123745E-02,-1.792184521541));
#2141 = CARTESIAN_POINT('',(2.525999340585E-02,-1.792184521541));
#2142 = CARTESIAN_POINT('',(3.788915584155E-02,-1.792184521541));
#2143 = CARTESIAN_POINT('',(5.051840995533E-02,-1.792184521541));
#2144 = CARTESIAN_POINT('',(6.314781923238E-02,-1.792184521541));
#2145 = CARTESIAN_POINT('',(9.103777637382E-02,-1.792184521541));
#2146 = CARTESIAN_POINT('',(0.106298444343,-1.792184521541));
#2147 = CARTESIAN_POINT('',(0.121559112727,-1.792184521541));
#2148 = CARTESIAN_POINT('',(0.13681978111,-1.792184521541));
#2149 = CARTESIAN_POINT('',(0.15208044908,-1.792184521541));
#2150 = CARTESIAN_POINT('',(0.18154932372,-1.792184521541));
#2151 = CARTESIAN_POINT('',(0.195757531797,-1.792184521541));
#2152 = CARTESIAN_POINT('',(0.209965740165,-1.792184521541));
#2153 = CARTESIAN_POINT('',(0.224173948532,-1.792184521541));
#2154 = CARTESIAN_POINT('',(0.238382156609,-1.792184521541));
#2155 = CARTESIAN_POINT('',(0.267851031249,-1.792184521541));
#2156 = CARTESIAN_POINT('',(0.283111699219,-1.792184521541));
#2157 = CARTESIAN_POINT('',(0.298372367602,-1.792184521541));
#2158 = CARTESIAN_POINT('',(0.313633035986,-1.792184521541));
#2159 = CARTESIAN_POINT('',(0.328893703955,-1.792184521541));
#2160 = CARTESIAN_POINT('',(0.358362578595,-1.792184521541));
#2161 = CARTESIAN_POINT('',(0.372570786673,-1.792184521541));
#2162 = CARTESIAN_POINT('',(0.38677899504,-1.792184521541));
#2163 = CARTESIAN_POINT('',(0.400987203407,-1.792184521541));
#2164 = CARTESIAN_POINT('',(0.415195411485,-1.792184521541));
#2165 = CARTESIAN_POINT('',(0.444664286125,-1.792184521541));
#2166 = CARTESIAN_POINT('',(0.459924954094,-1.792184521541));
#2167 = CARTESIAN_POINT('',(0.475185622478,-1.792184521541));
#2168 = CARTESIAN_POINT('',(0.490446290861,-1.792184521541));
#2169 = CARTESIAN_POINT('',(0.505706958831,-1.792184521541));
#2170 = CARTESIAN_POINT('',(0.534123373774,-1.792184521541));
#2171 = CARTESIAN_POINT('',(0.547279121971,-1.792184521541));
#2172 = CARTESIAN_POINT('',(0.560434870364,-1.792184521541));
#2173 = CARTESIAN_POINT('',(0.573590618757,-1.792184521541));
#2174 = CARTESIAN_POINT('',(0.586746366954,-1.792184521541));
#2175 = CARTESIAN_POINT('',(0.609900483252,-1.792184521541));
#2176 = CARTESIAN_POINT('',(0.619898851848,-1.792184521541));
#2177 = CARTESIAN_POINT('',(0.629897220494,-1.792184521541));
#2178 = CARTESIAN_POINT('',(0.63989558914,-1.792184521541));
#2179 = CARTESIAN_POINT('',(0.649893957735,-1.792184521541));
#2180 = CARTESIAN_POINT('',(0.675152993373,-1.792184521541));
#2181 = CARTESIAN_POINT('',(0.690413661342,-1.792184521541));
#2182 = CARTESIAN_POINT('',(0.705674329726,-1.792184521541));
#2183 = CARTESIAN_POINT('',(0.720934998109,-1.792184521541));
#2184 = CARTESIAN_POINT('',(0.736195666079,-1.792184521541));
#2185 = CARTESIAN_POINT('',(0.766717000362,-1.792184521541));
#2186 = CARTESIAN_POINT('',(0.781977668331,-1.792184521541));
#2187 = CARTESIAN_POINT('',(0.797238336715,-1.792184521541));
#2188 = CARTESIAN_POINT('',(0.812499005099,-1.792184521541));
#2189 = CARTESIAN_POINT('',(0.827759673068,-1.792184521541));
#2190 = CARTESIAN_POINT('',(0.857754777537,-1.792184521541));
#2191 = CARTESIAN_POINT('',(0.872489215559,-1.792184521541));
#2192 = CARTESIAN_POINT('',(0.887223653928,-1.792184521541));
#2193 = CARTESIAN_POINT('',(0.901958092298,-1.792184521541));
#2194 = CARTESIAN_POINT('',(0.91669253032,-1.792184521541));
#2195 = CARTESIAN_POINT('',(0.946687634789,-1.792184521541));
#2196 = CARTESIAN_POINT('',(0.961948302758,-1.792184521541));
#2197 = CARTESIAN_POINT('',(0.977208971142,-1.792184521541));
#2198 = CARTESIAN_POINT('',(0.992469639525,-1.792184521541));
#2199 = CARTESIAN_POINT('',(1.007730307495,-1.792184521541));
#2200 = CARTESIAN_POINT('',(1.036672952292,-1.792184521541));
#2201 = CARTESIAN_POINT('',(1.050354930428,-1.792184521541));
#2202 = CARTESIAN_POINT('',(1.064036908804,-1.792184521541));
#2203 = CARTESIAN_POINT('',(1.077718887179,-1.792184521541));
#2204 = CARTESIAN_POINT('',(1.091400865315,-1.792184521541));
#2205 = CARTESIAN_POINT('',(1.120343510113,-1.792184521541));
#2206 = CARTESIAN_POINT('',(1.135604178082,-1.792184521541));
#2207 = CARTESIAN_POINT('',(1.150864846466,-1.792184521541));
#2208 = CARTESIAN_POINT('',(1.166125514849,-1.792184521541));
#2209 = CARTESIAN_POINT('',(1.181386182819,-1.792184521541));
#2210 = CARTESIAN_POINT('',(1.216117354861,-1.792184521541));
#2211 = CARTESIAN_POINT('',(1.23558786256,-1.792184521541));
#2212 = CARTESIAN_POINT('',(1.25505837166,-1.792184521541));
#2213 = CARTESIAN_POINT('',(1.27452888076,-1.792184521541));
#2214 = CARTESIAN_POINT('',(1.29399938846,-1.792184521541));
#2215 = CARTESIAN_POINT('',(1.328730560502,-1.792184521541));
#2216 = CARTESIAN_POINT('',(1.343991228471,-1.792184521541));
#2217 = CARTESIAN_POINT('',(1.359251896855,-1.792184521541));
#2218 = CARTESIAN_POINT('',(1.374512565238,-1.792184521541));
#2219 = CARTESIAN_POINT('',(1.389773233208,-1.792184521541));
#2220 = CARTESIAN_POINT('',(1.420294567491,-1.792184521541));
#2221 = CARTESIAN_POINT('',(1.43555523546,-1.792184521541));
#2222 = CARTESIAN_POINT('',(1.450815903844,-1.792184521541));
#2223 = CARTESIAN_POINT('',(1.466076572227,-1.792184521541));
#2224 = CARTESIAN_POINT('',(1.481337240197,-1.792184521541));
#2225 = CARTESIAN_POINT('',(1.51185857448,-1.792184521541));
#2226 = CARTESIAN_POINT('',(1.527119242449,-1.792184521541));
#2227 = CARTESIAN_POINT('',(1.542379910833,-1.792184521541));
#2228 = CARTESIAN_POINT('',(1.557640579216,-1.792184521541));
#2229 = CARTESIAN_POINT('',(1.572901247186,-1.792184521541));
#2230 = CARTESIAN_POINT('',(1.601317662129,-1.792184521541));
#2231 = CARTESIAN_POINT('',(1.614473410326,-1.792184521541));
#2232 = CARTESIAN_POINT('',(1.627629158719,-1.792184521541));
#2233 = CARTESIAN_POINT('',(1.640784907113,-1.792184521541));
#2234 = CARTESIAN_POINT('',(1.653940655309,-1.792184521541));
#2235 = CARTESIAN_POINT('',(1.679199691175,-1.792184521541));
#2236 = CARTESIAN_POINT('',(1.691302979498,-1.792184521541));
#2237 = CARTESIAN_POINT('',(1.703406267951,-1.792184521541));
#2238 = CARTESIAN_POINT('',(1.715509556405,-1.792184521541));
#2239 = CARTESIAN_POINT('',(1.727612844728,-1.792184521541));
#2240 = CARTESIAN_POINT('',(1.754976799933,-1.792184521541));
#2241 = CARTESIAN_POINT('',(1.770237467903,-1.792184521541));
#2242 = CARTESIAN_POINT('',(1.785498136286,-1.792184521541));
#2243 = CARTESIAN_POINT('',(1.80075880467,-1.792184521541));
#2244 = CARTESIAN_POINT('',(1.816019472639,-1.792184521541));
#2245 = CARTESIAN_POINT('',(1.846540806922,-1.792184521541));
#2246 = CARTESIAN_POINT('',(1.861801474892,-1.792184521541));
#2247 = CARTESIAN_POINT('',(1.877062143275,-1.792184521541));
#2248 = CARTESIAN_POINT('',(1.892322811659,-1.792184521541));
#2249 = CARTESIAN_POINT('',(1.907583479629,-1.792184521541));
#2250 = CARTESIAN_POINT('',(1.938104813912,-1.792184521541));
#2251 = CARTESIAN_POINT('',(1.953365481881,-1.792184521541));
#2252 = CARTESIAN_POINT('',(1.968626150265,-1.792184521541));
#2253 = CARTESIAN_POINT('',(1.983886818648,-1.792184521541));
#2254 = CARTESIAN_POINT('',(1.999147486618,-1.792184521541));
#2255 = CARTESIAN_POINT('',(2.027563901561,-1.792184521541));
#2256 = CARTESIAN_POINT('',(2.040719649757,-1.792184521541));
#2257 = CARTESIAN_POINT('',(2.053875398151,-1.792184521541));
#2258 = CARTESIAN_POINT('',(2.067031146544,-1.792184521541));
#2259 = CARTESIAN_POINT('',(2.080186894741,-1.792184521541));
#2260 = CARTESIAN_POINT('',(2.10807707987,-1.792184521541));
#2261 = CARTESIAN_POINT('',(2.122811517892,-1.792184521541));
#2262 = CARTESIAN_POINT('',(2.137545956262,-1.792184521541));
#2263 = CARTESIAN_POINT('',(2.152280394631,-1.792184521541));
#2264 = CARTESIAN_POINT('',(2.167014832653,-1.792184521541));
#2265 = CARTESIAN_POINT('',(2.193326328162,-1.792184521541));
#2266 = CARTESIAN_POINT('',(2.204903386552,-1.792184521541));
#2267 = CARTESIAN_POINT('',(2.216480445045,-1.792184521541));
#2268 = CARTESIAN_POINT('',(2.228057503539,-1.792184521541));
#2269 = CARTESIAN_POINT('',(2.239634561928,-1.792184521541));
#2270 = CARTESIAN_POINT('',(2.264893597766,-1.792184521541));
#2271 = CARTESIAN_POINT('',(2.278575575902,-1.792184521541));
#2272 = CARTESIAN_POINT('',(2.292257554278,-1.792184521541));
#2273 = CARTESIAN_POINT('',(2.305939532653,-1.792184521541));
#2274 = CARTESIAN_POINT('',(2.319621510789,-1.792184521541));
#2275 = CARTESIAN_POINT('',(2.348564155587,-1.792184521541));
#2276 = CARTESIAN_POINT('',(2.363824823556,-1.792184521541));
#2277 = CARTESIAN_POINT('',(2.37908549194,-1.792184521541));
#2278 = CARTESIAN_POINT('',(2.394346160323,-1.792184521541));
#2279 = CARTESIAN_POINT('',(2.409606828293,-1.792184521541));
#2280 = CARTESIAN_POINT('',(2.44223308165,-1.792184521541));
#2281 = CARTESIAN_POINT('',(2.459598669446,-1.792184521541));
#2282 = CARTESIAN_POINT('',(2.476964258031,-1.792184521541));
#2283 = CARTESIAN_POINT('',(2.494329846617,-1.792184521541));
#2284 = CARTESIAN_POINT('',(2.511695434413,-1.792184521541));
#2285 = CARTESIAN_POINT('',(2.542742998285,-1.792184521541));
#2286 = CARTESIAN_POINT('',(2.55642497642,-1.792184521541));
#2287 = CARTESIAN_POINT('',(2.570106954796,-1.792184521541));
#2288 = CARTESIAN_POINT('',(2.583788933172,-1.792184521541));
#2289 = CARTESIAN_POINT('',(2.597470911307,-1.792184521541));
#2290 = CARTESIAN_POINT('',(2.637464374706,-1.792184521541));
#2291 = CARTESIAN_POINT('',(2.663775873071,-1.792184521541));
#2292 = CARTESIAN_POINT('',(2.690087377747,-1.792184521541));
#2293 = CARTESIAN_POINT('',(2.716398882423,-1.792184521541));
#2294 = CARTESIAN_POINT('',(2.742710380788,-1.792184521541));
#2295 = CARTESIAN_POINT('',(2.787439912147,-1.792184521541));
#2296 = CARTESIAN_POINT('',(2.805857959883,-1.792184521541));
#2297 = CARTESIAN_POINT('',(2.824276008679,-1.792184521541));
#2298 = CARTESIAN_POINT('',(2.842694057476,-1.792184521541));
#2299 = CARTESIAN_POINT('',(2.861112105212,-1.792184521541));
#2300 = CARTESIAN_POINT('',(2.925838214433,-1.792184521541));
#2301 = CARTESIAN_POINT('',(2.972146890754,-1.792184521541));
#2302 = CARTESIAN_POINT('',(3.018454851087,-1.792184521541));
#2303 = CARTESIAN_POINT('',(3.06476281142,-1.792184521541));
#2304 = CARTESIAN_POINT('',(3.111071487741,-1.792184521541));
#2305 = CARTESIAN_POINT('',(3.17632382662,-1.792184521541));
#2306 = CARTESIAN_POINT('',(3.195268104335,-1.792184521541));
#2307 = CARTESIAN_POINT('',(3.214212383271,-1.792184521541));
#2308 = CARTESIAN_POINT('',(3.233156662206,-1.792184521541));
#2309 = CARTESIAN_POINT('',(3.252100939921,-1.792184521541));
#2310 = CARTESIAN_POINT('',(3.300514072466,-1.792184521541));
#2311 = CARTESIAN_POINT('',(3.329982951987,-1.792184521541));
#2312 = CARTESIAN_POINT('',(3.359451842633,-1.792184521541));
#2313 = CARTESIAN_POINT('',(3.388920733279,-1.792184521541));
#2314 = CARTESIAN_POINT('',(3.418389612799,-1.792184521541));
#2315 = CARTESIAN_POINT('',(3.464171596789,-1.792184521541));
#2316 = CARTESIAN_POINT('',(3.480484724664,-1.792184521541));
#2317 = CARTESIAN_POINT('',(3.496797853116,-1.792184521541));
#2318 = CARTESIAN_POINT('',(3.513110981569,-1.792184521541));
#2319 = CARTESIAN_POINT('',(3.529424109443,-1.792184521541));
#2320 = CARTESIAN_POINT('',(3.560997903304,-1.792184521541));
#2321 = CARTESIAN_POINT('',(3.576258571273,-1.792184521541));
#2322 = CARTESIAN_POINT('',(3.591519239657,-1.792184521541));
#2323 = CARTESIAN_POINT('',(3.60677990804,-1.792184521541));
#2324 = CARTESIAN_POINT('',(3.62204057601,-1.792184521541));
#2325 = CARTESIAN_POINT('',(3.656245518425,-1.792184521541));
#2326 = CARTESIAN_POINT('',(3.67518979614,-1.792184521541));
#2327 = CARTESIAN_POINT('',(3.694134075075,-1.792184521541));
#2328 = CARTESIAN_POINT('',(3.713078354011,-1.792184521541));
#2329 = CARTESIAN_POINT('',(3.732022631726,-1.792184521541));
#2330 = CARTESIAN_POINT('',(3.766227574141,-1.792184521541));
#2331 = CARTESIAN_POINT('',(3.781488242111,-1.792184521541));
#2332 = CARTESIAN_POINT('',(3.796748910494,-1.792184521541));
#2333 = CARTESIAN_POINT('',(3.812009578878,-1.792184521541));
#2334 = CARTESIAN_POINT('',(3.827270246847,-1.792184521541));
#2335 = CARTESIAN_POINT('',(3.850424362842,-1.792184521541));
#2336 = CARTESIAN_POINT('',(3.858317811725,-1.792184521541));
#2337 = CARTESIAN_POINT('',(3.866211260624,-1.792184521541));
#2338 = CARTESIAN_POINT('',(3.874104709523,-1.792184521541));
#2339 = CARTESIAN_POINT('',(3.881998158406,-1.792184521541));
#2340 = CARTESIAN_POINT('',(3.9051522744,-1.792184521541));
#2341 = CARTESIAN_POINT('',(3.92041294237,-1.792184521541));
#2342 = CARTESIAN_POINT('',(3.935673610753,-1.792184521541));
#2343 = CARTESIAN_POINT('',(3.950934279137,-1.792184521541));
#2344 = CARTESIAN_POINT('',(3.966194947107,-1.792184521541));
#2345 = CARTESIAN_POINT('',(3.99671628139,-1.792184521541));
#2346 = CARTESIAN_POINT('',(4.011976949359,-1.792184521541));
#2347 = CARTESIAN_POINT('',(4.027237617743,-1.792184521541));
#2348 = CARTESIAN_POINT('',(4.042498286126,-1.792184521541));
#2349 = CARTESIAN_POINT('',(4.057758954096,-1.792184521541));
#2350 = CARTESIAN_POINT('',(4.087754058564,-1.792184521541));
#2351 = CARTESIAN_POINT('',(4.102488496586,-1.792184521541));
#2352 = CARTESIAN_POINT('',(4.117222934956,-1.792184521541));
#2353 = CARTESIAN_POINT('',(4.131957373325,-1.792184521541));
#2354 = CARTESIAN_POINT('',(4.146691811347,-1.792184521541));
#2355 = CARTESIAN_POINT('',(4.173003306856,-1.792184521541));
#2356 = CARTESIAN_POINT('',(4.184580365246,-1.792184521541));
#2357 = CARTESIAN_POINT('',(4.19615742374,-1.792184521541));
#2358 = CARTESIAN_POINT('',(4.207734482233,-1.792184521541));
#2359 = CARTESIAN_POINT('',(4.219311540623,-1.792184521541));
#2360 = CARTESIAN_POINT('',(4.245096806303,-1.792184521541));
#2361 = CARTESIAN_POINT('',(4.25930501438,-1.792184521541));
#2362 = CARTESIAN_POINT('',(4.273513222748,-1.792184521541));
#2363 = CARTESIAN_POINT('',(4.287721431115,-1.792184521541));
#2364 = CARTESIAN_POINT('',(4.301929639192,-1.792184521541));
#2365 = CARTESIAN_POINT('',(4.330872284018,-1.792184521541));
#2366 = CARTESIAN_POINT('',(4.34560672204,-1.792184521541));
#2367 = CARTESIAN_POINT('',(4.36034116041,-1.792184521541));
#2368 = CARTESIAN_POINT('',(4.375075598779,-1.792184521541));
#2369 = CARTESIAN_POINT('',(4.389810036801,-1.792184521541));
#2370 = CARTESIAN_POINT('',(4.419278911456,-1.792184521541));
#2371 = CARTESIAN_POINT('',(4.434013349478,-1.792184521541));
#2372 = CARTESIAN_POINT('',(4.448747787847,-1.792184521541));
#2373 = CARTESIAN_POINT('',(4.463482226217,-1.792184521541));
#2374 = CARTESIAN_POINT('',(4.478216664239,-1.792184521541));
#2375 = CARTESIAN_POINT('',(4.507685538894,-1.792184521541));
#2376 = CARTESIAN_POINT('',(4.522419976916,-1.792184521541));
#2377 = CARTESIAN_POINT('',(4.537154415285,-1.792184521541));
#2378 = CARTESIAN_POINT('',(4.551888853654,-1.792184521541));
#2379 = CARTESIAN_POINT('',(4.566623291677,-1.792184521541));
#2380 = CARTESIAN_POINT('',(4.596618396145,-1.792184521541));
#2381 = CARTESIAN_POINT('',(4.611879064115,-1.792184521541));
#2382 = CARTESIAN_POINT('',(4.627139732498,-1.792184521541));
#2383 = CARTESIAN_POINT('',(4.642400400882,-1.792184521541));
#2384 = CARTESIAN_POINT('',(4.657661068851,-1.792184521541));
#2385 = CARTESIAN_POINT('',(4.686077483795,-1.792184521541));
#2386 = CARTESIAN_POINT('',(4.699233231991,-1.792184521541));
#2387 = CARTESIAN_POINT('',(4.712388980385,-1.792184521541));
#2388 = CARTESIAN_POINT('',(4.725544728778,-1.792184521541));
#2389 = CARTESIAN_POINT('',(4.738700476974,-1.792184521541));
#2390 = CARTESIAN_POINT('',(4.766590662104,-1.792184521541));
#2391 = CARTESIAN_POINT('',(4.781325100126,-1.792184521541));
#2392 = CARTESIAN_POINT('',(4.796059538495,-1.792184521541));
#2393 = CARTESIAN_POINT('',(4.810793976865,-1.792184521541));
#2394 = CARTESIAN_POINT('',(4.825528414887,-1.792184521541));
#2395 = CARTESIAN_POINT('',(4.855523519356,-1.792184521541));
#2396 = CARTESIAN_POINT('',(4.870784187325,-1.792184521541));
#2397 = CARTESIAN_POINT('',(4.886044855709,-1.792184521541));
#2398 = CARTESIAN_POINT('',(4.901305524092,-1.792184521541));
#2399 = CARTESIAN_POINT('',(4.916566192062,-1.792184521541));
#2400 = CARTESIAN_POINT('',(4.947087526345,-1.792184521541));
#2401 = CARTESIAN_POINT('',(4.962348194314,-1.792184521541));
#2402 = CARTESIAN_POINT('',(4.977608862698,-1.792184521541));
#2403 = CARTESIAN_POINT('',(4.992869531081,-1.792184521541));
#2404 = CARTESIAN_POINT('',(5.008130199051,-1.792184521541));
#2405 = CARTESIAN_POINT('',(5.03812530352,-1.792184521541));
#2406 = CARTESIAN_POINT('',(5.052859741542,-1.792184521541));
#2407 = CARTESIAN_POINT('',(5.067594179911,-1.792184521541));
#2408 = CARTESIAN_POINT('',(5.082328618281,-1.792184521541));
#2409 = CARTESIAN_POINT('',(5.097063056303,-1.792184521541));
#2410 = CARTESIAN_POINT('',(5.127058160772,-1.792184521541));
#2411 = CARTESIAN_POINT('',(5.142318828741,-1.792184521541));
#2412 = CARTESIAN_POINT('',(5.157579497125,-1.792184521541));
#2413 = CARTESIAN_POINT('',(5.172840165508,-1.792184521541));
#2414 = CARTESIAN_POINT('',(5.188100833478,-1.792184521541));
#2415 = CARTESIAN_POINT('',(5.218622167761,-1.792184521541));
#2416 = CARTESIAN_POINT('',(5.23388283573,-1.792184521541));
#2417 = CARTESIAN_POINT('',(5.249143504114,-1.792184521541));
#2418 = CARTESIAN_POINT('',(5.264404172497,-1.792184521541));
#2419 = CARTESIAN_POINT('',(5.279664840467,-1.792184521541));
#2420 = CARTESIAN_POINT('',(5.307555025546,-1.792184521541));
#2421 = CARTESIAN_POINT('',(5.320184543805,-1.792184521541));
#2422 = CARTESIAN_POINT('',(5.332814062224,-1.792184521541));
#2423 = CARTESIAN_POINT('',(5.345443580644,-1.792184521541));
#2424 = CARTESIAN_POINT('',(5.358073098903,-1.792184521541));
#2425 = CARTESIAN_POINT('',(5.385963283982,-1.792184521541));
#2426 = CARTESIAN_POINT('',(5.401223951952,-1.792184521541));
#2427 = CARTESIAN_POINT('',(5.416484620335,-1.792184521541));
#2428 = CARTESIAN_POINT('',(5.431745288719,-1.792184521541));
#2429 = CARTESIAN_POINT('',(5.447005956688,-1.792184521541));
#2430 = CARTESIAN_POINT('',(5.473843682011,-1.792184521541));
#2431 = CARTESIAN_POINT('',(5.485420740401,-1.792184521541));
#2432 = CARTESIAN_POINT('',(5.496997798894,-1.792184521541));
#2433 = CARTESIAN_POINT('',(5.508574857388,-1.792184521541));
#2434 = CARTESIAN_POINT('',(5.520151915778,-1.792184521541));
#2435 = CARTESIAN_POINT('',(5.544358491897,-1.792184521541));
#2436 = CARTESIAN_POINT('',(5.556988010156,-1.792184521541));
#2437 = CARTESIAN_POINT('',(5.569617528575,-1.792184521541));
#2438 = CARTESIAN_POINT('',(5.582247046995,-1.792184521541));
#2439 = CARTESIAN_POINT('',(5.594876565254,-1.792184521541));
#2440 = CARTESIAN_POINT('',(5.616978221782,-1.792184521541));
#2441 = CARTESIAN_POINT('',(5.626450360449,-1.792184521541));
#2442 = CARTESIAN_POINT('',(5.635922499154,-1.792184521541));
#2443 = CARTESIAN_POINT('',(5.645394637859,-1.792184521541));
#2444 = CARTESIAN_POINT('',(5.654866776525,-1.792184521541));
#2445 = CARTESIAN_POINT('',(5.76747076471,-1.792184521541));
#2446 = CARTESIAN_POINT('',(5.870635886575,-1.792184521541));
#2447 = CARTESIAN_POINT('',(5.973762111147,-1.792184521541));
#2448 = CARTESIAN_POINT('',(6.076888335721,-1.792184521541));
#2449 = CARTESIAN_POINT('',(6.180053457585,-1.792184521541));
#2450 = CARTESIAN_POINT('',(6.28318530718,-1.792184521541));
#2451 = ( GEOMETRIC_REPRESENTATION_CONTEXT(2) 
PARAMETRIC_REPRESENTATION_CONTEXT() REPRESENTATION_CONTEXT('2D SPACE',''
  ) );
#2452 = ORIENTED_EDGE('',*,*,#1479,.F.);
#2453 = ADVANCED_FACE('',(#2454),#1291,.F.);
#2454 = FACE_BOUND('',#2455,.T.);
#2455 = EDGE_LOOP('',(#2456,#2457,#2478,#2505));
#2456 = ORIENTED_EDGE('',*,*,#1276,.T.);
#2457 = ORIENTED_EDGE('',*,*,#2458,.T.);
#2458 = EDGE_CURVE('',#1254,#2459,#2461,.T.);
#2459 = VERTEX_POINT('',#2460);
#2460 = CARTESIAN_POINT('',(96.6,-75.,-57.5));
#2461 = SEAM_CURVE('',#2462,(#2466,#2472),.PCURVE_S1.);
#2462 = LINE('',#2463,#2464);
#2463 = CARTESIAN_POINT('',(99.6,-75.,-54.5));
#2464 = VECTOR('',#2465,1.);
#2465 = DIRECTION('',(-0.707106781187,0.,-0.707106781187));
#2466 = PCURVE('',#1291,#2467);
#2467 = DEFINITIONAL_REPRESENTATION('',(#2468),#2471);
#2468 = B_SPLINE_CURVE_WITH_KNOTS('',1,(#2469,#2470),.UNSPECIFIED.,.F.,
  .F.,(2,2),(0.,5.091168824543),.PIECEWISE_BEZIER_KNOTS.);
#2469 = CARTESIAN_POINT('',(0.,0.));
#2470 = CARTESIAN_POINT('',(0.,-3.6));
#2471 = ( GEOMETRIC_REPRESENTATION_CONTEXT(2) 
PARAMETRIC_REPRESENTATION_CONTEXT() REPRESENTATION_CONTEXT('2D SPACE',''
  ) );
#2472 = PCURVE('',#1291,#2473);
#2473 = DEFINITIONAL_REPRESENTATION('',(#2474),#2477);
#2474 = B_SPLINE_CURVE_WITH_KNOTS('',1,(#2475,#2476),.UNSPECIFIED.,.F.,
  .F.,(2,2),(0.,5.091168824543),.PIECEWISE_BEZIER_KNOTS.);
#2475 = CARTESIAN_POINT('',(6.28318530718,0.));
#2476 = CARTESIAN_POINT('',(6.28318530718,-3.6));
#2477 = ( GEOMETRIC_REPRESENTATION_CONTEXT(2) 
PARAMETRIC_REPRESENTATION_CONTEXT() REPRESENTATION_CONTEXT('2D SPACE',''
  ) );
#2478 = ORIENTED_EDGE('',*,*,#2479,.F.);
#2479 = EDGE_CURVE('',#2459,#2459,#2480,.T.);
#2480 = SURFACE_CURVE('',#2481,(#2486,#2493),.PCURVE_S1.);
#2481 = CIRCLE('',#2482,5.);
#2482 = AXIS2_PLACEMENT_3D('',#2483,#2484,#2485);
#2483 = CARTESIAN_POINT('',(96.6,-75.,-62.5));
#2484 = DIRECTION('',(1.,0.,-0.));
#2485 = DIRECTION('',(0.,0.,1.));
#2486 = PCURVE('',#1291,#2487);
#2487 = DEFINITIONAL_REPRESENTATION('',(#2488),#2492);
#2488 = LINE('',#2489,#2490);
#2489 = CARTESIAN_POINT('',(0.,-3.));
#2490 = VECTOR('',#2491,1.);
#2491 = DIRECTION('',(1.,-0.));
#2492 = ( GEOMETRIC_REPRESENTATION_CONTEXT(2) 
PARAMETRIC_REPRESENTATION_CONTEXT() REPRESENTATION_CONTEXT('2D SPACE',''
  ) );
#2493 = PCURVE('',#2494,#2499);
#2494 = CYLINDRICAL_SURFACE('',#2495,5.);
#2495 = AXIS2_PLACEMENT_3D('',#2496,#2497,#2498);
#2496 = CARTESIAN_POINT('',(98.39218452154,-75.,-62.5));
#2497 = DIRECTION('',(1.,0.,-0.));
#2498 = DIRECTION('',(0.,0.,1.));
#2499 = DEFINITIONAL_REPRESENTATION('',(#2500),#2504);
#2500 = LINE('',#2501,#2502);
#2501 = CARTESIAN_POINT('',(0.,-1.79218452154));
#2502 = VECTOR('',#2503,1.);
#2503 = DIRECTION('',(1.,0.));
#2504 = ( GEOMETRIC_REPRESENTATION_CONTEXT(2) 
PARAMETRIC_REPRESENTATION_CONTEXT() REPRESENTATION_CONTEXT('2D SPACE',''
  ) );
#2505 = ORIENTED_EDGE('',*,*,#2458,.F.);
#2506 = ADVANCED_FACE('',(#2507),#1346,.F.);
#2507 = FACE_BOUND('',#2508,.T.);
#2508 = EDGE_LOOP('',(#2509,#2510,#2531,#2558));
#2509 = ORIENTED_EDGE('',*,*,#1331,.T.);
#2510 = ORIENTED_EDGE('',*,*,#2511,.T.);
#2511 = EDGE_CURVE('',#1309,#2512,#2514,.T.);
#2512 = VERTEX_POINT('',#2513);
#2513 = CARTESIAN_POINT('',(96.6,-1.739161876891E-32,5.));
#2514 = SEAM_CURVE('',#2515,(#2519,#2525),.PCURVE_S1.);
#2515 = LINE('',#2516,#2517);
#2516 = CARTESIAN_POINT('',(99.6,2.350348339599E-31,8.));
#2517 = VECTOR('',#2518,1.);
#2518 = DIRECTION('',(-0.707106781187,-6.359672934757E-32,
    -0.707106781187));
#2519 = PCURVE('',#1346,#2520);
#2520 = DEFINITIONAL_REPRESENTATION('',(#2521),#2524);
#2521 = B_SPLINE_CURVE_WITH_KNOTS('',1,(#2522,#2523),.UNSPECIFIED.,.F.,
  .F.,(2,2),(0.,5.091168824543),.PIECEWISE_BEZIER_KNOTS.);
#2522 = CARTESIAN_POINT('',(0.,0.));
#2523 = CARTESIAN_POINT('',(0.,-3.6));
#2524 = ( GEOMETRIC_REPRESENTATION_CONTEXT(2) 
PARAMETRIC_REPRESENTATION_CONTEXT() REPRESENTATION_CONTEXT('2D SPACE',''
  ) );
#2525 = PCURVE('',#1346,#2526);
#2526 = DEFINITIONAL_REPRESENTATION('',(#2527),#2530);
#2527 = B_SPLINE_CURVE_WITH_KNOTS('',1,(#2528,#2529),.UNSPECIFIED.,.F.,
  .F.,(2,2),(0.,5.091168824543),.PIECEWISE_BEZIER_KNOTS.);
#2528 = CARTESIAN_POINT('',(6.28318530718,0.));
#2529 = CARTESIAN_POINT('',(6.28318530718,-3.6));
#2530 = ( GEOMETRIC_REPRESENTATION_CONTEXT(2) 
PARAMETRIC_REPRESENTATION_CONTEXT() REPRESENTATION_CONTEXT('2D SPACE',''
  ) );
#2531 = ORIENTED_EDGE('',*,*,#2532,.F.);
#2532 = EDGE_CURVE('',#2512,#2512,#2533,.T.);
#2533 = SURFACE_CURVE('',#2534,(#2539,#2546),.PCURVE_S1.);
#2534 = CIRCLE('',#2535,5.);
#2535 = AXIS2_PLACEMENT_3D('',#2536,#2537,#2538);
#2536 = CARTESIAN_POINT('',(96.6,-4.844800233674E-31,-1.071536062925E-30
    ));
#2537 = DIRECTION('',(1.,0.,-0.));
#2538 = DIRECTION('',(0.,0.,1.));
#2539 = PCURVE('',#1346,#2540);
#2540 = DEFINITIONAL_REPRESENTATION('',(#2541),#2545);
#2541 = LINE('',#2542,#2543);
#2542 = CARTESIAN_POINT('',(2.465190328816E-32,-3.));
#2543 = VECTOR('',#2544,1.);
#2544 = DIRECTION('',(1.,-0.));
#2545 = ( GEOMETRIC_REPRESENTATION_CONTEXT(2) 
PARAMETRIC_REPRESENTATION_CONTEXT() REPRESENTATION_CONTEXT('2D SPACE',''
  ) );
#2546 = PCURVE('',#2547,#2552);
#2547 = CYLINDRICAL_SURFACE('',#2548,5.);
#2548 = AXIS2_PLACEMENT_3D('',#2549,#2550,#2551);
#2549 = CARTESIAN_POINT('',(98.39218452154,0.,0.));
#2550 = DIRECTION('',(1.,0.,-0.));
#2551 = DIRECTION('',(0.,0.,1.));
#2552 = DEFINITIONAL_REPRESENTATION('',(#2553),#2557);
#2553 = LINE('',#2554,#2555);
#2554 = CARTESIAN_POINT('',(0.,-1.79218452154));
#2555 = VECTOR('',#2556,1.);
#2556 = DIRECTION('',(1.,0.));
#2557 = ( GEOMETRIC_REPRESENTATION_CONTEXT(2) 
PARAMETRIC_REPRESENTATION_CONTEXT() REPRESENTATION_CONTEXT('2D SPACE',''
  ) );
#2558 = ORIENTED_EDGE('',*,*,#2511,.F.);
#2559 = ADVANCED_FACE('',(#2560),#1401,.F.);
#2560 = FACE_BOUND('',#2561,.T.);
#2561 = EDGE_LOOP('',(#2562,#2563,#2584,#2611));
#2562 = ORIENTED_EDGE('',*,*,#1386,.T.);
#2563 = ORIENTED_EDGE('',*,*,#2564,.T.);
#2564 = EDGE_CURVE('',#1364,#2565,#2567,.T.);
#2565 = VERTEX_POINT('',#2566);
#2566 = CARTESIAN_POINT('',(96.6,-75.,67.5));
#2567 = SEAM_CURVE('',#2568,(#2572,#2578),.PCURVE_S1.);
#2568 = LINE('',#2569,#2570);
#2569 = CARTESIAN_POINT('',(99.6,-75.,70.5));
#2570 = VECTOR('',#2571,1.);
#2571 = DIRECTION('',(-0.707106781187,0.,-0.707106781187));
#2572 = PCURVE('',#1401,#2573);
#2573 = DEFINITIONAL_REPRESENTATION('',(#2574),#2577);
#2574 = B_SPLINE_CURVE_WITH_KNOTS('',1,(#2575,#2576),.UNSPECIFIED.,.F.,
  .F.,(2,2),(0.,5.091168824543),.PIECEWISE_BEZIER_KNOTS.);
#2575 = CARTESIAN_POINT('',(0.,0.));
#2576 = CARTESIAN_POINT('',(0.,-3.6));
#2577 = ( GEOMETRIC_REPRESENTATION_CONTEXT(2) 
PARAMETRIC_REPRESENTATION_CONTEXT() REPRESENTATION_CONTEXT('2D SPACE',''
  ) );
#2578 = PCURVE('',#1401,#2579);
#2579 = DEFINITIONAL_REPRESENTATION('',(#2580),#2583);
#2580 = B_SPLINE_CURVE_WITH_KNOTS('',1,(#2581,#2582),.UNSPECIFIED.,.F.,
  .F.,(2,2),(0.,5.091168824543),.PIECEWISE_BEZIER_KNOTS.);
#2581 = CARTESIAN_POINT('',(6.28318530718,0.));
#2582 = CARTESIAN_POINT('',(6.28318530718,-3.6));
#2583 = ( GEOMETRIC_REPRESENTATION_CONTEXT(2) 
PARAMETRIC_REPRESENTATION_CONTEXT() REPRESENTATION_CONTEXT('2D SPACE',''
  ) );
#2584 = ORIENTED_EDGE('',*,*,#2585,.F.);
#2585 = EDGE_CURVE('',#2565,#2565,#2586,.T.);
#2586 = SURFACE_CURVE('',#2587,(#2592,#2599),.PCURVE_S1.);
#2587 = CIRCLE('',#2588,5.);
#2588 = AXIS2_PLACEMENT_3D('',#2589,#2590,#2591);
#2589 = CARTESIAN_POINT('',(96.6,-75.,62.5));
#2590 = DIRECTION('',(1.,0.,-0.));
#2591 = DIRECTION('',(0.,0.,1.));
#2592 = PCURVE('',#1401,#2593);
#2593 = DEFINITIONAL_REPRESENTATION('',(#2594),#2598);
#2594 = LINE('',#2595,#2596);
#2595 = CARTESIAN_POINT('',(0.,-3.));
#2596 = VECTOR('',#2597,1.);
#2597 = DIRECTION('',(1.,-0.));
#2598 = ( GEOMETRIC_REPRESENTATION_CONTEXT(2) 
PARAMETRIC_REPRESENTATION_CONTEXT() REPRESENTATION_CONTEXT('2D SPACE',''
  ) );
#2599 = PCURVE('',#2600,#2605);
#2600 = CYLINDRICAL_SURFACE('',#2601,5.);
#2601 = AXIS2_PLACEMENT_3D('',#2602,#2603,#2604);
#2602 = CARTESIAN_POINT('',(98.39218452154,-75.,62.5));
#2603 = DIRECTION('',(1.,0.,-0.));
#2604 = DIRECTION('',(0.,0.,1.));
#2605 = DEFINITIONAL_REPRESENTATION('',(#2606),#2610);
#2606 = LINE('',#2607,#2608);
#2607 = CARTESIAN_POINT('',(0.,-1.79218452154));
#2608 = VECTOR('',#2609,1.);
#2609 = DIRECTION('',(1.,0.));
#2610 = ( GEOMETRIC_REPRESENTATION_CONTEXT(2) 
PARAMETRIC_REPRESENTATION_CONTEXT() REPRESENTATION_CONTEXT('2D SPACE',''
  ) );
#2611 = ORIENTED_EDGE('',*,*,#2564,.F.);
#2612 = ADVANCED_FACE('',(#2613),#1462,.F.);
#2613 = FACE_BOUND('',#2614,.F.);
#2614 = EDGE_LOOP('',(#2615,#2616,#2639,#2666));
#2615 = ORIENTED_EDGE('',*,*,#1447,.F.);
#2616 = ORIENTED_EDGE('',*,*,#2617,.T.);
#2617 = EDGE_CURVE('',#1427,#2618,#2620,.T.);
#2618 = VERTEX_POINT('',#2619);
#2619 = CARTESIAN_POINT('',(52.39218452154,75.,-57.5));
#2620 = SEAM_CURVE('',#2621,(#2625,#2632),.PCURVE_S1.);
#2621 = LINE('',#2622,#2623);
#2622 = CARTESIAN_POINT('',(98.39218452154,75.,-57.5));
#2623 = VECTOR('',#2624,1.);
#2624 = DIRECTION('',(-1.,-0.,-0.));
#2625 = PCURVE('',#1462,#2626);
#2626 = DEFINITIONAL_REPRESENTATION('',(#2627),#2631);
#2627 = LINE('',#2628,#2629);
#2628 = CARTESIAN_POINT('',(6.28318530718,0.));
#2629 = VECTOR('',#2630,1.);
#2630 = DIRECTION('',(0.,-1.));
#2631 = ( GEOMETRIC_REPRESENTATION_CONTEXT(2) 
PARAMETRIC_REPRESENTATION_CONTEXT() REPRESENTATION_CONTEXT('2D SPACE',''
  ) );
#2632 = PCURVE('',#1462,#2633);
#2633 = DEFINITIONAL_REPRESENTATION('',(#2634),#2638);
#2634 = LINE('',#2635,#2636);
#2635 = CARTESIAN_POINT('',(0.,0.));
#2636 = VECTOR('',#2637,1.);
#2637 = DIRECTION('',(0.,-1.));
#2638 = ( GEOMETRIC_REPRESENTATION_CONTEXT(2) 
PARAMETRIC_REPRESENTATION_CONTEXT() REPRESENTATION_CONTEXT('2D SPACE',''
  ) );
#2639 = ORIENTED_EDGE('',*,*,#2640,.T.);
#2640 = EDGE_CURVE('',#2618,#2618,#2641,.T.);
#2641 = SURFACE_CURVE('',#2642,(#2647,#2654),.PCURVE_S1.);
#2642 = CIRCLE('',#2643,5.);
#2643 = AXIS2_PLACEMENT_3D('',#2644,#2645,#2646);
#2644 = CARTESIAN_POINT('',(52.39218452154,75.,-62.5));
#2645 = DIRECTION('',(1.,0.,-0.));
#2646 = DIRECTION('',(0.,0.,1.));
#2647 = PCURVE('',#1462,#2648);
#2648 = DEFINITIONAL_REPRESENTATION('',(#2649),#2653);
#2649 = LINE('',#2650,#2651);
#2650 = CARTESIAN_POINT('',(0.,-46.));
#2651 = VECTOR('',#2652,1.);
#2652 = DIRECTION('',(1.,0.));
#2653 = ( GEOMETRIC_REPRESENTATION_CONTEXT(2) 
PARAMETRIC_REPRESENTATION_CONTEXT() REPRESENTATION_CONTEXT('2D SPACE',''
  ) );
#2654 = PCURVE('',#2655,#2660);
#2655 = PLANE('',#2656);
#2656 = AXIS2_PLACEMENT_3D('',#2657,#2658,#2659);
#2657 = CARTESIAN_POINT('',(52.39218452154,75.,-62.5));
#2658 = DIRECTION('',(1.,0.,6.731613057886E-31));
#2659 = DIRECTION('',(-6.731613057886E-31,0.,1.));
#2660 = DEFINITIONAL_REPRESENTATION('',(#2661),#2665);
#2661 = CIRCLE('',#2662,5.);
#2662 = AXIS2_PLACEMENT_2D('',#2663,#2664);
#2663 = CARTESIAN_POINT('',(0.,0.));
#2664 = DIRECTION('',(1.,0.));
#2665 = ( GEOMETRIC_REPRESENTATION_CONTEXT(2) 
PARAMETRIC_REPRESENTATION_CONTEXT() REPRESENTATION_CONTEXT('2D SPACE',''
  ) );
#2666 = ORIENTED_EDGE('',*,*,#2617,.F.);
#2667 = ADVANCED_FACE('',(#2668),#2132,.F.);
#2668 = FACE_BOUND('',#2669,.F.);
#2669 = EDGE_LOOP('',(#2670,#2671,#2694,#2721));
#2670 = ORIENTED_EDGE('',*,*,#1500,.F.);
#2671 = ORIENTED_EDGE('',*,*,#2672,.T.);
#2672 = EDGE_CURVE('',#1480,#2673,#2675,.T.);
#2673 = VERTEX_POINT('',#2674);
#2674 = CARTESIAN_POINT('',(52.39218452154,75.,67.5));
#2675 = SEAM_CURVE('',#2676,(#2680,#2687),.PCURVE_S1.);
#2676 = LINE('',#2677,#2678);
#2677 = CARTESIAN_POINT('',(98.39218452154,75.,67.5));
#2678 = VECTOR('',#2679,1.);
#2679 = DIRECTION('',(-1.,-0.,-0.));
#2680 = PCURVE('',#2132,#2681);
#2681 = DEFINITIONAL_REPRESENTATION('',(#2682),#2686);
#2682 = LINE('',#2683,#2684);
#2683 = CARTESIAN_POINT('',(6.28318530718,0.));
#2684 = VECTOR('',#2685,1.);
#2685 = DIRECTION('',(0.,-1.));
#2686 = ( GEOMETRIC_REPRESENTATION_CONTEXT(2) 
PARAMETRIC_REPRESENTATION_CONTEXT() REPRESENTATION_CONTEXT('2D SPACE',''
  ) );
#2687 = PCURVE('',#2132,#2688);
#2688 = DEFINITIONAL_REPRESENTATION('',(#2689),#2693);
#2689 = LINE('',#2690,#2691);
#2690 = CARTESIAN_POINT('',(0.,0.));
#2691 = VECTOR('',#2692,1.);
#2692 = DIRECTION('',(0.,-1.));
#2693 = ( GEOMETRIC_REPRESENTATION_CONTEXT(2) 
PARAMETRIC_REPRESENTATION_CONTEXT() REPRESENTATION_CONTEXT('2D SPACE',''
  ) );
#2694 = ORIENTED_EDGE('',*,*,#2695,.T.);
#2695 = EDGE_CURVE('',#2673,#2673,#2696,.T.);
#2696 = SURFACE_CURVE('',#2697,(#2702,#2709),.PCURVE_S1.);
#2697 = CIRCLE('',#2698,5.);
#2698 = AXIS2_PLACEMENT_3D('',#2699,#2700,#2701);
#2699 = CARTESIAN_POINT('',(52.39218452154,75.,62.5));
#2700 = DIRECTION('',(1.,0.,-0.));
#2701 = DIRECTION('',(0.,0.,1.));
#2702 = PCURVE('',#2132,#2703);
#2703 = DEFINITIONAL_REPRESENTATION('',(#2704),#2708);
#2704 = LINE('',#2705,#2706);
#2705 = CARTESIAN_POINT('',(0.,-46.));
#2706 = VECTOR('',#2707,1.);
#2707 = DIRECTION('',(1.,0.));
#2708 = ( GEOMETRIC_REPRESENTATION_CONTEXT(2) 
PARAMETRIC_REPRESENTATION_CONTEXT() REPRESENTATION_CONTEXT('2D SPACE',''
  ) );
#2709 = PCURVE('',#2710,#2715);
#2710 = PLANE('',#2711);
#2711 = AXIS2_PLACEMENT_3D('',#2712,#2713,#2714);
#2712 = CARTESIAN_POINT('',(52.39218452154,75.,62.5));
#2713 = DIRECTION('',(1.,0.,6.731613057886E-31));
#2714 = DIRECTION('',(-6.731613057886E-31,0.,1.));
#2715 = DEFINITIONAL_REPRESENTATION('',(#2716),#2720);
#2716 = CIRCLE('',#2717,5.);
#2717 = AXIS2_PLACEMENT_2D('',#2718,#2719);
#2718 = CARTESIAN_POINT('',(0.,0.));
#2719 = DIRECTION('',(1.,0.));
#2720 = ( GEOMETRIC_REPRESENTATION_CONTEXT(2) 
PARAMETRIC_REPRESENTATION_CONTEXT() REPRESENTATION_CONTEXT('2D SPACE',''
  ) );
#2721 = ORIENTED_EDGE('',*,*,#2672,.F.);
#2722 = ADVANCED_FACE('',(#2723),#2494,.F.);
#2723 = FACE_BOUND('',#2724,.F.);
#2724 = EDGE_LOOP('',(#2725,#2726,#2749,#2776));
#2725 = ORIENTED_EDGE('',*,*,#2479,.F.);
#2726 = ORIENTED_EDGE('',*,*,#2727,.T.);
#2727 = EDGE_CURVE('',#2459,#2728,#2730,.T.);
#2728 = VERTEX_POINT('',#2729);
#2729 = CARTESIAN_POINT('',(52.39218452154,-75.,-57.5));
#2730 = SEAM_CURVE('',#2731,(#2735,#2742),.PCURVE_S1.);
#2731 = LINE('',#2732,#2733);
#2732 = CARTESIAN_POINT('',(98.39218452154,-75.,-57.5));
#2733 = VECTOR('',#2734,1.);
#2734 = DIRECTION('',(-1.,-0.,-0.));
#2735 = PCURVE('',#2494,#2736);
#2736 = DEFINITIONAL_REPRESENTATION('',(#2737),#2741);
#2737 = LINE('',#2738,#2739);
#2738 = CARTESIAN_POINT('',(6.28318530718,0.));
#2739 = VECTOR('',#2740,1.);
#2740 = DIRECTION('',(0.,-1.));
#2741 = ( GEOMETRIC_REPRESENTATION_CONTEXT(2) 
PARAMETRIC_REPRESENTATION_CONTEXT() REPRESENTATION_CONTEXT('2D SPACE',''
  ) );
#2742 = PCURVE('',#2494,#2743);
#2743 = DEFINITIONAL_REPRESENTATION('',(#2744),#2748);
#2744 = LINE('',#2745,#2746);
#2745 = CARTESIAN_POINT('',(0.,0.));
#2746 = VECTOR('',#2747,1.);
#2747 = DIRECTION('',(0.,-1.));
#2748 = ( GEOMETRIC_REPRESENTATION_CONTEXT(2) 
PARAMETRIC_REPRESENTATION_CONTEXT() REPRESENTATION_CONTEXT('2D SPACE',''
  ) );
#2749 = ORIENTED_EDGE('',*,*,#2750,.T.);
#2750 = EDGE_CURVE('',#2728,#2728,#2751,.T.);
#2751 = SURFACE_CURVE('',#2752,(#2757,#2764),.PCURVE_S1.);
#2752 = CIRCLE('',#2753,5.);
#2753 = AXIS2_PLACEMENT_3D('',#2754,#2755,#2756);
#2754 = CARTESIAN_POINT('',(52.39218452154,-75.,-62.5));
#2755 = DIRECTION('',(1.,0.,-0.));
#2756 = DIRECTION('',(0.,0.,1.));
#2757 = PCURVE('',#2494,#2758);
#2758 = DEFINITIONAL_REPRESENTATION('',(#2759),#2763);
#2759 = LINE('',#2760,#2761);
#2760 = CARTESIAN_POINT('',(0.,-46.));
#2761 = VECTOR('',#2762,1.);
#2762 = DIRECTION('',(1.,0.));
#2763 = ( GEOMETRIC_REPRESENTATION_CONTEXT(2) 
PARAMETRIC_REPRESENTATION_CONTEXT() REPRESENTATION_CONTEXT('2D SPACE',''
  ) );
#2764 = PCURVE('',#2765,#2770);
#2765 = PLANE('',#2766);
#2766 = AXIS2_PLACEMENT_3D('',#2767,#2768,#2769);
#2767 = CARTESIAN_POINT('',(52.39218452154,-75.,-62.5));
#2768 = DIRECTION('',(1.,0.,-1.514612938024E-29));
#2769 = DIRECTION('',(1.514612938024E-29,0.,1.));
#2770 = DEFINITIONAL_REPRESENTATION('',(#2771),#2775);
#2771 = CIRCLE('',#2772,5.);
#2772 = AXIS2_PLACEMENT_2D('',#2773,#2774);
#2773 = CARTESIAN_POINT('',(1.42108547152E-14,0.));
#2774 = DIRECTION('',(1.,0.));
#2775 = ( GEOMETRIC_REPRESENTATION_CONTEXT(2) 
PARAMETRIC_REPRESENTATION_CONTEXT() REPRESENTATION_CONTEXT('2D SPACE',''
  ) );
#2776 = ORIENTED_EDGE('',*,*,#2727,.F.);
#2777 = ADVANCED_FACE('',(#2778),#2547,.F.);
#2778 = FACE_BOUND('',#2779,.F.);
#2779 = EDGE_LOOP('',(#2780,#2781,#2804,#2831));
#2780 = ORIENTED_EDGE('',*,*,#2532,.F.);
#2781 = ORIENTED_EDGE('',*,*,#2782,.T.);
#2782 = EDGE_CURVE('',#2512,#2783,#2785,.T.);
#2783 = VERTEX_POINT('',#2784);
#2784 = CARTESIAN_POINT('',(52.39218452154,0.,5.));
#2785 = SEAM_CURVE('',#2786,(#2790,#2797),.PCURVE_S1.);
#2786 = LINE('',#2787,#2788);
#2787 = CARTESIAN_POINT('',(98.39218452154,0.,5.));
#2788 = VECTOR('',#2789,1.);
#2789 = DIRECTION('',(-1.,-0.,-0.));
#2790 = PCURVE('',#2547,#2791);
#2791 = DEFINITIONAL_REPRESENTATION('',(#2792),#2796);
#2792 = LINE('',#2793,#2794);
#2793 = CARTESIAN_POINT('',(6.28318530718,0.));
#2794 = VECTOR('',#2795,1.);
#2795 = DIRECTION('',(0.,-1.));
#2796 = ( GEOMETRIC_REPRESENTATION_CONTEXT(2) 
PARAMETRIC_REPRESENTATION_CONTEXT() REPRESENTATION_CONTEXT('2D SPACE',''
  ) );
#2797 = PCURVE('',#2547,#2798);
#2798 = DEFINITIONAL_REPRESENTATION('',(#2799),#2803);
#2799 = LINE('',#2800,#2801);
#2800 = CARTESIAN_POINT('',(0.,0.));
#2801 = VECTOR('',#2802,1.);
#2802 = DIRECTION('',(0.,-1.));
#2803 = ( GEOMETRIC_REPRESENTATION_CONTEXT(2) 
PARAMETRIC_REPRESENTATION_CONTEXT() REPRESENTATION_CONTEXT('2D SPACE',''
  ) );
#2804 = ORIENTED_EDGE('',*,*,#2805,.T.);
#2805 = EDGE_CURVE('',#2783,#2783,#2806,.T.);
#2806 = SURFACE_CURVE('',#2807,(#2812,#2819),.PCURVE_S1.);
#2807 = CIRCLE('',#2808,5.);
#2808 = AXIS2_PLACEMENT_3D('',#2809,#2810,#2811);
#2809 = CARTESIAN_POINT('',(52.39218452154,0.,0.));
#2810 = DIRECTION('',(1.,0.,-0.));
#2811 = DIRECTION('',(0.,0.,1.));
#2812 = PCURVE('',#2547,#2813);
#2813 = DEFINITIONAL_REPRESENTATION('',(#2814),#2818);
#2814 = LINE('',#2815,#2816);
#2815 = CARTESIAN_POINT('',(0.,-46.));
#2816 = VECTOR('',#2817,1.);
#2817 = DIRECTION('',(1.,0.));
#2818 = ( GEOMETRIC_REPRESENTATION_CONTEXT(2) 
PARAMETRIC_REPRESENTATION_CONTEXT() REPRESENTATION_CONTEXT('2D SPACE',''
  ) );
#2819 = PCURVE('',#2820,#2825);
#2820 = PLANE('',#2821);
#2821 = AXIS2_PLACEMENT_3D('',#2822,#2823,#2824);
#2822 = CARTESIAN_POINT('',(52.39218452154,-3.428682531579E-16,
    -2.734880265079E-16));
#2823 = DIRECTION('',(1.,-3.761515901592E-31,-2.189528850508E-47));
#2824 = DIRECTION('',(3.761515901592E-31,1.,0.));
#2825 = DEFINITIONAL_REPRESENTATION('',(#2826),#2830);
#2826 = CIRCLE('',#2827,5.);
#2827 = AXIS2_PLACEMENT_2D('',#2828,#2829);
#2828 = CARTESIAN_POINT('',(3.428682531579E-16,2.734880265079E-16));
#2829 = DIRECTION('',(0.,1.));
#2830 = ( GEOMETRIC_REPRESENTATION_CONTEXT(2) 
PARAMETRIC_REPRESENTATION_CONTEXT() REPRESENTATION_CONTEXT('2D SPACE',''
  ) );
#2831 = ORIENTED_EDGE('',*,*,#2782,.F.);
#2832 = ADVANCED_FACE('',(#2833),#2600,.F.);
#2833 = FACE_BOUND('',#2834,.F.);
#2834 = EDGE_LOOP('',(#2835,#2836,#2859,#2886));
#2835 = ORIENTED_EDGE('',*,*,#2585,.F.);
#2836 = ORIENTED_EDGE('',*,*,#2837,.T.);
#2837 = EDGE_CURVE('',#2565,#2838,#2840,.T.);
#2838 = VERTEX_POINT('',#2839);
#2839 = CARTESIAN_POINT('',(52.39218452154,-75.,67.5));
#2840 = SEAM_CURVE('',#2841,(#2845,#2852),.PCURVE_S1.);
#2841 = LINE('',#2842,#2843);
#2842 = CARTESIAN_POINT('',(98.39218452154,-75.,67.5));
#2843 = VECTOR('',#2844,1.);
#2844 = DIRECTION('',(-1.,-0.,-0.));
#2845 = PCURVE('',#2600,#2846);
#2846 = DEFINITIONAL_REPRESENTATION('',(#2847),#2851);
#2847 = LINE('',#2848,#2849);
#2848 = CARTESIAN_POINT('',(6.28318530718,0.));
#2849 = VECTOR('',#2850,1.);
#2850 = DIRECTION('',(0.,-1.));
#2851 = ( GEOMETRIC_REPRESENTATION_CONTEXT(2) 
PARAMETRIC_REPRESENTATION_CONTEXT() REPRESENTATION_CONTEXT('2D SPACE',''
  ) );
#2852 = PCURVE('',#2600,#2853);
#2853 = DEFINITIONAL_REPRESENTATION('',(#2854),#2858);
#2854 = LINE('',#2855,#2856);
#2855 = CARTESIAN_POINT('',(0.,0.));
#2856 = VECTOR('',#2857,1.);
#2857 = DIRECTION('',(0.,-1.));
#2858 = ( GEOMETRIC_REPRESENTATION_CONTEXT(2) 
PARAMETRIC_REPRESENTATION_CONTEXT() REPRESENTATION_CONTEXT('2D SPACE',''
  ) );
#2859 = ORIENTED_EDGE('',*,*,#2860,.T.);
#2860 = EDGE_CURVE('',#2838,#2838,#2861,.T.);
#2861 = SURFACE_CURVE('',#2862,(#2867,#2874),.PCURVE_S1.);
#2862 = CIRCLE('',#2863,5.);
#2863 = AXIS2_PLACEMENT_3D('',#2864,#2865,#2866);
#2864 = CARTESIAN_POINT('',(52.39218452154,-75.,62.5));
#2865 = DIRECTION('',(1.,0.,-0.));
#2866 = DIRECTION('',(0.,0.,1.));
#2867 = PCURVE('',#2600,#2868);
#2868 = DEFINITIONAL_REPRESENTATION('',(#2869),#2873);
#2869 = LINE('',#2870,#2871);
#2870 = CARTESIAN_POINT('',(0.,-46.));
#2871 = VECTOR('',#2872,1.);
#2872 = DIRECTION('',(1.,0.));
#2873 = ( GEOMETRIC_REPRESENTATION_CONTEXT(2) 
PARAMETRIC_REPRESENTATION_CONTEXT() REPRESENTATION_CONTEXT('2D SPACE',''
  ) );
#2874 = PCURVE('',#2875,#2880);
#2875 = PLANE('',#2876);
#2876 = AXIS2_PLACEMENT_3D('',#2877,#2878,#2879);
#2877 = CARTESIAN_POINT('',(52.39218452154,-75.,62.5));
#2878 = DIRECTION('',(1.,0.,6.731613057886E-31));
#2879 = DIRECTION('',(-6.731613057886E-31,0.,1.));
#2880 = DEFINITIONAL_REPRESENTATION('',(#2881),#2885);
#2881 = CIRCLE('',#2882,5.);
#2882 = AXIS2_PLACEMENT_2D('',#2883,#2884);
#2883 = CARTESIAN_POINT('',(0.,0.));
#2884 = DIRECTION('',(1.,0.));
#2885 = ( GEOMETRIC_REPRESENTATION_CONTEXT(2) 
PARAMETRIC_REPRESENTATION_CONTEXT() REPRESENTATION_CONTEXT('2D SPACE',''
  ) );
#2886 = ORIENTED_EDGE('',*,*,#2837,.F.);
#2887 = ADVANCED_FACE('',(#2888),#2655,.T.);
#2888 = FACE_BOUND('',#2889,.T.);
#2889 = EDGE_LOOP('',(#2890));
#2890 = ORIENTED_EDGE('',*,*,#2640,.T.);
#2891 = ADVANCED_FACE('',(#2892),#2710,.T.);
#2892 = FACE_BOUND('',#2893,.T.);
#2893 = EDGE_LOOP('',(#2894));
#2894 = ORIENTED_EDGE('',*,*,#2695,.T.);
#2895 = ADVANCED_FACE('',(#2896),#2765,.T.);
#2896 = FACE_BOUND('',#2897,.T.);
#2897 = EDGE_LOOP('',(#2898));
#2898 = ORIENTED_EDGE('',*,*,#2750,.T.);
#2899 = ADVANCED_FACE('',(#2900),#2820,.T.);
#2900 = FACE_BOUND('',#2901,.T.);
#2901 = EDGE_LOOP('',(#2902));
#2902 = ORIENTED_EDGE('',*,*,#2805,.T.);
#2903 = ADVANCED_FACE('',(#2904),#2875,.T.);
#2904 = FACE_BOUND('',#2905,.T.);
#2905 = EDGE_LOOP('',(#2906));
#2906 = ORIENTED_EDGE('',*,*,#2860,.T.);
#2907 = MANIFOLD_SOLID_BREP('PartBody',#2908);
#2908 = CLOSED_SHELL('',(#2909,#3029,#3105,#3183,#3254,#3301,#3309));
#2909 = ADVANCED_FACE('',(#2910),#2924,.F.);
#2910 = FACE_BOUND('',#2911,.F.);
#2911 = EDGE_LOOP('',(#2912,#2947,#2975,#3003));
#2912 = ORIENTED_EDGE('',*,*,#2913,.T.);
#2913 = EDGE_CURVE('',#2914,#2916,#2918,.T.);
#2914 = VERTEX_POINT('',#2915);
#2915 = CARTESIAN_POINT('',(-99.99998777771,-0.,-1.017190556405E-06));
#2916 = VERTEX_POINT('',#2917);
#2917 = CARTESIAN_POINT('',(-99.99998777771,-72.,-1.017190556405E-06));
#2918 = SURFACE_CURVE('',#2919,(#2923,#2935),.PCURVE_S1.);
#2919 = LINE('',#2920,#2921);
#2920 = CARTESIAN_POINT('',(-99.99998777771,-0.,-1.017190556405E-06));
#2921 = VECTOR('',#2922,1.);
#2922 = DIRECTION('',(-0.,-1.,-0.));
#2923 = PCURVE('',#2924,#2929);
#2924 = PLANE('',#2925);
#2925 = AXIS2_PLACEMENT_3D('',#2926,#2927,#2928);
#2926 = CARTESIAN_POINT('',(-99.99998777771,0.,-1.017190556405E-06));
#2927 = DIRECTION('',(-1.,0.,0.));
#2928 = DIRECTION('',(0.,0.,1.));
#2929 = DEFINITIONAL_REPRESENTATION('',(#2930),#2934);
#2930 = LINE('',#2931,#2932);
#2931 = CARTESIAN_POINT('',(0.,0.));
#2932 = VECTOR('',#2933,1.);
#2933 = DIRECTION('',(0.,-1.));
#2934 = ( GEOMETRIC_REPRESENTATION_CONTEXT(2) 
PARAMETRIC_REPRESENTATION_CONTEXT() REPRESENTATION_CONTEXT('2D SPACE',''
  ) );
#2935 = PCURVE('',#2936,#2941);
#2936 = PLANE('',#2937);
#2937 = AXIS2_PLACEMENT_3D('',#2938,#2939,#2940);
#2938 = CARTESIAN_POINT('',(-100.,0.,-100.));
#2939 = DIRECTION('',(-1.,0.,1.222228172173E-07));
#2940 = DIRECTION('',(1.222228172173E-07,0.,1.));
#2941 = DEFINITIONAL_REPRESENTATION('',(#2942),#2946);
#2942 = LINE('',#2943,#2944);
#2943 = CARTESIAN_POINT('',(99.99999898281,0.));
#2944 = VECTOR('',#2945,1.);
#2945 = DIRECTION('',(0.,-1.));
#2946 = ( GEOMETRIC_REPRESENTATION_CONTEXT(2) 
PARAMETRIC_REPRESENTATION_CONTEXT() REPRESENTATION_CONTEXT('2D SPACE',''
  ) );
#2947 = ORIENTED_EDGE('',*,*,#2948,.T.);
#2948 = EDGE_CURVE('',#2916,#2949,#2951,.T.);
#2949 = VERTEX_POINT('',#2950);
#2950 = CARTESIAN_POINT('',(-99.99998777771,-72.,99.999998982809));
#2951 = SURFACE_CURVE('',#2952,(#2956,#2963),.PCURVE_S1.);
#2952 = LINE('',#2953,#2954);
#2953 = CARTESIAN_POINT('',(-99.99998777771,-72.,-1.017190556405E-06));
#2954 = VECTOR('',#2955,1.);
#2955 = DIRECTION('',(0.,0.,1.));
#2956 = PCURVE('',#2924,#2957);
#2957 = DEFINITIONAL_REPRESENTATION('',(#2958),#2962);
#2958 = LINE('',#2959,#2960);
#2959 = CARTESIAN_POINT('',(0.,-72.));
#2960 = VECTOR('',#2961,1.);
#2961 = DIRECTION('',(1.,0.));
#2962 = ( GEOMETRIC_REPRESENTATION_CONTEXT(2) 
PARAMETRIC_REPRESENTATION_CONTEXT() REPRESENTATION_CONTEXT('2D SPACE',''
  ) );
#2963 = PCURVE('',#2964,#2969);
#2964 = PLANE('',#2965);
#2965 = AXIS2_PLACEMENT_3D('',#2966,#2967,#2968);
#2966 = CARTESIAN_POINT('',(-228.1396348832,-72.,3.528996382317E-05));
#2967 = DIRECTION('',(-0.,-1.,-0.));
#2968 = DIRECTION('',(0.,0.,-1.));
#2969 = DEFINITIONAL_REPRESENTATION('',(#2970),#2974);
#2970 = LINE('',#2971,#2972);
#2971 = CARTESIAN_POINT('',(3.630715437957E-05,128.13964710553));
#2972 = VECTOR('',#2973,1.);
#2973 = DIRECTION('',(-1.,0.));
#2974 = ( GEOMETRIC_REPRESENTATION_CONTEXT(2) 
PARAMETRIC_REPRESENTATION_CONTEXT() REPRESENTATION_CONTEXT('2D SPACE',''
  ) );
#2975 = ORIENTED_EDGE('',*,*,#2976,.F.);
#2976 = EDGE_CURVE('',#2977,#2949,#2979,.T.);
#2977 = VERTEX_POINT('',#2978);
#2978 = CARTESIAN_POINT('',(-99.99998777771,0.,99.999998982809));
#2979 = SURFACE_CURVE('',#2980,(#2984,#2991),.PCURVE_S1.);
#2980 = LINE('',#2981,#2982);
#2981 = CARTESIAN_POINT('',(-99.99998777771,0.,99.999998982809));
#2982 = VECTOR('',#2983,1.);
#2983 = DIRECTION('',(-0.,-1.,-0.));
#2984 = PCURVE('',#2924,#2985);
#2985 = DEFINITIONAL_REPRESENTATION('',(#2986),#2990);
#2986 = LINE('',#2987,#2988);
#2987 = CARTESIAN_POINT('',(100.,0.));
#2988 = VECTOR('',#2989,1.);
#2989 = DIRECTION('',(0.,-1.));
#2990 = ( GEOMETRIC_REPRESENTATION_CONTEXT(2) 
PARAMETRIC_REPRESENTATION_CONTEXT() REPRESENTATION_CONTEXT('2D SPACE',''
  ) );
#2991 = PCURVE('',#2992,#2997);
#2992 = PLANE('',#2993);
#2993 = AXIS2_PLACEMENT_3D('',#2994,#2995,#2996);
#2994 = CARTESIAN_POINT('',(-99.99998777771,0.,99.999998982809));
#2995 = DIRECTION('',(8.776530078395E-02,0.,-0.996141180746));
#2996 = DIRECTION('',(-0.996141180746,0.,-8.776530078395E-02));
#2997 = DEFINITIONAL_REPRESENTATION('',(#2998),#3002);
#2998 = LINE('',#2999,#3000);
#2999 = CARTESIAN_POINT('',(0.,0.));
#3000 = VECTOR('',#3001,1.);
#3001 = DIRECTION('',(0.,-1.));
#3002 = ( GEOMETRIC_REPRESENTATION_CONTEXT(2) 
PARAMETRIC_REPRESENTATION_CONTEXT() REPRESENTATION_CONTEXT('2D SPACE',''
  ) );
#3003 = ORIENTED_EDGE('',*,*,#3004,.F.);
#3004 = EDGE_CURVE('',#2914,#2977,#3005,.T.);
#3005 = SURFACE_CURVE('',#3006,(#3010,#3017),.PCURVE_S1.);
#3006 = LINE('',#3007,#3008);
#3007 = CARTESIAN_POINT('',(-99.99998777771,-0.,-1.017190556405E-06));
#3008 = VECTOR('',#3009,1.);
#3009 = DIRECTION('',(0.,0.,1.));
#3010 = PCURVE('',#2924,#3011);
#3011 = DEFINITIONAL_REPRESENTATION('',(#3012),#3016);
#3012 = LINE('',#3013,#3014);
#3013 = CARTESIAN_POINT('',(0.,0.));
#3014 = VECTOR('',#3015,1.);
#3015 = DIRECTION('',(1.,0.));
#3016 = ( GEOMETRIC_REPRESENTATION_CONTEXT(2) 
PARAMETRIC_REPRESENTATION_CONTEXT() REPRESENTATION_CONTEXT('2D SPACE',''
  ) );
#3017 = PCURVE('',#3018,#3023);
#3018 = PLANE('',#3019);
#3019 = AXIS2_PLACEMENT_3D('',#3020,#3021,#3022);
#3020 = CARTESIAN_POINT('',(-228.1396348832,0.,3.528996382317E-05));
#3021 = DIRECTION('',(-0.,-1.,-0.));
#3022 = DIRECTION('',(0.,0.,-1.));
#3023 = DEFINITIONAL_REPRESENTATION('',(#3024),#3028);
#3024 = LINE('',#3025,#3026);
#3025 = CARTESIAN_POINT('',(3.630715437957E-05,128.13964710553));
#3026 = VECTOR('',#3027,1.);
#3027 = DIRECTION('',(-1.,0.));
#3028 = ( GEOMETRIC_REPRESENTATION_CONTEXT(2) 
PARAMETRIC_REPRESENTATION_CONTEXT() REPRESENTATION_CONTEXT('2D SPACE',''
  ) );
#3029 = ADVANCED_FACE('',(#3030),#2992,.F.);
#3030 = FACE_BOUND('',#3031,.F.);
#3031 = EDGE_LOOP('',(#3032,#3033,#3056,#3084));
#3032 = ORIENTED_EDGE('',*,*,#2976,.T.);
#3033 = ORIENTED_EDGE('',*,*,#3034,.T.);
#3034 = EDGE_CURVE('',#2949,#3035,#3037,.T.);
#3035 = VERTEX_POINT('',#3036);
#3036 = CARTESIAN_POINT('',(-327.,-72.,80.00009863161));
#3037 = SURFACE_CURVE('',#3038,(#3042,#3049),.PCURVE_S1.);
#3038 = LINE('',#3039,#3040);
#3039 = CARTESIAN_POINT('',(-99.99998777771,-72.,99.999998982809));
#3040 = VECTOR('',#3041,1.);
#3041 = DIRECTION('',(-0.996141180746,0.,-8.776530078395E-02));
#3042 = PCURVE('',#2992,#3043);
#3043 = DEFINITIONAL_REPRESENTATION('',(#3044),#3048);
#3044 = LINE('',#3045,#3046);
#3045 = CARTESIAN_POINT('',(-0.,-72.));
#3046 = VECTOR('',#3047,1.);
#3047 = DIRECTION('',(1.,0.));
#3048 = ( GEOMETRIC_REPRESENTATION_CONTEXT(2) 
PARAMETRIC_REPRESENTATION_CONTEXT() REPRESENTATION_CONTEXT('2D SPACE',''
  ) );
#3049 = PCURVE('',#2964,#3050);
#3050 = DEFINITIONAL_REPRESENTATION('',(#3051),#3055);
#3051 = LINE('',#3052,#3053);
#3052 = CARTESIAN_POINT('',(-99.99996369284,128.13964710553));
#3053 = VECTOR('',#3054,1.);
#3054 = DIRECTION('',(8.776530078395E-02,-0.996141180746));
#3055 = ( GEOMETRIC_REPRESENTATION_CONTEXT(2) 
PARAMETRIC_REPRESENTATION_CONTEXT() REPRESENTATION_CONTEXT('2D SPACE',''
  ) );
#3056 = ORIENTED_EDGE('',*,*,#3057,.F.);
#3057 = EDGE_CURVE('',#3058,#3035,#3060,.T.);
#3058 = VERTEX_POINT('',#3059);
#3059 = CARTESIAN_POINT('',(-327.,0.,80.00009863161));
#3060 = SURFACE_CURVE('',#3061,(#3065,#3072),.PCURVE_S1.);
#3061 = LINE('',#3062,#3063);
#3062 = CARTESIAN_POINT('',(-327.,0.,80.00009863161));
#3063 = VECTOR('',#3064,1.);
#3064 = DIRECTION('',(-0.,-1.,-0.));
#3065 = PCURVE('',#2992,#3066);
#3066 = DEFINITIONAL_REPRESENTATION('',(#3067),#3071);
#3067 = LINE('',#3068,#3069);
#3068 = CARTESIAN_POINT('',(227.87935747446,0.));
#3069 = VECTOR('',#3070,1.);
#3070 = DIRECTION('',(0.,-1.));
#3071 = ( GEOMETRIC_REPRESENTATION_CONTEXT(2) 
PARAMETRIC_REPRESENTATION_CONTEXT() REPRESENTATION_CONTEXT('2D SPACE',''
  ) );
#3072 = PCURVE('',#3073,#3078);
#3073 = CYLINDRICAL_SURFACE('',#3074,80.309931310698);
#3074 = AXIS2_PLACEMENT_3D('',#3075,#3076,#3077);
#3075 = CARTESIAN_POINT('',(-319.9515747225,0.,6.883013073424E-05));
#3076 = DIRECTION('',(0.,1.,-0.));
#3077 = DIRECTION('',(-8.776530078395E-02,0.,0.996141180746));
#3078 = DEFINITIONAL_REPRESENTATION('',(#3079),#3083);
#3079 = LINE('',#3080,#3081);
#3080 = CARTESIAN_POINT('',(-4.163336342344E-17,0.));
#3081 = VECTOR('',#3082,1.);
#3082 = DIRECTION('',(-0.,-1.));
#3083 = ( GEOMETRIC_REPRESENTATION_CONTEXT(2) 
PARAMETRIC_REPRESENTATION_CONTEXT() REPRESENTATION_CONTEXT('2D SPACE',''
  ) );
#3084 = ORIENTED_EDGE('',*,*,#3085,.F.);
#3085 = EDGE_CURVE('',#2977,#3058,#3086,.T.);
#3086 = SURFACE_CURVE('',#3087,(#3091,#3098),.PCURVE_S1.);
#3087 = LINE('',#3088,#3089);
#3088 = CARTESIAN_POINT('',(-99.99998777771,0.,99.999998982809));
#3089 = VECTOR('',#3090,1.);
#3090 = DIRECTION('',(-0.996141180746,0.,-8.776530078395E-02));
#3091 = PCURVE('',#2992,#3092);
#3092 = DEFINITIONAL_REPRESENTATION('',(#3093),#3097);
#3093 = LINE('',#3094,#3095);
#3094 = CARTESIAN_POINT('',(0.,0.));
#3095 = VECTOR('',#3096,1.);
#3096 = DIRECTION('',(1.,0.));
#3097 = ( GEOMETRIC_REPRESENTATION_CONTEXT(2) 
PARAMETRIC_REPRESENTATION_CONTEXT() REPRESENTATION_CONTEXT('2D SPACE',''
  ) );
#3098 = PCURVE('',#3018,#3099);
#3099 = DEFINITIONAL_REPRESENTATION('',(#3100),#3104);
#3100 = LINE('',#3101,#3102);
#3101 = CARTESIAN_POINT('',(-99.99996369284,128.13964710553));
#3102 = VECTOR('',#3103,1.);
#3103 = DIRECTION('',(8.776530078395E-02,-0.996141180746));
#3104 = ( GEOMETRIC_REPRESENTATION_CONTEXT(2) 
PARAMETRIC_REPRESENTATION_CONTEXT() REPRESENTATION_CONTEXT('2D SPACE',''
  ) );
#3105 = ADVANCED_FACE('',(#3106),#3073,.T.);
#3106 = FACE_BOUND('',#3107,.F.);
#3107 = EDGE_LOOP('',(#3108,#3109,#3133,#3161));
#3108 = ORIENTED_EDGE('',*,*,#3057,.T.);
#3109 = ORIENTED_EDGE('',*,*,#3110,.T.);
#3110 = EDGE_CURVE('',#3035,#3111,#3113,.T.);
#3111 = VERTEX_POINT('',#3112);
#3112 = CARTESIAN_POINT('',(-326.9999993167,-72.,-79.99996103154));
#3113 = SURFACE_CURVE('',#3114,(#3119,#3126),.PCURVE_S1.);
#3114 = CIRCLE('',#3115,80.309931310698);
#3115 = AXIS2_PLACEMENT_3D('',#3116,#3117,#3118);
#3116 = CARTESIAN_POINT('',(-319.9515747225,-72.,6.883013073424E-05));
#3117 = DIRECTION('',(-0.,-1.,0.));
#3118 = DIRECTION('',(-8.776530078395E-02,0.,0.996141180746));
#3119 = PCURVE('',#3073,#3120);
#3120 = DEFINITIONAL_REPRESENTATION('',(#3121),#3125);
#3121 = LINE('',#3122,#3123);
#3122 = CARTESIAN_POINT('',(-0.,-72.));
#3123 = VECTOR('',#3124,1.);
#3124 = DIRECTION('',(-1.,0.));
#3125 = ( GEOMETRIC_REPRESENTATION_CONTEXT(2) 
PARAMETRIC_REPRESENTATION_CONTEXT() REPRESENTATION_CONTEXT('2D SPACE',''
  ) );
#3126 = PCURVE('',#2964,#3127);
#3127 = DEFINITIONAL_REPRESENTATION('',(#3128),#3132);
#3128 = CIRCLE('',#3129,80.309931310698);
#3129 = AXIS2_PLACEMENT_2D('',#3130,#3131);
#3130 = CARTESIAN_POINT('',(-3.354016691107E-05,-91.81193983932));
#3131 = DIRECTION('',(-0.996141180746,-8.776530078395E-02));
#3132 = ( GEOMETRIC_REPRESENTATION_CONTEXT(2) 
PARAMETRIC_REPRESENTATION_CONTEXT() REPRESENTATION_CONTEXT('2D SPACE',''
  ) );
#3133 = ORIENTED_EDGE('',*,*,#3134,.F.);
#3134 = EDGE_CURVE('',#3135,#3111,#3137,.T.);
#3135 = VERTEX_POINT('',#3136);
#3136 = CARTESIAN_POINT('',(-326.9999993167,0.,-79.99996103154));
#3137 = SURFACE_CURVE('',#3138,(#3142,#3149),.PCURVE_S1.);
#3138 = LINE('',#3139,#3140);
#3139 = CARTESIAN_POINT('',(-326.9999993167,0.,-79.99996103154));
#3140 = VECTOR('',#3141,1.);
#3141 = DIRECTION('',(-0.,-1.,-0.));
#3142 = PCURVE('',#3073,#3143);
#3143 = DEFINITIONAL_REPRESENTATION('',(#3144),#3148);
#3144 = LINE('',#3145,#3146);
#3145 = CARTESIAN_POINT('',(-2.965835931199,0.));
#3146 = VECTOR('',#3147,1.);
#3147 = DIRECTION('',(-0.,-1.));
#3148 = ( GEOMETRIC_REPRESENTATION_CONTEXT(2) 
PARAMETRIC_REPRESENTATION_CONTEXT() REPRESENTATION_CONTEXT('2D SPACE',''
  ) );
#3149 = PCURVE('',#3150,#3155);
#3150 = PLANE('',#3151);
#3151 = AXIS2_PLACEMENT_3D('',#3152,#3153,#3154);
#3152 = CARTESIAN_POINT('',(-326.9999993167,0.,-79.99996103154));
#3153 = DIRECTION('',(8.776590934194E-02,-0.,0.996141127129));
#3154 = DIRECTION('',(0.996141127129,-0.,-8.776590934194E-02));
#3155 = DEFINITIONAL_REPRESENTATION('',(#3156),#3160);
#3156 = LINE('',#3157,#3158);
#3157 = CARTESIAN_POINT('',(0.,0.));
#3158 = VECTOR('',#3159,1.);
#3159 = DIRECTION('',(0.,-1.));
#3160 = ( GEOMETRIC_REPRESENTATION_CONTEXT(2) 
PARAMETRIC_REPRESENTATION_CONTEXT() REPRESENTATION_CONTEXT('2D SPACE',''
  ) );
#3161 = ORIENTED_EDGE('',*,*,#3162,.F.);
#3162 = EDGE_CURVE('',#3058,#3135,#3163,.T.);
#3163 = SURFACE_CURVE('',#3164,(#3169,#3176),.PCURVE_S1.);
#3164 = CIRCLE('',#3165,80.309931310698);
#3165 = AXIS2_PLACEMENT_3D('',#3166,#3167,#3168);
#3166 = CARTESIAN_POINT('',(-319.9515747225,0.,6.883013073424E-05));
#3167 = DIRECTION('',(-0.,-1.,0.));
#3168 = DIRECTION('',(-8.776530078395E-02,0.,0.996141180746));
#3169 = PCURVE('',#3073,#3170);
#3170 = DEFINITIONAL_REPRESENTATION('',(#3171),#3175);
#3171 = LINE('',#3172,#3173);
#3172 = CARTESIAN_POINT('',(-0.,0.));
#3173 = VECTOR('',#3174,1.);
#3174 = DIRECTION('',(-1.,0.));
#3175 = ( GEOMETRIC_REPRESENTATION_CONTEXT(2) 
PARAMETRIC_REPRESENTATION_CONTEXT() REPRESENTATION_CONTEXT('2D SPACE',''
  ) );
#3176 = PCURVE('',#3018,#3177);
#3177 = DEFINITIONAL_REPRESENTATION('',(#3178),#3182);
#3178 = CIRCLE('',#3179,80.309931310698);
#3179 = AXIS2_PLACEMENT_2D('',#3180,#3181);
#3180 = CARTESIAN_POINT('',(-3.354016691107E-05,-91.81193983932));
#3181 = DIRECTION('',(-0.996141180746,-8.776530078395E-02));
#3182 = ( GEOMETRIC_REPRESENTATION_CONTEXT(2) 
PARAMETRIC_REPRESENTATION_CONTEXT() REPRESENTATION_CONTEXT('2D SPACE',''
  ) );
#3183 = ADVANCED_FACE('',(#3184),#3150,.F.);
#3184 = FACE_BOUND('',#3185,.F.);
#3185 = EDGE_LOOP('',(#3186,#3187,#3210,#3233));
#3186 = ORIENTED_EDGE('',*,*,#3134,.T.);
#3187 = ORIENTED_EDGE('',*,*,#3188,.T.);
#3188 = EDGE_CURVE('',#3111,#3189,#3191,.T.);
#3189 = VERTEX_POINT('',#3190);
#3190 = CARTESIAN_POINT('',(-100.,-72.,-100.));
#3191 = SURFACE_CURVE('',#3192,(#3196,#3203),.PCURVE_S1.);
#3192 = LINE('',#3193,#3194);
#3193 = CARTESIAN_POINT('',(-326.9999993167,-72.,-79.99996103154));
#3194 = VECTOR('',#3195,1.);
#3195 = DIRECTION('',(0.996141127129,-0.,-8.776590934194E-02));
#3196 = PCURVE('',#3150,#3197);
#3197 = DEFINITIONAL_REPRESENTATION('',(#3198),#3202);
#3198 = LINE('',#3199,#3200);
#3199 = CARTESIAN_POINT('',(0.,-72.));
#3200 = VECTOR('',#3201,1.);
#3201 = DIRECTION('',(1.,0.));
#3202 = ( GEOMETRIC_REPRESENTATION_CONTEXT(2) 
PARAMETRIC_REPRESENTATION_CONTEXT() REPRESENTATION_CONTEXT('2D SPACE',''
  ) );
#3203 = PCURVE('',#2964,#3204);
#3204 = DEFINITIONAL_REPRESENTATION('',(#3205),#3209);
#3205 = LINE('',#3206,#3207);
#3206 = CARTESIAN_POINT('',(79.999996321511,-98.86036443349));
#3207 = VECTOR('',#3208,1.);
#3208 = DIRECTION('',(8.776590934194E-02,0.996141127129));
#3209 = ( GEOMETRIC_REPRESENTATION_CONTEXT(2) 
PARAMETRIC_REPRESENTATION_CONTEXT() REPRESENTATION_CONTEXT('2D SPACE',''
  ) );
#3210 = ORIENTED_EDGE('',*,*,#3211,.F.);
#3211 = EDGE_CURVE('',#3212,#3189,#3214,.T.);
#3212 = VERTEX_POINT('',#3213);
#3213 = CARTESIAN_POINT('',(-100.,0.,-100.));
#3214 = SURFACE_CURVE('',#3215,(#3219,#3226),.PCURVE_S1.);
#3215 = LINE('',#3216,#3217);
#3216 = CARTESIAN_POINT('',(-100.,0.,-100.));
#3217 = VECTOR('',#3218,1.);
#3218 = DIRECTION('',(-0.,-1.,-0.));
#3219 = PCURVE('',#3150,#3220);
#3220 = DEFINITIONAL_REPRESENTATION('',(#3221),#3225);
#3221 = LINE('',#3222,#3223);
#3222 = CARTESIAN_POINT('',(227.87935678455,0.));
#3223 = VECTOR('',#3224,1.);
#3224 = DIRECTION('',(0.,-1.));
#3225 = ( GEOMETRIC_REPRESENTATION_CONTEXT(2) 
PARAMETRIC_REPRESENTATION_CONTEXT() REPRESENTATION_CONTEXT('2D SPACE',''
  ) );
#3226 = PCURVE('',#2936,#3227);
#3227 = DEFINITIONAL_REPRESENTATION('',(#3228),#3232);
#3228 = LINE('',#3229,#3230);
#3229 = CARTESIAN_POINT('',(0.,0.));
#3230 = VECTOR('',#3231,1.);
#3231 = DIRECTION('',(0.,-1.));
#3232 = ( GEOMETRIC_REPRESENTATION_CONTEXT(2) 
PARAMETRIC_REPRESENTATION_CONTEXT() REPRESENTATION_CONTEXT('2D SPACE',''
  ) );
#3233 = ORIENTED_EDGE('',*,*,#3234,.F.);
#3234 = EDGE_CURVE('',#3135,#3212,#3235,.T.);
#3235 = SURFACE_CURVE('',#3236,(#3240,#3247),.PCURVE_S1.);
#3236 = LINE('',#3237,#3238);
#3237 = CARTESIAN_POINT('',(-326.9999993167,0.,-79.99996103154));
#3238 = VECTOR('',#3239,1.);
#3239 = DIRECTION('',(0.996141127129,-0.,-8.776590934194E-02));
#3240 = PCURVE('',#3150,#3241);
#3241 = DEFINITIONAL_REPRESENTATION('',(#3242),#3246);
#3242 = LINE('',#3243,#3244);
#3243 = CARTESIAN_POINT('',(0.,0.));
#3244 = VECTOR('',#3245,1.);
#3245 = DIRECTION('',(1.,0.));
#3246 = ( GEOMETRIC_REPRESENTATION_CONTEXT(2) 
PARAMETRIC_REPRESENTATION_CONTEXT() REPRESENTATION_CONTEXT('2D SPACE',''
  ) );
#3247 = PCURVE('',#3018,#3248);
#3248 = DEFINITIONAL_REPRESENTATION('',(#3249),#3253);
#3249 = LINE('',#3250,#3251);
#3250 = CARTESIAN_POINT('',(79.999996321511,-98.86036443349));
#3251 = VECTOR('',#3252,1.);
#3252 = DIRECTION('',(8.776590934194E-02,0.996141127129));
#3253 = ( GEOMETRIC_REPRESENTATION_CONTEXT(2) 
PARAMETRIC_REPRESENTATION_CONTEXT() REPRESENTATION_CONTEXT('2D SPACE',''
  ) );
#3254 = ADVANCED_FACE('',(#3255),#2936,.F.);
#3255 = FACE_BOUND('',#3256,.F.);
#3256 = EDGE_LOOP('',(#3257,#3258,#3279,#3280));
#3257 = ORIENTED_EDGE('',*,*,#3211,.T.);
#3258 = ORIENTED_EDGE('',*,*,#3259,.T.);
#3259 = EDGE_CURVE('',#3189,#2916,#3260,.T.);
#3260 = SURFACE_CURVE('',#3261,(#3265,#3272),.PCURVE_S1.);
#3261 = LINE('',#3262,#3263);
#3262 = CARTESIAN_POINT('',(-100.,-72.,-100.));
#3263 = VECTOR('',#3264,1.);
#3264 = DIRECTION('',(1.222228172173E-07,0.,1.));
#3265 = PCURVE('',#2936,#3266);
#3266 = DEFINITIONAL_REPRESENTATION('',(#3267),#3271);
#3267 = LINE('',#3268,#3269);
#3268 = CARTESIAN_POINT('',(0.,-72.));
#3269 = VECTOR('',#3270,1.);
#3270 = DIRECTION('',(1.,0.));
#3271 = ( GEOMETRIC_REPRESENTATION_CONTEXT(2) 
PARAMETRIC_REPRESENTATION_CONTEXT() REPRESENTATION_CONTEXT('2D SPACE',''
  ) );
#3272 = PCURVE('',#2964,#3273);
#3273 = DEFINITIONAL_REPRESENTATION('',(#3274),#3278);
#3274 = LINE('',#3275,#3276);
#3275 = CARTESIAN_POINT('',(100.00003528996,128.13963488325));
#3276 = VECTOR('',#3277,1.);
#3277 = DIRECTION('',(-1.,1.222228172173E-07));
#3278 = ( GEOMETRIC_REPRESENTATION_CONTEXT(2) 
PARAMETRIC_REPRESENTATION_CONTEXT() REPRESENTATION_CONTEXT('2D SPACE',''
  ) );
#3279 = ORIENTED_EDGE('',*,*,#2913,.F.);
#3280 = ORIENTED_EDGE('',*,*,#3281,.F.);
#3281 = EDGE_CURVE('',#3212,#2914,#3282,.T.);
#3282 = SURFACE_CURVE('',#3283,(#3287,#3294),.PCURVE_S1.);
#3283 = LINE('',#3284,#3285);
#3284 = CARTESIAN_POINT('',(-100.,0.,-100.));
#3285 = VECTOR('',#3286,1.);
#3286 = DIRECTION('',(1.222228172173E-07,0.,1.));
#3287 = PCURVE('',#2936,#3288);
#3288 = DEFINITIONAL_REPRESENTATION('',(#3289),#3293);
#3289 = LINE('',#3290,#3291);
#3290 = CARTESIAN_POINT('',(0.,0.));
#3291 = VECTOR('',#3292,1.);
#3292 = DIRECTION('',(1.,0.));
#3293 = ( GEOMETRIC_REPRESENTATION_CONTEXT(2) 
PARAMETRIC_REPRESENTATION_CONTEXT() REPRESENTATION_CONTEXT('2D SPACE',''
  ) );
#3294 = PCURVE('',#3018,#3295);
#3295 = DEFINITIONAL_REPRESENTATION('',(#3296),#3300);
#3296 = LINE('',#3297,#3298);
#3297 = CARTESIAN_POINT('',(100.00003528996,128.13963488325));
#3298 = VECTOR('',#3299,1.);
#3299 = DIRECTION('',(-1.,1.222228172173E-07));
#3300 = ( GEOMETRIC_REPRESENTATION_CONTEXT(2) 
PARAMETRIC_REPRESENTATION_CONTEXT() REPRESENTATION_CONTEXT('2D SPACE',''
  ) );
#3301 = ADVANCED_FACE('',(#3302),#3018,.F.);
#3302 = FACE_BOUND('',#3303,.F.);
#3303 = EDGE_LOOP('',(#3304,#3305,#3306,#3307,#3308));
#3304 = ORIENTED_EDGE('',*,*,#3004,.T.);
#3305 = ORIENTED_EDGE('',*,*,#3085,.T.);
#3306 = ORIENTED_EDGE('',*,*,#3162,.T.);
#3307 = ORIENTED_EDGE('',*,*,#3234,.T.);
#3308 = ORIENTED_EDGE('',*,*,#3281,.T.);
#3309 = ADVANCED_FACE('',(#3310),#2964,.T.);
#3310 = FACE_BOUND('',#3311,.T.);
#3311 = EDGE_LOOP('',(#3312,#3313,#3314,#3315,#3316));
#3312 = ORIENTED_EDGE('',*,*,#2948,.T.);
#3313 = ORIENTED_EDGE('',*,*,#3034,.T.);
#3314 = ORIENTED_EDGE('',*,*,#3110,.T.);
#3315 = ORIENTED_EDGE('',*,*,#3188,.T.);
#3316 = ORIENTED_EDGE('',*,*,#3259,.T.);
#3317 = MANIFOLD_SOLID_BREP('PartBody',#3318);
#3318 = CLOSED_SHELL('',(#3319,#3439,#3515,#3593,#3664,#3711,#3719));
#3319 = ADVANCED_FACE('',(#3320),#3334,.F.);
#3320 = FACE_BOUND('',#3321,.F.);
#3321 = EDGE_LOOP('',(#3322,#3357,#3385,#3413));
#3322 = ORIENTED_EDGE('',*,*,#3323,.T.);
#3323 = EDGE_CURVE('',#3324,#3326,#3328,.T.);
#3324 = VERTEX_POINT('',#3325);
#3325 = CARTESIAN_POINT('',(6.372210074902E-06,0.,-124.9999603148));
#3326 = VERTEX_POINT('',#3327);
#3327 = CARTESIAN_POINT('',(6.372210074902E-06,-42.,-124.9999603148));
#3328 = SURFACE_CURVE('',#3329,(#3333,#3345),.PCURVE_S1.);
#3329 = LINE('',#3330,#3331);
#3330 = CARTESIAN_POINT('',(6.372210074902E-06,0.,-124.9999603148));
#3331 = VECTOR('',#3332,1.);
#3332 = DIRECTION('',(0.,-1.,0.));
#3333 = PCURVE('',#3334,#3339);
#3334 = PLANE('',#3335);
#3335 = AXIS2_PLACEMENT_3D('',#3336,#3337,#3338);
#3336 = CARTESIAN_POINT('',(6.372210074902E-06,0.,-124.9999603148));
#3337 = DIRECTION('',(-0.,-0.,-1.));
#3338 = DIRECTION('',(-1.,0.,0.));
#3339 = DEFINITIONAL_REPRESENTATION('',(#3340),#3344);
#3340 = LINE('',#3341,#3342);
#3341 = CARTESIAN_POINT('',(0.,0.));
#3342 = VECTOR('',#3343,1.);
#3343 = DIRECTION('',(0.,-1.));
#3344 = ( GEOMETRIC_REPRESENTATION_CONTEXT(2) 
PARAMETRIC_REPRESENTATION_CONTEXT() REPRESENTATION_CONTEXT('2D SPACE',''
  ) );
#3345 = PCURVE('',#3346,#3351);
#3346 = PLANE('',#3347);
#3347 = AXIS2_PLACEMENT_3D('',#3348,#3349,#3350);
#3348 = CARTESIAN_POINT('',(84.,0.,-125.));
#3349 = DIRECTION('',(-4.724421530806E-07,-0.,-1.));
#3350 = DIRECTION('',(-1.,0.,4.724421530806E-07));
#3351 = DEFINITIONAL_REPRESENTATION('',(#3352),#3356);
#3352 = LINE('',#3353,#3354);
#3353 = CARTESIAN_POINT('',(83.999993627799,0.));
#3354 = VECTOR('',#3355,1.);
#3355 = DIRECTION('',(0.,-1.));
#3356 = ( GEOMETRIC_REPRESENTATION_CONTEXT(2) 
PARAMETRIC_REPRESENTATION_CONTEXT() REPRESENTATION_CONTEXT('2D SPACE',''
  ) );
#3357 = ORIENTED_EDGE('',*,*,#3358,.T.);
#3358 = EDGE_CURVE('',#3326,#3359,#3361,.T.);
#3359 = VERTEX_POINT('',#3360);
#3360 = CARTESIAN_POINT('',(-83.99999362779,-42.,-124.9999603148));
#3361 = SURFACE_CURVE('',#3362,(#3366,#3373),.PCURVE_S1.);
#3362 = LINE('',#3363,#3364);
#3363 = CARTESIAN_POINT('',(6.372210074902E-06,-42.,-124.9999603148));
#3364 = VECTOR('',#3365,1.);
#3365 = DIRECTION('',(-1.,0.,0.));
#3366 = PCURVE('',#3334,#3367);
#3367 = DEFINITIONAL_REPRESENTATION('',(#3368),#3372);
#3368 = LINE('',#3369,#3370);
#3369 = CARTESIAN_POINT('',(0.,-42.));
#3370 = VECTOR('',#3371,1.);
#3371 = DIRECTION('',(1.,0.));
#3372 = ( GEOMETRIC_REPRESENTATION_CONTEXT(2) 
PARAMETRIC_REPRESENTATION_CONTEXT() REPRESENTATION_CONTEXT('2D SPACE',''
  ) );
#3373 = PCURVE('',#3374,#3379);
#3374 = PLANE('',#3375);
#3375 = AXIS2_PLACEMENT_3D('',#3376,#3377,#3378);
#3376 = CARTESIAN_POINT('',(-8.165936334563E-05,-42.,-207.8601321853));
#3377 = DIRECTION('',(-0.,-1.,-0.));
#3378 = DIRECTION('',(0.,0.,-1.));
#3379 = DEFINITIONAL_REPRESENTATION('',(#3380),#3384);
#3380 = LINE('',#3381,#3382);
#3381 = CARTESIAN_POINT('',(-82.86017187052,8.803157342053E-05));
#3382 = VECTOR('',#3383,1.);
#3383 = DIRECTION('',(0.,-1.));
#3384 = ( GEOMETRIC_REPRESENTATION_CONTEXT(2) 
PARAMETRIC_REPRESENTATION_CONTEXT() REPRESENTATION_CONTEXT('2D SPACE',''
  ) );
#3385 = ORIENTED_EDGE('',*,*,#3386,.F.);
#3386 = EDGE_CURVE('',#3387,#3359,#3389,.T.);
#3387 = VERTEX_POINT('',#3388);
#3388 = CARTESIAN_POINT('',(-83.99999362779,0.,-124.9999603148));
#3389 = SURFACE_CURVE('',#3390,(#3394,#3401),.PCURVE_S1.);
#3390 = LINE('',#3391,#3392);
#3391 = CARTESIAN_POINT('',(-83.99999362779,0.,-124.9999603148));
#3392 = VECTOR('',#3393,1.);
#3393 = DIRECTION('',(0.,-1.,0.));
#3394 = PCURVE('',#3334,#3395);
#3395 = DEFINITIONAL_REPRESENTATION('',(#3396),#3400);
#3396 = LINE('',#3397,#3398);
#3397 = CARTESIAN_POINT('',(84.,0.));
#3398 = VECTOR('',#3399,1.);
#3399 = DIRECTION('',(0.,-1.));
#3400 = ( GEOMETRIC_REPRESENTATION_CONTEXT(2) 
PARAMETRIC_REPRESENTATION_CONTEXT() REPRESENTATION_CONTEXT('2D SPACE',''
  ) );
#3401 = PCURVE('',#3402,#3407);
#3402 = PLANE('',#3403);
#3403 = AXIS2_PLACEMENT_3D('',#3404,#3405,#3406);
#3404 = CARTESIAN_POINT('',(-83.99999362779,0.,-124.9999603148));
#3405 = DIRECTION('',(0.992810218316,0.,0.119699082736));
#3406 = DIRECTION('',(0.119699082736,0.,-0.992810218316));
#3407 = DEFINITIONAL_REPRESENTATION('',(#3408),#3412);
#3408 = LINE('',#3409,#3410);
#3409 = CARTESIAN_POINT('',(0.,0.));
#3410 = VECTOR('',#3411,1.);
#3411 = DIRECTION('',(0.,-1.));
#3412 = ( GEOMETRIC_REPRESENTATION_CONTEXT(2) 
PARAMETRIC_REPRESENTATION_CONTEXT() REPRESENTATION_CONTEXT('2D SPACE',''
  ) );
#3413 = ORIENTED_EDGE('',*,*,#3414,.F.);
#3414 = EDGE_CURVE('',#3324,#3387,#3415,.T.);
#3415 = SURFACE_CURVE('',#3416,(#3420,#3427),.PCURVE_S1.);
#3416 = LINE('',#3417,#3418);
#3417 = CARTESIAN_POINT('',(6.372210074902E-06,0.,-124.9999603148));
#3418 = VECTOR('',#3419,1.);
#3419 = DIRECTION('',(-1.,0.,0.));
#3420 = PCURVE('',#3334,#3421);
#3421 = DEFINITIONAL_REPRESENTATION('',(#3422),#3426);
#3422 = LINE('',#3423,#3424);
#3423 = CARTESIAN_POINT('',(0.,0.));
#3424 = VECTOR('',#3425,1.);
#3425 = DIRECTION('',(1.,0.));
#3426 = ( GEOMETRIC_REPRESENTATION_CONTEXT(2) 
PARAMETRIC_REPRESENTATION_CONTEXT() REPRESENTATION_CONTEXT('2D SPACE',''
  ) );
#3427 = PCURVE('',#3428,#3433);
#3428 = PLANE('',#3429);
#3429 = AXIS2_PLACEMENT_3D('',#3430,#3431,#3432);
#3430 = CARTESIAN_POINT('',(-8.165936334563E-05,0.,-207.8601321853));
#3431 = DIRECTION('',(-0.,-1.,-0.));
#3432 = DIRECTION('',(0.,0.,-1.));
#3433 = DEFINITIONAL_REPRESENTATION('',(#3434),#3438);
#3434 = LINE('',#3435,#3436);
#3435 = CARTESIAN_POINT('',(-82.86017187052,8.803157342053E-05));
#3436 = VECTOR('',#3437,1.);
#3437 = DIRECTION('',(0.,-1.));
#3438 = ( GEOMETRIC_REPRESENTATION_CONTEXT(2) 
PARAMETRIC_REPRESENTATION_CONTEXT() REPRESENTATION_CONTEXT('2D SPACE',''
  ) );
#3439 = ADVANCED_FACE('',(#3440),#3402,.F.);
#3440 = FACE_BOUND('',#3441,.F.);
#3441 = EDGE_LOOP('',(#3442,#3443,#3466,#3494));
#3442 = ORIENTED_EDGE('',*,*,#3386,.T.);
#3443 = ORIENTED_EDGE('',*,*,#3444,.T.);
#3444 = EDGE_CURVE('',#3359,#3445,#3447,.T.);
#3445 = VERTEX_POINT('',#3446);
#3446 = CARTESIAN_POINT('',(-67.00019335906,-42.,-266.));
#3447 = SURFACE_CURVE('',#3448,(#3452,#3459),.PCURVE_S1.);
#3448 = LINE('',#3449,#3450);
#3449 = CARTESIAN_POINT('',(-83.99999362779,-42.,-124.9999603148));
#3450 = VECTOR('',#3451,1.);
#3451 = DIRECTION('',(0.119699082736,-0.,-0.992810218316));
#3452 = PCURVE('',#3402,#3453);
#3453 = DEFINITIONAL_REPRESENTATION('',(#3454),#3458);
#3454 = LINE('',#3455,#3456);
#3455 = CARTESIAN_POINT('',(0.,-42.));
#3456 = VECTOR('',#3457,1.);
#3457 = DIRECTION('',(1.,-0.));
#3458 = ( GEOMETRIC_REPRESENTATION_CONTEXT(2) 
PARAMETRIC_REPRESENTATION_CONTEXT() REPRESENTATION_CONTEXT('2D SPACE',''
  ) );
#3459 = PCURVE('',#3374,#3460);
#3460 = DEFINITIONAL_REPRESENTATION('',(#3461),#3465);
#3461 = LINE('',#3462,#3463);
#3462 = CARTESIAN_POINT('',(-82.86017187052,-83.99991196842));
#3463 = VECTOR('',#3464,1.);
#3464 = DIRECTION('',(0.992810218316,0.119699082736));
#3465 = ( GEOMETRIC_REPRESENTATION_CONTEXT(2) 
PARAMETRIC_REPRESENTATION_CONTEXT() REPRESENTATION_CONTEXT('2D SPACE',''
  ) );
#3466 = ORIENTED_EDGE('',*,*,#3467,.F.);
#3467 = EDGE_CURVE('',#3468,#3445,#3470,.T.);
#3468 = VERTEX_POINT('',#3469);
#3469 = CARTESIAN_POINT('',(-67.00019335906,0.,-266.));
#3470 = SURFACE_CURVE('',#3471,(#3475,#3482),.PCURVE_S1.);
#3471 = LINE('',#3472,#3473);
#3472 = CARTESIAN_POINT('',(-67.00019335906,0.,-266.));
#3473 = VECTOR('',#3474,1.);
#3474 = DIRECTION('',(0.,-1.,0.));
#3475 = PCURVE('',#3402,#3476);
#3476 = DEFINITIONAL_REPRESENTATION('',(#3477),#3481);
#3477 = LINE('',#3478,#3479);
#3478 = CARTESIAN_POINT('',(142.02114068119,0.));
#3479 = VECTOR('',#3480,1.);
#3480 = DIRECTION('',(0.,-1.));
#3481 = ( GEOMETRIC_REPRESENTATION_CONTEXT(2) 
PARAMETRIC_REPRESENTATION_CONTEXT() REPRESENTATION_CONTEXT('2D SPACE',''
  ) );
#3482 = PCURVE('',#3483,#3488);
#3483 = CYLINDRICAL_SURFACE('',#3484,67.485236240109);
#3484 = AXIS2_PLACEMENT_3D('',#3485,#3486,#3487);
#3485 = CARTESIAN_POINT('',(-1.612344370344E-04,0.,-257.9220791238));
#3486 = DIRECTION('',(0.,1.,-0.));
#3487 = DIRECTION('',(-0.992810218316,0.,-0.119699082736));
#3488 = DEFINITIONAL_REPRESENTATION('',(#3489),#3493);
#3489 = LINE('',#3490,#3491);
#3490 = CARTESIAN_POINT('',(-4.163336342344E-17,0.));
#3491 = VECTOR('',#3492,1.);
#3492 = DIRECTION('',(-0.,-1.));
#3493 = ( GEOMETRIC_REPRESENTATION_CONTEXT(2) 
PARAMETRIC_REPRESENTATION_CONTEXT() REPRESENTATION_CONTEXT('2D SPACE',''
  ) );
#3494 = ORIENTED_EDGE('',*,*,#3495,.F.);
#3495 = EDGE_CURVE('',#3387,#3468,#3496,.T.);
#3496 = SURFACE_CURVE('',#3497,(#3501,#3508),.PCURVE_S1.);
#3497 = LINE('',#3498,#3499);
#3498 = CARTESIAN_POINT('',(-83.99999362779,0.,-124.9999603148));
#3499 = VECTOR('',#3500,1.);
#3500 = DIRECTION('',(0.119699082736,-0.,-0.992810218316));
#3501 = PCURVE('',#3402,#3502);
#3502 = DEFINITIONAL_REPRESENTATION('',(#3503),#3507);
#3503 = LINE('',#3504,#3505);
#3504 = CARTESIAN_POINT('',(0.,0.));
#3505 = VECTOR('',#3506,1.);
#3506 = DIRECTION('',(1.,-0.));
#3507 = ( GEOMETRIC_REPRESENTATION_CONTEXT(2) 
PARAMETRIC_REPRESENTATION_CONTEXT() REPRESENTATION_CONTEXT('2D SPACE',''
  ) );
#3508 = PCURVE('',#3428,#3509);
#3509 = DEFINITIONAL_REPRESENTATION('',(#3510),#3514);
#3510 = LINE('',#3511,#3512);
#3511 = CARTESIAN_POINT('',(-82.86017187052,-83.99991196842));
#3512 = VECTOR('',#3513,1.);
#3513 = DIRECTION('',(0.992810218316,0.119699082736));
#3514 = ( GEOMETRIC_REPRESENTATION_CONTEXT(2) 
PARAMETRIC_REPRESENTATION_CONTEXT() REPRESENTATION_CONTEXT('2D SPACE',''
  ) );
#3515 = ADVANCED_FACE('',(#3516),#3483,.T.);
#3516 = FACE_BOUND('',#3517,.F.);
#3517 = EDGE_LOOP('',(#3518,#3519,#3543,#3571));
#3518 = ORIENTED_EDGE('',*,*,#3467,.T.);
#3519 = ORIENTED_EDGE('',*,*,#3520,.T.);
#3520 = EDGE_CURVE('',#3445,#3521,#3523,.T.);
#3521 = VERTEX_POINT('',#3522);
#3522 = CARTESIAN_POINT('',(66.999871169325,-42.,-265.9999976848));
#3523 = SURFACE_CURVE('',#3524,(#3529,#3536),.PCURVE_S1.);
#3524 = CIRCLE('',#3525,67.485236240109);
#3525 = AXIS2_PLACEMENT_3D('',#3526,#3527,#3528);
#3526 = CARTESIAN_POINT('',(-1.612344370344E-04,-42.,-257.9220791238));
#3527 = DIRECTION('',(-0.,-1.,0.));
#3528 = DIRECTION('',(-0.992810218316,0.,-0.119699082736));
#3529 = PCURVE('',#3483,#3530);
#3530 = DEFINITIONAL_REPRESENTATION('',(#3531),#3535);
#3531 = LINE('',#3532,#3533);
#3532 = CARTESIAN_POINT('',(-0.,-42.));
#3533 = VECTOR('',#3534,1.);
#3534 = DIRECTION('',(-1.,0.));
#3535 = ( GEOMETRIC_REPRESENTATION_CONTEXT(2) 
PARAMETRIC_REPRESENTATION_CONTEXT() REPRESENTATION_CONTEXT('2D SPACE',''
  ) );
#3536 = PCURVE('',#3374,#3537);
#3537 = DEFINITIONAL_REPRESENTATION('',(#3538),#3542);
#3538 = CIRCLE('',#3539,67.485236240109);
#3539 = AXIS2_PLACEMENT_2D('',#3540,#3541);
#3540 = CARTESIAN_POINT('',(50.061946938419,-7.95750736888E-05));
#3541 = DIRECTION('',(0.119699082736,-0.992810218316));
#3542 = ( GEOMETRIC_REPRESENTATION_CONTEXT(2) 
PARAMETRIC_REPRESENTATION_CONTEXT() REPRESENTATION_CONTEXT('2D SPACE',''
  ) );
#3543 = ORIENTED_EDGE('',*,*,#3544,.F.);
#3544 = EDGE_CURVE('',#3545,#3521,#3547,.T.);
#3545 = VERTEX_POINT('',#3546);
#3546 = CARTESIAN_POINT('',(66.999871169325,-0.,-265.9999976848));
#3547 = SURFACE_CURVE('',#3548,(#3552,#3559),.PCURVE_S1.);
#3548 = LINE('',#3549,#3550);
#3549 = CARTESIAN_POINT('',(66.999871169325,-0.,-265.9999976848));
#3550 = VECTOR('',#3551,1.);
#3551 = DIRECTION('',(0.,-1.,0.));
#3552 = PCURVE('',#3483,#3553);
#3553 = DEFINITIONAL_REPRESENTATION('',(#3554),#3558);
#3554 = LINE('',#3555,#3556);
#3555 = CARTESIAN_POINT('',(-2.901619127363,0.));
#3556 = VECTOR('',#3557,1.);
#3557 = DIRECTION('',(-0.,-1.));
#3558 = ( GEOMETRIC_REPRESENTATION_CONTEXT(2) 
PARAMETRIC_REPRESENTATION_CONTEXT() REPRESENTATION_CONTEXT('2D SPACE',''
  ) );
#3559 = PCURVE('',#3560,#3565);
#3560 = PLANE('',#3561);
#3561 = AXIS2_PLACEMENT_3D('',#3562,#3563,#3564);
#3562 = CARTESIAN_POINT('',(66.999871169325,0.,-265.9999976848));
#3563 = DIRECTION('',(-0.992809939146,0.,0.119701398206));
#3564 = DIRECTION('',(0.119701398206,0.,0.992809939146));
#3565 = DEFINITIONAL_REPRESENTATION('',(#3566),#3570);
#3566 = LINE('',#3567,#3568);
#3567 = CARTESIAN_POINT('',(0.,0.));
#3568 = VECTOR('',#3569,1.);
#3569 = DIRECTION('',(0.,-1.));
#3570 = ( GEOMETRIC_REPRESENTATION_CONTEXT(2) 
PARAMETRIC_REPRESENTATION_CONTEXT() REPRESENTATION_CONTEXT('2D SPACE',''
  ) );
#3571 = ORIENTED_EDGE('',*,*,#3572,.F.);
#3572 = EDGE_CURVE('',#3468,#3545,#3573,.T.);
#3573 = SURFACE_CURVE('',#3574,(#3579,#3586),.PCURVE_S1.);
#3574 = CIRCLE('',#3575,67.485236240109);
#3575 = AXIS2_PLACEMENT_3D('',#3576,#3577,#3578);
#3576 = CARTESIAN_POINT('',(-1.612344370344E-04,0.,-257.9220791238));
#3577 = DIRECTION('',(-0.,-1.,0.));
#3578 = DIRECTION('',(-0.992810218316,0.,-0.119699082736));
#3579 = PCURVE('',#3483,#3580);
#3580 = DEFINITIONAL_REPRESENTATION('',(#3581),#3585);
#3581 = LINE('',#3582,#3583);
#3582 = CARTESIAN_POINT('',(-0.,0.));
#3583 = VECTOR('',#3584,1.);
#3584 = DIRECTION('',(-1.,0.));
#3585 = ( GEOMETRIC_REPRESENTATION_CONTEXT(2) 
PARAMETRIC_REPRESENTATION_CONTEXT() REPRESENTATION_CONTEXT('2D SPACE',''
  ) );
#3586 = PCURVE('',#3428,#3587);
#3587 = DEFINITIONAL_REPRESENTATION('',(#3588),#3592);
#3588 = CIRCLE('',#3589,67.485236240109);
#3589 = AXIS2_PLACEMENT_2D('',#3590,#3591);
#3590 = CARTESIAN_POINT('',(50.061946938419,-7.95750736888E-05));
#3591 = DIRECTION('',(0.119699082736,-0.992810218316));
#3592 = ( GEOMETRIC_REPRESENTATION_CONTEXT(2) 
PARAMETRIC_REPRESENTATION_CONTEXT() REPRESENTATION_CONTEXT('2D SPACE',''
  ) );
#3593 = ADVANCED_FACE('',(#3594),#3560,.F.);
#3594 = FACE_BOUND('',#3595,.F.);
#3595 = EDGE_LOOP('',(#3596,#3597,#3620,#3643));
#3596 = ORIENTED_EDGE('',*,*,#3544,.T.);
#3597 = ORIENTED_EDGE('',*,*,#3598,.T.);
#3598 = EDGE_CURVE('',#3521,#3599,#3601,.T.);
#3599 = VERTEX_POINT('',#3600);
#3600 = CARTESIAN_POINT('',(84.,-42.,-125.));
#3601 = SURFACE_CURVE('',#3602,(#3606,#3613),.PCURVE_S1.);
#3602 = LINE('',#3603,#3604);
#3603 = CARTESIAN_POINT('',(66.999871169325,-42.,-265.9999976848));
#3604 = VECTOR('',#3605,1.);
#3605 = DIRECTION('',(0.119701398206,0.,0.992809939146));
#3606 = PCURVE('',#3560,#3607);
#3607 = DEFINITIONAL_REPRESENTATION('',(#3608),#3612);
#3608 = LINE('',#3609,#3610);
#3609 = CARTESIAN_POINT('',(0.,-42.));
#3610 = VECTOR('',#3611,1.);
#3611 = DIRECTION('',(1.,0.));
#3612 = ( GEOMETRIC_REPRESENTATION_CONTEXT(2) 
PARAMETRIC_REPRESENTATION_CONTEXT() REPRESENTATION_CONTEXT('2D SPACE',''
  ) );
#3613 = PCURVE('',#3374,#3614);
#3614 = DEFINITIONAL_REPRESENTATION('',(#3615),#3619);
#3615 = LINE('',#3616,#3617);
#3616 = CARTESIAN_POINT('',(58.139865499427,66.999952828688));
#3617 = VECTOR('',#3618,1.);
#3618 = DIRECTION('',(-0.992809939146,0.119701398206));
#3619 = ( GEOMETRIC_REPRESENTATION_CONTEXT(2) 
PARAMETRIC_REPRESENTATION_CONTEXT() REPRESENTATION_CONTEXT('2D SPACE',''
  ) );
#3620 = ORIENTED_EDGE('',*,*,#3621,.F.);
#3621 = EDGE_CURVE('',#3622,#3599,#3624,.T.);
#3622 = VERTEX_POINT('',#3623);
#3623 = CARTESIAN_POINT('',(84.,-0.,-125.));
#3624 = SURFACE_CURVE('',#3625,(#3629,#3636),.PCURVE_S1.);
#3625 = LINE('',#3626,#3627);
#3626 = CARTESIAN_POINT('',(84.,-0.,-125.));
#3627 = VECTOR('',#3628,1.);
#3628 = DIRECTION('',(0.,-1.,0.));
#3629 = PCURVE('',#3560,#3630);
#3630 = DEFINITIONAL_REPRESENTATION('',(#3631),#3635);
#3631 = LINE('',#3632,#3633);
#3632 = CARTESIAN_POINT('',(142.02113831179,0.));
#3633 = VECTOR('',#3634,1.);
#3634 = DIRECTION('',(0.,-1.));
#3635 = ( GEOMETRIC_REPRESENTATION_CONTEXT(2) 
PARAMETRIC_REPRESENTATION_CONTEXT() REPRESENTATION_CONTEXT('2D SPACE',''
  ) );
#3636 = PCURVE('',#3346,#3637);
#3637 = DEFINITIONAL_REPRESENTATION('',(#3638),#3642);
#3638 = LINE('',#3639,#3640);
#3639 = CARTESIAN_POINT('',(0.,0.));
#3640 = VECTOR('',#3641,1.);
#3641 = DIRECTION('',(0.,-1.));
#3642 = ( GEOMETRIC_REPRESENTATION_CONTEXT(2) 
PARAMETRIC_REPRESENTATION_CONTEXT() REPRESENTATION_CONTEXT('2D SPACE',''
  ) );
#3643 = ORIENTED_EDGE('',*,*,#3644,.F.);
#3644 = EDGE_CURVE('',#3545,#3622,#3645,.T.);
#3645 = SURFACE_CURVE('',#3646,(#3650,#3657),.PCURVE_S1.);
#3646 = LINE('',#3647,#3648);
#3647 = CARTESIAN_POINT('',(66.999871169325,-0.,-265.9999976848));
#3648 = VECTOR('',#3649,1.);
#3649 = DIRECTION('',(0.119701398206,0.,0.992809939146));
#3650 = PCURVE('',#3560,#3651);
#3651 = DEFINITIONAL_REPRESENTATION('',(#3652),#3656);
#3652 = LINE('',#3653,#3654);
#3653 = CARTESIAN_POINT('',(0.,0.));
#3654 = VECTOR('',#3655,1.);
#3655 = DIRECTION('',(1.,0.));
#3656 = ( GEOMETRIC_REPRESENTATION_CONTEXT(2) 
PARAMETRIC_REPRESENTATION_CONTEXT() REPRESENTATION_CONTEXT('2D SPACE',''
  ) );
#3657 = PCURVE('',#3428,#3658);
#3658 = DEFINITIONAL_REPRESENTATION('',(#3659),#3663);
#3659 = LINE('',#3660,#3661);
#3660 = CARTESIAN_POINT('',(58.139865499427,66.999952828688));
#3661 = VECTOR('',#3662,1.);
#3662 = DIRECTION('',(-0.992809939146,0.119701398206));
#3663 = ( GEOMETRIC_REPRESENTATION_CONTEXT(2) 
PARAMETRIC_REPRESENTATION_CONTEXT() REPRESENTATION_CONTEXT('2D SPACE',''
  ) );
#3664 = ADVANCED_FACE('',(#3665),#3346,.F.);
#3665 = FACE_BOUND('',#3666,.F.);
#3666 = EDGE_LOOP('',(#3667,#3668,#3689,#3690));
#3667 = ORIENTED_EDGE('',*,*,#3621,.T.);
#3668 = ORIENTED_EDGE('',*,*,#3669,.T.);
#3669 = EDGE_CURVE('',#3599,#3326,#3670,.T.);
#3670 = SURFACE_CURVE('',#3671,(#3675,#3682),.PCURVE_S1.);
#3671 = LINE('',#3672,#3673);
#3672 = CARTESIAN_POINT('',(84.,-42.,-125.));
#3673 = VECTOR('',#3674,1.);
#3674 = DIRECTION('',(-1.,0.,4.724421530806E-07));
#3675 = PCURVE('',#3346,#3676);
#3676 = DEFINITIONAL_REPRESENTATION('',(#3677),#3681);
#3677 = LINE('',#3678,#3679);
#3678 = CARTESIAN_POINT('',(0.,-42.));
#3679 = VECTOR('',#3680,1.);
#3680 = DIRECTION('',(1.,0.));
#3681 = ( GEOMETRIC_REPRESENTATION_CONTEXT(2) 
PARAMETRIC_REPRESENTATION_CONTEXT() REPRESENTATION_CONTEXT('2D SPACE',''
  ) );
#3682 = PCURVE('',#3374,#3683);
#3683 = DEFINITIONAL_REPRESENTATION('',(#3684),#3688);
#3684 = LINE('',#3685,#3686);
#3685 = CARTESIAN_POINT('',(-82.86013218538,84.000081659363));
#3686 = VECTOR('',#3687,1.);
#3687 = DIRECTION('',(-4.724421530806E-07,-1.));
#3688 = ( GEOMETRIC_REPRESENTATION_CONTEXT(2) 
PARAMETRIC_REPRESENTATION_CONTEXT() REPRESENTATION_CONTEXT('2D SPACE',''
  ) );
#3689 = ORIENTED_EDGE('',*,*,#3323,.F.);
#3690 = ORIENTED_EDGE('',*,*,#3691,.F.);
#3691 = EDGE_CURVE('',#3622,#3324,#3692,.T.);
#3692 = SURFACE_CURVE('',#3693,(#3697,#3704),.PCURVE_S1.);
#3693 = LINE('',#3694,#3695);
#3694 = CARTESIAN_POINT('',(84.,-0.,-125.));
#3695 = VECTOR('',#3696,1.);
#3696 = DIRECTION('',(-1.,0.,4.724421530806E-07));
#3697 = PCURVE('',#3346,#3698);
#3698 = DEFINITIONAL_REPRESENTATION('',(#3699),#3703);
#3699 = LINE('',#3700,#3701);
#3700 = CARTESIAN_POINT('',(0.,0.));
#3701 = VECTOR('',#3702,1.);
#3702 = DIRECTION('',(1.,0.));
#3703 = ( GEOMETRIC_REPRESENTATION_CONTEXT(2) 
PARAMETRIC_REPRESENTATION_CONTEXT() REPRESENTATION_CONTEXT('2D SPACE',''
  ) );
#3704 = PCURVE('',#3428,#3705);
#3705 = DEFINITIONAL_REPRESENTATION('',(#3706),#3710);
#3706 = LINE('',#3707,#3708);
#3707 = CARTESIAN_POINT('',(-82.86013218538,84.000081659363));
#3708 = VECTOR('',#3709,1.);
#3709 = DIRECTION('',(-4.724421530806E-07,-1.));
#3710 = ( GEOMETRIC_REPRESENTATION_CONTEXT(2) 
PARAMETRIC_REPRESENTATION_CONTEXT() REPRESENTATION_CONTEXT('2D SPACE',''
  ) );
#3711 = ADVANCED_FACE('',(#3712),#3428,.F.);
#3712 = FACE_BOUND('',#3713,.F.);
#3713 = EDGE_LOOP('',(#3714,#3715,#3716,#3717,#3718));
#3714 = ORIENTED_EDGE('',*,*,#3414,.T.);
#3715 = ORIENTED_EDGE('',*,*,#3495,.T.);
#3716 = ORIENTED_EDGE('',*,*,#3572,.T.);
#3717 = ORIENTED_EDGE('',*,*,#3644,.T.);
#3718 = ORIENTED_EDGE('',*,*,#3691,.T.);
#3719 = ADVANCED_FACE('',(#3720),#3374,.T.);
#3720 = FACE_BOUND('',#3721,.T.);
#3721 = EDGE_LOOP('',(#3722,#3723,#3724,#3725,#3726));
#3722 = ORIENTED_EDGE('',*,*,#3358,.T.);
#3723 = ORIENTED_EDGE('',*,*,#3444,.T.);
#3724 = ORIENTED_EDGE('',*,*,#3520,.T.);
#3725 = ORIENTED_EDGE('',*,*,#3598,.T.);
#3726 = ORIENTED_EDGE('',*,*,#3669,.T.);
#3727 = ( GEOMETRIC_REPRESENTATION_CONTEXT(3) 
GLOBAL_UNCERTAINTY_ASSIGNED_CONTEXT((#3731)) 
GLOBAL_UNIT_ASSIGNED_CONTEXT((#3728,#3729,#3730)) REPRESENTATION_CONTEXT
('Context #1','3D Context with UNIT and UNCERTAINTY') );
#3728 = ( LENGTH_UNIT() NAMED_UNIT(*) SI_UNIT(.MILLI.,.METRE.) );
#3729 = ( NAMED_UNIT(*) PLANE_ANGLE_UNIT() SI_UNIT($,.RADIAN.) );
#3730 = ( NAMED_UNIT(*) SI_UNIT($,.STERADIAN.) SOLID_ANGLE_UNIT() );
#3731 = UNCERTAINTY_MEASURE_WITH_UNIT(LENGTH_MEASURE(1.E-07),#3728,
  'distance_accuracy_value','confusion accuracy');
#3732 = PRODUCT_RELATED_PRODUCT_CATEGORY('part',$,(#7));
ENDSEC;
END-ISO-10303-21;
