ISO-10303-21;
HEADER;
FILE_DESCRIPTION(('Open CASCADE Model'),'2;1');
FILE_NAME('Open CASCADE Shape Model','2025-08-06T14:36:29',('Author'),(
    'Open CASCADE'),'Open CASCADE STEP processor 7.7','Open CASCADE 7.7'
  ,'Unknown');
FILE_SCHEMA(('AUTOMOTIVE_DESIGN { 1 0 10303 214 1 1 1 1 }'));
ENDSEC;
DATA;
#1 = APPLICATION_PROTOCOL_DEFINITION('international standard',
  'automotive_design',2000,#2);
#2 = APPLICATION_CONTEXT(
  'core data for automotive mechanical design processes');
#3 = SHAPE_DEFINITION_REPRESENTATION(#4,#10);
#4 = PRODUCT_DEFINITION_SHAPE('','',#5);
#5 = PRODUCT_DEFINITION('design','',#6,#9);
#6 = PRODUCT_DEFINITION_FORMATION('','',#7);
#7 = PRODUCT('substep_2.4','substep_2.4','',(#8));
#8 = PRODUCT_CONTEXT('',#2,'mechanical');
#9 = PRODUCT_DEFINITION_CONTEXT('part definition',#2,'design');
#10 = ADVANCED_BREP_SHAPE_REPRESENTATION('',(#11,#15),#4065);
#11 = AXIS2_PLACEMENT_3D('',#12,#13,#14);
#12 = CARTESIAN_POINT('',(0.,0.,0.));
#13 = DIRECTION('',(0.,0.,1.));
#14 = DIRECTION('',(1.,0.,-0.));
#15 = MANIFOLD_SOLID_BREP('PartBody',#16);
#16 = CLOSED_SHELL('',(#17,#137,#213,#262,#435,#462,#469,#524,#579,#634,
    #689,#1758,#1811,#2805,#3829,#3884,#3939,#3994,#4049,#4053,#4057,
    #4061));
#17 = ADVANCED_FACE('',(#18),#32,.F.);
#18 = FACE_BOUND('',#19,.F.);
#19 = EDGE_LOOP('',(#20,#55,#83,#111));
#20 = ORIENTED_EDGE('',*,*,#21,.F.);
#21 = EDGE_CURVE('',#22,#24,#26,.T.);
#22 = VERTEX_POINT('',#23);
#23 = CARTESIAN_POINT('',(-125.,-100.,-150.));
#24 = VERTEX_POINT('',#25);
#25 = CARTESIAN_POINT('',(-125.,-100.,150.));
#26 = SURFACE_CURVE('',#27,(#31,#43),.PCURVE_S1.);
#27 = LINE('',#28,#29);
#28 = CARTESIAN_POINT('',(-125.,-100.,-150.));
#29 = VECTOR('',#30,1.);
#30 = DIRECTION('',(0.,0.,1.));
#31 = PCURVE('',#32,#37);
#32 = PLANE('',#33);
#33 = AXIS2_PLACEMENT_3D('',#34,#35,#36);
#34 = CARTESIAN_POINT('',(-125.,-100.,-150.));
#35 = DIRECTION('',(1.,0.,0.));
#36 = DIRECTION('',(0.,0.,1.));
#37 = DEFINITIONAL_REPRESENTATION('',(#38),#42);
#38 = LINE('',#39,#40);
#39 = CARTESIAN_POINT('',(0.,0.));
#40 = VECTOR('',#41,1.);
#41 = DIRECTION('',(1.,0.));
#42 = ( GEOMETRIC_REPRESENTATION_CONTEXT(2) 
PARAMETRIC_REPRESENTATION_CONTEXT() REPRESENTATION_CONTEXT('2D SPACE',''
  ) );
#43 = PCURVE('',#44,#49);
#44 = PLANE('',#45);
#45 = AXIS2_PLACEMENT_3D('',#46,#47,#48);
#46 = CARTESIAN_POINT('',(-125.,-100.,-150.));
#47 = DIRECTION('',(0.,1.,0.));
#48 = DIRECTION('',(0.,0.,1.));
#49 = DEFINITIONAL_REPRESENTATION('',(#50),#54);
#50 = LINE('',#51,#52);
#51 = CARTESIAN_POINT('',(0.,0.));
#52 = VECTOR('',#53,1.);
#53 = DIRECTION('',(1.,0.));
#54 = ( GEOMETRIC_REPRESENTATION_CONTEXT(2) 
PARAMETRIC_REPRESENTATION_CONTEXT() REPRESENTATION_CONTEXT('2D SPACE',''
  ) );
#55 = ORIENTED_EDGE('',*,*,#56,.T.);
#56 = EDGE_CURVE('',#22,#57,#59,.T.);
#57 = VERTEX_POINT('',#58);
#58 = CARTESIAN_POINT('',(-125.,100.,-150.));
#59 = SURFACE_CURVE('',#60,(#64,#71),.PCURVE_S1.);
#60 = LINE('',#61,#62);
#61 = CARTESIAN_POINT('',(-125.,-100.,-150.));
#62 = VECTOR('',#63,1.);
#63 = DIRECTION('',(0.,1.,0.));
#64 = PCURVE('',#32,#65);
#65 = DEFINITIONAL_REPRESENTATION('',(#66),#70);
#66 = LINE('',#67,#68);
#67 = CARTESIAN_POINT('',(0.,0.));
#68 = VECTOR('',#69,1.);
#69 = DIRECTION('',(0.,-1.));
#70 = ( GEOMETRIC_REPRESENTATION_CONTEXT(2) 
PARAMETRIC_REPRESENTATION_CONTEXT() REPRESENTATION_CONTEXT('2D SPACE',''
  ) );
#71 = PCURVE('',#72,#77);
#72 = PLANE('',#73);
#73 = AXIS2_PLACEMENT_3D('',#74,#75,#76);
#74 = CARTESIAN_POINT('',(-125.,-100.,-150.));
#75 = DIRECTION('',(0.,0.,1.));
#76 = DIRECTION('',(1.,0.,0.));
#77 = DEFINITIONAL_REPRESENTATION('',(#78),#82);
#78 = LINE('',#79,#80);
#79 = CARTESIAN_POINT('',(0.,0.));
#80 = VECTOR('',#81,1.);
#81 = DIRECTION('',(0.,1.));
#82 = ( GEOMETRIC_REPRESENTATION_CONTEXT(2) 
PARAMETRIC_REPRESENTATION_CONTEXT() REPRESENTATION_CONTEXT('2D SPACE',''
  ) );
#83 = ORIENTED_EDGE('',*,*,#84,.T.);
#84 = EDGE_CURVE('',#57,#85,#87,.T.);
#85 = VERTEX_POINT('',#86);
#86 = CARTESIAN_POINT('',(-125.,100.,150.));
#87 = SURFACE_CURVE('',#88,(#92,#99),.PCURVE_S1.);
#88 = LINE('',#89,#90);
#89 = CARTESIAN_POINT('',(-125.,100.,-150.));
#90 = VECTOR('',#91,1.);
#91 = DIRECTION('',(0.,0.,1.));
#92 = PCURVE('',#32,#93);
#93 = DEFINITIONAL_REPRESENTATION('',(#94),#98);
#94 = LINE('',#95,#96);
#95 = CARTESIAN_POINT('',(0.,-200.));
#96 = VECTOR('',#97,1.);
#97 = DIRECTION('',(1.,0.));
#98 = ( GEOMETRIC_REPRESENTATION_CONTEXT(2) 
PARAMETRIC_REPRESENTATION_CONTEXT() REPRESENTATION_CONTEXT('2D SPACE',''
  ) );
#99 = PCURVE('',#100,#105);
#100 = PLANE('',#101);
#101 = AXIS2_PLACEMENT_3D('',#102,#103,#104);
#102 = CARTESIAN_POINT('',(-125.,100.,-150.));
#103 = DIRECTION('',(0.,1.,0.));
#104 = DIRECTION('',(0.,0.,1.));
#105 = DEFINITIONAL_REPRESENTATION('',(#106),#110);
#106 = LINE('',#107,#108);
#107 = CARTESIAN_POINT('',(0.,0.));
#108 = VECTOR('',#109,1.);
#109 = DIRECTION('',(1.,0.));
#110 = ( GEOMETRIC_REPRESENTATION_CONTEXT(2) 
PARAMETRIC_REPRESENTATION_CONTEXT() REPRESENTATION_CONTEXT('2D SPACE',''
  ) );
#111 = ORIENTED_EDGE('',*,*,#112,.F.);
#112 = EDGE_CURVE('',#24,#85,#113,.T.);
#113 = SURFACE_CURVE('',#114,(#118,#125),.PCURVE_S1.);
#114 = LINE('',#115,#116);
#115 = CARTESIAN_POINT('',(-125.,-100.,150.));
#116 = VECTOR('',#117,1.);
#117 = DIRECTION('',(0.,1.,0.));
#118 = PCURVE('',#32,#119);
#119 = DEFINITIONAL_REPRESENTATION('',(#120),#124);
#120 = LINE('',#121,#122);
#121 = CARTESIAN_POINT('',(300.,0.));
#122 = VECTOR('',#123,1.);
#123 = DIRECTION('',(0.,-1.));
#124 = ( GEOMETRIC_REPRESENTATION_CONTEXT(2) 
PARAMETRIC_REPRESENTATION_CONTEXT() REPRESENTATION_CONTEXT('2D SPACE',''
  ) );
#125 = PCURVE('',#126,#131);
#126 = PLANE('',#127);
#127 = AXIS2_PLACEMENT_3D('',#128,#129,#130);
#128 = CARTESIAN_POINT('',(-125.,-100.,150.));
#129 = DIRECTION('',(0.,0.,1.));
#130 = DIRECTION('',(1.,0.,0.));
#131 = DEFINITIONAL_REPRESENTATION('',(#132),#136);
#132 = LINE('',#133,#134);
#133 = CARTESIAN_POINT('',(0.,0.));
#134 = VECTOR('',#135,1.);
#135 = DIRECTION('',(0.,1.));
#136 = ( GEOMETRIC_REPRESENTATION_CONTEXT(2) 
PARAMETRIC_REPRESENTATION_CONTEXT() REPRESENTATION_CONTEXT('2D SPACE',''
  ) );
#137 = ADVANCED_FACE('',(#138),#44,.F.);
#138 = FACE_BOUND('',#139,.F.);
#139 = EDGE_LOOP('',(#140,#163,#164,#187));
#140 = ORIENTED_EDGE('',*,*,#141,.F.);
#141 = EDGE_CURVE('',#22,#142,#144,.T.);
#142 = VERTEX_POINT('',#143);
#143 = CARTESIAN_POINT('',(125.,-100.,-150.));
#144 = SURFACE_CURVE('',#145,(#149,#156),.PCURVE_S1.);
#145 = LINE('',#146,#147);
#146 = CARTESIAN_POINT('',(-125.,-100.,-150.));
#147 = VECTOR('',#148,1.);
#148 = DIRECTION('',(1.,0.,0.));
#149 = PCURVE('',#44,#150);
#150 = DEFINITIONAL_REPRESENTATION('',(#151),#155);
#151 = LINE('',#152,#153);
#152 = CARTESIAN_POINT('',(0.,0.));
#153 = VECTOR('',#154,1.);
#154 = DIRECTION('',(0.,1.));
#155 = ( GEOMETRIC_REPRESENTATION_CONTEXT(2) 
PARAMETRIC_REPRESENTATION_CONTEXT() REPRESENTATION_CONTEXT('2D SPACE',''
  ) );
#156 = PCURVE('',#72,#157);
#157 = DEFINITIONAL_REPRESENTATION('',(#158),#162);
#158 = LINE('',#159,#160);
#159 = CARTESIAN_POINT('',(0.,0.));
#160 = VECTOR('',#161,1.);
#161 = DIRECTION('',(1.,0.));
#162 = ( GEOMETRIC_REPRESENTATION_CONTEXT(2) 
PARAMETRIC_REPRESENTATION_CONTEXT() REPRESENTATION_CONTEXT('2D SPACE',''
  ) );
#163 = ORIENTED_EDGE('',*,*,#21,.T.);
#164 = ORIENTED_EDGE('',*,*,#165,.T.);
#165 = EDGE_CURVE('',#24,#166,#168,.T.);
#166 = VERTEX_POINT('',#167);
#167 = CARTESIAN_POINT('',(125.,-100.,150.));
#168 = SURFACE_CURVE('',#169,(#173,#180),.PCURVE_S1.);
#169 = LINE('',#170,#171);
#170 = CARTESIAN_POINT('',(-125.,-100.,150.));
#171 = VECTOR('',#172,1.);
#172 = DIRECTION('',(1.,0.,0.));
#173 = PCURVE('',#44,#174);
#174 = DEFINITIONAL_REPRESENTATION('',(#175),#179);
#175 = LINE('',#176,#177);
#176 = CARTESIAN_POINT('',(300.,0.));
#177 = VECTOR('',#178,1.);
#178 = DIRECTION('',(0.,1.));
#179 = ( GEOMETRIC_REPRESENTATION_CONTEXT(2) 
PARAMETRIC_REPRESENTATION_CONTEXT() REPRESENTATION_CONTEXT('2D SPACE',''
  ) );
#180 = PCURVE('',#126,#181);
#181 = DEFINITIONAL_REPRESENTATION('',(#182),#186);
#182 = LINE('',#183,#184);
#183 = CARTESIAN_POINT('',(0.,0.));
#184 = VECTOR('',#185,1.);
#185 = DIRECTION('',(1.,0.));
#186 = ( GEOMETRIC_REPRESENTATION_CONTEXT(2) 
PARAMETRIC_REPRESENTATION_CONTEXT() REPRESENTATION_CONTEXT('2D SPACE',''
  ) );
#187 = ORIENTED_EDGE('',*,*,#188,.F.);
#188 = EDGE_CURVE('',#142,#166,#189,.T.);
#189 = SURFACE_CURVE('',#190,(#194,#201),.PCURVE_S1.);
#190 = LINE('',#191,#192);
#191 = CARTESIAN_POINT('',(125.,-100.,-150.));
#192 = VECTOR('',#193,1.);
#193 = DIRECTION('',(0.,0.,1.));
#194 = PCURVE('',#44,#195);
#195 = DEFINITIONAL_REPRESENTATION('',(#196),#200);
#196 = LINE('',#197,#198);
#197 = CARTESIAN_POINT('',(0.,250.));
#198 = VECTOR('',#199,1.);
#199 = DIRECTION('',(1.,0.));
#200 = ( GEOMETRIC_REPRESENTATION_CONTEXT(2) 
PARAMETRIC_REPRESENTATION_CONTEXT() REPRESENTATION_CONTEXT('2D SPACE',''
  ) );
#201 = PCURVE('',#202,#207);
#202 = PLANE('',#203);
#203 = AXIS2_PLACEMENT_3D('',#204,#205,#206);
#204 = CARTESIAN_POINT('',(125.,-100.,-150.));
#205 = DIRECTION('',(1.,0.,0.));
#206 = DIRECTION('',(0.,0.,1.));
#207 = DEFINITIONAL_REPRESENTATION('',(#208),#212);
#208 = LINE('',#209,#210);
#209 = CARTESIAN_POINT('',(0.,0.));
#210 = VECTOR('',#211,1.);
#211 = DIRECTION('',(1.,0.));
#212 = ( GEOMETRIC_REPRESENTATION_CONTEXT(2) 
PARAMETRIC_REPRESENTATION_CONTEXT() REPRESENTATION_CONTEXT('2D SPACE',''
  ) );
#213 = ADVANCED_FACE('',(#214),#126,.T.);
#214 = FACE_BOUND('',#215,.T.);
#215 = EDGE_LOOP('',(#216,#217,#218,#241));
#216 = ORIENTED_EDGE('',*,*,#112,.F.);
#217 = ORIENTED_EDGE('',*,*,#165,.T.);
#218 = ORIENTED_EDGE('',*,*,#219,.T.);
#219 = EDGE_CURVE('',#166,#220,#222,.T.);
#220 = VERTEX_POINT('',#221);
#221 = CARTESIAN_POINT('',(125.,100.,150.));
#222 = SURFACE_CURVE('',#223,(#227,#234),.PCURVE_S1.);
#223 = LINE('',#224,#225);
#224 = CARTESIAN_POINT('',(125.,-100.,150.));
#225 = VECTOR('',#226,1.);
#226 = DIRECTION('',(0.,1.,0.));
#227 = PCURVE('',#126,#228);
#228 = DEFINITIONAL_REPRESENTATION('',(#229),#233);
#229 = LINE('',#230,#231);
#230 = CARTESIAN_POINT('',(250.,0.));
#231 = VECTOR('',#232,1.);
#232 = DIRECTION('',(0.,1.));
#233 = ( GEOMETRIC_REPRESENTATION_CONTEXT(2) 
PARAMETRIC_REPRESENTATION_CONTEXT() REPRESENTATION_CONTEXT('2D SPACE',''
  ) );
#234 = PCURVE('',#202,#235);
#235 = DEFINITIONAL_REPRESENTATION('',(#236),#240);
#236 = LINE('',#237,#238);
#237 = CARTESIAN_POINT('',(300.,0.));
#238 = VECTOR('',#239,1.);
#239 = DIRECTION('',(0.,-1.));
#240 = ( GEOMETRIC_REPRESENTATION_CONTEXT(2) 
PARAMETRIC_REPRESENTATION_CONTEXT() REPRESENTATION_CONTEXT('2D SPACE',''
  ) );
#241 = ORIENTED_EDGE('',*,*,#242,.F.);
#242 = EDGE_CURVE('',#85,#220,#243,.T.);
#243 = SURFACE_CURVE('',#244,(#248,#255),.PCURVE_S1.);
#244 = LINE('',#245,#246);
#245 = CARTESIAN_POINT('',(-125.,100.,150.));
#246 = VECTOR('',#247,1.);
#247 = DIRECTION('',(1.,0.,0.));
#248 = PCURVE('',#126,#249);
#249 = DEFINITIONAL_REPRESENTATION('',(#250),#254);
#250 = LINE('',#251,#252);
#251 = CARTESIAN_POINT('',(0.,200.));
#252 = VECTOR('',#253,1.);
#253 = DIRECTION('',(1.,0.));
#254 = ( GEOMETRIC_REPRESENTATION_CONTEXT(2) 
PARAMETRIC_REPRESENTATION_CONTEXT() REPRESENTATION_CONTEXT('2D SPACE',''
  ) );
#255 = PCURVE('',#100,#256);
#256 = DEFINITIONAL_REPRESENTATION('',(#257),#261);
#257 = LINE('',#258,#259);
#258 = CARTESIAN_POINT('',(300.,0.));
#259 = VECTOR('',#260,1.);
#260 = DIRECTION('',(0.,1.));
#261 = ( GEOMETRIC_REPRESENTATION_CONTEXT(2) 
PARAMETRIC_REPRESENTATION_CONTEXT() REPRESENTATION_CONTEXT('2D SPACE',''
  ) );
#262 = ADVANCED_FACE('',(#263,#311,#342,#373,#404),#100,.T.);
#263 = FACE_BOUND('',#264,.T.);
#264 = EDGE_LOOP('',(#265,#288,#289,#290));
#265 = ORIENTED_EDGE('',*,*,#266,.F.);
#266 = EDGE_CURVE('',#57,#267,#269,.T.);
#267 = VERTEX_POINT('',#268);
#268 = CARTESIAN_POINT('',(125.,100.,-150.));
#269 = SURFACE_CURVE('',#270,(#274,#281),.PCURVE_S1.);
#270 = LINE('',#271,#272);
#271 = CARTESIAN_POINT('',(-125.,100.,-150.));
#272 = VECTOR('',#273,1.);
#273 = DIRECTION('',(1.,0.,0.));
#274 = PCURVE('',#100,#275);
#275 = DEFINITIONAL_REPRESENTATION('',(#276),#280);
#276 = LINE('',#277,#278);
#277 = CARTESIAN_POINT('',(0.,0.));
#278 = VECTOR('',#279,1.);
#279 = DIRECTION('',(0.,1.));
#280 = ( GEOMETRIC_REPRESENTATION_CONTEXT(2) 
PARAMETRIC_REPRESENTATION_CONTEXT() REPRESENTATION_CONTEXT('2D SPACE',''
  ) );
#281 = PCURVE('',#72,#282);
#282 = DEFINITIONAL_REPRESENTATION('',(#283),#287);
#283 = LINE('',#284,#285);
#284 = CARTESIAN_POINT('',(0.,200.));
#285 = VECTOR('',#286,1.);
#286 = DIRECTION('',(1.,0.));
#287 = ( GEOMETRIC_REPRESENTATION_CONTEXT(2) 
PARAMETRIC_REPRESENTATION_CONTEXT() REPRESENTATION_CONTEXT('2D SPACE',''
  ) );
#288 = ORIENTED_EDGE('',*,*,#84,.T.);
#289 = ORIENTED_EDGE('',*,*,#242,.T.);
#290 = ORIENTED_EDGE('',*,*,#291,.F.);
#291 = EDGE_CURVE('',#267,#220,#292,.T.);
#292 = SURFACE_CURVE('',#293,(#297,#304),.PCURVE_S1.);
#293 = LINE('',#294,#295);
#294 = CARTESIAN_POINT('',(125.,100.,-150.));
#295 = VECTOR('',#296,1.);
#296 = DIRECTION('',(0.,0.,1.));
#297 = PCURVE('',#100,#298);
#298 = DEFINITIONAL_REPRESENTATION('',(#299),#303);
#299 = LINE('',#300,#301);
#300 = CARTESIAN_POINT('',(0.,250.));
#301 = VECTOR('',#302,1.);
#302 = DIRECTION('',(1.,0.));
#303 = ( GEOMETRIC_REPRESENTATION_CONTEXT(2) 
PARAMETRIC_REPRESENTATION_CONTEXT() REPRESENTATION_CONTEXT('2D SPACE',''
  ) );
#304 = PCURVE('',#202,#305);
#305 = DEFINITIONAL_REPRESENTATION('',(#306),#310);
#306 = LINE('',#307,#308);
#307 = CARTESIAN_POINT('',(0.,-200.));
#308 = VECTOR('',#309,1.);
#309 = DIRECTION('',(1.,0.));
#310 = ( GEOMETRIC_REPRESENTATION_CONTEXT(2) 
PARAMETRIC_REPRESENTATION_CONTEXT() REPRESENTATION_CONTEXT('2D SPACE',''
  ) );
#311 = FACE_BOUND('',#312,.T.);
#312 = EDGE_LOOP('',(#313));
#313 = ORIENTED_EDGE('',*,*,#314,.F.);
#314 = EDGE_CURVE('',#315,#315,#317,.T.);
#315 = VERTEX_POINT('',#316);
#316 = CARTESIAN_POINT('',(-62.5,100.,83.));
#317 = SURFACE_CURVE('',#318,(#323,#330),.PCURVE_S1.);
#318 = CIRCLE('',#319,8.);
#319 = AXIS2_PLACEMENT_3D('',#320,#321,#322);
#320 = CARTESIAN_POINT('',(-62.5,100.,75.));
#321 = DIRECTION('',(0.,1.,0.));
#322 = DIRECTION('',(0.,0.,1.));
#323 = PCURVE('',#100,#324);
#324 = DEFINITIONAL_REPRESENTATION('',(#325),#329);
#325 = CIRCLE('',#326,8.);
#326 = AXIS2_PLACEMENT_2D('',#327,#328);
#327 = CARTESIAN_POINT('',(225.,62.5));
#328 = DIRECTION('',(1.,0.));
#329 = ( GEOMETRIC_REPRESENTATION_CONTEXT(2) 
PARAMETRIC_REPRESENTATION_CONTEXT() REPRESENTATION_CONTEXT('2D SPACE',''
  ) );
#330 = PCURVE('',#331,#336);
#331 = CYLINDRICAL_SURFACE('',#332,8.);
#332 = AXIS2_PLACEMENT_3D('',#333,#334,#335);
#333 = CARTESIAN_POINT('',(-62.5,100.,75.));
#334 = DIRECTION('',(0.,1.,0.));
#335 = DIRECTION('',(0.,0.,1.));
#336 = DEFINITIONAL_REPRESENTATION('',(#337),#341);
#337 = LINE('',#338,#339);
#338 = CARTESIAN_POINT('',(0.,0.));
#339 = VECTOR('',#340,1.);
#340 = DIRECTION('',(1.,0.));
#341 = ( GEOMETRIC_REPRESENTATION_CONTEXT(2) 
PARAMETRIC_REPRESENTATION_CONTEXT() REPRESENTATION_CONTEXT('2D SPACE',''
  ) );
#342 = FACE_BOUND('',#343,.T.);
#343 = EDGE_LOOP('',(#344));
#344 = ORIENTED_EDGE('',*,*,#345,.F.);
#345 = EDGE_CURVE('',#346,#346,#348,.T.);
#346 = VERTEX_POINT('',#347);
#347 = CARTESIAN_POINT('',(0.,100.,8.));
#348 = SURFACE_CURVE('',#349,(#354,#361),.PCURVE_S1.);
#349 = CIRCLE('',#350,8.);
#350 = AXIS2_PLACEMENT_3D('',#351,#352,#353);
#351 = CARTESIAN_POINT('',(0.,100.,0.));
#352 = DIRECTION('',(0.,1.,0.));
#353 = DIRECTION('',(0.,0.,1.));
#354 = PCURVE('',#100,#355);
#355 = DEFINITIONAL_REPRESENTATION('',(#356),#360);
#356 = CIRCLE('',#357,8.);
#357 = AXIS2_PLACEMENT_2D('',#358,#359);
#358 = CARTESIAN_POINT('',(150.,125.));
#359 = DIRECTION('',(1.,0.));
#360 = ( GEOMETRIC_REPRESENTATION_CONTEXT(2) 
PARAMETRIC_REPRESENTATION_CONTEXT() REPRESENTATION_CONTEXT('2D SPACE',''
  ) );
#361 = PCURVE('',#362,#367);
#362 = CYLINDRICAL_SURFACE('',#363,8.);
#363 = AXIS2_PLACEMENT_3D('',#364,#365,#366);
#364 = CARTESIAN_POINT('',(0.,100.,0.));
#365 = DIRECTION('',(0.,1.,0.));
#366 = DIRECTION('',(0.,0.,1.));
#367 = DEFINITIONAL_REPRESENTATION('',(#368),#372);
#368 = LINE('',#369,#370);
#369 = CARTESIAN_POINT('',(0.,0.));
#370 = VECTOR('',#371,1.);
#371 = DIRECTION('',(1.,0.));
#372 = ( GEOMETRIC_REPRESENTATION_CONTEXT(2) 
PARAMETRIC_REPRESENTATION_CONTEXT() REPRESENTATION_CONTEXT('2D SPACE',''
  ) );
#373 = FACE_BOUND('',#374,.T.);
#374 = EDGE_LOOP('',(#375));
#375 = ORIENTED_EDGE('',*,*,#376,.F.);
#376 = EDGE_CURVE('',#377,#377,#379,.T.);
#377 = VERTEX_POINT('',#378);
#378 = CARTESIAN_POINT('',(62.5,100.,-67.));
#379 = SURFACE_CURVE('',#380,(#385,#392),.PCURVE_S1.);
#380 = CIRCLE('',#381,8.);
#381 = AXIS2_PLACEMENT_3D('',#382,#383,#384);
#382 = CARTESIAN_POINT('',(62.5,100.,-75.));
#383 = DIRECTION('',(0.,1.,0.));
#384 = DIRECTION('',(0.,0.,1.));
#385 = PCURVE('',#100,#386);
#386 = DEFINITIONAL_REPRESENTATION('',(#387),#391);
#387 = CIRCLE('',#388,8.);
#388 = AXIS2_PLACEMENT_2D('',#389,#390);
#389 = CARTESIAN_POINT('',(75.,187.5));
#390 = DIRECTION('',(1.,0.));
#391 = ( GEOMETRIC_REPRESENTATION_CONTEXT(2) 
PARAMETRIC_REPRESENTATION_CONTEXT() REPRESENTATION_CONTEXT('2D SPACE',''
  ) );
#392 = PCURVE('',#393,#398);
#393 = CYLINDRICAL_SURFACE('',#394,8.);
#394 = AXIS2_PLACEMENT_3D('',#395,#396,#397);
#395 = CARTESIAN_POINT('',(62.5,100.,-75.));
#396 = DIRECTION('',(0.,1.,0.));
#397 = DIRECTION('',(0.,0.,1.));
#398 = DEFINITIONAL_REPRESENTATION('',(#399),#403);
#399 = LINE('',#400,#401);
#400 = CARTESIAN_POINT('',(0.,0.));
#401 = VECTOR('',#402,1.);
#402 = DIRECTION('',(1.,0.));
#403 = ( GEOMETRIC_REPRESENTATION_CONTEXT(2) 
PARAMETRIC_REPRESENTATION_CONTEXT() REPRESENTATION_CONTEXT('2D SPACE',''
  ) );
#404 = FACE_BOUND('',#405,.T.);
#405 = EDGE_LOOP('',(#406));
#406 = ORIENTED_EDGE('',*,*,#407,.F.);
#407 = EDGE_CURVE('',#408,#408,#410,.T.);
#408 = VERTEX_POINT('',#409);
#409 = CARTESIAN_POINT('',(62.5,100.,83.));
#410 = SURFACE_CURVE('',#411,(#416,#423),.PCURVE_S1.);
#411 = CIRCLE('',#412,8.);
#412 = AXIS2_PLACEMENT_3D('',#413,#414,#415);
#413 = CARTESIAN_POINT('',(62.5,100.,75.));
#414 = DIRECTION('',(0.,1.,0.));
#415 = DIRECTION('',(0.,0.,1.));
#416 = PCURVE('',#100,#417);
#417 = DEFINITIONAL_REPRESENTATION('',(#418),#422);
#418 = CIRCLE('',#419,8.);
#419 = AXIS2_PLACEMENT_2D('',#420,#421);
#420 = CARTESIAN_POINT('',(225.,187.5));
#421 = DIRECTION('',(1.,0.));
#422 = ( GEOMETRIC_REPRESENTATION_CONTEXT(2) 
PARAMETRIC_REPRESENTATION_CONTEXT() REPRESENTATION_CONTEXT('2D SPACE',''
  ) );
#423 = PCURVE('',#424,#429);
#424 = CYLINDRICAL_SURFACE('',#425,8.);
#425 = AXIS2_PLACEMENT_3D('',#426,#427,#428);
#426 = CARTESIAN_POINT('',(62.5,100.,75.));
#427 = DIRECTION('',(0.,1.,0.));
#428 = DIRECTION('',(0.,0.,1.));
#429 = DEFINITIONAL_REPRESENTATION('',(#430),#434);
#430 = LINE('',#431,#432);
#431 = CARTESIAN_POINT('',(0.,0.));
#432 = VECTOR('',#433,1.);
#433 = DIRECTION('',(1.,0.));
#434 = ( GEOMETRIC_REPRESENTATION_CONTEXT(2) 
PARAMETRIC_REPRESENTATION_CONTEXT() REPRESENTATION_CONTEXT('2D SPACE',''
  ) );
#435 = ADVANCED_FACE('',(#436),#72,.F.);
#436 = FACE_BOUND('',#437,.F.);
#437 = EDGE_LOOP('',(#438,#439,#440,#461));
#438 = ORIENTED_EDGE('',*,*,#56,.F.);
#439 = ORIENTED_EDGE('',*,*,#141,.T.);
#440 = ORIENTED_EDGE('',*,*,#441,.T.);
#441 = EDGE_CURVE('',#142,#267,#442,.T.);
#442 = SURFACE_CURVE('',#443,(#447,#454),.PCURVE_S1.);
#443 = LINE('',#444,#445);
#444 = CARTESIAN_POINT('',(125.,-100.,-150.));
#445 = VECTOR('',#446,1.);
#446 = DIRECTION('',(0.,1.,0.));
#447 = PCURVE('',#72,#448);
#448 = DEFINITIONAL_REPRESENTATION('',(#449),#453);
#449 = LINE('',#450,#451);
#450 = CARTESIAN_POINT('',(250.,0.));
#451 = VECTOR('',#452,1.);
#452 = DIRECTION('',(0.,1.));
#453 = ( GEOMETRIC_REPRESENTATION_CONTEXT(2) 
PARAMETRIC_REPRESENTATION_CONTEXT() REPRESENTATION_CONTEXT('2D SPACE',''
  ) );
#454 = PCURVE('',#202,#455);
#455 = DEFINITIONAL_REPRESENTATION('',(#456),#460);
#456 = LINE('',#457,#458);
#457 = CARTESIAN_POINT('',(0.,0.));
#458 = VECTOR('',#459,1.);
#459 = DIRECTION('',(0.,-1.));
#460 = ( GEOMETRIC_REPRESENTATION_CONTEXT(2) 
PARAMETRIC_REPRESENTATION_CONTEXT() REPRESENTATION_CONTEXT('2D SPACE',''
  ) );
#461 = ORIENTED_EDGE('',*,*,#266,.F.);
#462 = ADVANCED_FACE('',(#463),#202,.T.);
#463 = FACE_BOUND('',#464,.T.);
#464 = EDGE_LOOP('',(#465,#466,#467,#468));
#465 = ORIENTED_EDGE('',*,*,#188,.F.);
#466 = ORIENTED_EDGE('',*,*,#441,.T.);
#467 = ORIENTED_EDGE('',*,*,#291,.T.);
#468 = ORIENTED_EDGE('',*,*,#219,.F.);
#469 = ADVANCED_FACE('',(#470),#331,.F.);
#470 = FACE_BOUND('',#471,.F.);
#471 = EDGE_LOOP('',(#472,#495,#522,#523));
#472 = ORIENTED_EDGE('',*,*,#473,.T.);
#473 = EDGE_CURVE('',#315,#474,#476,.T.);
#474 = VERTEX_POINT('',#475);
#475 = CARTESIAN_POINT('',(-62.5,99.6,83.));
#476 = SEAM_CURVE('',#477,(#481,#488),.PCURVE_S1.);
#477 = LINE('',#478,#479);
#478 = CARTESIAN_POINT('',(-62.5,100.,83.));
#479 = VECTOR('',#480,1.);
#480 = DIRECTION('',(-0.,-1.,-0.));
#481 = PCURVE('',#331,#482);
#482 = DEFINITIONAL_REPRESENTATION('',(#483),#487);
#483 = LINE('',#484,#485);
#484 = CARTESIAN_POINT('',(0.,0.));
#485 = VECTOR('',#486,1.);
#486 = DIRECTION('',(0.,-1.));
#487 = ( GEOMETRIC_REPRESENTATION_CONTEXT(2) 
PARAMETRIC_REPRESENTATION_CONTEXT() REPRESENTATION_CONTEXT('2D SPACE',''
  ) );
#488 = PCURVE('',#331,#489);
#489 = DEFINITIONAL_REPRESENTATION('',(#490),#494);
#490 = LINE('',#491,#492);
#491 = CARTESIAN_POINT('',(6.28318530718,0.));
#492 = VECTOR('',#493,1.);
#493 = DIRECTION('',(0.,-1.));
#494 = ( GEOMETRIC_REPRESENTATION_CONTEXT(2) 
PARAMETRIC_REPRESENTATION_CONTEXT() REPRESENTATION_CONTEXT('2D SPACE',''
  ) );
#495 = ORIENTED_EDGE('',*,*,#496,.T.);
#496 = EDGE_CURVE('',#474,#474,#497,.T.);
#497 = SURFACE_CURVE('',#498,(#503,#510),.PCURVE_S1.);
#498 = CIRCLE('',#499,8.);
#499 = AXIS2_PLACEMENT_3D('',#500,#501,#502);
#500 = CARTESIAN_POINT('',(-62.5,99.6,75.));
#501 = DIRECTION('',(4.338734978716E-30,1.,-5.784979971621E-30));
#502 = DIRECTION('',(7.707141553787E-45,5.784979971621E-30,1.));
#503 = PCURVE('',#331,#504);
#504 = DEFINITIONAL_REPRESENTATION('',(#505),#509);
#505 = LINE('',#506,#507);
#506 = CARTESIAN_POINT('',(0.,-0.4));
#507 = VECTOR('',#508,1.);
#508 = DIRECTION('',(1.,0.));
#509 = ( GEOMETRIC_REPRESENTATION_CONTEXT(2) 
PARAMETRIC_REPRESENTATION_CONTEXT() REPRESENTATION_CONTEXT('2D SPACE',''
  ) );
#510 = PCURVE('',#511,#516);
#511 = CONICAL_SURFACE('',#512,8.,0.785398163397);
#512 = AXIS2_PLACEMENT_3D('',#513,#514,#515);
#513 = CARTESIAN_POINT('',(-62.5,99.6,75.));
#514 = DIRECTION('',(4.338734978716E-30,1.,-5.784979971621E-30));
#515 = DIRECTION('',(7.707141553787E-45,5.784979971621E-30,1.));
#516 = DEFINITIONAL_REPRESENTATION('',(#517),#521);
#517 = LINE('',#518,#519);
#518 = CARTESIAN_POINT('',(0.,-0.));
#519 = VECTOR('',#520,1.);
#520 = DIRECTION('',(1.,-0.));
#521 = ( GEOMETRIC_REPRESENTATION_CONTEXT(2) 
PARAMETRIC_REPRESENTATION_CONTEXT() REPRESENTATION_CONTEXT('2D SPACE',''
  ) );
#522 = ORIENTED_EDGE('',*,*,#473,.F.);
#523 = ORIENTED_EDGE('',*,*,#314,.F.);
#524 = ADVANCED_FACE('',(#525),#362,.F.);
#525 = FACE_BOUND('',#526,.F.);
#526 = EDGE_LOOP('',(#527,#550,#577,#578));
#527 = ORIENTED_EDGE('',*,*,#528,.T.);
#528 = EDGE_CURVE('',#346,#529,#531,.T.);
#529 = VERTEX_POINT('',#530);
#530 = CARTESIAN_POINT('',(-2.350348339599E-31,99.6,8.));
#531 = SEAM_CURVE('',#532,(#536,#543),.PCURVE_S1.);
#532 = LINE('',#533,#534);
#533 = CARTESIAN_POINT('',(0.,100.,8.));
#534 = VECTOR('',#535,1.);
#535 = DIRECTION('',(-0.,-1.,-0.));
#536 = PCURVE('',#362,#537);
#537 = DEFINITIONAL_REPRESENTATION('',(#538),#542);
#538 = LINE('',#539,#540);
#539 = CARTESIAN_POINT('',(0.,0.));
#540 = VECTOR('',#541,1.);
#541 = DIRECTION('',(0.,-1.));
#542 = ( GEOMETRIC_REPRESENTATION_CONTEXT(2) 
PARAMETRIC_REPRESENTATION_CONTEXT() REPRESENTATION_CONTEXT('2D SPACE',''
  ) );
#543 = PCURVE('',#362,#544);
#544 = DEFINITIONAL_REPRESENTATION('',(#545),#549);
#545 = LINE('',#546,#547);
#546 = CARTESIAN_POINT('',(6.28318530718,0.));
#547 = VECTOR('',#548,1.);
#548 = DIRECTION('',(0.,-1.));
#549 = ( GEOMETRIC_REPRESENTATION_CONTEXT(2) 
PARAMETRIC_REPRESENTATION_CONTEXT() REPRESENTATION_CONTEXT('2D SPACE',''
  ) );
#550 = ORIENTED_EDGE('',*,*,#551,.T.);
#551 = EDGE_CURVE('',#529,#529,#552,.T.);
#552 = SURFACE_CURVE('',#553,(#558,#565),.PCURVE_S1.);
#553 = CIRCLE('',#554,8.);
#554 = AXIS2_PLACEMENT_3D('',#555,#556,#557);
#555 = CARTESIAN_POINT('',(-3.781960765466E-32,99.6,-1.972152263053E-32)
  );
#556 = DIRECTION('',(-6.528745387775E-32,1.,1.314768175368E-31));
#557 = DIRECTION('',(-2.465190328816E-32,-1.314768175368E-31,1.));
#558 = PCURVE('',#362,#559);
#559 = DEFINITIONAL_REPRESENTATION('',(#560),#564);
#560 = LINE('',#561,#562);
#561 = CARTESIAN_POINT('',(0.,-0.4));
#562 = VECTOR('',#563,1.);
#563 = DIRECTION('',(1.,0.));
#564 = ( GEOMETRIC_REPRESENTATION_CONTEXT(2) 
PARAMETRIC_REPRESENTATION_CONTEXT() REPRESENTATION_CONTEXT('2D SPACE',''
  ) );
#565 = PCURVE('',#566,#571);
#566 = CONICAL_SURFACE('',#567,8.,0.785398163397);
#567 = AXIS2_PLACEMENT_3D('',#568,#569,#570);
#568 = CARTESIAN_POINT('',(-3.781960765466E-32,99.6,-1.972152263053E-32)
  );
#569 = DIRECTION('',(-6.528745387775E-32,1.,1.314768175368E-31));
#570 = DIRECTION('',(-2.465190328816E-32,-1.314768175368E-31,1.));
#571 = DEFINITIONAL_REPRESENTATION('',(#572),#576);
#572 = LINE('',#573,#574);
#573 = CARTESIAN_POINT('',(0.,-0.));
#574 = VECTOR('',#575,1.);
#575 = DIRECTION('',(1.,-0.));
#576 = ( GEOMETRIC_REPRESENTATION_CONTEXT(2) 
PARAMETRIC_REPRESENTATION_CONTEXT() REPRESENTATION_CONTEXT('2D SPACE',''
  ) );
#577 = ORIENTED_EDGE('',*,*,#528,.F.);
#578 = ORIENTED_EDGE('',*,*,#345,.F.);
#579 = ADVANCED_FACE('',(#580),#393,.F.);
#580 = FACE_BOUND('',#581,.F.);
#581 = EDGE_LOOP('',(#582,#605,#632,#633));
#582 = ORIENTED_EDGE('',*,*,#583,.T.);
#583 = EDGE_CURVE('',#377,#584,#586,.T.);
#584 = VERTEX_POINT('',#585);
#585 = CARTESIAN_POINT('',(62.5,99.6,-67.));
#586 = SEAM_CURVE('',#587,(#591,#598),.PCURVE_S1.);
#587 = LINE('',#588,#589);
#588 = CARTESIAN_POINT('',(62.5,100.,-67.));
#589 = VECTOR('',#590,1.);
#590 = DIRECTION('',(-0.,-1.,-0.));
#591 = PCURVE('',#393,#592);
#592 = DEFINITIONAL_REPRESENTATION('',(#593),#597);
#593 = LINE('',#594,#595);
#594 = CARTESIAN_POINT('',(0.,0.));
#595 = VECTOR('',#596,1.);
#596 = DIRECTION('',(0.,-1.));
#597 = ( GEOMETRIC_REPRESENTATION_CONTEXT(2) 
PARAMETRIC_REPRESENTATION_CONTEXT() REPRESENTATION_CONTEXT('2D SPACE',''
  ) );
#598 = PCURVE('',#393,#599);
#599 = DEFINITIONAL_REPRESENTATION('',(#600),#604);
#600 = LINE('',#601,#602);
#601 = CARTESIAN_POINT('',(6.28318530718,0.));
#602 = VECTOR('',#603,1.);
#603 = DIRECTION('',(0.,-1.));
#604 = ( GEOMETRIC_REPRESENTATION_CONTEXT(2) 
PARAMETRIC_REPRESENTATION_CONTEXT() REPRESENTATION_CONTEXT('2D SPACE',''
  ) );
#605 = ORIENTED_EDGE('',*,*,#606,.T.);
#606 = EDGE_CURVE('',#584,#584,#607,.T.);
#607 = SURFACE_CURVE('',#608,(#613,#620),.PCURVE_S1.);
#608 = CIRCLE('',#609,8.);
#609 = AXIS2_PLACEMENT_3D('',#610,#611,#612);
#610 = CARTESIAN_POINT('',(62.5,99.6,-75.));
#611 = DIRECTION('',(0.,1.,0.));
#612 = DIRECTION('',(0.,-0.,1.));
#613 = PCURVE('',#393,#614);
#614 = DEFINITIONAL_REPRESENTATION('',(#615),#619);
#615 = LINE('',#616,#617);
#616 = CARTESIAN_POINT('',(0.,-0.4));
#617 = VECTOR('',#618,1.);
#618 = DIRECTION('',(1.,0.));
#619 = ( GEOMETRIC_REPRESENTATION_CONTEXT(2) 
PARAMETRIC_REPRESENTATION_CONTEXT() REPRESENTATION_CONTEXT('2D SPACE',''
  ) );
#620 = PCURVE('',#621,#626);
#621 = CONICAL_SURFACE('',#622,8.,0.785398163397);
#622 = AXIS2_PLACEMENT_3D('',#623,#624,#625);
#623 = CARTESIAN_POINT('',(62.5,99.6,-75.));
#624 = DIRECTION('',(0.,1.,0.));
#625 = DIRECTION('',(0.,-0.,1.));
#626 = DEFINITIONAL_REPRESENTATION('',(#627),#631);
#627 = LINE('',#628,#629);
#628 = CARTESIAN_POINT('',(0.,-0.));
#629 = VECTOR('',#630,1.);
#630 = DIRECTION('',(1.,-0.));
#631 = ( GEOMETRIC_REPRESENTATION_CONTEXT(2) 
PARAMETRIC_REPRESENTATION_CONTEXT() REPRESENTATION_CONTEXT('2D SPACE',''
  ) );
#632 = ORIENTED_EDGE('',*,*,#583,.F.);
#633 = ORIENTED_EDGE('',*,*,#376,.F.);
#634 = ADVANCED_FACE('',(#635),#424,.F.);
#635 = FACE_BOUND('',#636,.F.);
#636 = EDGE_LOOP('',(#637,#660,#687,#688));
#637 = ORIENTED_EDGE('',*,*,#638,.T.);
#638 = EDGE_CURVE('',#408,#639,#641,.T.);
#639 = VERTEX_POINT('',#640);
#640 = CARTESIAN_POINT('',(62.5,99.6,83.));
#641 = SEAM_CURVE('',#642,(#646,#653),.PCURVE_S1.);
#642 = LINE('',#643,#644);
#643 = CARTESIAN_POINT('',(62.5,100.,83.));
#644 = VECTOR('',#645,1.);
#645 = DIRECTION('',(-0.,-1.,-0.));
#646 = PCURVE('',#424,#647);
#647 = DEFINITIONAL_REPRESENTATION('',(#648),#652);
#648 = LINE('',#649,#650);
#649 = CARTESIAN_POINT('',(0.,0.));
#650 = VECTOR('',#651,1.);
#651 = DIRECTION('',(0.,-1.));
#652 = ( GEOMETRIC_REPRESENTATION_CONTEXT(2) 
PARAMETRIC_REPRESENTATION_CONTEXT() REPRESENTATION_CONTEXT('2D SPACE',''
  ) );
#653 = PCURVE('',#424,#654);
#654 = DEFINITIONAL_REPRESENTATION('',(#655),#659);
#655 = LINE('',#656,#657);
#656 = CARTESIAN_POINT('',(6.28318530718,0.));
#657 = VECTOR('',#658,1.);
#658 = DIRECTION('',(0.,-1.));
#659 = ( GEOMETRIC_REPRESENTATION_CONTEXT(2) 
PARAMETRIC_REPRESENTATION_CONTEXT() REPRESENTATION_CONTEXT('2D SPACE',''
  ) );
#660 = ORIENTED_EDGE('',*,*,#661,.T.);
#661 = EDGE_CURVE('',#639,#639,#662,.T.);
#662 = SURFACE_CURVE('',#663,(#668,#675),.PCURVE_S1.);
#663 = CIRCLE('',#664,8.);
#664 = AXIS2_PLACEMENT_3D('',#665,#666,#667);
#665 = CARTESIAN_POINT('',(62.5,99.6,75.));
#666 = DIRECTION('',(0.,1.,0.));
#667 = DIRECTION('',(0.,-0.,1.));
#668 = PCURVE('',#424,#669);
#669 = DEFINITIONAL_REPRESENTATION('',(#670),#674);
#670 = LINE('',#671,#672);
#671 = CARTESIAN_POINT('',(0.,-0.4));
#672 = VECTOR('',#673,1.);
#673 = DIRECTION('',(1.,0.));
#674 = ( GEOMETRIC_REPRESENTATION_CONTEXT(2) 
PARAMETRIC_REPRESENTATION_CONTEXT() REPRESENTATION_CONTEXT('2D SPACE',''
  ) );
#675 = PCURVE('',#676,#681);
#676 = CONICAL_SURFACE('',#677,8.,0.785398163397);
#677 = AXIS2_PLACEMENT_3D('',#678,#679,#680);
#678 = CARTESIAN_POINT('',(62.5,99.6,75.));
#679 = DIRECTION('',(0.,1.,0.));
#680 = DIRECTION('',(0.,-0.,1.));
#681 = DEFINITIONAL_REPRESENTATION('',(#682),#686);
#682 = LINE('',#683,#684);
#683 = CARTESIAN_POINT('',(0.,-0.));
#684 = VECTOR('',#685,1.);
#685 = DIRECTION('',(1.,-0.));
#686 = ( GEOMETRIC_REPRESENTATION_CONTEXT(2) 
PARAMETRIC_REPRESENTATION_CONTEXT() REPRESENTATION_CONTEXT('2D SPACE',''
  ) );
#687 = ORIENTED_EDGE('',*,*,#638,.F.);
#688 = ORIENTED_EDGE('',*,*,#407,.F.);
#689 = ADVANCED_FACE('',(#690),#511,.F.);
#690 = FACE_BOUND('',#691,.T.);
#691 = EDGE_LOOP('',(#692,#693,#714,#1757));
#692 = ORIENTED_EDGE('',*,*,#496,.T.);
#693 = ORIENTED_EDGE('',*,*,#694,.T.);
#694 = EDGE_CURVE('',#474,#695,#697,.T.);
#695 = VERTEX_POINT('',#696);
#696 = CARTESIAN_POINT('',(-62.5,96.6,80.));
#697 = SEAM_CURVE('',#698,(#702,#708),.PCURVE_S1.);
#698 = LINE('',#699,#700);
#699 = CARTESIAN_POINT('',(-62.5,99.6,83.));
#700 = VECTOR('',#701,1.);
#701 = DIRECTION('',(-3.067948925221E-30,-0.707106781187,-0.707106781187
    ));
#702 = PCURVE('',#511,#703);
#703 = DEFINITIONAL_REPRESENTATION('',(#704),#707);
#704 = B_SPLINE_CURVE_WITH_KNOTS('',1,(#705,#706),.UNSPECIFIED.,.F.,.F.,
  (2,2),(0.,5.091168824543),.PIECEWISE_BEZIER_KNOTS.);
#705 = CARTESIAN_POINT('',(0.,0.));
#706 = CARTESIAN_POINT('',(0.,-3.6));
#707 = ( GEOMETRIC_REPRESENTATION_CONTEXT(2) 
PARAMETRIC_REPRESENTATION_CONTEXT() REPRESENTATION_CONTEXT('2D SPACE',''
  ) );
#708 = PCURVE('',#511,#709);
#709 = DEFINITIONAL_REPRESENTATION('',(#710),#713);
#710 = B_SPLINE_CURVE_WITH_KNOTS('',1,(#711,#712),.UNSPECIFIED.,.F.,.F.,
  (2,2),(0.,5.091168824543),.PIECEWISE_BEZIER_KNOTS.);
#711 = CARTESIAN_POINT('',(6.28318530718,0.));
#712 = CARTESIAN_POINT('',(6.28318530718,-3.6));
#713 = ( GEOMETRIC_REPRESENTATION_CONTEXT(2) 
PARAMETRIC_REPRESENTATION_CONTEXT() REPRESENTATION_CONTEXT('2D SPACE',''
  ) );
#714 = ORIENTED_EDGE('',*,*,#715,.F.);
#715 = EDGE_CURVE('',#695,#695,#716,.T.);
#716 = SURFACE_CURVE('',#717,(#1060,#1406),.PCURVE_S1.);
#717 = B_SPLINE_CURVE_WITH_KNOTS('',6,(#718,#719,#720,#721,#722,#723,
    #724,#725,#726,#727,#728,#729,#730,#731,#732,#733,#734,#735,#736,
    #737,#738,#739,#740,#741,#742,#743,#744,#745,#746,#747,#748,#749,
    #750,#751,#752,#753,#754,#755,#756,#757,#758,#759,#760,#761,#762,
    #763,#764,#765,#766,#767,#768,#769,#770,#771,#772,#773,#774,#775,
    #776,#777,#778,#779,#780,#781,#782,#783,#784,#785,#786,#787,#788,
    #789,#790,#791,#792,#793,#794,#795,#796,#797,#798,#799,#800,#801,
    #802,#803,#804,#805,#806,#807,#808,#809,#810,#811,#812,#813,#814,
    #815,#816,#817,#818,#819,#820,#821,#822,#823,#824,#825,#826,#827,
    #828,#829,#830,#831,#832,#833,#834,#835,#836,#837,#838,#839,#840,
    #841,#842,#843,#844,#845,#846,#847,#848,#849,#850,#851,#852,#853,
    #854,#855,#856,#857,#858,#859,#860,#861,#862,#863,#864,#865,#866,
    #867,#868,#869,#870,#871,#872,#873,#874,#875,#876,#877,#878,#879,
    #880,#881,#882,#883,#884,#885,#886,#887,#888,#889,#890,#891,#892,
    #893,#894,#895,#896,#897,#898,#899,#900,#901,#902,#903,#904,#905,
    #906,#907,#908,#909,#910,#911,#912,#913,#914,#915,#916,#917,#918,
    #919,#920,#921,#922,#923,#924,#925,#926,#927,#928,#929,#930,#931,
    #932,#933,#934,#935,#936,#937,#938,#939,#940,#941,#942,#943,#944,
    #945,#946,#947,#948,#949,#950,#951,#952,#953,#954,#955,#956,#957,
    #958,#959,#960,#961,#962,#963,#964,#965,#966,#967,#968,#969,#970,
    #971,#972,#973,#974,#975,#976,#977,#978,#979,#980,#981,#982,#983,
    #984,#985,#986,#987,#988,#989,#990,#991,#992,#993,#994,#995,#996,
    #997,#998,#999,#1000,#1001,#1002,#1003,#1004,#1005,#1006,#1007,#1008
    ,#1009,#1010,#1011,#1012,#1013,#1014,#1015,#1016,#1017,#1018,#1019,
    #1020,#1021,#1022,#1023,#1024,#1025,#1026,#1027,#1028,#1029,#1030,
    #1031,#1032,#1033,#1034,#1035,#1036,#1037,#1038,#1039,#1040,#1041,
    #1042,#1043,#1044,#1045,#1046,#1047,#1048,#1049,#1050,#1051,#1052,
    #1053,#1054,#1055,#1056,#1057,#1058,#1059),.UNSPECIFIED.,.T.,.F.,(7,
    5,5,5,5,5,5,5,5,5,5,5,5,5,5,5,5,5,5,5,5,5,5,5,5,5,5,5,5,5,5,5,5,5,5,
    5,5,5,5,5,5,5,5,5,5,5,5,5,5,5,5,5,5,5,5,5,5,5,5,5,5,5,5,5,5,5,5,5,7)
  ,(0.,1.206019280172E-02,2.663318843414E-02,4.020115003753E-02,
    5.477414566995E-02,6.934714130236E-02,8.392013693476E-02,
    9.547803033835E-02,0.107538440806,0.122111436439,0.136684432071,
    0.148242325475,0.160805252998,0.173368180522,0.182413488504,
    0.191961313581,0.207036826205,0.215077099988,0.232665197272,
    0.251258328244,0.266333840868,0.281409353492,0.292967246896,
    0.314072961463,0.328645957095,0.341208884619,0.352766778023,
    0.364827188491,0.378395150094,0.392968145727,0.40653610733,
    0.421109102962,0.432164479294,0.444727406817,0.457290334341,
    0.471863329974,0.485933808599,0.499501770202,0.514074765834,
    0.528145244459,0.542215723084,0.556788718717,0.571361714349,
    0.585934709982,0.599000154551,0.612568116154,0.628146145753,
    0.642216624378,0.655282068947,0.66985506458,0.682920509149,
    0.695985953718,0.7050312617,0.719604257333,0.729152082409,
    0.743725078042,0.756288005566,0.77035848419,0.784931479823,
    0.799504475455,0.81357495408,0.828147949713,0.842720945345,
    0.854781355813,0.869354351446,0.880409727777,0.892470138245,
    0.901515446227,1.),.UNSPECIFIED.);
#718 = CARTESIAN_POINT('',(-62.5,96.6,80.));
#719 = CARTESIAN_POINT('',(-62.43684739381,96.6,80.));
#720 = CARTESIAN_POINT('',(-62.37370002994,96.6,79.999042892005));
#721 = CARTESIAN_POINT('',(-62.31057235265,96.6,79.997128769654));
#722 = CARTESIAN_POINT('',(-62.24748047759,96.6,79.994258139212));
#723 = CARTESIAN_POINT('',(-62.18444219186,96.6,79.990431919571));
#724 = CARTESIAN_POINT('',(-62.04539258682,96.6,79.97987492804));
#725 = CARTESIAN_POINT('',(-61.96941399081,96.6,79.972705094685));
#726 = CARTESIAN_POINT('',(-61.89357308914,96.6,79.964144366471));
#727 = CARTESIAN_POINT('',(-61.8179016866,96.6,79.954196136883));
#728 = CARTESIAN_POINT('',(-61.74243146959,96.6,79.942864768611));
#729 = CARTESIAN_POINT('',(-61.59714533245,96.6,79.918322913179));
#730 = CARTESIAN_POINT('',(-61.5272983952,96.6,79.905295911778));
#731 = CARTESIAN_POINT('',(-61.45767866795,96.6,79.891078892753));
#732 = CARTESIAN_POINT('',(-61.38831147134,96.6,79.875676877044));
#733 = CARTESIAN_POINT('',(-61.31922197313,96.6,79.859095603122));
#734 = CARTESIAN_POINT('',(-61.17655308658,96.6,79.822272334327));
#735 = CARTESIAN_POINT('',(-61.10302018276,96.6,79.801850149899));
#736 = CARTESIAN_POINT('',(-61.02986747575,96.6,79.780082975276));
#737 = CARTESIAN_POINT('',(-60.95712567759,96.6,79.756979745292));
#738 = CARTESIAN_POINT('',(-60.88482521331,96.6,79.732550328048));
#739 = CARTESIAN_POINT('',(-60.74116722848,96.6,79.681060721769));
#740 = CARTESIAN_POINT('',(-60.66980968331,96.6,79.65400052391));
#741 = CARTESIAN_POINT('',(-60.59895372296,96.6,79.625635733814));
#742 = CARTESIAN_POINT('',(-60.52862911386,96.6,79.595978057078));
#743 = CARTESIAN_POINT('',(-60.45886525127,96.6,79.565040102409));
#744 = CARTESIAN_POINT('',(-60.32051706734,96.6,79.500630660842));
#745 = CARTESIAN_POINT('',(-60.25193272228,96.6,79.467159162904));
#746 = CARTESIAN_POINT('',(-60.18396714772,96.6,79.432434400707));
#747 = CARTESIAN_POINT('',(-60.11664891509,96.6,79.39647075254));
#748 = CARTESIAN_POINT('',(-60.05000614362,96.6,79.359283462078));
#749 = CARTESIAN_POINT('',(-59.93176954047,96.6,79.290437570494));
#750 = CARTESIAN_POINT('',(-59.87991484674,96.6,79.259226942262));
#751 = CARTESIAN_POINT('',(-59.82851621664,96.6,79.227264787758));
#752 = CARTESIAN_POINT('',(-59.77758724129,96.6,79.194559467603));
#753 = CARTESIAN_POINT('',(-59.72714130543,96.6,79.161119668976));
#754 = CARTESIAN_POINT('',(-59.62507014274,96.6,79.091303696129));
#755 = CARTESIAN_POINT('',(-59.57348899545,96.6,79.054863061234));
#756 = CARTESIAN_POINT('',(-59.5224631192,96.6,79.017642743036));
#757 = CARTESIAN_POINT('',(-59.47200721497,96.6,78.979653351606));
#758 = CARTESIAN_POINT('',(-59.422135711,96.6,78.940905864978));
#759 = CARTESIAN_POINT('',(-59.3133246186,96.6,78.853689428667));
#760 = CARTESIAN_POINT('',(-59.25466039147,96.6,78.804876909599));
#761 = CARTESIAN_POINT('',(-59.19689506194,96.6,78.754994095543));
#762 = CARTESIAN_POINT('',(-59.14005296555,96.6,78.704061743222));
#763 = CARTESIAN_POINT('',(-59.08415779298,96.6,78.652101342487));
#764 = CARTESIAN_POINT('',(-58.97430738696,96.6,78.546168890147));
#765 = CARTESIAN_POINT('',(-58.9203521347,96.6,78.492196820385));
#766 = CARTESIAN_POINT('',(-58.8673898781,96.6,78.437241130863));
#767 = CARTESIAN_POINT('',(-58.81544295288,96.6,78.381324716504));
#768 = CARTESIAN_POINT('',(-58.76453298551,96.6,78.324471143318));
#769 = CARTESIAN_POINT('',(-58.67514302585,96.6,78.220889840843));
#770 = CARTESIAN_POINT('',(-58.63627056762,96.6,78.174500784285));
#771 = CARTESIAN_POINT('',(-58.59807394975,96.6,78.127549566196));
#772 = CARTESIAN_POINT('',(-58.56056330203,96.6,78.080048515645));
#773 = CARTESIAN_POINT('',(-58.52374845279,96.6,78.032010203302));
#774 = CARTESIAN_POINT('',(-58.44838944687,96.6,77.930661831103));
#775 = CARTESIAN_POINT('',(-58.40997328215,96.6,77.877256588143));
#776 = CARTESIAN_POINT('',(-58.37240267033,96.6,77.823248168187));
#777 = CARTESIAN_POINT('',(-58.33568940185,96.6,77.768653331294));
#778 = CARTESIAN_POINT('',(-58.29984482203,96.6,77.713489141958));
#779 = CARTESIAN_POINT('',(-58.22991484024,96.6,77.602056796251));
#780 = CARTESIAN_POINT('',(-58.19582943164,96.6,77.545788629333));
#781 = CARTESIAN_POINT('',(-58.16263450519,96.6,77.488985837536));
#782 = CARTESIAN_POINT('',(-58.13034049301,96.6,77.431666058439));
#783 = CARTESIAN_POINT('',(-58.09895735955,96.6,77.373847198008));
#784 = CARTESIAN_POINT('',(-58.04656141535,96.6,77.273571597303));
#785 = CARTESIAN_POINT('',(-58.02510534973,96.6,77.231346457913));
#786 = CARTESIAN_POINT('',(-58.00412994803,96.6,77.188878793842));
#787 = CARTESIAN_POINT('',(-57.98363862336,96.6,77.146175449932));
#788 = CARTESIAN_POINT('',(-57.96363465852,96.6,77.103243334455));
#789 = CARTESIAN_POINT('',(-57.92352367289,96.6,77.014538064112));
#790 = CARTESIAN_POINT('',(-57.90347266619,96.6,76.968739577587));
#791 = CARTESIAN_POINT('',(-57.88397189369,96.6,76.922702159306));
#792 = CARTESIAN_POINT('',(-57.86502489705,96.6,76.876434078206));
#793 = CARTESIAN_POINT('',(-57.8466350519,96.6,76.829943672393));
#794 = CARTESIAN_POINT('',(-57.80065375195,96.6,76.709495684058));
#795 = CARTESIAN_POINT('',(-57.77389895132,96.6,76.635218688583));
#796 = CARTESIAN_POINT('',(-57.74855380653,96.6,76.560441476875));
#797 = CARTESIAN_POINT('',(-57.72462989579,96.6,76.485197511997));
#798 = CARTESIAN_POINT('',(-57.70213773495,96.6,76.409520605918));
#799 = CARTESIAN_POINT('',(-57.66985959955,96.6,76.292871218168));
#800 = CARTESIAN_POINT('',(-57.65904236254,96.6,76.252184081097));
#801 = CARTESIAN_POINT('',(-57.64863649941,96.6,76.211388687088));
#802 = CARTESIAN_POINT('',(-57.63864335539,96.6,76.170490236841));
#803 = CARTESIAN_POINT('',(-57.62906418796,96.6,76.129493952975));
#804 = CARTESIAN_POINT('',(-57.59985387241,96.6,75.998523178685));
#805 = CARTESIAN_POINT('',(-57.5817941104,96.6,75.908198188173));
#806 = CARTESIAN_POINT('',(-57.56573313545,96.6,75.817485063323));
#807 = CARTESIAN_POINT('',(-57.55168115831,96.6,75.726439097597));
#808 = CARTESIAN_POINT('',(-57.53964634583,96.6,75.635115923082));
#809 = CARTESIAN_POINT('',(-57.5190512092,96.6,75.446795990913));
#810 = CARTESIAN_POINT('',(-57.51072871585,96.6,75.34977314532));
#811 = CARTESIAN_POINT('',(-57.50467457103,96.6,75.252569108846));
#812 = CARTESIAN_POINT('',(-57.50089342064,96.6,75.155250147292));
#813 = CARTESIAN_POINT('',(-57.49938732633,96.6,75.057882657119));
#814 = CARTESIAN_POINT('',(-57.50077882437,96.6,74.88160113981));
#815 = CARTESIAN_POINT('',(-57.50289719383,96.6,74.802680902076));
#816 = CARTESIAN_POINT('',(-57.5065105934,96.6,74.723807895926));
#817 = CARTESIAN_POINT('',(-57.51161762604,96.6,74.645017503281));
#818 = CARTESIAN_POINT('',(-57.51821577823,96.6,74.566345044308));
#819 = CARTESIAN_POINT('',(-57.53438706156,96.6,74.409306510526));
#820 = CARTESIAN_POINT('',(-57.54396019588,96.6,74.330940404891));
#821 = CARTESIAN_POINT('',(-57.55501719136,96.6,74.252762718775));
#822 = CARTESIAN_POINT('',(-57.56755331081,96.6,74.17480854336));
#823 = CARTESIAN_POINT('',(-57.58156271139,96.6,74.097112802753));
#824 = CARTESIAN_POINT('',(-57.60890317377,96.6,73.96036829791));
#825 = CARTESIAN_POINT('',(-57.62162978317,96.6,73.901198660513));
#826 = CARTESIAN_POINT('',(-57.63521514238,96.6,73.84221699801));
#827 = CARTESIAN_POINT('',(-57.64965574515,96.6,73.783438877182));
#828 = CARTESIAN_POINT('',(-57.66494770945,96.6,73.724879775373));
#829 = CARTESIAN_POINT('',(-57.71055811362,96.6,73.560049135198));
#830 = CARTESIAN_POINT('',(-57.74285422368,96.6,73.454324748638));
#831 = CARTESIAN_POINT('',(-57.77794913999,96.6,73.349475744165));
#832 = CARTESIAN_POINT('',(-57.81581283915,96.6,73.245594527497));
#833 = CARTESIAN_POINT('',(-57.85641124192,96.6,73.142772086702));
#834 = CARTESIAN_POINT('',(-57.92960036481,96.6,72.970894439976));
#835 = CARTESIAN_POINT('',(-57.96078014538,96.6,72.901238321468));
#836 = CARTESIAN_POINT('',(-57.99323301156,96.6,72.832159092242));
#837 = CARTESIAN_POINT('',(-58.02694554002,96.6,72.763685784603));
#838 = CARTESIAN_POINT('',(-58.06190342751,96.6,72.695847007608));
#839 = CARTESIAN_POINT('',(-58.12928809785,96.6,72.570760548869));
#840 = CARTESIAN_POINT('',(-58.1613989334,96.6,72.513342642886));
#841 = CARTESIAN_POINT('',(-58.19441427204,96.6,72.456435282088));
#842 = CARTESIAN_POINT('',(-58.22832392397,96.6,72.400056245171));
#843 = CARTESIAN_POINT('',(-58.26311723516,96.6,72.344223036557));
#844 = CARTESIAN_POINT('',(-58.33159567144,96.6,72.238104347879));
#845 = CARTESIAN_POINT('',(-58.36514677931,96.6,72.18773237415));
#846 = CARTESIAN_POINT('',(-58.39942775378,96.6,72.137850380547));
#847 = CARTESIAN_POINT('',(-58.43442962098,96.6,72.088471561312));
#848 = CARTESIAN_POINT('',(-58.47014309026,96.6,72.039608889583));
#849 = CARTESIAN_POINT('',(-58.5445572991,96.6,71.940839877028));
#850 = CARTESIAN_POINT('',(-58.58332041443,96.6,71.890980519657));
#851 = CARTESIAN_POINT('',(-58.62283698357,96.6,71.841711534516));
#852 = CARTESIAN_POINT('',(-58.66309573475,96.6,71.793047121576));
#853 = CARTESIAN_POINT('',(-58.70408504111,96.6,71.745001191552));
#854 = CARTESIAN_POINT('',(-58.79271428466,96.6,71.644246812729));
#855 = CARTESIAN_POINT('',(-58.84054510318,96.6,71.59170625499));
#856 = CARTESIAN_POINT('',(-58.88926831275,96.6,71.53998509005));
#857 = CARTESIAN_POINT('',(-58.93886632012,96.6,71.489102207683));
#858 = CARTESIAN_POINT('',(-58.98932100235,96.6,71.439075990069));
#859 = CARTESIAN_POINT('',(-59.09570587025,96.6,71.337131769064));
#860 = CARTESIAN_POINT('',(-59.15176482265,96.6,71.285348109309));
#861 = CARTESIAN_POINT('',(-59.2087674482,96.6,71.234595482636));
#862 = CARTESIAN_POINT('',(-59.26668998852,96.6,71.184895303989));
#863 = CARTESIAN_POINT('',(-59.32550804262,96.6,71.136268253152));
#864 = CARTESIAN_POINT('',(-59.44076864196,96.6,71.044478501255));
#865 = CARTESIAN_POINT('',(-59.49709527851,96.6,71.001170217709));
#866 = CARTESIAN_POINT('',(-59.55415626722,96.6,70.958825517692));
#867 = CARTESIAN_POINT('',(-59.61193096658,96.6,70.917459901935));
#868 = CARTESIAN_POINT('',(-59.67039830289,96.6,70.877088278322));
#869 = CARTESIAN_POINT('',(-59.79305586421,96.6,70.795445844712));
#870 = CARTESIAN_POINT('',(-59.85734921822,96.6,70.754329933049));
#871 = CARTESIAN_POINT('',(-59.92239018085,96.6,70.714394965745));
#872 = CARTESIAN_POINT('',(-59.98815159739,96.6,70.675657844924));
#873 = CARTESIAN_POINT('',(-60.05460580984,96.6,70.638134635985));
#874 = CARTESIAN_POINT('',(-60.17264240461,96.6,70.574307135586));
#875 = CARTESIAN_POINT('',(-60.22394266255,96.6,70.54748107533));
#876 = CARTESIAN_POINT('',(-60.27561314038,96.6,70.521369032653));
#877 = CARTESIAN_POINT('',(-60.32764140388,96.6,70.495977363756));
#878 = CARTESIAN_POINT('',(-60.38001487497,96.6,70.471312135221));
#879 = CARTESIAN_POINT('',(-60.49261396382,96.6,70.420182520639));
#880 = CARTESIAN_POINT('',(-60.55293645161,96.6,70.393931441536));
#881 = CARTESIAN_POINT('',(-60.61366962382,96.6,70.368634364799));
#882 = CARTESIAN_POINT('',(-60.67479460575,96.6,70.344299269116));
#883 = CARTESIAN_POINT('',(-60.73629231931,96.6,70.32093363377));
#884 = CARTESIAN_POINT('',(-60.85999464664,96.6,70.276155243503));
#885 = CARTESIAN_POINT('',(-60.92219927214,96.6,70.254742484344));
#886 = CARTESIAN_POINT('',(-60.98473807778,96.6,70.234313140576));
#887 = CARTESIAN_POINT('',(-61.04759161851,96.6,70.214873677726));
#888 = CARTESIAN_POINT('',(-61.11074028587,96.6,70.196430047433));
#889 = CARTESIAN_POINT('',(-61.24773617219,96.6,70.158754550262));
#890 = CARTESIAN_POINT('',(-61.32167857448,96.6,70.139868716792));
#891 = CARTESIAN_POINT('',(-61.39596064565,96.6,70.122338675817));
#892 = CARTESIAN_POINT('',(-61.47055130094,96.6,70.106171963803));
#893 = CARTESIAN_POINT('',(-61.54541924003,96.6,70.091375164901));
#894 = CARTESIAN_POINT('',(-61.69305652668,96.6,70.064995458771));
#895 = CARTESIAN_POINT('',(-61.76580923975,96.6,70.053319317884));
#896 = CARTESIAN_POINT('',(-61.83876272108,96.6,70.042930556061));
#897 = CARTESIAN_POINT('',(-61.9118884933,96.6,70.033833400001));
#898 = CARTESIAN_POINT('',(-61.98515796683,96.6,70.026031235324));
#899 = CARTESIAN_POINT('',(-62.12930603932,96.6,70.013254285957));
#900 = CARTESIAN_POINT('',(-62.20017658998,96.6,70.008188473421));
#901 = CARTESIAN_POINT('',(-62.27112835825,96.6,70.004331449548));
#902 = CARTESIAN_POINT('',(-62.34213557688,96.6,70.001684762043));
#903 = CARTESIAN_POINT('',(-62.41317244508,96.6,70.00024922574));
#904 = CARTESIAN_POINT('',(-62.56051608384,96.6,69.999784004402));
#905 = CARTESIAN_POINT('',(-62.63682346418,96.6,70.000940407286));
#906 = CARTESIAN_POINT('',(-62.71310325452,96.6,70.003494231737));
#907 = CARTESIAN_POINT('',(-62.78932348152,96.6,70.007444602722));
#908 = CARTESIAN_POINT('',(-62.86545221342,96.6,70.012789669691));
#909 = CARTESIAN_POINT('',(-63.01484203316,96.6,70.026031235324));
#910 = CARTESIAN_POINT('',(-63.08811150669,96.6,70.033833400001));
#911 = CARTESIAN_POINT('',(-63.16123727891,96.6,70.042930556061));
#912 = CARTESIAN_POINT('',(-63.23419076025,96.6,70.053319317884));
#913 = CARTESIAN_POINT('',(-63.30694347332,96.6,70.064995458771));
#914 = CARTESIAN_POINT('',(-63.45199063256,96.6,70.090912363117));
#915 = CARTESIAN_POINT('',(-63.52428510034,96.6,70.105153130436));
#916 = CARTESIAN_POINT('',(-63.59632209126,96.6,70.120671144176));
#917 = CARTESIAN_POINT('',(-63.66807342631,96.6,70.13746050772));
#918 = CARTESIAN_POINT('',(-63.73951111253,96.6,70.155514496566));
#919 = CARTESIAN_POINT('',(-63.88424272399,96.6,70.194826300735));
#920 = CARTESIAN_POINT('',(-63.95751184798,96.6,70.216175516927));
#921 = CARTESIAN_POINT('',(-64.03038381934,96.6,70.238864814474));
#922 = CARTESIAN_POINT('',(-64.10282804134,96.6,70.262884871386));
#923 = CARTESIAN_POINT('',(-64.17481421599,96.6,70.288225436108));
#924 = CARTESIAN_POINT('',(-64.31781047228,96.6,70.341525218926));
#925 = CARTESIAN_POINT('',(-64.38882057842,96.6,70.369484446158));
#926 = CARTESIAN_POINT('',(-64.45931266381,96.6,70.398741826977));
#927 = CARTESIAN_POINT('',(-64.52925711221,96.6,70.429285280794));
#928 = CARTESIAN_POINT('',(-64.59862468996,96.6,70.461101828671));
#929 = CARTESIAN_POINT('',(-64.73614840186,96.6,70.527253357959));
#930 = CARTESIAN_POINT('',(-64.80430455957,96.6,70.56158835071));
#931 = CARTESIAN_POINT('',(-64.87182616843,96.6,70.597168693203));
#932 = CARTESIAN_POINT('',(-64.93868484087,96.6,70.633979647466));
#933 = CARTESIAN_POINT('',(-65.00485265242,96.6,70.672005615914));
#934 = CARTESIAN_POINT('',(-65.12898099506,96.6,70.746396957823));
#935 = CARTESIAN_POINT('',(-65.18708247293,96.6,70.782527189642));
#936 = CARTESIAN_POINT('',(-65.24458678906,96.6,70.819608978352));
#937 = CARTESIAN_POINT('',(-65.30147450339,96.6,70.857629938152));
#938 = CARTESIAN_POINT('',(-65.35772652213,96.6,70.8965771559));
#939 = CARTESIAN_POINT('',(-65.47106004126,96.6,70.9778303044));
#940 = CARTESIAN_POINT('',(-65.52809024582,96.6,71.020207812306));
#941 = CARTESIAN_POINT('',(-65.58439371556,96.6,71.063554661654));
#942 = CARTESIAN_POINT('',(-65.63994990716,96.6,71.107855221783));
#943 = CARTESIAN_POINT('',(-65.69473872979,96.6,71.15309328455));
#944 = CARTESIAN_POINT('',(-65.81074262781,96.6,71.252249180512));
#945 = CARTESIAN_POINT('',(-65.87170726568,96.6,71.306460046315));
#946 = CARTESIAN_POINT('',(-65.93160472886,96.6,71.361859248575));
#947 = CARTESIAN_POINT('',(-65.99040616232,96.6,71.418420446663));
#948 = CARTESIAN_POINT('',(-66.04808358586,96.6,71.47611637248));
#949 = CARTESIAN_POINT('',(-66.1556659154,96.6,71.588030729027));
#950 = CARTESIAN_POINT('',(-66.20578285542,96.6,71.642045373784));
#951 = CARTESIAN_POINT('',(-66.25494074567,96.6,71.696941991499));
#952 = CARTESIAN_POINT('',(-66.30312025482,96.6,71.752699248511));
#953 = CARTESIAN_POINT('',(-66.35030268862,96.6,71.809295250719));
#954 = CARTESIAN_POINT('',(-66.43933962732,96.6,71.920018958924));
#955 = CARTESIAN_POINT('',(-66.48133398261,96.6,71.974034229975));
#956 = CARTESIAN_POINT('',(-66.52243860048,96.6,72.028735380023));
#957 = CARTESIAN_POINT('',(-66.56263953301,96.6,72.08410405754));
#958 = CARTESIAN_POINT('',(-66.60192333972,96.6,72.140121536179));
#959 = CARTESIAN_POINT('',(-66.6830562671,96.6,72.259952105288));
#960 = CARTESIAN_POINT('',(-66.7246783889,96.6,72.323918913383));
#961 = CARTESIAN_POINT('',(-66.76512550429,96.6,72.388642628443));
#962 = CARTESIAN_POINT('',(-66.80438049732,96.6,72.454096229999));
#963 = CARTESIAN_POINT('',(-66.84242708478,96.6,72.52025218774));
#964 = CARTESIAN_POINT('',(-66.91226330002,96.6,72.64699925965));
#965 = CARTESIAN_POINT('',(-66.94429305103,96.6,72.707458092197));
#966 = CARTESIAN_POINT('',(-66.97532793738,96.6,72.768438755164));
#967 = CARTESIAN_POINT('',(-67.0053573918,96.6,72.829920763052));
#968 = CARTESIAN_POINT('',(-67.03437141156,96.6,72.891883348859));
#969 = CARTESIAN_POINT('',(-67.09034970542,96.6,73.0167275793));
#970 = CARTESIAN_POINT('',(-67.11731398572,96.6,73.07960923776));
#971 = CARTESIAN_POINT('',(-67.14324396178,96.6,73.142929390699));
#972 = CARTESIAN_POINT('',(-67.16813078171,96.6,73.206666755096));
#973 = CARTESIAN_POINT('',(-67.19196617937,96.6,73.270799813663));
#974 = CARTESIAN_POINT('',(-67.23051067889,96.6,73.379965508987));
#975 = CARTESIAN_POINT('',(-67.24577126783,96.6,73.424803434607));
#976 = CARTESIAN_POINT('',(-67.26052169375,96.6,73.469813376877));
#977 = CARTESIAN_POINT('',(-67.2747595472,96.6,73.51498807662));
#978 = CARTESIAN_POINT('',(-67.28848255671,96.6,73.560320230315));
#979 = CARTESIAN_POINT('',(-67.32296497288,96.6,73.679079461366));
#980 = CARTESIAN_POINT('',(-67.34289945379,96.6,73.752746075462));
#981 = CARTESIAN_POINT('',(-67.36148310498,96.6,73.826771586894));
#982 = CARTESIAN_POINT('',(-67.3787079491,96.6,73.901125021109));
#983 = CARTESIAN_POINT('',(-67.39456695795,96.6,73.975775174492));
#984 = CARTESIAN_POINT('',(-67.41854559755,96.6,74.09977314575));
#985 = CARTESIAN_POINT('',(-67.4274482486,96.6,74.148969558647));
#986 = CARTESIAN_POINT('',(-67.4357602971,96.6,74.19827101765));
#987 = CARTESIAN_POINT('',(-67.44348021209,96.6,74.247668658512));
#988 = CARTESIAN_POINT('',(-67.45060664016,96.6,74.297153588142));
#989 = CARTESIAN_POINT('',(-67.46710794165,96.6,74.422366123786));
#990 = CARTESIAN_POINT('',(-67.4756921298,96.6,74.498197946102));
#991 = CARTESIAN_POINT('',(-67.48288678751,96.6,74.5741806108));
#992 = CARTESIAN_POINT('',(-67.48868870525,96.6,74.650282293993));
#993 = CARTESIAN_POINT('',(-67.49309564636,96.6,74.726471088654));
#994 = CARTESIAN_POINT('',(-67.49870177865,96.6,74.868442519713));
#995 = CARTESIAN_POINT('',(-67.50025957687,96.6,74.934211014847));
#996 = CARTESIAN_POINT('',(-67.50077893282,96.6,75.));
#997 = CARTESIAN_POINT('',(-67.50025957687,96.6,75.065788985154));
#998 = CARTESIAN_POINT('',(-67.49870177865,96.6,75.131557480288));
#999 = CARTESIAN_POINT('',(-67.4931994636,96.6,75.270899811232));
#1000 = CARTESIAN_POINT('',(-67.48899097205,96.6,75.344463240489));
#1001 = CARTESIAN_POINT('',(-67.48348200975,96.6,75.41794649127));
#1002 = CARTESIAN_POINT('',(-67.47667455967,96.6,75.491320842609));
#1003 = CARTESIAN_POINT('',(-67.46857145034,96.6,75.564557644453));
#1004 = CARTESIAN_POINT('',(-67.44944572234,96.6,75.713308657327));
#1005 = CARTESIAN_POINT('',(-67.43832916788,96.6,75.78881081477));
#1006 = CARTESIAN_POINT('',(-67.42583077581,96.6,75.864103036347));
#1007 = CARTESIAN_POINT('',(-67.41195559119,96.6,75.939153737118));
#1008 = CARTESIAN_POINT('',(-67.39670962081,96.6,76.013931500851));
#1009 = CARTESIAN_POINT('',(-67.36349004553,96.6,76.162878659194));
#1010 = CARTESIAN_POINT('',(-67.34551643494,96.6,76.237048079334));
#1011 = CARTESIAN_POINT('',(-67.32618597105,96.6,76.310882093177));
#1012 = CARTESIAN_POINT('',(-67.3055065658,96.6,76.384349709395));
#1013 = CARTESIAN_POINT('',(-67.28348707338,96.6,76.457420192598));
#1014 = CARTESIAN_POINT('',(-67.23759267195,96.6,76.600201007906));
#1015 = CARTESIAN_POINT('',(-67.21380791826,96.6,76.66994034413));
#1016 = CARTESIAN_POINT('',(-67.1887918472,96.6,76.739253640111));
#1017 = CARTESIAN_POINT('',(-67.16255407234,96.6,76.808113759059));
#1018 = CARTESIAN_POINT('',(-67.13510500281,96.6,76.876493859286));
#1019 = CARTESIAN_POINT('',(-67.0767834997,96.6,77.014664983537));
#1020 = CARTESIAN_POINT('',(-67.04582380499,96.6,77.08441920108));
#1021 = CARTESIAN_POINT('',(-67.01358920954,96.6,77.153600551826));
#1022 = CARTESIAN_POINT('',(-66.98009304499,96.6,77.222179961229));
#1023 = CARTESIAN_POINT('',(-66.94534952416,96.6,77.290128775216));
#1024 = CARTESIAN_POINT('',(-66.87339795813,96.6,77.424708745149));
#1025 = CARTESIAN_POINT('',(-66.8361899006,96.6,77.491339924161));
#1026 = CARTESIAN_POINT('',(-66.79776466369,96.6,77.557284064177));
#1027 = CARTESIAN_POINT('',(-66.75813818162,96.6,77.622513431436));
#1028 = CARTESIAN_POINT('',(-66.71732722772,96.6,77.687000791466));
#1029 = CARTESIAN_POINT('',(-66.6406091543,96.6,77.803452059404));
#1030 = CARTESIAN_POINT('',(-66.60506970576,96.6,77.855658210627));
#1031 = CARTESIAN_POINT('',(-66.56874104935,96.6,77.907322713497));
#1032 = CARTESIAN_POINT('',(-66.53163353827,96.6,77.958430685034));
#1033 = CARTESIAN_POINT('',(-66.49375789836,96.6,78.008967508527));
#1034 = CARTESIAN_POINT('',(-66.40844408595,96.6,78.119276683149));
#1035 = CARTESIAN_POINT('',(-66.3606576143,96.6,78.178779680466));
#1036 = CARTESIAN_POINT('',(-66.31178539995,96.6,78.237402501094));
#1037 = CARTESIAN_POINT('',(-66.2618477739,96.6,78.295120452708));
#1038 = CARTESIAN_POINT('',(-66.21086581138,96.6,78.351909475057));
#1039 = CARTESIAN_POINT('',(-66.1194096565,96.6,78.450104990476));
#1040 = CARTESIAN_POINT('',(-66.07936950983,96.6,78.491915762148));
#1041 = CARTESIAN_POINT('',(-66.03875041461,96.6,78.53316823063));
#1042 = CARTESIAN_POINT('',(-65.99756212246,96.6,78.573852400057));
#1043 = CARTESIAN_POINT('',(-65.95581461383,96.6,78.613958503038));
#1044 = CARTESIAN_POINT('',(-65.86737644472,96.6,78.696588088712));
#1045 = CARTESIAN_POINT('',(-65.82058142091,96.6,78.738999883948));
#1046 = CARTESIAN_POINT('',(-65.7731462826,96.6,78.780700001295));
#1047 = CARTESIAN_POINT('',(-65.72508458555,96.6,78.821676401937));
#1048 = CARTESIAN_POINT('',(-65.67641018529,96.6,78.861917393319));
#1049 = CARTESIAN_POINT('',(-65.59018252549,96.6,78.931032306451));
#1050 = CARTESIAN_POINT('',(-65.5528911275,96.6,78.960232936312));
#1051 = CARTESIAN_POINT('',(-65.51526901339,96.6,78.989008733398));
#1052 = CARTESIAN_POINT('',(-65.47732224078,96.6,79.017355027973));
#1053 = CARTESIAN_POINT('',(-65.43905695465,96.6,79.045267265899));
#1054 = CARTESIAN_POINT('',(-64.98045007423,96.6,79.371872812565));
#1055 = CARTESIAN_POINT('',(-64.52326177521,96.6,79.619120720268));
#1056 = CARTESIAN_POINT('',(-64.03722882015,96.6,79.808473736095));
#1057 = CARTESIAN_POINT('',(-63.53148864675,96.6,79.93618229111));
#1058 = CARTESIAN_POINT('',(-63.01565924797,96.6,80.));
#1059 = CARTESIAN_POINT('',(-62.5,96.6,80.));
#1060 = PCURVE('',#511,#1061);
#1061 = DEFINITIONAL_REPRESENTATION('',(#1062),#1405);
#1062 = B_SPLINE_CURVE_WITH_KNOTS('',6,(#1063,#1064,#1065,#1066,#1067,
    #1068,#1069,#1070,#1071,#1072,#1073,#1074,#1075,#1076,#1077,#1078,
    #1079,#1080,#1081,#1082,#1083,#1084,#1085,#1086,#1087,#1088,#1089,
    #1090,#1091,#1092,#1093,#1094,#1095,#1096,#1097,#1098,#1099,#1100,
    #1101,#1102,#1103,#1104,#1105,#1106,#1107,#1108,#1109,#1110,#1111,
    #1112,#1113,#1114,#1115,#1116,#1117,#1118,#1119,#1120,#1121,#1122,
    #1123,#1124,#1125,#1126,#1127,#1128,#1129,#1130,#1131,#1132,#1133,
    #1134,#1135,#1136,#1137,#1138,#1139,#1140,#1141,#1142,#1143,#1144,
    #1145,#1146,#1147,#1148,#1149,#1150,#1151,#1152,#1153,#1154,#1155,
    #1156,#1157,#1158,#1159,#1160,#1161,#1162,#1163,#1164,#1165,#1166,
    #1167,#1168,#1169,#1170,#1171,#1172,#1173,#1174,#1175,#1176,#1177,
    #1178,#1179,#1180,#1181,#1182,#1183,#1184,#1185,#1186,#1187,#1188,
    #1189,#1190,#1191,#1192,#1193,#1194,#1195,#1196,#1197,#1198,#1199,
    #1200,#1201,#1202,#1203,#1204,#1205,#1206,#1207,#1208,#1209,#1210,
    #1211,#1212,#1213,#1214,#1215,#1216,#1217,#1218,#1219,#1220,#1221,
    #1222,#1223,#1224,#1225,#1226,#1227,#1228,#1229,#1230,#1231,#1232,
    #1233,#1234,#1235,#1236,#1237,#1238,#1239,#1240,#1241,#1242,#1243,
    #1244,#1245,#1246,#1247,#1248,#1249,#1250,#1251,#1252,#1253,#1254,
    #1255,#1256,#1257,#1258,#1259,#1260,#1261,#1262,#1263,#1264,#1265,
    #1266,#1267,#1268,#1269,#1270,#1271,#1272,#1273,#1274,#1275,#1276,
    #1277,#1278,#1279,#1280,#1281,#1282,#1283,#1284,#1285,#1286,#1287,
    #1288,#1289,#1290,#1291,#1292,#1293,#1294,#1295,#1296,#1297,#1298,
    #1299,#1300,#1301,#1302,#1303,#1304,#1305,#1306,#1307,#1308,#1309,
    #1310,#1311,#1312,#1313,#1314,#1315,#1316,#1317,#1318,#1319,#1320,
    #1321,#1322,#1323,#1324,#1325,#1326,#1327,#1328,#1329,#1330,#1331,
    #1332,#1333,#1334,#1335,#1336,#1337,#1338,#1339,#1340,#1341,#1342,
    #1343,#1344,#1345,#1346,#1347,#1348,#1349,#1350,#1351,#1352,#1353,
    #1354,#1355,#1356,#1357,#1358,#1359,#1360,#1361,#1362,#1363,#1364,
    #1365,#1366,#1367,#1368,#1369,#1370,#1371,#1372,#1373,#1374,#1375,
    #1376,#1377,#1378,#1379,#1380,#1381,#1382,#1383,#1384,#1385,#1386,
    #1387,#1388,#1389,#1390,#1391,#1392,#1393,#1394,#1395,#1396,#1397,
    #1398,#1399,#1400,#1401,#1402,#1403,#1404),.UNSPECIFIED.,.F.,.F.,(7,
    5,5,5,5,5,5,5,5,5,5,5,5,5,5,5,5,5,5,5,5,5,5,5,5,5,5,5,5,5,5,5,5,5,5,
    5,5,5,5,5,5,5,5,5,5,5,5,5,5,5,5,5,5,5,5,5,5,5,5,5,5,5,5,5,5,5,5,5,7)
  ,(0.,1.206019280172E-02,2.663318843414E-02,4.020115003753E-02,
    5.477414566995E-02,6.934714130236E-02,8.392013693476E-02,
    9.547803033835E-02,0.107538440806,0.122111436439,0.136684432071,
    0.148242325475,0.160805252998,0.173368180522,0.182413488504,
    0.191961313581,0.207036826205,0.215077099988,0.232665197272,
    0.251258328244,0.266333840868,0.281409353492,0.292967246896,
    0.314072961463,0.328645957095,0.341208884619,0.352766778023,
    0.364827188491,0.378395150094,0.392968145727,0.40653610733,
    0.421109102962,0.432164479294,0.444727406817,0.457290334341,
    0.471863329974,0.485933808599,0.499501770202,0.514074765834,
    0.528145244459,0.542215723084,0.556788718717,0.571361714349,
    0.585934709982,0.599000154551,0.612568116154,0.628146145753,
    0.642216624378,0.655282068947,0.66985506458,0.682920509149,
    0.695985953718,0.7050312617,0.719604257333,0.729152082409,
    0.743725078042,0.756288005566,0.77035848419,0.784931479823,
    0.799504475455,0.81357495408,0.828147949713,0.842720945345,
    0.854781355813,0.869354351446,0.880409727777,0.892470138245,
    0.901515446227,1.),.UNSPECIFIED.);
#1063 = CARTESIAN_POINT('',(2.84217094304E-15,-3.));
#1064 = CARTESIAN_POINT('',(1.263052123745E-02,-3.));
#1065 = CARTESIAN_POINT('',(2.525999340585E-02,-3.));
#1066 = CARTESIAN_POINT('',(3.788915584155E-02,-3.));
#1067 = CARTESIAN_POINT('',(5.051840995533E-02,-3.));
#1068 = CARTESIAN_POINT('',(6.314781923239E-02,-3.));
#1069 = CARTESIAN_POINT('',(9.103777637383E-02,-3.));
#1070 = CARTESIAN_POINT('',(0.106298444343,-3.));
#1071 = CARTESIAN_POINT('',(0.121559112727,-3.));
#1072 = CARTESIAN_POINT('',(0.13681978111,-3.));
#1073 = CARTESIAN_POINT('',(0.15208044908,-3.));
#1074 = CARTESIAN_POINT('',(0.18154932372,-3.));
#1075 = CARTESIAN_POINT('',(0.195757531797,-3.));
#1076 = CARTESIAN_POINT('',(0.209965740165,-3.));
#1077 = CARTESIAN_POINT('',(0.224173948532,-3.));
#1078 = CARTESIAN_POINT('',(0.238382156609,-3.));
#1079 = CARTESIAN_POINT('',(0.267851031249,-3.));
#1080 = CARTESIAN_POINT('',(0.283111699219,-3.));
#1081 = CARTESIAN_POINT('',(0.298372367602,-3.));
#1082 = CARTESIAN_POINT('',(0.313633035986,-3.));
#1083 = CARTESIAN_POINT('',(0.328893703955,-3.));
#1084 = CARTESIAN_POINT('',(0.359415038238,-3.));
#1085 = CARTESIAN_POINT('',(0.374675706208,-3.));
#1086 = CARTESIAN_POINT('',(0.389936374591,-3.));
#1087 = CARTESIAN_POINT('',(0.405197042975,-3.));
#1088 = CARTESIAN_POINT('',(0.420457710944,-3.));
#1089 = CARTESIAN_POINT('',(0.450979045227,-3.));
#1090 = CARTESIAN_POINT('',(0.466239713197,-3.));
#1091 = CARTESIAN_POINT('',(0.48150038158,-3.));
#1092 = CARTESIAN_POINT('',(0.496761049964,-3.));
#1093 = CARTESIAN_POINT('',(0.512021717933,-3.));
#1094 = CARTESIAN_POINT('',(0.539385673139,-3.));
#1095 = CARTESIAN_POINT('',(0.551488961462,-3.));
#1096 = CARTESIAN_POINT('',(0.563592249915,-3.));
#1097 = CARTESIAN_POINT('',(0.575695538369,-3.));
#1098 = CARTESIAN_POINT('',(0.587798826692,-3.));
#1099 = CARTESIAN_POINT('',(0.612531632693,-3.));
#1100 = CARTESIAN_POINT('',(0.625161150952,-3.));
#1101 = CARTESIAN_POINT('',(0.637790669372,-3.));
#1102 = CARTESIAN_POINT('',(0.650420187792,-3.));
#1103 = CARTESIAN_POINT('',(0.663049706051,-3.));
#1104 = CARTESIAN_POINT('',(0.69093989113,-3.));
#1105 = CARTESIAN_POINT('',(0.706200559099,-3.));
#1106 = CARTESIAN_POINT('',(0.721461227483,-3.));
#1107 = CARTESIAN_POINT('',(0.736721895866,-3.));
#1108 = CARTESIAN_POINT('',(0.751982563836,-3.));
#1109 = CARTESIAN_POINT('',(0.782503898119,-3.));
#1110 = CARTESIAN_POINT('',(0.797764566088,-3.));
#1111 = CARTESIAN_POINT('',(0.813025234472,-3.));
#1112 = CARTESIAN_POINT('',(0.828285902855,-3.));
#1113 = CARTESIAN_POINT('',(0.843546570825,-3.));
#1114 = CARTESIAN_POINT('',(0.87091052603,-3.));
#1115 = CARTESIAN_POINT('',(0.883013814353,-3.));
#1116 = CARTESIAN_POINT('',(0.895117102807,-3.));
#1117 = CARTESIAN_POINT('',(0.90722039126,-3.));
#1118 = CARTESIAN_POINT('',(0.919323679584,-3.));
#1119 = CARTESIAN_POINT('',(0.944582715449,-3.));
#1120 = CARTESIAN_POINT('',(0.957738463646,-3.));
#1121 = CARTESIAN_POINT('',(0.970894212039,-3.));
#1122 = CARTESIAN_POINT('',(0.984049960432,-3.));
#1123 = CARTESIAN_POINT('',(0.997205708629,-3.));
#1124 = CARTESIAN_POINT('',(1.023517204233,-3.));
#1125 = CARTESIAN_POINT('',(1.036672952429,-3.));
#1126 = CARTESIAN_POINT('',(1.049828700823,-3.));
#1127 = CARTESIAN_POINT('',(1.062984449216,-3.));
#1128 = CARTESIAN_POINT('',(1.076140197412,-3.));
#1129 = CARTESIAN_POINT('',(1.098768083805,-3.));
#1130 = CARTESIAN_POINT('',(1.108240222472,-3.));
#1131 = CARTESIAN_POINT('',(1.117712361177,-3.));
#1132 = CARTESIAN_POINT('',(1.127184499882,-3.));
#1133 = CARTESIAN_POINT('',(1.136656638548,-3.));
#1134 = CARTESIAN_POINT('',(1.156127145635,-3.));
#1135 = CARTESIAN_POINT('',(1.166125514231,-3.));
#1136 = CARTESIAN_POINT('',(1.176123882877,-3.));
#1137 = CARTESIAN_POINT('',(1.186122251522,-3.));
#1138 = CARTESIAN_POINT('',(1.196120620118,-3.));
#1139 = CARTESIAN_POINT('',(1.221905885554,-3.));
#1140 = CARTESIAN_POINT('',(1.237692783474,-3.));
#1141 = CARTESIAN_POINT('',(1.253479681885,-3.));
#1142 = CARTESIAN_POINT('',(1.269266580295,-3.));
#1143 = CARTESIAN_POINT('',(1.285053478216,-3.));
#1144 = CARTESIAN_POINT('',(1.309260053923,-3.));
#1145 = CARTESIAN_POINT('',(1.317679732734,-3.));
#1146 = CARTESIAN_POINT('',(1.326099411566,-3.));
#1147 = CARTESIAN_POINT('',(1.334519090397,-3.));
#1148 = CARTESIAN_POINT('',(1.342938769208,-3.));
#1149 = CARTESIAN_POINT('',(1.369776493592,-3.));
#1150 = CARTESIAN_POINT('',(1.388194541328,-3.));
#1151 = CARTESIAN_POINT('',(1.406612590125,-3.));
#1152 = CARTESIAN_POINT('',(1.425030638921,-3.));
#1153 = CARTESIAN_POINT('',(1.443448686658,-3.));
#1154 = CARTESIAN_POINT('',(1.481337237174,-3.));
#1155 = CARTESIAN_POINT('',(1.500807744874,-3.));
#1156 = CARTESIAN_POINT('',(1.520278253973,-3.));
#1157 = CARTESIAN_POINT('',(1.539748763073,-3.));
#1158 = CARTESIAN_POINT('',(1.559219270773,-3.));
#1159 = CARTESIAN_POINT('',(1.594476672613,-3.));
#1160 = CARTESIAN_POINT('',(1.610263570533,-3.));
#1161 = CARTESIAN_POINT('',(1.626050468943,-3.));
#1162 = CARTESIAN_POINT('',(1.641837367354,-3.));
#1163 = CARTESIAN_POINT('',(1.657624265274,-3.));
#1164 = CARTESIAN_POINT('',(1.689198059153,-3.));
#1165 = CARTESIAN_POINT('',(1.704984957073,-3.));
#1166 = CARTESIAN_POINT('',(1.720771855484,-3.));
#1167 = CARTESIAN_POINT('',(1.736558753895,-3.));
#1168 = CARTESIAN_POINT('',(1.752345651815,-3.));
#1169 = CARTESIAN_POINT('',(1.780235836818,-3.));
#1170 = CARTESIAN_POINT('',(1.792339125141,-3.));
#1171 = CARTESIAN_POINT('',(1.804442413595,-3.));
#1172 = CARTESIAN_POINT('',(1.816545702048,-3.));
#1173 = CARTESIAN_POINT('',(1.828648990371,-3.));
#1174 = CARTESIAN_POINT('',(1.862853930897,-3.));
#1175 = CARTESIAN_POINT('',(1.884955588636,-3.));
#1176 = CARTESIAN_POINT('',(1.907057249013,-3.));
#1177 = CARTESIAN_POINT('',(1.929158909391,-3.));
#1178 = CARTESIAN_POINT('',(1.95126056713,-3.));
#1179 = CARTESIAN_POINT('',(1.988622886733,-3.));
#1180 = CARTESIAN_POINT('',(2.003883554703,-3.));
#1181 = CARTESIAN_POINT('',(2.019144223086,-3.));
#1182 = CARTESIAN_POINT('',(2.03440489147,-3.));
#1183 = CARTESIAN_POINT('',(2.049665559439,-3.));
#1184 = CARTESIAN_POINT('',(2.078081974383,-3.));
#1185 = CARTESIAN_POINT('',(2.091237722579,-3.));
#1186 = CARTESIAN_POINT('',(2.104393470972,-3.));
#1187 = CARTESIAN_POINT('',(2.117549219366,-3.));
#1188 = CARTESIAN_POINT('',(2.130704967562,-3.));
#1189 = CARTESIAN_POINT('',(2.155964003428,-3.));
#1190 = CARTESIAN_POINT('',(2.168067291751,-3.));
#1191 = CARTESIAN_POINT('',(2.180170580205,-3.));
#1192 = CARTESIAN_POINT('',(2.192273868658,-3.));
#1193 = CARTESIAN_POINT('',(2.204377156982,-3.));
#1194 = CARTESIAN_POINT('',(2.229109962983,-3.));
#1195 = CARTESIAN_POINT('',(2.241739481242,-3.));
#1196 = CARTESIAN_POINT('',(2.254368999661,-3.));
#1197 = CARTESIAN_POINT('',(2.266998518081,-3.));
#1198 = CARTESIAN_POINT('',(2.27962803634,-3.));
#1199 = CARTESIAN_POINT('',(2.306465761776,-3.));
#1200 = CARTESIAN_POINT('',(2.320673969854,-3.));
#1201 = CARTESIAN_POINT('',(2.334882178221,-3.));
#1202 = CARTESIAN_POINT('',(2.349090386588,-3.));
#1203 = CARTESIAN_POINT('',(2.363298594666,-3.));
#1204 = CARTESIAN_POINT('',(2.392767469305,-3.));
#1205 = CARTESIAN_POINT('',(2.408028137275,-3.));
#1206 = CARTESIAN_POINT('',(2.423288805658,-3.));
#1207 = CARTESIAN_POINT('',(2.438549474042,-3.));
#1208 = CARTESIAN_POINT('',(2.453810142011,-3.));
#1209 = CARTESIAN_POINT('',(2.483279016651,-3.));
#1210 = CARTESIAN_POINT('',(2.497487224729,-3.));
#1211 = CARTESIAN_POINT('',(2.511695433096,-3.));
#1212 = CARTESIAN_POINT('',(2.525903641463,-3.));
#1213 = CARTESIAN_POINT('',(2.540111849541,-3.));
#1214 = CARTESIAN_POINT('',(2.569580724181,-3.));
#1215 = CARTESIAN_POINT('',(2.58484139215,-3.));
#1216 = CARTESIAN_POINT('',(2.600102060534,-3.));
#1217 = CARTESIAN_POINT('',(2.615362728917,-3.));
#1218 = CARTESIAN_POINT('',(2.630623396887,-3.));
#1219 = CARTESIAN_POINT('',(2.65746112221,-3.));
#1220 = CARTESIAN_POINT('',(2.6690381806,-3.));
#1221 = CARTESIAN_POINT('',(2.680615239093,-3.));
#1222 = CARTESIAN_POINT('',(2.692192297587,-3.));
#1223 = CARTESIAN_POINT('',(2.703769355976,-3.));
#1224 = CARTESIAN_POINT('',(2.72850216196,-3.));
#1225 = CARTESIAN_POINT('',(2.741657910156,-3.));
#1226 = CARTESIAN_POINT('',(2.75481365855,-3.));
#1227 = CARTESIAN_POINT('',(2.767969406943,-3.));
#1228 = CARTESIAN_POINT('',(2.78112515514,-3.));
#1229 = CARTESIAN_POINT('',(2.807436650744,-3.));
#1230 = CARTESIAN_POINT('',(2.82059239894,-3.));
#1231 = CARTESIAN_POINT('',(2.833748147334,-3.));
#1232 = CARTESIAN_POINT('',(2.846903895727,-3.));
#1233 = CARTESIAN_POINT('',(2.860059643923,-3.));
#1234 = CARTESIAN_POINT('',(2.888476058867,-3.));
#1235 = CARTESIAN_POINT('',(2.903736726836,-3.));
#1236 = CARTESIAN_POINT('',(2.91899739522,-3.));
#1237 = CARTESIAN_POINT('',(2.934258063603,-3.));
#1238 = CARTESIAN_POINT('',(2.949518731573,-3.));
#1239 = CARTESIAN_POINT('',(2.979513836042,-3.));
#1240 = CARTESIAN_POINT('',(2.994248274064,-3.));
#1241 = CARTESIAN_POINT('',(3.008982712433,-3.));
#1242 = CARTESIAN_POINT('',(3.023717150803,-3.));
#1243 = CARTESIAN_POINT('',(3.038451588825,-3.));
#1244 = CARTESIAN_POINT('',(3.06739423365,-3.));
#1245 = CARTESIAN_POINT('',(3.081602441728,-3.));
#1246 = CARTESIAN_POINT('',(3.095810650095,-3.));
#1247 = CARTESIAN_POINT('',(3.110018858462,-3.));
#1248 = CARTESIAN_POINT('',(3.12422706654,-3.));
#1249 = CARTESIAN_POINT('',(3.15369594118,-3.));
#1250 = CARTESIAN_POINT('',(3.168956609149,-3.));
#1251 = CARTESIAN_POINT('',(3.184217277533,-3.));
#1252 = CARTESIAN_POINT('',(3.199477945916,-3.));
#1253 = CARTESIAN_POINT('',(3.214738613886,-3.));
#1254 = CARTESIAN_POINT('',(3.244733718355,-3.));
#1255 = CARTESIAN_POINT('',(3.259468156377,-3.));
#1256 = CARTESIAN_POINT('',(3.274202594746,-3.));
#1257 = CARTESIAN_POINT('',(3.288937033116,-3.));
#1258 = CARTESIAN_POINT('',(3.303671471138,-3.));
#1259 = CARTESIAN_POINT('',(3.333140345793,-3.));
#1260 = CARTESIAN_POINT('',(3.347874783815,-3.));
#1261 = CARTESIAN_POINT('',(3.362609222184,-3.));
#1262 = CARTESIAN_POINT('',(3.377343660554,-3.));
#1263 = CARTESIAN_POINT('',(3.392078098576,-3.));
#1264 = CARTESIAN_POINT('',(3.422073203044,-3.));
#1265 = CARTESIAN_POINT('',(3.437333871014,-3.));
#1266 = CARTESIAN_POINT('',(3.452594539397,-3.));
#1267 = CARTESIAN_POINT('',(3.467855207781,-3.));
#1268 = CARTESIAN_POINT('',(3.48311587575,-3.));
#1269 = CARTESIAN_POINT('',(3.513637210033,-3.));
#1270 = CARTESIAN_POINT('',(3.528897878003,-3.));
#1271 = CARTESIAN_POINT('',(3.544158546387,-3.));
#1272 = CARTESIAN_POINT('',(3.55941921477,-3.));
#1273 = CARTESIAN_POINT('',(3.57467988274,-3.));
#1274 = CARTESIAN_POINT('',(3.605201217023,-3.));
#1275 = CARTESIAN_POINT('',(3.620461884992,-3.));
#1276 = CARTESIAN_POINT('',(3.635722553376,-3.));
#1277 = CARTESIAN_POINT('',(3.650983221759,-3.));
#1278 = CARTESIAN_POINT('',(3.666243889729,-3.));
#1279 = CARTESIAN_POINT('',(3.695186534526,-3.));
#1280 = CARTESIAN_POINT('',(3.708868512662,-3.));
#1281 = CARTESIAN_POINT('',(3.722550491038,-3.));
#1282 = CARTESIAN_POINT('',(3.736232469413,-3.));
#1283 = CARTESIAN_POINT('',(3.749914447549,-3.));
#1284 = CARTESIAN_POINT('',(3.777804632703,-3.));
#1285 = CARTESIAN_POINT('',(3.792012840781,-3.));
#1286 = CARTESIAN_POINT('',(3.806221049148,-3.));
#1287 = CARTESIAN_POINT('',(3.820429257515,-3.));
#1288 = CARTESIAN_POINT('',(3.834637465593,-3.));
#1289 = CARTESIAN_POINT('',(3.86515879981,-3.));
#1290 = CARTESIAN_POINT('',(3.881471927685,-3.));
#1291 = CARTESIAN_POINT('',(3.897785056137,-3.));
#1292 = CARTESIAN_POINT('',(3.91409818459,-3.));
#1293 = CARTESIAN_POINT('',(3.930411312464,-3.));
#1294 = CARTESIAN_POINT('',(3.961458876511,-3.));
#1295 = CARTESIAN_POINT('',(3.976193314533,-3.));
#1296 = CARTESIAN_POINT('',(3.990927752902,-3.));
#1297 = CARTESIAN_POINT('',(4.005662191272,-3.));
#1298 = CARTESIAN_POINT('',(4.020396629294,-3.));
#1299 = CARTESIAN_POINT('',(4.048813044277,-3.));
#1300 = CARTESIAN_POINT('',(4.062495022413,-3.));
#1301 = CARTESIAN_POINT('',(4.076177000788,-3.));
#1302 = CARTESIAN_POINT('',(4.089858979164,-3.));
#1303 = CARTESIAN_POINT('',(4.1035409573,-3.));
#1304 = CARTESIAN_POINT('',(4.132483602097,-3.));
#1305 = CARTESIAN_POINT('',(4.147744270067,-3.));
#1306 = CARTESIAN_POINT('',(4.16300493845,-3.));
#1307 = CARTESIAN_POINT('',(4.178265606834,-3.));
#1308 = CARTESIAN_POINT('',(4.193526274803,-3.));
#1309 = CARTESIAN_POINT('',(4.222468919601,-3.));
#1310 = CARTESIAN_POINT('',(4.236150897737,-3.));
#1311 = CARTESIAN_POINT('',(4.249832876112,-3.));
#1312 = CARTESIAN_POINT('',(4.263514854488,-3.));
#1313 = CARTESIAN_POINT('',(4.277196832624,-3.));
#1314 = CARTESIAN_POINT('',(4.304560787936,-3.));
#1315 = CARTESIAN_POINT('',(4.318242766072,-3.));
#1316 = CARTESIAN_POINT('',(4.331924744447,-3.));
#1317 = CARTESIAN_POINT('',(4.345606722823,-3.));
#1318 = CARTESIAN_POINT('',(4.359288700959,-3.));
#1319 = CARTESIAN_POINT('',(4.382442817205,-3.));
#1320 = CARTESIAN_POINT('',(4.391914955872,-3.));
#1321 = CARTESIAN_POINT('',(4.401387094577,-3.));
#1322 = CARTESIAN_POINT('',(4.410859233282,-3.));
#1323 = CARTESIAN_POINT('',(4.420331371949,-3.));
#1324 = CARTESIAN_POINT('',(4.445064177681,-3.));
#1325 = CARTESIAN_POINT('',(4.46032484565,-3.));
#1326 = CARTESIAN_POINT('',(4.475585514034,-3.));
#1327 = CARTESIAN_POINT('',(4.490846182417,-3.));
#1328 = CARTESIAN_POINT('',(4.506106850387,-3.));
#1329 = CARTESIAN_POINT('',(4.531365886024,-3.));
#1330 = CARTESIAN_POINT('',(4.54136425462,-3.));
#1331 = CARTESIAN_POINT('',(4.551362623266,-3.));
#1332 = CARTESIAN_POINT('',(4.561360991912,-3.));
#1333 = CARTESIAN_POINT('',(4.571359360508,-3.));
#1334 = CARTESIAN_POINT('',(4.596618396145,-3.));
#1335 = CARTESIAN_POINT('',(4.611879064115,-3.));
#1336 = CARTESIAN_POINT('',(4.627139732498,-3.));
#1337 = CARTESIAN_POINT('',(4.642400400882,-3.));
#1338 = CARTESIAN_POINT('',(4.657661068851,-3.));
#1339 = CARTESIAN_POINT('',(4.686077483795,-3.));
#1340 = CARTESIAN_POINT('',(4.699233231991,-3.));
#1341 = CARTESIAN_POINT('',(4.712388980385,-3.));
#1342 = CARTESIAN_POINT('',(4.725544728778,-3.));
#1343 = CARTESIAN_POINT('',(4.738700476974,-3.));
#1344 = CARTESIAN_POINT('',(4.766590662104,-3.));
#1345 = CARTESIAN_POINT('',(4.781325100126,-3.));
#1346 = CARTESIAN_POINT('',(4.796059538495,-3.));
#1347 = CARTESIAN_POINT('',(4.810793976865,-3.));
#1348 = CARTESIAN_POINT('',(4.825528414887,-3.));
#1349 = CARTESIAN_POINT('',(4.855523519356,-3.));
#1350 = CARTESIAN_POINT('',(4.870784187325,-3.));
#1351 = CARTESIAN_POINT('',(4.886044855709,-3.));
#1352 = CARTESIAN_POINT('',(4.901305524092,-3.));
#1353 = CARTESIAN_POINT('',(4.916566192062,-3.));
#1354 = CARTESIAN_POINT('',(4.947087526345,-3.));
#1355 = CARTESIAN_POINT('',(4.962348194314,-3.));
#1356 = CARTESIAN_POINT('',(4.977608862698,-3.));
#1357 = CARTESIAN_POINT('',(4.992869531081,-3.));
#1358 = CARTESIAN_POINT('',(5.008130199051,-3.));
#1359 = CARTESIAN_POINT('',(5.03812530352,-3.));
#1360 = CARTESIAN_POINT('',(5.052859741542,-3.));
#1361 = CARTESIAN_POINT('',(5.067594179911,-3.));
#1362 = CARTESIAN_POINT('',(5.082328618281,-3.));
#1363 = CARTESIAN_POINT('',(5.097063056303,-3.));
#1364 = CARTESIAN_POINT('',(5.127058160772,-3.));
#1365 = CARTESIAN_POINT('',(5.142318828741,-3.));
#1366 = CARTESIAN_POINT('',(5.157579497125,-3.));
#1367 = CARTESIAN_POINT('',(5.172840165508,-3.));
#1368 = CARTESIAN_POINT('',(5.188100833478,-3.));
#1369 = CARTESIAN_POINT('',(5.218622167761,-3.));
#1370 = CARTESIAN_POINT('',(5.23388283573,-3.));
#1371 = CARTESIAN_POINT('',(5.249143504114,-3.));
#1372 = CARTESIAN_POINT('',(5.264404172497,-3.));
#1373 = CARTESIAN_POINT('',(5.279664840467,-3.));
#1374 = CARTESIAN_POINT('',(5.307555025546,-3.));
#1375 = CARTESIAN_POINT('',(5.320184543805,-3.));
#1376 = CARTESIAN_POINT('',(5.332814062224,-3.));
#1377 = CARTESIAN_POINT('',(5.345443580644,-3.));
#1378 = CARTESIAN_POINT('',(5.358073098903,-3.));
#1379 = CARTESIAN_POINT('',(5.385963283982,-3.));
#1380 = CARTESIAN_POINT('',(5.401223951952,-3.));
#1381 = CARTESIAN_POINT('',(5.416484620335,-3.));
#1382 = CARTESIAN_POINT('',(5.431745288719,-3.));
#1383 = CARTESIAN_POINT('',(5.447005956688,-3.));
#1384 = CARTESIAN_POINT('',(5.473843682011,-3.));
#1385 = CARTESIAN_POINT('',(5.485420740401,-3.));
#1386 = CARTESIAN_POINT('',(5.496997798894,-3.));
#1387 = CARTESIAN_POINT('',(5.508574857388,-3.));
#1388 = CARTESIAN_POINT('',(5.520151915778,-3.));
#1389 = CARTESIAN_POINT('',(5.544358491897,-3.));
#1390 = CARTESIAN_POINT('',(5.556988010156,-3.));
#1391 = CARTESIAN_POINT('',(5.569617528575,-3.));
#1392 = CARTESIAN_POINT('',(5.582247046995,-3.));
#1393 = CARTESIAN_POINT('',(5.594876565254,-3.));
#1394 = CARTESIAN_POINT('',(5.616978221782,-3.));
#1395 = CARTESIAN_POINT('',(5.626450360449,-3.));
#1396 = CARTESIAN_POINT('',(5.635922499154,-3.));
#1397 = CARTESIAN_POINT('',(5.645394637859,-3.));
#1398 = CARTESIAN_POINT('',(5.654866776525,-3.));
#1399 = CARTESIAN_POINT('',(5.76747076471,-3.));
#1400 = CARTESIAN_POINT('',(5.870635886575,-3.));
#1401 = CARTESIAN_POINT('',(5.973762111148,-3.));
#1402 = CARTESIAN_POINT('',(6.07688833572,-3.));
#1403 = CARTESIAN_POINT('',(6.180053457585,-3.));
#1404 = CARTESIAN_POINT('',(6.28318530718,-3.));
#1405 = ( GEOMETRIC_REPRESENTATION_CONTEXT(2) 
PARAMETRIC_REPRESENTATION_CONTEXT() REPRESENTATION_CONTEXT('2D SPACE',''
  ) );
#1406 = PCURVE('',#1407,#1412);
#1407 = CYLINDRICAL_SURFACE('',#1408,5.);
#1408 = AXIS2_PLACEMENT_3D('',#1409,#1410,#1411);
#1409 = CARTESIAN_POINT('',(-62.5,98.39218452154,75.));
#1410 = DIRECTION('',(0.,1.,0.));
#1411 = DIRECTION('',(0.,0.,1.));
#1412 = DEFINITIONAL_REPRESENTATION('',(#1413),#1756);
#1413 = B_SPLINE_CURVE_WITH_KNOTS('',6,(#1414,#1415,#1416,#1417,#1418,
    #1419,#1420,#1421,#1422,#1423,#1424,#1425,#1426,#1427,#1428,#1429,
    #1430,#1431,#1432,#1433,#1434,#1435,#1436,#1437,#1438,#1439,#1440,
    #1441,#1442,#1443,#1444,#1445,#1446,#1447,#1448,#1449,#1450,#1451,
    #1452,#1453,#1454,#1455,#1456,#1457,#1458,#1459,#1460,#1461,#1462,
    #1463,#1464,#1465,#1466,#1467,#1468,#1469,#1470,#1471,#1472,#1473,
    #1474,#1475,#1476,#1477,#1478,#1479,#1480,#1481,#1482,#1483,#1484,
    #1485,#1486,#1487,#1488,#1489,#1490,#1491,#1492,#1493,#1494,#1495,
    #1496,#1497,#1498,#1499,#1500,#1501,#1502,#1503,#1504,#1505,#1506,
    #1507,#1508,#1509,#1510,#1511,#1512,#1513,#1514,#1515,#1516,#1517,
    #1518,#1519,#1520,#1521,#1522,#1523,#1524,#1525,#1526,#1527,#1528,
    #1529,#1530,#1531,#1532,#1533,#1534,#1535,#1536,#1537,#1538,#1539,
    #1540,#1541,#1542,#1543,#1544,#1545,#1546,#1547,#1548,#1549,#1550,
    #1551,#1552,#1553,#1554,#1555,#1556,#1557,#1558,#1559,#1560,#1561,
    #1562,#1563,#1564,#1565,#1566,#1567,#1568,#1569,#1570,#1571,#1572,
    #1573,#1574,#1575,#1576,#1577,#1578,#1579,#1580,#1581,#1582,#1583,
    #1584,#1585,#1586,#1587,#1588,#1589,#1590,#1591,#1592,#1593,#1594,
    #1595,#1596,#1597,#1598,#1599,#1600,#1601,#1602,#1603,#1604,#1605,
    #1606,#1607,#1608,#1609,#1610,#1611,#1612,#1613,#1614,#1615,#1616,
    #1617,#1618,#1619,#1620,#1621,#1622,#1623,#1624,#1625,#1626,#1627,
    #1628,#1629,#1630,#1631,#1632,#1633,#1634,#1635,#1636,#1637,#1638,
    #1639,#1640,#1641,#1642,#1643,#1644,#1645,#1646,#1647,#1648,#1649,
    #1650,#1651,#1652,#1653,#1654,#1655,#1656,#1657,#1658,#1659,#1660,
    #1661,#1662,#1663,#1664,#1665,#1666,#1667,#1668,#1669,#1670,#1671,
    #1672,#1673,#1674,#1675,#1676,#1677,#1678,#1679,#1680,#1681,#1682,
    #1683,#1684,#1685,#1686,#1687,#1688,#1689,#1690,#1691,#1692,#1693,
    #1694,#1695,#1696,#1697,#1698,#1699,#1700,#1701,#1702,#1703,#1704,
    #1705,#1706,#1707,#1708,#1709,#1710,#1711,#1712,#1713,#1714,#1715,
    #1716,#1717,#1718,#1719,#1720,#1721,#1722,#1723,#1724,#1725,#1726,
    #1727,#1728,#1729,#1730,#1731,#1732,#1733,#1734,#1735,#1736,#1737,
    #1738,#1739,#1740,#1741,#1742,#1743,#1744,#1745,#1746,#1747,#1748,
    #1749,#1750,#1751,#1752,#1753,#1754,#1755),.UNSPECIFIED.,.F.,.F.,(7,
    5,5,5,5,5,5,5,5,5,5,5,5,5,5,5,5,5,5,5,5,5,5,5,5,5,5,5,5,5,5,5,5,5,5,
    5,5,5,5,5,5,5,5,5,5,5,5,5,5,5,5,5,5,5,5,5,5,5,5,5,5,5,5,5,5,5,5,5,7)
  ,(0.,1.206019280172E-02,2.663318843414E-02,4.020115003753E-02,
    5.477414566995E-02,6.934714130236E-02,8.392013693476E-02,
    9.547803033835E-02,0.107538440806,0.122111436439,0.136684432071,
    0.148242325475,0.160805252998,0.173368180522,0.182413488504,
    0.191961313581,0.207036826205,0.215077099988,0.232665197272,
    0.251258328244,0.266333840868,0.281409353492,0.292967246896,
    0.314072961463,0.328645957095,0.341208884619,0.352766778023,
    0.364827188491,0.378395150094,0.392968145727,0.40653610733,
    0.421109102962,0.432164479294,0.444727406817,0.457290334341,
    0.471863329974,0.485933808599,0.499501770202,0.514074765834,
    0.528145244459,0.542215723084,0.556788718717,0.571361714349,
    0.585934709982,0.599000154551,0.612568116154,0.628146145753,
    0.642216624378,0.655282068947,0.66985506458,0.682920509149,
    0.695985953718,0.7050312617,0.719604257333,0.729152082409,
    0.743725078042,0.756288005566,0.77035848419,0.784931479823,
    0.799504475455,0.81357495408,0.828147949713,0.842720945345,
    0.854781355813,0.869354351446,0.880409727777,0.892470138245,
    0.901515446227,1.),.UNSPECIFIED.);
#1414 = CARTESIAN_POINT('',(0.,-1.79218452154));
#1415 = CARTESIAN_POINT('',(1.263052123745E-02,-1.79218452154));
#1416 = CARTESIAN_POINT('',(2.525999340585E-02,-1.79218452154));
#1417 = CARTESIAN_POINT('',(3.788915584155E-02,-1.79218452154));
#1418 = CARTESIAN_POINT('',(5.051840995533E-02,-1.79218452154));
#1419 = CARTESIAN_POINT('',(6.314781923238E-02,-1.79218452154));
#1420 = CARTESIAN_POINT('',(9.103777637382E-02,-1.79218452154));
#1421 = CARTESIAN_POINT('',(0.106298444343,-1.79218452154));
#1422 = CARTESIAN_POINT('',(0.121559112727,-1.79218452154));
#1423 = CARTESIAN_POINT('',(0.13681978111,-1.79218452154));
#1424 = CARTESIAN_POINT('',(0.15208044908,-1.79218452154));
#1425 = CARTESIAN_POINT('',(0.18154932372,-1.79218452154));
#1426 = CARTESIAN_POINT('',(0.195757531797,-1.79218452154));
#1427 = CARTESIAN_POINT('',(0.209965740165,-1.79218452154));
#1428 = CARTESIAN_POINT('',(0.224173948532,-1.79218452154));
#1429 = CARTESIAN_POINT('',(0.238382156609,-1.79218452154));
#1430 = CARTESIAN_POINT('',(0.267851031249,-1.79218452154));
#1431 = CARTESIAN_POINT('',(0.283111699219,-1.79218452154));
#1432 = CARTESIAN_POINT('',(0.298372367602,-1.79218452154));
#1433 = CARTESIAN_POINT('',(0.313633035986,-1.79218452154));
#1434 = CARTESIAN_POINT('',(0.328893703955,-1.79218452154));
#1435 = CARTESIAN_POINT('',(0.359415038238,-1.79218452154));
#1436 = CARTESIAN_POINT('',(0.374675706208,-1.79218452154));
#1437 = CARTESIAN_POINT('',(0.389936374591,-1.79218452154));
#1438 = CARTESIAN_POINT('',(0.405197042975,-1.79218452154));
#1439 = CARTESIAN_POINT('',(0.420457710944,-1.79218452154));
#1440 = CARTESIAN_POINT('',(0.450979045227,-1.79218452154));
#1441 = CARTESIAN_POINT('',(0.466239713197,-1.79218452154));
#1442 = CARTESIAN_POINT('',(0.48150038158,-1.79218452154));
#1443 = CARTESIAN_POINT('',(0.496761049964,-1.79218452154));
#1444 = CARTESIAN_POINT('',(0.512021717933,-1.79218452154));
#1445 = CARTESIAN_POINT('',(0.539385673139,-1.79218452154));
#1446 = CARTESIAN_POINT('',(0.551488961462,-1.79218452154));
#1447 = CARTESIAN_POINT('',(0.563592249915,-1.79218452154));
#1448 = CARTESIAN_POINT('',(0.575695538369,-1.79218452154));
#1449 = CARTESIAN_POINT('',(0.587798826692,-1.79218452154));
#1450 = CARTESIAN_POINT('',(0.612531632693,-1.79218452154));
#1451 = CARTESIAN_POINT('',(0.625161150952,-1.79218452154));
#1452 = CARTESIAN_POINT('',(0.637790669372,-1.79218452154));
#1453 = CARTESIAN_POINT('',(0.650420187792,-1.79218452154));
#1454 = CARTESIAN_POINT('',(0.663049706051,-1.79218452154));
#1455 = CARTESIAN_POINT('',(0.69093989113,-1.79218452154));
#1456 = CARTESIAN_POINT('',(0.706200559099,-1.79218452154));
#1457 = CARTESIAN_POINT('',(0.721461227483,-1.79218452154));
#1458 = CARTESIAN_POINT('',(0.736721895866,-1.79218452154));
#1459 = CARTESIAN_POINT('',(0.751982563836,-1.79218452154));
#1460 = CARTESIAN_POINT('',(0.782503898119,-1.79218452154));
#1461 = CARTESIAN_POINT('',(0.797764566088,-1.79218452154));
#1462 = CARTESIAN_POINT('',(0.813025234472,-1.79218452154));
#1463 = CARTESIAN_POINT('',(0.828285902855,-1.79218452154));
#1464 = CARTESIAN_POINT('',(0.843546570825,-1.79218452154));
#1465 = CARTESIAN_POINT('',(0.87091052603,-1.79218452154));
#1466 = CARTESIAN_POINT('',(0.883013814353,-1.79218452154));
#1467 = CARTESIAN_POINT('',(0.895117102807,-1.79218452154));
#1468 = CARTESIAN_POINT('',(0.90722039126,-1.79218452154));
#1469 = CARTESIAN_POINT('',(0.919323679584,-1.79218452154));
#1470 = CARTESIAN_POINT('',(0.944582715449,-1.79218452154));
#1471 = CARTESIAN_POINT('',(0.957738463646,-1.79218452154));
#1472 = CARTESIAN_POINT('',(0.970894212039,-1.79218452154));
#1473 = CARTESIAN_POINT('',(0.984049960432,-1.79218452154));
#1474 = CARTESIAN_POINT('',(0.997205708629,-1.79218452154));
#1475 = CARTESIAN_POINT('',(1.023517204233,-1.79218452154));
#1476 = CARTESIAN_POINT('',(1.036672952429,-1.79218452154));
#1477 = CARTESIAN_POINT('',(1.049828700823,-1.79218452154));
#1478 = CARTESIAN_POINT('',(1.062984449216,-1.79218452154));
#1479 = CARTESIAN_POINT('',(1.076140197412,-1.79218452154));
#1480 = CARTESIAN_POINT('',(1.098768083805,-1.79218452154));
#1481 = CARTESIAN_POINT('',(1.108240222472,-1.79218452154));
#1482 = CARTESIAN_POINT('',(1.117712361177,-1.79218452154));
#1483 = CARTESIAN_POINT('',(1.127184499882,-1.79218452154));
#1484 = CARTESIAN_POINT('',(1.136656638548,-1.79218452154));
#1485 = CARTESIAN_POINT('',(1.156127145635,-1.79218452154));
#1486 = CARTESIAN_POINT('',(1.166125514231,-1.79218452154));
#1487 = CARTESIAN_POINT('',(1.176123882877,-1.79218452154));
#1488 = CARTESIAN_POINT('',(1.186122251522,-1.79218452154));
#1489 = CARTESIAN_POINT('',(1.196120620118,-1.79218452154));
#1490 = CARTESIAN_POINT('',(1.221905885554,-1.79218452154));
#1491 = CARTESIAN_POINT('',(1.237692783474,-1.79218452154));
#1492 = CARTESIAN_POINT('',(1.253479681885,-1.79218452154));
#1493 = CARTESIAN_POINT('',(1.269266580295,-1.79218452154));
#1494 = CARTESIAN_POINT('',(1.285053478216,-1.79218452154));
#1495 = CARTESIAN_POINT('',(1.309260053923,-1.79218452154));
#1496 = CARTESIAN_POINT('',(1.317679732734,-1.79218452154));
#1497 = CARTESIAN_POINT('',(1.326099411566,-1.79218452154));
#1498 = CARTESIAN_POINT('',(1.334519090397,-1.79218452154));
#1499 = CARTESIAN_POINT('',(1.342938769208,-1.79218452154));
#1500 = CARTESIAN_POINT('',(1.369776493592,-1.79218452154));
#1501 = CARTESIAN_POINT('',(1.388194541328,-1.79218452154));
#1502 = CARTESIAN_POINT('',(1.406612590125,-1.79218452154));
#1503 = CARTESIAN_POINT('',(1.425030638921,-1.79218452154));
#1504 = CARTESIAN_POINT('',(1.443448686658,-1.79218452154));
#1505 = CARTESIAN_POINT('',(1.481337237174,-1.79218452154));
#1506 = CARTESIAN_POINT('',(1.500807744874,-1.79218452154));
#1507 = CARTESIAN_POINT('',(1.520278253973,-1.79218452154));
#1508 = CARTESIAN_POINT('',(1.539748763073,-1.79218452154));
#1509 = CARTESIAN_POINT('',(1.559219270773,-1.79218452154));
#1510 = CARTESIAN_POINT('',(1.594476672613,-1.79218452154));
#1511 = CARTESIAN_POINT('',(1.610263570533,-1.79218452154));
#1512 = CARTESIAN_POINT('',(1.626050468943,-1.79218452154));
#1513 = CARTESIAN_POINT('',(1.641837367354,-1.79218452154));
#1514 = CARTESIAN_POINT('',(1.657624265274,-1.79218452154));
#1515 = CARTESIAN_POINT('',(1.689198059153,-1.79218452154));
#1516 = CARTESIAN_POINT('',(1.704984957073,-1.79218452154));
#1517 = CARTESIAN_POINT('',(1.720771855484,-1.79218452154));
#1518 = CARTESIAN_POINT('',(1.736558753895,-1.79218452154));
#1519 = CARTESIAN_POINT('',(1.752345651815,-1.79218452154));
#1520 = CARTESIAN_POINT('',(1.780235836818,-1.79218452154));
#1521 = CARTESIAN_POINT('',(1.792339125141,-1.79218452154));
#1522 = CARTESIAN_POINT('',(1.804442413595,-1.79218452154));
#1523 = CARTESIAN_POINT('',(1.816545702048,-1.79218452154));
#1524 = CARTESIAN_POINT('',(1.828648990371,-1.79218452154));
#1525 = CARTESIAN_POINT('',(1.862853930897,-1.79218452154));
#1526 = CARTESIAN_POINT('',(1.884955588636,-1.79218452154));
#1527 = CARTESIAN_POINT('',(1.907057249013,-1.79218452154));
#1528 = CARTESIAN_POINT('',(1.929158909391,-1.79218452154));
#1529 = CARTESIAN_POINT('',(1.95126056713,-1.79218452154));
#1530 = CARTESIAN_POINT('',(1.988622886733,-1.79218452154));
#1531 = CARTESIAN_POINT('',(2.003883554703,-1.79218452154));
#1532 = CARTESIAN_POINT('',(2.019144223086,-1.79218452154));
#1533 = CARTESIAN_POINT('',(2.03440489147,-1.79218452154));
#1534 = CARTESIAN_POINT('',(2.049665559439,-1.79218452154));
#1535 = CARTESIAN_POINT('',(2.078081974383,-1.79218452154));
#1536 = CARTESIAN_POINT('',(2.091237722579,-1.79218452154));
#1537 = CARTESIAN_POINT('',(2.104393470972,-1.79218452154));
#1538 = CARTESIAN_POINT('',(2.117549219366,-1.79218452154));
#1539 = CARTESIAN_POINT('',(2.130704967562,-1.79218452154));
#1540 = CARTESIAN_POINT('',(2.155964003428,-1.79218452154));
#1541 = CARTESIAN_POINT('',(2.168067291751,-1.79218452154));
#1542 = CARTESIAN_POINT('',(2.180170580205,-1.79218452154));
#1543 = CARTESIAN_POINT('',(2.192273868658,-1.79218452154));
#1544 = CARTESIAN_POINT('',(2.204377156982,-1.79218452154));
#1545 = CARTESIAN_POINT('',(2.229109962983,-1.79218452154));
#1546 = CARTESIAN_POINT('',(2.241739481242,-1.79218452154));
#1547 = CARTESIAN_POINT('',(2.254368999661,-1.79218452154));
#1548 = CARTESIAN_POINT('',(2.266998518081,-1.79218452154));
#1549 = CARTESIAN_POINT('',(2.27962803634,-1.79218452154));
#1550 = CARTESIAN_POINT('',(2.306465761776,-1.79218452154));
#1551 = CARTESIAN_POINT('',(2.320673969854,-1.79218452154));
#1552 = CARTESIAN_POINT('',(2.334882178221,-1.79218452154));
#1553 = CARTESIAN_POINT('',(2.349090386588,-1.79218452154));
#1554 = CARTESIAN_POINT('',(2.363298594666,-1.79218452154));
#1555 = CARTESIAN_POINT('',(2.392767469305,-1.79218452154));
#1556 = CARTESIAN_POINT('',(2.408028137275,-1.79218452154));
#1557 = CARTESIAN_POINT('',(2.423288805658,-1.79218452154));
#1558 = CARTESIAN_POINT('',(2.438549474042,-1.79218452154));
#1559 = CARTESIAN_POINT('',(2.453810142011,-1.79218452154));
#1560 = CARTESIAN_POINT('',(2.483279016651,-1.79218452154));
#1561 = CARTESIAN_POINT('',(2.497487224729,-1.79218452154));
#1562 = CARTESIAN_POINT('',(2.511695433096,-1.79218452154));
#1563 = CARTESIAN_POINT('',(2.525903641463,-1.79218452154));
#1564 = CARTESIAN_POINT('',(2.540111849541,-1.79218452154));
#1565 = CARTESIAN_POINT('',(2.569580724181,-1.79218452154));
#1566 = CARTESIAN_POINT('',(2.58484139215,-1.79218452154));
#1567 = CARTESIAN_POINT('',(2.600102060534,-1.79218452154));
#1568 = CARTESIAN_POINT('',(2.615362728917,-1.79218452154));
#1569 = CARTESIAN_POINT('',(2.630623396887,-1.79218452154));
#1570 = CARTESIAN_POINT('',(2.65746112221,-1.79218452154));
#1571 = CARTESIAN_POINT('',(2.6690381806,-1.79218452154));
#1572 = CARTESIAN_POINT('',(2.680615239093,-1.79218452154));
#1573 = CARTESIAN_POINT('',(2.692192297587,-1.79218452154));
#1574 = CARTESIAN_POINT('',(2.703769355976,-1.79218452154));
#1575 = CARTESIAN_POINT('',(2.72850216196,-1.79218452154));
#1576 = CARTESIAN_POINT('',(2.741657910156,-1.79218452154));
#1577 = CARTESIAN_POINT('',(2.75481365855,-1.79218452154));
#1578 = CARTESIAN_POINT('',(2.767969406943,-1.79218452154));
#1579 = CARTESIAN_POINT('',(2.78112515514,-1.79218452154));
#1580 = CARTESIAN_POINT('',(2.807436650744,-1.79218452154));
#1581 = CARTESIAN_POINT('',(2.82059239894,-1.79218452154));
#1582 = CARTESIAN_POINT('',(2.833748147334,-1.79218452154));
#1583 = CARTESIAN_POINT('',(2.846903895727,-1.79218452154));
#1584 = CARTESIAN_POINT('',(2.860059643923,-1.79218452154));
#1585 = CARTESIAN_POINT('',(2.888476058867,-1.79218452154));
#1586 = CARTESIAN_POINT('',(2.903736726836,-1.79218452154));
#1587 = CARTESIAN_POINT('',(2.91899739522,-1.79218452154));
#1588 = CARTESIAN_POINT('',(2.934258063603,-1.79218452154));
#1589 = CARTESIAN_POINT('',(2.949518731573,-1.79218452154));
#1590 = CARTESIAN_POINT('',(2.979513836042,-1.79218452154));
#1591 = CARTESIAN_POINT('',(2.994248274064,-1.79218452154));
#1592 = CARTESIAN_POINT('',(3.008982712433,-1.79218452154));
#1593 = CARTESIAN_POINT('',(3.023717150803,-1.79218452154));
#1594 = CARTESIAN_POINT('',(3.038451588825,-1.79218452154));
#1595 = CARTESIAN_POINT('',(3.06739423365,-1.79218452154));
#1596 = CARTESIAN_POINT('',(3.081602441728,-1.79218452154));
#1597 = CARTESIAN_POINT('',(3.095810650095,-1.79218452154));
#1598 = CARTESIAN_POINT('',(3.110018858462,-1.79218452154));
#1599 = CARTESIAN_POINT('',(3.12422706654,-1.79218452154));
#1600 = CARTESIAN_POINT('',(3.15369594118,-1.79218452154));
#1601 = CARTESIAN_POINT('',(3.168956609149,-1.79218452154));
#1602 = CARTESIAN_POINT('',(3.184217277533,-1.79218452154));
#1603 = CARTESIAN_POINT('',(3.199477945916,-1.79218452154));
#1604 = CARTESIAN_POINT('',(3.214738613886,-1.79218452154));
#1605 = CARTESIAN_POINT('',(3.244733718355,-1.79218452154));
#1606 = CARTESIAN_POINT('',(3.259468156377,-1.79218452154));
#1607 = CARTESIAN_POINT('',(3.274202594746,-1.79218452154));
#1608 = CARTESIAN_POINT('',(3.288937033116,-1.79218452154));
#1609 = CARTESIAN_POINT('',(3.303671471138,-1.79218452154));
#1610 = CARTESIAN_POINT('',(3.333140345793,-1.79218452154));
#1611 = CARTESIAN_POINT('',(3.347874783815,-1.79218452154));
#1612 = CARTESIAN_POINT('',(3.362609222184,-1.79218452154));
#1613 = CARTESIAN_POINT('',(3.377343660554,-1.79218452154));
#1614 = CARTESIAN_POINT('',(3.392078098576,-1.79218452154));
#1615 = CARTESIAN_POINT('',(3.422073203044,-1.79218452154));
#1616 = CARTESIAN_POINT('',(3.437333871014,-1.79218452154));
#1617 = CARTESIAN_POINT('',(3.452594539397,-1.79218452154));
#1618 = CARTESIAN_POINT('',(3.467855207781,-1.79218452154));
#1619 = CARTESIAN_POINT('',(3.48311587575,-1.79218452154));
#1620 = CARTESIAN_POINT('',(3.513637210033,-1.79218452154));
#1621 = CARTESIAN_POINT('',(3.528897878003,-1.79218452154));
#1622 = CARTESIAN_POINT('',(3.544158546387,-1.79218452154));
#1623 = CARTESIAN_POINT('',(3.55941921477,-1.79218452154));
#1624 = CARTESIAN_POINT('',(3.57467988274,-1.79218452154));
#1625 = CARTESIAN_POINT('',(3.605201217023,-1.79218452154));
#1626 = CARTESIAN_POINT('',(3.620461884992,-1.79218452154));
#1627 = CARTESIAN_POINT('',(3.635722553376,-1.79218452154));
#1628 = CARTESIAN_POINT('',(3.650983221759,-1.79218452154));
#1629 = CARTESIAN_POINT('',(3.666243889729,-1.79218452154));
#1630 = CARTESIAN_POINT('',(3.695186534526,-1.79218452154));
#1631 = CARTESIAN_POINT('',(3.708868512662,-1.79218452154));
#1632 = CARTESIAN_POINT('',(3.722550491038,-1.79218452154));
#1633 = CARTESIAN_POINT('',(3.736232469413,-1.79218452154));
#1634 = CARTESIAN_POINT('',(3.749914447549,-1.79218452154));
#1635 = CARTESIAN_POINT('',(3.777804632703,-1.79218452154));
#1636 = CARTESIAN_POINT('',(3.792012840781,-1.79218452154));
#1637 = CARTESIAN_POINT('',(3.806221049148,-1.79218452154));
#1638 = CARTESIAN_POINT('',(3.820429257515,-1.79218452154));
#1639 = CARTESIAN_POINT('',(3.834637465593,-1.79218452154));
#1640 = CARTESIAN_POINT('',(3.86515879981,-1.79218452154));
#1641 = CARTESIAN_POINT('',(3.881471927685,-1.79218452154));
#1642 = CARTESIAN_POINT('',(3.897785056137,-1.79218452154));
#1643 = CARTESIAN_POINT('',(3.91409818459,-1.79218452154));
#1644 = CARTESIAN_POINT('',(3.930411312464,-1.79218452154));
#1645 = CARTESIAN_POINT('',(3.961458876511,-1.79218452154));
#1646 = CARTESIAN_POINT('',(3.976193314533,-1.79218452154));
#1647 = CARTESIAN_POINT('',(3.990927752902,-1.79218452154));
#1648 = CARTESIAN_POINT('',(4.005662191272,-1.79218452154));
#1649 = CARTESIAN_POINT('',(4.020396629294,-1.79218452154));
#1650 = CARTESIAN_POINT('',(4.048813044277,-1.79218452154));
#1651 = CARTESIAN_POINT('',(4.062495022413,-1.79218452154));
#1652 = CARTESIAN_POINT('',(4.076177000788,-1.79218452154));
#1653 = CARTESIAN_POINT('',(4.089858979164,-1.79218452154));
#1654 = CARTESIAN_POINT('',(4.1035409573,-1.79218452154));
#1655 = CARTESIAN_POINT('',(4.132483602097,-1.79218452154));
#1656 = CARTESIAN_POINT('',(4.147744270067,-1.79218452154));
#1657 = CARTESIAN_POINT('',(4.16300493845,-1.79218452154));
#1658 = CARTESIAN_POINT('',(4.178265606834,-1.79218452154));
#1659 = CARTESIAN_POINT('',(4.193526274803,-1.79218452154));
#1660 = CARTESIAN_POINT('',(4.222468919601,-1.79218452154));
#1661 = CARTESIAN_POINT('',(4.236150897737,-1.79218452154));
#1662 = CARTESIAN_POINT('',(4.249832876112,-1.79218452154));
#1663 = CARTESIAN_POINT('',(4.263514854488,-1.79218452154));
#1664 = CARTESIAN_POINT('',(4.277196832624,-1.79218452154));
#1665 = CARTESIAN_POINT('',(4.304560787936,-1.79218452154));
#1666 = CARTESIAN_POINT('',(4.318242766072,-1.79218452154));
#1667 = CARTESIAN_POINT('',(4.331924744448,-1.79218452154));
#1668 = CARTESIAN_POINT('',(4.345606722823,-1.79218452154));
#1669 = CARTESIAN_POINT('',(4.359288700959,-1.79218452154));
#1670 = CARTESIAN_POINT('',(4.382442817205,-1.79218452154));
#1671 = CARTESIAN_POINT('',(4.391914955872,-1.79218452154));
#1672 = CARTESIAN_POINT('',(4.401387094577,-1.79218452154));
#1673 = CARTESIAN_POINT('',(4.410859233282,-1.79218452154));
#1674 = CARTESIAN_POINT('',(4.420331371949,-1.79218452154));
#1675 = CARTESIAN_POINT('',(4.445064177681,-1.79218452154));
#1676 = CARTESIAN_POINT('',(4.46032484565,-1.79218452154));
#1677 = CARTESIAN_POINT('',(4.475585514034,-1.79218452154));
#1678 = CARTESIAN_POINT('',(4.490846182417,-1.79218452154));
#1679 = CARTESIAN_POINT('',(4.506106850387,-1.79218452154));
#1680 = CARTESIAN_POINT('',(4.531365886024,-1.79218452154));
#1681 = CARTESIAN_POINT('',(4.54136425462,-1.79218452154));
#1682 = CARTESIAN_POINT('',(4.551362623266,-1.79218452154));
#1683 = CARTESIAN_POINT('',(4.561360991912,-1.79218452154));
#1684 = CARTESIAN_POINT('',(4.571359360508,-1.79218452154));
#1685 = CARTESIAN_POINT('',(4.596618396145,-1.79218452154));
#1686 = CARTESIAN_POINT('',(4.611879064115,-1.79218452154));
#1687 = CARTESIAN_POINT('',(4.627139732498,-1.79218452154));
#1688 = CARTESIAN_POINT('',(4.642400400882,-1.79218452154));
#1689 = CARTESIAN_POINT('',(4.657661068851,-1.79218452154));
#1690 = CARTESIAN_POINT('',(4.686077483795,-1.79218452154));
#1691 = CARTESIAN_POINT('',(4.699233231991,-1.79218452154));
#1692 = CARTESIAN_POINT('',(4.712388980385,-1.79218452154));
#1693 = CARTESIAN_POINT('',(4.725544728778,-1.79218452154));
#1694 = CARTESIAN_POINT('',(4.738700476974,-1.79218452154));
#1695 = CARTESIAN_POINT('',(4.766590662104,-1.79218452154));
#1696 = CARTESIAN_POINT('',(4.781325100126,-1.79218452154));
#1697 = CARTESIAN_POINT('',(4.796059538495,-1.79218452154));
#1698 = CARTESIAN_POINT('',(4.810793976865,-1.79218452154));
#1699 = CARTESIAN_POINT('',(4.825528414887,-1.79218452154));
#1700 = CARTESIAN_POINT('',(4.855523519356,-1.79218452154));
#1701 = CARTESIAN_POINT('',(4.870784187325,-1.79218452154));
#1702 = CARTESIAN_POINT('',(4.886044855709,-1.79218452154));
#1703 = CARTESIAN_POINT('',(4.901305524092,-1.79218452154));
#1704 = CARTESIAN_POINT('',(4.916566192062,-1.79218452154));
#1705 = CARTESIAN_POINT('',(4.947087526345,-1.79218452154));
#1706 = CARTESIAN_POINT('',(4.962348194314,-1.79218452154));
#1707 = CARTESIAN_POINT('',(4.977608862698,-1.79218452154));
#1708 = CARTESIAN_POINT('',(4.992869531081,-1.79218452154));
#1709 = CARTESIAN_POINT('',(5.008130199051,-1.79218452154));
#1710 = CARTESIAN_POINT('',(5.03812530352,-1.79218452154));
#1711 = CARTESIAN_POINT('',(5.052859741542,-1.79218452154));
#1712 = CARTESIAN_POINT('',(5.067594179911,-1.79218452154));
#1713 = CARTESIAN_POINT('',(5.082328618281,-1.79218452154));
#1714 = CARTESIAN_POINT('',(5.097063056303,-1.79218452154));
#1715 = CARTESIAN_POINT('',(5.127058160772,-1.79218452154));
#1716 = CARTESIAN_POINT('',(5.142318828741,-1.79218452154));
#1717 = CARTESIAN_POINT('',(5.157579497125,-1.79218452154));
#1718 = CARTESIAN_POINT('',(5.172840165508,-1.79218452154));
#1719 = CARTESIAN_POINT('',(5.188100833478,-1.79218452154));
#1720 = CARTESIAN_POINT('',(5.218622167761,-1.79218452154));
#1721 = CARTESIAN_POINT('',(5.23388283573,-1.79218452154));
#1722 = CARTESIAN_POINT('',(5.249143504114,-1.79218452154));
#1723 = CARTESIAN_POINT('',(5.264404172497,-1.79218452154));
#1724 = CARTESIAN_POINT('',(5.279664840467,-1.79218452154));
#1725 = CARTESIAN_POINT('',(5.307555025546,-1.79218452154));
#1726 = CARTESIAN_POINT('',(5.320184543805,-1.79218452154));
#1727 = CARTESIAN_POINT('',(5.332814062224,-1.79218452154));
#1728 = CARTESIAN_POINT('',(5.345443580644,-1.79218452154));
#1729 = CARTESIAN_POINT('',(5.358073098903,-1.79218452154));
#1730 = CARTESIAN_POINT('',(5.385963283982,-1.79218452154));
#1731 = CARTESIAN_POINT('',(5.401223951952,-1.79218452154));
#1732 = CARTESIAN_POINT('',(5.416484620335,-1.79218452154));
#1733 = CARTESIAN_POINT('',(5.431745288719,-1.79218452154));
#1734 = CARTESIAN_POINT('',(5.447005956688,-1.79218452154));
#1735 = CARTESIAN_POINT('',(5.473843682011,-1.79218452154));
#1736 = CARTESIAN_POINT('',(5.485420740401,-1.79218452154));
#1737 = CARTESIAN_POINT('',(5.496997798894,-1.79218452154));
#1738 = CARTESIAN_POINT('',(5.508574857388,-1.79218452154));
#1739 = CARTESIAN_POINT('',(5.520151915778,-1.79218452154));
#1740 = CARTESIAN_POINT('',(5.544358491897,-1.79218452154));
#1741 = CARTESIAN_POINT('',(5.556988010156,-1.79218452154));
#1742 = CARTESIAN_POINT('',(5.569617528575,-1.79218452154));
#1743 = CARTESIAN_POINT('',(5.582247046995,-1.79218452154));
#1744 = CARTESIAN_POINT('',(5.594876565254,-1.79218452154));
#1745 = CARTESIAN_POINT('',(5.616978221782,-1.79218452154));
#1746 = CARTESIAN_POINT('',(5.626450360449,-1.79218452154));
#1747 = CARTESIAN_POINT('',(5.635922499154,-1.79218452154));
#1748 = CARTESIAN_POINT('',(5.645394637859,-1.79218452154));
#1749 = CARTESIAN_POINT('',(5.654866776525,-1.79218452154));
#1750 = CARTESIAN_POINT('',(5.76747076471,-1.79218452154));
#1751 = CARTESIAN_POINT('',(5.870635886575,-1.79218452154));
#1752 = CARTESIAN_POINT('',(5.973762111148,-1.79218452154));
#1753 = CARTESIAN_POINT('',(6.07688833572,-1.79218452154));
#1754 = CARTESIAN_POINT('',(6.180053457585,-1.79218452154));
#1755 = CARTESIAN_POINT('',(6.28318530718,-1.79218452154));
#1756 = ( GEOMETRIC_REPRESENTATION_CONTEXT(2) 
PARAMETRIC_REPRESENTATION_CONTEXT() REPRESENTATION_CONTEXT('2D SPACE',''
  ) );
#1757 = ORIENTED_EDGE('',*,*,#694,.F.);
#1758 = ADVANCED_FACE('',(#1759),#566,.F.);
#1759 = FACE_BOUND('',#1760,.T.);
#1760 = EDGE_LOOP('',(#1761,#1762,#1783,#1810));
#1761 = ORIENTED_EDGE('',*,*,#551,.T.);
#1762 = ORIENTED_EDGE('',*,*,#1763,.T.);
#1763 = EDGE_CURVE('',#529,#1764,#1766,.T.);
#1764 = VERTEX_POINT('',#1765);
#1765 = CARTESIAN_POINT('',(1.739161876891E-32,96.6,5.));
#1766 = SEAM_CURVE('',#1767,(#1771,#1777),.PCURVE_S1.);
#1767 = LINE('',#1768,#1769);
#1768 = CARTESIAN_POINT('',(-2.350348339599E-31,99.6,8.));
#1769 = VECTOR('',#1770,1.);
#1770 = DIRECTION('',(6.359672934757E-32,-0.707106781187,-0.707106781187
    ));
#1771 = PCURVE('',#566,#1772);
#1772 = DEFINITIONAL_REPRESENTATION('',(#1773),#1776);
#1773 = B_SPLINE_CURVE_WITH_KNOTS('',1,(#1774,#1775),.UNSPECIFIED.,.F.,
  .F.,(2,2),(0.,5.091168824543),.PIECEWISE_BEZIER_KNOTS.);
#1774 = CARTESIAN_POINT('',(0.,0.));
#1775 = CARTESIAN_POINT('',(0.,-3.6));
#1776 = ( GEOMETRIC_REPRESENTATION_CONTEXT(2) 
PARAMETRIC_REPRESENTATION_CONTEXT() REPRESENTATION_CONTEXT('2D SPACE',''
  ) );
#1777 = PCURVE('',#566,#1778);
#1778 = DEFINITIONAL_REPRESENTATION('',(#1779),#1782);
#1779 = B_SPLINE_CURVE_WITH_KNOTS('',1,(#1780,#1781),.UNSPECIFIED.,.F.,
  .F.,(2,2),(0.,5.091168824543),.PIECEWISE_BEZIER_KNOTS.);
#1780 = CARTESIAN_POINT('',(6.28318530718,0.));
#1781 = CARTESIAN_POINT('',(6.28318530718,-3.6));
#1782 = ( GEOMETRIC_REPRESENTATION_CONTEXT(2) 
PARAMETRIC_REPRESENTATION_CONTEXT() REPRESENTATION_CONTEXT('2D SPACE',''
  ) );
#1783 = ORIENTED_EDGE('',*,*,#1784,.F.);
#1784 = EDGE_CURVE('',#1764,#1764,#1785,.T.);
#1785 = SURFACE_CURVE('',#1786,(#1791,#1798),.PCURVE_S1.);
#1786 = CIRCLE('',#1787,5.);
#1787 = AXIS2_PLACEMENT_3D('',#1788,#1789,#1790);
#1788 = CARTESIAN_POINT('',(4.844800233674E-31,96.6,-1.071536062925E-30)
  );
#1789 = DIRECTION('',(0.,1.,0.));
#1790 = DIRECTION('',(0.,-0.,1.));
#1791 = PCURVE('',#566,#1792);
#1792 = DEFINITIONAL_REPRESENTATION('',(#1793),#1797);
#1793 = LINE('',#1794,#1795);
#1794 = CARTESIAN_POINT('',(2.465190328816E-32,-3.));
#1795 = VECTOR('',#1796,1.);
#1796 = DIRECTION('',(1.,-0.));
#1797 = ( GEOMETRIC_REPRESENTATION_CONTEXT(2) 
PARAMETRIC_REPRESENTATION_CONTEXT() REPRESENTATION_CONTEXT('2D SPACE',''
  ) );
#1798 = PCURVE('',#1799,#1804);
#1799 = CYLINDRICAL_SURFACE('',#1800,5.);
#1800 = AXIS2_PLACEMENT_3D('',#1801,#1802,#1803);
#1801 = CARTESIAN_POINT('',(0.,98.39218452154,0.));
#1802 = DIRECTION('',(0.,1.,0.));
#1803 = DIRECTION('',(0.,0.,1.));
#1804 = DEFINITIONAL_REPRESENTATION('',(#1805),#1809);
#1805 = LINE('',#1806,#1807);
#1806 = CARTESIAN_POINT('',(0.,-1.79218452154));
#1807 = VECTOR('',#1808,1.);
#1808 = DIRECTION('',(1.,0.));
#1809 = ( GEOMETRIC_REPRESENTATION_CONTEXT(2) 
PARAMETRIC_REPRESENTATION_CONTEXT() REPRESENTATION_CONTEXT('2D SPACE',''
  ) );
#1810 = ORIENTED_EDGE('',*,*,#1763,.F.);
#1811 = ADVANCED_FACE('',(#1812),#621,.F.);
#1812 = FACE_BOUND('',#1813,.T.);
#1813 = EDGE_LOOP('',(#1814,#1815,#1836,#2804));
#1814 = ORIENTED_EDGE('',*,*,#606,.T.);
#1815 = ORIENTED_EDGE('',*,*,#1816,.T.);
#1816 = EDGE_CURVE('',#584,#1817,#1819,.T.);
#1817 = VERTEX_POINT('',#1818);
#1818 = CARTESIAN_POINT('',(62.5,96.6,-70.));
#1819 = SEAM_CURVE('',#1820,(#1824,#1830),.PCURVE_S1.);
#1820 = LINE('',#1821,#1822);
#1821 = CARTESIAN_POINT('',(62.5,99.6,-67.));
#1822 = VECTOR('',#1823,1.);
#1823 = DIRECTION('',(-0.,-0.707106781187,-0.707106781187));
#1824 = PCURVE('',#621,#1825);
#1825 = DEFINITIONAL_REPRESENTATION('',(#1826),#1829);
#1826 = B_SPLINE_CURVE_WITH_KNOTS('',1,(#1827,#1828),.UNSPECIFIED.,.F.,
  .F.,(2,2),(0.,5.091168824543),.PIECEWISE_BEZIER_KNOTS.);
#1827 = CARTESIAN_POINT('',(0.,0.));
#1828 = CARTESIAN_POINT('',(0.,-3.6));
#1829 = ( GEOMETRIC_REPRESENTATION_CONTEXT(2) 
PARAMETRIC_REPRESENTATION_CONTEXT() REPRESENTATION_CONTEXT('2D SPACE',''
  ) );
#1830 = PCURVE('',#621,#1831);
#1831 = DEFINITIONAL_REPRESENTATION('',(#1832),#1835);
#1832 = B_SPLINE_CURVE_WITH_KNOTS('',1,(#1833,#1834),.UNSPECIFIED.,.F.,
  .F.,(2,2),(0.,5.091168824543),.PIECEWISE_BEZIER_KNOTS.);
#1833 = CARTESIAN_POINT('',(6.28318530718,0.));
#1834 = CARTESIAN_POINT('',(6.28318530718,-3.6));
#1835 = ( GEOMETRIC_REPRESENTATION_CONTEXT(2) 
PARAMETRIC_REPRESENTATION_CONTEXT() REPRESENTATION_CONTEXT('2D SPACE',''
  ) );
#1836 = ORIENTED_EDGE('',*,*,#1837,.F.);
#1837 = EDGE_CURVE('',#1817,#1817,#1838,.T.);
#1838 = SURFACE_CURVE('',#1839,(#2157,#2478),.PCURVE_S1.);
#1839 = B_SPLINE_CURVE_WITH_KNOTS('',6,(#1840,#1841,#1842,#1843,#1844,
    #1845,#1846,#1847,#1848,#1849,#1850,#1851,#1852,#1853,#1854,#1855,
    #1856,#1857,#1858,#1859,#1860,#1861,#1862,#1863,#1864,#1865,#1866,
    #1867,#1868,#1869,#1870,#1871,#1872,#1873,#1874,#1875,#1876,#1877,
    #1878,#1879,#1880,#1881,#1882,#1883,#1884,#1885,#1886,#1887,#1888,
    #1889,#1890,#1891,#1892,#1893,#1894,#1895,#1896,#1897,#1898,#1899,
    #1900,#1901,#1902,#1903,#1904,#1905,#1906,#1907,#1908,#1909,#1910,
    #1911,#1912,#1913,#1914,#1915,#1916,#1917,#1918,#1919,#1920,#1921,
    #1922,#1923,#1924,#1925,#1926,#1927,#1928,#1929,#1930,#1931,#1932,
    #1933,#1934,#1935,#1936,#1937,#1938,#1939,#1940,#1941,#1942,#1943,
    #1944,#1945,#1946,#1947,#1948,#1949,#1950,#1951,#1952,#1953,#1954,
    #1955,#1956,#1957,#1958,#1959,#1960,#1961,#1962,#1963,#1964,#1965,
    #1966,#1967,#1968,#1969,#1970,#1971,#1972,#1973,#1974,#1975,#1976,
    #1977,#1978,#1979,#1980,#1981,#1982,#1983,#1984,#1985,#1986,#1987,
    #1988,#1989,#1990,#1991,#1992,#1993,#1994,#1995,#1996,#1997,#1998,
    #1999,#2000,#2001,#2002,#2003,#2004,#2005,#2006,#2007,#2008,#2009,
    #2010,#2011,#2012,#2013,#2014,#2015,#2016,#2017,#2018,#2019,#2020,
    #2021,#2022,#2023,#2024,#2025,#2026,#2027,#2028,#2029,#2030,#2031,
    #2032,#2033,#2034,#2035,#2036,#2037,#2038,#2039,#2040,#2041,#2042,
    #2043,#2044,#2045,#2046,#2047,#2048,#2049,#2050,#2051,#2052,#2053,
    #2054,#2055,#2056,#2057,#2058,#2059,#2060,#2061,#2062,#2063,#2064,
    #2065,#2066,#2067,#2068,#2069,#2070,#2071,#2072,#2073,#2074,#2075,
    #2076,#2077,#2078,#2079,#2080,#2081,#2082,#2083,#2084,#2085,#2086,
    #2087,#2088,#2089,#2090,#2091,#2092,#2093,#2094,#2095,#2096,#2097,
    #2098,#2099,#2100,#2101,#2102,#2103,#2104,#2105,#2106,#2107,#2108,
    #2109,#2110,#2111,#2112,#2113,#2114,#2115,#2116,#2117,#2118,#2119,
    #2120,#2121,#2122,#2123,#2124,#2125,#2126,#2127,#2128,#2129,#2130,
    #2131,#2132,#2133,#2134,#2135,#2136,#2137,#2138,#2139,#2140,#2141,
    #2142,#2143,#2144,#2145,#2146,#2147,#2148,#2149,#2150,#2151,#2152,
    #2153,#2154,#2155,#2156),.UNSPECIFIED.,.T.,.F.,(7,5,5,5,5,5,5,5,5,5,
    5,5,5,5,5,5,5,5,5,5,5,5,5,5,5,5,5,5,5,5,5,5,5,5,5,5,5,5,5,5,5,5,5,5,
    5,5,5,5,5,5,5,5,5,5,5,5,5,5,5,5,5,5,5,7),(0.,2.26129662163E-02,
    3.668344493007E-02,5.125644065447E-02,6.231181705556E-02,
    7.638229576934E-02,9.095529149374E-02,0.105025770208,0.119598765932,
    0.134171761656,0.14824224037,0.162815236094,0.175880680746,
    0.188946125398,0.201509053001,0.216082048725,0.230655044449,
    0.245228040174,0.259801035898,0.273871514612,0.288444510336,
    0.301007437939,0.310555263076,0.320103088214,0.334173566927,
    0.347741528616,0.362314524341,0.37588248603,0.388445413633,
    0.403018409357,0.417591405081,0.432164400806,0.442717260125,
    0.457290255849,0.471863251573,0.485933730287,0.499501691976,
    0.513069653665,0.52764264939,0.542215645114,0.556788640838,
    0.571361636563,0.585934632287,0.600005111001,0.614075589715,
    0.628648585439,0.642216547128,0.654276957672,0.669352470392,
    0.682417915043,0.700006012439,0.711563905916,0.747745076061,
    0.785936295331,0.797996705875,0.817092353762,0.830157798414,
    0.840208140644,0.854278619358,0.866841546961,0.876891889192,
    0.891464884916,0.902017744235,1.),.UNSPECIFIED.);
#1840 = CARTESIAN_POINT('',(62.5,96.6,-70.));
#1841 = CARTESIAN_POINT('',(62.618408341786,96.6,-70.));
#1842 = CARTESIAN_POINT('',(62.736808803244,96.6,-70.00336469407));
#1843 = CARTESIAN_POINT('',(62.85508809875,96.6,-70.01009393238));
#1844 = CARTESIAN_POINT('',(62.973130040268,96.6,-70.02018196739));
#1845 = CARTESIAN_POINT('',(63.090815537347,96.6,-70.03361745389));
#1846 = CARTESIAN_POINT('',(63.28095241199,96.6,-70.06081576358));
#1847 = CARTESIAN_POINT('',(63.35369778054,96.6,-70.07253757571));
#1848 = CARTESIAN_POINT('',(63.426230178857,96.6,-70.08554480467));
#1849 = CARTESIAN_POINT('',(63.498521240181,96.6,-70.0998325359));
#1850 = CARTESIAN_POINT('',(63.570542754906,96.6,-70.11539502098));
#1851 = CARTESIAN_POINT('',(63.716552154235,96.6,-70.1496574291));
#1852 = CARTESIAN_POINT('',(63.790518426362,96.6,-70.16844955908));
#1853 = CARTESIAN_POINT('',(63.864134318624,96.6,-70.18859475307));
#1854 = CARTESIAN_POINT('',(63.937368929017,96.6,-70.21008475714));
#1855 = CARTESIAN_POINT('',(64.010191621872,96.6,-70.23291037799));
#1856 = CARTESIAN_POINT('',(64.137481303018,96.6,-70.27538301137));
#1857 = CARTESIAN_POINT('',(64.192136049999,96.6,-70.29446736636));
#1858 = CARTESIAN_POINT('',(64.246523015036,96.6,-70.3143101254));
#1859 = CARTESIAN_POINT('',(64.300629057311,96.6,-70.334906563));
#1860 = CARTESIAN_POINT('',(64.354441148945,96.6,-70.35625165065));
#1861 = CARTESIAN_POINT('',(64.476043933782,96.6,-70.40645257313));
#1862 = CARTESIAN_POINT('',(64.543644436079,96.6,-70.43576914889));
#1863 = CARTESIAN_POINT('',(64.610721248059,96.6,-70.46627878845));
#1864 = CARTESIAN_POINT('',(64.677248094024,96.6,-70.49796972685));
#1865 = CARTESIAN_POINT('',(64.743199056407,96.6,-70.53082942992));
#1866 = CARTESIAN_POINT('',(64.876232006138,96.6,-70.60007458562));
#1867 = CARTESIAN_POINT('',(64.943270288157,96.6,-70.6365440565));
#1868 = CARTESIAN_POINT('',(65.009635023695,96.6,-70.67423822463));
#1869 = CARTESIAN_POINT('',(65.075298304605,96.6,-70.71314146324));
#1870 = CARTESIAN_POINT('',(65.140232712721,96.6,-70.75323730098));
#1871 = CARTESIAN_POINT('',(65.266376871947,96.6,-70.83435640105));
#1872 = CARTESIAN_POINT('',(65.327637868067,96.6,-70.87530001935));
#1873 = CARTESIAN_POINT('',(65.388170072787,96.6,-70.91732369128));
#1874 = CARTESIAN_POINT('',(65.447949740721,96.6,-70.96041113856));
#1875 = CARTESIAN_POINT('',(65.506953616523,96.6,-71.00454539017));
#1876 = CARTESIAN_POINT('',(65.625443014278,96.6,-71.09648515264));
#1877 = CARTESIAN_POINT('',(65.684870497463,96.6,-71.14436550147));
#1878 = CARTESIAN_POINT('',(65.743416091006,96.6,-71.19333020213));
#1879 = CARTESIAN_POINT('',(65.801055134709,96.6,-71.24335888466));
#1880 = CARTESIAN_POINT('',(65.857763601622,96.6,-71.29443043586));
#1881 = CARTESIAN_POINT('',(65.969272594454,96.6,-71.39861556281));
#1882 = CARTESIAN_POINT('',(66.024073139487,96.6,-71.45172915642));
#1883 = CARTESIAN_POINT('',(66.077896340243,96.6,-71.50584192288));
#1884 = CARTESIAN_POINT('',(66.130719502378,96.6,-71.56093132274));
#1885 = CARTESIAN_POINT('',(66.1825206301,96.6,-71.61697413431));
#1886 = CARTESIAN_POINT('',(66.28228595369,96.6,-71.72895421071));
#1887 = CARTESIAN_POINT('',(66.330320878308,96.6,-71.78482849408));
#1888 = CARTESIAN_POINT('',(66.377364032772,96.6,-71.84154778911));
#1889 = CARTESIAN_POINT('',(66.423396907717,96.6,-71.8990900452));
#1890 = CARTESIAN_POINT('',(66.468401651663,96.6,-71.95743267582));
#1891 = CARTESIAN_POINT('',(66.557890469346,96.6,-72.07778386531));
#1892 = CARTESIAN_POINT('',(66.602298558528,96.6,-72.13984895354));
#1893 = CARTESIAN_POINT('',(66.645566235945,96.6,-72.20272213164));
#1894 = CARTESIAN_POINT('',(66.687675208374,96.6,-72.26637716189));
#1895 = CARTESIAN_POINT('',(66.72860799197,96.6,-72.33078726039));
#1896 = CARTESIAN_POINT('',(66.80397680691,96.6,-72.45432453789));
#1897 = CARTESIAN_POINT('',(66.838646881541,96.6,-72.51330895369));
#1898 = CARTESIAN_POINT('',(66.872346122426,96.6,-72.57285865218));
#1899 = CARTESIAN_POINT('',(66.905063067383,96.6,-72.63295363483));
#1900 = CARTESIAN_POINT('',(66.936786805788,96.6,-72.69357359692));
#1901 = CARTESIAN_POINT('',(66.99822715136,96.6,-72.81582225824));
#1902 = CARTESIAN_POINT('',(67.027943765332,96.6,-72.877450971));
#1903 = CARTESIAN_POINT('',(67.056646461973,96.6,-72.93956345471));
#1904 = CARTESIAN_POINT('',(67.084325457577,96.6,-73.00213883828));
#1905 = CARTESIAN_POINT('',(67.110971543241,96.6,-73.06515599072));
#1906 = CARTESIAN_POINT('',(67.161195836542,96.6,-73.18959114675));
#1907 = CARTESIAN_POINT('',(67.18485262717,96.6,-73.2509774477));
#1908 = CARTESIAN_POINT('',(67.207538781975,96.6,-73.31273340837));
#1909 = CARTESIAN_POINT('',(67.229247133801,96.6,-73.37483983122));
#1910 = CARTESIAN_POINT('',(67.249971023107,96.6,-73.43727733677));
#1911 = CARTESIAN_POINT('',(67.292594896363,96.6,-73.57281523326));
#1912 = CARTESIAN_POINT('',(67.314152530321,96.6,-73.64602330645));
#1913 = CARTESIAN_POINT('',(67.33436759605,96.6,-73.71962004247));
#1914 = CARTESIAN_POINT('',(67.353231433615,96.6,-73.79357465062));
#1915 = CARTESIAN_POINT('',(67.370736326945,96.6,-73.86785609023));
#1916 = CARTESIAN_POINT('',(67.403014680722,96.6,-74.01701005108));
#1917 = CARTESIAN_POINT('',(67.417788146701,96.6,-74.09188259788));
#1918 = CARTESIAN_POINT('',(67.431189130726,96.6,-74.16701942016));
#1919 = CARTESIAN_POINT('',(67.44321182452,96.6,-74.24238906437));
#1920 = CARTESIAN_POINT('',(67.453851382572,96.6,-74.31795991435));
#1921 = CARTESIAN_POINT('',(67.472356461709,96.6,-74.46944046823));
#1922 = CARTESIAN_POINT('',(67.480221985966,96.6,-74.54535019811));
#1923 = CARTESIAN_POINT('',(67.48669661335,96.6,-74.62139760198));
#1924 = CARTESIAN_POINT('',(67.491777435903,96.6,-74.69755082697));
#1925 = CARTESIAN_POINT('',(67.495462519273,96.6,-74.7737779463));
#1926 = CARTESIAN_POINT('',(67.500039286155,96.6,-74.92631597227));
#1927 = CARTESIAN_POINT('',(67.500930970452,96.6,-75.00262690504));
#1928 = CARTESIAN_POINT('',(67.500424996044,96.6,-75.07894775687));
#1929 = CARTESIAN_POINT('',(67.498521379659,96.6,-75.15524654244));
#1930 = CARTESIAN_POINT('',(67.495221114309,96.6,-75.23149129183));
#1931 = CARTESIAN_POINT('',(67.485993118903,96.6,-75.38118264564));
#1932 = CARTESIAN_POINT('',(67.480159913889,96.6,-75.45463510131));
#1933 = CARTESIAN_POINT('',(67.473028327679,96.6,-75.52797865787));
#1934 = CARTESIAN_POINT('',(67.464600977484,96.6,-75.60118464519));
#1935 = CARTESIAN_POINT('',(67.454881324307,96.6,-75.67422448273));
#1936 = CARTESIAN_POINT('',(67.432472891224,96.6,-75.82251649003));
#1937 = CARTESIAN_POINT('',(67.419690464856,96.6,-75.89775453318));
#1938 = CARTESIAN_POINT('',(67.405531177921,96.6,-75.97275215333));
#1939 = CARTESIAN_POINT('',(67.390000772272,96.6,-76.04747788474));
#1940 = CARTESIAN_POINT('',(67.373105947517,96.6,-76.1219004516));
#1941 = CARTESIAN_POINT('',(67.339120234416,96.6,-76.25985800762));
#1942 = CARTESIAN_POINT('',(67.322377809066,96.6,-76.32347886018));
#1943 = CARTESIAN_POINT('',(67.304631990192,96.6,-76.38683141507));
#1944 = CARTESIAN_POINT('',(67.285888201106,96.6,-76.44989591117));
#1945 = CARTESIAN_POINT('',(67.266152383207,96.6,-76.51265273693));
#1946 = CARTESIAN_POINT('',(67.229682741436,96.6,-76.62252899809));
#1947 = CARTESIAN_POINT('',(67.213365220443,96.6,-76.66978661913));
#1948 = CARTESIAN_POINT('',(67.196481267912,96.6,-76.71684675255));
#1949 = CARTESIAN_POINT('',(67.179033887703,96.6,-76.76370091922));
#1950 = CARTESIAN_POINT('',(67.16102625264,96.6,-76.81034070177));
#1951 = CARTESIAN_POINT('',(67.123897156363,96.6,-76.90317478747));
#1952 = CARTESIAN_POINT('',(67.104775693977,96.6,-76.94936909355));
#1953 = CARTESIAN_POINT('',(67.085100659209,96.6,-76.99533230729));
#1954 = CARTESIAN_POINT('',(67.064875558879,96.6,-77.04105614491));
#1955 = CARTESIAN_POINT('',(67.044104064757,96.6,-77.08653239442));
#1956 = CARTESIAN_POINT('',(66.991379833832,96.6,-77.1983936816));
#1957 = CARTESIAN_POINT('',(66.958791352164,96.6,-77.26447908383));
#1958 = CARTESIAN_POINT('',(66.925036854005,96.6,-77.32998305825));
#1959 = CARTESIAN_POINT('',(66.890129375609,96.6,-77.39487993617));
#1960 = CARTESIAN_POINT('',(66.854082704036,96.6,-77.45914444421));
#1961 = CARTESIAN_POINT('',(66.781067597474,96.6,-77.58408727694));
#1962 = CARTESIAN_POINT('',(66.744178050749,96.6,-77.6448117263));
#1963 = CARTESIAN_POINT('',(66.706255772125,96.6,-77.70490274757));
#1964 = CARTESIAN_POINT('',(66.667314413815,96.6,-77.76433843269));
#1965 = CARTESIAN_POINT('',(66.627368245098,96.6,-77.82309727044));
#1966 = CARTESIAN_POINT('',(66.542463756864,96.6,-77.94351982726));
#1967 = CARTESIAN_POINT('',(66.497353336593,96.6,-78.00507633418));
#1968 = CARTESIAN_POINT('',(66.451119340114,96.6,-78.06580150198));
#1969 = CARTESIAN_POINT('',(66.403780987455,96.6,-78.12566976404));
#1970 = CARTESIAN_POINT('',(66.355358270063,96.6,-78.18465615231));
#1971 = CARTESIAN_POINT('',(66.259798480626,96.6,-78.29681091573));
#1972 = CARTESIAN_POINT('',(66.212803040284,96.6,-78.35009999524));
#1973 = CARTESIAN_POINT('',(66.16490238497,96.6,-78.40258387156));
#1974 = CARTESIAN_POINT('',(66.116113807529,96.6,-78.45424337953));
#1975 = CARTESIAN_POINT('',(66.066455138455,96.6,-78.50505985318));
#1976 = CARTESIAN_POINT('',(65.969175863463,96.6,-78.60127000804));
#1977 = CARTESIAN_POINT('',(65.921676755439,96.6,-78.64678655915));
#1978 = CARTESIAN_POINT('',(65.873462001801,96.6,-78.69155035959));
#1979 = CARTESIAN_POINT('',(65.8245465463,96.6,-78.73554738802));
#1980 = CARTESIAN_POINT('',(65.774945696448,96.6,-78.77876402118));
#1981 = CARTESIAN_POINT('',(65.666361260117,96.6,-78.87039772755));
#1982 = CARTESIAN_POINT('',(65.607146200892,96.6,-78.9185405393));
#1983 = CARTESIAN_POINT('',(65.547054413383,96.6,-78.96559482187));
#1984 = CARTESIAN_POINT('',(65.486110960035,96.6,-79.0115407023));
#1985 = CARTESIAN_POINT('',(65.424341498198,96.6,-79.05635908185));
#1986 = CARTESIAN_POINT('',(65.299203062063,96.6,-79.14370419026));
#1987 = CARTESIAN_POINT('',(65.235834066316,96.6,-79.18623093407));
#1988 = CARTESIAN_POINT('',(65.17169154583,96.6,-79.227593544));
#1989 = CARTESIAN_POINT('',(65.106802275166,96.6,-79.26777452193));
#1990 = CARTESIAN_POINT('',(65.041193550509,96.6,-79.30675719514));
#1991 = CARTESIAN_POINT('',(64.90859282882,96.6,-79.38229423749));
#1992 = CARTESIAN_POINT('',(64.84160080906,96.6,-79.41884861959));
#1993 = CARTESIAN_POINT('',(64.773944948781,96.6,-79.45417301631));
#1994 = CARTESIAN_POINT('',(64.705653510342,96.6,-79.48825245102));
#1995 = CARTESIAN_POINT('',(64.636755200071,96.6,-79.52107281671));
#1996 = CARTESIAN_POINT('',(64.51696893668,96.6,-79.5754660231));
#1997 = CARTESIAN_POINT('',(64.466355753352,96.6,-79.59764400758));
#1998 = CARTESIAN_POINT('',(64.415450682616,96.6,-79.61914980536));
#1999 = CARTESIAN_POINT('',(64.364264891645,96.6,-79.63997864036));
#2000 = CARTESIAN_POINT('',(64.312809650449,96.6,-79.66012598449));
#2001 = CARTESIAN_POINT('',(64.189682703793,96.6,-79.70646306259));
#2002 = CARTESIAN_POINT('',(64.117776897604,96.6,-79.7320307883));
#2003 = CARTESIAN_POINT('',(64.04540887702,96.6,-79.75627945901));
#2004 = CARTESIAN_POINT('',(63.972608907489,96.6,-79.77919872755));
#2005 = CARTESIAN_POINT('',(63.89940755618,96.6,-79.80077917537));
#2006 = CARTESIAN_POINT('',(63.752263827806,96.6,-79.84124544973));
#2007 = CARTESIAN_POINT('',(63.67832142552,96.6,-79.8601312832));
#2008 = CARTESIAN_POINT('',(63.604039354347,96.6,-79.87766132418));
#2009 = CARTESIAN_POINT('',(63.529448699055,96.6,-79.89382803619));
#2010 = CARTESIAN_POINT('',(63.454580759962,96.6,-79.90862483509));
#2011 = CARTESIAN_POINT('',(63.30694347332,96.6,-79.93500454122));
#2012 = CARTESIAN_POINT('',(63.23419076025,96.6,-79.94668068211));
#2013 = CARTESIAN_POINT('',(63.161237278915,96.6,-79.95706944393));
#2014 = CARTESIAN_POINT('',(63.088111506696,96.6,-79.96616659999));
#2015 = CARTESIAN_POINT('',(63.014842033166,96.6,-79.97396876467));
#2016 = CARTESIAN_POINT('',(62.870693960676,96.6,-79.98674571404));
#2017 = CARTESIAN_POINT('',(62.799823410011,96.6,-79.99181152657));
#2018 = CARTESIAN_POINT('',(62.728871641747,96.6,-79.99566855045));
#2019 = CARTESIAN_POINT('',(62.657864423113,96.6,-79.99831523795));
#2020 = CARTESIAN_POINT('',(62.586827554913,96.6,-79.99975077426));
#2021 = CARTESIAN_POINT('',(62.44474618814,96.6,-80.00019938055));
#2022 = CARTESIAN_POINT('',(62.373701671269,96.6,-79.9992124506));
#2023 = CARTESIAN_POINT('',(62.302679155296,96.6,-79.99701420636));
#2024 = CARTESIAN_POINT('',(62.231704445656,96.6,-79.99360529974));
#2025 = CARTESIAN_POINT('',(62.160803318836,96.6,-79.98898711568));
#2026 = CARTESIAN_POINT('',(62.01395514926,96.6,-79.97690492194));
#2027 = CARTESIAN_POINT('',(61.938023343584,96.6,-79.9692554482));
#2028 = CARTESIAN_POINT('',(61.862238012605,96.6,-79.96021597683));
#2029 = CARTESIAN_POINT('',(61.786630939059,96.6,-79.94979010209));
#2030 = CARTESIAN_POINT('',(61.711233781166,96.6,-79.93798238667));
#2031 = CARTESIAN_POINT('',(61.560922364092,96.6,-79.91161433673));
#2032 = CARTESIAN_POINT('',(61.486008079148,96.6,-79.89705399769));
#2033 = CARTESIAN_POINT('',(61.411366751293,96.6,-79.88112287687));
#2034 = CARTESIAN_POINT('',(61.337029701479,96.6,-79.86382745958));
#2035 = CARTESIAN_POINT('',(61.263028038115,96.6,-79.84517518409));
#2036 = CARTESIAN_POINT('',(61.115757276006,96.6,-79.80517369926));
#2037 = CARTESIAN_POINT('',(61.04248815202,96.6,-79.78382448307));
#2038 = CARTESIAN_POINT('',(60.969616180652,96.6,-79.76113518552));
#2039 = CARTESIAN_POINT('',(60.897171958658,96.6,-79.73711512861));
#2040 = CARTESIAN_POINT('',(60.825185784004,96.6,-79.71177456389));
#2041 = CARTESIAN_POINT('',(60.682189527718,96.6,-79.65847478107));
#2042 = CARTESIAN_POINT('',(60.611179421575,96.6,-79.63051555384));
#2043 = CARTESIAN_POINT('',(60.54068733619,96.6,-79.60125817302));
#2044 = CARTESIAN_POINT('',(60.470742887782,96.6,-79.5707147192));
#2045 = CARTESIAN_POINT('',(60.401375310031,96.6,-79.53889817132));
#2046 = CARTESIAN_POINT('',(60.263851598137,96.6,-79.47274664204));
#2047 = CARTESIAN_POINT('',(60.195695440421,96.6,-79.43841164929));
#2048 = CARTESIAN_POINT('',(60.128173831566,96.6,-79.40283130679));
#2049 = CARTESIAN_POINT('',(60.061315159125,96.6,-79.36602035253));
#2050 = CARTESIAN_POINT('',(59.995147347575,96.6,-79.32799438408));
#2051 = CARTESIAN_POINT('',(59.866505247622,96.6,-79.25089790283));
#2052 = CARTESIAN_POINT('',(59.803982253998,96.6,-79.21190861207));
#2053 = CARTESIAN_POINT('',(59.742153592807,96.6,-79.17181679911));
#2054 = CARTESIAN_POINT('',(59.681043511487,96.6,-79.13063798451));
#2055 = CARTESIAN_POINT('',(59.620675789539,96.6,-79.08838839668));
#2056 = CARTESIAN_POINT('',(59.501471687536,96.6,-79.00178154706));
#2057 = CARTESIAN_POINT('',(59.442635289723,96.6,-78.95742427237));
#2058 = CARTESIAN_POINT('',(59.384587856108,96.6,-78.91203008484));
#2059 = CARTESIAN_POINT('',(59.327352169094,96.6,-78.86561658526));
#2060 = CARTESIAN_POINT('',(59.27095048249,96.6,-78.8182020382));
#2061 = CARTESIAN_POINT('',(59.15787477653,96.6,-78.71968025368));
#2062 = CARTESIAN_POINT('',(59.1012629532,96.6,-78.66850159582));
#2063 = CARTESIAN_POINT('',(59.045593189271,96.6,-78.61629043017));
#2064 = CARTESIAN_POINT('',(58.990888948067,96.6,-78.56306849457));
#2065 = CARTESIAN_POINT('',(58.93717301847,96.6,-78.50885823291));
#2066 = CARTESIAN_POINT('',(58.835396873134,96.6,-78.40231255935));
#2067 = CARTESIAN_POINT('',(58.787202079938,96.6,-78.3501056698));
#2068 = CARTESIAN_POINT('',(58.739900979893,96.6,-78.29708080783));
#2069 = CARTESIAN_POINT('',(58.693510865945,96.6,-78.24325713849));
#2070 = CARTESIAN_POINT('',(58.648048479426,96.6,-78.18865431054));
#2071 = CARTESIAN_POINT('',(58.56395803677,96.6,-78.08408191878));
#2072 = CARTESIAN_POINT('',(58.525131866826,96.6,-78.03427164719));
#2073 = CARTESIAN_POINT('',(58.487062868549,96.6,-77.98387577927));
#2074 = CARTESIAN_POINT('',(58.449762042736,96.6,-77.93290872593));
#2075 = CARTESIAN_POINT('',(58.413240022655,96.6,-77.88138517134));
#2076 = CARTESIAN_POINT('',(58.332840889642,96.6,-77.76423870203));
#2077 = CARTESIAN_POINT('',(58.289407616265,96.6,-77.69831114954));
#2078 = CARTESIAN_POINT('',(58.24722731024,96.6,-77.63156664011));
#2079 = CARTESIAN_POINT('',(58.206319076998,96.6,-77.56403498673));
#2080 = CARTESIAN_POINT('',(58.166701071077,96.6,-77.49574659079));
#2081 = CARTESIAN_POINT('',(58.095187997064,96.6,-77.36692017854));
#2082 = CARTESIAN_POINT('',(58.062967514543,96.6,-77.30656277726));
#2083 = CARTESIAN_POINT('',(58.031740244109,96.6,-77.24568040701));
#2084 = CARTESIAN_POINT('',(58.001516817661,96.6,-77.18429351981));
#2085 = CARTESIAN_POINT('',(57.972307303443,96.6,-77.12242285098));
#2086 = CARTESIAN_POINT('',(57.906178385147,96.6,-76.97617903567));
#2087 = CARTESIAN_POINT('',(57.87009010966,96.6,-76.89143002218));
#2088 = CARTESIAN_POINT('',(57.835879576418,96.6,-76.80589368281));
#2089 = CARTESIAN_POINT('',(57.803568050259,96.6,-76.71962206979));
#2090 = CARTESIAN_POINT('',(57.773174864016,96.6,-76.63266798337));
#2091 = CARTESIAN_POINT('',(57.726016810027,96.6,-76.48753041696));
#2092 = CARTESIAN_POINT('',(57.708152119564,96.6,-76.42970425151));
#2093 = CARTESIAN_POINT('',(57.691128280796,96.6,-76.37162166022));
#2094 = CARTESIAN_POINT('',(57.674949855898,96.6,-76.3132979338));
#2095 = CARTESIAN_POINT('',(57.659621035557,96.6,-76.25474846887));
#2096 = CARTESIAN_POINT('',(57.599831431189,96.6,-76.01204566992));
#2097 = CARTESIAN_POINT('',(57.562880190792,96.6,-75.8260410917));
#2098 = CARTESIAN_POINT('',(57.534409524941,96.6,-75.6384530159));
#2099 = CARTESIAN_POINT('',(57.514500216006,96.6,-75.44976415981));
#2100 = CARTESIAN_POINT('',(57.503196221573,96.6,-75.26046197548));
#2101 = CARTESIAN_POINT('',(57.497663598102,96.6,-74.871091889));
#2102 = CARTESIAN_POINT('',(57.504418458536,96.6,-74.67100716063));
#2103 = CARTESIAN_POINT('',(57.520777293518,96.6,-74.47136369459));
#2104 = CARTESIAN_POINT('',(57.546702301693,96.6,-74.27273585423));
#2105 = CARTESIAN_POINT('',(57.582109842582,96.6,-74.07569313623));
#2106 = CARTESIAN_POINT('',(57.641005390904,96.6,-73.81925489335));
#2107 = CARTESIAN_POINT('',(57.656073091079,96.6,-73.75792383238));
#2108 = CARTESIAN_POINT('',(57.672069476146,96.6,-73.69682466874));
#2109 = CARTESIAN_POINT('',(57.68899004297,96.6,-73.63597496413));
#2110 = CARTESIAN_POINT('',(57.706829846244,96.6,-73.5753921609));
#2111 = CARTESIAN_POINT('',(57.75527677787,96.6,-73.41962084291));
#2112 = CARTESIAN_POINT('',(57.787261045393,96.6,-73.32486057835));
#2113 = CARTESIAN_POINT('',(57.821514892857,96.6,-73.23088161195));
#2114 = CARTESIAN_POINT('',(57.858014219307,96.6,-73.13775174907));
#2115 = CARTESIAN_POINT('',(57.896732231018,96.6,-73.04553777682));
#2116 = CARTESIAN_POINT('',(57.965628588438,96.6,-72.89188334885));
#2117 = CARTESIAN_POINT('',(57.9946426082,96.6,-72.82992076305));
#2118 = CARTESIAN_POINT('',(58.024672062618,96.6,-72.76843875516));
#2119 = CARTESIAN_POINT('',(58.055706948968,96.6,-72.70745809219));
#2120 = CARTESIAN_POINT('',(58.087736699978,96.6,-72.64699925964));
#2121 = CARTESIAN_POINT('',(58.146145171883,96.6,-72.54099261591));
#2122 = CARTESIAN_POINT('',(58.172122253492,96.6,-72.49522349501));
#2123 = CARTESIAN_POINT('',(58.198676363147,96.6,-72.44978429215));
#2124 = CARTESIAN_POINT('',(58.225802245359,96.6,-72.40468408804));
#2125 = CARTESIAN_POINT('',(58.253494454654,96.6,-72.35993185076));
#2126 = CARTESIAN_POINT('',(58.321301415724,96.6,-72.25338285652));
#2127 = CARTESIAN_POINT('',(58.361954439596,96.6,-72.19192863636));
#2128 = CARTESIAN_POINT('',(58.40369095658,96.6,-72.13119808424));
#2129 = CARTESIAN_POINT('',(58.44649480103,96.6,-72.07121502237));
#2130 = CARTESIAN_POINT('',(58.490349112269,96.6,-72.01200278621));
#2131 = CARTESIAN_POINT('',(58.57531421223,96.6,-71.90142479359));
#2132 = CARTESIAN_POINT('',(58.61621552935,96.6,-71.84989806319));
#2133 = CARTESIAN_POINT('',(58.657927791808,96.6,-71.7990202934));
#2134 = CARTESIAN_POINT('',(58.700438091165,96.6,-71.74880739917));
#2135 = CARTESIAN_POINT('',(58.743733104689,96.6,-71.6992749503));
#2136 = CARTESIAN_POINT('',(58.823051888405,96.6,-71.61136874772));
#2137 = CARTESIAN_POINT('',(58.858798110841,96.6,-71.57274454832));
#2138 = CARTESIAN_POINT('',(58.895030730861,96.6,-71.53457336622));
#2139 = CARTESIAN_POINT('',(58.931742557439,96.6,-71.49686284135));
#2140 = CARTESIAN_POINT('',(58.968926240323,96.6,-71.4596204606));
#2141 = CARTESIAN_POINT('',(59.061163911205,96.6,-71.36954155051));
#2142 = CARTESIAN_POINT('',(59.116729854109,96.6,-71.31722922356));
#2143 = CARTESIAN_POINT('',(59.173249193776,96.6,-71.26593894497));
#2144 = CARTESIAN_POINT('',(59.230698375722,96.6,-71.21569235376));
#2145 = CARTESIAN_POINT('',(59.289053195947,96.6,-71.16651035992));
#2146 = CARTESIAN_POINT('',(59.391183550774,96.6,-71.0835841251));
#2147 = CARTESIAN_POINT('',(59.434540170081,96.6,-71.04932393122));
#2148 = CARTESIAN_POINT('',(59.478349225319,96.6,-71.01564022234));
#2149 = CARTESIAN_POINT('',(59.52260112073,96.6,-70.98254044414));
#2150 = CARTESIAN_POINT('',(59.567286098336,96.6,-70.95003182838));
#2151 = CARTESIAN_POINT('',(60.03121885575,96.6,-70.62183615367));
#2152 = CARTESIAN_POINT('',(60.486659969354,96.599999999999,
    -70.37702423986));
#2153 = CARTESIAN_POINT('',(60.970513830505,96.6,-70.18957611699));
#2154 = CARTESIAN_POINT('',(61.473775631398,96.599999999999,
    -70.06316837403));
#2155 = CARTESIAN_POINT('',(61.986970757665,96.6,-70.));
#2156 = CARTESIAN_POINT('',(62.5,96.6,-70.));
#2157 = PCURVE('',#621,#2158);
#2158 = DEFINITIONAL_REPRESENTATION('',(#2159),#2477);
#2159 = B_SPLINE_CURVE_WITH_KNOTS('',6,(#2160,#2161,#2162,#2163,#2164,
    #2165,#2166,#2167,#2168,#2169,#2170,#2171,#2172,#2173,#2174,#2175,
    #2176,#2177,#2178,#2179,#2180,#2181,#2182,#2183,#2184,#2185,#2186,
    #2187,#2188,#2189,#2190,#2191,#2192,#2193,#2194,#2195,#2196,#2197,
    #2198,#2199,#2200,#2201,#2202,#2203,#2204,#2205,#2206,#2207,#2208,
    #2209,#2210,#2211,#2212,#2213,#2214,#2215,#2216,#2217,#2218,#2219,
    #2220,#2221,#2222,#2223,#2224,#2225,#2226,#2227,#2228,#2229,#2230,
    #2231,#2232,#2233,#2234,#2235,#2236,#2237,#2238,#2239,#2240,#2241,
    #2242,#2243,#2244,#2245,#2246,#2247,#2248,#2249,#2250,#2251,#2252,
    #2253,#2254,#2255,#2256,#2257,#2258,#2259,#2260,#2261,#2262,#2263,
    #2264,#2265,#2266,#2267,#2268,#2269,#2270,#2271,#2272,#2273,#2274,
    #2275,#2276,#2277,#2278,#2279,#2280,#2281,#2282,#2283,#2284,#2285,
    #2286,#2287,#2288,#2289,#2290,#2291,#2292,#2293,#2294,#2295,#2296,
    #2297,#2298,#2299,#2300,#2301,#2302,#2303,#2304,#2305,#2306,#2307,
    #2308,#2309,#2310,#2311,#2312,#2313,#2314,#2315,#2316,#2317,#2318,
    #2319,#2320,#2321,#2322,#2323,#2324,#2325,#2326,#2327,#2328,#2329,
    #2330,#2331,#2332,#2333,#2334,#2335,#2336,#2337,#2338,#2339,#2340,
    #2341,#2342,#2343,#2344,#2345,#2346,#2347,#2348,#2349,#2350,#2351,
    #2352,#2353,#2354,#2355,#2356,#2357,#2358,#2359,#2360,#2361,#2362,
    #2363,#2364,#2365,#2366,#2367,#2368,#2369,#2370,#2371,#2372,#2373,
    #2374,#2375,#2376,#2377,#2378,#2379,#2380,#2381,#2382,#2383,#2384,
    #2385,#2386,#2387,#2388,#2389,#2390,#2391,#2392,#2393,#2394,#2395,
    #2396,#2397,#2398,#2399,#2400,#2401,#2402,#2403,#2404,#2405,#2406,
    #2407,#2408,#2409,#2410,#2411,#2412,#2413,#2414,#2415,#2416,#2417,
    #2418,#2419,#2420,#2421,#2422,#2423,#2424,#2425,#2426,#2427,#2428,
    #2429,#2430,#2431,#2432,#2433,#2434,#2435,#2436,#2437,#2438,#2439,
    #2440,#2441,#2442,#2443,#2444,#2445,#2446,#2447,#2448,#2449,#2450,
    #2451,#2452,#2453,#2454,#2455,#2456,#2457,#2458,#2459,#2460,#2461,
    #2462,#2463,#2464,#2465,#2466,#2467,#2468,#2469,#2470,#2471,#2472,
    #2473,#2474,#2475,#2476),.UNSPECIFIED.,.F.,.F.,(7,5,5,5,5,5,5,5,5,5,
    5,5,5,5,5,5,5,5,5,5,5,5,5,5,5,5,5,5,5,5,5,5,5,5,5,5,5,5,5,5,5,5,5,5,
    5,5,5,5,5,5,5,5,5,5,5,5,5,5,5,5,5,5,5,7),(0.,2.26129662163E-02,
    3.668344493007E-02,5.125644065447E-02,6.231181705556E-02,
    7.638229576934E-02,9.095529149374E-02,0.105025770208,0.119598765932,
    0.134171761656,0.14824224037,0.162815236094,0.175880680746,
    0.188946125398,0.201509053001,0.216082048725,0.230655044449,
    0.245228040174,0.259801035898,0.273871514612,0.288444510336,
    0.301007437939,0.310555263076,0.320103088214,0.334173566927,
    0.347741528616,0.362314524341,0.37588248603,0.388445413633,
    0.403018409357,0.417591405081,0.432164400806,0.442717260125,
    0.457290255849,0.471863251573,0.485933730287,0.499501691976,
    0.513069653665,0.52764264939,0.542215645114,0.556788640838,
    0.571361636563,0.585934632287,0.600005111001,0.614075589715,
    0.628648585439,0.642216547128,0.654276957672,0.669352470392,
    0.682417915043,0.700006012439,0.711563905916,0.747745076061,
    0.785936295331,0.797996705875,0.817092353762,0.830157798414,
    0.840208140644,0.854278619358,0.866841546961,0.876891889192,
    0.891464884916,0.902017744235,1.),.UNSPECIFIED.);
#2160 = CARTESIAN_POINT('',(-2.6645352591E-15,-3.));
#2161 = CARTESIAN_POINT('',(2.368166835718E-02,-3.));
#2162 = CARTESIAN_POINT('',(4.7361744526E-02,-3.));
#2163 = CARTESIAN_POINT('',(7.104152275326E-02,-3.));
#2164 = CARTESIAN_POINT('',(9.472163512287E-02,-3.));
#2165 = CARTESIAN_POINT('',(0.118402051556,-3.));
#2166 = CARTESIAN_POINT('',(0.156816517138,-3.));
#2167 = CARTESIAN_POINT('',(0.17155095516,-3.));
#2168 = CARTESIAN_POINT('',(0.186285393529,-3.));
#2169 = CARTESIAN_POINT('',(0.201019831899,-3.));
#2170 = CARTESIAN_POINT('',(0.215754269921,-3.));
#2171 = CARTESIAN_POINT('',(0.24574937439,-3.));
#2172 = CARTESIAN_POINT('',(0.261010042359,-3.));
#2173 = CARTESIAN_POINT('',(0.276270710743,-3.));
#2174 = CARTESIAN_POINT('',(0.291531379126,-3.));
#2175 = CARTESIAN_POINT('',(0.306792047096,-3.));
#2176 = CARTESIAN_POINT('',(0.333629772419,-3.));
#2177 = CARTESIAN_POINT('',(0.345206830809,-3.));
#2178 = CARTESIAN_POINT('',(0.356783889302,-3.));
#2179 = CARTESIAN_POINT('',(0.368360947796,-3.));
#2180 = CARTESIAN_POINT('',(0.379938006185,-3.));
#2181 = CARTESIAN_POINT('',(0.406249501694,-3.));
#2182 = CARTESIAN_POINT('',(0.420983939716,-3.));
#2183 = CARTESIAN_POINT('',(0.435718378086,-3.));
#2184 = CARTESIAN_POINT('',(0.450452816455,-3.));
#2185 = CARTESIAN_POINT('',(0.465187254477,-3.));
#2186 = CARTESIAN_POINT('',(0.495182358946,-3.));
#2187 = CARTESIAN_POINT('',(0.510443026916,-3.));
#2188 = CARTESIAN_POINT('',(0.525703695299,-3.));
#2189 = CARTESIAN_POINT('',(0.540964363683,-3.));
#2190 = CARTESIAN_POINT('',(0.556225031652,-3.));
#2191 = CARTESIAN_POINT('',(0.586220136121,-3.));
#2192 = CARTESIAN_POINT('',(0.600954574143,-3.));
#2193 = CARTESIAN_POINT('',(0.615689012513,-3.));
#2194 = CARTESIAN_POINT('',(0.630423450882,-3.));
#2195 = CARTESIAN_POINT('',(0.645157888904,-3.));
#2196 = CARTESIAN_POINT('',(0.675152993373,-3.));
#2197 = CARTESIAN_POINT('',(0.690413661342,-3.));
#2198 = CARTESIAN_POINT('',(0.705674329726,-3.));
#2199 = CARTESIAN_POINT('',(0.720934998109,-3.));
#2200 = CARTESIAN_POINT('',(0.736195666079,-3.));
#2201 = CARTESIAN_POINT('',(0.766717000362,-3.));
#2202 = CARTESIAN_POINT('',(0.781977668331,-3.));
#2203 = CARTESIAN_POINT('',(0.797238336715,-3.));
#2204 = CARTESIAN_POINT('',(0.812499005099,-3.));
#2205 = CARTESIAN_POINT('',(0.827759673068,-3.));
#2206 = CARTESIAN_POINT('',(0.857754777537,-3.));
#2207 = CARTESIAN_POINT('',(0.872489215559,-3.));
#2208 = CARTESIAN_POINT('',(0.887223653928,-3.));
#2209 = CARTESIAN_POINT('',(0.901958092298,-3.));
#2210 = CARTESIAN_POINT('',(0.91669253032,-3.));
#2211 = CARTESIAN_POINT('',(0.946687634789,-3.));
#2212 = CARTESIAN_POINT('',(0.961948302758,-3.));
#2213 = CARTESIAN_POINT('',(0.977208971142,-3.));
#2214 = CARTESIAN_POINT('',(0.992469639525,-3.));
#2215 = CARTESIAN_POINT('',(1.007730307495,-3.));
#2216 = CARTESIAN_POINT('',(1.036672952292,-3.));
#2217 = CARTESIAN_POINT('',(1.050354930428,-3.));
#2218 = CARTESIAN_POINT('',(1.064036908804,-3.));
#2219 = CARTESIAN_POINT('',(1.077718887179,-3.));
#2220 = CARTESIAN_POINT('',(1.091400865315,-3.));
#2221 = CARTESIAN_POINT('',(1.118764820627,-3.));
#2222 = CARTESIAN_POINT('',(1.132446798763,-3.));
#2223 = CARTESIAN_POINT('',(1.146128777139,-3.));
#2224 = CARTESIAN_POINT('',(1.159810755514,-3.));
#2225 = CARTESIAN_POINT('',(1.17349273365,-3.));
#2226 = CARTESIAN_POINT('',(1.200330459108,-3.));
#2227 = CARTESIAN_POINT('',(1.213486207305,-3.));
#2228 = CARTESIAN_POINT('',(1.226641955698,-3.));
#2229 = CARTESIAN_POINT('',(1.239797704092,-3.));
#2230 = CARTESIAN_POINT('',(1.252953452288,-3.));
#2231 = CARTESIAN_POINT('',(1.281369867231,-3.));
#2232 = CARTESIAN_POINT('',(1.296630535201,-3.));
#2233 = CARTESIAN_POINT('',(1.311891203584,-3.));
#2234 = CARTESIAN_POINT('',(1.327151871968,-3.));
#2235 = CARTESIAN_POINT('',(1.342412539937,-3.));
#2236 = CARTESIAN_POINT('',(1.372933874221,-3.));
#2237 = CARTESIAN_POINT('',(1.38819454219,-3.));
#2238 = CARTESIAN_POINT('',(1.403455210574,-3.));
#2239 = CARTESIAN_POINT('',(1.418715878957,-3.));
#2240 = CARTESIAN_POINT('',(1.433976546927,-3.));
#2241 = CARTESIAN_POINT('',(1.46449788121,-3.));
#2242 = CARTESIAN_POINT('',(1.479758549179,-3.));
#2243 = CARTESIAN_POINT('',(1.495019217563,-3.));
#2244 = CARTESIAN_POINT('',(1.510279885946,-3.));
#2245 = CARTESIAN_POINT('',(1.525540553916,-3.));
#2246 = CARTESIAN_POINT('',(1.556061888199,-3.));
#2247 = CARTESIAN_POINT('',(1.571322556168,-3.));
#2248 = CARTESIAN_POINT('',(1.586583224552,-3.));
#2249 = CARTESIAN_POINT('',(1.601843892935,-3.));
#2250 = CARTESIAN_POINT('',(1.617104560905,-3.));
#2251 = CARTESIAN_POINT('',(1.647099665373,-3.));
#2252 = CARTESIAN_POINT('',(1.661834103396,-3.));
#2253 = CARTESIAN_POINT('',(1.676568541765,-3.));
#2254 = CARTESIAN_POINT('',(1.691302980134,-3.));
#2255 = CARTESIAN_POINT('',(1.706037418157,-3.));
#2256 = CARTESIAN_POINT('',(1.736032522625,-3.));
#2257 = CARTESIAN_POINT('',(1.751293190595,-3.));
#2258 = CARTESIAN_POINT('',(1.766553858978,-3.));
#2259 = CARTESIAN_POINT('',(1.781814527362,-3.));
#2260 = CARTESIAN_POINT('',(1.797075195331,-3.));
#2261 = CARTESIAN_POINT('',(1.825491610275,-3.));
#2262 = CARTESIAN_POINT('',(1.838647358471,-3.));
#2263 = CARTESIAN_POINT('',(1.851803106865,-3.));
#2264 = CARTESIAN_POINT('',(1.864958855258,-3.));
#2265 = CARTESIAN_POINT('',(1.878114603454,-3.));
#2266 = CARTESIAN_POINT('',(1.901268719753,-3.));
#2267 = CARTESIAN_POINT('',(1.911267088348,-3.));
#2268 = CARTESIAN_POINT('',(1.921265456994,-3.));
#2269 = CARTESIAN_POINT('',(1.93126382564,-3.));
#2270 = CARTESIAN_POINT('',(1.941262194236,-3.));
#2271 = CARTESIAN_POINT('',(1.961258931228,-3.));
#2272 = CARTESIAN_POINT('',(1.971257299824,-3.));
#2273 = CARTESIAN_POINT('',(1.98125566847,-3.));
#2274 = CARTESIAN_POINT('',(1.991254037116,-3.));
#2275 = CARTESIAN_POINT('',(2.001252405712,-3.));
#2276 = CARTESIAN_POINT('',(2.025985211535,-3.));
#2277 = CARTESIAN_POINT('',(2.040719649557,-3.));
#2278 = CARTESIAN_POINT('',(2.055454087927,-3.));
#2279 = CARTESIAN_POINT('',(2.070188526296,-3.));
#2280 = CARTESIAN_POINT('',(2.084922964318,-3.));
#2281 = CARTESIAN_POINT('',(2.113865609144,-3.));
#2282 = CARTESIAN_POINT('',(2.128073817221,-3.));
#2283 = CARTESIAN_POINT('',(2.142282025589,-3.));
#2284 = CARTESIAN_POINT('',(2.156490233956,-3.));
#2285 = CARTESIAN_POINT('',(2.170698442033,-3.));
#2286 = CARTESIAN_POINT('',(2.200167316673,-3.));
#2287 = CARTESIAN_POINT('',(2.215427984643,-3.));
#2288 = CARTESIAN_POINT('',(2.230688653026,-3.));
#2289 = CARTESIAN_POINT('',(2.24594932141,-3.));
#2290 = CARTESIAN_POINT('',(2.261209989379,-3.));
#2291 = CARTESIAN_POINT('',(2.290678864019,-3.));
#2292 = CARTESIAN_POINT('',(2.304887072097,-3.));
#2293 = CARTESIAN_POINT('',(2.319095280464,-3.));
#2294 = CARTESIAN_POINT('',(2.333303488831,-3.));
#2295 = CARTESIAN_POINT('',(2.347511696909,-3.));
#2296 = CARTESIAN_POINT('',(2.374875652209,-3.));
#2297 = CARTESIAN_POINT('',(2.388031400406,-3.));
#2298 = CARTESIAN_POINT('',(2.401187148799,-3.));
#2299 = CARTESIAN_POINT('',(2.414342897192,-3.));
#2300 = CARTESIAN_POINT('',(2.427498645389,-3.));
#2301 = CARTESIAN_POINT('',(2.455915060332,-3.));
#2302 = CARTESIAN_POINT('',(2.471175728302,-3.));
#2303 = CARTESIAN_POINT('',(2.486436396685,-3.));
#2304 = CARTESIAN_POINT('',(2.501697065069,-3.));
#2305 = CARTESIAN_POINT('',(2.516957733038,-3.));
#2306 = CARTESIAN_POINT('',(2.547479067321,-3.));
#2307 = CARTESIAN_POINT('',(2.562739735291,-3.));
#2308 = CARTESIAN_POINT('',(2.578000403674,-3.));
#2309 = CARTESIAN_POINT('',(2.593261072058,-3.));
#2310 = CARTESIAN_POINT('',(2.608521740027,-3.));
#2311 = CARTESIAN_POINT('',(2.63904307431,-3.));
#2312 = CARTESIAN_POINT('',(2.65430374228,-3.));
#2313 = CARTESIAN_POINT('',(2.669564410663,-3.));
#2314 = CARTESIAN_POINT('',(2.684825079047,-3.));
#2315 = CARTESIAN_POINT('',(2.700085747017,-3.));
#2316 = CARTESIAN_POINT('',(2.72639724245,-3.));
#2317 = CARTESIAN_POINT('',(2.737448070908,-3.));
#2318 = CARTESIAN_POINT('',(2.748498899447,-3.));
#2319 = CARTESIAN_POINT('',(2.759549727987,-3.));
#2320 = CARTESIAN_POINT('',(2.770600556444,-3.));
#2321 = CARTESIAN_POINT('',(2.796912051878,-3.));
#2322 = CARTESIAN_POINT('',(2.812172719847,-3.));
#2323 = CARTESIAN_POINT('',(2.827433388231,-3.));
#2324 = CARTESIAN_POINT('',(2.842694056614,-3.));
#2325 = CARTESIAN_POINT('',(2.857954724584,-3.));
#2326 = CARTESIAN_POINT('',(2.888476058867,-3.));
#2327 = CARTESIAN_POINT('',(2.903736726836,-3.));
#2328 = CARTESIAN_POINT('',(2.91899739522,-3.));
#2329 = CARTESIAN_POINT('',(2.934258063603,-3.));
#2330 = CARTESIAN_POINT('',(2.949518731573,-3.));
#2331 = CARTESIAN_POINT('',(2.979513836042,-3.));
#2332 = CARTESIAN_POINT('',(2.994248274064,-3.));
#2333 = CARTESIAN_POINT('',(3.008982712433,-3.));
#2334 = CARTESIAN_POINT('',(3.023717150803,-3.));
#2335 = CARTESIAN_POINT('',(3.038451588825,-3.));
#2336 = CARTESIAN_POINT('',(3.06739423365,-3.));
#2337 = CARTESIAN_POINT('',(3.081602441728,-3.));
#2338 = CARTESIAN_POINT('',(3.095810650095,-3.));
#2339 = CARTESIAN_POINT('',(3.110018858462,-3.));
#2340 = CARTESIAN_POINT('',(3.12422706654,-3.));
#2341 = CARTESIAN_POINT('',(3.152643481537,-3.));
#2342 = CARTESIAN_POINT('',(3.166851689614,-3.));
#2343 = CARTESIAN_POINT('',(3.181059897982,-3.));
#2344 = CARTESIAN_POINT('',(3.195268106349,-3.));
#2345 = CARTESIAN_POINT('',(3.209476314426,-3.));
#2346 = CARTESIAN_POINT('',(3.238945189066,-3.));
#2347 = CARTESIAN_POINT('',(3.254205857036,-3.));
#2348 = CARTESIAN_POINT('',(3.269466525419,-3.));
#2349 = CARTESIAN_POINT('',(3.284727193803,-3.));
#2350 = CARTESIAN_POINT('',(3.299987861772,-3.));
#2351 = CARTESIAN_POINT('',(3.330509196055,-3.));
#2352 = CARTESIAN_POINT('',(3.345769864025,-3.));
#2353 = CARTESIAN_POINT('',(3.361030532408,-3.));
#2354 = CARTESIAN_POINT('',(3.376291200792,-3.));
#2355 = CARTESIAN_POINT('',(3.391551868761,-3.));
#2356 = CARTESIAN_POINT('',(3.422073203044,-3.));
#2357 = CARTESIAN_POINT('',(3.437333871014,-3.));
#2358 = CARTESIAN_POINT('',(3.452594539397,-3.));
#2359 = CARTESIAN_POINT('',(3.467855207781,-3.));
#2360 = CARTESIAN_POINT('',(3.48311587575,-3.));
#2361 = CARTESIAN_POINT('',(3.513637210033,-3.));
#2362 = CARTESIAN_POINT('',(3.528897878003,-3.));
#2363 = CARTESIAN_POINT('',(3.544158546387,-3.));
#2364 = CARTESIAN_POINT('',(3.55941921477,-3.));
#2365 = CARTESIAN_POINT('',(3.57467988274,-3.));
#2366 = CARTESIAN_POINT('',(3.605201217023,-3.));
#2367 = CARTESIAN_POINT('',(3.620461884992,-3.));
#2368 = CARTESIAN_POINT('',(3.635722553376,-3.));
#2369 = CARTESIAN_POINT('',(3.650983221759,-3.));
#2370 = CARTESIAN_POINT('',(3.666243889729,-3.));
#2371 = CARTESIAN_POINT('',(3.696238994197,-3.));
#2372 = CARTESIAN_POINT('',(3.710973432219,-3.));
#2373 = CARTESIAN_POINT('',(3.725707870589,-3.));
#2374 = CARTESIAN_POINT('',(3.740442308958,-3.));
#2375 = CARTESIAN_POINT('',(3.75517674698,-3.));
#2376 = CARTESIAN_POINT('',(3.784645621635,-3.));
#2377 = CARTESIAN_POINT('',(3.799380059657,-3.));
#2378 = CARTESIAN_POINT('',(3.814114498027,-3.));
#2379 = CARTESIAN_POINT('',(3.828848936396,-3.));
#2380 = CARTESIAN_POINT('',(3.843583374418,-3.));
#2381 = CARTESIAN_POINT('',(3.873578478887,-3.));
#2382 = CARTESIAN_POINT('',(3.888839146857,-3.));
#2383 = CARTESIAN_POINT('',(3.90409981524,-3.));
#2384 = CARTESIAN_POINT('',(3.919360483624,-3.));
#2385 = CARTESIAN_POINT('',(3.934621151593,-3.));
#2386 = CARTESIAN_POINT('',(3.964090026233,-3.));
#2387 = CARTESIAN_POINT('',(3.978298234311,-3.));
#2388 = CARTESIAN_POINT('',(3.992506442678,-3.));
#2389 = CARTESIAN_POINT('',(4.006714651045,-3.));
#2390 = CARTESIAN_POINT('',(4.020922859123,-3.));
#2391 = CARTESIAN_POINT('',(4.047760584558,-3.));
#2392 = CARTESIAN_POINT('',(4.060390102817,-3.));
#2393 = CARTESIAN_POINT('',(4.073019621237,-3.));
#2394 = CARTESIAN_POINT('',(4.085649139657,-3.));
#2395 = CARTESIAN_POINT('',(4.098278657916,-3.));
#2396 = CARTESIAN_POINT('',(4.126695072792,-3.));
#2397 = CARTESIAN_POINT('',(4.142481970713,-3.));
#2398 = CARTESIAN_POINT('',(4.158268869123,-3.));
#2399 = CARTESIAN_POINT('',(4.174055767534,-3.));
#2400 = CARTESIAN_POINT('',(4.189842665454,-3.));
#2401 = CARTESIAN_POINT('',(4.21931154005,-3.));
#2402 = CARTESIAN_POINT('',(4.232993518186,-3.));
#2403 = CARTESIAN_POINT('',(4.246675496561,-3.));
#2404 = CARTESIAN_POINT('',(4.260357474937,-3.));
#2405 = CARTESIAN_POINT('',(4.274039453072,-3.));
#2406 = CARTESIAN_POINT('',(4.306139476344,-3.));
#2407 = CARTESIAN_POINT('',(4.324557524081,-3.));
#2408 = CARTESIAN_POINT('',(4.342975572877,-3.));
#2409 = CARTESIAN_POINT('',(4.361393621674,-3.));
#2410 = CARTESIAN_POINT('',(4.37981166941,-3.));
#2411 = CARTESIAN_POINT('',(4.410333003089,-3.));
#2412 = CARTESIAN_POINT('',(4.422436291413,-3.));
#2413 = CARTESIAN_POINT('',(4.434539579866,-3.));
#2414 = CARTESIAN_POINT('',(4.44664286832,-3.));
#2415 = CARTESIAN_POINT('',(4.458746156643,-3.));
#2416 = CARTESIAN_POINT('',(4.50873793413,-3.));
#2417 = CARTESIAN_POINT('',(4.546626501785,-3.));
#2418 = CARTESIAN_POINT('',(4.584515108555,-3.));
#2419 = CARTESIAN_POINT('',(4.622403715325,-3.));
#2420 = CARTESIAN_POINT('',(4.66029228298,-3.));
#2421 = CARTESIAN_POINT('',(4.738174161274,-3.));
#2422 = CARTESIAN_POINT('',(4.77816765268,-3.));
#2423 = CARTESIAN_POINT('',(4.818161195355,-3.));
#2424 = CARTESIAN_POINT('',(4.85815473803,-3.));
#2425 = CARTESIAN_POINT('',(4.898148229436,-3.));
#2426 = CARTESIAN_POINT('',(4.950771136244,-3.));
#2427 = CARTESIAN_POINT('',(4.963400654503,-3.));
#2428 = CARTESIAN_POINT('',(4.976030172922,-3.));
#2429 = CARTESIAN_POINT('',(4.988659691342,-3.));
#2430 = CARTESIAN_POINT('',(5.001289209601,-3.));
#2431 = CARTESIAN_POINT('',(5.033915462031,-3.));
#2432 = CARTESIAN_POINT('',(5.053912199723,-3.));
#2433 = CARTESIAN_POINT('',(5.073908939014,-3.));
#2434 = CARTESIAN_POINT('',(5.093905678305,-3.));
#2435 = CARTESIAN_POINT('',(5.113902415997,-3.));
#2436 = CARTESIAN_POINT('',(5.147581128146,-3.));
#2437 = CARTESIAN_POINT('',(5.161263106281,-3.));
#2438 = CARTESIAN_POINT('',(5.174945084657,-3.));
#2439 = CARTESIAN_POINT('',(5.188627063033,-3.));
#2440 = CARTESIAN_POINT('',(5.202309041168,-3.));
#2441 = CARTESIAN_POINT('',(5.226515617221,-3.));
#2442 = CARTESIAN_POINT('',(5.237040215747,-3.));
#2443 = CARTESIAN_POINT('',(5.247564814338,-3.));
#2444 = CARTESIAN_POINT('',(5.258089412929,-3.));
#2445 = CARTESIAN_POINT('',(5.268614011455,-3.));
#2446 = CARTESIAN_POINT('',(5.293873047179,-3.));
#2447 = CARTESIAN_POINT('',(5.308607485201,-3.));
#2448 = CARTESIAN_POINT('',(5.32334192357,-3.));
#2449 = CARTESIAN_POINT('',(5.33807636194,-3.));
#2450 = CARTESIAN_POINT('',(5.352810799962,-3.));
#2451 = CARTESIAN_POINT('',(5.380700985091,-3.));
#2452 = CARTESIAN_POINT('',(5.393856733288,-3.));
#2453 = CARTESIAN_POINT('',(5.407012481681,-3.));
#2454 = CARTESIAN_POINT('',(5.420168230074,-3.));
#2455 = CARTESIAN_POINT('',(5.433323978271,-3.));
#2456 = CARTESIAN_POINT('',(5.45700432447,-3.));
#2457 = CARTESIAN_POINT('',(5.467528922996,-3.));
#2458 = CARTESIAN_POINT('',(5.478053521586,-3.));
#2459 = CARTESIAN_POINT('',(5.488578120177,-3.));
#2460 = CARTESIAN_POINT('',(5.499102718703,-3.));
#2461 = CARTESIAN_POINT('',(5.524887984241,-3.));
#2462 = CARTESIAN_POINT('',(5.540148652211,-3.));
#2463 = CARTESIAN_POINT('',(5.555409320594,-3.));
#2464 = CARTESIAN_POINT('',(5.570669988978,-3.));
#2465 = CARTESIAN_POINT('',(5.585930656947,-3.));
#2466 = CARTESIAN_POINT('',(5.612242152381,-3.));
#2467 = CARTESIAN_POINT('',(5.623292980838,-3.));
#2468 = CARTESIAN_POINT('',(5.634343809378,-3.));
#2469 = CARTESIAN_POINT('',(5.645394637918,-3.));
#2470 = CARTESIAN_POINT('',(5.656445466375,-3.));
#2471 = CARTESIAN_POINT('',(5.770102143134,-3.));
#2472 = CARTESIAN_POINT('',(5.8727404367,-3.));
#2473 = CARTESIAN_POINT('',(5.975340800923,-3.));
#2474 = CARTESIAN_POINT('',(6.077941165147,-3.));
#2475 = CARTESIAN_POINT('',(6.180579458713,-3.));
#2476 = CARTESIAN_POINT('',(6.28318530718,-3.));
#2477 = ( GEOMETRIC_REPRESENTATION_CONTEXT(2) 
PARAMETRIC_REPRESENTATION_CONTEXT() REPRESENTATION_CONTEXT('2D SPACE',''
  ) );
#2478 = PCURVE('',#2479,#2484);
#2479 = CYLINDRICAL_SURFACE('',#2480,5.);
#2480 = AXIS2_PLACEMENT_3D('',#2481,#2482,#2483);
#2481 = CARTESIAN_POINT('',(62.5,98.39218452154,-75.));
#2482 = DIRECTION('',(0.,1.,0.));
#2483 = DIRECTION('',(0.,0.,1.));
#2484 = DEFINITIONAL_REPRESENTATION('',(#2485),#2803);
#2485 = B_SPLINE_CURVE_WITH_KNOTS('',6,(#2486,#2487,#2488,#2489,#2490,
    #2491,#2492,#2493,#2494,#2495,#2496,#2497,#2498,#2499,#2500,#2501,
    #2502,#2503,#2504,#2505,#2506,#2507,#2508,#2509,#2510,#2511,#2512,
    #2513,#2514,#2515,#2516,#2517,#2518,#2519,#2520,#2521,#2522,#2523,
    #2524,#2525,#2526,#2527,#2528,#2529,#2530,#2531,#2532,#2533,#2534,
    #2535,#2536,#2537,#2538,#2539,#2540,#2541,#2542,#2543,#2544,#2545,
    #2546,#2547,#2548,#2549,#2550,#2551,#2552,#2553,#2554,#2555,#2556,
    #2557,#2558,#2559,#2560,#2561,#2562,#2563,#2564,#2565,#2566,#2567,
    #2568,#2569,#2570,#2571,#2572,#2573,#2574,#2575,#2576,#2577,#2578,
    #2579,#2580,#2581,#2582,#2583,#2584,#2585,#2586,#2587,#2588,#2589,
    #2590,#2591,#2592,#2593,#2594,#2595,#2596,#2597,#2598,#2599,#2600,
    #2601,#2602,#2603,#2604,#2605,#2606,#2607,#2608,#2609,#2610,#2611,
    #2612,#2613,#2614,#2615,#2616,#2617,#2618,#2619,#2620,#2621,#2622,
    #2623,#2624,#2625,#2626,#2627,#2628,#2629,#2630,#2631,#2632,#2633,
    #2634,#2635,#2636,#2637,#2638,#2639,#2640,#2641,#2642,#2643,#2644,
    #2645,#2646,#2647,#2648,#2649,#2650,#2651,#2652,#2653,#2654,#2655,
    #2656,#2657,#2658,#2659,#2660,#2661,#2662,#2663,#2664,#2665,#2666,
    #2667,#2668,#2669,#2670,#2671,#2672,#2673,#2674,#2675,#2676,#2677,
    #2678,#2679,#2680,#2681,#2682,#2683,#2684,#2685,#2686,#2687,#2688,
    #2689,#2690,#2691,#2692,#2693,#2694,#2695,#2696,#2697,#2698,#2699,
    #2700,#2701,#2702,#2703,#2704,#2705,#2706,#2707,#2708,#2709,#2710,
    #2711,#2712,#2713,#2714,#2715,#2716,#2717,#2718,#2719,#2720,#2721,
    #2722,#2723,#2724,#2725,#2726,#2727,#2728,#2729,#2730,#2731,#2732,
    #2733,#2734,#2735,#2736,#2737,#2738,#2739,#2740,#2741,#2742,#2743,
    #2744,#2745,#2746,#2747,#2748,#2749,#2750,#2751,#2752,#2753,#2754,
    #2755,#2756,#2757,#2758,#2759,#2760,#2761,#2762,#2763,#2764,#2765,
    #2766,#2767,#2768,#2769,#2770,#2771,#2772,#2773,#2774,#2775,#2776,
    #2777,#2778,#2779,#2780,#2781,#2782,#2783,#2784,#2785,#2786,#2787,
    #2788,#2789,#2790,#2791,#2792,#2793,#2794,#2795,#2796,#2797,#2798,
    #2799,#2800,#2801,#2802),.UNSPECIFIED.,.F.,.F.,(7,5,5,5,5,5,5,5,5,5,
    5,5,5,5,5,5,5,5,5,5,5,5,5,5,5,5,5,5,5,5,5,5,5,5,5,5,5,5,5,5,5,5,5,5,
    5,5,5,5,5,5,5,5,5,5,5,5,5,5,5,5,5,5,5,7),(0.,2.26129662163E-02,
    3.668344493007E-02,5.125644065447E-02,6.231181705556E-02,
    7.638229576934E-02,9.095529149374E-02,0.105025770208,0.119598765932,
    0.134171761656,0.14824224037,0.162815236094,0.175880680746,
    0.188946125398,0.201509053001,0.216082048725,0.230655044449,
    0.245228040174,0.259801035898,0.273871514612,0.288444510336,
    0.301007437939,0.310555263076,0.320103088214,0.334173566927,
    0.347741528616,0.362314524341,0.37588248603,0.388445413633,
    0.403018409357,0.417591405081,0.432164400806,0.442717260125,
    0.457290255849,0.471863251573,0.485933730287,0.499501691976,
    0.513069653665,0.52764264939,0.542215645114,0.556788640838,
    0.571361636563,0.585934632287,0.600005111001,0.614075589715,
    0.628648585439,0.642216547128,0.654276957672,0.669352470392,
    0.682417915043,0.700006012439,0.711563905916,0.747745076061,
    0.785936295331,0.797996705875,0.817092353762,0.830157798414,
    0.840208140644,0.854278619358,0.866841546961,0.876891889192,
    0.891464884916,0.902017744235,1.),.UNSPECIFIED.);
#2486 = CARTESIAN_POINT('',(0.,-1.79218452154));
#2487 = CARTESIAN_POINT('',(2.368166835718E-02,-1.79218452154));
#2488 = CARTESIAN_POINT('',(4.736174452601E-02,-1.79218452154));
#2489 = CARTESIAN_POINT('',(7.104152275326E-02,-1.79218452154));
#2490 = CARTESIAN_POINT('',(9.472163512287E-02,-1.79218452154));
#2491 = CARTESIAN_POINT('',(0.118402051556,-1.79218452154));
#2492 = CARTESIAN_POINT('',(0.156816517138,-1.79218452154));
#2493 = CARTESIAN_POINT('',(0.17155095516,-1.79218452154));
#2494 = CARTESIAN_POINT('',(0.186285393529,-1.79218452154));
#2495 = CARTESIAN_POINT('',(0.201019831899,-1.79218452154));
#2496 = CARTESIAN_POINT('',(0.215754269921,-1.79218452154));
#2497 = CARTESIAN_POINT('',(0.24574937439,-1.79218452154));
#2498 = CARTESIAN_POINT('',(0.261010042359,-1.79218452154));
#2499 = CARTESIAN_POINT('',(0.276270710743,-1.79218452154));
#2500 = CARTESIAN_POINT('',(0.291531379126,-1.79218452154));
#2501 = CARTESIAN_POINT('',(0.306792047096,-1.79218452154));
#2502 = CARTESIAN_POINT('',(0.333629772419,-1.79218452154));
#2503 = CARTESIAN_POINT('',(0.345206830809,-1.79218452154));
#2504 = CARTESIAN_POINT('',(0.356783889302,-1.79218452154));
#2505 = CARTESIAN_POINT('',(0.368360947796,-1.79218452154));
#2506 = CARTESIAN_POINT('',(0.379938006185,-1.79218452154));
#2507 = CARTESIAN_POINT('',(0.406249501694,-1.79218452154));
#2508 = CARTESIAN_POINT('',(0.420983939716,-1.79218452154));
#2509 = CARTESIAN_POINT('',(0.435718378086,-1.79218452154));
#2510 = CARTESIAN_POINT('',(0.450452816455,-1.79218452154));
#2511 = CARTESIAN_POINT('',(0.465187254477,-1.79218452154));
#2512 = CARTESIAN_POINT('',(0.495182358946,-1.79218452154));
#2513 = CARTESIAN_POINT('',(0.510443026916,-1.79218452154));
#2514 = CARTESIAN_POINT('',(0.525703695299,-1.79218452154));
#2515 = CARTESIAN_POINT('',(0.540964363683,-1.79218452154));
#2516 = CARTESIAN_POINT('',(0.556225031652,-1.79218452154));
#2517 = CARTESIAN_POINT('',(0.586220136121,-1.79218452154));
#2518 = CARTESIAN_POINT('',(0.600954574143,-1.79218452154));
#2519 = CARTESIAN_POINT('',(0.615689012513,-1.79218452154));
#2520 = CARTESIAN_POINT('',(0.630423450882,-1.79218452154));
#2521 = CARTESIAN_POINT('',(0.645157888904,-1.79218452154));
#2522 = CARTESIAN_POINT('',(0.675152993373,-1.79218452154));
#2523 = CARTESIAN_POINT('',(0.690413661342,-1.79218452154));
#2524 = CARTESIAN_POINT('',(0.705674329726,-1.79218452154));
#2525 = CARTESIAN_POINT('',(0.720934998109,-1.79218452154));
#2526 = CARTESIAN_POINT('',(0.736195666079,-1.79218452154));
#2527 = CARTESIAN_POINT('',(0.766717000362,-1.79218452154));
#2528 = CARTESIAN_POINT('',(0.781977668331,-1.79218452154));
#2529 = CARTESIAN_POINT('',(0.797238336715,-1.79218452154));
#2530 = CARTESIAN_POINT('',(0.812499005099,-1.79218452154));
#2531 = CARTESIAN_POINT('',(0.827759673068,-1.79218452154));
#2532 = CARTESIAN_POINT('',(0.857754777537,-1.79218452154));
#2533 = CARTESIAN_POINT('',(0.872489215559,-1.79218452154));
#2534 = CARTESIAN_POINT('',(0.887223653928,-1.79218452154));
#2535 = CARTESIAN_POINT('',(0.901958092298,-1.79218452154));
#2536 = CARTESIAN_POINT('',(0.91669253032,-1.79218452154));
#2537 = CARTESIAN_POINT('',(0.946687634789,-1.79218452154));
#2538 = CARTESIAN_POINT('',(0.961948302758,-1.79218452154));
#2539 = CARTESIAN_POINT('',(0.977208971142,-1.79218452154));
#2540 = CARTESIAN_POINT('',(0.992469639525,-1.79218452154));
#2541 = CARTESIAN_POINT('',(1.007730307495,-1.79218452154));
#2542 = CARTESIAN_POINT('',(1.036672952292,-1.79218452154));
#2543 = CARTESIAN_POINT('',(1.050354930428,-1.79218452154));
#2544 = CARTESIAN_POINT('',(1.064036908804,-1.79218452154));
#2545 = CARTESIAN_POINT('',(1.077718887179,-1.79218452154));
#2546 = CARTESIAN_POINT('',(1.091400865315,-1.79218452154));
#2547 = CARTESIAN_POINT('',(1.118764820627,-1.79218452154));
#2548 = CARTESIAN_POINT('',(1.132446798763,-1.79218452154));
#2549 = CARTESIAN_POINT('',(1.146128777139,-1.79218452154));
#2550 = CARTESIAN_POINT('',(1.159810755514,-1.79218452154));
#2551 = CARTESIAN_POINT('',(1.17349273365,-1.79218452154));
#2552 = CARTESIAN_POINT('',(1.200330459108,-1.79218452154));
#2553 = CARTESIAN_POINT('',(1.213486207305,-1.79218452154));
#2554 = CARTESIAN_POINT('',(1.226641955698,-1.79218452154));
#2555 = CARTESIAN_POINT('',(1.239797704092,-1.79218452154));
#2556 = CARTESIAN_POINT('',(1.252953452288,-1.79218452154));
#2557 = CARTESIAN_POINT('',(1.281369867231,-1.79218452154));
#2558 = CARTESIAN_POINT('',(1.296630535201,-1.79218452154));
#2559 = CARTESIAN_POINT('',(1.311891203584,-1.79218452154));
#2560 = CARTESIAN_POINT('',(1.327151871968,-1.79218452154));
#2561 = CARTESIAN_POINT('',(1.342412539937,-1.79218452154));
#2562 = CARTESIAN_POINT('',(1.372933874221,-1.79218452154));
#2563 = CARTESIAN_POINT('',(1.38819454219,-1.79218452154));
#2564 = CARTESIAN_POINT('',(1.403455210574,-1.79218452154));
#2565 = CARTESIAN_POINT('',(1.418715878957,-1.79218452154));
#2566 = CARTESIAN_POINT('',(1.433976546927,-1.79218452154));
#2567 = CARTESIAN_POINT('',(1.46449788121,-1.79218452154));
#2568 = CARTESIAN_POINT('',(1.479758549179,-1.79218452154));
#2569 = CARTESIAN_POINT('',(1.495019217563,-1.79218452154));
#2570 = CARTESIAN_POINT('',(1.510279885946,-1.79218452154));
#2571 = CARTESIAN_POINT('',(1.525540553916,-1.79218452154));
#2572 = CARTESIAN_POINT('',(1.556061888199,-1.79218452154));
#2573 = CARTESIAN_POINT('',(1.571322556168,-1.79218452154));
#2574 = CARTESIAN_POINT('',(1.586583224552,-1.79218452154));
#2575 = CARTESIAN_POINT('',(1.601843892935,-1.79218452154));
#2576 = CARTESIAN_POINT('',(1.617104560905,-1.79218452154));
#2577 = CARTESIAN_POINT('',(1.647099665373,-1.79218452154));
#2578 = CARTESIAN_POINT('',(1.661834103396,-1.79218452154));
#2579 = CARTESIAN_POINT('',(1.676568541765,-1.79218452154));
#2580 = CARTESIAN_POINT('',(1.691302980134,-1.79218452154));
#2581 = CARTESIAN_POINT('',(1.706037418157,-1.79218452154));
#2582 = CARTESIAN_POINT('',(1.736032522625,-1.79218452154));
#2583 = CARTESIAN_POINT('',(1.751293190595,-1.79218452154));
#2584 = CARTESIAN_POINT('',(1.766553858978,-1.79218452154));
#2585 = CARTESIAN_POINT('',(1.781814527362,-1.79218452154));
#2586 = CARTESIAN_POINT('',(1.797075195331,-1.79218452154));
#2587 = CARTESIAN_POINT('',(1.825491610275,-1.79218452154));
#2588 = CARTESIAN_POINT('',(1.838647358471,-1.79218452154));
#2589 = CARTESIAN_POINT('',(1.851803106865,-1.79218452154));
#2590 = CARTESIAN_POINT('',(1.864958855258,-1.79218452154));
#2591 = CARTESIAN_POINT('',(1.878114603454,-1.79218452154));
#2592 = CARTESIAN_POINT('',(1.901268719753,-1.79218452154));
#2593 = CARTESIAN_POINT('',(1.911267088348,-1.79218452154));
#2594 = CARTESIAN_POINT('',(1.921265456994,-1.79218452154));
#2595 = CARTESIAN_POINT('',(1.93126382564,-1.79218452154));
#2596 = CARTESIAN_POINT('',(1.941262194236,-1.79218452154));
#2597 = CARTESIAN_POINT('',(1.961258931228,-1.79218452154));
#2598 = CARTESIAN_POINT('',(1.971257299824,-1.79218452154));
#2599 = CARTESIAN_POINT('',(1.98125566847,-1.79218452154));
#2600 = CARTESIAN_POINT('',(1.991254037116,-1.79218452154));
#2601 = CARTESIAN_POINT('',(2.001252405712,-1.79218452154));
#2602 = CARTESIAN_POINT('',(2.025985211535,-1.79218452154));
#2603 = CARTESIAN_POINT('',(2.040719649557,-1.79218452154));
#2604 = CARTESIAN_POINT('',(2.055454087927,-1.79218452154));
#2605 = CARTESIAN_POINT('',(2.070188526296,-1.79218452154));
#2606 = CARTESIAN_POINT('',(2.084922964318,-1.79218452154));
#2607 = CARTESIAN_POINT('',(2.113865609144,-1.79218452154));
#2608 = CARTESIAN_POINT('',(2.128073817221,-1.79218452154));
#2609 = CARTESIAN_POINT('',(2.142282025589,-1.79218452154));
#2610 = CARTESIAN_POINT('',(2.156490233956,-1.79218452154));
#2611 = CARTESIAN_POINT('',(2.170698442033,-1.79218452154));
#2612 = CARTESIAN_POINT('',(2.200167316673,-1.79218452154));
#2613 = CARTESIAN_POINT('',(2.215427984643,-1.79218452154));
#2614 = CARTESIAN_POINT('',(2.230688653026,-1.79218452154));
#2615 = CARTESIAN_POINT('',(2.24594932141,-1.79218452154));
#2616 = CARTESIAN_POINT('',(2.261209989379,-1.79218452154));
#2617 = CARTESIAN_POINT('',(2.290678864019,-1.79218452154));
#2618 = CARTESIAN_POINT('',(2.304887072097,-1.79218452154));
#2619 = CARTESIAN_POINT('',(2.319095280464,-1.79218452154));
#2620 = CARTESIAN_POINT('',(2.333303488831,-1.79218452154));
#2621 = CARTESIAN_POINT('',(2.347511696909,-1.79218452154));
#2622 = CARTESIAN_POINT('',(2.374875652209,-1.79218452154));
#2623 = CARTESIAN_POINT('',(2.388031400406,-1.79218452154));
#2624 = CARTESIAN_POINT('',(2.401187148799,-1.79218452154));
#2625 = CARTESIAN_POINT('',(2.414342897192,-1.79218452154));
#2626 = CARTESIAN_POINT('',(2.427498645389,-1.79218452154));
#2627 = CARTESIAN_POINT('',(2.455915060332,-1.79218452154));
#2628 = CARTESIAN_POINT('',(2.471175728302,-1.79218452154));
#2629 = CARTESIAN_POINT('',(2.486436396685,-1.79218452154));
#2630 = CARTESIAN_POINT('',(2.501697065069,-1.79218452154));
#2631 = CARTESIAN_POINT('',(2.516957733038,-1.79218452154));
#2632 = CARTESIAN_POINT('',(2.547479067321,-1.79218452154));
#2633 = CARTESIAN_POINT('',(2.562739735291,-1.79218452154));
#2634 = CARTESIAN_POINT('',(2.578000403674,-1.79218452154));
#2635 = CARTESIAN_POINT('',(2.593261072058,-1.79218452154));
#2636 = CARTESIAN_POINT('',(2.608521740027,-1.79218452154));
#2637 = CARTESIAN_POINT('',(2.63904307431,-1.79218452154));
#2638 = CARTESIAN_POINT('',(2.65430374228,-1.79218452154));
#2639 = CARTESIAN_POINT('',(2.669564410663,-1.79218452154));
#2640 = CARTESIAN_POINT('',(2.684825079047,-1.79218452154));
#2641 = CARTESIAN_POINT('',(2.700085747017,-1.79218452154));
#2642 = CARTESIAN_POINT('',(2.72639724245,-1.79218452154));
#2643 = CARTESIAN_POINT('',(2.737448070908,-1.79218452154));
#2644 = CARTESIAN_POINT('',(2.748498899447,-1.79218452154));
#2645 = CARTESIAN_POINT('',(2.759549727987,-1.79218452154));
#2646 = CARTESIAN_POINT('',(2.770600556444,-1.79218452154));
#2647 = CARTESIAN_POINT('',(2.796912051878,-1.79218452154));
#2648 = CARTESIAN_POINT('',(2.812172719847,-1.79218452154));
#2649 = CARTESIAN_POINT('',(2.827433388231,-1.79218452154));
#2650 = CARTESIAN_POINT('',(2.842694056614,-1.79218452154));
#2651 = CARTESIAN_POINT('',(2.857954724584,-1.79218452154));
#2652 = CARTESIAN_POINT('',(2.888476058867,-1.79218452154));
#2653 = CARTESIAN_POINT('',(2.903736726836,-1.79218452154));
#2654 = CARTESIAN_POINT('',(2.91899739522,-1.79218452154));
#2655 = CARTESIAN_POINT('',(2.934258063603,-1.79218452154));
#2656 = CARTESIAN_POINT('',(2.949518731573,-1.79218452154));
#2657 = CARTESIAN_POINT('',(2.979513836042,-1.79218452154));
#2658 = CARTESIAN_POINT('',(2.994248274064,-1.79218452154));
#2659 = CARTESIAN_POINT('',(3.008982712433,-1.79218452154));
#2660 = CARTESIAN_POINT('',(3.023717150803,-1.79218452154));
#2661 = CARTESIAN_POINT('',(3.038451588825,-1.79218452154));
#2662 = CARTESIAN_POINT('',(3.06739423365,-1.79218452154));
#2663 = CARTESIAN_POINT('',(3.081602441728,-1.79218452154));
#2664 = CARTESIAN_POINT('',(3.095810650095,-1.79218452154));
#2665 = CARTESIAN_POINT('',(3.110018858462,-1.79218452154));
#2666 = CARTESIAN_POINT('',(3.12422706654,-1.79218452154));
#2667 = CARTESIAN_POINT('',(3.152643481537,-1.79218452154));
#2668 = CARTESIAN_POINT('',(3.166851689614,-1.79218452154));
#2669 = CARTESIAN_POINT('',(3.181059897982,-1.79218452154));
#2670 = CARTESIAN_POINT('',(3.195268106349,-1.79218452154));
#2671 = CARTESIAN_POINT('',(3.209476314426,-1.79218452154));
#2672 = CARTESIAN_POINT('',(3.238945189066,-1.79218452154));
#2673 = CARTESIAN_POINT('',(3.254205857036,-1.79218452154));
#2674 = CARTESIAN_POINT('',(3.269466525419,-1.79218452154));
#2675 = CARTESIAN_POINT('',(3.284727193803,-1.79218452154));
#2676 = CARTESIAN_POINT('',(3.299987861772,-1.79218452154));
#2677 = CARTESIAN_POINT('',(3.330509196055,-1.79218452154));
#2678 = CARTESIAN_POINT('',(3.345769864025,-1.79218452154));
#2679 = CARTESIAN_POINT('',(3.361030532408,-1.79218452154));
#2680 = CARTESIAN_POINT('',(3.376291200792,-1.79218452154));
#2681 = CARTESIAN_POINT('',(3.391551868761,-1.79218452154));
#2682 = CARTESIAN_POINT('',(3.422073203044,-1.79218452154));
#2683 = CARTESIAN_POINT('',(3.437333871014,-1.79218452154));
#2684 = CARTESIAN_POINT('',(3.452594539397,-1.79218452154));
#2685 = CARTESIAN_POINT('',(3.467855207781,-1.79218452154));
#2686 = CARTESIAN_POINT('',(3.48311587575,-1.79218452154));
#2687 = CARTESIAN_POINT('',(3.513637210033,-1.79218452154));
#2688 = CARTESIAN_POINT('',(3.528897878003,-1.79218452154));
#2689 = CARTESIAN_POINT('',(3.544158546387,-1.79218452154));
#2690 = CARTESIAN_POINT('',(3.55941921477,-1.79218452154));
#2691 = CARTESIAN_POINT('',(3.57467988274,-1.79218452154));
#2692 = CARTESIAN_POINT('',(3.605201217023,-1.79218452154));
#2693 = CARTESIAN_POINT('',(3.620461884992,-1.79218452154));
#2694 = CARTESIAN_POINT('',(3.635722553376,-1.79218452154));
#2695 = CARTESIAN_POINT('',(3.650983221759,-1.79218452154));
#2696 = CARTESIAN_POINT('',(3.666243889729,-1.79218452154));
#2697 = CARTESIAN_POINT('',(3.696238994197,-1.79218452154));
#2698 = CARTESIAN_POINT('',(3.710973432219,-1.79218452154));
#2699 = CARTESIAN_POINT('',(3.725707870589,-1.79218452154));
#2700 = CARTESIAN_POINT('',(3.740442308958,-1.79218452154));
#2701 = CARTESIAN_POINT('',(3.75517674698,-1.79218452154));
#2702 = CARTESIAN_POINT('',(3.784645621635,-1.79218452154));
#2703 = CARTESIAN_POINT('',(3.799380059657,-1.79218452154));
#2704 = CARTESIAN_POINT('',(3.814114498027,-1.79218452154));
#2705 = CARTESIAN_POINT('',(3.828848936396,-1.79218452154));
#2706 = CARTESIAN_POINT('',(3.843583374418,-1.79218452154));
#2707 = CARTESIAN_POINT('',(3.873578478887,-1.79218452154));
#2708 = CARTESIAN_POINT('',(3.888839146857,-1.79218452154));
#2709 = CARTESIAN_POINT('',(3.90409981524,-1.79218452154));
#2710 = CARTESIAN_POINT('',(3.919360483624,-1.79218452154));
#2711 = CARTESIAN_POINT('',(3.934621151593,-1.79218452154));
#2712 = CARTESIAN_POINT('',(3.964090026233,-1.79218452154));
#2713 = CARTESIAN_POINT('',(3.978298234311,-1.79218452154));
#2714 = CARTESIAN_POINT('',(3.992506442678,-1.79218452154));
#2715 = CARTESIAN_POINT('',(4.006714651045,-1.79218452154));
#2716 = CARTESIAN_POINT('',(4.020922859123,-1.79218452154));
#2717 = CARTESIAN_POINT('',(4.047760584558,-1.79218452154));
#2718 = CARTESIAN_POINT('',(4.060390102817,-1.79218452154));
#2719 = CARTESIAN_POINT('',(4.073019621237,-1.79218452154));
#2720 = CARTESIAN_POINT('',(4.085649139657,-1.79218452154));
#2721 = CARTESIAN_POINT('',(4.098278657916,-1.79218452154));
#2722 = CARTESIAN_POINT('',(4.126695072792,-1.79218452154));
#2723 = CARTESIAN_POINT('',(4.142481970713,-1.79218452154));
#2724 = CARTESIAN_POINT('',(4.158268869123,-1.79218452154));
#2725 = CARTESIAN_POINT('',(4.174055767534,-1.79218452154));
#2726 = CARTESIAN_POINT('',(4.189842665454,-1.79218452154));
#2727 = CARTESIAN_POINT('',(4.21931154005,-1.79218452154));
#2728 = CARTESIAN_POINT('',(4.232993518186,-1.79218452154));
#2729 = CARTESIAN_POINT('',(4.246675496561,-1.79218452154));
#2730 = CARTESIAN_POINT('',(4.260357474937,-1.79218452154));
#2731 = CARTESIAN_POINT('',(4.274039453072,-1.79218452154));
#2732 = CARTESIAN_POINT('',(4.306139476344,-1.79218452154));
#2733 = CARTESIAN_POINT('',(4.324557524081,-1.79218452154));
#2734 = CARTESIAN_POINT('',(4.342975572877,-1.79218452154));
#2735 = CARTESIAN_POINT('',(4.361393621674,-1.79218452154));
#2736 = CARTESIAN_POINT('',(4.37981166941,-1.79218452154));
#2737 = CARTESIAN_POINT('',(4.410333003089,-1.79218452154));
#2738 = CARTESIAN_POINT('',(4.422436291413,-1.79218452154));
#2739 = CARTESIAN_POINT('',(4.434539579866,-1.79218452154));
#2740 = CARTESIAN_POINT('',(4.44664286832,-1.79218452154));
#2741 = CARTESIAN_POINT('',(4.458746156643,-1.79218452154));
#2742 = CARTESIAN_POINT('',(4.50873793413,-1.79218452154));
#2743 = CARTESIAN_POINT('',(4.546626501785,-1.79218452154));
#2744 = CARTESIAN_POINT('',(4.584515108555,-1.79218452154));
#2745 = CARTESIAN_POINT('',(4.622403715325,-1.79218452154));
#2746 = CARTESIAN_POINT('',(4.66029228298,-1.79218452154));
#2747 = CARTESIAN_POINT('',(4.738174161274,-1.79218452154));
#2748 = CARTESIAN_POINT('',(4.77816765268,-1.79218452154));
#2749 = CARTESIAN_POINT('',(4.818161195355,-1.79218452154));
#2750 = CARTESIAN_POINT('',(4.85815473803,-1.79218452154));
#2751 = CARTESIAN_POINT('',(4.898148229436,-1.79218452154));
#2752 = CARTESIAN_POINT('',(4.950771136244,-1.79218452154));
#2753 = CARTESIAN_POINT('',(4.963400654503,-1.79218452154));
#2754 = CARTESIAN_POINT('',(4.976030172922,-1.79218452154));
#2755 = CARTESIAN_POINT('',(4.988659691342,-1.79218452154));
#2756 = CARTESIAN_POINT('',(5.001289209601,-1.79218452154));
#2757 = CARTESIAN_POINT('',(5.033915462031,-1.79218452154));
#2758 = CARTESIAN_POINT('',(5.053912199723,-1.79218452154));
#2759 = CARTESIAN_POINT('',(5.073908939014,-1.79218452154));
#2760 = CARTESIAN_POINT('',(5.093905678305,-1.79218452154));
#2761 = CARTESIAN_POINT('',(5.113902415997,-1.79218452154));
#2762 = CARTESIAN_POINT('',(5.147581128146,-1.79218452154));
#2763 = CARTESIAN_POINT('',(5.161263106281,-1.79218452154));
#2764 = CARTESIAN_POINT('',(5.174945084657,-1.79218452154));
#2765 = CARTESIAN_POINT('',(5.188627063033,-1.79218452154));
#2766 = CARTESIAN_POINT('',(5.202309041168,-1.79218452154));
#2767 = CARTESIAN_POINT('',(5.226515617221,-1.79218452154));
#2768 = CARTESIAN_POINT('',(5.237040215747,-1.79218452154));
#2769 = CARTESIAN_POINT('',(5.247564814338,-1.79218452154));
#2770 = CARTESIAN_POINT('',(5.258089412929,-1.79218452154));
#2771 = CARTESIAN_POINT('',(5.268614011455,-1.79218452154));
#2772 = CARTESIAN_POINT('',(5.293873047179,-1.79218452154));
#2773 = CARTESIAN_POINT('',(5.308607485201,-1.79218452154));
#2774 = CARTESIAN_POINT('',(5.32334192357,-1.79218452154));
#2775 = CARTESIAN_POINT('',(5.33807636194,-1.79218452154));
#2776 = CARTESIAN_POINT('',(5.352810799962,-1.79218452154));
#2777 = CARTESIAN_POINT('',(5.380700985091,-1.79218452154));
#2778 = CARTESIAN_POINT('',(5.393856733288,-1.79218452154));
#2779 = CARTESIAN_POINT('',(5.407012481681,-1.79218452154));
#2780 = CARTESIAN_POINT('',(5.420168230074,-1.79218452154));
#2781 = CARTESIAN_POINT('',(5.433323978271,-1.79218452154));
#2782 = CARTESIAN_POINT('',(5.45700432447,-1.79218452154));
#2783 = CARTESIAN_POINT('',(5.467528922996,-1.79218452154));
#2784 = CARTESIAN_POINT('',(5.478053521586,-1.79218452154));
#2785 = CARTESIAN_POINT('',(5.488578120177,-1.79218452154));
#2786 = CARTESIAN_POINT('',(5.499102718703,-1.79218452154));
#2787 = CARTESIAN_POINT('',(5.524887984241,-1.79218452154));
#2788 = CARTESIAN_POINT('',(5.540148652211,-1.79218452154));
#2789 = CARTESIAN_POINT('',(5.555409320594,-1.79218452154));
#2790 = CARTESIAN_POINT('',(5.570669988978,-1.79218452154));
#2791 = CARTESIAN_POINT('',(5.585930656947,-1.79218452154));
#2792 = CARTESIAN_POINT('',(5.612242152381,-1.79218452154));
#2793 = CARTESIAN_POINT('',(5.623292980838,-1.79218452154));
#2794 = CARTESIAN_POINT('',(5.634343809378,-1.79218452154));
#2795 = CARTESIAN_POINT('',(5.645394637918,-1.79218452154));
#2796 = CARTESIAN_POINT('',(5.656445466375,-1.79218452154));
#2797 = CARTESIAN_POINT('',(5.770102143134,-1.79218452154));
#2798 = CARTESIAN_POINT('',(5.8727404367,-1.79218452154));
#2799 = CARTESIAN_POINT('',(5.975340800923,-1.79218452154));
#2800 = CARTESIAN_POINT('',(6.077941165147,-1.79218452154));
#2801 = CARTESIAN_POINT('',(6.180579458713,-1.79218452154));
#2802 = CARTESIAN_POINT('',(6.28318530718,-1.79218452154));
#2803 = ( GEOMETRIC_REPRESENTATION_CONTEXT(2) 
PARAMETRIC_REPRESENTATION_CONTEXT() REPRESENTATION_CONTEXT('2D SPACE',''
  ) );
#2804 = ORIENTED_EDGE('',*,*,#1816,.F.);
#2805 = ADVANCED_FACE('',(#2806),#676,.F.);
#2806 = FACE_BOUND('',#2807,.T.);
#2807 = EDGE_LOOP('',(#2808,#2809,#2830,#3828));
#2808 = ORIENTED_EDGE('',*,*,#661,.T.);
#2809 = ORIENTED_EDGE('',*,*,#2810,.T.);
#2810 = EDGE_CURVE('',#639,#2811,#2813,.T.);
#2811 = VERTEX_POINT('',#2812);
#2812 = CARTESIAN_POINT('',(62.5,96.6,80.));
#2813 = SEAM_CURVE('',#2814,(#2818,#2824),.PCURVE_S1.);
#2814 = LINE('',#2815,#2816);
#2815 = CARTESIAN_POINT('',(62.5,99.6,83.));
#2816 = VECTOR('',#2817,1.);
#2817 = DIRECTION('',(-0.,-0.707106781187,-0.707106781187));
#2818 = PCURVE('',#676,#2819);
#2819 = DEFINITIONAL_REPRESENTATION('',(#2820),#2823);
#2820 = B_SPLINE_CURVE_WITH_KNOTS('',1,(#2821,#2822),.UNSPECIFIED.,.F.,
  .F.,(2,2),(0.,5.091168824543),.PIECEWISE_BEZIER_KNOTS.);
#2821 = CARTESIAN_POINT('',(0.,0.));
#2822 = CARTESIAN_POINT('',(0.,-3.6));
#2823 = ( GEOMETRIC_REPRESENTATION_CONTEXT(2) 
PARAMETRIC_REPRESENTATION_CONTEXT() REPRESENTATION_CONTEXT('2D SPACE',''
  ) );
#2824 = PCURVE('',#676,#2825);
#2825 = DEFINITIONAL_REPRESENTATION('',(#2826),#2829);
#2826 = B_SPLINE_CURVE_WITH_KNOTS('',1,(#2827,#2828),.UNSPECIFIED.,.F.,
  .F.,(2,2),(0.,5.091168824543),.PIECEWISE_BEZIER_KNOTS.);
#2827 = CARTESIAN_POINT('',(6.28318530718,0.));
#2828 = CARTESIAN_POINT('',(6.28318530718,-3.6));
#2829 = ( GEOMETRIC_REPRESENTATION_CONTEXT(2) 
PARAMETRIC_REPRESENTATION_CONTEXT() REPRESENTATION_CONTEXT('2D SPACE',''
  ) );
#2830 = ORIENTED_EDGE('',*,*,#2831,.F.);
#2831 = EDGE_CURVE('',#2811,#2811,#2832,.T.);
#2832 = SURFACE_CURVE('',#2833,(#3161,#3492),.PCURVE_S1.);
#2833 = B_SPLINE_CURVE_WITH_KNOTS('',6,(#2834,#2835,#2836,#2837,#2838,
    #2839,#2840,#2841,#2842,#2843,#2844,#2845,#2846,#2847,#2848,#2849,
    #2850,#2851,#2852,#2853,#2854,#2855,#2856,#2857,#2858,#2859,#2860,
    #2861,#2862,#2863,#2864,#2865,#2866,#2867,#2868,#2869,#2870,#2871,
    #2872,#2873,#2874,#2875,#2876,#2877,#2878,#2879,#2880,#2881,#2882,
    #2883,#2884,#2885,#2886,#2887,#2888,#2889,#2890,#2891,#2892,#2893,
    #2894,#2895,#2896,#2897,#2898,#2899,#2900,#2901,#2902,#2903,#2904,
    #2905,#2906,#2907,#2908,#2909,#2910,#2911,#2912,#2913,#2914,#2915,
    #2916,#2917,#2918,#2919,#2920,#2921,#2922,#2923,#2924,#2925,#2926,
    #2927,#2928,#2929,#2930,#2931,#2932,#2933,#2934,#2935,#2936,#2937,
    #2938,#2939,#2940,#2941,#2942,#2943,#2944,#2945,#2946,#2947,#2948,
    #2949,#2950,#2951,#2952,#2953,#2954,#2955,#2956,#2957,#2958,#2959,
    #2960,#2961,#2962,#2963,#2964,#2965,#2966,#2967,#2968,#2969,#2970,
    #2971,#2972,#2973,#2974,#2975,#2976,#2977,#2978,#2979,#2980,#2981,
    #2982,#2983,#2984,#2985,#2986,#2987,#2988,#2989,#2990,#2991,#2992,
    #2993,#2994,#2995,#2996,#2997,#2998,#2999,#3000,#3001,#3002,#3003,
    #3004,#3005,#3006,#3007,#3008,#3009,#3010,#3011,#3012,#3013,#3014,
    #3015,#3016,#3017,#3018,#3019,#3020,#3021,#3022,#3023,#3024,#3025,
    #3026,#3027,#3028,#3029,#3030,#3031,#3032,#3033,#3034,#3035,#3036,
    #3037,#3038,#3039,#3040,#3041,#3042,#3043,#3044,#3045,#3046,#3047,
    #3048,#3049,#3050,#3051,#3052,#3053,#3054,#3055,#3056,#3057,#3058,
    #3059,#3060,#3061,#3062,#3063,#3064,#3065,#3066,#3067,#3068,#3069,
    #3070,#3071,#3072,#3073,#3074,#3075,#3076,#3077,#3078,#3079,#3080,
    #3081,#3082,#3083,#3084,#3085,#3086,#3087,#3088,#3089,#3090,#3091,
    #3092,#3093,#3094,#3095,#3096,#3097,#3098,#3099,#3100,#3101,#3102,
    #3103,#3104,#3105,#3106,#3107,#3108,#3109,#3110,#3111,#3112,#3113,
    #3114,#3115,#3116,#3117,#3118,#3119,#3120,#3121,#3122,#3123,#3124,
    #3125,#3126,#3127,#3128,#3129,#3130,#3131,#3132,#3133,#3134,#3135,
    #3136,#3137,#3138,#3139,#3140,#3141,#3142,#3143,#3144,#3145,#3146,
    #3147,#3148,#3149,#3150,#3151,#3152,#3153,#3154,#3155,#3156,#3157,
    #3158,#3159,#3160),.UNSPECIFIED.,.T.,.F.,(7,5,5,5,5,5,5,5,5,5,5,5,5,
    5,5,5,5,5,5,5,5,5,5,5,5,5,5,5,5,5,5,5,5,5,5,5,5,5,5,5,5,5,5,5,5,5,5,
    5,5,5,5,5,5,5,5,5,5,5,5,5,5,5,5,5,5,7),(0.,1.20602271001E-02,
    2.663326417714E-02,4.020126436691E-02,5.477430144395E-02,
    6.834230163372E-02,8.291533871076E-02,9.547830196253E-02,
    0.105026154193,0.11959919127,0.134172228347,0.148242746987,
    0.162815784064,0.175881265791,0.190454302868,0.20150971064,
    0.216082747717,0.230655784794,0.245228821871,0.259801858948,
    0.273872377588,0.288445414665,0.301510896392,0.310556230098,
    0.32311919335,0.335682156602,0.350255193679,0.362315638446,
    0.375883638636,0.388446601887,0.403019638964,0.417592676041,
    0.432165713118,0.442718602382,0.457291639459,0.471864676536,
    0.485935195176,0.499503195366,0.514076232443,0.528146751084,
    0.542217269724,0.556790306801,0.571363343878,0.585936380955,
    0.596991788727,0.611564825804,0.624127789056,0.63468067832,
    0.64422853055,0.65829904919,0.67186704938,0.682419938644,
    0.700008085948,0.711566012221,0.747747285035,0.785938612677,
    0.797999057444,0.815587204748,0.830160241825,0.840210612574,
    0.854281131215,0.866844094466,0.875386909645,0.887949872897,
    0.895990169545,1.),.UNSPECIFIED.);
#2834 = CARTESIAN_POINT('',(62.5,96.6,80.));
#2835 = CARTESIAN_POINT('',(62.563152606187,96.6,80.));
#2836 = CARTESIAN_POINT('',(62.626299970053,96.6,79.999042892005));
#2837 = CARTESIAN_POINT('',(62.689427647346,96.599999999999,
    79.997128769654));
#2838 = CARTESIAN_POINT('',(62.752519522401,96.599999999999,
    79.994258139212));
#2839 = CARTESIAN_POINT('',(62.815557808131,96.6,79.990431919571));
#2840 = CARTESIAN_POINT('',(62.954607413177,96.6,79.97987492804));
#2841 = CARTESIAN_POINT('',(63.030586009186,96.6,79.972705094685));
#2842 = CARTESIAN_POINT('',(63.10642691086,96.6,79.964144366471));
#2843 = CARTESIAN_POINT('',(63.1820983134,96.6,79.954196136883));
#2844 = CARTESIAN_POINT('',(63.257568530405,96.6,79.942864768611));
#2845 = CARTESIAN_POINT('',(63.402854667546,96.6,79.918322913179));
#2846 = CARTESIAN_POINT('',(63.472701604793,96.6,79.905295911778));
#2847 = CARTESIAN_POINT('',(63.542321332047,96.6,79.891078892753));
#2848 = CARTESIAN_POINT('',(63.611688528653,96.6,79.875676877044));
#2849 = CARTESIAN_POINT('',(63.680778026866,96.6,79.859095603122));
#2850 = CARTESIAN_POINT('',(63.823446913413,96.6,79.822272334327));
#2851 = CARTESIAN_POINT('',(63.896979817238,96.6,79.801850149899));
#2852 = CARTESIAN_POINT('',(63.970132524251,96.6,79.780082975276));
#2853 = CARTESIAN_POINT('',(64.042874322404,96.6,79.756979745292));
#2854 = CARTESIAN_POINT('',(64.115174786682,96.6,79.732550328048));
#2855 = CARTESIAN_POINT('',(64.25387904865,96.6,79.682836225165));
#2856 = CARTESIAN_POINT('',(64.320345653805,96.6,79.657726708894));
#2857 = CARTESIAN_POINT('',(64.386379275091,96.6,79.631485693045));
#2858 = CARTESIAN_POINT('',(64.45195586977,96.6,79.604122574014));
#2859 = CARTESIAN_POINT('',(64.517051671843,96.6,79.575647427646));
#2860 = CARTESIAN_POINT('',(64.651019268518,96.6,79.514303745375));
#2861 = CARTESIAN_POINT('',(64.719813609185,96.6,79.481266005531));
#2862 = CARTESIAN_POINT('',(64.787997105693,96.6,79.446971119056));
#2863 = CARTESIAN_POINT('',(64.855541096398,96.6,79.41143328353));
#2864 = CARTESIAN_POINT('',(64.922417366368,96.6,79.37466756476));
#2865 = CARTESIAN_POINT('',(65.045650545956,96.6,79.303950527176));
#2866 = CARTESIAN_POINT('',(65.102186096804,96.6,79.270310473997));
#2867 = CARTESIAN_POINT('',(65.158187014427,96.6,79.235779943687));
#2868 = CARTESIAN_POINT('',(65.213635799969,96.6,79.200369599434));
#2869 = CARTESIAN_POINT('',(65.268515241209,96.6,79.164090561179));
#2870 = CARTESIAN_POINT('',(65.364071223473,96.6,79.098730926908));
#2871 = CARTESIAN_POINT('',(65.404995409187,96.6,79.070012374347));
#2872 = CARTESIAN_POINT('',(65.445573541968,96.6,79.040803828505));
#2873 = CARTESIAN_POINT('',(65.485798300049,96.6,79.011110515326));
#2874 = CARTESIAN_POINT('',(65.525662467634,96.6,78.980937806129));
#2875 = CARTESIAN_POINT('',(65.625443014278,96.6,78.903514847358));
#2876 = CARTESIAN_POINT('',(65.684870497463,96.6,78.855634498529));
#2877 = CARTESIAN_POINT('',(65.743416091006,96.6,78.806669797866));
#2878 = CARTESIAN_POINT('',(65.801055134709,96.6,78.75664111534));
#2879 = CARTESIAN_POINT('',(65.857763601622,96.6,78.705569564138));
#2880 = CARTESIAN_POINT('',(65.969272594454,96.6,78.601384437187));
#2881 = CARTESIAN_POINT('',(66.024073139487,96.6,78.54827084358));
#2882 = CARTESIAN_POINT('',(66.077896340243,96.6,78.494158077113));
#2883 = CARTESIAN_POINT('',(66.130719502378,96.6,78.439068677259));
#2884 = CARTESIAN_POINT('',(66.1825206301,96.6,78.38302586569));
#2885 = CARTESIAN_POINT('',(66.28228595369,96.6,78.271045789286));
#2886 = CARTESIAN_POINT('',(66.330320878308,96.6,78.215171505916));
#2887 = CARTESIAN_POINT('',(66.377364032772,96.6,78.158452210883));
#2888 = CARTESIAN_POINT('',(66.423396907717,96.6,78.100909954799));
#2889 = CARTESIAN_POINT('',(66.468401651663,96.6,78.04256732418));
#2890 = CARTESIAN_POINT('',(66.557890469346,96.6,77.922216134688));
#2891 = CARTESIAN_POINT('',(66.602298558528,96.6,77.860151046458));
#2892 = CARTESIAN_POINT('',(66.645566235945,96.6,77.797277868352));
#2893 = CARTESIAN_POINT('',(66.687675208374,96.6,77.733622838108));
#2894 = CARTESIAN_POINT('',(66.72860799197,96.6,77.669212739608));
#2895 = CARTESIAN_POINT('',(66.803976806911,96.6,77.54567546211));
#2896 = CARTESIAN_POINT('',(66.838646881541,96.6,77.486691046306));
#2897 = CARTESIAN_POINT('',(66.872346122426,96.6,77.427141347815));
#2898 = CARTESIAN_POINT('',(66.905063067383,96.6,77.367046365169));
#2899 = CARTESIAN_POINT('',(66.936786805788,96.6,77.306426403074));
#2900 = CARTESIAN_POINT('',(67.001771786134,96.6,77.177124935462));
#2901 = CARTESIAN_POINT('',(67.034788084974,96.6,77.108320302096));
#2902 = CARTESIAN_POINT('',(67.066541498904,96.6,77.038916778136));
#2903 = CARTESIAN_POINT('',(67.097018543307,96.6,76.968943367481));
#2904 = CARTESIAN_POINT('',(67.126206625138,96.6,76.898429472107));
#2905 = CARTESIAN_POINT('',(67.175250015686,96.6,76.773524174555));
#2906 = CARTESIAN_POINT('',(67.195657453346,96.6,76.719349545244));
#2907 = CARTESIAN_POINT('',(67.215311249466,96.6,76.664894009708));
#2908 = CARTESIAN_POINT('',(67.234206602523,96.6,76.61017068118));
#2909 = CARTESIAN_POINT('',(67.252339015918,96.6,76.555192780553));
#2910 = CARTESIAN_POINT('',(67.292594896363,96.6,76.427184766732));
#2911 = CARTESIAN_POINT('',(67.314152530321,96.6,76.353976693544));
#2912 = CARTESIAN_POINT('',(67.33436759605,96.6,76.28037995753));
#2913 = CARTESIAN_POINT('',(67.353231433615,96.6,76.20642534938));
#2914 = CARTESIAN_POINT('',(67.370736326945,96.6,76.132143909765));
#2915 = CARTESIAN_POINT('',(67.403014680722,96.6,75.982989948913));
#2916 = CARTESIAN_POINT('',(67.417788146701,96.6,75.908117402111));
#2917 = CARTESIAN_POINT('',(67.431189130726,96.6,75.832980579836));
#2918 = CARTESIAN_POINT('',(67.44321182452,96.6,75.757610935627));
#2919 = CARTESIAN_POINT('',(67.453851382572,96.6,75.68204008565));
#2920 = CARTESIAN_POINT('',(67.472356461709,96.6,75.530559531761));
#2921 = CARTESIAN_POINT('',(67.480221985966,96.6,75.454649801885));
#2922 = CARTESIAN_POINT('',(67.48669661335,96.6,75.37860239802));
#2923 = CARTESIAN_POINT('',(67.491777435903,96.6,75.30244917303));
#2924 = CARTESIAN_POINT('',(67.495462519273,96.6,75.226222053693));
#2925 = CARTESIAN_POINT('',(67.500039286155,96.6,75.073684027728));
#2926 = CARTESIAN_POINT('',(67.500930970452,96.6,74.997373094954));
#2927 = CARTESIAN_POINT('',(67.500424996044,96.6,74.921052243123));
#2928 = CARTESIAN_POINT('',(67.498521379659,96.6,74.844753457557));
#2929 = CARTESIAN_POINT('',(67.495221114309,96.6,74.768508708161));
#2930 = CARTESIAN_POINT('',(67.485993118903,96.6,74.618817354359));
#2931 = CARTESIAN_POINT('',(67.480159913889,96.6,74.545364898686));
#2932 = CARTESIAN_POINT('',(67.473028327679,96.6,74.472021342124));
#2933 = CARTESIAN_POINT('',(67.464600977484,96.6,74.398815354803));
#2934 = CARTESIAN_POINT('',(67.454881324307,96.6,74.325775517267));
#2935 = CARTESIAN_POINT('',(67.432472891224,96.6,74.177483509966));
#2936 = CARTESIAN_POINT('',(67.419690464856,96.6,74.102245466811));
#2937 = CARTESIAN_POINT('',(67.405531177921,96.6,74.027247846663));
#2938 = CARTESIAN_POINT('',(67.390000772272,96.6,73.952522115254));
#2939 = CARTESIAN_POINT('',(67.373105947517,96.6,73.878099548393));
#2940 = CARTESIAN_POINT('',(67.338490869422,96.6,73.737587223077));
#2941 = CARTESIAN_POINT('',(67.321036801684,96.6,73.67143186878));
#2942 = CARTESIAN_POINT('',(67.302497675851,96.6,73.605567567069));
#2943 = CARTESIAN_POINT('',(67.282879615786,96.6,73.54001654003));
#2944 = CARTESIAN_POINT('',(67.262189351169,96.6,73.474800833848));
#2945 = CARTESIAN_POINT('',(67.225372970779,96.6,73.365040268917));
#2946 = CARTESIAN_POINT('',(67.209801341529,96.6,73.320309412552));
#2947 = CARTESIAN_POINT('',(67.193721762998,96.6,73.275757003839));
#2948 = CARTESIAN_POINT('',(67.177136804456,96.6,73.231390246936));
#2949 = CARTESIAN_POINT('',(67.160049171188,96.6,73.187216296038));
#2950 = CARTESIAN_POINT('',(67.118034667884,96.6,73.082167200007));
#2951 = CARTESIAN_POINT('',(67.092643443204,96.6,73.021477766028));
#2952 = CARTESIAN_POINT('',(67.066295645615,96.6,72.961192992988));
#2953 = CARTESIAN_POINT('',(67.038999382662,96.6,72.901331700596));
#2954 = CARTESIAN_POINT('',(67.010763254275,96.6,72.841912488709));
#2955 = CARTESIAN_POINT('',(66.952429451281,96.6,72.723994985973));
#2956 = CARTESIAN_POINT('',(66.922331771151,96.6,72.665496683961));
#2957 = CARTESIAN_POINT('',(66.891312405148,96.6,72.607477211101));
#2958 = CARTESIAN_POINT('',(66.859380919552,96.6,72.549954689201));
#2959 = CARTESIAN_POINT('',(66.826547354165,96.6,72.492946982078));
#2960 = CARTESIAN_POINT('',(66.753701070146,96.6,72.370960364529));
#2961 = CARTESIAN_POINT('',(66.71338021507,96.6,72.306165440286));
#2962 = CARTESIAN_POINT('',(66.671876071922,96.6,72.24211440957));
#2963 = CARTESIAN_POINT('',(66.629205870064,96.6,72.178834220666));
#2964 = CARTESIAN_POINT('',(66.585387653376,96.6,72.116351283411));
#2965 = CARTESIAN_POINT('',(66.503242453337,96.6,72.003662656194));
#2966 = CARTESIAN_POINT('',(66.465271260172,96.6,71.953197587902));
#2967 = CARTESIAN_POINT('',(66.426537387338,96.6,71.903310924069));
#2968 = CARTESIAN_POINT('',(66.387051881023,96.6,71.854017040836));
#2969 = CARTESIAN_POINT('',(66.346826147035,96.6,71.805330030728));
#2970 = CARTESIAN_POINT('',(66.259798480626,96.6,71.703189084268));
#2971 = CARTESIAN_POINT('',(66.212803040284,96.6,71.649900004756));
#2972 = CARTESIAN_POINT('',(66.16490238497,96.6,71.597416128438));
#2973 = CARTESIAN_POINT('',(66.116113807529,96.6,71.545756620464));
#2974 = CARTESIAN_POINT('',(66.066455138455,96.6,71.494940146817));
#2975 = CARTESIAN_POINT('',(65.969175863463,96.6,71.398729991951));
#2976 = CARTESIAN_POINT('',(65.921676755439,96.6,71.353213440847));
#2977 = CARTESIAN_POINT('',(65.873462001801,96.6,71.308449640407));
#2978 = CARTESIAN_POINT('',(65.8245465463,96.6,71.264452611971));
#2979 = CARTESIAN_POINT('',(65.774945696448,96.6,71.221235978813));
#2980 = CARTESIAN_POINT('',(65.666361260117,96.6,71.129602272444));
#2981 = CARTESIAN_POINT('',(65.607146200892,96.6,71.0814594607));
#2982 = CARTESIAN_POINT('',(65.547054413384,96.6,71.034405178128));
#2983 = CARTESIAN_POINT('',(65.486110960035,96.6,70.9884592977));
#2984 = CARTESIAN_POINT('',(65.424341498198,96.6,70.943640918144));
#2985 = CARTESIAN_POINT('',(65.299203062063,96.6,70.85629580974));
#2986 = CARTESIAN_POINT('',(65.235834066316,96.6,70.813769065921));
#2987 = CARTESIAN_POINT('',(65.17169154583,96.6,70.772406455994));
#2988 = CARTESIAN_POINT('',(65.106802275166,96.6,70.732225478069));
#2989 = CARTESIAN_POINT('',(65.041193550509,96.6,70.69324280486));
#2990 = CARTESIAN_POINT('',(64.90859282882,96.6,70.617705762503));
#2991 = CARTESIAN_POINT('',(64.84160080906,96.6,70.581151380409));
#2992 = CARTESIAN_POINT('',(64.773944948781,96.6,70.545826983682));
#2993 = CARTESIAN_POINT('',(64.705653510342,96.6,70.511747548971));
#2994 = CARTESIAN_POINT('',(64.636755200071,96.6,70.478927183288));
#2995 = CARTESIAN_POINT('',(64.51696893668,96.6,70.424533976892));
#2996 = CARTESIAN_POINT('',(64.466355753352,96.6,70.402355992412));
#2997 = CARTESIAN_POINT('',(64.415450682616,96.6,70.380850194636));
#2998 = CARTESIAN_POINT('',(64.364264891645,96.6,70.360021359637));
#2999 = CARTESIAN_POINT('',(64.312809650449,96.6,70.339874015503));
#3000 = CARTESIAN_POINT('',(64.189682703793,96.6,70.293536937408));
#3001 = CARTESIAN_POINT('',(64.117776897604,96.6,70.267969211699));
#3002 = CARTESIAN_POINT('',(64.04540887702,96.6,70.24372054099));
#3003 = CARTESIAN_POINT('',(63.972608907489,96.6,70.220801272448));
#3004 = CARTESIAN_POINT('',(63.89940755618,96.6,70.199220824622));
#3005 = CARTESIAN_POINT('',(63.752263827806,96.6,70.158754550262));
#3006 = CARTESIAN_POINT('',(63.67832142552,96.6,70.139868716792));
#3007 = CARTESIAN_POINT('',(63.604039354347,96.6,70.122338675817));
#3008 = CARTESIAN_POINT('',(63.529448699055,96.6,70.106171963803));
#3009 = CARTESIAN_POINT('',(63.454580759962,96.6,70.091375164901));
#3010 = CARTESIAN_POINT('',(63.30694347332,96.6,70.064995458771));
#3011 = CARTESIAN_POINT('',(63.23419076025,96.6,70.053319317884));
#3012 = CARTESIAN_POINT('',(63.161237278916,96.6,70.042930556061));
#3013 = CARTESIAN_POINT('',(63.088111506696,96.6,70.033833400001));
#3014 = CARTESIAN_POINT('',(63.014842033166,96.6,70.026031235324));
#3015 = CARTESIAN_POINT('',(62.870693960676,96.6,70.013254285957));
#3016 = CARTESIAN_POINT('',(62.799823410011,96.6,70.008188473421));
#3017 = CARTESIAN_POINT('',(62.728871641747,96.6,70.004331449548));
#3018 = CARTESIAN_POINT('',(62.657864423113,96.6,70.001684762043));
#3019 = CARTESIAN_POINT('',(62.586827554913,96.6,70.00024922574));
#3020 = CARTESIAN_POINT('',(62.439483916154,96.6,69.999784004402));
#3021 = CARTESIAN_POINT('',(62.363176535816,96.6,70.000940407286));
#3022 = CARTESIAN_POINT('',(62.286896745472,96.6,70.003494231737));
#3023 = CARTESIAN_POINT('',(62.210676518475,96.6,70.007444602722));
#3024 = CARTESIAN_POINT('',(62.134547786574,96.6,70.012789669691));
#3025 = CARTESIAN_POINT('',(61.985157966834,96.6,70.026031235324));
#3026 = CARTESIAN_POINT('',(61.911888493303,96.6,70.033833400001));
#3027 = CARTESIAN_POINT('',(61.838762721084,96.6,70.042930556061));
#3028 = CARTESIAN_POINT('',(61.76580923975,96.6,70.053319317884));
#3029 = CARTESIAN_POINT('',(61.69305652668,96.6,70.064995458771));
#3030 = CARTESIAN_POINT('',(61.548009367437,96.6,70.090912363117));
#3031 = CARTESIAN_POINT('',(61.475714899659,96.6,70.105153130436));
#3032 = CARTESIAN_POINT('',(61.40367790874,96.6,70.120671144176));
#3033 = CARTESIAN_POINT('',(61.331926573681,96.6,70.13746050772));
#3034 = CARTESIAN_POINT('',(61.260488887465,96.6,70.155514496566));
#3035 = CARTESIAN_POINT('',(61.115757276006,96.6,70.194826300735));
#3036 = CARTESIAN_POINT('',(61.04248815202,96.6,70.216175516927));
#3037 = CARTESIAN_POINT('',(60.969616180652,96.6,70.238864814474));
#3038 = CARTESIAN_POINT('',(60.897171958658,96.6,70.262884871386));
#3039 = CARTESIAN_POINT('',(60.825185784004,96.6,70.288225436108));
#3040 = CARTESIAN_POINT('',(60.682189527718,96.6,70.341525218926));
#3041 = CARTESIAN_POINT('',(60.611179421576,96.6,70.369484446158));
#3042 = CARTESIAN_POINT('',(60.54068733619,96.6,70.398741826977));
#3043 = CARTESIAN_POINT('',(60.470742887782,96.6,70.429285280794));
#3044 = CARTESIAN_POINT('',(60.401375310031,96.6,70.461101828671));
#3045 = CARTESIAN_POINT('',(60.263851598137,96.6,70.527253357959));
#3046 = CARTESIAN_POINT('',(60.195695440421,96.6,70.56158835071));
#3047 = CARTESIAN_POINT('',(60.128173831566,96.6,70.597168693203));
#3048 = CARTESIAN_POINT('',(60.061315159126,96.6,70.633979647466));
#3049 = CARTESIAN_POINT('',(59.995147347575,96.6,70.672005615914));
#3050 = CARTESIAN_POINT('',(59.880046520135,96.6,70.74098667879));
#3051 = CARTESIAN_POINT('',(59.830808570964,96.6,70.771432997686));
#3052 = CARTESIAN_POINT('',(59.781995995401,96.6,70.80256191542));
#3053 = CARTESIAN_POINT('',(59.733620602279,96.6,70.834365977938));
#3054 = CARTESIAN_POINT('',(59.685694024667,96.6,70.866837459752));
#3055 = CARTESIAN_POINT('',(59.575658501802,96.6,70.943640918144));
#3056 = CARTESIAN_POINT('',(59.513889039965,96.6,70.9884592977));
#3057 = CARTESIAN_POINT('',(59.452945586616,96.6,71.034405178128));
#3058 = CARTESIAN_POINT('',(59.392853799108,96.6,71.0814594607));
#3059 = CARTESIAN_POINT('',(59.333638739883,96.6,71.129602272444));
#3060 = CARTESIAN_POINT('',(59.225054303551,96.6,71.221235978813));
#3061 = CARTESIAN_POINT('',(59.1754534537,96.6,71.264452611971));
#3062 = CARTESIAN_POINT('',(59.126537998199,96.6,71.308449640407));
#3063 = CARTESIAN_POINT('',(59.078323244561,96.6,71.353213440848));
#3064 = CARTESIAN_POINT('',(59.030824136537,96.6,71.398729991951));
#3065 = CARTESIAN_POINT('',(58.94476939238,96.6,71.483838975986));
#3066 = CARTESIAN_POINT('',(58.905998772837,96.6,71.523214049097));
#3067 = CARTESIAN_POINT('',(58.867752035229,96.6,71.56310154873));
#3068 = CARTESIAN_POINT('',(58.830037624298,96.6,71.603492745454));
#3069 = CARTESIAN_POINT('',(58.792863789785,96.6,71.644378725323));
#3070 = CARTESIAN_POINT('',(58.723101497536,96.6,71.723181896046));
#3071 = CARTESIAN_POINT('',(58.690413512409,96.6,71.761010983609));
#3072 = CARTESIAN_POINT('',(58.658180596051,96.6,71.799230914446));
#3073 = CARTESIAN_POINT('',(58.626408575255,96.6,71.837834835294));
#3074 = CARTESIAN_POINT('',(58.595103138606,96.6,71.876815777737));
#3075 = CARTESIAN_POINT('',(58.518831287373,96.6,71.974157427644));
#3076 = CARTESIAN_POINT('',(58.474418085331,96.6,72.032951619615));
#3077 = CARTESIAN_POINT('',(58.431048001694,96.6,72.092526552736));
#3078 = CARTESIAN_POINT('',(58.388738117417,96.6,72.152859052299));
#3079 = CARTESIAN_POINT('',(58.347504823065,96.6,72.213925450277));
#3080 = CARTESIAN_POINT('',(58.26865642165,96.6,72.335271430152));
#3081 = CARTESIAN_POINT('',(58.230964676532,96.6,72.39550123804));
#3082 = CARTESIAN_POINT('',(58.194302659317,96.6,72.456369345835));
#3083 = CARTESIAN_POINT('',(58.158683814209,96.6,72.517853717232));
#3084 = CARTESIAN_POINT('',(58.124120953755,96.6,72.579931942766));
#3085 = CARTESIAN_POINT('',(58.064574828918,96.6,72.691308471908));
#3086 = CARTESIAN_POINT('',(58.039169569328,96.6,72.740381174171));
#3087 = CARTESIAN_POINT('',(58.014416209276,96.6,72.789788630398));
#3088 = CARTESIAN_POINT('',(57.990320237138,96.6,72.83952000572));
#3089 = CARTESIAN_POINT('',(57.966886900479,96.6,72.889564346611));
#3090 = CARTESIAN_POINT('',(57.906178385147,96.6,73.02382096433));
#3091 = CARTESIAN_POINT('',(57.87009010966,96.6,73.108569977819));
#3092 = CARTESIAN_POINT('',(57.835879576418,96.6,73.194106317182));
#3093 = CARTESIAN_POINT('',(57.803568050259,96.6,73.280377930205));
#3094 = CARTESIAN_POINT('',(57.773174864016,96.6,73.367332016624));
#3095 = CARTESIAN_POINT('',(57.726016810027,96.6,73.512469583033));
#3096 = CARTESIAN_POINT('',(57.708152119564,96.6,73.57029574849));
#3097 = CARTESIAN_POINT('',(57.691128280796,96.6,73.628378339772));
#3098 = CARTESIAN_POINT('',(57.674949855898,96.6,73.686702066199));
#3099 = CARTESIAN_POINT('',(57.659621035557,96.6,73.74525153113));
#3100 = CARTESIAN_POINT('',(57.599831431189,96.6,73.98795433008));
#3101 = CARTESIAN_POINT('',(57.562880190792,96.6,74.173958908296));
#3102 = CARTESIAN_POINT('',(57.534409524941,96.6,74.361546984093));
#3103 = CARTESIAN_POINT('',(57.514500216006,96.6,74.550235840184));
#3104 = CARTESIAN_POINT('',(57.503196221573,96.6,74.739538024519));
#3105 = CARTESIAN_POINT('',(57.497663598102,96.6,75.128908110992));
#3106 = CARTESIAN_POINT('',(57.504418458537,96.6,75.32899283937));
#3107 = CARTESIAN_POINT('',(57.520777293518,96.6,75.528636305409));
#3108 = CARTESIAN_POINT('',(57.546702301693,96.6,75.727264145765));
#3109 = CARTESIAN_POINT('',(57.582109842583,96.6,75.924306863768));
#3110 = CARTESIAN_POINT('',(57.641005390904,96.6,76.180745106644));
#3111 = CARTESIAN_POINT('',(57.656073091079,96.6,76.242076167612));
#3112 = CARTESIAN_POINT('',(57.672069476146,96.6,76.303175331255));
#3113 = CARTESIAN_POINT('',(57.68899004297,96.6,76.364025035869));
#3114 = CARTESIAN_POINT('',(57.706829846244,96.6,76.424607839099));
#3115 = CARTESIAN_POINT('',(57.752932572625,96.6,76.57284183886));
#3116 = CARTESIAN_POINT('',(57.782225175948,96.6,76.660172831671));
#3117 = CARTESIAN_POINT('',(57.813444585279,96.6,76.74684563258));
#3118 = CARTESIAN_POINT('',(57.846572136149,96.6,76.832807201375));
#3119 = CARTESIAN_POINT('',(57.881587222794,96.6,76.918005221435));
#3120 = CARTESIAN_POINT('',(57.949025076434,96.6,77.072305345289));
#3121 = CARTESIAN_POINT('',(57.980863240811,96.6,77.141663004209));
#3122 = CARTESIAN_POINT('',(58.013968969403,96.6,77.210431741064));
#3123 = CARTESIAN_POINT('',(58.048328564474,96.6,77.278582651996));
#3124 = CARTESIAN_POINT('',(58.083927452431,96.6,77.346087264712));
#3125 = CARTESIAN_POINT('',(58.146145171883,96.6,77.459007384081));
#3126 = CARTESIAN_POINT('',(58.172122253492,96.6,77.504776504986));
#3127 = CARTESIAN_POINT('',(58.198676363147,96.6,77.550215707849));
#3128 = CARTESIAN_POINT('',(58.225802245359,96.6,77.595315911959));
#3129 = CARTESIAN_POINT('',(58.253494454654,96.6,77.64006814924));
#3130 = CARTESIAN_POINT('',(58.321301415724,96.6,77.746617143479));
#3131 = CARTESIAN_POINT('',(58.361954439596,96.6,77.808071363637));
#3132 = CARTESIAN_POINT('',(58.40369095658,96.6,77.868801915759));
#3133 = CARTESIAN_POINT('',(58.44649480103,96.6,77.928784977629));
#3134 = CARTESIAN_POINT('',(58.490349112269,96.6,77.987997213787));
#3135 = CARTESIAN_POINT('',(58.57531421223,96.6,78.09857520641));
#3136 = CARTESIAN_POINT('',(58.61621552935,96.6,78.150101936806));
#3137 = CARTESIAN_POINT('',(58.657927791808,96.6,78.200979706596));
#3138 = CARTESIAN_POINT('',(58.700438091165,96.6,78.251192600824));
#3139 = CARTESIAN_POINT('',(58.743733104689,96.6,78.300725049697));
#3140 = CARTESIAN_POINT('',(58.817763969594,96.6,78.382770838888));
#3141 = CARTESIAN_POINT('',(58.848085346178,96.6,78.415658174216));
#3142 = CARTESIAN_POINT('',(58.878758907228,96.6,78.448219049258));
#3143 = CARTESIAN_POINT('',(58.909780251372,96.6,78.480448758199));
#3144 = CARTESIAN_POINT('',(58.941144893745,96.6,78.512342674731));
#3145 = CARTESIAN_POINT('',(59.019470871319,96.6,78.59029857072));
#3146 = CARTESIAN_POINT('',(59.066826029794,96.6,78.635964867409));
#3147 = CARTESIAN_POINT('',(59.114899207031,96.6,78.680880676747));
#3148 = CARTESIAN_POINT('',(59.163675503626,96.6,78.725031930282));
#3149 = CARTESIAN_POINT('',(59.213139655154,96.6,78.768404956475));
#3150 = CARTESIAN_POINT('',(59.295363314129,96.6,78.838238656771));
#3151 = CARTESIAN_POINT('',(59.327725942084,96.6,78.86516663574));
#3152 = CARTESIAN_POINT('',(59.360359820441,96.6,78.891766939183));
#3153 = CARTESIAN_POINT('',(59.393260796805,96.6,78.918036159085));
#3154 = CARTESIAN_POINT('',(59.426424661977,96.6,78.943970957837));
#3155 = CARTESIAN_POINT('',(59.892202753325,96.6,79.300694049003));
#3156 = CARTESIAN_POINT('',(60.36801462504,96.599999999999,
    79.57544559533));
#3157 = CARTESIAN_POINT('',(60.877706460151,96.600000000001,
    79.786362084448));
#3158 = CARTESIAN_POINT('',(61.41060141991,96.599999999998,
    79.928820829424));
#3159 = CARTESIAN_POINT('',(61.955412281726,96.6,80.));
#3160 = CARTESIAN_POINT('',(62.5,96.6,80.));
#3161 = PCURVE('',#676,#3162);
#3162 = DEFINITIONAL_REPRESENTATION('',(#3163),#3491);
#3163 = B_SPLINE_CURVE_WITH_KNOTS('',6,(#3164,#3165,#3166,#3167,#3168,
    #3169,#3170,#3171,#3172,#3173,#3174,#3175,#3176,#3177,#3178,#3179,
    #3180,#3181,#3182,#3183,#3184,#3185,#3186,#3187,#3188,#3189,#3190,
    #3191,#3192,#3193,#3194,#3195,#3196,#3197,#3198,#3199,#3200,#3201,
    #3202,#3203,#3204,#3205,#3206,#3207,#3208,#3209,#3210,#3211,#3212,
    #3213,#3214,#3215,#3216,#3217,#3218,#3219,#3220,#3221,#3222,#3223,
    #3224,#3225,#3226,#3227,#3228,#3229,#3230,#3231,#3232,#3233,#3234,
    #3235,#3236,#3237,#3238,#3239,#3240,#3241,#3242,#3243,#3244,#3245,
    #3246,#3247,#3248,#3249,#3250,#3251,#3252,#3253,#3254,#3255,#3256,
    #3257,#3258,#3259,#3260,#3261,#3262,#3263,#3264,#3265,#3266,#3267,
    #3268,#3269,#3270,#3271,#3272,#3273,#3274,#3275,#3276,#3277,#3278,
    #3279,#3280,#3281,#3282,#3283,#3284,#3285,#3286,#3287,#3288,#3289,
    #3290,#3291,#3292,#3293,#3294,#3295,#3296,#3297,#3298,#3299,#3300,
    #3301,#3302,#3303,#3304,#3305,#3306,#3307,#3308,#3309,#3310,#3311,
    #3312,#3313,#3314,#3315,#3316,#3317,#3318,#3319,#3320,#3321,#3322,
    #3323,#3324,#3325,#3326,#3327,#3328,#3329,#3330,#3331,#3332,#3333,
    #3334,#3335,#3336,#3337,#3338,#3339,#3340,#3341,#3342,#3343,#3344,
    #3345,#3346,#3347,#3348,#3349,#3350,#3351,#3352,#3353,#3354,#3355,
    #3356,#3357,#3358,#3359,#3360,#3361,#3362,#3363,#3364,#3365,#3366,
    #3367,#3368,#3369,#3370,#3371,#3372,#3373,#3374,#3375,#3376,#3377,
    #3378,#3379,#3380,#3381,#3382,#3383,#3384,#3385,#3386,#3387,#3388,
    #3389,#3390,#3391,#3392,#3393,#3394,#3395,#3396,#3397,#3398,#3399,
    #3400,#3401,#3402,#3403,#3404,#3405,#3406,#3407,#3408,#3409,#3410,
    #3411,#3412,#3413,#3414,#3415,#3416,#3417,#3418,#3419,#3420,#3421,
    #3422,#3423,#3424,#3425,#3426,#3427,#3428,#3429,#3430,#3431,#3432,
    #3433,#3434,#3435,#3436,#3437,#3438,#3439,#3440,#3441,#3442,#3443,
    #3444,#3445,#3446,#3447,#3448,#3449,#3450,#3451,#3452,#3453,#3454,
    #3455,#3456,#3457,#3458,#3459,#3460,#3461,#3462,#3463,#3464,#3465,
    #3466,#3467,#3468,#3469,#3470,#3471,#3472,#3473,#3474,#3475,#3476,
    #3477,#3478,#3479,#3480,#3481,#3482,#3483,#3484,#3485,#3486,#3487,
    #3488,#3489,#3490),.UNSPECIFIED.,.F.,.F.,(7,5,5,5,5,5,5,5,5,5,5,5,5,
    5,5,5,5,5,5,5,5,5,5,5,5,5,5,5,5,5,5,5,5,5,5,5,5,5,5,5,5,5,5,5,5,5,5,
    5,5,5,5,5,5,5,5,5,5,5,5,5,5,5,5,5,5,7),(0.,1.20602271001E-02,
    2.663326417714E-02,4.020126436691E-02,5.477430144395E-02,
    6.834230163372E-02,8.291533871076E-02,9.547830196253E-02,
    0.105026154193,0.11959919127,0.134172228347,0.148242746987,
    0.162815784064,0.175881265791,0.190454302868,0.20150971064,
    0.216082747717,0.230655784794,0.245228821871,0.259801858948,
    0.273872377588,0.288445414665,0.301510896392,0.310556230098,
    0.32311919335,0.335682156602,0.350255193679,0.362315638446,
    0.375883638636,0.388446601887,0.403019638964,0.417592676041,
    0.432165713118,0.442718602382,0.457291639459,0.471864676536,
    0.485935195176,0.499503195366,0.514076232443,0.528146751084,
    0.542217269724,0.556790306801,0.571363343878,0.585936380955,
    0.596991788727,0.611564825804,0.624127789056,0.63468067832,
    0.64422853055,0.65829904919,0.67186704938,0.682419938644,
    0.700008085948,0.711566012221,0.747747285035,0.785938612677,
    0.797999057444,0.815587204748,0.830160241825,0.840210612574,
    0.854281131215,0.866844094466,0.875386909645,0.887949872897,
    0.895990169545,1.),.UNSPECIFIED.);
#3164 = CARTESIAN_POINT('',(-2.6645352591E-15,-3.));
#3165 = CARTESIAN_POINT('',(1.263052123745E-02,-3.));
#3166 = CARTESIAN_POINT('',(2.525999340584E-02,-3.));
#3167 = CARTESIAN_POINT('',(3.788915584155E-02,-3.));
#3168 = CARTESIAN_POINT('',(5.051840995533E-02,-3.));
#3169 = CARTESIAN_POINT('',(6.314781923238E-02,-3.));
#3170 = CARTESIAN_POINT('',(9.103777637383E-02,-3.));
#3171 = CARTESIAN_POINT('',(0.106298444343,-3.));
#3172 = CARTESIAN_POINT('',(0.121559112727,-3.));
#3173 = CARTESIAN_POINT('',(0.13681978111,-3.));
#3174 = CARTESIAN_POINT('',(0.15208044908,-3.));
#3175 = CARTESIAN_POINT('',(0.18154932372,-3.));
#3176 = CARTESIAN_POINT('',(0.195757531797,-3.));
#3177 = CARTESIAN_POINT('',(0.209965740165,-3.));
#3178 = CARTESIAN_POINT('',(0.224173948532,-3.));
#3179 = CARTESIAN_POINT('',(0.238382156609,-3.));
#3180 = CARTESIAN_POINT('',(0.267851031249,-3.));
#3181 = CARTESIAN_POINT('',(0.283111699219,-3.));
#3182 = CARTESIAN_POINT('',(0.298372367602,-3.));
#3183 = CARTESIAN_POINT('',(0.313633035986,-3.));
#3184 = CARTESIAN_POINT('',(0.328893703955,-3.));
#3185 = CARTESIAN_POINT('',(0.358362578595,-3.));
#3186 = CARTESIAN_POINT('',(0.372570786673,-3.));
#3187 = CARTESIAN_POINT('',(0.38677899504,-3.));
#3188 = CARTESIAN_POINT('',(0.400987203407,-3.));
#3189 = CARTESIAN_POINT('',(0.415195411485,-3.));
#3190 = CARTESIAN_POINT('',(0.444664286125,-3.));
#3191 = CARTESIAN_POINT('',(0.459924954094,-3.));
#3192 = CARTESIAN_POINT('',(0.475185622478,-3.));
#3193 = CARTESIAN_POINT('',(0.490446290861,-3.));
#3194 = CARTESIAN_POINT('',(0.505706958831,-3.));
#3195 = CARTESIAN_POINT('',(0.534123373774,-3.));
#3196 = CARTESIAN_POINT('',(0.547279121971,-3.));
#3197 = CARTESIAN_POINT('',(0.560434870364,-3.));
#3198 = CARTESIAN_POINT('',(0.573590618757,-3.));
#3199 = CARTESIAN_POINT('',(0.586746366954,-3.));
#3200 = CARTESIAN_POINT('',(0.609900483252,-3.));
#3201 = CARTESIAN_POINT('',(0.619898851848,-3.));
#3202 = CARTESIAN_POINT('',(0.629897220494,-3.));
#3203 = CARTESIAN_POINT('',(0.63989558914,-3.));
#3204 = CARTESIAN_POINT('',(0.649893957735,-3.));
#3205 = CARTESIAN_POINT('',(0.675152993373,-3.));
#3206 = CARTESIAN_POINT('',(0.690413661342,-3.));
#3207 = CARTESIAN_POINT('',(0.705674329726,-3.));
#3208 = CARTESIAN_POINT('',(0.720934998109,-3.));
#3209 = CARTESIAN_POINT('',(0.736195666079,-3.));
#3210 = CARTESIAN_POINT('',(0.766717000362,-3.));
#3211 = CARTESIAN_POINT('',(0.781977668331,-3.));
#3212 = CARTESIAN_POINT('',(0.797238336715,-3.));
#3213 = CARTESIAN_POINT('',(0.812499005099,-3.));
#3214 = CARTESIAN_POINT('',(0.827759673068,-3.));
#3215 = CARTESIAN_POINT('',(0.857754777537,-3.));
#3216 = CARTESIAN_POINT('',(0.872489215559,-3.));
#3217 = CARTESIAN_POINT('',(0.887223653928,-3.));
#3218 = CARTESIAN_POINT('',(0.901958092298,-3.));
#3219 = CARTESIAN_POINT('',(0.91669253032,-3.));
#3220 = CARTESIAN_POINT('',(0.946687634789,-3.));
#3221 = CARTESIAN_POINT('',(0.961948302758,-3.));
#3222 = CARTESIAN_POINT('',(0.977208971142,-3.));
#3223 = CARTESIAN_POINT('',(0.992469639525,-3.));
#3224 = CARTESIAN_POINT('',(1.007730307495,-3.));
#3225 = CARTESIAN_POINT('',(1.036672952292,-3.));
#3226 = CARTESIAN_POINT('',(1.050354930428,-3.));
#3227 = CARTESIAN_POINT('',(1.064036908804,-3.));
#3228 = CARTESIAN_POINT('',(1.077718887179,-3.));
#3229 = CARTESIAN_POINT('',(1.091400865315,-3.));
#3230 = CARTESIAN_POINT('',(1.120343510113,-3.));
#3231 = CARTESIAN_POINT('',(1.135604178082,-3.));
#3232 = CARTESIAN_POINT('',(1.150864846466,-3.));
#3233 = CARTESIAN_POINT('',(1.166125514849,-3.));
#3234 = CARTESIAN_POINT('',(1.181386182819,-3.));
#3235 = CARTESIAN_POINT('',(1.208223908142,-3.));
#3236 = CARTESIAN_POINT('',(1.219800966532,-3.));
#3237 = CARTESIAN_POINT('',(1.231378025025,-3.));
#3238 = CARTESIAN_POINT('',(1.242955083519,-3.));
#3239 = CARTESIAN_POINT('',(1.254532141908,-3.));
#3240 = CARTESIAN_POINT('',(1.281369867231,-3.));
#3241 = CARTESIAN_POINT('',(1.296630535201,-3.));
#3242 = CARTESIAN_POINT('',(1.311891203584,-3.));
#3243 = CARTESIAN_POINT('',(1.327151871968,-3.));
#3244 = CARTESIAN_POINT('',(1.342412539937,-3.));
#3245 = CARTESIAN_POINT('',(1.372933874221,-3.));
#3246 = CARTESIAN_POINT('',(1.38819454219,-3.));
#3247 = CARTESIAN_POINT('',(1.403455210574,-3.));
#3248 = CARTESIAN_POINT('',(1.418715878957,-3.));
#3249 = CARTESIAN_POINT('',(1.433976546927,-3.));
#3250 = CARTESIAN_POINT('',(1.46449788121,-3.));
#3251 = CARTESIAN_POINT('',(1.479758549179,-3.));
#3252 = CARTESIAN_POINT('',(1.495019217563,-3.));
#3253 = CARTESIAN_POINT('',(1.510279885946,-3.));
#3254 = CARTESIAN_POINT('',(1.525540553916,-3.));
#3255 = CARTESIAN_POINT('',(1.556061888199,-3.));
#3256 = CARTESIAN_POINT('',(1.571322556168,-3.));
#3257 = CARTESIAN_POINT('',(1.586583224552,-3.));
#3258 = CARTESIAN_POINT('',(1.601843892935,-3.));
#3259 = CARTESIAN_POINT('',(1.617104560905,-3.));
#3260 = CARTESIAN_POINT('',(1.647099665373,-3.));
#3261 = CARTESIAN_POINT('',(1.661834103396,-3.));
#3262 = CARTESIAN_POINT('',(1.676568541765,-3.));
#3263 = CARTESIAN_POINT('',(1.691302980134,-3.));
#3264 = CARTESIAN_POINT('',(1.706037418157,-3.));
#3265 = CARTESIAN_POINT('',(1.736032522625,-3.));
#3266 = CARTESIAN_POINT('',(1.751293190595,-3.));
#3267 = CARTESIAN_POINT('',(1.766553858978,-3.));
#3268 = CARTESIAN_POINT('',(1.781814527362,-3.));
#3269 = CARTESIAN_POINT('',(1.797075195331,-3.));
#3270 = CARTESIAN_POINT('',(1.826017840129,-3.));
#3271 = CARTESIAN_POINT('',(1.839699818265,-3.));
#3272 = CARTESIAN_POINT('',(1.85338179664,-3.));
#3273 = CARTESIAN_POINT('',(1.867063775016,-3.));
#3274 = CARTESIAN_POINT('',(1.880745753152,-3.));
#3275 = CARTESIAN_POINT('',(1.903899869398,-3.));
#3276 = CARTESIAN_POINT('',(1.913372008065,-3.));
#3277 = CARTESIAN_POINT('',(1.92284414677,-3.));
#3278 = CARTESIAN_POINT('',(1.932316285475,-3.));
#3279 = CARTESIAN_POINT('',(1.941788424142,-3.));
#3280 = CARTESIAN_POINT('',(1.964416310534,-3.));
#3281 = CARTESIAN_POINT('',(1.977572058731,-3.));
#3282 = CARTESIAN_POINT('',(1.990727807124,-3.));
#3283 = CARTESIAN_POINT('',(2.003883555517,-3.));
#3284 = CARTESIAN_POINT('',(2.017039303714,-3.));
#3285 = CARTESIAN_POINT('',(2.043350799318,-3.));
#3286 = CARTESIAN_POINT('',(2.056506547514,-3.));
#3287 = CARTESIAN_POINT('',(2.069662295908,-3.));
#3288 = CARTESIAN_POINT('',(2.082818044301,-3.));
#3289 = CARTESIAN_POINT('',(2.095973792497,-3.));
#3290 = CARTESIAN_POINT('',(2.124390207441,-3.));
#3291 = CARTESIAN_POINT('',(2.13965087541,-3.));
#3292 = CARTESIAN_POINT('',(2.154911543794,-3.));
#3293 = CARTESIAN_POINT('',(2.170172212177,-3.));
#3294 = CARTESIAN_POINT('',(2.185432880147,-3.));
#3295 = CARTESIAN_POINT('',(2.213323065226,-3.));
#3296 = CARTESIAN_POINT('',(2.225952583485,-3.));
#3297 = CARTESIAN_POINT('',(2.238582101905,-3.));
#3298 = CARTESIAN_POINT('',(2.251211620324,-3.));
#3299 = CARTESIAN_POINT('',(2.263841138583,-3.));
#3300 = CARTESIAN_POINT('',(2.290678864019,-3.));
#3301 = CARTESIAN_POINT('',(2.304887072097,-3.));
#3302 = CARTESIAN_POINT('',(2.319095280464,-3.));
#3303 = CARTESIAN_POINT('',(2.333303488831,-3.));
#3304 = CARTESIAN_POINT('',(2.347511696909,-3.));
#3305 = CARTESIAN_POINT('',(2.374875652209,-3.));
#3306 = CARTESIAN_POINT('',(2.388031400406,-3.));
#3307 = CARTESIAN_POINT('',(2.401187148799,-3.));
#3308 = CARTESIAN_POINT('',(2.414342897192,-3.));
#3309 = CARTESIAN_POINT('',(2.427498645389,-3.));
#3310 = CARTESIAN_POINT('',(2.455915060332,-3.));
#3311 = CARTESIAN_POINT('',(2.471175728302,-3.));
#3312 = CARTESIAN_POINT('',(2.486436396685,-3.));
#3313 = CARTESIAN_POINT('',(2.501697065069,-3.));
#3314 = CARTESIAN_POINT('',(2.516957733038,-3.));
#3315 = CARTESIAN_POINT('',(2.547479067321,-3.));
#3316 = CARTESIAN_POINT('',(2.562739735291,-3.));
#3317 = CARTESIAN_POINT('',(2.578000403674,-3.));
#3318 = CARTESIAN_POINT('',(2.593261072058,-3.));
#3319 = CARTESIAN_POINT('',(2.608521740027,-3.));
#3320 = CARTESIAN_POINT('',(2.63904307431,-3.));
#3321 = CARTESIAN_POINT('',(2.65430374228,-3.));
#3322 = CARTESIAN_POINT('',(2.669564410663,-3.));
#3323 = CARTESIAN_POINT('',(2.684825079047,-3.));
#3324 = CARTESIAN_POINT('',(2.700085747017,-3.));
#3325 = CARTESIAN_POINT('',(2.72639724245,-3.));
#3326 = CARTESIAN_POINT('',(2.737448070908,-3.));
#3327 = CARTESIAN_POINT('',(2.748498899447,-3.));
#3328 = CARTESIAN_POINT('',(2.759549727987,-3.));
#3329 = CARTESIAN_POINT('',(2.770600556444,-3.));
#3330 = CARTESIAN_POINT('',(2.796912051878,-3.));
#3331 = CARTESIAN_POINT('',(2.812172719847,-3.));
#3332 = CARTESIAN_POINT('',(2.827433388231,-3.));
#3333 = CARTESIAN_POINT('',(2.842694056614,-3.));
#3334 = CARTESIAN_POINT('',(2.857954724584,-3.));
#3335 = CARTESIAN_POINT('',(2.888476058867,-3.));
#3336 = CARTESIAN_POINT('',(2.903736726836,-3.));
#3337 = CARTESIAN_POINT('',(2.91899739522,-3.));
#3338 = CARTESIAN_POINT('',(2.934258063603,-3.));
#3339 = CARTESIAN_POINT('',(2.949518731573,-3.));
#3340 = CARTESIAN_POINT('',(2.979513836042,-3.));
#3341 = CARTESIAN_POINT('',(2.994248274064,-3.));
#3342 = CARTESIAN_POINT('',(3.008982712433,-3.));
#3343 = CARTESIAN_POINT('',(3.023717150803,-3.));
#3344 = CARTESIAN_POINT('',(3.038451588825,-3.));
#3345 = CARTESIAN_POINT('',(3.06739423365,-3.));
#3346 = CARTESIAN_POINT('',(3.081602441728,-3.));
#3347 = CARTESIAN_POINT('',(3.095810650095,-3.));
#3348 = CARTESIAN_POINT('',(3.110018858462,-3.));
#3349 = CARTESIAN_POINT('',(3.12422706654,-3.));
#3350 = CARTESIAN_POINT('',(3.15369594118,-3.));
#3351 = CARTESIAN_POINT('',(3.168956609149,-3.));
#3352 = CARTESIAN_POINT('',(3.184217277533,-3.));
#3353 = CARTESIAN_POINT('',(3.199477945917,-3.));
#3354 = CARTESIAN_POINT('',(3.214738613886,-3.));
#3355 = CARTESIAN_POINT('',(3.244733718355,-3.));
#3356 = CARTESIAN_POINT('',(3.259468156377,-3.));
#3357 = CARTESIAN_POINT('',(3.274202594746,-3.));
#3358 = CARTESIAN_POINT('',(3.288937033116,-3.));
#3359 = CARTESIAN_POINT('',(3.303671471138,-3.));
#3360 = CARTESIAN_POINT('',(3.333140345793,-3.));
#3361 = CARTESIAN_POINT('',(3.347874783815,-3.));
#3362 = CARTESIAN_POINT('',(3.362609222184,-3.));
#3363 = CARTESIAN_POINT('',(3.377343660554,-3.));
#3364 = CARTESIAN_POINT('',(3.392078098576,-3.));
#3365 = CARTESIAN_POINT('',(3.422073203044,-3.));
#3366 = CARTESIAN_POINT('',(3.437333871014,-3.));
#3367 = CARTESIAN_POINT('',(3.452594539397,-3.));
#3368 = CARTESIAN_POINT('',(3.467855207781,-3.));
#3369 = CARTESIAN_POINT('',(3.48311587575,-3.));
#3370 = CARTESIAN_POINT('',(3.513637210033,-3.));
#3371 = CARTESIAN_POINT('',(3.528897878003,-3.));
#3372 = CARTESIAN_POINT('',(3.544158546387,-3.));
#3373 = CARTESIAN_POINT('',(3.55941921477,-3.));
#3374 = CARTESIAN_POINT('',(3.57467988274,-3.));
#3375 = CARTESIAN_POINT('',(3.605201217023,-3.));
#3376 = CARTESIAN_POINT('',(3.620461884992,-3.));
#3377 = CARTESIAN_POINT('',(3.635722553376,-3.));
#3378 = CARTESIAN_POINT('',(3.650983221759,-3.));
#3379 = CARTESIAN_POINT('',(3.666243889729,-3.));
#3380 = CARTESIAN_POINT('',(3.693081615052,-3.));
#3381 = CARTESIAN_POINT('',(3.704658673441,-3.));
#3382 = CARTESIAN_POINT('',(3.716235731935,-3.));
#3383 = CARTESIAN_POINT('',(3.727812790429,-3.));
#3384 = CARTESIAN_POINT('',(3.739389848818,-3.));
#3385 = CARTESIAN_POINT('',(3.766227574141,-3.));
#3386 = CARTESIAN_POINT('',(3.781488242111,-3.));
#3387 = CARTESIAN_POINT('',(3.796748910494,-3.));
#3388 = CARTESIAN_POINT('',(3.812009578878,-3.));
#3389 = CARTESIAN_POINT('',(3.827270246847,-3.));
#3390 = CARTESIAN_POINT('',(3.855686661791,-3.));
#3391 = CARTESIAN_POINT('',(3.868842409987,-3.));
#3392 = CARTESIAN_POINT('',(3.881998158381,-3.));
#3393 = CARTESIAN_POINT('',(3.895153906774,-3.));
#3394 = CARTESIAN_POINT('',(3.90830965497,-3.));
#3395 = CARTESIAN_POINT('',(3.932516231065,-3.));
#3396 = CARTESIAN_POINT('',(3.943567059522,-3.));
#3397 = CARTESIAN_POINT('',(3.954617888062,-3.));
#3398 = CARTESIAN_POINT('',(3.965668716601,-3.));
#3399 = CARTESIAN_POINT('',(3.976719545058,-3.));
#3400 = CARTESIAN_POINT('',(3.997768741847,-3.));
#3401 = CARTESIAN_POINT('',(4.007767110443,-3.));
#3402 = CARTESIAN_POINT('',(4.017765479089,-3.));
#3403 = CARTESIAN_POINT('',(4.027763847734,-3.));
#3404 = CARTESIAN_POINT('',(4.03776221633,-3.));
#3405 = CARTESIAN_POINT('',(4.062495022154,-3.));
#3406 = CARTESIAN_POINT('',(4.077229460176,-3.));
#3407 = CARTESIAN_POINT('',(4.091963898545,-3.));
#3408 = CARTESIAN_POINT('',(4.106698336915,-3.));
#3409 = CARTESIAN_POINT('',(4.121432774937,-3.));
#3410 = CARTESIAN_POINT('',(4.150375419762,-3.));
#3411 = CARTESIAN_POINT('',(4.16458362784,-3.));
#3412 = CARTESIAN_POINT('',(4.178791836207,-3.));
#3413 = CARTESIAN_POINT('',(4.193000044574,-3.));
#3414 = CARTESIAN_POINT('',(4.207208252652,-3.));
#3415 = CARTESIAN_POINT('',(4.232467288443,-3.));
#3416 = CARTESIAN_POINT('',(4.2435181169,-3.));
#3417 = CARTESIAN_POINT('',(4.25456894544,-3.));
#3418 = CARTESIAN_POINT('',(4.265619773979,-3.));
#3419 = CARTESIAN_POINT('',(4.276670602436,-3.));
#3420 = CARTESIAN_POINT('',(4.306139476344,-3.));
#3421 = CARTESIAN_POINT('',(4.324557524081,-3.));
#3422 = CARTESIAN_POINT('',(4.342975572877,-3.));
#3423 = CARTESIAN_POINT('',(4.361393621674,-3.));
#3424 = CARTESIAN_POINT('',(4.37981166941,-3.));
#3425 = CARTESIAN_POINT('',(4.410333003089,-3.));
#3426 = CARTESIAN_POINT('',(4.422436291413,-3.));
#3427 = CARTESIAN_POINT('',(4.434539579866,-3.));
#3428 = CARTESIAN_POINT('',(4.44664286832,-3.));
#3429 = CARTESIAN_POINT('',(4.458746156643,-3.));
#3430 = CARTESIAN_POINT('',(4.50873793413,-3.));
#3431 = CARTESIAN_POINT('',(4.546626501785,-3.));
#3432 = CARTESIAN_POINT('',(4.584515108555,-3.));
#3433 = CARTESIAN_POINT('',(4.622403715325,-3.));
#3434 = CARTESIAN_POINT('',(4.66029228298,-3.));
#3435 = CARTESIAN_POINT('',(4.738174161274,-3.));
#3436 = CARTESIAN_POINT('',(4.77816765268,-3.));
#3437 = CARTESIAN_POINT('',(4.818161195355,-3.));
#3438 = CARTESIAN_POINT('',(4.85815473803,-3.));
#3439 = CARTESIAN_POINT('',(4.898148229436,-3.));
#3440 = CARTESIAN_POINT('',(4.950771136244,-3.));
#3441 = CARTESIAN_POINT('',(4.963400654503,-3.));
#3442 = CARTESIAN_POINT('',(4.976030172922,-3.));
#3443 = CARTESIAN_POINT('',(4.988659691342,-3.));
#3444 = CARTESIAN_POINT('',(5.001289209601,-3.));
#3445 = CARTESIAN_POINT('',(5.032336773154,-3.));
#3446 = CARTESIAN_POINT('',(5.05075482089,-3.));
#3447 = CARTESIAN_POINT('',(5.069172869687,-3.));
#3448 = CARTESIAN_POINT('',(5.087590918483,-3.));
#3449 = CARTESIAN_POINT('',(5.10600896622,-3.));
#3450 = CARTESIAN_POINT('',(5.139687678977,-3.));
#3451 = CARTESIAN_POINT('',(5.154948346947,-3.));
#3452 = CARTESIAN_POINT('',(5.17020901533,-3.));
#3453 = CARTESIAN_POINT('',(5.185469683714,-3.));
#3454 = CARTESIAN_POINT('',(5.200730351683,-3.));
#3455 = CARTESIAN_POINT('',(5.226515617221,-3.));
#3456 = CARTESIAN_POINT('',(5.237040215747,-3.));
#3457 = CARTESIAN_POINT('',(5.247564814338,-3.));
#3458 = CARTESIAN_POINT('',(5.258089412929,-3.));
#3459 = CARTESIAN_POINT('',(5.268614011455,-3.));
#3460 = CARTESIAN_POINT('',(5.293873047179,-3.));
#3461 = CARTESIAN_POINT('',(5.308607485201,-3.));
#3462 = CARTESIAN_POINT('',(5.32334192357,-3.));
#3463 = CARTESIAN_POINT('',(5.33807636194,-3.));
#3464 = CARTESIAN_POINT('',(5.352810799962,-3.));
#3465 = CARTESIAN_POINT('',(5.380700985091,-3.));
#3466 = CARTESIAN_POINT('',(5.393856733288,-3.));
#3467 = CARTESIAN_POINT('',(5.407012481681,-3.));
#3468 = CARTESIAN_POINT('',(5.420168230074,-3.));
#3469 = CARTESIAN_POINT('',(5.433323978271,-3.));
#3470 = CARTESIAN_POINT('',(5.455425634754,-3.));
#3471 = CARTESIAN_POINT('',(5.464371543492,-3.));
#3472 = CARTESIAN_POINT('',(5.473317452259,-3.));
#3473 = CARTESIAN_POINT('',(5.482263361026,-3.));
#3474 = CARTESIAN_POINT('',(5.491209269765,-3.));
#3475 = CARTESIAN_POINT('',(5.513310926248,-3.));
#3476 = CARTESIAN_POINT('',(5.526466674444,-3.));
#3477 = CARTESIAN_POINT('',(5.539622422838,-3.));
#3478 = CARTESIAN_POINT('',(5.552778171231,-3.));
#3479 = CARTESIAN_POINT('',(5.565933919427,-3.));
#3480 = CARTESIAN_POINT('',(5.587509345998,-3.));
#3481 = CARTESIAN_POINT('',(5.595929024808,-3.));
#3482 = CARTESIAN_POINT('',(5.60434870364,-3.));
#3483 = CARTESIAN_POINT('',(5.612768382472,-3.));
#3484 = CARTESIAN_POINT('',(5.621188061283,-3.));
#3485 = CARTESIAN_POINT('',(5.738525283706,-3.));
#3486 = CARTESIAN_POINT('',(5.847486352926,-3.));
#3487 = CARTESIAN_POINT('',(5.956396523616,-3.));
#3488 = CARTESIAN_POINT('',(6.065306694304,-3.));
#3489 = CARTESIAN_POINT('',(6.174267763525,-3.));
#3490 = CARTESIAN_POINT('',(6.28318530718,-3.));
#3491 = ( GEOMETRIC_REPRESENTATION_CONTEXT(2) 
PARAMETRIC_REPRESENTATION_CONTEXT() REPRESENTATION_CONTEXT('2D SPACE',''
  ) );
#3492 = PCURVE('',#3493,#3498);
#3493 = CYLINDRICAL_SURFACE('',#3494,5.);
#3494 = AXIS2_PLACEMENT_3D('',#3495,#3496,#3497);
#3495 = CARTESIAN_POINT('',(62.5,98.39218452154,75.));
#3496 = DIRECTION('',(0.,1.,0.));
#3497 = DIRECTION('',(0.,0.,1.));
#3498 = DEFINITIONAL_REPRESENTATION('',(#3499),#3827);
#3499 = B_SPLINE_CURVE_WITH_KNOTS('',6,(#3500,#3501,#3502,#3503,#3504,
    #3505,#3506,#3507,#3508,#3509,#3510,#3511,#3512,#3513,#3514,#3515,
    #3516,#3517,#3518,#3519,#3520,#3521,#3522,#3523,#3524,#3525,#3526,
    #3527,#3528,#3529,#3530,#3531,#3532,#3533,#3534,#3535,#3536,#3537,
    #3538,#3539,#3540,#3541,#3542,#3543,#3544,#3545,#3546,#3547,#3548,
    #3549,#3550,#3551,#3552,#3553,#3554,#3555,#3556,#3557,#3558,#3559,
    #3560,#3561,#3562,#3563,#3564,#3565,#3566,#3567,#3568,#3569,#3570,
    #3571,#3572,#3573,#3574,#3575,#3576,#3577,#3578,#3579,#3580,#3581,
    #3582,#3583,#3584,#3585,#3586,#3587,#3588,#3589,#3590,#3591,#3592,
    #3593,#3594,#3595,#3596,#3597,#3598,#3599,#3600,#3601,#3602,#3603,
    #3604,#3605,#3606,#3607,#3608,#3609,#3610,#3611,#3612,#3613,#3614,
    #3615,#3616,#3617,#3618,#3619,#3620,#3621,#3622,#3623,#3624,#3625,
    #3626,#3627,#3628,#3629,#3630,#3631,#3632,#3633,#3634,#3635,#3636,
    #3637,#3638,#3639,#3640,#3641,#3642,#3643,#3644,#3645,#3646,#3647,
    #3648,#3649,#3650,#3651,#3652,#3653,#3654,#3655,#3656,#3657,#3658,
    #3659,#3660,#3661,#3662,#3663,#3664,#3665,#3666,#3667,#3668,#3669,
    #3670,#3671,#3672,#3673,#3674,#3675,#3676,#3677,#3678,#3679,#3680,
    #3681,#3682,#3683,#3684,#3685,#3686,#3687,#3688,#3689,#3690,#3691,
    #3692,#3693,#3694,#3695,#3696,#3697,#3698,#3699,#3700,#3701,#3702,
    #3703,#3704,#3705,#3706,#3707,#3708,#3709,#3710,#3711,#3712,#3713,
    #3714,#3715,#3716,#3717,#3718,#3719,#3720,#3721,#3722,#3723,#3724,
    #3725,#3726,#3727,#3728,#3729,#3730,#3731,#3732,#3733,#3734,#3735,
    #3736,#3737,#3738,#3739,#3740,#3741,#3742,#3743,#3744,#3745,#3746,
    #3747,#3748,#3749,#3750,#3751,#3752,#3753,#3754,#3755,#3756,#3757,
    #3758,#3759,#3760,#3761,#3762,#3763,#3764,#3765,#3766,#3767,#3768,
    #3769,#3770,#3771,#3772,#3773,#3774,#3775,#3776,#3777,#3778,#3779,
    #3780,#3781,#3782,#3783,#3784,#3785,#3786,#3787,#3788,#3789,#3790,
    #3791,#3792,#3793,#3794,#3795,#3796,#3797,#3798,#3799,#3800,#3801,
    #3802,#3803,#3804,#3805,#3806,#3807,#3808,#3809,#3810,#3811,#3812,
    #3813,#3814,#3815,#3816,#3817,#3818,#3819,#3820,#3821,#3822,#3823,
    #3824,#3825,#3826),.UNSPECIFIED.,.F.,.F.,(7,5,5,5,5,5,5,5,5,5,5,5,5,
    5,5,5,5,5,5,5,5,5,5,5,5,5,5,5,5,5,5,5,5,5,5,5,5,5,5,5,5,5,5,5,5,5,5,
    5,5,5,5,5,5,5,5,5,5,5,5,5,5,5,5,5,5,7),(0.,1.20602271001E-02,
    2.663326417714E-02,4.020126436691E-02,5.477430144395E-02,
    6.834230163372E-02,8.291533871076E-02,9.547830196253E-02,
    0.105026154193,0.11959919127,0.134172228347,0.148242746987,
    0.162815784064,0.175881265791,0.190454302868,0.20150971064,
    0.216082747717,0.230655784794,0.245228821871,0.259801858948,
    0.273872377588,0.288445414665,0.301510896392,0.310556230098,
    0.32311919335,0.335682156602,0.350255193679,0.362315638446,
    0.375883638636,0.388446601887,0.403019638964,0.417592676041,
    0.432165713118,0.442718602382,0.457291639459,0.471864676536,
    0.485935195176,0.499503195366,0.514076232443,0.528146751084,
    0.542217269724,0.556790306801,0.571363343878,0.585936380955,
    0.596991788727,0.611564825804,0.624127789056,0.63468067832,
    0.64422853055,0.65829904919,0.67186704938,0.682419938644,
    0.700008085948,0.711566012221,0.747747285035,0.785938612677,
    0.797999057444,0.815587204748,0.830160241825,0.840210612574,
    0.854281131215,0.866844094466,0.875386909645,0.887949872897,
    0.895990169545,1.),.UNSPECIFIED.);
#3500 = CARTESIAN_POINT('',(0.,-1.792184521541));
#3501 = CARTESIAN_POINT('',(1.263052123745E-02,-1.792184521541));
#3502 = CARTESIAN_POINT('',(2.525999340585E-02,-1.792184521541));
#3503 = CARTESIAN_POINT('',(3.788915584155E-02,-1.792184521541));
#3504 = CARTESIAN_POINT('',(5.051840995533E-02,-1.792184521541));
#3505 = CARTESIAN_POINT('',(6.314781923238E-02,-1.792184521541));
#3506 = CARTESIAN_POINT('',(9.103777637383E-02,-1.792184521541));
#3507 = CARTESIAN_POINT('',(0.106298444343,-1.792184521541));
#3508 = CARTESIAN_POINT('',(0.121559112727,-1.792184521541));
#3509 = CARTESIAN_POINT('',(0.13681978111,-1.792184521541));
#3510 = CARTESIAN_POINT('',(0.15208044908,-1.792184521541));
#3511 = CARTESIAN_POINT('',(0.18154932372,-1.792184521541));
#3512 = CARTESIAN_POINT('',(0.195757531797,-1.792184521541));
#3513 = CARTESIAN_POINT('',(0.209965740165,-1.792184521541));
#3514 = CARTESIAN_POINT('',(0.224173948532,-1.792184521541));
#3515 = CARTESIAN_POINT('',(0.238382156609,-1.792184521541));
#3516 = CARTESIAN_POINT('',(0.267851031249,-1.792184521541));
#3517 = CARTESIAN_POINT('',(0.283111699219,-1.792184521541));
#3518 = CARTESIAN_POINT('',(0.298372367602,-1.792184521541));
#3519 = CARTESIAN_POINT('',(0.313633035986,-1.792184521541));
#3520 = CARTESIAN_POINT('',(0.328893703955,-1.792184521541));
#3521 = CARTESIAN_POINT('',(0.358362578595,-1.792184521541));
#3522 = CARTESIAN_POINT('',(0.372570786673,-1.792184521541));
#3523 = CARTESIAN_POINT('',(0.38677899504,-1.792184521541));
#3524 = CARTESIAN_POINT('',(0.400987203407,-1.792184521541));
#3525 = CARTESIAN_POINT('',(0.415195411485,-1.792184521541));
#3526 = CARTESIAN_POINT('',(0.444664286125,-1.792184521541));
#3527 = CARTESIAN_POINT('',(0.459924954094,-1.792184521541));
#3528 = CARTESIAN_POINT('',(0.475185622478,-1.792184521541));
#3529 = CARTESIAN_POINT('',(0.490446290861,-1.792184521541));
#3530 = CARTESIAN_POINT('',(0.505706958831,-1.792184521541));
#3531 = CARTESIAN_POINT('',(0.534123373774,-1.792184521541));
#3532 = CARTESIAN_POINT('',(0.547279121971,-1.792184521541));
#3533 = CARTESIAN_POINT('',(0.560434870364,-1.792184521541));
#3534 = CARTESIAN_POINT('',(0.573590618757,-1.792184521541));
#3535 = CARTESIAN_POINT('',(0.586746366954,-1.792184521541));
#3536 = CARTESIAN_POINT('',(0.609900483252,-1.792184521541));
#3537 = CARTESIAN_POINT('',(0.619898851848,-1.792184521541));
#3538 = CARTESIAN_POINT('',(0.629897220494,-1.792184521541));
#3539 = CARTESIAN_POINT('',(0.63989558914,-1.792184521541));
#3540 = CARTESIAN_POINT('',(0.649893957735,-1.792184521541));
#3541 = CARTESIAN_POINT('',(0.675152993373,-1.792184521541));
#3542 = CARTESIAN_POINT('',(0.690413661342,-1.792184521541));
#3543 = CARTESIAN_POINT('',(0.705674329726,-1.792184521541));
#3544 = CARTESIAN_POINT('',(0.720934998109,-1.792184521541));
#3545 = CARTESIAN_POINT('',(0.736195666079,-1.792184521541));
#3546 = CARTESIAN_POINT('',(0.766717000362,-1.792184521541));
#3547 = CARTESIAN_POINT('',(0.781977668331,-1.792184521541));
#3548 = CARTESIAN_POINT('',(0.797238336715,-1.792184521541));
#3549 = CARTESIAN_POINT('',(0.812499005099,-1.792184521541));
#3550 = CARTESIAN_POINT('',(0.827759673068,-1.792184521541));
#3551 = CARTESIAN_POINT('',(0.857754777537,-1.792184521541));
#3552 = CARTESIAN_POINT('',(0.872489215559,-1.792184521541));
#3553 = CARTESIAN_POINT('',(0.887223653928,-1.792184521541));
#3554 = CARTESIAN_POINT('',(0.901958092298,-1.792184521541));
#3555 = CARTESIAN_POINT('',(0.91669253032,-1.792184521541));
#3556 = CARTESIAN_POINT('',(0.946687634789,-1.792184521541));
#3557 = CARTESIAN_POINT('',(0.961948302758,-1.792184521541));
#3558 = CARTESIAN_POINT('',(0.977208971142,-1.792184521541));
#3559 = CARTESIAN_POINT('',(0.992469639525,-1.792184521541));
#3560 = CARTESIAN_POINT('',(1.007730307495,-1.792184521541));
#3561 = CARTESIAN_POINT('',(1.036672952292,-1.792184521541));
#3562 = CARTESIAN_POINT('',(1.050354930428,-1.792184521541));
#3563 = CARTESIAN_POINT('',(1.064036908804,-1.792184521541));
#3564 = CARTESIAN_POINT('',(1.077718887179,-1.792184521541));
#3565 = CARTESIAN_POINT('',(1.091400865315,-1.792184521541));
#3566 = CARTESIAN_POINT('',(1.120343510113,-1.792184521541));
#3567 = CARTESIAN_POINT('',(1.135604178082,-1.792184521541));
#3568 = CARTESIAN_POINT('',(1.150864846466,-1.792184521541));
#3569 = CARTESIAN_POINT('',(1.166125514849,-1.792184521541));
#3570 = CARTESIAN_POINT('',(1.181386182819,-1.792184521541));
#3571 = CARTESIAN_POINT('',(1.208223908142,-1.792184521541));
#3572 = CARTESIAN_POINT('',(1.219800966532,-1.792184521541));
#3573 = CARTESIAN_POINT('',(1.231378025025,-1.792184521541));
#3574 = CARTESIAN_POINT('',(1.242955083519,-1.792184521541));
#3575 = CARTESIAN_POINT('',(1.254532141908,-1.792184521541));
#3576 = CARTESIAN_POINT('',(1.281369867231,-1.792184521541));
#3577 = CARTESIAN_POINT('',(1.296630535201,-1.792184521541));
#3578 = CARTESIAN_POINT('',(1.311891203584,-1.792184521541));
#3579 = CARTESIAN_POINT('',(1.327151871968,-1.792184521541));
#3580 = CARTESIAN_POINT('',(1.342412539937,-1.792184521541));
#3581 = CARTESIAN_POINT('',(1.372933874221,-1.792184521541));
#3582 = CARTESIAN_POINT('',(1.38819454219,-1.792184521541));
#3583 = CARTESIAN_POINT('',(1.403455210574,-1.792184521541));
#3584 = CARTESIAN_POINT('',(1.418715878957,-1.792184521541));
#3585 = CARTESIAN_POINT('',(1.433976546927,-1.792184521541));
#3586 = CARTESIAN_POINT('',(1.46449788121,-1.792184521541));
#3587 = CARTESIAN_POINT('',(1.479758549179,-1.792184521541));
#3588 = CARTESIAN_POINT('',(1.495019217563,-1.792184521541));
#3589 = CARTESIAN_POINT('',(1.510279885946,-1.792184521541));
#3590 = CARTESIAN_POINT('',(1.525540553916,-1.792184521541));
#3591 = CARTESIAN_POINT('',(1.556061888199,-1.792184521541));
#3592 = CARTESIAN_POINT('',(1.571322556168,-1.792184521541));
#3593 = CARTESIAN_POINT('',(1.586583224552,-1.792184521541));
#3594 = CARTESIAN_POINT('',(1.601843892935,-1.792184521541));
#3595 = CARTESIAN_POINT('',(1.617104560905,-1.792184521541));
#3596 = CARTESIAN_POINT('',(1.647099665373,-1.792184521541));
#3597 = CARTESIAN_POINT('',(1.661834103396,-1.792184521541));
#3598 = CARTESIAN_POINT('',(1.676568541765,-1.792184521541));
#3599 = CARTESIAN_POINT('',(1.691302980134,-1.792184521541));
#3600 = CARTESIAN_POINT('',(1.706037418157,-1.792184521541));
#3601 = CARTESIAN_POINT('',(1.736032522625,-1.792184521541));
#3602 = CARTESIAN_POINT('',(1.751293190595,-1.792184521541));
#3603 = CARTESIAN_POINT('',(1.766553858978,-1.792184521541));
#3604 = CARTESIAN_POINT('',(1.781814527362,-1.792184521541));
#3605 = CARTESIAN_POINT('',(1.797075195331,-1.792184521541));
#3606 = CARTESIAN_POINT('',(1.826017840129,-1.792184521541));
#3607 = CARTESIAN_POINT('',(1.839699818265,-1.792184521541));
#3608 = CARTESIAN_POINT('',(1.85338179664,-1.792184521541));
#3609 = CARTESIAN_POINT('',(1.867063775016,-1.792184521541));
#3610 = CARTESIAN_POINT('',(1.880745753152,-1.792184521541));
#3611 = CARTESIAN_POINT('',(1.903899869398,-1.792184521541));
#3612 = CARTESIAN_POINT('',(1.913372008065,-1.792184521541));
#3613 = CARTESIAN_POINT('',(1.92284414677,-1.792184521541));
#3614 = CARTESIAN_POINT('',(1.932316285475,-1.792184521541));
#3615 = CARTESIAN_POINT('',(1.941788424142,-1.792184521541));
#3616 = CARTESIAN_POINT('',(1.964416310534,-1.792184521541));
#3617 = CARTESIAN_POINT('',(1.977572058731,-1.792184521541));
#3618 = CARTESIAN_POINT('',(1.990727807124,-1.792184521541));
#3619 = CARTESIAN_POINT('',(2.003883555517,-1.792184521541));
#3620 = CARTESIAN_POINT('',(2.017039303714,-1.792184521541));
#3621 = CARTESIAN_POINT('',(2.043350799318,-1.792184521541));
#3622 = CARTESIAN_POINT('',(2.056506547514,-1.792184521541));
#3623 = CARTESIAN_POINT('',(2.069662295908,-1.792184521541));
#3624 = CARTESIAN_POINT('',(2.082818044301,-1.792184521541));
#3625 = CARTESIAN_POINT('',(2.095973792497,-1.792184521541));
#3626 = CARTESIAN_POINT('',(2.124390207441,-1.792184521541));
#3627 = CARTESIAN_POINT('',(2.13965087541,-1.792184521541));
#3628 = CARTESIAN_POINT('',(2.154911543794,-1.792184521541));
#3629 = CARTESIAN_POINT('',(2.170172212177,-1.792184521541));
#3630 = CARTESIAN_POINT('',(2.185432880147,-1.792184521541));
#3631 = CARTESIAN_POINT('',(2.213323065226,-1.792184521541));
#3632 = CARTESIAN_POINT('',(2.225952583485,-1.792184521541));
#3633 = CARTESIAN_POINT('',(2.238582101905,-1.792184521541));
#3634 = CARTESIAN_POINT('',(2.251211620324,-1.792184521541));
#3635 = CARTESIAN_POINT('',(2.263841138583,-1.792184521541));
#3636 = CARTESIAN_POINT('',(2.290678864019,-1.792184521541));
#3637 = CARTESIAN_POINT('',(2.304887072097,-1.792184521541));
#3638 = CARTESIAN_POINT('',(2.319095280464,-1.792184521541));
#3639 = CARTESIAN_POINT('',(2.333303488831,-1.792184521541));
#3640 = CARTESIAN_POINT('',(2.347511696909,-1.792184521541));
#3641 = CARTESIAN_POINT('',(2.374875652209,-1.792184521541));
#3642 = CARTESIAN_POINT('',(2.388031400406,-1.792184521541));
#3643 = CARTESIAN_POINT('',(2.401187148799,-1.792184521541));
#3644 = CARTESIAN_POINT('',(2.414342897192,-1.792184521541));
#3645 = CARTESIAN_POINT('',(2.427498645389,-1.792184521541));
#3646 = CARTESIAN_POINT('',(2.455915060332,-1.792184521541));
#3647 = CARTESIAN_POINT('',(2.471175728302,-1.792184521541));
#3648 = CARTESIAN_POINT('',(2.486436396685,-1.792184521541));
#3649 = CARTESIAN_POINT('',(2.501697065069,-1.792184521541));
#3650 = CARTESIAN_POINT('',(2.516957733038,-1.792184521541));
#3651 = CARTESIAN_POINT('',(2.547479067321,-1.792184521541));
#3652 = CARTESIAN_POINT('',(2.562739735291,-1.792184521541));
#3653 = CARTESIAN_POINT('',(2.578000403674,-1.792184521541));
#3654 = CARTESIAN_POINT('',(2.593261072058,-1.792184521541));
#3655 = CARTESIAN_POINT('',(2.608521740027,-1.792184521541));
#3656 = CARTESIAN_POINT('',(2.63904307431,-1.792184521541));
#3657 = CARTESIAN_POINT('',(2.65430374228,-1.792184521541));
#3658 = CARTESIAN_POINT('',(2.669564410663,-1.792184521541));
#3659 = CARTESIAN_POINT('',(2.684825079047,-1.792184521541));
#3660 = CARTESIAN_POINT('',(2.700085747017,-1.792184521541));
#3661 = CARTESIAN_POINT('',(2.72639724245,-1.792184521541));
#3662 = CARTESIAN_POINT('',(2.737448070908,-1.792184521541));
#3663 = CARTESIAN_POINT('',(2.748498899447,-1.792184521541));
#3664 = CARTESIAN_POINT('',(2.759549727987,-1.792184521541));
#3665 = CARTESIAN_POINT('',(2.770600556444,-1.792184521541));
#3666 = CARTESIAN_POINT('',(2.796912051878,-1.792184521541));
#3667 = CARTESIAN_POINT('',(2.812172719847,-1.792184521541));
#3668 = CARTESIAN_POINT('',(2.827433388231,-1.792184521541));
#3669 = CARTESIAN_POINT('',(2.842694056614,-1.792184521541));
#3670 = CARTESIAN_POINT('',(2.857954724584,-1.792184521541));
#3671 = CARTESIAN_POINT('',(2.888476058867,-1.792184521541));
#3672 = CARTESIAN_POINT('',(2.903736726836,-1.792184521541));
#3673 = CARTESIAN_POINT('',(2.91899739522,-1.792184521541));
#3674 = CARTESIAN_POINT('',(2.934258063603,-1.792184521541));
#3675 = CARTESIAN_POINT('',(2.949518731573,-1.792184521541));
#3676 = CARTESIAN_POINT('',(2.979513836042,-1.792184521541));
#3677 = CARTESIAN_POINT('',(2.994248274064,-1.792184521541));
#3678 = CARTESIAN_POINT('',(3.008982712433,-1.792184521541));
#3679 = CARTESIAN_POINT('',(3.023717150803,-1.792184521541));
#3680 = CARTESIAN_POINT('',(3.038451588825,-1.792184521541));
#3681 = CARTESIAN_POINT('',(3.06739423365,-1.792184521541));
#3682 = CARTESIAN_POINT('',(3.081602441728,-1.792184521541));
#3683 = CARTESIAN_POINT('',(3.095810650095,-1.792184521541));
#3684 = CARTESIAN_POINT('',(3.110018858462,-1.792184521541));
#3685 = CARTESIAN_POINT('',(3.12422706654,-1.792184521541));
#3686 = CARTESIAN_POINT('',(3.15369594118,-1.792184521541));
#3687 = CARTESIAN_POINT('',(3.168956609149,-1.792184521541));
#3688 = CARTESIAN_POINT('',(3.184217277533,-1.792184521541));
#3689 = CARTESIAN_POINT('',(3.199477945916,-1.792184521541));
#3690 = CARTESIAN_POINT('',(3.214738613886,-1.792184521541));
#3691 = CARTESIAN_POINT('',(3.244733718355,-1.792184521541));
#3692 = CARTESIAN_POINT('',(3.259468156377,-1.792184521541));
#3693 = CARTESIAN_POINT('',(3.274202594746,-1.792184521541));
#3694 = CARTESIAN_POINT('',(3.288937033116,-1.792184521541));
#3695 = CARTESIAN_POINT('',(3.303671471138,-1.792184521541));
#3696 = CARTESIAN_POINT('',(3.333140345793,-1.792184521541));
#3697 = CARTESIAN_POINT('',(3.347874783815,-1.792184521541));
#3698 = CARTESIAN_POINT('',(3.362609222184,-1.792184521541));
#3699 = CARTESIAN_POINT('',(3.377343660554,-1.792184521541));
#3700 = CARTESIAN_POINT('',(3.392078098576,-1.792184521541));
#3701 = CARTESIAN_POINT('',(3.422073203044,-1.792184521541));
#3702 = CARTESIAN_POINT('',(3.437333871014,-1.792184521541));
#3703 = CARTESIAN_POINT('',(3.452594539397,-1.792184521541));
#3704 = CARTESIAN_POINT('',(3.467855207781,-1.792184521541));
#3705 = CARTESIAN_POINT('',(3.48311587575,-1.792184521541));
#3706 = CARTESIAN_POINT('',(3.513637210033,-1.792184521541));
#3707 = CARTESIAN_POINT('',(3.528897878003,-1.792184521541));
#3708 = CARTESIAN_POINT('',(3.544158546387,-1.792184521541));
#3709 = CARTESIAN_POINT('',(3.55941921477,-1.792184521541));
#3710 = CARTESIAN_POINT('',(3.57467988274,-1.792184521541));
#3711 = CARTESIAN_POINT('',(3.605201217023,-1.792184521541));
#3712 = CARTESIAN_POINT('',(3.620461884992,-1.792184521541));
#3713 = CARTESIAN_POINT('',(3.635722553376,-1.792184521541));
#3714 = CARTESIAN_POINT('',(3.650983221759,-1.792184521541));
#3715 = CARTESIAN_POINT('',(3.666243889729,-1.792184521541));
#3716 = CARTESIAN_POINT('',(3.693081615052,-1.792184521541));
#3717 = CARTESIAN_POINT('',(3.704658673441,-1.792184521541));
#3718 = CARTESIAN_POINT('',(3.716235731935,-1.792184521541));
#3719 = CARTESIAN_POINT('',(3.727812790429,-1.792184521541));
#3720 = CARTESIAN_POINT('',(3.739389848818,-1.792184521541));
#3721 = CARTESIAN_POINT('',(3.766227574141,-1.792184521541));
#3722 = CARTESIAN_POINT('',(3.781488242111,-1.792184521541));
#3723 = CARTESIAN_POINT('',(3.796748910494,-1.792184521541));
#3724 = CARTESIAN_POINT('',(3.812009578878,-1.792184521541));
#3725 = CARTESIAN_POINT('',(3.827270246847,-1.792184521541));
#3726 = CARTESIAN_POINT('',(3.855686661791,-1.792184521541));
#3727 = CARTESIAN_POINT('',(3.868842409987,-1.792184521541));
#3728 = CARTESIAN_POINT('',(3.881998158381,-1.792184521541));
#3729 = CARTESIAN_POINT('',(3.895153906774,-1.792184521541));
#3730 = CARTESIAN_POINT('',(3.90830965497,-1.792184521541));
#3731 = CARTESIAN_POINT('',(3.932516231065,-1.792184521541));
#3732 = CARTESIAN_POINT('',(3.943567059522,-1.792184521541));
#3733 = CARTESIAN_POINT('',(3.954617888062,-1.792184521541));
#3734 = CARTESIAN_POINT('',(3.965668716601,-1.792184521541));
#3735 = CARTESIAN_POINT('',(3.976719545058,-1.792184521541));
#3736 = CARTESIAN_POINT('',(3.997768741847,-1.792184521541));
#3737 = CARTESIAN_POINT('',(4.007767110443,-1.792184521541));
#3738 = CARTESIAN_POINT('',(4.017765479089,-1.792184521541));
#3739 = CARTESIAN_POINT('',(4.027763847734,-1.792184521541));
#3740 = CARTESIAN_POINT('',(4.03776221633,-1.792184521541));
#3741 = CARTESIAN_POINT('',(4.062495022154,-1.792184521541));
#3742 = CARTESIAN_POINT('',(4.077229460176,-1.792184521541));
#3743 = CARTESIAN_POINT('',(4.091963898545,-1.792184521541));
#3744 = CARTESIAN_POINT('',(4.106698336915,-1.792184521541));
#3745 = CARTESIAN_POINT('',(4.121432774937,-1.792184521541));
#3746 = CARTESIAN_POINT('',(4.150375419762,-1.792184521541));
#3747 = CARTESIAN_POINT('',(4.16458362784,-1.792184521541));
#3748 = CARTESIAN_POINT('',(4.178791836207,-1.792184521541));
#3749 = CARTESIAN_POINT('',(4.193000044574,-1.792184521541));
#3750 = CARTESIAN_POINT('',(4.207208252652,-1.792184521541));
#3751 = CARTESIAN_POINT('',(4.232467288443,-1.792184521541));
#3752 = CARTESIAN_POINT('',(4.2435181169,-1.792184521541));
#3753 = CARTESIAN_POINT('',(4.25456894544,-1.792184521541));
#3754 = CARTESIAN_POINT('',(4.265619773979,-1.792184521541));
#3755 = CARTESIAN_POINT('',(4.276670602436,-1.792184521541));
#3756 = CARTESIAN_POINT('',(4.306139476344,-1.792184521541));
#3757 = CARTESIAN_POINT('',(4.324557524081,-1.792184521541));
#3758 = CARTESIAN_POINT('',(4.342975572877,-1.792184521541));
#3759 = CARTESIAN_POINT('',(4.361393621674,-1.792184521541));
#3760 = CARTESIAN_POINT('',(4.37981166941,-1.792184521541));
#3761 = CARTESIAN_POINT('',(4.410333003089,-1.792184521541));
#3762 = CARTESIAN_POINT('',(4.422436291413,-1.792184521541));
#3763 = CARTESIAN_POINT('',(4.434539579866,-1.792184521541));
#3764 = CARTESIAN_POINT('',(4.44664286832,-1.792184521541));
#3765 = CARTESIAN_POINT('',(4.458746156643,-1.792184521541));
#3766 = CARTESIAN_POINT('',(4.50873793413,-1.792184521541));
#3767 = CARTESIAN_POINT('',(4.546626501785,-1.792184521541));
#3768 = CARTESIAN_POINT('',(4.584515108555,-1.792184521541));
#3769 = CARTESIAN_POINT('',(4.622403715325,-1.792184521541));
#3770 = CARTESIAN_POINT('',(4.66029228298,-1.792184521541));
#3771 = CARTESIAN_POINT('',(4.738174161274,-1.792184521541));
#3772 = CARTESIAN_POINT('',(4.77816765268,-1.792184521541));
#3773 = CARTESIAN_POINT('',(4.818161195355,-1.792184521541));
#3774 = CARTESIAN_POINT('',(4.85815473803,-1.792184521541));
#3775 = CARTESIAN_POINT('',(4.898148229436,-1.792184521541));
#3776 = CARTESIAN_POINT('',(4.950771136244,-1.792184521541));
#3777 = CARTESIAN_POINT('',(4.963400654503,-1.792184521541));
#3778 = CARTESIAN_POINT('',(4.976030172922,-1.792184521541));
#3779 = CARTESIAN_POINT('',(4.988659691342,-1.792184521541));
#3780 = CARTESIAN_POINT('',(5.001289209601,-1.792184521541));
#3781 = CARTESIAN_POINT('',(5.032336773154,-1.792184521541));
#3782 = CARTESIAN_POINT('',(5.05075482089,-1.792184521541));
#3783 = CARTESIAN_POINT('',(5.069172869687,-1.792184521541));
#3784 = CARTESIAN_POINT('',(5.087590918483,-1.792184521541));
#3785 = CARTESIAN_POINT('',(5.10600896622,-1.792184521541));
#3786 = CARTESIAN_POINT('',(5.139687678977,-1.792184521541));
#3787 = CARTESIAN_POINT('',(5.154948346947,-1.792184521541));
#3788 = CARTESIAN_POINT('',(5.17020901533,-1.792184521541));
#3789 = CARTESIAN_POINT('',(5.185469683714,-1.792184521541));
#3790 = CARTESIAN_POINT('',(5.200730351683,-1.792184521541));
#3791 = CARTESIAN_POINT('',(5.226515617221,-1.792184521541));
#3792 = CARTESIAN_POINT('',(5.237040215747,-1.792184521541));
#3793 = CARTESIAN_POINT('',(5.247564814338,-1.792184521541));
#3794 = CARTESIAN_POINT('',(5.258089412929,-1.792184521541));
#3795 = CARTESIAN_POINT('',(5.268614011455,-1.792184521541));
#3796 = CARTESIAN_POINT('',(5.293873047179,-1.792184521541));
#3797 = CARTESIAN_POINT('',(5.308607485201,-1.792184521541));
#3798 = CARTESIAN_POINT('',(5.32334192357,-1.792184521541));
#3799 = CARTESIAN_POINT('',(5.33807636194,-1.792184521541));
#3800 = CARTESIAN_POINT('',(5.352810799962,-1.792184521541));
#3801 = CARTESIAN_POINT('',(5.380700985091,-1.792184521541));
#3802 = CARTESIAN_POINT('',(5.393856733288,-1.792184521541));
#3803 = CARTESIAN_POINT('',(5.407012481681,-1.792184521541));
#3804 = CARTESIAN_POINT('',(5.420168230074,-1.792184521541));
#3805 = CARTESIAN_POINT('',(5.433323978271,-1.792184521541));
#3806 = CARTESIAN_POINT('',(5.455425634754,-1.792184521541));
#3807 = CARTESIAN_POINT('',(5.464371543492,-1.792184521541));
#3808 = CARTESIAN_POINT('',(5.473317452259,-1.792184521541));
#3809 = CARTESIAN_POINT('',(5.482263361026,-1.792184521541));
#3810 = CARTESIAN_POINT('',(5.491209269765,-1.792184521541));
#3811 = CARTESIAN_POINT('',(5.513310926248,-1.792184521541));
#3812 = CARTESIAN_POINT('',(5.526466674444,-1.792184521541));
#3813 = CARTESIAN_POINT('',(5.539622422838,-1.792184521541));
#3814 = CARTESIAN_POINT('',(5.552778171231,-1.792184521541));
#3815 = CARTESIAN_POINT('',(5.565933919427,-1.792184521541));
#3816 = CARTESIAN_POINT('',(5.587509345998,-1.792184521541));
#3817 = CARTESIAN_POINT('',(5.595929024808,-1.792184521541));
#3818 = CARTESIAN_POINT('',(5.60434870364,-1.792184521541));
#3819 = CARTESIAN_POINT('',(5.612768382472,-1.792184521541));
#3820 = CARTESIAN_POINT('',(5.621188061283,-1.792184521541));
#3821 = CARTESIAN_POINT('',(5.738525283706,-1.792184521541));
#3822 = CARTESIAN_POINT('',(5.847486352926,-1.792184521541));
#3823 = CARTESIAN_POINT('',(5.956396523616,-1.792184521541));
#3824 = CARTESIAN_POINT('',(6.065306694304,-1.792184521541));
#3825 = CARTESIAN_POINT('',(6.174267763525,-1.792184521541));
#3826 = CARTESIAN_POINT('',(6.28318530718,-1.792184521541));
#3827 = ( GEOMETRIC_REPRESENTATION_CONTEXT(2) 
PARAMETRIC_REPRESENTATION_CONTEXT() REPRESENTATION_CONTEXT('2D SPACE',''
  ) );
#3828 = ORIENTED_EDGE('',*,*,#2810,.F.);
#3829 = ADVANCED_FACE('',(#3830),#1407,.F.);
#3830 = FACE_BOUND('',#3831,.F.);
#3831 = EDGE_LOOP('',(#3832,#3833,#3856,#3883));
#3832 = ORIENTED_EDGE('',*,*,#715,.F.);
#3833 = ORIENTED_EDGE('',*,*,#3834,.T.);
#3834 = EDGE_CURVE('',#695,#3835,#3837,.T.);
#3835 = VERTEX_POINT('',#3836);
#3836 = CARTESIAN_POINT('',(-62.5,52.39218452154,80.));
#3837 = SEAM_CURVE('',#3838,(#3842,#3849),.PCURVE_S1.);
#3838 = LINE('',#3839,#3840);
#3839 = CARTESIAN_POINT('',(-62.5,98.39218452154,80.));
#3840 = VECTOR('',#3841,1.);
#3841 = DIRECTION('',(-0.,-1.,-0.));
#3842 = PCURVE('',#1407,#3843);
#3843 = DEFINITIONAL_REPRESENTATION('',(#3844),#3848);
#3844 = LINE('',#3845,#3846);
#3845 = CARTESIAN_POINT('',(6.28318530718,0.));
#3846 = VECTOR('',#3847,1.);
#3847 = DIRECTION('',(0.,-1.));
#3848 = ( GEOMETRIC_REPRESENTATION_CONTEXT(2) 
PARAMETRIC_REPRESENTATION_CONTEXT() REPRESENTATION_CONTEXT('2D SPACE',''
  ) );
#3849 = PCURVE('',#1407,#3850);
#3850 = DEFINITIONAL_REPRESENTATION('',(#3851),#3855);
#3851 = LINE('',#3852,#3853);
#3852 = CARTESIAN_POINT('',(0.,0.));
#3853 = VECTOR('',#3854,1.);
#3854 = DIRECTION('',(0.,-1.));
#3855 = ( GEOMETRIC_REPRESENTATION_CONTEXT(2) 
PARAMETRIC_REPRESENTATION_CONTEXT() REPRESENTATION_CONTEXT('2D SPACE',''
  ) );
#3856 = ORIENTED_EDGE('',*,*,#3857,.T.);
#3857 = EDGE_CURVE('',#3835,#3835,#3858,.T.);
#3858 = SURFACE_CURVE('',#3859,(#3864,#3871),.PCURVE_S1.);
#3859 = CIRCLE('',#3860,5.);
#3860 = AXIS2_PLACEMENT_3D('',#3861,#3862,#3863);
#3861 = CARTESIAN_POINT('',(-62.5,52.39218452154,75.));
#3862 = DIRECTION('',(0.,1.,0.));
#3863 = DIRECTION('',(0.,0.,1.));
#3864 = PCURVE('',#1407,#3865);
#3865 = DEFINITIONAL_REPRESENTATION('',(#3866),#3870);
#3866 = LINE('',#3867,#3868);
#3867 = CARTESIAN_POINT('',(0.,-46.));
#3868 = VECTOR('',#3869,1.);
#3869 = DIRECTION('',(1.,0.));
#3870 = ( GEOMETRIC_REPRESENTATION_CONTEXT(2) 
PARAMETRIC_REPRESENTATION_CONTEXT() REPRESENTATION_CONTEXT('2D SPACE',''
  ) );
#3871 = PCURVE('',#3872,#3877);
#3872 = PLANE('',#3873);
#3873 = AXIS2_PLACEMENT_3D('',#3874,#3875,#3876);
#3874 = CARTESIAN_POINT('',(-62.5,52.39218452154,75.));
#3875 = DIRECTION('',(-5.048709793414E-30,1.,1.682903264472E-31));
#3876 = DIRECTION('',(1.,5.048709793414E-30,0.));
#3877 = DEFINITIONAL_REPRESENTATION('',(#3878),#3882);
#3878 = CIRCLE('',#3879,5.);
#3879 = AXIS2_PLACEMENT_2D('',#3880,#3881);
#3880 = CARTESIAN_POINT('',(7.105427357601E-15,-6.037119385885E-75));
#3881 = DIRECTION('',(0.,-1.));
#3882 = ( GEOMETRIC_REPRESENTATION_CONTEXT(2) 
PARAMETRIC_REPRESENTATION_CONTEXT() REPRESENTATION_CONTEXT('2D SPACE',''
  ) );
#3883 = ORIENTED_EDGE('',*,*,#3834,.F.);
#3884 = ADVANCED_FACE('',(#3885),#1799,.F.);
#3885 = FACE_BOUND('',#3886,.F.);
#3886 = EDGE_LOOP('',(#3887,#3888,#3911,#3938));
#3887 = ORIENTED_EDGE('',*,*,#1784,.F.);
#3888 = ORIENTED_EDGE('',*,*,#3889,.T.);
#3889 = EDGE_CURVE('',#1764,#3890,#3892,.T.);
#3890 = VERTEX_POINT('',#3891);
#3891 = CARTESIAN_POINT('',(0.,52.39218452154,5.));
#3892 = SEAM_CURVE('',#3893,(#3897,#3904),.PCURVE_S1.);
#3893 = LINE('',#3894,#3895);
#3894 = CARTESIAN_POINT('',(0.,98.39218452154,5.));
#3895 = VECTOR('',#3896,1.);
#3896 = DIRECTION('',(-0.,-1.,-0.));
#3897 = PCURVE('',#1799,#3898);
#3898 = DEFINITIONAL_REPRESENTATION('',(#3899),#3903);
#3899 = LINE('',#3900,#3901);
#3900 = CARTESIAN_POINT('',(6.28318530718,0.));
#3901 = VECTOR('',#3902,1.);
#3902 = DIRECTION('',(0.,-1.));
#3903 = ( GEOMETRIC_REPRESENTATION_CONTEXT(2) 
PARAMETRIC_REPRESENTATION_CONTEXT() REPRESENTATION_CONTEXT('2D SPACE',''
  ) );
#3904 = PCURVE('',#1799,#3905);
#3905 = DEFINITIONAL_REPRESENTATION('',(#3906),#3910);
#3906 = LINE('',#3907,#3908);
#3907 = CARTESIAN_POINT('',(0.,0.));
#3908 = VECTOR('',#3909,1.);
#3909 = DIRECTION('',(0.,-1.));
#3910 = ( GEOMETRIC_REPRESENTATION_CONTEXT(2) 
PARAMETRIC_REPRESENTATION_CONTEXT() REPRESENTATION_CONTEXT('2D SPACE',''
  ) );
#3911 = ORIENTED_EDGE('',*,*,#3912,.T.);
#3912 = EDGE_CURVE('',#3890,#3890,#3913,.T.);
#3913 = SURFACE_CURVE('',#3914,(#3919,#3926),.PCURVE_S1.);
#3914 = CIRCLE('',#3915,5.);
#3915 = AXIS2_PLACEMENT_3D('',#3916,#3917,#3918);
#3916 = CARTESIAN_POINT('',(0.,52.39218452154,0.));
#3917 = DIRECTION('',(0.,1.,0.));
#3918 = DIRECTION('',(0.,0.,1.));
#3919 = PCURVE('',#1799,#3920);
#3920 = DEFINITIONAL_REPRESENTATION('',(#3921),#3925);
#3921 = LINE('',#3922,#3923);
#3922 = CARTESIAN_POINT('',(0.,-46.));
#3923 = VECTOR('',#3924,1.);
#3924 = DIRECTION('',(1.,0.));
#3925 = ( GEOMETRIC_REPRESENTATION_CONTEXT(2) 
PARAMETRIC_REPRESENTATION_CONTEXT() REPRESENTATION_CONTEXT('2D SPACE',''
  ) );
#3926 = PCURVE('',#3927,#3932);
#3927 = PLANE('',#3928);
#3928 = AXIS2_PLACEMENT_3D('',#3929,#3930,#3931);
#3929 = CARTESIAN_POINT('',(3.428682531579E-16,52.39218452154,
    -2.734880265079E-16));
#3930 = DIRECTION('',(3.761515901592E-31,1.,-2.189528850508E-47));
#3931 = DIRECTION('',(1.,-3.761515901592E-31,0.));
#3932 = DEFINITIONAL_REPRESENTATION('',(#3933),#3937);
#3933 = CIRCLE('',#3934,5.);
#3934 = AXIS2_PLACEMENT_2D('',#3935,#3936);
#3935 = CARTESIAN_POINT('',(-3.428682531579E-16,-2.734880265079E-16));
#3936 = DIRECTION('',(0.,-1.));
#3937 = ( GEOMETRIC_REPRESENTATION_CONTEXT(2) 
PARAMETRIC_REPRESENTATION_CONTEXT() REPRESENTATION_CONTEXT('2D SPACE',''
  ) );
#3938 = ORIENTED_EDGE('',*,*,#3889,.F.);
#3939 = ADVANCED_FACE('',(#3940),#2479,.F.);
#3940 = FACE_BOUND('',#3941,.F.);
#3941 = EDGE_LOOP('',(#3942,#3943,#3966,#3993));
#3942 = ORIENTED_EDGE('',*,*,#1837,.F.);
#3943 = ORIENTED_EDGE('',*,*,#3944,.T.);
#3944 = EDGE_CURVE('',#1817,#3945,#3947,.T.);
#3945 = VERTEX_POINT('',#3946);
#3946 = CARTESIAN_POINT('',(62.5,52.39218452154,-70.));
#3947 = SEAM_CURVE('',#3948,(#3952,#3959),.PCURVE_S1.);
#3948 = LINE('',#3949,#3950);
#3949 = CARTESIAN_POINT('',(62.5,98.39218452154,-70.));
#3950 = VECTOR('',#3951,1.);
#3951 = DIRECTION('',(-0.,-1.,-0.));
#3952 = PCURVE('',#2479,#3953);
#3953 = DEFINITIONAL_REPRESENTATION('',(#3954),#3958);
#3954 = LINE('',#3955,#3956);
#3955 = CARTESIAN_POINT('',(6.28318530718,0.));
#3956 = VECTOR('',#3957,1.);
#3957 = DIRECTION('',(0.,-1.));
#3958 = ( GEOMETRIC_REPRESENTATION_CONTEXT(2) 
PARAMETRIC_REPRESENTATION_CONTEXT() REPRESENTATION_CONTEXT('2D SPACE',''
  ) );
#3959 = PCURVE('',#2479,#3960);
#3960 = DEFINITIONAL_REPRESENTATION('',(#3961),#3965);
#3961 = LINE('',#3962,#3963);
#3962 = CARTESIAN_POINT('',(0.,0.));
#3963 = VECTOR('',#3964,1.);
#3964 = DIRECTION('',(0.,-1.));
#3965 = ( GEOMETRIC_REPRESENTATION_CONTEXT(2) 
PARAMETRIC_REPRESENTATION_CONTEXT() REPRESENTATION_CONTEXT('2D SPACE',''
  ) );
#3966 = ORIENTED_EDGE('',*,*,#3967,.T.);
#3967 = EDGE_CURVE('',#3945,#3945,#3968,.T.);
#3968 = SURFACE_CURVE('',#3969,(#3974,#3981),.PCURVE_S1.);
#3969 = CIRCLE('',#3970,5.);
#3970 = AXIS2_PLACEMENT_3D('',#3971,#3972,#3973);
#3971 = CARTESIAN_POINT('',(62.5,52.39218452154,-75.));
#3972 = DIRECTION('',(0.,1.,0.));
#3973 = DIRECTION('',(0.,0.,1.));
#3974 = PCURVE('',#2479,#3975);
#3975 = DEFINITIONAL_REPRESENTATION('',(#3976),#3980);
#3976 = LINE('',#3977,#3978);
#3977 = CARTESIAN_POINT('',(0.,-46.));
#3978 = VECTOR('',#3979,1.);
#3979 = DIRECTION('',(1.,0.));
#3980 = ( GEOMETRIC_REPRESENTATION_CONTEXT(2) 
PARAMETRIC_REPRESENTATION_CONTEXT() REPRESENTATION_CONTEXT('2D SPACE',''
  ) );
#3981 = PCURVE('',#3982,#3987);
#3982 = PLANE('',#3983);
#3983 = AXIS2_PLACEMENT_3D('',#3984,#3985,#3986);
#3984 = CARTESIAN_POINT('',(62.5,52.39218452154,-75.));
#3985 = DIRECTION('',(0.,1.,0.));
#3986 = DIRECTION('',(0.,-0.,1.));
#3987 = DEFINITIONAL_REPRESENTATION('',(#3988),#3992);
#3988 = CIRCLE('',#3989,5.);
#3989 = AXIS2_PLACEMENT_2D('',#3990,#3991);
#3990 = CARTESIAN_POINT('',(1.42108547152E-14,-7.105427357601E-15));
#3991 = DIRECTION('',(1.,0.));
#3992 = ( GEOMETRIC_REPRESENTATION_CONTEXT(2) 
PARAMETRIC_REPRESENTATION_CONTEXT() REPRESENTATION_CONTEXT('2D SPACE',''
  ) );
#3993 = ORIENTED_EDGE('',*,*,#3944,.F.);
#3994 = ADVANCED_FACE('',(#3995),#3493,.F.);
#3995 = FACE_BOUND('',#3996,.F.);
#3996 = EDGE_LOOP('',(#3997,#3998,#4021,#4048));
#3997 = ORIENTED_EDGE('',*,*,#2831,.F.);
#3998 = ORIENTED_EDGE('',*,*,#3999,.T.);
#3999 = EDGE_CURVE('',#2811,#4000,#4002,.T.);
#4000 = VERTEX_POINT('',#4001);
#4001 = CARTESIAN_POINT('',(62.5,52.39218452154,80.));
#4002 = SEAM_CURVE('',#4003,(#4007,#4014),.PCURVE_S1.);
#4003 = LINE('',#4004,#4005);
#4004 = CARTESIAN_POINT('',(62.5,98.39218452154,80.));
#4005 = VECTOR('',#4006,1.);
#4006 = DIRECTION('',(-0.,-1.,-0.));
#4007 = PCURVE('',#3493,#4008);
#4008 = DEFINITIONAL_REPRESENTATION('',(#4009),#4013);
#4009 = LINE('',#4010,#4011);
#4010 = CARTESIAN_POINT('',(6.28318530718,0.));
#4011 = VECTOR('',#4012,1.);
#4012 = DIRECTION('',(0.,-1.));
#4013 = ( GEOMETRIC_REPRESENTATION_CONTEXT(2) 
PARAMETRIC_REPRESENTATION_CONTEXT() REPRESENTATION_CONTEXT('2D SPACE',''
  ) );
#4014 = PCURVE('',#3493,#4015);
#4015 = DEFINITIONAL_REPRESENTATION('',(#4016),#4020);
#4016 = LINE('',#4017,#4018);
#4017 = CARTESIAN_POINT('',(0.,0.));
#4018 = VECTOR('',#4019,1.);
#4019 = DIRECTION('',(0.,-1.));
#4020 = ( GEOMETRIC_REPRESENTATION_CONTEXT(2) 
PARAMETRIC_REPRESENTATION_CONTEXT() REPRESENTATION_CONTEXT('2D SPACE',''
  ) );
#4021 = ORIENTED_EDGE('',*,*,#4022,.T.);
#4022 = EDGE_CURVE('',#4000,#4000,#4023,.T.);
#4023 = SURFACE_CURVE('',#4024,(#4029,#4036),.PCURVE_S1.);
#4024 = CIRCLE('',#4025,5.);
#4025 = AXIS2_PLACEMENT_3D('',#4026,#4027,#4028);
#4026 = CARTESIAN_POINT('',(62.5,52.39218452154,75.));
#4027 = DIRECTION('',(0.,1.,0.));
#4028 = DIRECTION('',(0.,0.,1.));
#4029 = PCURVE('',#3493,#4030);
#4030 = DEFINITIONAL_REPRESENTATION('',(#4031),#4035);
#4031 = LINE('',#4032,#4033);
#4032 = CARTESIAN_POINT('',(0.,-46.));
#4033 = VECTOR('',#4034,1.);
#4034 = DIRECTION('',(1.,0.));
#4035 = ( GEOMETRIC_REPRESENTATION_CONTEXT(2) 
PARAMETRIC_REPRESENTATION_CONTEXT() REPRESENTATION_CONTEXT('2D SPACE',''
  ) );
#4036 = PCURVE('',#4037,#4042);
#4037 = PLANE('',#4038);
#4038 = AXIS2_PLACEMENT_3D('',#4039,#4040,#4041);
#4039 = CARTESIAN_POINT('',(62.5,52.39218452154,75.));
#4040 = DIRECTION('',(0.,1.,0.));
#4041 = DIRECTION('',(0.,-0.,1.));
#4042 = DEFINITIONAL_REPRESENTATION('',(#4043),#4047);
#4043 = CIRCLE('',#4044,5.);
#4044 = AXIS2_PLACEMENT_2D('',#4045,#4046);
#4045 = CARTESIAN_POINT('',(-1.42108547152E-14,-1.42108547152E-14));
#4046 = DIRECTION('',(1.,0.));
#4047 = ( GEOMETRIC_REPRESENTATION_CONTEXT(2) 
PARAMETRIC_REPRESENTATION_CONTEXT() REPRESENTATION_CONTEXT('2D SPACE',''
  ) );
#4048 = ORIENTED_EDGE('',*,*,#3999,.F.);
#4049 = ADVANCED_FACE('',(#4050),#3872,.T.);
#4050 = FACE_BOUND('',#4051,.T.);
#4051 = EDGE_LOOP('',(#4052));
#4052 = ORIENTED_EDGE('',*,*,#3857,.T.);
#4053 = ADVANCED_FACE('',(#4054),#3927,.T.);
#4054 = FACE_BOUND('',#4055,.T.);
#4055 = EDGE_LOOP('',(#4056));
#4056 = ORIENTED_EDGE('',*,*,#3912,.T.);
#4057 = ADVANCED_FACE('',(#4058),#3982,.T.);
#4058 = FACE_BOUND('',#4059,.T.);
#4059 = EDGE_LOOP('',(#4060));
#4060 = ORIENTED_EDGE('',*,*,#3967,.T.);
#4061 = ADVANCED_FACE('',(#4062),#4037,.T.);
#4062 = FACE_BOUND('',#4063,.T.);
#4063 = EDGE_LOOP('',(#4064));
#4064 = ORIENTED_EDGE('',*,*,#4022,.T.);
#4065 = ( GEOMETRIC_REPRESENTATION_CONTEXT(3) 
GLOBAL_UNCERTAINTY_ASSIGNED_CONTEXT((#4069)) 
GLOBAL_UNIT_ASSIGNED_CONTEXT((#4066,#4067,#4068)) REPRESENTATION_CONTEXT
('Context #1','3D Context with UNIT and UNCERTAINTY') );
#4066 = ( LENGTH_UNIT() NAMED_UNIT(*) SI_UNIT(.MILLI.,.METRE.) );
#4067 = ( NAMED_UNIT(*) PLANE_ANGLE_UNIT() SI_UNIT($,.RADIAN.) );
#4068 = ( NAMED_UNIT(*) SI_UNIT($,.STERADIAN.) SOLID_ANGLE_UNIT() );
#4069 = UNCERTAINTY_MEASURE_WITH_UNIT(LENGTH_MEASURE(1.E-07),#4066,
  'distance_accuracy_value','confusion accuracy');
#4070 = PRODUCT_RELATED_PRODUCT_CATEGORY('part',$,(#7));
ENDSEC;
END-ISO-10303-21;
