Nr.;Schritt;Materialnummer;Volumen[mm^3];Arbeitsplatz;Qualifikation;Kosten[($)];Dauer[min]
0;initWorkingstep;null;3750000.0;null;1;0.0;0.0
1;liefern;00000010;3750000.0;liefern_2;1;0.0;0.0
2;bohren;00000010;3728491.8712953636;Drill_Press_02;2;5.285196471741826;10.358468811743984
3;schweißen;00000010;4762860.540181254;Welding_Station_02;2;26.32744204371739;33.14778714378214
4;prüfen;00000010;4762860.540181254;Welding_Station_02;1;0.0;40.0
5;fräsen;00000010;4713304.71338968;CNC_Mill_06;2;13.288858581101875;21.601482960332596
