ISO-10303-21;
HEADER;
FILE_DESCRIPTION(('Open CASCADE Model'),'2;1');
FILE_NAME('Open CASCADE Shape Model','2025-08-06T14:39:59',('Author'),(
    'Open CASCADE'),'Open CASCADE STEP processor 7.7','Open CASCADE 7.7'
  ,'Unknown');
FILE_SCHEMA(('AUTOMOTIVE_DESIGN { 1 0 10303 214 1 1 1 1 }'));
ENDSEC;
DATA;
#1 = APPLICATION_PROTOCOL_DEFINITION('international standard',
  'automotive_design',2000,#2);
#2 = APPLICATION_CONTEXT(
  'core data for automotive mechanical design processes');
#3 = SHAPE_DEFINITION_REPRESENTATION(#4,#10);
#4 = PRODUCT_DEFINITION_SHAPE('','',#5);
#5 = PRODUCT_DEFINITION('design','',#6,#9);
#6 = PRODUCT_DEFINITION_FORMATION('','',#7);
#7 = PRODUCT('substep_3.3','substep_3.3','',(#8));
#8 = PRODUCT_CONTEXT('',#2,'mechanical');
#9 = PRODUCT_DEFINITION_CONTEXT('part definition',#2,'design');
#10 = ADVANCED_BREP_SHAPE_REPRESENTATION('',(#11,#15),#3005);
#11 = AXIS2_PLACEMENT_3D('',#12,#13,#14);
#12 = CARTESIAN_POINT('',(0.,0.,0.));
#13 = DIRECTION('',(0.,0.,1.));
#14 = DIRECTION('',(1.,0.,-0.));
#15 = MANIFOLD_SOLID_BREP('PartBody',#16);
#16 = CLOSED_SHELL('',(#17,#261,#463,#670,#775,#1022,#1099,#1148,#1198,
    #1225,#1297,#1325,#1380,#1435,#2602,#2651,#2700,#2727,#2733,#2759,
    #2766,#2773,#2823,#2873,#2923,#2930,#2955,#2980));
#17 = ADVANCED_FACE('',(#18,#137),#32,.F.);
#18 = FACE_BOUND('',#19,.F.);
#19 = EDGE_LOOP('',(#20,#55,#83,#111));
#20 = ORIENTED_EDGE('',*,*,#21,.F.);
#21 = EDGE_CURVE('',#22,#24,#26,.T.);
#22 = VERTEX_POINT('',#23);
#23 = CARTESIAN_POINT('',(-150.,-25.,-75.));
#24 = VERTEX_POINT('',#25);
#25 = CARTESIAN_POINT('',(-150.,-25.,75.));
#26 = SURFACE_CURVE('',#27,(#31,#43),.PCURVE_S1.);
#27 = LINE('',#28,#29);
#28 = CARTESIAN_POINT('',(-150.,-25.,-75.));
#29 = VECTOR('',#30,1.);
#30 = DIRECTION('',(0.,0.,1.));
#31 = PCURVE('',#32,#37);
#32 = PLANE('',#33);
#33 = AXIS2_PLACEMENT_3D('',#34,#35,#36);
#34 = CARTESIAN_POINT('',(-150.,-25.,-75.));
#35 = DIRECTION('',(1.,0.,0.));
#36 = DIRECTION('',(0.,0.,1.));
#37 = DEFINITIONAL_REPRESENTATION('',(#38),#42);
#38 = LINE('',#39,#40);
#39 = CARTESIAN_POINT('',(0.,0.));
#40 = VECTOR('',#41,1.);
#41 = DIRECTION('',(1.,0.));
#42 = ( GEOMETRIC_REPRESENTATION_CONTEXT(2) 
PARAMETRIC_REPRESENTATION_CONTEXT() REPRESENTATION_CONTEXT('2D SPACE',''
  ) );
#43 = PCURVE('',#44,#49);
#44 = PLANE('',#45);
#45 = AXIS2_PLACEMENT_3D('',#46,#47,#48);
#46 = CARTESIAN_POINT('',(-150.,-25.,-75.));
#47 = DIRECTION('',(0.,1.,0.));
#48 = DIRECTION('',(0.,0.,1.));
#49 = DEFINITIONAL_REPRESENTATION('',(#50),#54);
#50 = LINE('',#51,#52);
#51 = CARTESIAN_POINT('',(0.,0.));
#52 = VECTOR('',#53,1.);
#53 = DIRECTION('',(1.,0.));
#54 = ( GEOMETRIC_REPRESENTATION_CONTEXT(2) 
PARAMETRIC_REPRESENTATION_CONTEXT() REPRESENTATION_CONTEXT('2D SPACE',''
  ) );
#55 = ORIENTED_EDGE('',*,*,#56,.T.);
#56 = EDGE_CURVE('',#22,#57,#59,.T.);
#57 = VERTEX_POINT('',#58);
#58 = CARTESIAN_POINT('',(-150.,25.,-75.));
#59 = SURFACE_CURVE('',#60,(#64,#71),.PCURVE_S1.);
#60 = LINE('',#61,#62);
#61 = CARTESIAN_POINT('',(-150.,-25.,-75.));
#62 = VECTOR('',#63,1.);
#63 = DIRECTION('',(0.,1.,0.));
#64 = PCURVE('',#32,#65);
#65 = DEFINITIONAL_REPRESENTATION('',(#66),#70);
#66 = LINE('',#67,#68);
#67 = CARTESIAN_POINT('',(0.,0.));
#68 = VECTOR('',#69,1.);
#69 = DIRECTION('',(0.,-1.));
#70 = ( GEOMETRIC_REPRESENTATION_CONTEXT(2) 
PARAMETRIC_REPRESENTATION_CONTEXT() REPRESENTATION_CONTEXT('2D SPACE',''
  ) );
#71 = PCURVE('',#72,#77);
#72 = PLANE('',#73);
#73 = AXIS2_PLACEMENT_3D('',#74,#75,#76);
#74 = CARTESIAN_POINT('',(-150.,-25.,-75.));
#75 = DIRECTION('',(0.,0.,1.));
#76 = DIRECTION('',(1.,0.,0.));
#77 = DEFINITIONAL_REPRESENTATION('',(#78),#82);
#78 = LINE('',#79,#80);
#79 = CARTESIAN_POINT('',(0.,0.));
#80 = VECTOR('',#81,1.);
#81 = DIRECTION('',(0.,1.));
#82 = ( GEOMETRIC_REPRESENTATION_CONTEXT(2) 
PARAMETRIC_REPRESENTATION_CONTEXT() REPRESENTATION_CONTEXT('2D SPACE',''
  ) );
#83 = ORIENTED_EDGE('',*,*,#84,.T.);
#84 = EDGE_CURVE('',#57,#85,#87,.T.);
#85 = VERTEX_POINT('',#86);
#86 = CARTESIAN_POINT('',(-150.,25.,75.));
#87 = SURFACE_CURVE('',#88,(#92,#99),.PCURVE_S1.);
#88 = LINE('',#89,#90);
#89 = CARTESIAN_POINT('',(-150.,25.,-75.));
#90 = VECTOR('',#91,1.);
#91 = DIRECTION('',(0.,0.,1.));
#92 = PCURVE('',#32,#93);
#93 = DEFINITIONAL_REPRESENTATION('',(#94),#98);
#94 = LINE('',#95,#96);
#95 = CARTESIAN_POINT('',(0.,-50.));
#96 = VECTOR('',#97,1.);
#97 = DIRECTION('',(1.,0.));
#98 = ( GEOMETRIC_REPRESENTATION_CONTEXT(2) 
PARAMETRIC_REPRESENTATION_CONTEXT() REPRESENTATION_CONTEXT('2D SPACE',''
  ) );
#99 = PCURVE('',#100,#105);
#100 = PLANE('',#101);
#101 = AXIS2_PLACEMENT_3D('',#102,#103,#104);
#102 = CARTESIAN_POINT('',(-150.,25.,-75.));
#103 = DIRECTION('',(0.,1.,0.));
#104 = DIRECTION('',(0.,0.,1.));
#105 = DEFINITIONAL_REPRESENTATION('',(#106),#110);
#106 = LINE('',#107,#108);
#107 = CARTESIAN_POINT('',(0.,0.));
#108 = VECTOR('',#109,1.);
#109 = DIRECTION('',(1.,0.));
#110 = ( GEOMETRIC_REPRESENTATION_CONTEXT(2) 
PARAMETRIC_REPRESENTATION_CONTEXT() REPRESENTATION_CONTEXT('2D SPACE',''
  ) );
#111 = ORIENTED_EDGE('',*,*,#112,.F.);
#112 = EDGE_CURVE('',#24,#85,#113,.T.);
#113 = SURFACE_CURVE('',#114,(#118,#125),.PCURVE_S1.);
#114 = LINE('',#115,#116);
#115 = CARTESIAN_POINT('',(-150.,-25.,75.));
#116 = VECTOR('',#117,1.);
#117 = DIRECTION('',(0.,1.,0.));
#118 = PCURVE('',#32,#119);
#119 = DEFINITIONAL_REPRESENTATION('',(#120),#124);
#120 = LINE('',#121,#122);
#121 = CARTESIAN_POINT('',(150.,0.));
#122 = VECTOR('',#123,1.);
#123 = DIRECTION('',(0.,-1.));
#124 = ( GEOMETRIC_REPRESENTATION_CONTEXT(2) 
PARAMETRIC_REPRESENTATION_CONTEXT() REPRESENTATION_CONTEXT('2D SPACE',''
  ) );
#125 = PCURVE('',#126,#131);
#126 = PLANE('',#127);
#127 = AXIS2_PLACEMENT_3D('',#128,#129,#130);
#128 = CARTESIAN_POINT('',(-150.,-25.,75.));
#129 = DIRECTION('',(0.,0.,1.));
#130 = DIRECTION('',(1.,0.,0.));
#131 = DEFINITIONAL_REPRESENTATION('',(#132),#136);
#132 = LINE('',#133,#134);
#133 = CARTESIAN_POINT('',(0.,0.));
#134 = VECTOR('',#135,1.);
#135 = DIRECTION('',(0.,1.));
#136 = ( GEOMETRIC_REPRESENTATION_CONTEXT(2) 
PARAMETRIC_REPRESENTATION_CONTEXT() REPRESENTATION_CONTEXT('2D SPACE',''
  ) );
#137 = FACE_BOUND('',#138,.F.);
#138 = EDGE_LOOP('',(#139,#174,#202,#235));
#139 = ORIENTED_EDGE('',*,*,#140,.T.);
#140 = EDGE_CURVE('',#141,#143,#145,.T.);
#141 = VERTEX_POINT('',#142);
#142 = CARTESIAN_POINT('',(-150.,7.125,25.2));
#143 = VERTEX_POINT('',#144);
#144 = CARTESIAN_POINT('',(-150.,23.125,25.2));
#145 = SURFACE_CURVE('',#146,(#151,#162),.PCURVE_S1.);
#146 = CIRCLE('',#147,8.);
#147 = AXIS2_PLACEMENT_3D('',#148,#149,#150);
#148 = CARTESIAN_POINT('',(-150.,15.125,25.2));
#149 = DIRECTION('',(-1.,-0.,0.));
#150 = DIRECTION('',(0.,-1.,-6.123233995737E-17));
#151 = PCURVE('',#32,#152);
#152 = DEFINITIONAL_REPRESENTATION('',(#153),#161);
#153 = ( BOUNDED_CURVE() B_SPLINE_CURVE(2,(#154,#155,#156,#157,#158,#159
,#160),.UNSPECIFIED.,.T.,.F.) B_SPLINE_CURVE_WITH_KNOTS((1,2,2,2,2,1),(
    -2.094395102393,0.,2.094395102393,4.188790204786,6.28318530718,
8.377580409573),.UNSPECIFIED.) CURVE() GEOMETRIC_REPRESENTATION_ITEM() 
RATIONAL_B_SPLINE_CURVE((1.,0.5,1.,0.5,1.,0.5,1.)) REPRESENTATION_ITEM(
  '') );
#154 = CARTESIAN_POINT('',(100.2,-32.125));
#155 = CARTESIAN_POINT('',(114.05640646055,-32.125));
#156 = CARTESIAN_POINT('',(107.12820323027,-44.125));
#157 = CARTESIAN_POINT('',(100.2,-56.125));
#158 = CARTESIAN_POINT('',(93.271796769724,-44.125));
#159 = CARTESIAN_POINT('',(86.343593539449,-32.125));
#160 = CARTESIAN_POINT('',(100.2,-32.125));
#161 = ( GEOMETRIC_REPRESENTATION_CONTEXT(2) 
PARAMETRIC_REPRESENTATION_CONTEXT() REPRESENTATION_CONTEXT('2D SPACE',''
  ) );
#162 = PCURVE('',#163,#168);
#163 = CYLINDRICAL_SURFACE('',#164,8.);
#164 = AXIS2_PLACEMENT_3D('',#165,#166,#167);
#165 = CARTESIAN_POINT('',(-150.,15.125,25.2));
#166 = DIRECTION('',(-1.,-0.,0.));
#167 = DIRECTION('',(0.,-1.,-6.123233995737E-17));
#168 = DEFINITIONAL_REPRESENTATION('',(#169),#173);
#169 = LINE('',#170,#171);
#170 = CARTESIAN_POINT('',(0.,0.));
#171 = VECTOR('',#172,1.);
#172 = DIRECTION('',(1.,0.));
#173 = ( GEOMETRIC_REPRESENTATION_CONTEXT(2) 
PARAMETRIC_REPRESENTATION_CONTEXT() REPRESENTATION_CONTEXT('2D SPACE',''
  ) );
#174 = ORIENTED_EDGE('',*,*,#175,.T.);
#175 = EDGE_CURVE('',#143,#176,#178,.T.);
#176 = VERTEX_POINT('',#177);
#177 = CARTESIAN_POINT('',(-150.,23.125,-19.8));
#178 = SURFACE_CURVE('',#179,(#183,#190),.PCURVE_S1.);
#179 = LINE('',#180,#181);
#180 = CARTESIAN_POINT('',(-150.,23.125,25.2));
#181 = VECTOR('',#182,1.);
#182 = DIRECTION('',(0.,0.,-1.));
#183 = PCURVE('',#32,#184);
#184 = DEFINITIONAL_REPRESENTATION('',(#185),#189);
#185 = LINE('',#186,#187);
#186 = CARTESIAN_POINT('',(100.2,-48.125));
#187 = VECTOR('',#188,1.);
#188 = DIRECTION('',(-1.,0.));
#189 = ( GEOMETRIC_REPRESENTATION_CONTEXT(2) 
PARAMETRIC_REPRESENTATION_CONTEXT() REPRESENTATION_CONTEXT('2D SPACE',''
  ) );
#190 = PCURVE('',#191,#196);
#191 = PLANE('',#192);
#192 = AXIS2_PLACEMENT_3D('',#193,#194,#195);
#193 = CARTESIAN_POINT('',(-150.,23.125,25.2));
#194 = DIRECTION('',(-0.,1.,0.));
#195 = DIRECTION('',(0.,0.,-1.));
#196 = DEFINITIONAL_REPRESENTATION('',(#197),#201);
#197 = LINE('',#198,#199);
#198 = CARTESIAN_POINT('',(0.,0.));
#199 = VECTOR('',#200,1.);
#200 = DIRECTION('',(1.,0.));
#201 = ( GEOMETRIC_REPRESENTATION_CONTEXT(2) 
PARAMETRIC_REPRESENTATION_CONTEXT() REPRESENTATION_CONTEXT('2D SPACE',''
  ) );
#202 = ORIENTED_EDGE('',*,*,#203,.T.);
#203 = EDGE_CURVE('',#176,#204,#206,.T.);
#204 = VERTEX_POINT('',#205);
#205 = CARTESIAN_POINT('',(-150.,7.125,-19.8));
#206 = SURFACE_CURVE('',#207,(#212,#223),.PCURVE_S1.);
#207 = CIRCLE('',#208,8.);
#208 = AXIS2_PLACEMENT_3D('',#209,#210,#211);
#209 = CARTESIAN_POINT('',(-150.,15.125,-19.8));
#210 = DIRECTION('',(-1.,0.,-0.));
#211 = DIRECTION('',(-0.,1.,6.123233995737E-17));
#212 = PCURVE('',#32,#213);
#213 = DEFINITIONAL_REPRESENTATION('',(#214),#222);
#214 = ( BOUNDED_CURVE() B_SPLINE_CURVE(2,(#215,#216,#217,#218,#219,#220
,#221),.UNSPECIFIED.,.T.,.F.) B_SPLINE_CURVE_WITH_KNOTS((1,2,2,2,2,1),(
    -2.094395102393,0.,2.094395102393,4.188790204786,6.28318530718,
8.377580409573),.UNSPECIFIED.) CURVE() GEOMETRIC_REPRESENTATION_ITEM() 
RATIONAL_B_SPLINE_CURVE((1.,0.5,1.,0.5,1.,0.5,1.)) REPRESENTATION_ITEM(
  '') );
#215 = CARTESIAN_POINT('',(55.2,-48.125));
#216 = CARTESIAN_POINT('',(41.343593539449,-48.125));
#217 = CARTESIAN_POINT('',(48.271796769724,-36.125));
#218 = CARTESIAN_POINT('',(55.2,-24.125));
#219 = CARTESIAN_POINT('',(62.128203230275,-36.125));
#220 = CARTESIAN_POINT('',(69.056406460551,-48.125));
#221 = CARTESIAN_POINT('',(55.2,-48.125));
#222 = ( GEOMETRIC_REPRESENTATION_CONTEXT(2) 
PARAMETRIC_REPRESENTATION_CONTEXT() REPRESENTATION_CONTEXT('2D SPACE',''
  ) );
#223 = PCURVE('',#224,#229);
#224 = CYLINDRICAL_SURFACE('',#225,8.);
#225 = AXIS2_PLACEMENT_3D('',#226,#227,#228);
#226 = CARTESIAN_POINT('',(-150.,15.125,-19.8));
#227 = DIRECTION('',(-1.,0.,-0.));
#228 = DIRECTION('',(-0.,1.,6.123233995737E-17));
#229 = DEFINITIONAL_REPRESENTATION('',(#230),#234);
#230 = LINE('',#231,#232);
#231 = CARTESIAN_POINT('',(0.,0.));
#232 = VECTOR('',#233,1.);
#233 = DIRECTION('',(1.,0.));
#234 = ( GEOMETRIC_REPRESENTATION_CONTEXT(2) 
PARAMETRIC_REPRESENTATION_CONTEXT() REPRESENTATION_CONTEXT('2D SPACE',''
  ) );
#235 = ORIENTED_EDGE('',*,*,#236,.T.);
#236 = EDGE_CURVE('',#204,#141,#237,.T.);
#237 = SURFACE_CURVE('',#238,(#242,#249),.PCURVE_S1.);
#238 = LINE('',#239,#240);
#239 = CARTESIAN_POINT('',(-150.,7.125,-19.8));
#240 = VECTOR('',#241,1.);
#241 = DIRECTION('',(0.,-0.,1.));
#242 = PCURVE('',#32,#243);
#243 = DEFINITIONAL_REPRESENTATION('',(#244),#248);
#244 = LINE('',#245,#246);
#245 = CARTESIAN_POINT('',(55.2,-32.125));
#246 = VECTOR('',#247,1.);
#247 = DIRECTION('',(1.,0.));
#248 = ( GEOMETRIC_REPRESENTATION_CONTEXT(2) 
PARAMETRIC_REPRESENTATION_CONTEXT() REPRESENTATION_CONTEXT('2D SPACE',''
  ) );
#249 = PCURVE('',#250,#255);
#250 = PLANE('',#251);
#251 = AXIS2_PLACEMENT_3D('',#252,#253,#254);
#252 = CARTESIAN_POINT('',(-150.,7.125,-19.8));
#253 = DIRECTION('',(0.,-1.,-0.));
#254 = DIRECTION('',(0.,-0.,1.));
#255 = DEFINITIONAL_REPRESENTATION('',(#256),#260);
#256 = LINE('',#257,#258);
#257 = CARTESIAN_POINT('',(0.,0.));
#258 = VECTOR('',#259,1.);
#259 = DIRECTION('',(1.,0.));
#260 = ( GEOMETRIC_REPRESENTATION_CONTEXT(2) 
PARAMETRIC_REPRESENTATION_CONTEXT() REPRESENTATION_CONTEXT('2D SPACE',''
  ) );
#261 = ADVANCED_FACE('',(#262,#370,#401,#432),#44,.F.);
#262 = FACE_BOUND('',#263,.F.);
#263 = EDGE_LOOP('',(#264,#294,#315,#316,#339));
#264 = ORIENTED_EDGE('',*,*,#265,.F.);
#265 = EDGE_CURVE('',#266,#268,#270,.T.);
#266 = VERTEX_POINT('',#267);
#267 = CARTESIAN_POINT('',(150.,-25.,-75.));
#268 = VERTEX_POINT('',#269);
#269 = CARTESIAN_POINT('',(150.,-25.,49.));
#270 = SURFACE_CURVE('',#271,(#275,#282),.PCURVE_S1.);
#271 = LINE('',#272,#273);
#272 = CARTESIAN_POINT('',(150.,-25.,-75.));
#273 = VECTOR('',#274,1.);
#274 = DIRECTION('',(0.,0.,1.));
#275 = PCURVE('',#44,#276);
#276 = DEFINITIONAL_REPRESENTATION('',(#277),#281);
#277 = LINE('',#278,#279);
#278 = CARTESIAN_POINT('',(0.,300.));
#279 = VECTOR('',#280,1.);
#280 = DIRECTION('',(1.,0.));
#281 = ( GEOMETRIC_REPRESENTATION_CONTEXT(2) 
PARAMETRIC_REPRESENTATION_CONTEXT() REPRESENTATION_CONTEXT('2D SPACE',''
  ) );
#282 = PCURVE('',#283,#288);
#283 = PLANE('',#284);
#284 = AXIS2_PLACEMENT_3D('',#285,#286,#287);
#285 = CARTESIAN_POINT('',(150.,-25.,-75.));
#286 = DIRECTION('',(1.,0.,0.));
#287 = DIRECTION('',(0.,0.,1.));
#288 = DEFINITIONAL_REPRESENTATION('',(#289),#293);
#289 = LINE('',#290,#291);
#290 = CARTESIAN_POINT('',(0.,0.));
#291 = VECTOR('',#292,1.);
#292 = DIRECTION('',(1.,0.));
#293 = ( GEOMETRIC_REPRESENTATION_CONTEXT(2) 
PARAMETRIC_REPRESENTATION_CONTEXT() REPRESENTATION_CONTEXT('2D SPACE',''
  ) );
#294 = ORIENTED_EDGE('',*,*,#295,.F.);
#295 = EDGE_CURVE('',#22,#266,#296,.T.);
#296 = SURFACE_CURVE('',#297,(#301,#308),.PCURVE_S1.);
#297 = LINE('',#298,#299);
#298 = CARTESIAN_POINT('',(-150.,-25.,-75.));
#299 = VECTOR('',#300,1.);
#300 = DIRECTION('',(1.,0.,0.));
#301 = PCURVE('',#44,#302);
#302 = DEFINITIONAL_REPRESENTATION('',(#303),#307);
#303 = LINE('',#304,#305);
#304 = CARTESIAN_POINT('',(0.,0.));
#305 = VECTOR('',#306,1.);
#306 = DIRECTION('',(0.,1.));
#307 = ( GEOMETRIC_REPRESENTATION_CONTEXT(2) 
PARAMETRIC_REPRESENTATION_CONTEXT() REPRESENTATION_CONTEXT('2D SPACE',''
  ) );
#308 = PCURVE('',#72,#309);
#309 = DEFINITIONAL_REPRESENTATION('',(#310),#314);
#310 = LINE('',#311,#312);
#311 = CARTESIAN_POINT('',(0.,0.));
#312 = VECTOR('',#313,1.);
#313 = DIRECTION('',(1.,0.));
#314 = ( GEOMETRIC_REPRESENTATION_CONTEXT(2) 
PARAMETRIC_REPRESENTATION_CONTEXT() REPRESENTATION_CONTEXT('2D SPACE',''
  ) );
#315 = ORIENTED_EDGE('',*,*,#21,.T.);
#316 = ORIENTED_EDGE('',*,*,#317,.T.);
#317 = EDGE_CURVE('',#24,#318,#320,.T.);
#318 = VERTEX_POINT('',#319);
#319 = CARTESIAN_POINT('',(124.,-25.,75.));
#320 = SURFACE_CURVE('',#321,(#325,#332),.PCURVE_S1.);
#321 = LINE('',#322,#323);
#322 = CARTESIAN_POINT('',(-150.,-25.,75.));
#323 = VECTOR('',#324,1.);
#324 = DIRECTION('',(1.,0.,0.));
#325 = PCURVE('',#44,#326);
#326 = DEFINITIONAL_REPRESENTATION('',(#327),#331);
#327 = LINE('',#328,#329);
#328 = CARTESIAN_POINT('',(150.,0.));
#329 = VECTOR('',#330,1.);
#330 = DIRECTION('',(0.,1.));
#331 = ( GEOMETRIC_REPRESENTATION_CONTEXT(2) 
PARAMETRIC_REPRESENTATION_CONTEXT() REPRESENTATION_CONTEXT('2D SPACE',''
  ) );
#332 = PCURVE('',#126,#333);
#333 = DEFINITIONAL_REPRESENTATION('',(#334),#338);
#334 = LINE('',#335,#336);
#335 = CARTESIAN_POINT('',(0.,0.));
#336 = VECTOR('',#337,1.);
#337 = DIRECTION('',(1.,0.));
#338 = ( GEOMETRIC_REPRESENTATION_CONTEXT(2) 
PARAMETRIC_REPRESENTATION_CONTEXT() REPRESENTATION_CONTEXT('2D SPACE',''
  ) );
#339 = ORIENTED_EDGE('',*,*,#340,.T.);
#340 = EDGE_CURVE('',#318,#268,#341,.T.);
#341 = SURFACE_CURVE('',#342,(#347,#358),.PCURVE_S1.);
#342 = CIRCLE('',#343,26.);
#343 = AXIS2_PLACEMENT_3D('',#344,#345,#346);
#344 = CARTESIAN_POINT('',(150.,-25.,75.));
#345 = DIRECTION('',(-0.,-1.,0.));
#346 = DIRECTION('',(-1.,0.,1.224646799147E-16));
#347 = PCURVE('',#44,#348);
#348 = DEFINITIONAL_REPRESENTATION('',(#349),#357);
#349 = ( BOUNDED_CURVE() B_SPLINE_CURVE(2,(#350,#351,#352,#353,#354,#355
,#356),.UNSPECIFIED.,.T.,.F.) B_SPLINE_CURVE_WITH_KNOTS((1,2,2,2,2,1),(
    -2.094395102393,0.,2.094395102393,4.188790204786,6.28318530718,
8.377580409573),.UNSPECIFIED.) CURVE() GEOMETRIC_REPRESENTATION_ITEM() 
RATIONAL_B_SPLINE_CURVE((1.,0.5,1.,0.5,1.,0.5,1.)) REPRESENTATION_ITEM(
  '') );
#350 = CARTESIAN_POINT('',(150.,274.));
#351 = CARTESIAN_POINT('',(104.9666790032,274.));
#352 = CARTESIAN_POINT('',(127.4833395016,313.));
#353 = CARTESIAN_POINT('',(150.,352.));
#354 = CARTESIAN_POINT('',(172.51666049839,313.));
#355 = CARTESIAN_POINT('',(195.03332099679,274.));
#356 = CARTESIAN_POINT('',(150.,274.));
#357 = ( GEOMETRIC_REPRESENTATION_CONTEXT(2) 
PARAMETRIC_REPRESENTATION_CONTEXT() REPRESENTATION_CONTEXT('2D SPACE',''
  ) );
#358 = PCURVE('',#359,#364);
#359 = CYLINDRICAL_SURFACE('',#360,26.);
#360 = AXIS2_PLACEMENT_3D('',#361,#362,#363);
#361 = CARTESIAN_POINT('',(150.,-25.,75.));
#362 = DIRECTION('',(-0.,-1.,0.));
#363 = DIRECTION('',(-1.,0.,1.224646799147E-16));
#364 = DEFINITIONAL_REPRESENTATION('',(#365),#369);
#365 = LINE('',#366,#367);
#366 = CARTESIAN_POINT('',(0.,0.));
#367 = VECTOR('',#368,1.);
#368 = DIRECTION('',(1.,0.));
#369 = ( GEOMETRIC_REPRESENTATION_CONTEXT(2) 
PARAMETRIC_REPRESENTATION_CONTEXT() REPRESENTATION_CONTEXT('2D SPACE',''
  ) );
#370 = FACE_BOUND('',#371,.F.);
#371 = EDGE_LOOP('',(#372));
#372 = ORIENTED_EDGE('',*,*,#373,.F.);
#373 = EDGE_CURVE('',#374,#374,#376,.T.);
#374 = VERTEX_POINT('',#375);
#375 = CARTESIAN_POINT('',(-50.5,-25.,-6.55));
#376 = SURFACE_CURVE('',#377,(#382,#389),.PCURVE_S1.);
#377 = CIRCLE('',#378,8.);
#378 = AXIS2_PLACEMENT_3D('',#379,#380,#381);
#379 = CARTESIAN_POINT('',(-50.5,-25.,-14.55));
#380 = DIRECTION('',(0.,1.,0.));
#381 = DIRECTION('',(0.,0.,1.));
#382 = PCURVE('',#44,#383);
#383 = DEFINITIONAL_REPRESENTATION('',(#384),#388);
#384 = CIRCLE('',#385,8.);
#385 = AXIS2_PLACEMENT_2D('',#386,#387);
#386 = CARTESIAN_POINT('',(60.45,99.5));
#387 = DIRECTION('',(1.,0.));
#388 = ( GEOMETRIC_REPRESENTATION_CONTEXT(2) 
PARAMETRIC_REPRESENTATION_CONTEXT() REPRESENTATION_CONTEXT('2D SPACE',''
  ) );
#389 = PCURVE('',#390,#395);
#390 = CYLINDRICAL_SURFACE('',#391,8.);
#391 = AXIS2_PLACEMENT_3D('',#392,#393,#394);
#392 = CARTESIAN_POINT('',(-50.5,-25.,-14.55));
#393 = DIRECTION('',(-0.,-1.,-0.));
#394 = DIRECTION('',(0.,0.,1.));
#395 = DEFINITIONAL_REPRESENTATION('',(#396),#400);
#396 = LINE('',#397,#398);
#397 = CARTESIAN_POINT('',(-0.,0.));
#398 = VECTOR('',#399,1.);
#399 = DIRECTION('',(-1.,0.));
#400 = ( GEOMETRIC_REPRESENTATION_CONTEXT(2) 
PARAMETRIC_REPRESENTATION_CONTEXT() REPRESENTATION_CONTEXT('2D SPACE',''
  ) );
#401 = FACE_BOUND('',#402,.F.);
#402 = EDGE_LOOP('',(#403));
#403 = ORIENTED_EDGE('',*,*,#404,.F.);
#404 = EDGE_CURVE('',#405,#405,#407,.T.);
#405 = VERTEX_POINT('',#406);
#406 = CARTESIAN_POINT('',(-16.1,-25.,-6.55));
#407 = SURFACE_CURVE('',#408,(#413,#420),.PCURVE_S1.);
#408 = CIRCLE('',#409,8.);
#409 = AXIS2_PLACEMENT_3D('',#410,#411,#412);
#410 = CARTESIAN_POINT('',(-16.1,-25.,-14.55));
#411 = DIRECTION('',(0.,1.,0.));
#412 = DIRECTION('',(0.,0.,1.));
#413 = PCURVE('',#44,#414);
#414 = DEFINITIONAL_REPRESENTATION('',(#415),#419);
#415 = CIRCLE('',#416,8.);
#416 = AXIS2_PLACEMENT_2D('',#417,#418);
#417 = CARTESIAN_POINT('',(60.45,133.9));
#418 = DIRECTION('',(1.,0.));
#419 = ( GEOMETRIC_REPRESENTATION_CONTEXT(2) 
PARAMETRIC_REPRESENTATION_CONTEXT() REPRESENTATION_CONTEXT('2D SPACE',''
  ) );
#420 = PCURVE('',#421,#426);
#421 = CYLINDRICAL_SURFACE('',#422,8.);
#422 = AXIS2_PLACEMENT_3D('',#423,#424,#425);
#423 = CARTESIAN_POINT('',(-16.1,-25.,-14.55));
#424 = DIRECTION('',(-0.,-1.,-0.));
#425 = DIRECTION('',(0.,0.,1.));
#426 = DEFINITIONAL_REPRESENTATION('',(#427),#431);
#427 = LINE('',#428,#429);
#428 = CARTESIAN_POINT('',(-0.,0.));
#429 = VECTOR('',#430,1.);
#430 = DIRECTION('',(-1.,0.));
#431 = ( GEOMETRIC_REPRESENTATION_CONTEXT(2) 
PARAMETRIC_REPRESENTATION_CONTEXT() REPRESENTATION_CONTEXT('2D SPACE',''
  ) );
#432 = FACE_BOUND('',#433,.F.);
#433 = EDGE_LOOP('',(#434));
#434 = ORIENTED_EDGE('',*,*,#435,.F.);
#435 = EDGE_CURVE('',#436,#436,#438,.T.);
#436 = VERTEX_POINT('',#437);
#437 = CARTESIAN_POINT('',(106.4,-25.,15.05));
#438 = SURFACE_CURVE('',#439,(#444,#451),.PCURVE_S1.);
#439 = CIRCLE('',#440,5.);
#440 = AXIS2_PLACEMENT_3D('',#441,#442,#443);
#441 = CARTESIAN_POINT('',(106.4,-25.,10.05));
#442 = DIRECTION('',(0.,1.,0.));
#443 = DIRECTION('',(0.,-0.,1.));
#444 = PCURVE('',#44,#445);
#445 = DEFINITIONAL_REPRESENTATION('',(#446),#450);
#446 = CIRCLE('',#447,5.);
#447 = AXIS2_PLACEMENT_2D('',#448,#449);
#448 = CARTESIAN_POINT('',(85.05,256.4));
#449 = DIRECTION('',(1.,0.));
#450 = ( GEOMETRIC_REPRESENTATION_CONTEXT(2) 
PARAMETRIC_REPRESENTATION_CONTEXT() REPRESENTATION_CONTEXT('2D SPACE',''
  ) );
#451 = PCURVE('',#452,#457);
#452 = CYLINDRICAL_SURFACE('',#453,5.);
#453 = AXIS2_PLACEMENT_3D('',#454,#455,#456);
#454 = CARTESIAN_POINT('',(106.4,23.39218452154,10.05));
#455 = DIRECTION('',(0.,1.,0.));
#456 = DIRECTION('',(0.,0.,1.));
#457 = DEFINITIONAL_REPRESENTATION('',(#458),#462);
#458 = LINE('',#459,#460);
#459 = CARTESIAN_POINT('',(0.,-48.39218452154));
#460 = VECTOR('',#461,1.);
#461 = DIRECTION('',(1.,0.));
#462 = ( GEOMETRIC_REPRESENTATION_CONTEXT(2) 
PARAMETRIC_REPRESENTATION_CONTEXT() REPRESENTATION_CONTEXT('2D SPACE',''
  ) );
#463 = ADVANCED_FACE('',(#464),#126,.T.);
#464 = FACE_BOUND('',#465,.T.);
#465 = EDGE_LOOP('',(#466,#489,#490,#491,#514,#542,#565,#588,#616,#644)
  );
#466 = ORIENTED_EDGE('',*,*,#467,.F.);
#467 = EDGE_CURVE('',#85,#468,#470,.T.);
#468 = VERTEX_POINT('',#469);
#469 = CARTESIAN_POINT('',(-110.6,25.,75.));
#470 = SURFACE_CURVE('',#471,(#475,#482),.PCURVE_S1.);
#471 = LINE('',#472,#473);
#472 = CARTESIAN_POINT('',(-150.,25.,75.));
#473 = VECTOR('',#474,1.);
#474 = DIRECTION('',(1.,0.,0.));
#475 = PCURVE('',#126,#476);
#476 = DEFINITIONAL_REPRESENTATION('',(#477),#481);
#477 = LINE('',#478,#479);
#478 = CARTESIAN_POINT('',(0.,50.));
#479 = VECTOR('',#480,1.);
#480 = DIRECTION('',(1.,0.));
#481 = ( GEOMETRIC_REPRESENTATION_CONTEXT(2) 
PARAMETRIC_REPRESENTATION_CONTEXT() REPRESENTATION_CONTEXT('2D SPACE',''
  ) );
#482 = PCURVE('',#100,#483);
#483 = DEFINITIONAL_REPRESENTATION('',(#484),#488);
#484 = LINE('',#485,#486);
#485 = CARTESIAN_POINT('',(150.,0.));
#486 = VECTOR('',#487,1.);
#487 = DIRECTION('',(0.,1.));
#488 = ( GEOMETRIC_REPRESENTATION_CONTEXT(2) 
PARAMETRIC_REPRESENTATION_CONTEXT() REPRESENTATION_CONTEXT('2D SPACE',''
  ) );
#489 = ORIENTED_EDGE('',*,*,#112,.F.);
#490 = ORIENTED_EDGE('',*,*,#317,.T.);
#491 = ORIENTED_EDGE('',*,*,#492,.T.);
#492 = EDGE_CURVE('',#318,#493,#495,.T.);
#493 = VERTEX_POINT('',#494);
#494 = CARTESIAN_POINT('',(124.,12.,75.));
#495 = SURFACE_CURVE('',#496,(#500,#507),.PCURVE_S1.);
#496 = LINE('',#497,#498);
#497 = CARTESIAN_POINT('',(124.,-25.,75.));
#498 = VECTOR('',#499,1.);
#499 = DIRECTION('',(0.,1.,0.));
#500 = PCURVE('',#126,#501);
#501 = DEFINITIONAL_REPRESENTATION('',(#502),#506);
#502 = LINE('',#503,#504);
#503 = CARTESIAN_POINT('',(274.,0.));
#504 = VECTOR('',#505,1.);
#505 = DIRECTION('',(0.,1.));
#506 = ( GEOMETRIC_REPRESENTATION_CONTEXT(2) 
PARAMETRIC_REPRESENTATION_CONTEXT() REPRESENTATION_CONTEXT('2D SPACE',''
  ) );
#507 = PCURVE('',#359,#508);
#508 = DEFINITIONAL_REPRESENTATION('',(#509),#513);
#509 = LINE('',#510,#511);
#510 = CARTESIAN_POINT('',(0.,0.));
#511 = VECTOR('',#512,1.);
#512 = DIRECTION('',(0.,-1.));
#513 = ( GEOMETRIC_REPRESENTATION_CONTEXT(2) 
PARAMETRIC_REPRESENTATION_CONTEXT() REPRESENTATION_CONTEXT('2D SPACE',''
  ) );
#514 = ORIENTED_EDGE('',*,*,#515,.F.);
#515 = EDGE_CURVE('',#516,#493,#518,.T.);
#516 = VERTEX_POINT('',#517);
#517 = CARTESIAN_POINT('',(150.,12.,75.));
#518 = SURFACE_CURVE('',#519,(#523,#530),.PCURVE_S1.);
#519 = LINE('',#520,#521);
#520 = CARTESIAN_POINT('',(150.,12.,75.));
#521 = VECTOR('',#522,1.);
#522 = DIRECTION('',(-1.,0.,0.));
#523 = PCURVE('',#126,#524);
#524 = DEFINITIONAL_REPRESENTATION('',(#525),#529);
#525 = LINE('',#526,#527);
#526 = CARTESIAN_POINT('',(300.,37.));
#527 = VECTOR('',#528,1.);
#528 = DIRECTION('',(-1.,0.));
#529 = ( GEOMETRIC_REPRESENTATION_CONTEXT(2) 
PARAMETRIC_REPRESENTATION_CONTEXT() REPRESENTATION_CONTEXT('2D SPACE',''
  ) );
#530 = PCURVE('',#531,#536);
#531 = PLANE('',#532);
#532 = AXIS2_PLACEMENT_3D('',#533,#534,#535);
#533 = CARTESIAN_POINT('',(139.2724483113,12.,64.272448311308));
#534 = DIRECTION('',(-0.,-1.,-0.));
#535 = DIRECTION('',(0.,0.,-1.));
#536 = DEFINITIONAL_REPRESENTATION('',(#537),#541);
#537 = LINE('',#538,#539);
#538 = CARTESIAN_POINT('',(-10.72755168869,10.727551688692));
#539 = VECTOR('',#540,1.);
#540 = DIRECTION('',(0.,-1.));
#541 = ( GEOMETRIC_REPRESENTATION_CONTEXT(2) 
PARAMETRIC_REPRESENTATION_CONTEXT() REPRESENTATION_CONTEXT('2D SPACE',''
  ) );
#542 = ORIENTED_EDGE('',*,*,#543,.T.);
#543 = EDGE_CURVE('',#516,#544,#546,.T.);
#544 = VERTEX_POINT('',#545);
#545 = CARTESIAN_POINT('',(150.,25.,75.));
#546 = SURFACE_CURVE('',#547,(#551,#558),.PCURVE_S1.);
#547 = LINE('',#548,#549);
#548 = CARTESIAN_POINT('',(150.,-25.,75.));
#549 = VECTOR('',#550,1.);
#550 = DIRECTION('',(0.,1.,0.));
#551 = PCURVE('',#126,#552);
#552 = DEFINITIONAL_REPRESENTATION('',(#553),#557);
#553 = LINE('',#554,#555);
#554 = CARTESIAN_POINT('',(300.,0.));
#555 = VECTOR('',#556,1.);
#556 = DIRECTION('',(0.,1.));
#557 = ( GEOMETRIC_REPRESENTATION_CONTEXT(2) 
PARAMETRIC_REPRESENTATION_CONTEXT() REPRESENTATION_CONTEXT('2D SPACE',''
  ) );
#558 = PCURVE('',#283,#559);
#559 = DEFINITIONAL_REPRESENTATION('',(#560),#564);
#560 = LINE('',#561,#562);
#561 = CARTESIAN_POINT('',(150.,0.));
#562 = VECTOR('',#563,1.);
#563 = DIRECTION('',(0.,-1.));
#564 = ( GEOMETRIC_REPRESENTATION_CONTEXT(2) 
PARAMETRIC_REPRESENTATION_CONTEXT() REPRESENTATION_CONTEXT('2D SPACE',''
  ) );
#565 = ORIENTED_EDGE('',*,*,#566,.F.);
#566 = EDGE_CURVE('',#567,#544,#569,.T.);
#567 = VERTEX_POINT('',#568);
#568 = CARTESIAN_POINT('',(5.4,25.,75.));
#569 = SURFACE_CURVE('',#570,(#574,#581),.PCURVE_S1.);
#570 = LINE('',#571,#572);
#571 = CARTESIAN_POINT('',(-150.,25.,75.));
#572 = VECTOR('',#573,1.);
#573 = DIRECTION('',(1.,0.,0.));
#574 = PCURVE('',#126,#575);
#575 = DEFINITIONAL_REPRESENTATION('',(#576),#580);
#576 = LINE('',#577,#578);
#577 = CARTESIAN_POINT('',(0.,50.));
#578 = VECTOR('',#579,1.);
#579 = DIRECTION('',(1.,0.));
#580 = ( GEOMETRIC_REPRESENTATION_CONTEXT(2) 
PARAMETRIC_REPRESENTATION_CONTEXT() REPRESENTATION_CONTEXT('2D SPACE',''
  ) );
#581 = PCURVE('',#100,#582);
#582 = DEFINITIONAL_REPRESENTATION('',(#583),#587);
#583 = LINE('',#584,#585);
#584 = CARTESIAN_POINT('',(150.,0.));
#585 = VECTOR('',#586,1.);
#586 = DIRECTION('',(0.,1.));
#587 = ( GEOMETRIC_REPRESENTATION_CONTEXT(2) 
PARAMETRIC_REPRESENTATION_CONTEXT() REPRESENTATION_CONTEXT('2D SPACE',''
  ) );
#588 = ORIENTED_EDGE('',*,*,#589,.T.);
#589 = EDGE_CURVE('',#567,#590,#592,.T.);
#590 = VERTEX_POINT('',#591);
#591 = CARTESIAN_POINT('',(5.4,-12.,75.));
#592 = SURFACE_CURVE('',#593,(#597,#604),.PCURVE_S1.);
#593 = LINE('',#594,#595);
#594 = CARTESIAN_POINT('',(5.4,25.,75.));
#595 = VECTOR('',#596,1.);
#596 = DIRECTION('',(-0.,-1.,-0.));
#597 = PCURVE('',#126,#598);
#598 = DEFINITIONAL_REPRESENTATION('',(#599),#603);
#599 = LINE('',#600,#601);
#600 = CARTESIAN_POINT('',(155.4,50.));
#601 = VECTOR('',#602,1.);
#602 = DIRECTION('',(0.,-1.));
#603 = ( GEOMETRIC_REPRESENTATION_CONTEXT(2) 
PARAMETRIC_REPRESENTATION_CONTEXT() REPRESENTATION_CONTEXT('2D SPACE',''
  ) );
#604 = PCURVE('',#605,#610);
#605 = PLANE('',#606);
#606 = AXIS2_PLACEMENT_3D('',#607,#608,#609);
#607 = CARTESIAN_POINT('',(5.4,25.,12.));
#608 = DIRECTION('',(-1.,0.,-0.));
#609 = DIRECTION('',(0.,0.,1.));
#610 = DEFINITIONAL_REPRESENTATION('',(#611),#615);
#611 = LINE('',#612,#613);
#612 = CARTESIAN_POINT('',(63.,0.));
#613 = VECTOR('',#614,1.);
#614 = DIRECTION('',(0.,-1.));
#615 = ( GEOMETRIC_REPRESENTATION_CONTEXT(2) 
PARAMETRIC_REPRESENTATION_CONTEXT() REPRESENTATION_CONTEXT('2D SPACE',''
  ) );
#616 = ORIENTED_EDGE('',*,*,#617,.T.);
#617 = EDGE_CURVE('',#590,#618,#620,.T.);
#618 = VERTEX_POINT('',#619);
#619 = CARTESIAN_POINT('',(-110.6,-12.,75.));
#620 = SURFACE_CURVE('',#621,(#625,#632),.PCURVE_S1.);
#621 = LINE('',#622,#623);
#622 = CARTESIAN_POINT('',(5.4,-12.,75.));
#623 = VECTOR('',#624,1.);
#624 = DIRECTION('',(-1.,0.,0.));
#625 = PCURVE('',#126,#626);
#626 = DEFINITIONAL_REPRESENTATION('',(#627),#631);
#627 = LINE('',#628,#629);
#628 = CARTESIAN_POINT('',(155.4,13.));
#629 = VECTOR('',#630,1.);
#630 = DIRECTION('',(-1.,0.));
#631 = ( GEOMETRIC_REPRESENTATION_CONTEXT(2) 
PARAMETRIC_REPRESENTATION_CONTEXT() REPRESENTATION_CONTEXT('2D SPACE',''
  ) );
#632 = PCURVE('',#633,#638);
#633 = PLANE('',#634);
#634 = AXIS2_PLACEMENT_3D('',#635,#636,#637);
#635 = CARTESIAN_POINT('',(-52.6,-12.,43.5));
#636 = DIRECTION('',(-0.,-1.,-0.));
#637 = DIRECTION('',(0.,0.,-1.));
#638 = DEFINITIONAL_REPRESENTATION('',(#639),#643);
#639 = LINE('',#640,#641);
#640 = CARTESIAN_POINT('',(-31.5,58.));
#641 = VECTOR('',#642,1.);
#642 = DIRECTION('',(0.,-1.));
#643 = ( GEOMETRIC_REPRESENTATION_CONTEXT(2) 
PARAMETRIC_REPRESENTATION_CONTEXT() REPRESENTATION_CONTEXT('2D SPACE',''
  ) );
#644 = ORIENTED_EDGE('',*,*,#645,.F.);
#645 = EDGE_CURVE('',#468,#618,#646,.T.);
#646 = SURFACE_CURVE('',#647,(#651,#658),.PCURVE_S1.);
#647 = LINE('',#648,#649);
#648 = CARTESIAN_POINT('',(-110.6,25.,75.));
#649 = VECTOR('',#650,1.);
#650 = DIRECTION('',(-0.,-1.,-0.));
#651 = PCURVE('',#126,#652);
#652 = DEFINITIONAL_REPRESENTATION('',(#653),#657);
#653 = LINE('',#654,#655);
#654 = CARTESIAN_POINT('',(39.4,50.));
#655 = VECTOR('',#656,1.);
#656 = DIRECTION('',(0.,-1.));
#657 = ( GEOMETRIC_REPRESENTATION_CONTEXT(2) 
PARAMETRIC_REPRESENTATION_CONTEXT() REPRESENTATION_CONTEXT('2D SPACE',''
  ) );
#658 = PCURVE('',#659,#664);
#659 = PLANE('',#660);
#660 = AXIS2_PLACEMENT_3D('',#661,#662,#663);
#661 = CARTESIAN_POINT('',(-110.6,25.,75.));
#662 = DIRECTION('',(1.,-0.,0.));
#663 = DIRECTION('',(0.,0.,-1.));
#664 = DEFINITIONAL_REPRESENTATION('',(#665),#669);
#665 = LINE('',#666,#667);
#666 = CARTESIAN_POINT('',(0.,0.));
#667 = VECTOR('',#668,1.);
#668 = DIRECTION('',(0.,-1.));
#669 = ( GEOMETRIC_REPRESENTATION_CONTEXT(2) 
PARAMETRIC_REPRESENTATION_CONTEXT() REPRESENTATION_CONTEXT('2D SPACE',''
  ) );
#670 = ADVANCED_FACE('',(#671),#72,.F.);
#671 = FACE_BOUND('',#672,.F.);
#672 = EDGE_LOOP('',(#673,#696,#697,#698,#721,#749));
#673 = ORIENTED_EDGE('',*,*,#674,.F.);
#674 = EDGE_CURVE('',#57,#675,#677,.T.);
#675 = VERTEX_POINT('',#676);
#676 = CARTESIAN_POINT('',(126.,25.,-75.));
#677 = SURFACE_CURVE('',#678,(#682,#689),.PCURVE_S1.);
#678 = LINE('',#679,#680);
#679 = CARTESIAN_POINT('',(-150.,25.,-75.));
#680 = VECTOR('',#681,1.);
#681 = DIRECTION('',(1.,0.,0.));
#682 = PCURVE('',#72,#683);
#683 = DEFINITIONAL_REPRESENTATION('',(#684),#688);
#684 = LINE('',#685,#686);
#685 = CARTESIAN_POINT('',(0.,50.));
#686 = VECTOR('',#687,1.);
#687 = DIRECTION('',(1.,0.));
#688 = ( GEOMETRIC_REPRESENTATION_CONTEXT(2) 
PARAMETRIC_REPRESENTATION_CONTEXT() REPRESENTATION_CONTEXT('2D SPACE',''
  ) );
#689 = PCURVE('',#100,#690);
#690 = DEFINITIONAL_REPRESENTATION('',(#691),#695);
#691 = LINE('',#692,#693);
#692 = CARTESIAN_POINT('',(0.,0.));
#693 = VECTOR('',#694,1.);
#694 = DIRECTION('',(0.,1.));
#695 = ( GEOMETRIC_REPRESENTATION_CONTEXT(2) 
PARAMETRIC_REPRESENTATION_CONTEXT() REPRESENTATION_CONTEXT('2D SPACE',''
  ) );
#696 = ORIENTED_EDGE('',*,*,#56,.F.);
#697 = ORIENTED_EDGE('',*,*,#295,.T.);
#698 = ORIENTED_EDGE('',*,*,#699,.T.);
#699 = EDGE_CURVE('',#266,#700,#702,.T.);
#700 = VERTEX_POINT('',#701);
#701 = CARTESIAN_POINT('',(150.,9.,-75.));
#702 = SURFACE_CURVE('',#703,(#707,#714),.PCURVE_S1.);
#703 = LINE('',#704,#705);
#704 = CARTESIAN_POINT('',(150.,-25.,-75.));
#705 = VECTOR('',#706,1.);
#706 = DIRECTION('',(0.,1.,0.));
#707 = PCURVE('',#72,#708);
#708 = DEFINITIONAL_REPRESENTATION('',(#709),#713);
#709 = LINE('',#710,#711);
#710 = CARTESIAN_POINT('',(300.,0.));
#711 = VECTOR('',#712,1.);
#712 = DIRECTION('',(0.,1.));
#713 = ( GEOMETRIC_REPRESENTATION_CONTEXT(2) 
PARAMETRIC_REPRESENTATION_CONTEXT() REPRESENTATION_CONTEXT('2D SPACE',''
  ) );
#714 = PCURVE('',#283,#715);
#715 = DEFINITIONAL_REPRESENTATION('',(#716),#720);
#716 = LINE('',#717,#718);
#717 = CARTESIAN_POINT('',(0.,0.));
#718 = VECTOR('',#719,1.);
#719 = DIRECTION('',(0.,-1.));
#720 = ( GEOMETRIC_REPRESENTATION_CONTEXT(2) 
PARAMETRIC_REPRESENTATION_CONTEXT() REPRESENTATION_CONTEXT('2D SPACE',''
  ) );
#721 = ORIENTED_EDGE('',*,*,#722,.T.);
#722 = EDGE_CURVE('',#700,#723,#725,.T.);
#723 = VERTEX_POINT('',#724);
#724 = CARTESIAN_POINT('',(126.,9.,-75.));
#725 = SURFACE_CURVE('',#726,(#730,#737),.PCURVE_S1.);
#726 = LINE('',#727,#728);
#727 = CARTESIAN_POINT('',(150.,9.,-75.));
#728 = VECTOR('',#729,1.);
#729 = DIRECTION('',(-1.,-0.,0.));
#730 = PCURVE('',#72,#731);
#731 = DEFINITIONAL_REPRESENTATION('',(#732),#736);
#732 = LINE('',#733,#734);
#733 = CARTESIAN_POINT('',(300.,34.));
#734 = VECTOR('',#735,1.);
#735 = DIRECTION('',(-1.,0.));
#736 = ( GEOMETRIC_REPRESENTATION_CONTEXT(2) 
PARAMETRIC_REPRESENTATION_CONTEXT() REPRESENTATION_CONTEXT('2D SPACE',''
  ) );
#737 = PCURVE('',#738,#743);
#738 = PLANE('',#739);
#739 = AXIS2_PLACEMENT_3D('',#740,#741,#742);
#740 = CARTESIAN_POINT('',(150.,25.,-6.));
#741 = DIRECTION('',(0.,-0.974152703704,0.225890482018));
#742 = DIRECTION('',(0.,-0.225890482018,-0.974152703704));
#743 = DEFINITIONAL_REPRESENTATION('',(#744),#748);
#744 = LINE('',#745,#746);
#745 = CARTESIAN_POINT('',(70.830784267859,0.));
#746 = VECTOR('',#747,1.);
#747 = DIRECTION('',(-0.,-1.));
#748 = ( GEOMETRIC_REPRESENTATION_CONTEXT(2) 
PARAMETRIC_REPRESENTATION_CONTEXT() REPRESENTATION_CONTEXT('2D SPACE',''
  ) );
#749 = ORIENTED_EDGE('',*,*,#750,.T.);
#750 = EDGE_CURVE('',#723,#675,#751,.T.);
#751 = SURFACE_CURVE('',#752,(#756,#763),.PCURVE_S1.);
#752 = LINE('',#753,#754);
#753 = CARTESIAN_POINT('',(126.,9.,-75.));
#754 = VECTOR('',#755,1.);
#755 = DIRECTION('',(0.,1.,0.));
#756 = PCURVE('',#72,#757);
#757 = DEFINITIONAL_REPRESENTATION('',(#758),#762);
#758 = LINE('',#759,#760);
#759 = CARTESIAN_POINT('',(276.,34.));
#760 = VECTOR('',#761,1.);
#761 = DIRECTION('',(0.,1.));
#762 = ( GEOMETRIC_REPRESENTATION_CONTEXT(2) 
PARAMETRIC_REPRESENTATION_CONTEXT() REPRESENTATION_CONTEXT('2D SPACE',''
  ) );
#763 = PCURVE('',#764,#769);
#764 = PLANE('',#765);
#765 = AXIS2_PLACEMENT_3D('',#766,#767,#768);
#766 = CARTESIAN_POINT('',(126.,20.542303933035,-44.04230393303));
#767 = DIRECTION('',(1.,-3.75264200914E-30,5.468954108924E-31));
#768 = DIRECTION('',(3.75264200914E-30,1.,0.));
#769 = DEFINITIONAL_REPRESENTATION('',(#770),#774);
#770 = LINE('',#771,#772);
#771 = CARTESIAN_POINT('',(-11.54230393303,-30.95769606696));
#772 = VECTOR('',#773,1.);
#773 = DIRECTION('',(1.,2.05230269352E-60));
#774 = ( GEOMETRIC_REPRESENTATION_CONTEXT(2) 
PARAMETRIC_REPRESENTATION_CONTEXT() REPRESENTATION_CONTEXT('2D SPACE',''
  ) );
#775 = ADVANCED_FACE('',(#776,#921,#956,#991),#100,.T.);
#776 = FACE_BOUND('',#777,.T.);
#777 = EDGE_LOOP('',(#778,#801,#824,#845,#846,#847,#848,#871,#899,#920)
  );
#778 = ORIENTED_EDGE('',*,*,#779,.F.);
#779 = EDGE_CURVE('',#780,#544,#782,.T.);
#780 = VERTEX_POINT('',#781);
#781 = CARTESIAN_POINT('',(150.,25.,-6.));
#782 = SURFACE_CURVE('',#783,(#787,#794),.PCURVE_S1.);
#783 = LINE('',#784,#785);
#784 = CARTESIAN_POINT('',(150.,25.,-75.));
#785 = VECTOR('',#786,1.);
#786 = DIRECTION('',(0.,0.,1.));
#787 = PCURVE('',#100,#788);
#788 = DEFINITIONAL_REPRESENTATION('',(#789),#793);
#789 = LINE('',#790,#791);
#790 = CARTESIAN_POINT('',(0.,300.));
#791 = VECTOR('',#792,1.);
#792 = DIRECTION('',(1.,0.));
#793 = ( GEOMETRIC_REPRESENTATION_CONTEXT(2) 
PARAMETRIC_REPRESENTATION_CONTEXT() REPRESENTATION_CONTEXT('2D SPACE',''
  ) );
#794 = PCURVE('',#283,#795);
#795 = DEFINITIONAL_REPRESENTATION('',(#796),#800);
#796 = LINE('',#797,#798);
#797 = CARTESIAN_POINT('',(0.,-50.));
#798 = VECTOR('',#799,1.);
#799 = DIRECTION('',(1.,0.));
#800 = ( GEOMETRIC_REPRESENTATION_CONTEXT(2) 
PARAMETRIC_REPRESENTATION_CONTEXT() REPRESENTATION_CONTEXT('2D SPACE',''
  ) );
#801 = ORIENTED_EDGE('',*,*,#802,.T.);
#802 = EDGE_CURVE('',#780,#803,#805,.T.);
#803 = VERTEX_POINT('',#804);
#804 = CARTESIAN_POINT('',(126.,25.,-6.));
#805 = SURFACE_CURVE('',#806,(#810,#817),.PCURVE_S1.);
#806 = LINE('',#807,#808);
#807 = CARTESIAN_POINT('',(150.,25.,-6.));
#808 = VECTOR('',#809,1.);
#809 = DIRECTION('',(-1.,-0.,0.));
#810 = PCURVE('',#100,#811);
#811 = DEFINITIONAL_REPRESENTATION('',(#812),#816);
#812 = LINE('',#813,#814);
#813 = CARTESIAN_POINT('',(69.,300.));
#814 = VECTOR('',#815,1.);
#815 = DIRECTION('',(0.,-1.));
#816 = ( GEOMETRIC_REPRESENTATION_CONTEXT(2) 
PARAMETRIC_REPRESENTATION_CONTEXT() REPRESENTATION_CONTEXT('2D SPACE',''
  ) );
#817 = PCURVE('',#738,#818);
#818 = DEFINITIONAL_REPRESENTATION('',(#819),#823);
#819 = LINE('',#820,#821);
#820 = CARTESIAN_POINT('',(0.,0.));
#821 = VECTOR('',#822,1.);
#822 = DIRECTION('',(-0.,-1.));
#823 = ( GEOMETRIC_REPRESENTATION_CONTEXT(2) 
PARAMETRIC_REPRESENTATION_CONTEXT() REPRESENTATION_CONTEXT('2D SPACE',''
  ) );
#824 = ORIENTED_EDGE('',*,*,#825,.F.);
#825 = EDGE_CURVE('',#675,#803,#826,.T.);
#826 = SURFACE_CURVE('',#827,(#831,#838),.PCURVE_S1.);
#827 = LINE('',#828,#829);
#828 = CARTESIAN_POINT('',(126.,25.,-75.));
#829 = VECTOR('',#830,1.);
#830 = DIRECTION('',(0.,0.,1.));
#831 = PCURVE('',#100,#832);
#832 = DEFINITIONAL_REPRESENTATION('',(#833),#837);
#833 = LINE('',#834,#835);
#834 = CARTESIAN_POINT('',(0.,276.));
#835 = VECTOR('',#836,1.);
#836 = DIRECTION('',(1.,0.));
#837 = ( GEOMETRIC_REPRESENTATION_CONTEXT(2) 
PARAMETRIC_REPRESENTATION_CONTEXT() REPRESENTATION_CONTEXT('2D SPACE',''
  ) );
#838 = PCURVE('',#764,#839);
#839 = DEFINITIONAL_REPRESENTATION('',(#840),#844);
#840 = LINE('',#841,#842);
#841 = CARTESIAN_POINT('',(4.457696066965,-30.95769606696));
#842 = VECTOR('',#843,1.);
#843 = DIRECTION('',(0.,1.));
#844 = ( GEOMETRIC_REPRESENTATION_CONTEXT(2) 
PARAMETRIC_REPRESENTATION_CONTEXT() REPRESENTATION_CONTEXT('2D SPACE',''
  ) );
#845 = ORIENTED_EDGE('',*,*,#674,.F.);
#846 = ORIENTED_EDGE('',*,*,#84,.T.);
#847 = ORIENTED_EDGE('',*,*,#467,.T.);
#848 = ORIENTED_EDGE('',*,*,#849,.T.);
#849 = EDGE_CURVE('',#468,#850,#852,.T.);
#850 = VERTEX_POINT('',#851);
#851 = CARTESIAN_POINT('',(-110.6,25.,12.));
#852 = SURFACE_CURVE('',#853,(#857,#864),.PCURVE_S1.);
#853 = LINE('',#854,#855);
#854 = CARTESIAN_POINT('',(-110.6,25.,75.));
#855 = VECTOR('',#856,1.);
#856 = DIRECTION('',(0.,0.,-1.));
#857 = PCURVE('',#100,#858);
#858 = DEFINITIONAL_REPRESENTATION('',(#859),#863);
#859 = LINE('',#860,#861);
#860 = CARTESIAN_POINT('',(150.,39.4));
#861 = VECTOR('',#862,1.);
#862 = DIRECTION('',(-1.,0.));
#863 = ( GEOMETRIC_REPRESENTATION_CONTEXT(2) 
PARAMETRIC_REPRESENTATION_CONTEXT() REPRESENTATION_CONTEXT('2D SPACE',''
  ) );
#864 = PCURVE('',#659,#865);
#865 = DEFINITIONAL_REPRESENTATION('',(#866),#870);
#866 = LINE('',#867,#868);
#867 = CARTESIAN_POINT('',(0.,0.));
#868 = VECTOR('',#869,1.);
#869 = DIRECTION('',(1.,0.));
#870 = ( GEOMETRIC_REPRESENTATION_CONTEXT(2) 
PARAMETRIC_REPRESENTATION_CONTEXT() REPRESENTATION_CONTEXT('2D SPACE',''
  ) );
#871 = ORIENTED_EDGE('',*,*,#872,.T.);
#872 = EDGE_CURVE('',#850,#873,#875,.T.);
#873 = VERTEX_POINT('',#874);
#874 = CARTESIAN_POINT('',(5.4,25.,12.));
#875 = SURFACE_CURVE('',#876,(#880,#887),.PCURVE_S1.);
#876 = LINE('',#877,#878);
#877 = CARTESIAN_POINT('',(-110.6,25.,12.));
#878 = VECTOR('',#879,1.);
#879 = DIRECTION('',(1.,0.,-0.));
#880 = PCURVE('',#100,#881);
#881 = DEFINITIONAL_REPRESENTATION('',(#882),#886);
#882 = LINE('',#883,#884);
#883 = CARTESIAN_POINT('',(87.,39.4));
#884 = VECTOR('',#885,1.);
#885 = DIRECTION('',(0.,1.));
#886 = ( GEOMETRIC_REPRESENTATION_CONTEXT(2) 
PARAMETRIC_REPRESENTATION_CONTEXT() REPRESENTATION_CONTEXT('2D SPACE',''
  ) );
#887 = PCURVE('',#888,#893);
#888 = PLANE('',#889);
#889 = AXIS2_PLACEMENT_3D('',#890,#891,#892);
#890 = CARTESIAN_POINT('',(-110.6,25.,12.));
#891 = DIRECTION('',(0.,-0.,1.));
#892 = DIRECTION('',(1.,0.,0.));
#893 = DEFINITIONAL_REPRESENTATION('',(#894),#898);
#894 = LINE('',#895,#896);
#895 = CARTESIAN_POINT('',(0.,0.));
#896 = VECTOR('',#897,1.);
#897 = DIRECTION('',(1.,0.));
#898 = ( GEOMETRIC_REPRESENTATION_CONTEXT(2) 
PARAMETRIC_REPRESENTATION_CONTEXT() REPRESENTATION_CONTEXT('2D SPACE',''
  ) );
#899 = ORIENTED_EDGE('',*,*,#900,.T.);
#900 = EDGE_CURVE('',#873,#567,#901,.T.);
#901 = SURFACE_CURVE('',#902,(#906,#913),.PCURVE_S1.);
#902 = LINE('',#903,#904);
#903 = CARTESIAN_POINT('',(5.4,25.,12.));
#904 = VECTOR('',#905,1.);
#905 = DIRECTION('',(-0.,0.,1.));
#906 = PCURVE('',#100,#907);
#907 = DEFINITIONAL_REPRESENTATION('',(#908),#912);
#908 = LINE('',#909,#910);
#909 = CARTESIAN_POINT('',(87.,155.4));
#910 = VECTOR('',#911,1.);
#911 = DIRECTION('',(1.,0.));
#912 = ( GEOMETRIC_REPRESENTATION_CONTEXT(2) 
PARAMETRIC_REPRESENTATION_CONTEXT() REPRESENTATION_CONTEXT('2D SPACE',''
  ) );
#913 = PCURVE('',#605,#914);
#914 = DEFINITIONAL_REPRESENTATION('',(#915),#919);
#915 = LINE('',#916,#917);
#916 = CARTESIAN_POINT('',(0.,0.));
#917 = VECTOR('',#918,1.);
#918 = DIRECTION('',(1.,0.));
#919 = ( GEOMETRIC_REPRESENTATION_CONTEXT(2) 
PARAMETRIC_REPRESENTATION_CONTEXT() REPRESENTATION_CONTEXT('2D SPACE',''
  ) );
#920 = ORIENTED_EDGE('',*,*,#566,.T.);
#921 = FACE_BOUND('',#922,.T.);
#922 = EDGE_LOOP('',(#923));
#923 = ORIENTED_EDGE('',*,*,#924,.T.);
#924 = EDGE_CURVE('',#925,#925,#927,.T.);
#925 = VERTEX_POINT('',#926);
#926 = CARTESIAN_POINT('',(-50.5,25.,-9.55));
#927 = SURFACE_CURVE('',#928,(#933,#944),.PCURVE_S1.);
#928 = CIRCLE('',#929,5.);
#929 = AXIS2_PLACEMENT_3D('',#930,#931,#932);
#930 = CARTESIAN_POINT('',(-50.5,25.,-14.55));
#931 = DIRECTION('',(0.,-1.,0.));
#932 = DIRECTION('',(0.,0.,1.));
#933 = PCURVE('',#100,#934);
#934 = DEFINITIONAL_REPRESENTATION('',(#935),#943);
#935 = ( BOUNDED_CURVE() B_SPLINE_CURVE(2,(#936,#937,#938,#939,#940,#941
,#942),.UNSPECIFIED.,.T.,.F.) B_SPLINE_CURVE_WITH_KNOTS((1,2,2,2,2,1),(
    -2.094395102393,0.,2.094395102393,4.188790204786,6.28318530718,
8.377580409573),.UNSPECIFIED.) CURVE() GEOMETRIC_REPRESENTATION_ITEM() 
RATIONAL_B_SPLINE_CURVE((1.,0.5,1.,0.5,1.,0.5,1.)) REPRESENTATION_ITEM(
  '') );
#936 = CARTESIAN_POINT('',(65.45,99.5));
#937 = CARTESIAN_POINT('',(65.45,90.839745962156));
#938 = CARTESIAN_POINT('',(57.95,95.169872981078));
#939 = CARTESIAN_POINT('',(50.45,99.5));
#940 = CARTESIAN_POINT('',(57.95,103.83012701892));
#941 = CARTESIAN_POINT('',(65.45,108.16025403784));
#942 = CARTESIAN_POINT('',(65.45,99.5));
#943 = ( GEOMETRIC_REPRESENTATION_CONTEXT(2) 
PARAMETRIC_REPRESENTATION_CONTEXT() REPRESENTATION_CONTEXT('2D SPACE',''
  ) );
#944 = PCURVE('',#945,#950);
#945 = CYLINDRICAL_SURFACE('',#946,5.);
#946 = AXIS2_PLACEMENT_3D('',#947,#948,#949);
#947 = CARTESIAN_POINT('',(-50.5,-23.39218452154,-14.55));
#948 = DIRECTION('',(-0.,-1.,-0.));
#949 = DIRECTION('',(0.,0.,1.));
#950 = DEFINITIONAL_REPRESENTATION('',(#951),#955);
#951 = LINE('',#952,#953);
#952 = CARTESIAN_POINT('',(-6.28318530718,-48.39218452154));
#953 = VECTOR('',#954,1.);
#954 = DIRECTION('',(1.,-0.));
#955 = ( GEOMETRIC_REPRESENTATION_CONTEXT(2) 
PARAMETRIC_REPRESENTATION_CONTEXT() REPRESENTATION_CONTEXT('2D SPACE',''
  ) );
#956 = FACE_BOUND('',#957,.T.);
#957 = EDGE_LOOP('',(#958));
#958 = ORIENTED_EDGE('',*,*,#959,.T.);
#959 = EDGE_CURVE('',#960,#960,#962,.T.);
#960 = VERTEX_POINT('',#961);
#961 = CARTESIAN_POINT('',(-16.1,25.,-9.55));
#962 = SURFACE_CURVE('',#963,(#968,#979),.PCURVE_S1.);
#963 = CIRCLE('',#964,5.);
#964 = AXIS2_PLACEMENT_3D('',#965,#966,#967);
#965 = CARTESIAN_POINT('',(-16.1,25.,-14.55));
#966 = DIRECTION('',(0.,-1.,0.));
#967 = DIRECTION('',(0.,0.,1.));
#968 = PCURVE('',#100,#969);
#969 = DEFINITIONAL_REPRESENTATION('',(#970),#978);
#970 = ( BOUNDED_CURVE() B_SPLINE_CURVE(2,(#971,#972,#973,#974,#975,#976
,#977),.UNSPECIFIED.,.T.,.F.) B_SPLINE_CURVE_WITH_KNOTS((1,2,2,2,2,1),(
    -2.094395102393,0.,2.094395102393,4.188790204786,6.28318530718,
8.377580409573),.UNSPECIFIED.) CURVE() GEOMETRIC_REPRESENTATION_ITEM() 
RATIONAL_B_SPLINE_CURVE((1.,0.5,1.,0.5,1.,0.5,1.)) REPRESENTATION_ITEM(
  '') );
#971 = CARTESIAN_POINT('',(65.45,133.9));
#972 = CARTESIAN_POINT('',(65.45,125.23974596215));
#973 = CARTESIAN_POINT('',(57.95,129.56987298107));
#974 = CARTESIAN_POINT('',(50.45,133.9));
#975 = CARTESIAN_POINT('',(57.95,138.23012701892));
#976 = CARTESIAN_POINT('',(65.45,142.56025403784));
#977 = CARTESIAN_POINT('',(65.45,133.9));
#978 = ( GEOMETRIC_REPRESENTATION_CONTEXT(2) 
PARAMETRIC_REPRESENTATION_CONTEXT() REPRESENTATION_CONTEXT('2D SPACE',''
  ) );
#979 = PCURVE('',#980,#985);
#980 = CYLINDRICAL_SURFACE('',#981,5.);
#981 = AXIS2_PLACEMENT_3D('',#982,#983,#984);
#982 = CARTESIAN_POINT('',(-16.1,-23.39218452154,-14.55));
#983 = DIRECTION('',(-0.,-1.,-0.));
#984 = DIRECTION('',(0.,0.,1.));
#985 = DEFINITIONAL_REPRESENTATION('',(#986),#990);
#986 = LINE('',#987,#988);
#987 = CARTESIAN_POINT('',(-6.28318530718,-48.39218452154));
#988 = VECTOR('',#989,1.);
#989 = DIRECTION('',(1.,-0.));
#990 = ( GEOMETRIC_REPRESENTATION_CONTEXT(2) 
PARAMETRIC_REPRESENTATION_CONTEXT() REPRESENTATION_CONTEXT('2D SPACE',''
  ) );
#991 = FACE_BOUND('',#992,.T.);
#992 = EDGE_LOOP('',(#993));
#993 = ORIENTED_EDGE('',*,*,#994,.F.);
#994 = EDGE_CURVE('',#995,#995,#997,.T.);
#995 = VERTEX_POINT('',#996);
#996 = CARTESIAN_POINT('',(106.4,25.,18.05));
#997 = SURFACE_CURVE('',#998,(#1003,#1010),.PCURVE_S1.);
#998 = CIRCLE('',#999,8.);
#999 = AXIS2_PLACEMENT_3D('',#1000,#1001,#1002);
#1000 = CARTESIAN_POINT('',(106.4,25.,10.05));
#1001 = DIRECTION('',(0.,1.,0.));
#1002 = DIRECTION('',(0.,0.,1.));
#1003 = PCURVE('',#100,#1004);
#1004 = DEFINITIONAL_REPRESENTATION('',(#1005),#1009);
#1005 = CIRCLE('',#1006,8.);
#1006 = AXIS2_PLACEMENT_2D('',#1007,#1008);
#1007 = CARTESIAN_POINT('',(85.05,256.4));
#1008 = DIRECTION('',(1.,0.));
#1009 = ( GEOMETRIC_REPRESENTATION_CONTEXT(2) 
PARAMETRIC_REPRESENTATION_CONTEXT() REPRESENTATION_CONTEXT('2D SPACE',''
  ) );
#1010 = PCURVE('',#1011,#1016);
#1011 = CYLINDRICAL_SURFACE('',#1012,8.);
#1012 = AXIS2_PLACEMENT_3D('',#1013,#1014,#1015);
#1013 = CARTESIAN_POINT('',(106.4,25.,10.05));
#1014 = DIRECTION('',(0.,1.,0.));
#1015 = DIRECTION('',(0.,0.,1.));
#1016 = DEFINITIONAL_REPRESENTATION('',(#1017),#1021);
#1017 = LINE('',#1018,#1019);
#1018 = CARTESIAN_POINT('',(0.,0.));
#1019 = VECTOR('',#1020,1.);
#1020 = DIRECTION('',(1.,0.));
#1021 = ( GEOMETRIC_REPRESENTATION_CONTEXT(2) 
PARAMETRIC_REPRESENTATION_CONTEXT() REPRESENTATION_CONTEXT('2D SPACE',''
  ) );
#1022 = ADVANCED_FACE('',(#1023),#163,.F.);
#1023 = FACE_BOUND('',#1024,.F.);
#1024 = EDGE_LOOP('',(#1025,#1048,#1077,#1098));
#1025 = ORIENTED_EDGE('',*,*,#1026,.T.);
#1026 = EDGE_CURVE('',#141,#1027,#1029,.T.);
#1027 = VERTEX_POINT('',#1028);
#1028 = CARTESIAN_POINT('',(-134.,7.125,25.2));
#1029 = SURFACE_CURVE('',#1030,(#1034,#1041),.PCURVE_S1.);
#1030 = LINE('',#1031,#1032);
#1031 = CARTESIAN_POINT('',(-150.,7.125,25.2));
#1032 = VECTOR('',#1033,1.);
#1033 = DIRECTION('',(1.,0.,0.));
#1034 = PCURVE('',#163,#1035);
#1035 = DEFINITIONAL_REPRESENTATION('',(#1036),#1040);
#1036 = LINE('',#1037,#1038);
#1037 = CARTESIAN_POINT('',(6.123233995737E-17,0.));
#1038 = VECTOR('',#1039,1.);
#1039 = DIRECTION('',(0.,-1.));
#1040 = ( GEOMETRIC_REPRESENTATION_CONTEXT(2) 
PARAMETRIC_REPRESENTATION_CONTEXT() REPRESENTATION_CONTEXT('2D SPACE',''
  ) );
#1041 = PCURVE('',#250,#1042);
#1042 = DEFINITIONAL_REPRESENTATION('',(#1043),#1047);
#1043 = LINE('',#1044,#1045);
#1044 = CARTESIAN_POINT('',(45.,0.));
#1045 = VECTOR('',#1046,1.);
#1046 = DIRECTION('',(0.,-1.));
#1047 = ( GEOMETRIC_REPRESENTATION_CONTEXT(2) 
PARAMETRIC_REPRESENTATION_CONTEXT() REPRESENTATION_CONTEXT('2D SPACE',''
  ) );
#1048 = ORIENTED_EDGE('',*,*,#1049,.T.);
#1049 = EDGE_CURVE('',#1027,#1050,#1052,.T.);
#1050 = VERTEX_POINT('',#1051);
#1051 = CARTESIAN_POINT('',(-134.,23.125,25.2));
#1052 = SURFACE_CURVE('',#1053,(#1058,#1065),.PCURVE_S1.);
#1053 = CIRCLE('',#1054,8.);
#1054 = AXIS2_PLACEMENT_3D('',#1055,#1056,#1057);
#1055 = CARTESIAN_POINT('',(-134.,15.125,25.2));
#1056 = DIRECTION('',(-1.,-0.,0.));
#1057 = DIRECTION('',(0.,-1.,-6.123233995737E-17));
#1058 = PCURVE('',#163,#1059);
#1059 = DEFINITIONAL_REPRESENTATION('',(#1060),#1064);
#1060 = LINE('',#1061,#1062);
#1061 = CARTESIAN_POINT('',(0.,-16.));
#1062 = VECTOR('',#1063,1.);
#1063 = DIRECTION('',(1.,0.));
#1064 = ( GEOMETRIC_REPRESENTATION_CONTEXT(2) 
PARAMETRIC_REPRESENTATION_CONTEXT() REPRESENTATION_CONTEXT('2D SPACE',''
  ) );
#1065 = PCURVE('',#1066,#1071);
#1066 = PLANE('',#1067);
#1067 = AXIS2_PLACEMENT_3D('',#1068,#1069,#1070);
#1068 = CARTESIAN_POINT('',(-134.,15.125,2.7));
#1069 = DIRECTION('',(-1.,-2.335443469404E-31,6.979773462077E-32));
#1070 = DIRECTION('',(2.335443469404E-31,-1.,0.));
#1071 = DEFINITIONAL_REPRESENTATION('',(#1072),#1076);
#1072 = CIRCLE('',#1073,8.);
#1073 = AXIS2_PLACEMENT_2D('',#1074,#1075);
#1074 = CARTESIAN_POINT('',(0.,22.5));
#1075 = DIRECTION('',(1.,-6.123233995737E-17));
#1076 = ( GEOMETRIC_REPRESENTATION_CONTEXT(2) 
PARAMETRIC_REPRESENTATION_CONTEXT() REPRESENTATION_CONTEXT('2D SPACE',''
  ) );
#1077 = ORIENTED_EDGE('',*,*,#1078,.F.);
#1078 = EDGE_CURVE('',#143,#1050,#1079,.T.);
#1079 = SURFACE_CURVE('',#1080,(#1084,#1091),.PCURVE_S1.);
#1080 = LINE('',#1081,#1082);
#1081 = CARTESIAN_POINT('',(-150.,23.125,25.2));
#1082 = VECTOR('',#1083,1.);
#1083 = DIRECTION('',(1.,0.,0.));
#1084 = PCURVE('',#163,#1085);
#1085 = DEFINITIONAL_REPRESENTATION('',(#1086),#1090);
#1086 = LINE('',#1087,#1088);
#1087 = CARTESIAN_POINT('',(3.14159265359,0.));
#1088 = VECTOR('',#1089,1.);
#1089 = DIRECTION('',(0.,-1.));
#1090 = ( GEOMETRIC_REPRESENTATION_CONTEXT(2) 
PARAMETRIC_REPRESENTATION_CONTEXT() REPRESENTATION_CONTEXT('2D SPACE',''
  ) );
#1091 = PCURVE('',#191,#1092);
#1092 = DEFINITIONAL_REPRESENTATION('',(#1093),#1097);
#1093 = LINE('',#1094,#1095);
#1094 = CARTESIAN_POINT('',(3.552713678801E-15,0.));
#1095 = VECTOR('',#1096,1.);
#1096 = DIRECTION('',(0.,-1.));
#1097 = ( GEOMETRIC_REPRESENTATION_CONTEXT(2) 
PARAMETRIC_REPRESENTATION_CONTEXT() REPRESENTATION_CONTEXT('2D SPACE',''
  ) );
#1098 = ORIENTED_EDGE('',*,*,#140,.F.);
#1099 = ADVANCED_FACE('',(#1100),#250,.F.);
#1100 = FACE_BOUND('',#1101,.F.);
#1101 = EDGE_LOOP('',(#1102,#1125,#1146,#1147));
#1102 = ORIENTED_EDGE('',*,*,#1103,.T.);
#1103 = EDGE_CURVE('',#204,#1104,#1106,.T.);
#1104 = VERTEX_POINT('',#1105);
#1105 = CARTESIAN_POINT('',(-134.,7.125,-19.8));
#1106 = SURFACE_CURVE('',#1107,(#1111,#1118),.PCURVE_S1.);
#1107 = LINE('',#1108,#1109);
#1108 = CARTESIAN_POINT('',(-150.,7.125,-19.8));
#1109 = VECTOR('',#1110,1.);
#1110 = DIRECTION('',(1.,0.,0.));
#1111 = PCURVE('',#250,#1112);
#1112 = DEFINITIONAL_REPRESENTATION('',(#1113),#1117);
#1113 = LINE('',#1114,#1115);
#1114 = CARTESIAN_POINT('',(0.,0.));
#1115 = VECTOR('',#1116,1.);
#1116 = DIRECTION('',(0.,-1.));
#1117 = ( GEOMETRIC_REPRESENTATION_CONTEXT(2) 
PARAMETRIC_REPRESENTATION_CONTEXT() REPRESENTATION_CONTEXT('2D SPACE',''
  ) );
#1118 = PCURVE('',#224,#1119);
#1119 = DEFINITIONAL_REPRESENTATION('',(#1120),#1124);
#1120 = LINE('',#1121,#1122);
#1121 = CARTESIAN_POINT('',(3.14159265359,0.));
#1122 = VECTOR('',#1123,1.);
#1123 = DIRECTION('',(0.,-1.));
#1124 = ( GEOMETRIC_REPRESENTATION_CONTEXT(2) 
PARAMETRIC_REPRESENTATION_CONTEXT() REPRESENTATION_CONTEXT('2D SPACE',''
  ) );
#1125 = ORIENTED_EDGE('',*,*,#1126,.T.);
#1126 = EDGE_CURVE('',#1104,#1027,#1127,.T.);
#1127 = SURFACE_CURVE('',#1128,(#1132,#1139),.PCURVE_S1.);
#1128 = LINE('',#1129,#1130);
#1129 = CARTESIAN_POINT('',(-134.,7.125,-19.8));
#1130 = VECTOR('',#1131,1.);
#1131 = DIRECTION('',(0.,-0.,1.));
#1132 = PCURVE('',#250,#1133);
#1133 = DEFINITIONAL_REPRESENTATION('',(#1134),#1138);
#1134 = LINE('',#1135,#1136);
#1135 = CARTESIAN_POINT('',(0.,-16.));
#1136 = VECTOR('',#1137,1.);
#1137 = DIRECTION('',(1.,0.));
#1138 = ( GEOMETRIC_REPRESENTATION_CONTEXT(2) 
PARAMETRIC_REPRESENTATION_CONTEXT() REPRESENTATION_CONTEXT('2D SPACE',''
  ) );
#1139 = PCURVE('',#1066,#1140);
#1140 = DEFINITIONAL_REPRESENTATION('',(#1141),#1145);
#1141 = LINE('',#1142,#1143);
#1142 = CARTESIAN_POINT('',(8.,-22.5));
#1143 = VECTOR('',#1144,1.);
#1144 = DIRECTION('',(0.,1.));
#1145 = ( GEOMETRIC_REPRESENTATION_CONTEXT(2) 
PARAMETRIC_REPRESENTATION_CONTEXT() REPRESENTATION_CONTEXT('2D SPACE',''
  ) );
#1146 = ORIENTED_EDGE('',*,*,#1026,.F.);
#1147 = ORIENTED_EDGE('',*,*,#236,.F.);
#1148 = ADVANCED_FACE('',(#1149),#224,.F.);
#1149 = FACE_BOUND('',#1150,.F.);
#1150 = EDGE_LOOP('',(#1151,#1174,#1196,#1197));
#1151 = ORIENTED_EDGE('',*,*,#1152,.T.);
#1152 = EDGE_CURVE('',#176,#1153,#1155,.T.);
#1153 = VERTEX_POINT('',#1154);
#1154 = CARTESIAN_POINT('',(-134.,23.125,-19.8));
#1155 = SURFACE_CURVE('',#1156,(#1160,#1167),.PCURVE_S1.);
#1156 = LINE('',#1157,#1158);
#1157 = CARTESIAN_POINT('',(-150.,23.125,-19.8));
#1158 = VECTOR('',#1159,1.);
#1159 = DIRECTION('',(1.,0.,0.));
#1160 = PCURVE('',#224,#1161);
#1161 = DEFINITIONAL_REPRESENTATION('',(#1162),#1166);
#1162 = LINE('',#1163,#1164);
#1163 = CARTESIAN_POINT('',(6.123233995737E-17,0.));
#1164 = VECTOR('',#1165,1.);
#1165 = DIRECTION('',(0.,-1.));
#1166 = ( GEOMETRIC_REPRESENTATION_CONTEXT(2) 
PARAMETRIC_REPRESENTATION_CONTEXT() REPRESENTATION_CONTEXT('2D SPACE',''
  ) );
#1167 = PCURVE('',#191,#1168);
#1168 = DEFINITIONAL_REPRESENTATION('',(#1169),#1173);
#1169 = LINE('',#1170,#1171);
#1170 = CARTESIAN_POINT('',(45.,0.));
#1171 = VECTOR('',#1172,1.);
#1172 = DIRECTION('',(0.,-1.));
#1173 = ( GEOMETRIC_REPRESENTATION_CONTEXT(2) 
PARAMETRIC_REPRESENTATION_CONTEXT() REPRESENTATION_CONTEXT('2D SPACE',''
  ) );
#1174 = ORIENTED_EDGE('',*,*,#1175,.T.);
#1175 = EDGE_CURVE('',#1153,#1104,#1176,.T.);
#1176 = SURFACE_CURVE('',#1177,(#1182,#1189),.PCURVE_S1.);
#1177 = CIRCLE('',#1178,8.);
#1178 = AXIS2_PLACEMENT_3D('',#1179,#1180,#1181);
#1179 = CARTESIAN_POINT('',(-134.,15.125,-19.8));
#1180 = DIRECTION('',(-1.,0.,-0.));
#1181 = DIRECTION('',(-0.,1.,6.123233995737E-17));
#1182 = PCURVE('',#224,#1183);
#1183 = DEFINITIONAL_REPRESENTATION('',(#1184),#1188);
#1184 = LINE('',#1185,#1186);
#1185 = CARTESIAN_POINT('',(0.,-16.));
#1186 = VECTOR('',#1187,1.);
#1187 = DIRECTION('',(1.,0.));
#1188 = ( GEOMETRIC_REPRESENTATION_CONTEXT(2) 
PARAMETRIC_REPRESENTATION_CONTEXT() REPRESENTATION_CONTEXT('2D SPACE',''
  ) );
#1189 = PCURVE('',#1066,#1190);
#1190 = DEFINITIONAL_REPRESENTATION('',(#1191),#1195);
#1191 = CIRCLE('',#1192,8.);
#1192 = AXIS2_PLACEMENT_2D('',#1193,#1194);
#1193 = CARTESIAN_POINT('',(0.,-22.5));
#1194 = DIRECTION('',(-1.,6.123233995737E-17));
#1195 = ( GEOMETRIC_REPRESENTATION_CONTEXT(2) 
PARAMETRIC_REPRESENTATION_CONTEXT() REPRESENTATION_CONTEXT('2D SPACE',''
  ) );
#1196 = ORIENTED_EDGE('',*,*,#1103,.F.);
#1197 = ORIENTED_EDGE('',*,*,#203,.F.);
#1198 = ADVANCED_FACE('',(#1199),#191,.F.);
#1199 = FACE_BOUND('',#1200,.F.);
#1200 = EDGE_LOOP('',(#1201,#1202,#1223,#1224));
#1201 = ORIENTED_EDGE('',*,*,#1078,.T.);
#1202 = ORIENTED_EDGE('',*,*,#1203,.T.);
#1203 = EDGE_CURVE('',#1050,#1153,#1204,.T.);
#1204 = SURFACE_CURVE('',#1205,(#1209,#1216),.PCURVE_S1.);
#1205 = LINE('',#1206,#1207);
#1206 = CARTESIAN_POINT('',(-134.,23.125,25.2));
#1207 = VECTOR('',#1208,1.);
#1208 = DIRECTION('',(0.,0.,-1.));
#1209 = PCURVE('',#191,#1210);
#1210 = DEFINITIONAL_REPRESENTATION('',(#1211),#1215);
#1211 = LINE('',#1212,#1213);
#1212 = CARTESIAN_POINT('',(0.,-16.));
#1213 = VECTOR('',#1214,1.);
#1214 = DIRECTION('',(1.,0.));
#1215 = ( GEOMETRIC_REPRESENTATION_CONTEXT(2) 
PARAMETRIC_REPRESENTATION_CONTEXT() REPRESENTATION_CONTEXT('2D SPACE',''
  ) );
#1216 = PCURVE('',#1066,#1217);
#1217 = DEFINITIONAL_REPRESENTATION('',(#1218),#1222);
#1218 = LINE('',#1219,#1220);
#1219 = CARTESIAN_POINT('',(-8.,22.5));
#1220 = VECTOR('',#1221,1.);
#1221 = DIRECTION('',(0.,-1.));
#1222 = ( GEOMETRIC_REPRESENTATION_CONTEXT(2) 
PARAMETRIC_REPRESENTATION_CONTEXT() REPRESENTATION_CONTEXT('2D SPACE',''
  ) );
#1223 = ORIENTED_EDGE('',*,*,#1152,.F.);
#1224 = ORIENTED_EDGE('',*,*,#175,.F.);
#1225 = ADVANCED_FACE('',(#1226),#283,.T.);
#1226 = FACE_BOUND('',#1227,.T.);
#1227 = EDGE_LOOP('',(#1228,#1229,#1230,#1251,#1252,#1253,#1276));
#1228 = ORIENTED_EDGE('',*,*,#265,.F.);
#1229 = ORIENTED_EDGE('',*,*,#699,.T.);
#1230 = ORIENTED_EDGE('',*,*,#1231,.F.);
#1231 = EDGE_CURVE('',#780,#700,#1232,.T.);
#1232 = SURFACE_CURVE('',#1233,(#1237,#1244),.PCURVE_S1.);
#1233 = LINE('',#1234,#1235);
#1234 = CARTESIAN_POINT('',(150.,25.,-6.));
#1235 = VECTOR('',#1236,1.);
#1236 = DIRECTION('',(0.,-0.225890482018,-0.974152703704));
#1237 = PCURVE('',#283,#1238);
#1238 = DEFINITIONAL_REPRESENTATION('',(#1239),#1243);
#1239 = LINE('',#1240,#1241);
#1240 = CARTESIAN_POINT('',(69.,-50.));
#1241 = VECTOR('',#1242,1.);
#1242 = DIRECTION('',(-0.974152703704,0.225890482018));
#1243 = ( GEOMETRIC_REPRESENTATION_CONTEXT(2) 
PARAMETRIC_REPRESENTATION_CONTEXT() REPRESENTATION_CONTEXT('2D SPACE',''
  ) );
#1244 = PCURVE('',#738,#1245);
#1245 = DEFINITIONAL_REPRESENTATION('',(#1246),#1250);
#1246 = LINE('',#1247,#1248);
#1247 = CARTESIAN_POINT('',(0.,0.));
#1248 = VECTOR('',#1249,1.);
#1249 = DIRECTION('',(1.,0.));
#1250 = ( GEOMETRIC_REPRESENTATION_CONTEXT(2) 
PARAMETRIC_REPRESENTATION_CONTEXT() REPRESENTATION_CONTEXT('2D SPACE',''
  ) );
#1251 = ORIENTED_EDGE('',*,*,#779,.T.);
#1252 = ORIENTED_EDGE('',*,*,#543,.F.);
#1253 = ORIENTED_EDGE('',*,*,#1254,.F.);
#1254 = EDGE_CURVE('',#1255,#516,#1257,.T.);
#1255 = VERTEX_POINT('',#1256);
#1256 = CARTESIAN_POINT('',(150.,12.,49.));
#1257 = SURFACE_CURVE('',#1258,(#1262,#1269),.PCURVE_S1.);
#1258 = LINE('',#1259,#1260);
#1259 = CARTESIAN_POINT('',(150.,12.,49.));
#1260 = VECTOR('',#1261,1.);
#1261 = DIRECTION('',(1.224646799147E-16,-0.,1.));
#1262 = PCURVE('',#283,#1263);
#1263 = DEFINITIONAL_REPRESENTATION('',(#1264),#1268);
#1264 = LINE('',#1265,#1266);
#1265 = CARTESIAN_POINT('',(124.,-37.));
#1266 = VECTOR('',#1267,1.);
#1267 = DIRECTION('',(1.,0.));
#1268 = ( GEOMETRIC_REPRESENTATION_CONTEXT(2) 
PARAMETRIC_REPRESENTATION_CONTEXT() REPRESENTATION_CONTEXT('2D SPACE',''
  ) );
#1269 = PCURVE('',#531,#1270);
#1270 = DEFINITIONAL_REPRESENTATION('',(#1271),#1275);
#1271 = LINE('',#1272,#1273);
#1272 = CARTESIAN_POINT('',(15.272448311308,10.727551688692));
#1273 = VECTOR('',#1274,1.);
#1274 = DIRECTION('',(-1.,1.224646799147E-16));
#1275 = ( GEOMETRIC_REPRESENTATION_CONTEXT(2) 
PARAMETRIC_REPRESENTATION_CONTEXT() REPRESENTATION_CONTEXT('2D SPACE',''
  ) );
#1276 = ORIENTED_EDGE('',*,*,#1277,.F.);
#1277 = EDGE_CURVE('',#268,#1255,#1278,.T.);
#1278 = SURFACE_CURVE('',#1279,(#1283,#1290),.PCURVE_S1.);
#1279 = LINE('',#1280,#1281);
#1280 = CARTESIAN_POINT('',(150.,-25.,49.));
#1281 = VECTOR('',#1282,1.);
#1282 = DIRECTION('',(0.,1.,0.));
#1283 = PCURVE('',#283,#1284);
#1284 = DEFINITIONAL_REPRESENTATION('',(#1285),#1289);
#1285 = LINE('',#1286,#1287);
#1286 = CARTESIAN_POINT('',(124.,0.));
#1287 = VECTOR('',#1288,1.);
#1288 = DIRECTION('',(0.,-1.));
#1289 = ( GEOMETRIC_REPRESENTATION_CONTEXT(2) 
PARAMETRIC_REPRESENTATION_CONTEXT() REPRESENTATION_CONTEXT('2D SPACE',''
  ) );
#1290 = PCURVE('',#359,#1291);
#1291 = DEFINITIONAL_REPRESENTATION('',(#1292),#1296);
#1292 = LINE('',#1293,#1294);
#1293 = CARTESIAN_POINT('',(1.570796326795,0.));
#1294 = VECTOR('',#1295,1.);
#1295 = DIRECTION('',(0.,-1.));
#1296 = ( GEOMETRIC_REPRESENTATION_CONTEXT(2) 
PARAMETRIC_REPRESENTATION_CONTEXT() REPRESENTATION_CONTEXT('2D SPACE',''
  ) );
#1297 = ADVANCED_FACE('',(#1298),#359,.F.);
#1298 = FACE_BOUND('',#1299,.F.);
#1299 = EDGE_LOOP('',(#1300,#1301,#1323,#1324));
#1300 = ORIENTED_EDGE('',*,*,#492,.T.);
#1301 = ORIENTED_EDGE('',*,*,#1302,.T.);
#1302 = EDGE_CURVE('',#493,#1255,#1303,.T.);
#1303 = SURFACE_CURVE('',#1304,(#1309,#1316),.PCURVE_S1.);
#1304 = CIRCLE('',#1305,26.);
#1305 = AXIS2_PLACEMENT_3D('',#1306,#1307,#1308);
#1306 = CARTESIAN_POINT('',(150.,12.,75.));
#1307 = DIRECTION('',(-0.,-1.,0.));
#1308 = DIRECTION('',(-1.,0.,1.224646799147E-16));
#1309 = PCURVE('',#359,#1310);
#1310 = DEFINITIONAL_REPRESENTATION('',(#1311),#1315);
#1311 = LINE('',#1312,#1313);
#1312 = CARTESIAN_POINT('',(0.,-37.));
#1313 = VECTOR('',#1314,1.);
#1314 = DIRECTION('',(1.,0.));
#1315 = ( GEOMETRIC_REPRESENTATION_CONTEXT(2) 
PARAMETRIC_REPRESENTATION_CONTEXT() REPRESENTATION_CONTEXT('2D SPACE',''
  ) );
#1316 = PCURVE('',#531,#1317);
#1317 = DEFINITIONAL_REPRESENTATION('',(#1318),#1322);
#1318 = CIRCLE('',#1319,26.);
#1319 = AXIS2_PLACEMENT_2D('',#1320,#1321);
#1320 = CARTESIAN_POINT('',(-10.72755168869,10.727551688692));
#1321 = DIRECTION('',(-1.224646799147E-16,-1.));
#1322 = ( GEOMETRIC_REPRESENTATION_CONTEXT(2) 
PARAMETRIC_REPRESENTATION_CONTEXT() REPRESENTATION_CONTEXT('2D SPACE',''
  ) );
#1323 = ORIENTED_EDGE('',*,*,#1277,.F.);
#1324 = ORIENTED_EDGE('',*,*,#340,.F.);
#1325 = ADVANCED_FACE('',(#1326),#390,.F.);
#1326 = FACE_BOUND('',#1327,.T.);
#1327 = EDGE_LOOP('',(#1328,#1351,#1378,#1379));
#1328 = ORIENTED_EDGE('',*,*,#1329,.T.);
#1329 = EDGE_CURVE('',#374,#1330,#1332,.T.);
#1330 = VERTEX_POINT('',#1331);
#1331 = CARTESIAN_POINT('',(-50.5,-24.6,-6.55));
#1332 = SEAM_CURVE('',#1333,(#1337,#1344),.PCURVE_S1.);
#1333 = LINE('',#1334,#1335);
#1334 = CARTESIAN_POINT('',(-50.5,-25.,-6.55));
#1335 = VECTOR('',#1336,1.);
#1336 = DIRECTION('',(0.,1.,-0.));
#1337 = PCURVE('',#390,#1338);
#1338 = DEFINITIONAL_REPRESENTATION('',(#1339),#1343);
#1339 = LINE('',#1340,#1341);
#1340 = CARTESIAN_POINT('',(-0.,0.));
#1341 = VECTOR('',#1342,1.);
#1342 = DIRECTION('',(-0.,-1.));
#1343 = ( GEOMETRIC_REPRESENTATION_CONTEXT(2) 
PARAMETRIC_REPRESENTATION_CONTEXT() REPRESENTATION_CONTEXT('2D SPACE',''
  ) );
#1344 = PCURVE('',#390,#1345);
#1345 = DEFINITIONAL_REPRESENTATION('',(#1346),#1350);
#1346 = LINE('',#1347,#1348);
#1347 = CARTESIAN_POINT('',(-6.28318530718,0.));
#1348 = VECTOR('',#1349,1.);
#1349 = DIRECTION('',(-0.,-1.));
#1350 = ( GEOMETRIC_REPRESENTATION_CONTEXT(2) 
PARAMETRIC_REPRESENTATION_CONTEXT() REPRESENTATION_CONTEXT('2D SPACE',''
  ) );
#1351 = ORIENTED_EDGE('',*,*,#1352,.T.);
#1352 = EDGE_CURVE('',#1330,#1330,#1353,.T.);
#1353 = SURFACE_CURVE('',#1354,(#1359,#1366),.PCURVE_S1.);
#1354 = CIRCLE('',#1355,8.);
#1355 = AXIS2_PLACEMENT_3D('',#1356,#1357,#1358);
#1356 = CARTESIAN_POINT('',(-50.5,-24.6,-14.55));
#1357 = DIRECTION('',(0.,1.,0.));
#1358 = DIRECTION('',(0.,-0.,1.));
#1359 = PCURVE('',#390,#1360);
#1360 = DEFINITIONAL_REPRESENTATION('',(#1361),#1365);
#1361 = LINE('',#1362,#1363);
#1362 = CARTESIAN_POINT('',(-0.,-0.4));
#1363 = VECTOR('',#1364,1.);
#1364 = DIRECTION('',(-1.,0.));
#1365 = ( GEOMETRIC_REPRESENTATION_CONTEXT(2) 
PARAMETRIC_REPRESENTATION_CONTEXT() REPRESENTATION_CONTEXT('2D SPACE',''
  ) );
#1366 = PCURVE('',#1367,#1372);
#1367 = CONICAL_SURFACE('',#1368,8.,0.785398163397);
#1368 = AXIS2_PLACEMENT_3D('',#1369,#1370,#1371);
#1369 = CARTESIAN_POINT('',(-50.5,-24.6,-14.55));
#1370 = DIRECTION('',(-0.,-1.,-0.));
#1371 = DIRECTION('',(0.,0.,1.));
#1372 = DEFINITIONAL_REPRESENTATION('',(#1373),#1377);
#1373 = LINE('',#1374,#1375);
#1374 = CARTESIAN_POINT('',(-0.,-0.));
#1375 = VECTOR('',#1376,1.);
#1376 = DIRECTION('',(-1.,-0.));
#1377 = ( GEOMETRIC_REPRESENTATION_CONTEXT(2) 
PARAMETRIC_REPRESENTATION_CONTEXT() REPRESENTATION_CONTEXT('2D SPACE',''
  ) );
#1378 = ORIENTED_EDGE('',*,*,#1329,.F.);
#1379 = ORIENTED_EDGE('',*,*,#373,.F.);
#1380 = ADVANCED_FACE('',(#1381),#421,.F.);
#1381 = FACE_BOUND('',#1382,.T.);
#1382 = EDGE_LOOP('',(#1383,#1406,#1433,#1434));
#1383 = ORIENTED_EDGE('',*,*,#1384,.T.);
#1384 = EDGE_CURVE('',#405,#1385,#1387,.T.);
#1385 = VERTEX_POINT('',#1386);
#1386 = CARTESIAN_POINT('',(-16.1,-24.6,-6.55));
#1387 = SEAM_CURVE('',#1388,(#1392,#1399),.PCURVE_S1.);
#1388 = LINE('',#1389,#1390);
#1389 = CARTESIAN_POINT('',(-16.1,-25.,-6.55));
#1390 = VECTOR('',#1391,1.);
#1391 = DIRECTION('',(0.,1.,-0.));
#1392 = PCURVE('',#421,#1393);
#1393 = DEFINITIONAL_REPRESENTATION('',(#1394),#1398);
#1394 = LINE('',#1395,#1396);
#1395 = CARTESIAN_POINT('',(-0.,0.));
#1396 = VECTOR('',#1397,1.);
#1397 = DIRECTION('',(-0.,-1.));
#1398 = ( GEOMETRIC_REPRESENTATION_CONTEXT(2) 
PARAMETRIC_REPRESENTATION_CONTEXT() REPRESENTATION_CONTEXT('2D SPACE',''
  ) );
#1399 = PCURVE('',#421,#1400);
#1400 = DEFINITIONAL_REPRESENTATION('',(#1401),#1405);
#1401 = LINE('',#1402,#1403);
#1402 = CARTESIAN_POINT('',(-6.28318530718,0.));
#1403 = VECTOR('',#1404,1.);
#1404 = DIRECTION('',(-0.,-1.));
#1405 = ( GEOMETRIC_REPRESENTATION_CONTEXT(2) 
PARAMETRIC_REPRESENTATION_CONTEXT() REPRESENTATION_CONTEXT('2D SPACE',''
  ) );
#1406 = ORIENTED_EDGE('',*,*,#1407,.T.);
#1407 = EDGE_CURVE('',#1385,#1385,#1408,.T.);
#1408 = SURFACE_CURVE('',#1409,(#1414,#1421),.PCURVE_S1.);
#1409 = CIRCLE('',#1410,8.);
#1410 = AXIS2_PLACEMENT_3D('',#1411,#1412,#1413);
#1411 = CARTESIAN_POINT('',(-16.1,-24.6,-14.55));
#1412 = DIRECTION('',(-4.601688613789E-31,1.,9.860761315263E-32));
#1413 = DIRECTION('',(2.043560260474E-46,-9.860761315263E-32,1.));
#1414 = PCURVE('',#421,#1415);
#1415 = DEFINITIONAL_REPRESENTATION('',(#1416),#1420);
#1416 = LINE('',#1417,#1418);
#1417 = CARTESIAN_POINT('',(-0.,-0.4));
#1418 = VECTOR('',#1419,1.);
#1419 = DIRECTION('',(-1.,0.));
#1420 = ( GEOMETRIC_REPRESENTATION_CONTEXT(2) 
PARAMETRIC_REPRESENTATION_CONTEXT() REPRESENTATION_CONTEXT('2D SPACE',''
  ) );
#1421 = PCURVE('',#1422,#1427);
#1422 = CONICAL_SURFACE('',#1423,8.,0.785398163397);
#1423 = AXIS2_PLACEMENT_3D('',#1424,#1425,#1426);
#1424 = CARTESIAN_POINT('',(-16.1,-24.6,-14.55));
#1425 = DIRECTION('',(4.601688613789E-31,-1.,-9.860761315263E-32));
#1426 = DIRECTION('',(2.043560260474E-46,-9.860761315263E-32,1.));
#1427 = DEFINITIONAL_REPRESENTATION('',(#1428),#1432);
#1428 = LINE('',#1429,#1430);
#1429 = CARTESIAN_POINT('',(-0.,-0.));
#1430 = VECTOR('',#1431,1.);
#1431 = DIRECTION('',(-1.,-0.));
#1432 = ( GEOMETRIC_REPRESENTATION_CONTEXT(2) 
PARAMETRIC_REPRESENTATION_CONTEXT() REPRESENTATION_CONTEXT('2D SPACE',''
  ) );
#1433 = ORIENTED_EDGE('',*,*,#1384,.F.);
#1434 = ORIENTED_EDGE('',*,*,#404,.F.);
#1435 = ADVANCED_FACE('',(#1436),#452,.F.);
#1436 = FACE_BOUND('',#1437,.F.);
#1437 = EDGE_LOOP('',(#1438,#1461,#2600,#2601));
#1438 = ORIENTED_EDGE('',*,*,#1439,.F.);
#1439 = EDGE_CURVE('',#1440,#436,#1442,.T.);
#1440 = VERTEX_POINT('',#1441);
#1441 = CARTESIAN_POINT('',(106.4,21.6,15.05));
#1442 = SEAM_CURVE('',#1443,(#1447,#1454),.PCURVE_S1.);
#1443 = LINE('',#1444,#1445);
#1444 = CARTESIAN_POINT('',(106.4,23.39218452154,15.05));
#1445 = VECTOR('',#1446,1.);
#1446 = DIRECTION('',(-0.,-1.,0.));
#1447 = PCURVE('',#452,#1448);
#1448 = DEFINITIONAL_REPRESENTATION('',(#1449),#1453);
#1449 = LINE('',#1450,#1451);
#1450 = CARTESIAN_POINT('',(6.28318530718,0.));
#1451 = VECTOR('',#1452,1.);
#1452 = DIRECTION('',(0.,-1.));
#1453 = ( GEOMETRIC_REPRESENTATION_CONTEXT(2) 
PARAMETRIC_REPRESENTATION_CONTEXT() REPRESENTATION_CONTEXT('2D SPACE',''
  ) );
#1454 = PCURVE('',#452,#1455);
#1455 = DEFINITIONAL_REPRESENTATION('',(#1456),#1460);
#1456 = LINE('',#1457,#1458);
#1457 = CARTESIAN_POINT('',(0.,0.));
#1458 = VECTOR('',#1459,1.);
#1459 = DIRECTION('',(0.,-1.));
#1460 = ( GEOMETRIC_REPRESENTATION_CONTEXT(2) 
PARAMETRIC_REPRESENTATION_CONTEXT() REPRESENTATION_CONTEXT('2D SPACE',''
  ) );
#1461 = ORIENTED_EDGE('',*,*,#1462,.F.);
#1462 = EDGE_CURVE('',#1440,#1440,#1463,.T.);
#1463 = SURFACE_CURVE('',#1464,(#1839,#2217),.PCURVE_S1.);
#1464 = B_SPLINE_CURVE_WITH_KNOTS('',7,(#1465,#1466,#1467,#1468,#1469,
    #1470,#1471,#1472,#1473,#1474,#1475,#1476,#1477,#1478,#1479,#1480,
    #1481,#1482,#1483,#1484,#1485,#1486,#1487,#1488,#1489,#1490,#1491,
    #1492,#1493,#1494,#1495,#1496,#1497,#1498,#1499,#1500,#1501,#1502,
    #1503,#1504,#1505,#1506,#1507,#1508,#1509,#1510,#1511,#1512,#1513,
    #1514,#1515,#1516,#1517,#1518,#1519,#1520,#1521,#1522,#1523,#1524,
    #1525,#1526,#1527,#1528,#1529,#1530,#1531,#1532,#1533,#1534,#1535,
    #1536,#1537,#1538,#1539,#1540,#1541,#1542,#1543,#1544,#1545,#1546,
    #1547,#1548,#1549,#1550,#1551,#1552,#1553,#1554,#1555,#1556,#1557,
    #1558,#1559,#1560,#1561,#1562,#1563,#1564,#1565,#1566,#1567,#1568,
    #1569,#1570,#1571,#1572,#1573,#1574,#1575,#1576,#1577,#1578,#1579,
    #1580,#1581,#1582,#1583,#1584,#1585,#1586,#1587,#1588,#1589,#1590,
    #1591,#1592,#1593,#1594,#1595,#1596,#1597,#1598,#1599,#1600,#1601,
    #1602,#1603,#1604,#1605,#1606,#1607,#1608,#1609,#1610,#1611,#1612,
    #1613,#1614,#1615,#1616,#1617,#1618,#1619,#1620,#1621,#1622,#1623,
    #1624,#1625,#1626,#1627,#1628,#1629,#1630,#1631,#1632,#1633,#1634,
    #1635,#1636,#1637,#1638,#1639,#1640,#1641,#1642,#1643,#1644,#1645,
    #1646,#1647,#1648,#1649,#1650,#1651,#1652,#1653,#1654,#1655,#1656,
    #1657,#1658,#1659,#1660,#1661,#1662,#1663,#1664,#1665,#1666,#1667,
    #1668,#1669,#1670,#1671,#1672,#1673,#1674,#1675,#1676,#1677,#1678,
    #1679,#1680,#1681,#1682,#1683,#1684,#1685,#1686,#1687,#1688,#1689,
    #1690,#1691,#1692,#1693,#1694,#1695,#1696,#1697,#1698,#1699,#1700,
    #1701,#1702,#1703,#1704,#1705,#1706,#1707,#1708,#1709,#1710,#1711,
    #1712,#1713,#1714,#1715,#1716,#1717,#1718,#1719,#1720,#1721,#1722,
    #1723,#1724,#1725,#1726,#1727,#1728,#1729,#1730,#1731,#1732,#1733,
    #1734,#1735,#1736,#1737,#1738,#1739,#1740,#1741,#1742,#1743,#1744,
    #1745,#1746,#1747,#1748,#1749,#1750,#1751,#1752,#1753,#1754,#1755,
    #1756,#1757,#1758,#1759,#1760,#1761,#1762,#1763,#1764,#1765,#1766,
    #1767,#1768,#1769,#1770,#1771,#1772,#1773,#1774,#1775,#1776,#1777,
    #1778,#1779,#1780,#1781,#1782,#1783,#1784,#1785,#1786,#1787,#1788,
    #1789,#1790,#1791,#1792,#1793,#1794,#1795,#1796,#1797,#1798,#1799,
    #1800,#1801,#1802,#1803,#1804,#1805,#1806,#1807,#1808,#1809,#1810,
    #1811,#1812,#1813,#1814,#1815,#1816,#1817,#1818,#1819,#1820,#1821,
    #1822,#1823,#1824,#1825,#1826,#1827,#1828,#1829,#1830,#1831,#1832,
    #1833,#1834,#1835,#1836,#1837,#1838),.UNSPECIFIED.,.T.,.F.,(8,6,6,6,
    6,6,6,6,6,6,6,6,6,6,6,6,6,6,6,6,6,6,6,6,6,6,6,6,6,6,6,6,6,6,6,6,6,6,
    6,6,6,6,6,6,6,6,6,6,6,6,6,6,6,6,6,6,6,6,6,6,6,6,8),(0.,
    1.909549762881E-02,3.366858630696E-02,4.82416749851E-02,
    6.281476366325E-02,7.738785234139E-02,9.196094101953E-02,
    0.106534029698,0.121107118376,0.135680207054,0.150253295732,
    0.16482638441,0.179399473088,0.193972561767,0.208545650445,
    0.223118739123,0.237691827801,0.252264916479,0.266838005157,
    0.281411093835,0.295984182514,0.310557271192,0.32513035987,
    0.339703448548,0.354276537226,0.368849625904,0.383422714583,
    0.397995803261,0.412568891939,0.427141980617,0.441715069295,
    0.456288157973,0.470861246651,0.485434335329,0.500007424008,
    0.513072951997,0.527143520459,0.541716609137,0.556289697816,
    0.570862786494,0.585435875172,0.60000896385,0.614582052528,
    0.629155141206,0.643728229884,0.657798798346,0.672371887025,
    0.686944975703,0.701518064381,0.716091153059,0.730664241737,
    0.745237330415,0.759810419093,0.774383507771,0.78895659645,
    0.802524644682,0.81709773336,0.831670822038,0.846243910716,
    0.860816999394,0.875390088072,0.88996317675,1.),.UNSPECIFIED.);
#1465 = CARTESIAN_POINT('',(106.4,21.599999999999,15.05));
#1466 = CARTESIAN_POINT('',(106.4857056091,21.599999999999,15.05));
#1467 = CARTESIAN_POINT('',(106.57140608651,21.599999999999,
    15.048286185536));
#1468 = CARTESIAN_POINT('',(106.65706349847,21.599999999999,
    15.044858633947));
#1469 = CARTESIAN_POINT('',(106.74263876948,21.599999999999,
    15.039718630951));
#1470 = CARTESIAN_POINT('',(106.82809168224,21.599999999999,
    15.032868670644));
#1471 = CARTESIAN_POINT('',(106.9133808777,21.599999999999,
    15.024312455501));
#1472 = CARTESIAN_POINT('',(107.06339653168,21.599999999999,
    15.00622664693));
#1473 = CARTESIAN_POINT('',(107.12820975328,21.599999999999,
    14.997407480178));
#1474 = CARTESIAN_POINT('',(107.19288535704,21.599999999999,
    14.98759958616));
#1475 = CARTESIAN_POINT('',(107.25740524919,21.599999999999,
    14.976805567639));
#1476 = CARTESIAN_POINT('',(107.32175140504,21.599999999999,
    14.965028440103));
#1477 = CARTESIAN_POINT('',(107.38590586893,21.599999999999,
    14.952271631762));
#1478 = CARTESIAN_POINT('',(107.51379563963,21.599999999999,
    14.924806335346));
#1479 = CARTESIAN_POINT('',(107.57753096468,21.599999999999,
    14.910097843347));
#1480 = CARTESIAN_POINT('',(107.641038843,21.599999999999,
    14.894417349158));
#1481 = CARTESIAN_POINT('',(107.7043014946,21.599999999999,
    14.87776909906));
#1482 = CARTESIAN_POINT('',(107.76730124602,21.599999999999,
    14.860157744018));
#1483 = CARTESIAN_POINT('',(107.83002053029,21.599999999999,
    14.841588339676));
#1484 = CARTESIAN_POINT('',(107.95486324359,21.599999999999,
    14.802544353051));
#1485 = CARTESIAN_POINT('',(108.01698669044,21.599999999999,
    14.782069765191));
#1486 = CARTESIAN_POINT('',(108.07879476723,21.599999999999,
    14.760648043758));
#1487 = CARTESIAN_POINT('',(108.14027015674,21.599999999999,
    14.738285042978));
#1488 = CARTESIAN_POINT('',(108.20139568479,21.599999999999,
    14.714987010324));
#1489 = CARTESIAN_POINT('',(108.26215432029,21.599999999999,
    14.690760586521));
#1490 = CARTESIAN_POINT('',(108.38290403002,21.599999999999,
    14.640465024558));
#1491 = CARTESIAN_POINT('',(108.44289512151,21.599999999999,
    14.614395879214));
#1492 = CARTESIAN_POINT('',(108.50248556183,21.599999999999,
    14.587412404107));
#1493 = CARTESIAN_POINT('',(108.56165864158,21.599999999999,
    14.559522012357));
#1494 = CARTESIAN_POINT('',(108.62039782978,21.599999999999,
    14.530732495607));
#1495 = CARTESIAN_POINT('',(108.67868677388,21.599999999999,
    14.50105202402));
#1496 = CARTESIAN_POINT('',(108.79433182553,21.599999999999,
    14.439926268541));
#1497 = CARTESIAN_POINT('',(108.85168794961,21.599999999999,
    14.408480975919));
#1498 = CARTESIAN_POINT('',(108.90856149809,21.599999999999,
    14.376161817699));
#1499 = CARTESIAN_POINT('',(108.96493650943,21.599999999999,
    14.34297770379));
#1500 = CARTESIAN_POINT('',(109.02079723432,21.599999999999,
    14.308937904723));
#1501 = CARTESIAN_POINT('',(109.07612813574,21.599999999999,
    14.27405205165));
#1502 = CARTESIAN_POINT('',(109.18569964218,21.599999999999,
    14.202608221047));
#1503 = CARTESIAN_POINT('',(109.23994026285,21.599999999999,
    14.166050233312));
#1504 = CARTESIAN_POINT('',(109.29362042658,21.599999999999,
    14.128666165489));
#1505 = CARTESIAN_POINT('',(109.34672505337,21.599999999999,
    14.090466349625));
#1506 = CARTESIAN_POINT('',(109.39923930757,21.599999999999,
    14.05146145747));
#1507 = CARTESIAN_POINT('',(109.45114859787,21.599999999999,
    14.011662500476));
#1508 = CARTESIAN_POINT('',(109.5537285568,21.599999999999,
    13.930499159124));
#1509 = CARTESIAN_POINT('',(109.60439924009,21.599999999999,
    13.889134763171));
#1510 = CARTESIAN_POINT('',(109.65443628068,21.599999999999,
    13.84699899363));
#1511 = CARTESIAN_POINT('',(109.70382560645,21.599999999999,
    13.804103518125));
#1512 = CARTESIAN_POINT('',(109.75255341968,21.599999999999,
    13.760460320215));
#1513 = CARTESIAN_POINT('',(109.80060619703,21.599999999999,
    13.716081699398));
#1514 = CARTESIAN_POINT('',(109.89533518214,21.599999999999,
    13.625878842814));
#1515 = CARTESIAN_POINT('',(109.94201140341,21.599999999999,
    13.580054594163));
#1516 = CARTESIAN_POINT('',(109.98798610495,21.599999999999,
    13.533520141077));
#1517 = CARTESIAN_POINT('',(110.03324634043,21.599999999999,
    13.486288389005));
#1518 = CARTESIAN_POINT('',(110.07777946564,21.599999999999,
    13.438372532916));
#1519 = CARTESIAN_POINT('',(110.12157313852,21.599999999999,
    13.389786057306));
#1520 = CARTESIAN_POINT('',(110.2076574998,21.599999999999,
    13.291299415074));
#1521 = CARTESIAN_POINT('',(110.24994820049,21.599999999999,
    13.241399234386));
#1522 = CARTESIAN_POINT('',(110.29147538181,21.599999999999,
    13.190855968589));
#1523 = CARTESIAN_POINT('',(110.33222733168,21.599999999999,
    13.139683652832));
#1524 = CARTESIAN_POINT('',(110.37219266539,21.599999999999,
    13.087896582947));
#1525 = CARTESIAN_POINT('',(110.41136032554,21.599999999999,
    13.03550931545));
#1526 = CARTESIAN_POINT('',(110.48807883862,21.599999999999,
    12.929564019635));
#1527 = CARTESIAN_POINT('',(110.52562970251,21.599999999999,
    12.876005976185));
#1528 = CARTESIAN_POINT('',(110.56236144426,21.599999999999,
    12.82187735479));
#1529 = CARTESIAN_POINT('',(110.59826368416,21.599999999999,
    12.767193202711));
#1530 = CARTESIAN_POINT('',(110.63332639235,21.599999999999,
    12.711968796872));
#1531 = CARTESIAN_POINT('',(110.66753988873,21.599999999999,
    12.656219643853));
#1532 = CARTESIAN_POINT('',(110.73424979737,21.599999999999,
    12.54370331595));
#1533 = CARTESIAN_POINT('',(110.76674621914,21.599999999999,
    12.486936124993));
#1534 = CARTESIAN_POINT('',(110.79837477868,21.599999999999,
    12.429675643622));
#1535 = CARTESIAN_POINT('',(110.82912651565,21.599999999999,
    12.371937805143));
#1536 = CARTESIAN_POINT('',(110.85899283904,21.599999999999,
    12.313738739575));
#1537 = CARTESIAN_POINT('',(110.88796552718,21.599999999999,
    12.255094773652));
#1538 = CARTESIAN_POINT('',(110.94410792831,21.599999999999,
    12.136950087993));
#1539 = CARTESIAN_POINT('',(110.97127764933,21.599999999999,
    12.077449351382));
#1540 = CARTESIAN_POINT('',(110.99753803908,21.599999999999,
    12.017536744729));
#1541 = CARTESIAN_POINT('',(111.02288163163,21.599999999999,
    11.957228953893));
#1542 = CARTESIAN_POINT('',(111.04730134683,21.599999999999,
    11.896542826854));
#1543 = CARTESIAN_POINT('',(111.07079049031,21.599999999999,
    11.835495373707));
#1544 = CARTESIAN_POINT('',(111.11589501666,21.599999999999,
    11.712712159635));
#1545 = CARTESIAN_POINT('',(111.13751040596,21.599999999999,
    11.650976381172));
#1546 = CARTESIAN_POINT('',(111.15818261344,21.599999999999,
    11.588913603732));
#1547 = CARTESIAN_POINT('',(111.17790573013,21.599999999999,
    11.526541125932));
#1548 = CARTESIAN_POINT('',(111.19667424606,21.599999999999,
    11.463876372556));
#1549 = CARTESIAN_POINT('',(111.21448305022,21.599999999999,
    11.400936894552));
#1550 = CARTESIAN_POINT('',(111.24817181103,21.599999999999,
    11.274543843517));
#1551 = CARTESIAN_POINT('',(111.26405177248,21.599999999999,
    11.211090252433));
#1552 = CARTESIAN_POINT('',(111.27896260364,21.599999999999,
    11.147397273071));
#1553 = CARTESIAN_POINT('',(111.292900002,21.599999999999,
    11.083482671877));
#1554 = CARTESIAN_POINT('',(111.30586007392,21.599999999999,
    11.019364304452));
#1555 = CARTESIAN_POINT('',(111.31783933463,21.599999999999,
    10.95506011555));
#1556 = CARTESIAN_POINT('',(111.3398300817,21.599999999999,
    10.826116162618));
#1557 = CARTESIAN_POINT('',(111.34984157121,21.599999999999,
    10.76147638017));
#1558 = CARTESIAN_POINT('',(111.35886610144,21.599999999999,
    10.696686825766));
#1559 = CARTESIAN_POINT('',(111.36690101239,21.599999999999,
    10.631765584829));
#1560 = CARTESIAN_POINT('',(111.3739440594,21.599999999999,
    10.566730794181));
#1561 = CARTESIAN_POINT('',(111.37999341305,21.599999999999,
    10.501600642043));
#1562 = CARTESIAN_POINT('',(111.39010190547,21.599999999999,
    10.371186094021));
#1563 = CARTESIAN_POINT('',(111.39416104567,21.599999999999,
    10.30590167951));
#1564 = CARTESIAN_POINT('',(111.39722366644,21.599999999999,
    10.24055836417));
#1565 = CARTESIAN_POINT('',(111.39928877261,21.599999999999,
    10.175174400881));
#1566 = CARTESIAN_POINT('',(111.40035578726,21.599999999999,
    10.109768055734));
#1567 = CARTESIAN_POINT('',(111.40042455171,21.599999999999,
    10.044357608032));
#1568 = CARTESIAN_POINT('',(111.39856609939,21.599999999999,
    9.913565092536));
#1569 = CARTESIAN_POINT('',(111.39663888235,21.599999999999,
    9.848183006062));
#1570 = CARTESIAN_POINT('',(111.3937139347,21.599999999999,
    9.782833383363));
#1571 = CARTESIAN_POINT('',(111.38979193439,21.599999999999,
    9.717534491853));
#1572 = CARTESIAN_POINT('',(111.38487397711,21.599999999999,
    9.652304573856));
#1573 = CARTESIAN_POINT('',(111.37896157624,21.599999999999,
    9.587161846609));
#1574 = CARTESIAN_POINT('',(111.36515174951,21.599999999999,
    9.45708715791));
#1575 = CARTESIAN_POINT('',(111.35725432167,21.599999999999,
    9.392155177879));
#1576 = CARTESIAN_POINT('',(111.34836631112,21.599999999999,
    9.327346754243));
#1577 = CARTESIAN_POINT('',(111.33849006329,21.599999999999,
    9.262680015902));
#1578 = CARTESIAN_POINT('',(111.32762833729,21.599999999999,
    9.198173028576));
#1579 = CARTESIAN_POINT('',(111.31578430585,21.599999999999,
    9.133843794813));
#1580 = CARTESIAN_POINT('',(111.29013880497,21.599999999999,
    9.005576713148));
#1581 = CARTESIAN_POINT('',(111.27633733185,21.599999999999,
    8.941638846925));
#1582 = CARTESIAN_POINT('',(111.26156072316,21.599999999999,
    8.877914594547));
#1583 = CARTESIAN_POINT('',(111.24581297212,21.599999999999,
    8.814421794513));
#1584 = CARTESIAN_POINT('',(111.22909847813,21.599999999999,
    8.751178184588));
#1585 = CARTESIAN_POINT('',(111.21142204674,21.599999999999,
    8.688201401797));
#1586 = CARTESIAN_POINT('',(111.17415573257,21.599999999999,
    8.562816563069));
#1587 = CARTESIAN_POINT('',(111.15456584447,21.599999999999,
    8.500408489222));
#1588 = CARTESIAN_POINT('',(111.1340244377,21.599999999999,8.43830229699
    ));
#1589 = CARTESIAN_POINT('',(111.11253711986,21.599999999999,
    8.37651538502));
#1590 = CARTESIAN_POINT('',(111.09010989378,21.599999999999,
    8.315065014505));
#1591 = CARTESIAN_POINT('',(111.06674915756,21.599999999999,
    8.253968309192));
#1592 = CARTESIAN_POINT('',(111.01817425144,21.599999999999,
    8.132516201553));
#1593 = CARTESIAN_POINT('',(110.99296007461,21.599999999999,
    8.072160781879));
#1594 = CARTESIAN_POINT('',(110.96682596796,21.599999999999,
    8.012192982392));
#1595 = CARTESIAN_POINT('',(110.93977910646,21.599999999999,
    7.952629616118));
#1596 = CARTESIAN_POINT('',(110.9118270461,21.599999999999,
    7.893487323067));
#1597 = CARTESIAN_POINT('',(110.88297772388,21.599999999999,
    7.834782570237));
#1598 = CARTESIAN_POINT('',(110.82350119179,21.599999999999,
    7.718280732978));
#1599 = CARTESIAN_POINT('',(110.79287397341,21.599999999999,
    7.66048363191));
#1600 = CARTESIAN_POINT('',(110.76136612134,21.599999999999,
    7.603156642075));
#1601 = CARTESIAN_POINT('',(110.72898631781,21.599999999999,
    7.546315850017));
#1602 = CARTESIAN_POINT('',(110.69574360863,21.599999999999,
    7.489977135152));
#1603 = CARTESIAN_POINT('',(110.66164740327,21.599999999999,
    7.434156169765));
#1604 = CARTESIAN_POINT('',(110.59176754621,21.599999999999,
    7.323580668262));
#1605 = CARTESIAN_POINT('',(110.55598388454,21.599999999999,
    7.268826116352));
#1606 = CARTESIAN_POINT('',(110.51936626335,21.599999999999,
    7.214620228078));
#1607 = CARTESIAN_POINT('',(110.48192479937,21.599999999999,
    7.160978228727));
#1608 = CARTESIAN_POINT('',(110.44366995251,21.599999999999,
    7.107915104079));
#1609 = CARTESIAN_POINT('',(110.4046125258,21.599999999999,
    7.055445600404));
#1610 = CARTESIAN_POINT('',(110.32491480502,21.599999999999,
    6.951722848531));
#1611 = CARTESIAN_POINT('',(110.28427449956,21.599999999999,
    6.900469585517));
#1612 = CARTESIAN_POINT('',(110.24285389575,21.599999999999,
    6.849838941777));
#1613 = CARTESIAN_POINT('',(110.20066446009,21.599999999999,
    6.799845153781));
#1614 = CARTESIAN_POINT('',(110.15771797892,21.599999999999,
    6.750502188121));
#1615 = CARTESIAN_POINT('',(110.11402655834,21.599999999999,
    6.701823741507));
#1616 = CARTESIAN_POINT('',(110.0251786902,21.599999999999,
    6.605822740037));
#1617 = CARTESIAN_POINT('',(109.98002222997,21.599999999999,
    6.558500171469));
#1618 = CARTESIAN_POINT('',(109.93414566997,21.599999999999,
    6.511868961438));
#1619 = CARTESIAN_POINT('',(109.88756173044,21.599999999999,
    6.465942238324));
#1620 = CARTESIAN_POINT('',(109.84028342534,21.599999999999,
    6.420732832516));
#1621 = CARTESIAN_POINT('',(109.79232406248,21.599999999999,
    6.376253276414));
#1622 = CARTESIAN_POINT('',(109.69507042435,21.599999999999,
    6.288778332436));
#1623 = CARTESIAN_POINT('',(109.64577613518,21.599999999999,
    6.245782932066));
#1624 = CARTESIAN_POINT('',(109.59582797794,21.599999999999,
    6.203541837218));
#1625 = CARTESIAN_POINT('',(109.54523981996,21.599999999999,
    6.16206695819));
#1626 = CARTESIAN_POINT('',(109.49402579386,21.599999999999,
    6.121369881675));
#1627 = CARTESIAN_POINT('',(109.4422002976,21.599999999999,
    6.081461870762));
#1628 = CARTESIAN_POINT('',(109.33735569128,21.599999999999,
    6.003245859104));
#1629 = CARTESIAN_POINT('',(109.28433656624,21.599999999999,
    5.964937847188));
#1630 = CARTESIAN_POINT('',(109.23073528298,21.599999999999,
    5.927440768123));
#1631 = CARTESIAN_POINT('',(109.17656673977,21.599999999999,
    5.890765214339));
#1632 = CARTESIAN_POINT('',(109.12184606949,21.599999999999,
    5.85492143176));
#1633 = CARTESIAN_POINT('',(109.06658863962,21.599999999999,
    5.819919319798));
#1634 = CARTESIAN_POINT('',(108.95503146491,21.599999999999,
    5.751617542923));
#1635 = CARTESIAN_POINT('',(108.89873170412,21.599999999999,
    5.718317868253));
#1636 = CARTESIAN_POINT('',(108.84192637237,21.599999999999,
    5.685878959678));
#1637 = CARTESIAN_POINT('',(108.78463127402,21.599999999999,
    5.654310003015));
#1638 = CARTESIAN_POINT('',(108.72686241543,21.599999999999,
    5.623619817576));
#1639 = CARTESIAN_POINT('',(108.66863600486,21.599999999999,
    5.59381685616));
#1640 = CARTESIAN_POINT('',(108.55130090019,21.599999999999,
    5.536001553965));
#1641 = CARTESIAN_POINT('',(108.49219218934,21.599999999999,
    5.507989204927));
#1642 = CARTESIAN_POINT('',(108.43265873048,21.599999999999,
    5.480880243633));
#1643 = CARTESIAN_POINT('',(108.37271710173,21.599999999999,
    5.454682372328));
#1644 = CARTESIAN_POINT('',(108.31238404875,21.599999999999,
    5.429402909822));
#1645 = CARTESIAN_POINT('',(108.25167648483,21.599999999999,
    5.405048791485));
#1646 = CARTESIAN_POINT('',(108.1295464968,21.599999999999,
    5.358204347014));
#1647 = CARTESIAN_POINT('',(108.06812405525,21.599999999999,
    5.33571401419));
#1648 = CARTESIAN_POINT('',(108.00636124725,21.599999999999,
    5.314162122075));
#1649 = CARTESIAN_POINT('',(107.94427528572,21.599999999999,
    5.293554824813));
#1650 = CARTESIAN_POINT('',(107.88188351541,21.599999999999,
    5.273897879395));
#1651 = CARTESIAN_POINT('',(107.81920341288,21.599999999999,
    5.255196645653));
#1652 = CARTESIAN_POINT('',(107.69330176012,21.599999999999,
    5.219715526883));
#1653 = CARTESIAN_POINT('',(107.63008019193,21.599999999999,
    5.202935636787));
#1654 = CARTESIAN_POINT('',(107.56660549047,21.599999999999,
    5.187121378005));
#1655 = CARTESIAN_POINT('',(107.50289535928,21.599999999999,
    5.17227730502));
#1656 = CARTESIAN_POINT('',(107.43896759684,21.599999999999,
    5.158407564768));
#1657 = CARTESIAN_POINT('',(107.37484009657,21.599999999999,
    5.145515896642));
#1658 = CARTESIAN_POINT('',(107.24622159718,21.599999999999,
    5.12169536834));
#1659 = CARTESIAN_POINT('',(107.18173057968,21.599999999999,
    5.110766504761));
#1660 = CARTESIAN_POINT('',(107.11707578289,21.599999999999,
    5.100822372935));
#1661 = CARTESIAN_POINT('',(107.05227525262,21.599999999999,
    5.091865889523));
#1662 = CARTESIAN_POINT('',(106.98734709196,21.599999999999,
    5.083899556667));
#1663 = CARTESIAN_POINT('',(106.92230946131,21.599999999999,
    5.076925461989));
#1664 = CARTESIAN_POINT('',(106.7920516954,21.599999999999,
    5.064965095195));
#1665 = CARTESIAN_POINT('',(106.72683154153,21.599999999999,
    5.059978821371));
#1666 = CARTESIAN_POINT('',(106.6615383345,21.599999999999,
    5.055988129545));
#1667 = CARTESIAN_POINT('',(106.5961903112,21.599999999999,
    5.052994274123));
#1668 = CARTESIAN_POINT('',(106.53080572769,21.599999999999,
    5.050998091487));
#1669 = CARTESIAN_POINT('',(106.46540285917,21.599999999999,5.05));
#1670 = CARTESIAN_POINT('',(106.3413629529,21.599999999999,5.05));
#1671 = CARTESIAN_POINT('',(106.28272590039,21.599999999999,
    5.050802270884));
#1672 = CARTESIAN_POINT('',(106.22410202401,21.599999999999,
    5.052406812476));
#1673 = CARTESIAN_POINT('',(106.16550449421,21.599999999999,
    5.054813354468));
#1674 = CARTESIAN_POINT('',(106.10694647035,21.599999999999,
    5.058021356416));
#1675 = CARTESIAN_POINT('',(106.04844110068,21.599999999999,
    5.062030007748));
#1676 = CARTESIAN_POINT('',(105.92706659252,21.599999999999,
    5.07201631079));
#1677 = CARTESIAN_POINT('',(105.86420795102,21.599999999999,
    5.078121705427));
#1678 = CARTESIAN_POINT('',(105.80144200772,21.599999999999,
    5.08515306124));
#1679 = CARTESIAN_POINT('',(105.73878512668,21.599999999999,
    5.093108667043));
#1680 = CARTESIAN_POINT('',(105.67625362616,21.599999999999,
    5.101986450891));
#1681 = CARTESIAN_POINT('',(105.61386377861,21.599999999999,
    5.111783980083));
#1682 = CARTESIAN_POINT('',(105.48717727282,21.599999999999,
    5.133595602197));
#1683 = CARTESIAN_POINT('',(105.42289207558,21.599999999999,
    5.145676364294));
#1684 = CARTESIAN_POINT('',(105.35879424797,21.599999999999,
    5.15873764304));
#1685 = CARTESIAN_POINT('',(105.29490172925,21.599999999999,
    5.172775925319));
#1686 = CARTESIAN_POINT('',(105.23123236882,21.599999999999,
    5.187787289307));
#1687 = CARTESIAN_POINT('',(105.16780392633,21.599999999999,
    5.203767404464));
#1688 = CARTESIAN_POINT('',(105.04146421688,21.599999999999,
    5.237655658624));
#1689 = CARTESIAN_POINT('',(104.97855293187,21.599999999999,
    5.255563802466));
#1690 = CARTESIAN_POINT('',(104.91591788623,21.599999999999,
    5.274431223166));
#1691 = CARTESIAN_POINT('',(104.85357662283,21.599999999999,
    5.294252782032));
#1692 = CARTESIAN_POINT('',(104.79154655772,21.599999999999,
    5.315022941584));
#1693 = CARTESIAN_POINT('',(104.72984498016,21.599999999999,
    5.336735765553));
#1694 = CARTESIAN_POINT('',(104.60713312512,21.599999999999,
    5.382034072215));
#1695 = CARTESIAN_POINT('',(104.5461228301,21.599999999999,
    5.405619561378));
#1696 = CARTESIAN_POINT('',(104.48547532982,21.599999999999,
    5.430135050679));
#1697 = CARTESIAN_POINT('',(104.42520762379,21.599999999999,
    5.455573818903));
#1698 = CARTESIAN_POINT('',(104.36533654879,21.599999999999,
    5.481928759307));
#1699 = CARTESIAN_POINT('',(104.30587877887,21.599999999999,
    5.50919237963));
#1700 = CARTESIAN_POINT('',(104.18782287183,21.599999999999,
    5.565521224533));
#1701 = CARTESIAN_POINT('',(104.12922471785,21.599999999999,
    5.59458645716));
#1702 = CARTESIAN_POINT('',(104.07107287445,21.599999999999,
    5.624544621561));
#1703 = CARTESIAN_POINT('',(104.01338365535,21.599999999999,
    5.655387470307));
#1704 = CARTESIAN_POINT('',(103.956173177,21.599999999999,5.687106386937
    ));
#1705 = CARTESIAN_POINT('',(103.89945735853,21.599999999999,
    5.719692385963));
#1706 = CARTESIAN_POINT('',(103.78704648504,21.599999999999,
    5.786579839768));
#1707 = CARTESIAN_POINT('',(103.73135141397,21.599999999999,
    5.820881304101));
#1708 = CARTESIAN_POINT('',(103.67618243006,21.599999999999,
    5.856031150763));
#1709 = CARTESIAN_POINT('',(103.6215550246,21.599999999999,
    5.892019675207));
#1710 = CARTESIAN_POINT('',(103.56748445866,21.599999999999,
    5.928836823445));
#1711 = CARTESIAN_POINT('',(103.51398576309,21.599999999999,
    5.966472192043));
#1712 = CARTESIAN_POINT('',(103.40816171398,21.599999999999,
    6.043357864208));
#1713 = CARTESIAN_POINT('',(103.35583634532,21.599999999999,
    6.082608178757));
#1714 = CARTESIAN_POINT('',(103.30411243281,21.599999999999,
    6.122655218346));
#1715 = CARTESIAN_POINT('',(103.25300451548,21.599999999999,
    6.163487902621));
#1716 = CARTESIAN_POINT('',(103.20252687117,21.599999999999,
    6.205094824295));
#1717 = CARTESIAN_POINT('',(103.15269351654,21.599999999999,
    6.247464249153));
#1718 = CARTESIAN_POINT('',(103.05434289748,21.599999999999,
    6.333703982949));
#1719 = CARTESIAN_POINT('',(103.00582561901,21.599999999999,
    6.377574304204));
#1720 = CARTESIAN_POINT('',(102.95798012659,21.599999999999,
    6.422183018161));
#1721 = CARTESIAN_POINT('',(102.91081988521,21.599999999999,
    6.467517761487));
#1722 = CARTESIAN_POINT('',(102.86435806988,21.599999999999,
    6.513565869171));
#1723 = CARTESIAN_POINT('',(102.81860756557,21.599999999999,
    6.560314374527));
#1724 = CARTESIAN_POINT('',(102.72855436901,21.599999999999,
    6.655185643854));
#1725 = CARTESIAN_POINT('',(102.68425166389,21.599999999999,
    6.703308421375));
#1726 = CARTESIAN_POINT('',(102.64068544643,21.599999999999,
    6.752105072923));
#1727 = CARTESIAN_POINT('',(102.59786799477,21.599999999999,
    6.801562055768));
#1728 = CARTESIAN_POINT('',(102.55581127067,21.599999999999,
    6.851665553285));
#1729 = CARTESIAN_POINT('',(102.51452691952,21.599999999999,
    6.902401474951));
#1730 = CARTESIAN_POINT('',(102.43492219505,21.599999999999,
    7.003338611091));
#1731 = CARTESIAN_POINT('',(102.39654869493,21.599999999999,
    7.053497948648));
#1732 = CARTESIAN_POINT('',(102.35891596591,21.599999999999,
    7.104220540354));
#1733 = CARTESIAN_POINT('',(102.3220339087,21.599999999999,
    7.155493245185));
#1734 = CARTESIAN_POINT('',(102.2859121288,21.599999999999,
    7.207302709766));
#1735 = CARTESIAN_POINT('',(102.25055993651,21.599999999999,
    7.259635368364));
#1736 = CARTESIAN_POINT('',(102.18017798644,21.599999999999,
    7.367206734042));
#1737 = CARTESIAN_POINT('',(102.14520482654,21.599999999999,
    7.422482492601));
#1738 = CARTESIAN_POINT('',(102.11107688318,21.599999999999,
    7.47828940962));
#1739 = CARTESIAN_POINT('',(102.077803812,21.599999999999,7.534611963304
    ));
#1740 = CARTESIAN_POINT('',(102.0453949084,21.599999999999,
    7.591434419017));
#1741 = CARTESIAN_POINT('',(102.01385910748,21.599999999999,
    7.64874082928));
#1742 = CARTESIAN_POINT('',(101.95255086058,21.599999999999,
    7.764289238258));
#1743 = CARTESIAN_POINT('',(101.92277840586,21.599999999999,
    7.822531253479));
#1744 = CARTESIAN_POINT('',(101.89389619407,21.599999999999,
    7.88122491879));
#1745 = CARTESIAN_POINT('',(101.86591242118,21.599999999999,
    7.940353894543));
#1746 = CARTESIAN_POINT('',(101.83883490492,21.599999999999,
    7.999901662082));
#1747 = CARTESIAN_POINT('',(101.81267108477,21.599999999999,
    8.05985152374));
#1748 = CARTESIAN_POINT('',(101.76218495923,21.599999999999,
    8.180521681949));
#1749 = CARTESIAN_POINT('',(101.73786264662,21.599999999999,
    8.241241995737));
#1750 = CARTESIAN_POINT('',(101.71446814479,21.599999999999,
    8.302330667272));
#1751 = CARTESIAN_POINT('',(101.69200812135,21.599999999999,
    8.363770675947));
#1752 = CARTESIAN_POINT('',(101.67048885088,21.599999999999,
    8.425544857478));
#1753 = CARTESIAN_POINT('',(101.64991621492,21.599999999999,
    8.48763590391));
#1754 = CARTESIAN_POINT('',(101.61067518912,21.599999999999,
    8.612416823318));
#1755 = CARTESIAN_POINT('',(101.59200679366,21.599999999999,
    8.675106714117));
#1756 = CARTESIAN_POINT('',(101.57429600354,21.599999999999,
    8.738078584179));
#1757 = CARTESIAN_POINT('',(101.55754790213,21.599999999999,
    8.801314874535));
#1758 = CARTESIAN_POINT('',(101.54176716829,21.599999999999,
    8.864797919082));
#1759 = CARTESIAN_POINT('',(101.52695807635,21.599999999999,
    8.928509944582));
#1760 = CARTESIAN_POINT('',(101.49929091597,21.599999999999,
    9.056356196741));
#1761 = CARTESIAN_POINT('',(101.48643284357,21.599999999999,
    9.12049044166));
#1762 = CARTESIAN_POINT('',(101.47455414814,21.599999999999,
    9.184817924904));
#1763 = CARTESIAN_POINT('',(101.46365828621,21.599999999999,
    9.249320696254));
#1764 = CARTESIAN_POINT('',(101.45374830175,21.599999999999,
    9.313980735795));
#1765 = CARTESIAN_POINT('',(101.44482682606,21.599999999999,
    9.378779953914));
#1766 = CARTESIAN_POINT('',(101.42896532965,21.599999999999,
    9.508620428676));
#1767 = CARTESIAN_POINT('',(101.42202530667,21.599999999999,
    9.573661703865));
#1768 = CARTESIAN_POINT('',(101.41607822695,21.599999999999,
    9.638805857467));
#1769 = CARTESIAN_POINT('',(101.41112589127,21.599999999999,
    9.704034698405));
#1770 = CARTESIAN_POINT('',(101.40716968313,21.599999999999,
    9.769330003924));
#1771 = CARTESIAN_POINT('',(101.4042105688,21.599999999999,9.83467351959
    ));
#1772 = CARTESIAN_POINT('',(101.40028762576,21.599999999999,
    9.965420398989));
#1773 = CARTESIAN_POINT('',(101.39932379649,21.599999999999,
    10.030823781396));
#1774 = CARTESIAN_POINT('',(101.39935815778,21.599999999999,
    10.096238820378));
#1775 = CARTESIAN_POINT('',(101.40039083954,21.599999999999,
    10.161647236406));
#1776 = CARTESIAN_POINT('',(101.40242155329,21.599999999999,
    10.227030756557));
#1777 = CARTESIAN_POINT('',(101.40544959212,21.599999999999,
    10.292371114515));
#1778 = CARTESIAN_POINT('',(101.41349806929,21.599999999999,
    10.422928986624));
#1779 = CARTESIAN_POINT('',(101.41851850879,21.599999999999,
    10.488146519424));
#1780 = CARTESIAN_POINT('',(101.42453402321,21.599999999999,
    10.5532843893));
#1781 = CARTESIAN_POINT('',(101.43154307051,21.599999999999,
    10.618324381418));
#1782 = CARTESIAN_POINT('',(101.4395436926,21.599999999999,
    10.683248325783));
#1783 = CARTESIAN_POINT('',(101.44853351533,21.599999999999,
    10.748038097233));
#1784 = CARTESIAN_POINT('',(101.46848598168,21.599999999999,
    10.877313133652));
#1785 = CARTESIAN_POINT('',(101.47944862815,21.599999999999,
    10.941798417086));
#1786 = CARTESIAN_POINT('',(101.49139489705,21.599999999999,
    11.006113385523));
#1787 = CARTESIAN_POINT('',(101.5043215873,21.599999999999,
    11.070240041431));
#1788 = CARTESIAN_POINT('',(101.51822508762,21.599999999999,
    11.134160469969));
#1789 = CARTESIAN_POINT('',(101.53310137652,21.599999999999,
    11.197856838986));
#1790 = CARTESIAN_POINT('',(101.56369793404,21.599999999999,
    11.320389783163));
#1791 = CARTESIAN_POINT('',(101.57928924545,21.599999999999,
    11.379258575389));
#1792 = CARTESIAN_POINT('',(101.59571637989,21.599999999999,
    11.437903452939));
#1793 = CARTESIAN_POINT('',(101.61297545921,21.599999999999,
    11.496310182156));
#1794 = CARTESIAN_POINT('',(101.63106230372,21.599999999999,
    11.554464618485));
#1795 = CARTESIAN_POINT('',(101.64997243219,21.599999999999,
    11.612352706473));
#1796 = CARTESIAN_POINT('',(101.6908910713,21.599999999999,
    11.73183549483));
#1797 = CARTESIAN_POINT('',(101.71302533797,21.599999999999,
    11.793387144979));
#1798 = CARTESIAN_POINT('',(101.73609793435,21.599999999999,
    11.854598122771));
#1799 = CARTESIAN_POINT('',(101.76010254361,21.599999999999,
    11.915451274318));
#1800 = CARTESIAN_POINT('',(101.78503245967,21.599999999999,
    11.975929599286));
#1801 = CARTESIAN_POINT('',(101.81088058717,21.599999999999,
    12.036016250896));
#1802 = CARTESIAN_POINT('',(101.86439829583,21.599999999999,
    12.155372820946));
#1803 = CARTESIAN_POINT('',(101.89206788463,21.599999999999,
    12.214642756435));
#1804 = CARTESIAN_POINT('',(101.92064072266,21.599999999999,
    12.27348764944));
#1805 = CARTESIAN_POINT('',(101.95010895108,21.599999999999,
    12.331890995515));
#1806 = CARTESIAN_POINT('',(101.98046433745,21.599999999999,
    12.389836478722));
#1807 = CARTESIAN_POINT('',(102.01169827573,21.599999999999,
    12.447307971624));
#1808 = CARTESIAN_POINT('',(102.07590529688,21.599999999999,
    12.561271098953));
#1809 = CARTESIAN_POINT('',(102.1088783889,21.599999999999,
    12.617762749657));
#1810 = CARTESIAN_POINT('',(102.14271208216,21.599999999999,
    12.673748548803));
#1811 = CARTESIAN_POINT('',(102.17739704164,21.599999999999,
    12.729212779666));
#1812 = CARTESIAN_POINT('',(102.21292357751,21.599999999999,
    12.784139947396));
#1813 = CARTESIAN_POINT('',(102.24928164516,21.599999999999,
    12.838514779018));
#1814 = CARTESIAN_POINT('',(102.3236400452,21.599999999999,
    12.946129667844));
#1815 = CARTESIAN_POINT('',(102.36164038822,21.599999999999,
    12.999369740419));
#1816 = CARTESIAN_POINT('',(102.40045147426,21.599999999999,
    13.052027390442));
#1817 = CARTESIAN_POINT('',(102.44006257034,21.599999999999,
    13.104087820585));
#1818 = CARTESIAN_POINT('',(102.48046261043,21.599999999999,
    13.155536486906));
#1819 = CARTESIAN_POINT('',(102.5216401955,21.599999999999,
    13.206359098849));
#1820 = CARTESIAN_POINT('',(102.60552699149,21.599999999999,
    13.306724139642));
#1821 = CARTESIAN_POINT('',(102.64823621439,21.599999999999,
    13.356266582827));
#1822 = CARTESIAN_POINT('',(102.69169952961,21.599999999999,
    13.405154912068));
#1823 = CARTESIAN_POINT('',(102.7359048961,21.599999999999,
    13.453375373406));
#1824 = CARTESIAN_POINT('',(102.78083996438,21.599999999999,
    13.500914495658));
#1825 = CARTESIAN_POINT('',(102.82649207648,21.599999999999,
    13.547759090416));
#1826 = CARTESIAN_POINT('',(102.91920445549,21.599999999999,
    13.640033413679));
#1827 = CARTESIAN_POINT('',(102.96626473564,21.599999999999,
    13.685463155364));
#1828 = CARTESIAN_POINT('',(103.01401613953,21.599999999999,
    13.730172571952));
#1829 = CARTESIAN_POINT('',(103.06244541897,21.599999999999,
    13.774149068086));
#1830 = CARTESIAN_POINT('',(103.11153904442,21.599999999999,
    13.817380358205));
#1831 = CARTESIAN_POINT('',(103.16128320507,21.599999999999,
    13.859854466543));
#1832 = CARTESIAN_POINT('',(103.59207195049,21.599999999999,
    14.216463073219));
#1833 = CARTESIAN_POINT('',(104.0089275797,21.599999999999,
    14.487665380972));
#1834 = CARTESIAN_POINT('',(104.4559277335,21.599999999999,
    14.709843664498));
#1835 = CARTESIAN_POINT('',(104.92611244944,21.599999999999,
    14.879204431713));
#1836 = CARTESIAN_POINT('',(105.41211781997,21.599999999999,
    14.993095199462));
#1837 = CARTESIAN_POINT('',(105.90616351726,21.599999999999,15.05));
#1838 = CARTESIAN_POINT('',(106.4,21.599999999999,15.05));
#1839 = PCURVE('',#452,#1840);
#1840 = DEFINITIONAL_REPRESENTATION('',(#1841),#2216);
#1841 = B_SPLINE_CURVE_WITH_KNOTS('',7,(#1842,#1843,#1844,#1845,#1846,
    #1847,#1848,#1849,#1850,#1851,#1852,#1853,#1854,#1855,#1856,#1857,
    #1858,#1859,#1860,#1861,#1862,#1863,#1864,#1865,#1866,#1867,#1868,
    #1869,#1870,#1871,#1872,#1873,#1874,#1875,#1876,#1877,#1878,#1879,
    #1880,#1881,#1882,#1883,#1884,#1885,#1886,#1887,#1888,#1889,#1890,
    #1891,#1892,#1893,#1894,#1895,#1896,#1897,#1898,#1899,#1900,#1901,
    #1902,#1903,#1904,#1905,#1906,#1907,#1908,#1909,#1910,#1911,#1912,
    #1913,#1914,#1915,#1916,#1917,#1918,#1919,#1920,#1921,#1922,#1923,
    #1924,#1925,#1926,#1927,#1928,#1929,#1930,#1931,#1932,#1933,#1934,
    #1935,#1936,#1937,#1938,#1939,#1940,#1941,#1942,#1943,#1944,#1945,
    #1946,#1947,#1948,#1949,#1950,#1951,#1952,#1953,#1954,#1955,#1956,
    #1957,#1958,#1959,#1960,#1961,#1962,#1963,#1964,#1965,#1966,#1967,
    #1968,#1969,#1970,#1971,#1972,#1973,#1974,#1975,#1976,#1977,#1978,
    #1979,#1980,#1981,#1982,#1983,#1984,#1985,#1986,#1987,#1988,#1989,
    #1990,#1991,#1992,#1993,#1994,#1995,#1996,#1997,#1998,#1999,#2000,
    #2001,#2002,#2003,#2004,#2005,#2006,#2007,#2008,#2009,#2010,#2011,
    #2012,#2013,#2014,#2015,#2016,#2017,#2018,#2019,#2020,#2021,#2022,
    #2023,#2024,#2025,#2026,#2027,#2028,#2029,#2030,#2031,#2032,#2033,
    #2034,#2035,#2036,#2037,#2038,#2039,#2040,#2041,#2042,#2043,#2044,
    #2045,#2046,#2047,#2048,#2049,#2050,#2051,#2052,#2053,#2054,#2055,
    #2056,#2057,#2058,#2059,#2060,#2061,#2062,#2063,#2064,#2065,#2066,
    #2067,#2068,#2069,#2070,#2071,#2072,#2073,#2074,#2075,#2076,#2077,
    #2078,#2079,#2080,#2081,#2082,#2083,#2084,#2085,#2086,#2087,#2088,
    #2089,#2090,#2091,#2092,#2093,#2094,#2095,#2096,#2097,#2098,#2099,
    #2100,#2101,#2102,#2103,#2104,#2105,#2106,#2107,#2108,#2109,#2110,
    #2111,#2112,#2113,#2114,#2115,#2116,#2117,#2118,#2119,#2120,#2121,
    #2122,#2123,#2124,#2125,#2126,#2127,#2128,#2129,#2130,#2131,#2132,
    #2133,#2134,#2135,#2136,#2137,#2138,#2139,#2140,#2141,#2142,#2143,
    #2144,#2145,#2146,#2147,#2148,#2149,#2150,#2151,#2152,#2153,#2154,
    #2155,#2156,#2157,#2158,#2159,#2160,#2161,#2162,#2163,#2164,#2165,
    #2166,#2167,#2168,#2169,#2170,#2171,#2172,#2173,#2174,#2175,#2176,
    #2177,#2178,#2179,#2180,#2181,#2182,#2183,#2184,#2185,#2186,#2187,
    #2188,#2189,#2190,#2191,#2192,#2193,#2194,#2195,#2196,#2197,#2198,
    #2199,#2200,#2201,#2202,#2203,#2204,#2205,#2206,#2207,#2208,#2209,
    #2210,#2211,#2212,#2213,#2214,#2215),.UNSPECIFIED.,.F.,.F.,(8,6,6,6,
    6,6,6,6,6,6,6,6,6,6,6,6,6,6,6,6,6,6,6,6,6,6,6,6,6,6,6,6,6,6,6,6,6,6,
    6,6,6,6,6,6,6,6,6,6,6,6,6,6,6,6,6,6,6,6,6,6,6,6,8),(0.,
    1.909549762881E-02,3.366858630696E-02,4.82416749851E-02,
    6.281476366325E-02,7.738785234139E-02,9.196094101953E-02,
    0.106534029698,0.121107118376,0.135680207054,0.150253295732,
    0.16482638441,0.179399473088,0.193972561767,0.208545650445,
    0.223118739123,0.237691827801,0.252264916479,0.266838005157,
    0.281411093835,0.295984182514,0.310557271192,0.32513035987,
    0.339703448548,0.354276537226,0.368849625904,0.383422714583,
    0.397995803261,0.412568891939,0.427141980617,0.441715069295,
    0.456288157973,0.470861246651,0.485434335329,0.500007424008,
    0.513072951997,0.527143520459,0.541716609137,0.556289697816,
    0.570862786494,0.585435875172,0.60000896385,0.614582052528,
    0.629155141206,0.643728229884,0.657798798346,0.672371887025,
    0.686944975703,0.701518064381,0.716091153059,0.730664241737,
    0.745237330415,0.759810419093,0.774383507771,0.78895659645,
    0.802524644682,0.81709773336,0.831670822038,0.846243910716,
    0.860816999394,0.875390088072,0.88996317675,1.),.UNSPECIFIED.);
#1842 = CARTESIAN_POINT('',(0.,-1.792184521541));
#1843 = CARTESIAN_POINT('',(1.714112182134E-02,-1.792184521541));
#1844 = CARTESIAN_POINT('',(3.428121240194E-02,-1.792184521541));
#1845 = CARTESIAN_POINT('',(5.142092168722E-02,-1.792184521541));
#1846 = CARTESIAN_POINT('',(6.856065614169E-02,-1.792184521541));
#1847 = CARTESIAN_POINT('',(8.57005787489E-02,-1.792184521541));
#1848 = CARTESIAN_POINT('',(0.102840609011,-1.792184521541));
#1849 = CARTESIAN_POINT('',(0.133060994787,-1.792184521541));
#1850 = CARTESIAN_POINT('',(0.146141567214,-1.792184521541));
#1851 = CARTESIAN_POINT('',(0.159222139996,-1.792184521541));
#1852 = CARTESIAN_POINT('',(0.172302712896,-1.792184521541));
#1853 = CARTESIAN_POINT('',(0.185383285678,-1.792184521541));
#1854 = CARTESIAN_POINT('',(0.198463858105,-1.792184521541));
#1855 = CARTESIAN_POINT('',(0.224625001776,-1.792184521541));
#1856 = CARTESIAN_POINT('',(0.237705574203,-1.792184521541));
#1857 = CARTESIAN_POINT('',(0.250786146985,-1.792184521541));
#1858 = CARTESIAN_POINT('',(0.263866719885,-1.792184521541));
#1859 = CARTESIAN_POINT('',(0.276947292667,-1.792184521541));
#1860 = CARTESIAN_POINT('',(0.290027865094,-1.792184521541));
#1861 = CARTESIAN_POINT('',(0.316189008765,-1.792184521541));
#1862 = CARTESIAN_POINT('',(0.329269581192,-1.792184521541));
#1863 = CARTESIAN_POINT('',(0.342350153974,-1.792184521541));
#1864 = CARTESIAN_POINT('',(0.355430726874,-1.792184521541));
#1865 = CARTESIAN_POINT('',(0.368511299656,-1.792184521541));
#1866 = CARTESIAN_POINT('',(0.381591872083,-1.792184521541));
#1867 = CARTESIAN_POINT('',(0.407753015754,-1.792184521541));
#1868 = CARTESIAN_POINT('',(0.420833588181,-1.792184521541));
#1869 = CARTESIAN_POINT('',(0.433914160963,-1.792184521541));
#1870 = CARTESIAN_POINT('',(0.446994733863,-1.792184521541));
#1871 = CARTESIAN_POINT('',(0.460075306645,-1.792184521541));
#1872 = CARTESIAN_POINT('',(0.473155879072,-1.792184521541));
#1873 = CARTESIAN_POINT('',(0.499317022743,-1.792184521541));
#1874 = CARTESIAN_POINT('',(0.51239759517,-1.792184521541));
#1875 = CARTESIAN_POINT('',(0.525478167952,-1.792184521541));
#1876 = CARTESIAN_POINT('',(0.538558740852,-1.792184521541));
#1877 = CARTESIAN_POINT('',(0.551639313634,-1.792184521541));
#1878 = CARTESIAN_POINT('',(0.564719886061,-1.792184521541));
#1879 = CARTESIAN_POINT('',(0.590881029732,-1.792184521541));
#1880 = CARTESIAN_POINT('',(0.603961602159,-1.792184521541));
#1881 = CARTESIAN_POINT('',(0.617042174941,-1.792184521541));
#1882 = CARTESIAN_POINT('',(0.630122747841,-1.792184521541));
#1883 = CARTESIAN_POINT('',(0.643203320623,-1.792184521541));
#1884 = CARTESIAN_POINT('',(0.65628389305,-1.792184521541));
#1885 = CARTESIAN_POINT('',(0.682445036721,-1.792184521541));
#1886 = CARTESIAN_POINT('',(0.695525609148,-1.792184521541));
#1887 = CARTESIAN_POINT('',(0.70860618193,-1.792184521541));
#1888 = CARTESIAN_POINT('',(0.72168675483,-1.792184521541));
#1889 = CARTESIAN_POINT('',(0.734767327612,-1.792184521541));
#1890 = CARTESIAN_POINT('',(0.747847900039,-1.792184521541));
#1891 = CARTESIAN_POINT('',(0.77400904371,-1.792184521541));
#1892 = CARTESIAN_POINT('',(0.787089616137,-1.792184521541));
#1893 = CARTESIAN_POINT('',(0.800170188919,-1.792184521541));
#1894 = CARTESIAN_POINT('',(0.813250761819,-1.792184521541));
#1895 = CARTESIAN_POINT('',(0.826331334601,-1.792184521541));
#1896 = CARTESIAN_POINT('',(0.839411907028,-1.792184521541));
#1897 = CARTESIAN_POINT('',(0.865573050699,-1.792184521541));
#1898 = CARTESIAN_POINT('',(0.878653623126,-1.792184521541));
#1899 = CARTESIAN_POINT('',(0.891734195908,-1.792184521541));
#1900 = CARTESIAN_POINT('',(0.904814768808,-1.792184521541));
#1901 = CARTESIAN_POINT('',(0.91789534159,-1.792184521541));
#1902 = CARTESIAN_POINT('',(0.930975914017,-1.792184521541));
#1903 = CARTESIAN_POINT('',(0.957137057688,-1.792184521541));
#1904 = CARTESIAN_POINT('',(0.970217630115,-1.792184521541));
#1905 = CARTESIAN_POINT('',(0.983298202897,-1.792184521541));
#1906 = CARTESIAN_POINT('',(0.996378775797,-1.792184521541));
#1907 = CARTESIAN_POINT('',(1.009459348579,-1.792184521541));
#1908 = CARTESIAN_POINT('',(1.022539921006,-1.792184521541));
#1909 = CARTESIAN_POINT('',(1.048701064677,-1.792184521541));
#1910 = CARTESIAN_POINT('',(1.061781637104,-1.792184521541));
#1911 = CARTESIAN_POINT('',(1.074862209886,-1.792184521541));
#1912 = CARTESIAN_POINT('',(1.087942782786,-1.792184521541));
#1913 = CARTESIAN_POINT('',(1.101023355568,-1.792184521541));
#1914 = CARTESIAN_POINT('',(1.114103927995,-1.792184521541));
#1915 = CARTESIAN_POINT('',(1.140265071666,-1.792184521541));
#1916 = CARTESIAN_POINT('',(1.153345644093,-1.792184521541));
#1917 = CARTESIAN_POINT('',(1.166426216875,-1.792184521541));
#1918 = CARTESIAN_POINT('',(1.179506789775,-1.792184521541));
#1919 = CARTESIAN_POINT('',(1.192587362557,-1.792184521541));
#1920 = CARTESIAN_POINT('',(1.205667934984,-1.792184521541));
#1921 = CARTESIAN_POINT('',(1.231829078655,-1.792184521541));
#1922 = CARTESIAN_POINT('',(1.244909651082,-1.792184521541));
#1923 = CARTESIAN_POINT('',(1.257990223864,-1.792184521541));
#1924 = CARTESIAN_POINT('',(1.271070796764,-1.792184521541));
#1925 = CARTESIAN_POINT('',(1.284151369546,-1.792184521541));
#1926 = CARTESIAN_POINT('',(1.297231941973,-1.792184521541));
#1927 = CARTESIAN_POINT('',(1.323393085644,-1.792184521541));
#1928 = CARTESIAN_POINT('',(1.336473658071,-1.792184521541));
#1929 = CARTESIAN_POINT('',(1.349554230853,-1.792184521541));
#1930 = CARTESIAN_POINT('',(1.362634803753,-1.792184521541));
#1931 = CARTESIAN_POINT('',(1.375715376535,-1.792184521541));
#1932 = CARTESIAN_POINT('',(1.388795948962,-1.792184521541));
#1933 = CARTESIAN_POINT('',(1.414957092633,-1.792184521541));
#1934 = CARTESIAN_POINT('',(1.42803766506,-1.792184521541));
#1935 = CARTESIAN_POINT('',(1.441118237842,-1.792184521541));
#1936 = CARTESIAN_POINT('',(1.454198810742,-1.792184521541));
#1937 = CARTESIAN_POINT('',(1.467279383524,-1.792184521541));
#1938 = CARTESIAN_POINT('',(1.480359955951,-1.792184521541));
#1939 = CARTESIAN_POINT('',(1.506521099622,-1.792184521541));
#1940 = CARTESIAN_POINT('',(1.519601672049,-1.792184521541));
#1941 = CARTESIAN_POINT('',(1.532682244831,-1.792184521541));
#1942 = CARTESIAN_POINT('',(1.545762817731,-1.792184521541));
#1943 = CARTESIAN_POINT('',(1.558843390513,-1.792184521541));
#1944 = CARTESIAN_POINT('',(1.57192396294,-1.792184521541));
#1945 = CARTESIAN_POINT('',(1.598085106612,-1.792184521541));
#1946 = CARTESIAN_POINT('',(1.611165679039,-1.792184521541));
#1947 = CARTESIAN_POINT('',(1.62424625182,-1.792184521541));
#1948 = CARTESIAN_POINT('',(1.637326824721,-1.792184521541));
#1949 = CARTESIAN_POINT('',(1.650407397502,-1.792184521541));
#1950 = CARTESIAN_POINT('',(1.663487969929,-1.792184521541));
#1951 = CARTESIAN_POINT('',(1.689649113601,-1.792184521541));
#1952 = CARTESIAN_POINT('',(1.702729686028,-1.792184521541));
#1953 = CARTESIAN_POINT('',(1.715810258809,-1.792184521541));
#1954 = CARTESIAN_POINT('',(1.72889083171,-1.792184521541));
#1955 = CARTESIAN_POINT('',(1.741971404491,-1.792184521541));
#1956 = CARTESIAN_POINT('',(1.755051976918,-1.792184521541));
#1957 = CARTESIAN_POINT('',(1.78121312059,-1.792184521541));
#1958 = CARTESIAN_POINT('',(1.794293693017,-1.792184521541));
#1959 = CARTESIAN_POINT('',(1.807374265798,-1.792184521541));
#1960 = CARTESIAN_POINT('',(1.820454838699,-1.792184521541));
#1961 = CARTESIAN_POINT('',(1.83353541148,-1.792184521541));
#1962 = CARTESIAN_POINT('',(1.846615983908,-1.792184521541));
#1963 = CARTESIAN_POINT('',(1.872777127579,-1.792184521541));
#1964 = CARTESIAN_POINT('',(1.885857700006,-1.792184521541));
#1965 = CARTESIAN_POINT('',(1.898938272788,-1.792184521541));
#1966 = CARTESIAN_POINT('',(1.912018845688,-1.792184521541));
#1967 = CARTESIAN_POINT('',(1.92509941847,-1.792184521541));
#1968 = CARTESIAN_POINT('',(1.938179990897,-1.792184521541));
#1969 = CARTESIAN_POINT('',(1.964341134568,-1.792184521541));
#1970 = CARTESIAN_POINT('',(1.977421706995,-1.792184521541));
#1971 = CARTESIAN_POINT('',(1.990502279777,-1.792184521541));
#1972 = CARTESIAN_POINT('',(2.003582852677,-1.792184521541));
#1973 = CARTESIAN_POINT('',(2.016663425459,-1.792184521541));
#1974 = CARTESIAN_POINT('',(2.029743997886,-1.792184521541));
#1975 = CARTESIAN_POINT('',(2.055905141557,-1.792184521541));
#1976 = CARTESIAN_POINT('',(2.068985713984,-1.792184521541));
#1977 = CARTESIAN_POINT('',(2.082066286766,-1.792184521541));
#1978 = CARTESIAN_POINT('',(2.095146859666,-1.792184521541));
#1979 = CARTESIAN_POINT('',(2.108227432448,-1.792184521541));
#1980 = CARTESIAN_POINT('',(2.121308004875,-1.792184521541));
#1981 = CARTESIAN_POINT('',(2.147469148546,-1.792184521541));
#1982 = CARTESIAN_POINT('',(2.160549720973,-1.792184521541));
#1983 = CARTESIAN_POINT('',(2.173630293755,-1.792184521541));
#1984 = CARTESIAN_POINT('',(2.186710866655,-1.792184521541));
#1985 = CARTESIAN_POINT('',(2.199791439437,-1.792184521541));
#1986 = CARTESIAN_POINT('',(2.212872011864,-1.792184521541));
#1987 = CARTESIAN_POINT('',(2.239033155535,-1.792184521541));
#1988 = CARTESIAN_POINT('',(2.252113727962,-1.792184521541));
#1989 = CARTESIAN_POINT('',(2.265194300744,-1.792184521541));
#1990 = CARTESIAN_POINT('',(2.278274873644,-1.792184521541));
#1991 = CARTESIAN_POINT('',(2.291355446426,-1.792184521541));
#1992 = CARTESIAN_POINT('',(2.304436018853,-1.792184521541));
#1993 = CARTESIAN_POINT('',(2.330597162524,-1.792184521541));
#1994 = CARTESIAN_POINT('',(2.343677734951,-1.792184521541));
#1995 = CARTESIAN_POINT('',(2.356758307733,-1.792184521541));
#1996 = CARTESIAN_POINT('',(2.369838880633,-1.792184521541));
#1997 = CARTESIAN_POINT('',(2.382919453415,-1.792184521541));
#1998 = CARTESIAN_POINT('',(2.396000025842,-1.792184521541));
#1999 = CARTESIAN_POINT('',(2.422161169513,-1.792184521541));
#2000 = CARTESIAN_POINT('',(2.43524174194,-1.792184521541));
#2001 = CARTESIAN_POINT('',(2.448322314722,-1.792184521541));
#2002 = CARTESIAN_POINT('',(2.461402887622,-1.792184521541));
#2003 = CARTESIAN_POINT('',(2.474483460404,-1.792184521541));
#2004 = CARTESIAN_POINT('',(2.487564032831,-1.792184521541));
#2005 = CARTESIAN_POINT('',(2.513725176502,-1.792184521541));
#2006 = CARTESIAN_POINT('',(2.526805748929,-1.792184521541));
#2007 = CARTESIAN_POINT('',(2.539886321711,-1.792184521541));
#2008 = CARTESIAN_POINT('',(2.552966894611,-1.792184521541));
#2009 = CARTESIAN_POINT('',(2.566047467393,-1.792184521541));
#2010 = CARTESIAN_POINT('',(2.57912803982,-1.792184521541));
#2011 = CARTESIAN_POINT('',(2.605289183491,-1.792184521541));
#2012 = CARTESIAN_POINT('',(2.618369755918,-1.792184521541));
#2013 = CARTESIAN_POINT('',(2.6314503287,-1.792184521541));
#2014 = CARTESIAN_POINT('',(2.6445309016,-1.792184521541));
#2015 = CARTESIAN_POINT('',(2.657611474382,-1.792184521541));
#2016 = CARTESIAN_POINT('',(2.670692046809,-1.792184521541));
#2017 = CARTESIAN_POINT('',(2.69685319048,-1.792184521541));
#2018 = CARTESIAN_POINT('',(2.709933762907,-1.792184521541));
#2019 = CARTESIAN_POINT('',(2.723014335689,-1.792184521541));
#2020 = CARTESIAN_POINT('',(2.736094908589,-1.792184521541));
#2021 = CARTESIAN_POINT('',(2.749175481371,-1.792184521541));
#2022 = CARTESIAN_POINT('',(2.762256053798,-1.792184521541));
#2023 = CARTESIAN_POINT('',(2.788417197469,-1.792184521541));
#2024 = CARTESIAN_POINT('',(2.801497769896,-1.792184521541));
#2025 = CARTESIAN_POINT('',(2.814578342678,-1.792184521541));
#2026 = CARTESIAN_POINT('',(2.827658915578,-1.792184521541));
#2027 = CARTESIAN_POINT('',(2.84073948836,-1.792184521541));
#2028 = CARTESIAN_POINT('',(2.853820060787,-1.792184521541));
#2029 = CARTESIAN_POINT('',(2.879981204458,-1.792184521541));
#2030 = CARTESIAN_POINT('',(2.893061776885,-1.792184521541));
#2031 = CARTESIAN_POINT('',(2.906142349667,-1.792184521541));
#2032 = CARTESIAN_POINT('',(2.919222922567,-1.792184521541));
#2033 = CARTESIAN_POINT('',(2.932303495349,-1.792184521541));
#2034 = CARTESIAN_POINT('',(2.945384067776,-1.792184521541));
#2035 = CARTESIAN_POINT('',(2.971545211447,-1.792184521541));
#2036 = CARTESIAN_POINT('',(2.984625783874,-1.792184521541));
#2037 = CARTESIAN_POINT('',(2.997706356656,-1.792184521541));
#2038 = CARTESIAN_POINT('',(3.010786929556,-1.792184521541));
#2039 = CARTESIAN_POINT('',(3.023867502338,-1.792184521541));
#2040 = CARTESIAN_POINT('',(3.036948074765,-1.792184521541));
#2041 = CARTESIAN_POINT('',(3.063109218436,-1.792184521541));
#2042 = CARTESIAN_POINT('',(3.076189790863,-1.792184521541));
#2043 = CARTESIAN_POINT('',(3.089270363645,-1.792184521541));
#2044 = CARTESIAN_POINT('',(3.102350936545,-1.792184521541));
#2045 = CARTESIAN_POINT('',(3.115431509327,-1.792184521541));
#2046 = CARTESIAN_POINT('',(3.128512081754,-1.792184521541));
#2047 = CARTESIAN_POINT('',(3.153320063009,-1.792184521541));
#2048 = CARTESIAN_POINT('',(3.165047472772,-1.792184521541));
#2049 = CARTESIAN_POINT('',(3.176774882739,-1.792184521541));
#2050 = CARTESIAN_POINT('',(3.188502292775,-1.792184521541));
#2051 = CARTESIAN_POINT('',(3.200229702743,-1.792184521541));
#2052 = CARTESIAN_POINT('',(3.211957112505,-1.792184521541));
#2053 = CARTESIAN_POINT('',(3.236314039634,-1.792184521541));
#2054 = CARTESIAN_POINT('',(3.248943557839,-1.792184521541));
#2055 = CARTESIAN_POINT('',(3.261573076342,-1.792184521541));
#2056 = CARTESIAN_POINT('',(3.274202594945,-1.792184521541));
#2057 = CARTESIAN_POINT('',(3.286832113448,-1.792184521541));
#2058 = CARTESIAN_POINT('',(3.299461631653,-1.792184521541));
#2059 = CARTESIAN_POINT('',(3.325171721198,-1.792184521541));
#2060 = CARTESIAN_POINT('',(3.338252293625,-1.792184521541));
#2061 = CARTESIAN_POINT('',(3.351332866407,-1.792184521541));
#2062 = CARTESIAN_POINT('',(3.364413439307,-1.792184521541));
#2063 = CARTESIAN_POINT('',(3.377494012089,-1.792184521541));
#2064 = CARTESIAN_POINT('',(3.390574584516,-1.792184521541));
#2065 = CARTESIAN_POINT('',(3.416735728187,-1.792184521541));
#2066 = CARTESIAN_POINT('',(3.429816300614,-1.792184521541));
#2067 = CARTESIAN_POINT('',(3.442896873396,-1.792184521541));
#2068 = CARTESIAN_POINT('',(3.455977446296,-1.792184521541));
#2069 = CARTESIAN_POINT('',(3.469058019078,-1.792184521541));
#2070 = CARTESIAN_POINT('',(3.482138591505,-1.792184521541));
#2071 = CARTESIAN_POINT('',(3.508299735176,-1.792184521541));
#2072 = CARTESIAN_POINT('',(3.521380307603,-1.792184521541));
#2073 = CARTESIAN_POINT('',(3.534460880385,-1.792184521541));
#2074 = CARTESIAN_POINT('',(3.547541453285,-1.792184521541));
#2075 = CARTESIAN_POINT('',(3.560622026067,-1.792184521541));
#2076 = CARTESIAN_POINT('',(3.573702598494,-1.792184521541));
#2077 = CARTESIAN_POINT('',(3.599863742165,-1.792184521541));
#2078 = CARTESIAN_POINT('',(3.612944314592,-1.792184521541));
#2079 = CARTESIAN_POINT('',(3.626024887374,-1.792184521541));
#2080 = CARTESIAN_POINT('',(3.639105460274,-1.792184521541));
#2081 = CARTESIAN_POINT('',(3.652186033056,-1.792184521541));
#2082 = CARTESIAN_POINT('',(3.665266605483,-1.792184521541));
#2083 = CARTESIAN_POINT('',(3.691427749154,-1.792184521541));
#2084 = CARTESIAN_POINT('',(3.704508321581,-1.792184521541));
#2085 = CARTESIAN_POINT('',(3.717588894363,-1.792184521541));
#2086 = CARTESIAN_POINT('',(3.730669467263,-1.792184521541));
#2087 = CARTESIAN_POINT('',(3.743750040045,-1.792184521541));
#2088 = CARTESIAN_POINT('',(3.756830612472,-1.792184521541));
#2089 = CARTESIAN_POINT('',(3.782991756143,-1.792184521541));
#2090 = CARTESIAN_POINT('',(3.79607232857,-1.792184521541));
#2091 = CARTESIAN_POINT('',(3.809152901352,-1.792184521541));
#2092 = CARTESIAN_POINT('',(3.822233474252,-1.792184521541));
#2093 = CARTESIAN_POINT('',(3.835314047034,-1.792184521541));
#2094 = CARTESIAN_POINT('',(3.848394619461,-1.792184521541));
#2095 = CARTESIAN_POINT('',(3.874555763132,-1.792184521541));
#2096 = CARTESIAN_POINT('',(3.887636335559,-1.792184521541));
#2097 = CARTESIAN_POINT('',(3.900716908341,-1.792184521541));
#2098 = CARTESIAN_POINT('',(3.913797481241,-1.792184521541));
#2099 = CARTESIAN_POINT('',(3.926878054023,-1.792184521541));
#2100 = CARTESIAN_POINT('',(3.93995862645,-1.792184521541));
#2101 = CARTESIAN_POINT('',(3.966119770121,-1.792184521541));
#2102 = CARTESIAN_POINT('',(3.979200342548,-1.792184521541));
#2103 = CARTESIAN_POINT('',(3.99228091533,-1.792184521541));
#2104 = CARTESIAN_POINT('',(4.005361488231,-1.792184521541));
#2105 = CARTESIAN_POINT('',(4.018442061012,-1.792184521541));
#2106 = CARTESIAN_POINT('',(4.031522633439,-1.792184521541));
#2107 = CARTESIAN_POINT('',(4.057232722984,-1.792184521541));
#2108 = CARTESIAN_POINT('',(4.069862241189,-1.792184521541));
#2109 = CARTESIAN_POINT('',(4.082491759693,-1.792184521541));
#2110 = CARTESIAN_POINT('',(4.095121278295,-1.792184521541));
#2111 = CARTESIAN_POINT('',(4.107750796798,-1.792184521541));
#2112 = CARTESIAN_POINT('',(4.120380315004,-1.792184521541));
#2113 = CARTESIAN_POINT('',(4.146090404548,-1.792184521541));
#2114 = CARTESIAN_POINT('',(4.159170976975,-1.792184521541));
#2115 = CARTESIAN_POINT('',(4.172251549757,-1.792184521541));
#2116 = CARTESIAN_POINT('',(4.185332122657,-1.792184521541));
#2117 = CARTESIAN_POINT('',(4.198412695439,-1.792184521541));
#2118 = CARTESIAN_POINT('',(4.211493267866,-1.792184521541));
#2119 = CARTESIAN_POINT('',(4.237654411537,-1.792184521541));
#2120 = CARTESIAN_POINT('',(4.250734983964,-1.792184521541));
#2121 = CARTESIAN_POINT('',(4.263815556746,-1.792184521541));
#2122 = CARTESIAN_POINT('',(4.276896129646,-1.792184521541));
#2123 = CARTESIAN_POINT('',(4.289976702428,-1.792184521541));
#2124 = CARTESIAN_POINT('',(4.303057274855,-1.792184521541));
#2125 = CARTESIAN_POINT('',(4.329218418526,-1.792184521541));
#2126 = CARTESIAN_POINT('',(4.342298990953,-1.792184521541));
#2127 = CARTESIAN_POINT('',(4.355379563735,-1.792184521541));
#2128 = CARTESIAN_POINT('',(4.368460136635,-1.792184521541));
#2129 = CARTESIAN_POINT('',(4.381540709417,-1.792184521541));
#2130 = CARTESIAN_POINT('',(4.394621281844,-1.792184521541));
#2131 = CARTESIAN_POINT('',(4.420782425515,-1.792184521541));
#2132 = CARTESIAN_POINT('',(4.433862997942,-1.792184521541));
#2133 = CARTESIAN_POINT('',(4.446943570724,-1.792184521541));
#2134 = CARTESIAN_POINT('',(4.460024143624,-1.792184521541));
#2135 = CARTESIAN_POINT('',(4.473104716406,-1.792184521541));
#2136 = CARTESIAN_POINT('',(4.486185288833,-1.792184521541));
#2137 = CARTESIAN_POINT('',(4.512346432504,-1.792184521541));
#2138 = CARTESIAN_POINT('',(4.525427004931,-1.792184521541));
#2139 = CARTESIAN_POINT('',(4.538507577713,-1.792184521541));
#2140 = CARTESIAN_POINT('',(4.551588150613,-1.792184521541));
#2141 = CARTESIAN_POINT('',(4.564668723395,-1.792184521541));
#2142 = CARTESIAN_POINT('',(4.577749295822,-1.792184521541));
#2143 = CARTESIAN_POINT('',(4.603910439494,-1.792184521541));
#2144 = CARTESIAN_POINT('',(4.616991011921,-1.792184521541));
#2145 = CARTESIAN_POINT('',(4.630071584702,-1.792184521541));
#2146 = CARTESIAN_POINT('',(4.643152157603,-1.792184521541));
#2147 = CARTESIAN_POINT('',(4.656232730384,-1.792184521541));
#2148 = CARTESIAN_POINT('',(4.669313302811,-1.792184521541));
#2149 = CARTESIAN_POINT('',(4.695474446483,-1.792184521541));
#2150 = CARTESIAN_POINT('',(4.70855501891,-1.792184521541));
#2151 = CARTESIAN_POINT('',(4.721635591691,-1.792184521541));
#2152 = CARTESIAN_POINT('',(4.734716164592,-1.792184521541));
#2153 = CARTESIAN_POINT('',(4.747796737373,-1.792184521541));
#2154 = CARTESIAN_POINT('',(4.7608773098,-1.792184521541));
#2155 = CARTESIAN_POINT('',(4.787038453472,-1.792184521541));
#2156 = CARTESIAN_POINT('',(4.800119025899,-1.792184521541));
#2157 = CARTESIAN_POINT('',(4.81319959868,-1.792184521541));
#2158 = CARTESIAN_POINT('',(4.826280171581,-1.792184521541));
#2159 = CARTESIAN_POINT('',(4.839360744362,-1.792184521541));
#2160 = CARTESIAN_POINT('',(4.85244131679,-1.792184521541));
#2161 = CARTESIAN_POINT('',(4.878602460461,-1.792184521541));
#2162 = CARTESIAN_POINT('',(4.891683032888,-1.792184521541));
#2163 = CARTESIAN_POINT('',(4.90476360567,-1.792184521541));
#2164 = CARTESIAN_POINT('',(4.91784417857,-1.792184521541));
#2165 = CARTESIAN_POINT('',(4.930924751352,-1.792184521541));
#2166 = CARTESIAN_POINT('',(4.944005323779,-1.792184521541));
#2167 = CARTESIAN_POINT('',(4.969264359184,-1.792184521541));
#2168 = CARTESIAN_POINT('',(4.981442823168,-1.792184521541));
#2169 = CARTESIAN_POINT('',(4.9936212874,-1.792184521541));
#2170 = CARTESIAN_POINT('',(5.005799751715,-1.792184521541));
#2171 = CARTESIAN_POINT('',(5.017978215947,-1.792184521541));
#2172 = CARTESIAN_POINT('',(5.03015667993,-1.792184521541));
#2173 = CARTESIAN_POINT('',(5.055415715336,-1.792184521541));
#2174 = CARTESIAN_POINT('',(5.068496287763,-1.792184521541));
#2175 = CARTESIAN_POINT('',(5.081576860545,-1.792184521541));
#2176 = CARTESIAN_POINT('',(5.094657433445,-1.792184521541));
#2177 = CARTESIAN_POINT('',(5.107738006227,-1.792184521541));
#2178 = CARTESIAN_POINT('',(5.120818578654,-1.792184521541));
#2179 = CARTESIAN_POINT('',(5.146979722325,-1.792184521541));
#2180 = CARTESIAN_POINT('',(5.160060294752,-1.792184521541));
#2181 = CARTESIAN_POINT('',(5.173140867534,-1.792184521541));
#2182 = CARTESIAN_POINT('',(5.186221440434,-1.792184521541));
#2183 = CARTESIAN_POINT('',(5.199302013216,-1.792184521541));
#2184 = CARTESIAN_POINT('',(5.212382585643,-1.792184521541));
#2185 = CARTESIAN_POINT('',(5.238543729314,-1.792184521541));
#2186 = CARTESIAN_POINT('',(5.251624301741,-1.792184521541));
#2187 = CARTESIAN_POINT('',(5.264704874523,-1.792184521541));
#2188 = CARTESIAN_POINT('',(5.277785447423,-1.792184521541));
#2189 = CARTESIAN_POINT('',(5.290866020205,-1.792184521541));
#2190 = CARTESIAN_POINT('',(5.303946592632,-1.792184521541));
#2191 = CARTESIAN_POINT('',(5.330107736303,-1.792184521541));
#2192 = CARTESIAN_POINT('',(5.34318830873,-1.792184521541));
#2193 = CARTESIAN_POINT('',(5.356268881512,-1.792184521541));
#2194 = CARTESIAN_POINT('',(5.369349454412,-1.792184521541));
#2195 = CARTESIAN_POINT('',(5.382430027194,-1.792184521541));
#2196 = CARTESIAN_POINT('',(5.395510599621,-1.792184521541));
#2197 = CARTESIAN_POINT('',(5.421671743292,-1.792184521541));
#2198 = CARTESIAN_POINT('',(5.434752315719,-1.792184521541));
#2199 = CARTESIAN_POINT('',(5.447832888501,-1.792184521541));
#2200 = CARTESIAN_POINT('',(5.460913461401,-1.792184521541));
#2201 = CARTESIAN_POINT('',(5.473994034183,-1.792184521541));
#2202 = CARTESIAN_POINT('',(5.48707460661,-1.792184521541));
#2203 = CARTESIAN_POINT('',(5.513235750281,-1.792184521541));
#2204 = CARTESIAN_POINT('',(5.526316322708,-1.792184521541));
#2205 = CARTESIAN_POINT('',(5.53939689549,-1.792184521541));
#2206 = CARTESIAN_POINT('',(5.55247746839,-1.792184521541));
#2207 = CARTESIAN_POINT('',(5.565558041172,-1.792184521541));
#2208 = CARTESIAN_POINT('',(5.578638613599,-1.792184521541));
#2209 = CARTESIAN_POINT('',(5.690486481982,-1.792184521541));
#2210 = CARTESIAN_POINT('',(5.789295646418,-1.792184521541));
#2211 = CARTESIAN_POINT('',(5.888070315738,-1.792184521541));
#2212 = CARTESIAN_POINT('',(5.986834176876,-1.792184521541));
#2213 = CARTESIAN_POINT('',(6.085608846196,-1.792184521541));
#2214 = CARTESIAN_POINT('',(6.184418010633,-1.792184521541));
#2215 = CARTESIAN_POINT('',(6.28318530718,-1.792184521541));
#2216 = ( GEOMETRIC_REPRESENTATION_CONTEXT(2) 
PARAMETRIC_REPRESENTATION_CONTEXT() REPRESENTATION_CONTEXT('2D SPACE',''
  ) );
#2217 = PCURVE('',#2218,#2223);
#2218 = CONICAL_SURFACE('',#2219,8.,0.785398163397);
#2219 = AXIS2_PLACEMENT_3D('',#2220,#2221,#2222);
#2220 = CARTESIAN_POINT('',(106.4,24.6,10.05));
#2221 = DIRECTION('',(3.089705212116E-30,1.,1.150422153447E-31));
#2222 = DIRECTION('',(1.372104746318E-45,-1.150422153447E-31,1.));
#2223 = DEFINITIONAL_REPRESENTATION('',(#2224),#2599);
#2224 = B_SPLINE_CURVE_WITH_KNOTS('',7,(#2225,#2226,#2227,#2228,#2229,
    #2230,#2231,#2232,#2233,#2234,#2235,#2236,#2237,#2238,#2239,#2240,
    #2241,#2242,#2243,#2244,#2245,#2246,#2247,#2248,#2249,#2250,#2251,
    #2252,#2253,#2254,#2255,#2256,#2257,#2258,#2259,#2260,#2261,#2262,
    #2263,#2264,#2265,#2266,#2267,#2268,#2269,#2270,#2271,#2272,#2273,
    #2274,#2275,#2276,#2277,#2278,#2279,#2280,#2281,#2282,#2283,#2284,
    #2285,#2286,#2287,#2288,#2289,#2290,#2291,#2292,#2293,#2294,#2295,
    #2296,#2297,#2298,#2299,#2300,#2301,#2302,#2303,#2304,#2305,#2306,
    #2307,#2308,#2309,#2310,#2311,#2312,#2313,#2314,#2315,#2316,#2317,
    #2318,#2319,#2320,#2321,#2322,#2323,#2324,#2325,#2326,#2327,#2328,
    #2329,#2330,#2331,#2332,#2333,#2334,#2335,#2336,#2337,#2338,#2339,
    #2340,#2341,#2342,#2343,#2344,#2345,#2346,#2347,#2348,#2349,#2350,
    #2351,#2352,#2353,#2354,#2355,#2356,#2357,#2358,#2359,#2360,#2361,
    #2362,#2363,#2364,#2365,#2366,#2367,#2368,#2369,#2370,#2371,#2372,
    #2373,#2374,#2375,#2376,#2377,#2378,#2379,#2380,#2381,#2382,#2383,
    #2384,#2385,#2386,#2387,#2388,#2389,#2390,#2391,#2392,#2393,#2394,
    #2395,#2396,#2397,#2398,#2399,#2400,#2401,#2402,#2403,#2404,#2405,
    #2406,#2407,#2408,#2409,#2410,#2411,#2412,#2413,#2414,#2415,#2416,
    #2417,#2418,#2419,#2420,#2421,#2422,#2423,#2424,#2425,#2426,#2427,
    #2428,#2429,#2430,#2431,#2432,#2433,#2434,#2435,#2436,#2437,#2438,
    #2439,#2440,#2441,#2442,#2443,#2444,#2445,#2446,#2447,#2448,#2449,
    #2450,#2451,#2452,#2453,#2454,#2455,#2456,#2457,#2458,#2459,#2460,
    #2461,#2462,#2463,#2464,#2465,#2466,#2467,#2468,#2469,#2470,#2471,
    #2472,#2473,#2474,#2475,#2476,#2477,#2478,#2479,#2480,#2481,#2482,
    #2483,#2484,#2485,#2486,#2487,#2488,#2489,#2490,#2491,#2492,#2493,
    #2494,#2495,#2496,#2497,#2498,#2499,#2500,#2501,#2502,#2503,#2504,
    #2505,#2506,#2507,#2508,#2509,#2510,#2511,#2512,#2513,#2514,#2515,
    #2516,#2517,#2518,#2519,#2520,#2521,#2522,#2523,#2524,#2525,#2526,
    #2527,#2528,#2529,#2530,#2531,#2532,#2533,#2534,#2535,#2536,#2537,
    #2538,#2539,#2540,#2541,#2542,#2543,#2544,#2545,#2546,#2547,#2548,
    #2549,#2550,#2551,#2552,#2553,#2554,#2555,#2556,#2557,#2558,#2559,
    #2560,#2561,#2562,#2563,#2564,#2565,#2566,#2567,#2568,#2569,#2570,
    #2571,#2572,#2573,#2574,#2575,#2576,#2577,#2578,#2579,#2580,#2581,
    #2582,#2583,#2584,#2585,#2586,#2587,#2588,#2589,#2590,#2591,#2592,
    #2593,#2594,#2595,#2596,#2597,#2598),.UNSPECIFIED.,.F.,.F.,(8,6,6,6,
    6,6,6,6,6,6,6,6,6,6,6,6,6,6,6,6,6,6,6,6,6,6,6,6,6,6,6,6,6,6,6,6,6,6,
    6,6,6,6,6,6,6,6,6,6,6,6,6,6,6,6,6,6,6,6,6,6,6,6,8),(0.,
    1.909549762881E-02,3.366858630696E-02,4.82416749851E-02,
    6.281476366325E-02,7.738785234139E-02,9.196094101953E-02,
    0.106534029698,0.121107118376,0.135680207054,0.150253295732,
    0.16482638441,0.179399473088,0.193972561767,0.208545650445,
    0.223118739123,0.237691827801,0.252264916479,0.266838005157,
    0.281411093835,0.295984182514,0.310557271192,0.32513035987,
    0.339703448548,0.354276537226,0.368849625904,0.383422714583,
    0.397995803261,0.412568891939,0.427141980617,0.441715069295,
    0.456288157973,0.470861246651,0.485434335329,0.500007424008,
    0.513072951997,0.527143520459,0.541716609137,0.556289697816,
    0.570862786494,0.585435875172,0.60000896385,0.614582052528,
    0.629155141206,0.643728229884,0.657798798346,0.672371887025,
    0.686944975703,0.701518064381,0.716091153059,0.730664241737,
    0.745237330415,0.759810419093,0.774383507771,0.78895659645,
    0.802524644682,0.81709773336,0.831670822038,0.846243910716,
    0.860816999394,0.875390088072,0.88996317675,1.),.UNSPECIFIED.);
#2225 = CARTESIAN_POINT('',(2.84217094304E-15,-3.));
#2226 = CARTESIAN_POINT('',(1.714112182134E-02,-3.));
#2227 = CARTESIAN_POINT('',(3.428121240194E-02,-3.));
#2228 = CARTESIAN_POINT('',(5.142092168722E-02,-3.));
#2229 = CARTESIAN_POINT('',(6.856065614169E-02,-3.));
#2230 = CARTESIAN_POINT('',(8.57005787489E-02,-3.));
#2231 = CARTESIAN_POINT('',(0.102840609011,-3.));
#2232 = CARTESIAN_POINT('',(0.133060994787,-3.));
#2233 = CARTESIAN_POINT('',(0.146141567214,-3.));
#2234 = CARTESIAN_POINT('',(0.159222139996,-3.));
#2235 = CARTESIAN_POINT('',(0.172302712896,-3.));
#2236 = CARTESIAN_POINT('',(0.185383285678,-3.));
#2237 = CARTESIAN_POINT('',(0.198463858105,-3.));
#2238 = CARTESIAN_POINT('',(0.224625001776,-3.));
#2239 = CARTESIAN_POINT('',(0.237705574203,-3.));
#2240 = CARTESIAN_POINT('',(0.250786146985,-3.));
#2241 = CARTESIAN_POINT('',(0.263866719885,-3.));
#2242 = CARTESIAN_POINT('',(0.276947292667,-3.));
#2243 = CARTESIAN_POINT('',(0.290027865094,-3.));
#2244 = CARTESIAN_POINT('',(0.316189008765,-3.));
#2245 = CARTESIAN_POINT('',(0.329269581192,-3.));
#2246 = CARTESIAN_POINT('',(0.342350153974,-3.));
#2247 = CARTESIAN_POINT('',(0.355430726874,-3.));
#2248 = CARTESIAN_POINT('',(0.368511299656,-3.));
#2249 = CARTESIAN_POINT('',(0.381591872083,-3.));
#2250 = CARTESIAN_POINT('',(0.407753015754,-3.));
#2251 = CARTESIAN_POINT('',(0.420833588181,-3.));
#2252 = CARTESIAN_POINT('',(0.433914160963,-3.));
#2253 = CARTESIAN_POINT('',(0.446994733863,-3.));
#2254 = CARTESIAN_POINT('',(0.460075306645,-3.));
#2255 = CARTESIAN_POINT('',(0.473155879072,-3.));
#2256 = CARTESIAN_POINT('',(0.499317022743,-3.));
#2257 = CARTESIAN_POINT('',(0.51239759517,-3.));
#2258 = CARTESIAN_POINT('',(0.525478167952,-3.));
#2259 = CARTESIAN_POINT('',(0.538558740852,-3.));
#2260 = CARTESIAN_POINT('',(0.551639313634,-3.));
#2261 = CARTESIAN_POINT('',(0.564719886061,-3.));
#2262 = CARTESIAN_POINT('',(0.590881029732,-3.));
#2263 = CARTESIAN_POINT('',(0.603961602159,-3.));
#2264 = CARTESIAN_POINT('',(0.617042174941,-3.));
#2265 = CARTESIAN_POINT('',(0.630122747841,-3.));
#2266 = CARTESIAN_POINT('',(0.643203320623,-3.));
#2267 = CARTESIAN_POINT('',(0.65628389305,-3.));
#2268 = CARTESIAN_POINT('',(0.682445036721,-3.));
#2269 = CARTESIAN_POINT('',(0.695525609148,-3.));
#2270 = CARTESIAN_POINT('',(0.70860618193,-3.));
#2271 = CARTESIAN_POINT('',(0.72168675483,-3.));
#2272 = CARTESIAN_POINT('',(0.734767327612,-3.));
#2273 = CARTESIAN_POINT('',(0.747847900039,-3.));
#2274 = CARTESIAN_POINT('',(0.77400904371,-3.));
#2275 = CARTESIAN_POINT('',(0.787089616137,-3.));
#2276 = CARTESIAN_POINT('',(0.800170188919,-3.));
#2277 = CARTESIAN_POINT('',(0.813250761819,-3.));
#2278 = CARTESIAN_POINT('',(0.826331334601,-3.));
#2279 = CARTESIAN_POINT('',(0.839411907028,-3.));
#2280 = CARTESIAN_POINT('',(0.865573050699,-3.));
#2281 = CARTESIAN_POINT('',(0.878653623126,-3.));
#2282 = CARTESIAN_POINT('',(0.891734195908,-3.));
#2283 = CARTESIAN_POINT('',(0.904814768808,-3.));
#2284 = CARTESIAN_POINT('',(0.91789534159,-3.));
#2285 = CARTESIAN_POINT('',(0.930975914017,-3.));
#2286 = CARTESIAN_POINT('',(0.957137057688,-3.));
#2287 = CARTESIAN_POINT('',(0.970217630115,-3.));
#2288 = CARTESIAN_POINT('',(0.983298202897,-3.));
#2289 = CARTESIAN_POINT('',(0.996378775797,-3.));
#2290 = CARTESIAN_POINT('',(1.009459348579,-3.));
#2291 = CARTESIAN_POINT('',(1.022539921006,-3.));
#2292 = CARTESIAN_POINT('',(1.048701064677,-3.));
#2293 = CARTESIAN_POINT('',(1.061781637104,-3.));
#2294 = CARTESIAN_POINT('',(1.074862209886,-3.));
#2295 = CARTESIAN_POINT('',(1.087942782786,-3.));
#2296 = CARTESIAN_POINT('',(1.101023355568,-3.));
#2297 = CARTESIAN_POINT('',(1.114103927995,-3.));
#2298 = CARTESIAN_POINT('',(1.140265071666,-3.));
#2299 = CARTESIAN_POINT('',(1.153345644093,-3.));
#2300 = CARTESIAN_POINT('',(1.166426216875,-3.));
#2301 = CARTESIAN_POINT('',(1.179506789775,-3.));
#2302 = CARTESIAN_POINT('',(1.192587362557,-3.));
#2303 = CARTESIAN_POINT('',(1.205667934984,-3.));
#2304 = CARTESIAN_POINT('',(1.231829078655,-3.));
#2305 = CARTESIAN_POINT('',(1.244909651082,-3.));
#2306 = CARTESIAN_POINT('',(1.257990223864,-3.));
#2307 = CARTESIAN_POINT('',(1.271070796764,-3.));
#2308 = CARTESIAN_POINT('',(1.284151369546,-3.));
#2309 = CARTESIAN_POINT('',(1.297231941973,-3.));
#2310 = CARTESIAN_POINT('',(1.323393085644,-3.));
#2311 = CARTESIAN_POINT('',(1.336473658071,-3.));
#2312 = CARTESIAN_POINT('',(1.349554230853,-3.));
#2313 = CARTESIAN_POINT('',(1.362634803753,-3.));
#2314 = CARTESIAN_POINT('',(1.375715376535,-3.));
#2315 = CARTESIAN_POINT('',(1.388795948962,-3.));
#2316 = CARTESIAN_POINT('',(1.414957092633,-3.));
#2317 = CARTESIAN_POINT('',(1.42803766506,-3.));
#2318 = CARTESIAN_POINT('',(1.441118237842,-3.));
#2319 = CARTESIAN_POINT('',(1.454198810742,-3.));
#2320 = CARTESIAN_POINT('',(1.467279383524,-3.));
#2321 = CARTESIAN_POINT('',(1.480359955951,-3.));
#2322 = CARTESIAN_POINT('',(1.506521099622,-3.));
#2323 = CARTESIAN_POINT('',(1.519601672049,-3.));
#2324 = CARTESIAN_POINT('',(1.532682244831,-3.));
#2325 = CARTESIAN_POINT('',(1.545762817731,-3.));
#2326 = CARTESIAN_POINT('',(1.558843390513,-3.));
#2327 = CARTESIAN_POINT('',(1.57192396294,-3.));
#2328 = CARTESIAN_POINT('',(1.598085106612,-3.));
#2329 = CARTESIAN_POINT('',(1.611165679039,-3.));
#2330 = CARTESIAN_POINT('',(1.62424625182,-3.));
#2331 = CARTESIAN_POINT('',(1.637326824721,-3.));
#2332 = CARTESIAN_POINT('',(1.650407397502,-3.));
#2333 = CARTESIAN_POINT('',(1.663487969929,-3.));
#2334 = CARTESIAN_POINT('',(1.689649113601,-3.));
#2335 = CARTESIAN_POINT('',(1.702729686028,-3.));
#2336 = CARTESIAN_POINT('',(1.715810258809,-3.));
#2337 = CARTESIAN_POINT('',(1.72889083171,-3.));
#2338 = CARTESIAN_POINT('',(1.741971404491,-3.));
#2339 = CARTESIAN_POINT('',(1.755051976918,-3.));
#2340 = CARTESIAN_POINT('',(1.78121312059,-3.));
#2341 = CARTESIAN_POINT('',(1.794293693017,-3.));
#2342 = CARTESIAN_POINT('',(1.807374265798,-3.));
#2343 = CARTESIAN_POINT('',(1.820454838699,-3.));
#2344 = CARTESIAN_POINT('',(1.83353541148,-3.));
#2345 = CARTESIAN_POINT('',(1.846615983908,-3.));
#2346 = CARTESIAN_POINT('',(1.872777127579,-3.));
#2347 = CARTESIAN_POINT('',(1.885857700006,-3.));
#2348 = CARTESIAN_POINT('',(1.898938272788,-3.));
#2349 = CARTESIAN_POINT('',(1.912018845688,-3.));
#2350 = CARTESIAN_POINT('',(1.92509941847,-3.));
#2351 = CARTESIAN_POINT('',(1.938179990897,-3.));
#2352 = CARTESIAN_POINT('',(1.964341134568,-3.));
#2353 = CARTESIAN_POINT('',(1.977421706995,-3.));
#2354 = CARTESIAN_POINT('',(1.990502279777,-3.));
#2355 = CARTESIAN_POINT('',(2.003582852677,-3.));
#2356 = CARTESIAN_POINT('',(2.016663425459,-3.));
#2357 = CARTESIAN_POINT('',(2.029743997886,-3.));
#2358 = CARTESIAN_POINT('',(2.055905141557,-3.));
#2359 = CARTESIAN_POINT('',(2.068985713984,-3.));
#2360 = CARTESIAN_POINT('',(2.082066286766,-3.));
#2361 = CARTESIAN_POINT('',(2.095146859666,-3.));
#2362 = CARTESIAN_POINT('',(2.108227432448,-3.));
#2363 = CARTESIAN_POINT('',(2.121308004875,-3.));
#2364 = CARTESIAN_POINT('',(2.147469148546,-3.));
#2365 = CARTESIAN_POINT('',(2.160549720973,-3.));
#2366 = CARTESIAN_POINT('',(2.173630293755,-3.));
#2367 = CARTESIAN_POINT('',(2.186710866655,-3.));
#2368 = CARTESIAN_POINT('',(2.199791439437,-3.));
#2369 = CARTESIAN_POINT('',(2.212872011864,-3.));
#2370 = CARTESIAN_POINT('',(2.239033155535,-3.));
#2371 = CARTESIAN_POINT('',(2.252113727962,-3.));
#2372 = CARTESIAN_POINT('',(2.265194300744,-3.));
#2373 = CARTESIAN_POINT('',(2.278274873644,-3.));
#2374 = CARTESIAN_POINT('',(2.291355446426,-3.));
#2375 = CARTESIAN_POINT('',(2.304436018853,-3.));
#2376 = CARTESIAN_POINT('',(2.330597162524,-3.));
#2377 = CARTESIAN_POINT('',(2.343677734951,-3.));
#2378 = CARTESIAN_POINT('',(2.356758307733,-3.));
#2379 = CARTESIAN_POINT('',(2.369838880633,-3.));
#2380 = CARTESIAN_POINT('',(2.382919453415,-3.));
#2381 = CARTESIAN_POINT('',(2.396000025842,-3.));
#2382 = CARTESIAN_POINT('',(2.422161169513,-3.));
#2383 = CARTESIAN_POINT('',(2.43524174194,-3.));
#2384 = CARTESIAN_POINT('',(2.448322314722,-3.));
#2385 = CARTESIAN_POINT('',(2.461402887622,-3.));
#2386 = CARTESIAN_POINT('',(2.474483460404,-3.));
#2387 = CARTESIAN_POINT('',(2.487564032831,-3.));
#2388 = CARTESIAN_POINT('',(2.513725176502,-3.));
#2389 = CARTESIAN_POINT('',(2.526805748929,-3.));
#2390 = CARTESIAN_POINT('',(2.539886321711,-3.));
#2391 = CARTESIAN_POINT('',(2.552966894611,-3.));
#2392 = CARTESIAN_POINT('',(2.566047467393,-3.));
#2393 = CARTESIAN_POINT('',(2.57912803982,-3.));
#2394 = CARTESIAN_POINT('',(2.605289183491,-3.));
#2395 = CARTESIAN_POINT('',(2.618369755918,-3.));
#2396 = CARTESIAN_POINT('',(2.6314503287,-3.));
#2397 = CARTESIAN_POINT('',(2.6445309016,-3.));
#2398 = CARTESIAN_POINT('',(2.657611474382,-3.));
#2399 = CARTESIAN_POINT('',(2.670692046809,-3.));
#2400 = CARTESIAN_POINT('',(2.69685319048,-3.));
#2401 = CARTESIAN_POINT('',(2.709933762907,-3.));
#2402 = CARTESIAN_POINT('',(2.723014335689,-3.));
#2403 = CARTESIAN_POINT('',(2.736094908589,-3.));
#2404 = CARTESIAN_POINT('',(2.749175481371,-3.));
#2405 = CARTESIAN_POINT('',(2.762256053798,-3.));
#2406 = CARTESIAN_POINT('',(2.788417197469,-3.));
#2407 = CARTESIAN_POINT('',(2.801497769896,-3.));
#2408 = CARTESIAN_POINT('',(2.814578342678,-3.));
#2409 = CARTESIAN_POINT('',(2.827658915578,-3.));
#2410 = CARTESIAN_POINT('',(2.84073948836,-3.));
#2411 = CARTESIAN_POINT('',(2.853820060787,-3.));
#2412 = CARTESIAN_POINT('',(2.879981204458,-3.));
#2413 = CARTESIAN_POINT('',(2.893061776885,-3.));
#2414 = CARTESIAN_POINT('',(2.906142349667,-3.));
#2415 = CARTESIAN_POINT('',(2.919222922567,-3.));
#2416 = CARTESIAN_POINT('',(2.932303495349,-3.));
#2417 = CARTESIAN_POINT('',(2.945384067776,-3.));
#2418 = CARTESIAN_POINT('',(2.971545211447,-3.));
#2419 = CARTESIAN_POINT('',(2.984625783874,-3.));
#2420 = CARTESIAN_POINT('',(2.997706356656,-3.));
#2421 = CARTESIAN_POINT('',(3.010786929556,-3.));
#2422 = CARTESIAN_POINT('',(3.023867502338,-3.));
#2423 = CARTESIAN_POINT('',(3.036948074765,-3.));
#2424 = CARTESIAN_POINT('',(3.063109218436,-3.));
#2425 = CARTESIAN_POINT('',(3.076189790863,-3.));
#2426 = CARTESIAN_POINT('',(3.089270363645,-3.));
#2427 = CARTESIAN_POINT('',(3.102350936545,-3.));
#2428 = CARTESIAN_POINT('',(3.115431509327,-3.));
#2429 = CARTESIAN_POINT('',(3.128512081754,-3.));
#2430 = CARTESIAN_POINT('',(3.153320063009,-3.));
#2431 = CARTESIAN_POINT('',(3.165047472772,-3.));
#2432 = CARTESIAN_POINT('',(3.176774882739,-3.));
#2433 = CARTESIAN_POINT('',(3.188502292775,-3.));
#2434 = CARTESIAN_POINT('',(3.200229702743,-3.));
#2435 = CARTESIAN_POINT('',(3.211957112505,-3.));
#2436 = CARTESIAN_POINT('',(3.236314039634,-3.));
#2437 = CARTESIAN_POINT('',(3.248943557839,-3.));
#2438 = CARTESIAN_POINT('',(3.261573076342,-3.));
#2439 = CARTESIAN_POINT('',(3.274202594945,-3.));
#2440 = CARTESIAN_POINT('',(3.286832113448,-3.));
#2441 = CARTESIAN_POINT('',(3.299461631653,-3.));
#2442 = CARTESIAN_POINT('',(3.325171721198,-3.));
#2443 = CARTESIAN_POINT('',(3.338252293625,-3.));
#2444 = CARTESIAN_POINT('',(3.351332866407,-3.));
#2445 = CARTESIAN_POINT('',(3.364413439307,-3.));
#2446 = CARTESIAN_POINT('',(3.377494012089,-3.));
#2447 = CARTESIAN_POINT('',(3.390574584516,-3.));
#2448 = CARTESIAN_POINT('',(3.416735728187,-3.));
#2449 = CARTESIAN_POINT('',(3.429816300614,-3.));
#2450 = CARTESIAN_POINT('',(3.442896873396,-3.));
#2451 = CARTESIAN_POINT('',(3.455977446296,-3.));
#2452 = CARTESIAN_POINT('',(3.469058019078,-3.));
#2453 = CARTESIAN_POINT('',(3.482138591505,-3.));
#2454 = CARTESIAN_POINT('',(3.508299735176,-3.));
#2455 = CARTESIAN_POINT('',(3.521380307603,-3.));
#2456 = CARTESIAN_POINT('',(3.534460880385,-3.));
#2457 = CARTESIAN_POINT('',(3.547541453285,-3.));
#2458 = CARTESIAN_POINT('',(3.560622026067,-3.));
#2459 = CARTESIAN_POINT('',(3.573702598494,-3.));
#2460 = CARTESIAN_POINT('',(3.599863742165,-3.));
#2461 = CARTESIAN_POINT('',(3.612944314592,-3.));
#2462 = CARTESIAN_POINT('',(3.626024887374,-3.));
#2463 = CARTESIAN_POINT('',(3.639105460274,-3.));
#2464 = CARTESIAN_POINT('',(3.652186033056,-3.));
#2465 = CARTESIAN_POINT('',(3.665266605483,-3.));
#2466 = CARTESIAN_POINT('',(3.691427749154,-3.));
#2467 = CARTESIAN_POINT('',(3.704508321581,-3.));
#2468 = CARTESIAN_POINT('',(3.717588894363,-3.));
#2469 = CARTESIAN_POINT('',(3.730669467263,-3.));
#2470 = CARTESIAN_POINT('',(3.743750040045,-3.));
#2471 = CARTESIAN_POINT('',(3.756830612472,-3.));
#2472 = CARTESIAN_POINT('',(3.782991756143,-3.));
#2473 = CARTESIAN_POINT('',(3.79607232857,-3.));
#2474 = CARTESIAN_POINT('',(3.809152901352,-3.));
#2475 = CARTESIAN_POINT('',(3.822233474252,-3.));
#2476 = CARTESIAN_POINT('',(3.835314047034,-3.));
#2477 = CARTESIAN_POINT('',(3.848394619461,-3.));
#2478 = CARTESIAN_POINT('',(3.874555763132,-3.));
#2479 = CARTESIAN_POINT('',(3.887636335559,-3.));
#2480 = CARTESIAN_POINT('',(3.900716908341,-3.));
#2481 = CARTESIAN_POINT('',(3.913797481241,-3.));
#2482 = CARTESIAN_POINT('',(3.926878054023,-3.));
#2483 = CARTESIAN_POINT('',(3.93995862645,-3.));
#2484 = CARTESIAN_POINT('',(3.966119770121,-3.));
#2485 = CARTESIAN_POINT('',(3.979200342548,-3.));
#2486 = CARTESIAN_POINT('',(3.99228091533,-3.));
#2487 = CARTESIAN_POINT('',(4.005361488231,-3.));
#2488 = CARTESIAN_POINT('',(4.018442061012,-3.));
#2489 = CARTESIAN_POINT('',(4.031522633439,-3.));
#2490 = CARTESIAN_POINT('',(4.057232722984,-3.));
#2491 = CARTESIAN_POINT('',(4.069862241189,-3.));
#2492 = CARTESIAN_POINT('',(4.082491759693,-3.));
#2493 = CARTESIAN_POINT('',(4.095121278295,-3.));
#2494 = CARTESIAN_POINT('',(4.107750796798,-3.));
#2495 = CARTESIAN_POINT('',(4.120380315004,-3.));
#2496 = CARTESIAN_POINT('',(4.146090404548,-3.));
#2497 = CARTESIAN_POINT('',(4.159170976975,-3.));
#2498 = CARTESIAN_POINT('',(4.172251549757,-3.));
#2499 = CARTESIAN_POINT('',(4.185332122657,-3.));
#2500 = CARTESIAN_POINT('',(4.198412695439,-3.));
#2501 = CARTESIAN_POINT('',(4.211493267866,-3.));
#2502 = CARTESIAN_POINT('',(4.237654411537,-3.));
#2503 = CARTESIAN_POINT('',(4.250734983964,-3.));
#2504 = CARTESIAN_POINT('',(4.263815556746,-3.));
#2505 = CARTESIAN_POINT('',(4.276896129646,-3.));
#2506 = CARTESIAN_POINT('',(4.289976702428,-3.));
#2507 = CARTESIAN_POINT('',(4.303057274855,-3.));
#2508 = CARTESIAN_POINT('',(4.329218418526,-3.));
#2509 = CARTESIAN_POINT('',(4.342298990953,-3.));
#2510 = CARTESIAN_POINT('',(4.355379563735,-3.));
#2511 = CARTESIAN_POINT('',(4.368460136635,-3.));
#2512 = CARTESIAN_POINT('',(4.381540709417,-3.));
#2513 = CARTESIAN_POINT('',(4.394621281844,-3.));
#2514 = CARTESIAN_POINT('',(4.420782425515,-3.));
#2515 = CARTESIAN_POINT('',(4.433862997942,-3.));
#2516 = CARTESIAN_POINT('',(4.446943570724,-3.));
#2517 = CARTESIAN_POINT('',(4.460024143624,-3.));
#2518 = CARTESIAN_POINT('',(4.473104716406,-3.));
#2519 = CARTESIAN_POINT('',(4.486185288833,-3.));
#2520 = CARTESIAN_POINT('',(4.512346432504,-3.));
#2521 = CARTESIAN_POINT('',(4.525427004931,-3.));
#2522 = CARTESIAN_POINT('',(4.538507577713,-3.));
#2523 = CARTESIAN_POINT('',(4.551588150613,-3.));
#2524 = CARTESIAN_POINT('',(4.564668723395,-3.));
#2525 = CARTESIAN_POINT('',(4.577749295822,-3.));
#2526 = CARTESIAN_POINT('',(4.603910439494,-3.));
#2527 = CARTESIAN_POINT('',(4.616991011921,-3.));
#2528 = CARTESIAN_POINT('',(4.630071584702,-3.));
#2529 = CARTESIAN_POINT('',(4.643152157603,-3.));
#2530 = CARTESIAN_POINT('',(4.656232730384,-3.));
#2531 = CARTESIAN_POINT('',(4.669313302811,-3.));
#2532 = CARTESIAN_POINT('',(4.695474446483,-3.));
#2533 = CARTESIAN_POINT('',(4.70855501891,-3.));
#2534 = CARTESIAN_POINT('',(4.721635591691,-3.));
#2535 = CARTESIAN_POINT('',(4.734716164592,-3.));
#2536 = CARTESIAN_POINT('',(4.747796737373,-3.));
#2537 = CARTESIAN_POINT('',(4.7608773098,-3.));
#2538 = CARTESIAN_POINT('',(4.787038453472,-3.));
#2539 = CARTESIAN_POINT('',(4.800119025899,-3.));
#2540 = CARTESIAN_POINT('',(4.81319959868,-3.));
#2541 = CARTESIAN_POINT('',(4.826280171581,-3.));
#2542 = CARTESIAN_POINT('',(4.839360744362,-3.));
#2543 = CARTESIAN_POINT('',(4.85244131679,-3.));
#2544 = CARTESIAN_POINT('',(4.878602460461,-3.));
#2545 = CARTESIAN_POINT('',(4.891683032888,-3.));
#2546 = CARTESIAN_POINT('',(4.90476360567,-3.));
#2547 = CARTESIAN_POINT('',(4.91784417857,-3.));
#2548 = CARTESIAN_POINT('',(4.930924751352,-3.));
#2549 = CARTESIAN_POINT('',(4.944005323779,-3.));
#2550 = CARTESIAN_POINT('',(4.969264359184,-3.));
#2551 = CARTESIAN_POINT('',(4.981442823168,-3.));
#2552 = CARTESIAN_POINT('',(4.9936212874,-3.));
#2553 = CARTESIAN_POINT('',(5.005799751715,-3.));
#2554 = CARTESIAN_POINT('',(5.017978215947,-3.));
#2555 = CARTESIAN_POINT('',(5.03015667993,-3.));
#2556 = CARTESIAN_POINT('',(5.055415715336,-3.));
#2557 = CARTESIAN_POINT('',(5.068496287763,-3.));
#2558 = CARTESIAN_POINT('',(5.081576860545,-3.));
#2559 = CARTESIAN_POINT('',(5.094657433445,-3.));
#2560 = CARTESIAN_POINT('',(5.107738006227,-3.));
#2561 = CARTESIAN_POINT('',(5.120818578654,-3.));
#2562 = CARTESIAN_POINT('',(5.146979722325,-3.));
#2563 = CARTESIAN_POINT('',(5.160060294752,-3.));
#2564 = CARTESIAN_POINT('',(5.173140867534,-3.));
#2565 = CARTESIAN_POINT('',(5.186221440434,-3.));
#2566 = CARTESIAN_POINT('',(5.199302013216,-3.));
#2567 = CARTESIAN_POINT('',(5.212382585643,-3.));
#2568 = CARTESIAN_POINT('',(5.238543729314,-3.));
#2569 = CARTESIAN_POINT('',(5.251624301741,-3.));
#2570 = CARTESIAN_POINT('',(5.264704874523,-3.));
#2571 = CARTESIAN_POINT('',(5.277785447423,-3.));
#2572 = CARTESIAN_POINT('',(5.290866020205,-3.));
#2573 = CARTESIAN_POINT('',(5.303946592632,-3.));
#2574 = CARTESIAN_POINT('',(5.330107736303,-3.));
#2575 = CARTESIAN_POINT('',(5.34318830873,-3.));
#2576 = CARTESIAN_POINT('',(5.356268881512,-3.));
#2577 = CARTESIAN_POINT('',(5.369349454412,-3.));
#2578 = CARTESIAN_POINT('',(5.382430027194,-3.));
#2579 = CARTESIAN_POINT('',(5.395510599621,-3.));
#2580 = CARTESIAN_POINT('',(5.421671743292,-3.));
#2581 = CARTESIAN_POINT('',(5.434752315719,-3.));
#2582 = CARTESIAN_POINT('',(5.447832888501,-3.));
#2583 = CARTESIAN_POINT('',(5.460913461401,-3.));
#2584 = CARTESIAN_POINT('',(5.473994034183,-3.));
#2585 = CARTESIAN_POINT('',(5.48707460661,-3.));
#2586 = CARTESIAN_POINT('',(5.513235750281,-3.));
#2587 = CARTESIAN_POINT('',(5.526316322708,-3.));
#2588 = CARTESIAN_POINT('',(5.53939689549,-3.));
#2589 = CARTESIAN_POINT('',(5.55247746839,-3.));
#2590 = CARTESIAN_POINT('',(5.565558041172,-3.));
#2591 = CARTESIAN_POINT('',(5.578638613599,-3.));
#2592 = CARTESIAN_POINT('',(5.690486481982,-3.));
#2593 = CARTESIAN_POINT('',(5.789295646418,-3.));
#2594 = CARTESIAN_POINT('',(5.888070315738,-3.));
#2595 = CARTESIAN_POINT('',(5.986834176876,-3.));
#2596 = CARTESIAN_POINT('',(6.085608846196,-3.));
#2597 = CARTESIAN_POINT('',(6.184418010633,-3.));
#2598 = CARTESIAN_POINT('',(6.28318530718,-3.));
#2599 = ( GEOMETRIC_REPRESENTATION_CONTEXT(2) 
PARAMETRIC_REPRESENTATION_CONTEXT() REPRESENTATION_CONTEXT('2D SPACE',''
  ) );
#2600 = ORIENTED_EDGE('',*,*,#1439,.T.);
#2601 = ORIENTED_EDGE('',*,*,#435,.T.);
#2602 = ADVANCED_FACE('',(#2603),#659,.T.);
#2603 = FACE_BOUND('',#2604,.T.);
#2604 = EDGE_LOOP('',(#2605,#2606,#2629,#2650));
#2605 = ORIENTED_EDGE('',*,*,#645,.T.);
#2606 = ORIENTED_EDGE('',*,*,#2607,.T.);
#2607 = EDGE_CURVE('',#618,#2608,#2610,.T.);
#2608 = VERTEX_POINT('',#2609);
#2609 = CARTESIAN_POINT('',(-110.6,-12.,12.));
#2610 = SURFACE_CURVE('',#2611,(#2615,#2622),.PCURVE_S1.);
#2611 = LINE('',#2612,#2613);
#2612 = CARTESIAN_POINT('',(-110.6,-12.,75.));
#2613 = VECTOR('',#2614,1.);
#2614 = DIRECTION('',(0.,0.,-1.));
#2615 = PCURVE('',#659,#2616);
#2616 = DEFINITIONAL_REPRESENTATION('',(#2617),#2621);
#2617 = LINE('',#2618,#2619);
#2618 = CARTESIAN_POINT('',(0.,-37.));
#2619 = VECTOR('',#2620,1.);
#2620 = DIRECTION('',(1.,0.));
#2621 = ( GEOMETRIC_REPRESENTATION_CONTEXT(2) 
PARAMETRIC_REPRESENTATION_CONTEXT() REPRESENTATION_CONTEXT('2D SPACE',''
  ) );
#2622 = PCURVE('',#633,#2623);
#2623 = DEFINITIONAL_REPRESENTATION('',(#2624),#2628);
#2624 = LINE('',#2625,#2626);
#2625 = CARTESIAN_POINT('',(-31.5,-58.));
#2626 = VECTOR('',#2627,1.);
#2627 = DIRECTION('',(1.,0.));
#2628 = ( GEOMETRIC_REPRESENTATION_CONTEXT(2) 
PARAMETRIC_REPRESENTATION_CONTEXT() REPRESENTATION_CONTEXT('2D SPACE',''
  ) );
#2629 = ORIENTED_EDGE('',*,*,#2630,.F.);
#2630 = EDGE_CURVE('',#850,#2608,#2631,.T.);
#2631 = SURFACE_CURVE('',#2632,(#2636,#2643),.PCURVE_S1.);
#2632 = LINE('',#2633,#2634);
#2633 = CARTESIAN_POINT('',(-110.6,25.,12.));
#2634 = VECTOR('',#2635,1.);
#2635 = DIRECTION('',(-0.,-1.,-0.));
#2636 = PCURVE('',#659,#2637);
#2637 = DEFINITIONAL_REPRESENTATION('',(#2638),#2642);
#2638 = LINE('',#2639,#2640);
#2639 = CARTESIAN_POINT('',(63.,0.));
#2640 = VECTOR('',#2641,1.);
#2641 = DIRECTION('',(0.,-1.));
#2642 = ( GEOMETRIC_REPRESENTATION_CONTEXT(2) 
PARAMETRIC_REPRESENTATION_CONTEXT() REPRESENTATION_CONTEXT('2D SPACE',''
  ) );
#2643 = PCURVE('',#888,#2644);
#2644 = DEFINITIONAL_REPRESENTATION('',(#2645),#2649);
#2645 = LINE('',#2646,#2647);
#2646 = CARTESIAN_POINT('',(0.,0.));
#2647 = VECTOR('',#2648,1.);
#2648 = DIRECTION('',(-0.,-1.));
#2649 = ( GEOMETRIC_REPRESENTATION_CONTEXT(2) 
PARAMETRIC_REPRESENTATION_CONTEXT() REPRESENTATION_CONTEXT('2D SPACE',''
  ) );
#2650 = ORIENTED_EDGE('',*,*,#849,.F.);
#2651 = ADVANCED_FACE('',(#2652),#633,.F.);
#2652 = FACE_BOUND('',#2653,.F.);
#2653 = EDGE_LOOP('',(#2654,#2655,#2656,#2679));
#2654 = ORIENTED_EDGE('',*,*,#617,.T.);
#2655 = ORIENTED_EDGE('',*,*,#2607,.T.);
#2656 = ORIENTED_EDGE('',*,*,#2657,.T.);
#2657 = EDGE_CURVE('',#2608,#2658,#2660,.T.);
#2658 = VERTEX_POINT('',#2659);
#2659 = CARTESIAN_POINT('',(5.4,-12.,12.));
#2660 = SURFACE_CURVE('',#2661,(#2665,#2672),.PCURVE_S1.);
#2661 = LINE('',#2662,#2663);
#2662 = CARTESIAN_POINT('',(-110.6,-12.,12.));
#2663 = VECTOR('',#2664,1.);
#2664 = DIRECTION('',(1.,0.,-0.));
#2665 = PCURVE('',#633,#2666);
#2666 = DEFINITIONAL_REPRESENTATION('',(#2667),#2671);
#2667 = LINE('',#2668,#2669);
#2668 = CARTESIAN_POINT('',(31.5,-58.));
#2669 = VECTOR('',#2670,1.);
#2670 = DIRECTION('',(0.,1.));
#2671 = ( GEOMETRIC_REPRESENTATION_CONTEXT(2) 
PARAMETRIC_REPRESENTATION_CONTEXT() REPRESENTATION_CONTEXT('2D SPACE',''
  ) );
#2672 = PCURVE('',#888,#2673);
#2673 = DEFINITIONAL_REPRESENTATION('',(#2674),#2678);
#2674 = LINE('',#2675,#2676);
#2675 = CARTESIAN_POINT('',(0.,-37.));
#2676 = VECTOR('',#2677,1.);
#2677 = DIRECTION('',(1.,0.));
#2678 = ( GEOMETRIC_REPRESENTATION_CONTEXT(2) 
PARAMETRIC_REPRESENTATION_CONTEXT() REPRESENTATION_CONTEXT('2D SPACE',''
  ) );
#2679 = ORIENTED_EDGE('',*,*,#2680,.T.);
#2680 = EDGE_CURVE('',#2658,#590,#2681,.T.);
#2681 = SURFACE_CURVE('',#2682,(#2686,#2693),.PCURVE_S1.);
#2682 = LINE('',#2683,#2684);
#2683 = CARTESIAN_POINT('',(5.4,-12.,12.));
#2684 = VECTOR('',#2685,1.);
#2685 = DIRECTION('',(-0.,0.,1.));
#2686 = PCURVE('',#633,#2687);
#2687 = DEFINITIONAL_REPRESENTATION('',(#2688),#2692);
#2688 = LINE('',#2689,#2690);
#2689 = CARTESIAN_POINT('',(31.5,58.));
#2690 = VECTOR('',#2691,1.);
#2691 = DIRECTION('',(-1.,0.));
#2692 = ( GEOMETRIC_REPRESENTATION_CONTEXT(2) 
PARAMETRIC_REPRESENTATION_CONTEXT() REPRESENTATION_CONTEXT('2D SPACE',''
  ) );
#2693 = PCURVE('',#605,#2694);
#2694 = DEFINITIONAL_REPRESENTATION('',(#2695),#2699);
#2695 = LINE('',#2696,#2697);
#2696 = CARTESIAN_POINT('',(0.,-37.));
#2697 = VECTOR('',#2698,1.);
#2698 = DIRECTION('',(1.,0.));
#2699 = ( GEOMETRIC_REPRESENTATION_CONTEXT(2) 
PARAMETRIC_REPRESENTATION_CONTEXT() REPRESENTATION_CONTEXT('2D SPACE',''
  ) );
#2700 = ADVANCED_FACE('',(#2701),#605,.T.);
#2701 = FACE_BOUND('',#2702,.T.);
#2702 = EDGE_LOOP('',(#2703,#2724,#2725,#2726));
#2703 = ORIENTED_EDGE('',*,*,#2704,.T.);
#2704 = EDGE_CURVE('',#873,#2658,#2705,.T.);
#2705 = SURFACE_CURVE('',#2706,(#2710,#2717),.PCURVE_S1.);
#2706 = LINE('',#2707,#2708);
#2707 = CARTESIAN_POINT('',(5.4,25.,12.));
#2708 = VECTOR('',#2709,1.);
#2709 = DIRECTION('',(-0.,-1.,-0.));
#2710 = PCURVE('',#605,#2711);
#2711 = DEFINITIONAL_REPRESENTATION('',(#2712),#2716);
#2712 = LINE('',#2713,#2714);
#2713 = CARTESIAN_POINT('',(0.,0.));
#2714 = VECTOR('',#2715,1.);
#2715 = DIRECTION('',(0.,-1.));
#2716 = ( GEOMETRIC_REPRESENTATION_CONTEXT(2) 
PARAMETRIC_REPRESENTATION_CONTEXT() REPRESENTATION_CONTEXT('2D SPACE',''
  ) );
#2717 = PCURVE('',#888,#2718);
#2718 = DEFINITIONAL_REPRESENTATION('',(#2719),#2723);
#2719 = LINE('',#2720,#2721);
#2720 = CARTESIAN_POINT('',(116.,0.));
#2721 = VECTOR('',#2722,1.);
#2722 = DIRECTION('',(-0.,-1.));
#2723 = ( GEOMETRIC_REPRESENTATION_CONTEXT(2) 
PARAMETRIC_REPRESENTATION_CONTEXT() REPRESENTATION_CONTEXT('2D SPACE',''
  ) );
#2724 = ORIENTED_EDGE('',*,*,#2680,.T.);
#2725 = ORIENTED_EDGE('',*,*,#589,.F.);
#2726 = ORIENTED_EDGE('',*,*,#900,.F.);
#2727 = ADVANCED_FACE('',(#2728),#531,.T.);
#2728 = FACE_BOUND('',#2729,.T.);
#2729 = EDGE_LOOP('',(#2730,#2731,#2732));
#2730 = ORIENTED_EDGE('',*,*,#515,.T.);
#2731 = ORIENTED_EDGE('',*,*,#1302,.T.);
#2732 = ORIENTED_EDGE('',*,*,#1254,.T.);
#2733 = ADVANCED_FACE('',(#2734),#764,.T.);
#2734 = FACE_BOUND('',#2735,.T.);
#2735 = EDGE_LOOP('',(#2736,#2737,#2758));
#2736 = ORIENTED_EDGE('',*,*,#825,.T.);
#2737 = ORIENTED_EDGE('',*,*,#2738,.T.);
#2738 = EDGE_CURVE('',#803,#723,#2739,.T.);
#2739 = SURFACE_CURVE('',#2740,(#2744,#2751),.PCURVE_S1.);
#2740 = LINE('',#2741,#2742);
#2741 = CARTESIAN_POINT('',(126.,25.,-6.));
#2742 = VECTOR('',#2743,1.);
#2743 = DIRECTION('',(0.,-0.225890482018,-0.974152703704));
#2744 = PCURVE('',#764,#2745);
#2745 = DEFINITIONAL_REPRESENTATION('',(#2746),#2750);
#2746 = LINE('',#2747,#2748);
#2747 = CARTESIAN_POINT('',(4.457696066965,38.042303933035));
#2748 = VECTOR('',#2749,1.);
#2749 = DIRECTION('',(-0.225890482018,-0.974152703704));
#2750 = ( GEOMETRIC_REPRESENTATION_CONTEXT(2) 
PARAMETRIC_REPRESENTATION_CONTEXT() REPRESENTATION_CONTEXT('2D SPACE',''
  ) );
#2751 = PCURVE('',#738,#2752);
#2752 = DEFINITIONAL_REPRESENTATION('',(#2753),#2757);
#2753 = LINE('',#2754,#2755);
#2754 = CARTESIAN_POINT('',(-0.,-24.));
#2755 = VECTOR('',#2756,1.);
#2756 = DIRECTION('',(1.,0.));
#2757 = ( GEOMETRIC_REPRESENTATION_CONTEXT(2) 
PARAMETRIC_REPRESENTATION_CONTEXT() REPRESENTATION_CONTEXT('2D SPACE',''
  ) );
#2758 = ORIENTED_EDGE('',*,*,#750,.T.);
#2759 = ADVANCED_FACE('',(#2760),#738,.F.);
#2760 = FACE_BOUND('',#2761,.F.);
#2761 = EDGE_LOOP('',(#2762,#2763,#2764,#2765));
#2762 = ORIENTED_EDGE('',*,*,#802,.T.);
#2763 = ORIENTED_EDGE('',*,*,#2738,.T.);
#2764 = ORIENTED_EDGE('',*,*,#722,.F.);
#2765 = ORIENTED_EDGE('',*,*,#1231,.F.);
#2766 = ADVANCED_FACE('',(#2767),#888,.T.);
#2767 = FACE_BOUND('',#2768,.T.);
#2768 = EDGE_LOOP('',(#2769,#2770,#2771,#2772));
#2769 = ORIENTED_EDGE('',*,*,#2630,.T.);
#2770 = ORIENTED_EDGE('',*,*,#2657,.T.);
#2771 = ORIENTED_EDGE('',*,*,#2704,.F.);
#2772 = ORIENTED_EDGE('',*,*,#872,.F.);
#2773 = ADVANCED_FACE('',(#2774),#945,.F.);
#2774 = FACE_BOUND('',#2775,.T.);
#2775 = EDGE_LOOP('',(#2776,#2799,#2821,#2822));
#2776 = ORIENTED_EDGE('',*,*,#2777,.F.);
#2777 = EDGE_CURVE('',#2778,#925,#2780,.T.);
#2778 = VERTEX_POINT('',#2779);
#2779 = CARTESIAN_POINT('',(-50.5,-21.6,-9.55));
#2780 = SEAM_CURVE('',#2781,(#2785,#2792),.PCURVE_S1.);
#2781 = LINE('',#2782,#2783);
#2782 = CARTESIAN_POINT('',(-50.5,-23.39218452154,-9.55));
#2783 = VECTOR('',#2784,1.);
#2784 = DIRECTION('',(0.,1.,-0.));
#2785 = PCURVE('',#945,#2786);
#2786 = DEFINITIONAL_REPRESENTATION('',(#2787),#2791);
#2787 = LINE('',#2788,#2789);
#2788 = CARTESIAN_POINT('',(-6.28318530718,0.));
#2789 = VECTOR('',#2790,1.);
#2790 = DIRECTION('',(-0.,-1.));
#2791 = ( GEOMETRIC_REPRESENTATION_CONTEXT(2) 
PARAMETRIC_REPRESENTATION_CONTEXT() REPRESENTATION_CONTEXT('2D SPACE',''
  ) );
#2792 = PCURVE('',#945,#2793);
#2793 = DEFINITIONAL_REPRESENTATION('',(#2794),#2798);
#2794 = LINE('',#2795,#2796);
#2795 = CARTESIAN_POINT('',(-0.,0.));
#2796 = VECTOR('',#2797,1.);
#2797 = DIRECTION('',(-0.,-1.));
#2798 = ( GEOMETRIC_REPRESENTATION_CONTEXT(2) 
PARAMETRIC_REPRESENTATION_CONTEXT() REPRESENTATION_CONTEXT('2D SPACE',''
  ) );
#2799 = ORIENTED_EDGE('',*,*,#2800,.T.);
#2800 = EDGE_CURVE('',#2778,#2778,#2801,.T.);
#2801 = SURFACE_CURVE('',#2802,(#2807,#2814),.PCURVE_S1.);
#2802 = CIRCLE('',#2803,5.);
#2803 = AXIS2_PLACEMENT_3D('',#2804,#2805,#2806);
#2804 = CARTESIAN_POINT('',(-50.5,-21.6,-14.55));
#2805 = DIRECTION('',(0.,-1.,-0.));
#2806 = DIRECTION('',(0.,0.,-1.));
#2807 = PCURVE('',#945,#2808);
#2808 = DEFINITIONAL_REPRESENTATION('',(#2809),#2813);
#2809 = LINE('',#2810,#2811);
#2810 = CARTESIAN_POINT('',(-9.424777960769,-1.79218452154));
#2811 = VECTOR('',#2812,1.);
#2812 = DIRECTION('',(1.,-0.));
#2813 = ( GEOMETRIC_REPRESENTATION_CONTEXT(2) 
PARAMETRIC_REPRESENTATION_CONTEXT() REPRESENTATION_CONTEXT('2D SPACE',''
  ) );
#2814 = PCURVE('',#1367,#2815);
#2815 = DEFINITIONAL_REPRESENTATION('',(#2816),#2820);
#2816 = LINE('',#2817,#2818);
#2817 = CARTESIAN_POINT('',(-9.424777960769,-3.));
#2818 = VECTOR('',#2819,1.);
#2819 = DIRECTION('',(1.,-0.));
#2820 = ( GEOMETRIC_REPRESENTATION_CONTEXT(2) 
PARAMETRIC_REPRESENTATION_CONTEXT() REPRESENTATION_CONTEXT('2D SPACE',''
  ) );
#2821 = ORIENTED_EDGE('',*,*,#2777,.T.);
#2822 = ORIENTED_EDGE('',*,*,#924,.F.);
#2823 = ADVANCED_FACE('',(#2824),#980,.F.);
#2824 = FACE_BOUND('',#2825,.T.);
#2825 = EDGE_LOOP('',(#2826,#2849,#2871,#2872));
#2826 = ORIENTED_EDGE('',*,*,#2827,.F.);
#2827 = EDGE_CURVE('',#2828,#960,#2830,.T.);
#2828 = VERTEX_POINT('',#2829);
#2829 = CARTESIAN_POINT('',(-16.1,-21.6,-9.55));
#2830 = SEAM_CURVE('',#2831,(#2835,#2842),.PCURVE_S1.);
#2831 = LINE('',#2832,#2833);
#2832 = CARTESIAN_POINT('',(-16.1,-23.39218452154,-9.55));
#2833 = VECTOR('',#2834,1.);
#2834 = DIRECTION('',(0.,1.,-0.));
#2835 = PCURVE('',#980,#2836);
#2836 = DEFINITIONAL_REPRESENTATION('',(#2837),#2841);
#2837 = LINE('',#2838,#2839);
#2838 = CARTESIAN_POINT('',(-6.28318530718,0.));
#2839 = VECTOR('',#2840,1.);
#2840 = DIRECTION('',(-0.,-1.));
#2841 = ( GEOMETRIC_REPRESENTATION_CONTEXT(2) 
PARAMETRIC_REPRESENTATION_CONTEXT() REPRESENTATION_CONTEXT('2D SPACE',''
  ) );
#2842 = PCURVE('',#980,#2843);
#2843 = DEFINITIONAL_REPRESENTATION('',(#2844),#2848);
#2844 = LINE('',#2845,#2846);
#2845 = CARTESIAN_POINT('',(-0.,0.));
#2846 = VECTOR('',#2847,1.);
#2847 = DIRECTION('',(-0.,-1.));
#2848 = ( GEOMETRIC_REPRESENTATION_CONTEXT(2) 
PARAMETRIC_REPRESENTATION_CONTEXT() REPRESENTATION_CONTEXT('2D SPACE',''
  ) );
#2849 = ORIENTED_EDGE('',*,*,#2850,.T.);
#2850 = EDGE_CURVE('',#2828,#2828,#2851,.T.);
#2851 = SURFACE_CURVE('',#2852,(#2857,#2864),.PCURVE_S1.);
#2852 = CIRCLE('',#2853,5.);
#2853 = AXIS2_PLACEMENT_3D('',#2854,#2855,#2856);
#2854 = CARTESIAN_POINT('',(-16.1,-21.6,-14.55));
#2855 = DIRECTION('',(0.,-1.,-0.));
#2856 = DIRECTION('',(0.,0.,-1.));
#2857 = PCURVE('',#980,#2858);
#2858 = DEFINITIONAL_REPRESENTATION('',(#2859),#2863);
#2859 = LINE('',#2860,#2861);
#2860 = CARTESIAN_POINT('',(-9.424777960769,-1.79218452154));
#2861 = VECTOR('',#2862,1.);
#2862 = DIRECTION('',(1.,-0.));
#2863 = ( GEOMETRIC_REPRESENTATION_CONTEXT(2) 
PARAMETRIC_REPRESENTATION_CONTEXT() REPRESENTATION_CONTEXT('2D SPACE',''
  ) );
#2864 = PCURVE('',#1422,#2865);
#2865 = DEFINITIONAL_REPRESENTATION('',(#2866),#2870);
#2866 = LINE('',#2867,#2868);
#2867 = CARTESIAN_POINT('',(-9.424777960769,-3.));
#2868 = VECTOR('',#2869,1.);
#2869 = DIRECTION('',(1.,-0.));
#2870 = ( GEOMETRIC_REPRESENTATION_CONTEXT(2) 
PARAMETRIC_REPRESENTATION_CONTEXT() REPRESENTATION_CONTEXT('2D SPACE',''
  ) );
#2871 = ORIENTED_EDGE('',*,*,#2827,.T.);
#2872 = ORIENTED_EDGE('',*,*,#959,.F.);
#2873 = ADVANCED_FACE('',(#2874),#1011,.F.);
#2874 = FACE_BOUND('',#2875,.F.);
#2875 = EDGE_LOOP('',(#2876,#2899,#2921,#2922));
#2876 = ORIENTED_EDGE('',*,*,#2877,.T.);
#2877 = EDGE_CURVE('',#995,#2878,#2880,.T.);
#2878 = VERTEX_POINT('',#2879);
#2879 = CARTESIAN_POINT('',(106.4,24.6,18.05));
#2880 = SEAM_CURVE('',#2881,(#2885,#2892),.PCURVE_S1.);
#2881 = LINE('',#2882,#2883);
#2882 = CARTESIAN_POINT('',(106.4,25.,18.05));
#2883 = VECTOR('',#2884,1.);
#2884 = DIRECTION('',(-0.,-1.,0.));
#2885 = PCURVE('',#1011,#2886);
#2886 = DEFINITIONAL_REPRESENTATION('',(#2887),#2891);
#2887 = LINE('',#2888,#2889);
#2888 = CARTESIAN_POINT('',(0.,0.));
#2889 = VECTOR('',#2890,1.);
#2890 = DIRECTION('',(0.,-1.));
#2891 = ( GEOMETRIC_REPRESENTATION_CONTEXT(2) 
PARAMETRIC_REPRESENTATION_CONTEXT() REPRESENTATION_CONTEXT('2D SPACE',''
  ) );
#2892 = PCURVE('',#1011,#2893);
#2893 = DEFINITIONAL_REPRESENTATION('',(#2894),#2898);
#2894 = LINE('',#2895,#2896);
#2895 = CARTESIAN_POINT('',(6.28318530718,0.));
#2896 = VECTOR('',#2897,1.);
#2897 = DIRECTION('',(0.,-1.));
#2898 = ( GEOMETRIC_REPRESENTATION_CONTEXT(2) 
PARAMETRIC_REPRESENTATION_CONTEXT() REPRESENTATION_CONTEXT('2D SPACE',''
  ) );
#2899 = ORIENTED_EDGE('',*,*,#2900,.T.);
#2900 = EDGE_CURVE('',#2878,#2878,#2901,.T.);
#2901 = SURFACE_CURVE('',#2902,(#2907,#2914),.PCURVE_S1.);
#2902 = CIRCLE('',#2903,8.);
#2903 = AXIS2_PLACEMENT_3D('',#2904,#2905,#2906);
#2904 = CARTESIAN_POINT('',(106.4,24.6,10.05));
#2905 = DIRECTION('',(3.089705212116E-30,1.,1.150422153447E-31));
#2906 = DIRECTION('',(1.372104746318E-45,-1.150422153447E-31,1.));
#2907 = PCURVE('',#1011,#2908);
#2908 = DEFINITIONAL_REPRESENTATION('',(#2909),#2913);
#2909 = LINE('',#2910,#2911);
#2910 = CARTESIAN_POINT('',(0.,-0.4));
#2911 = VECTOR('',#2912,1.);
#2912 = DIRECTION('',(1.,0.));
#2913 = ( GEOMETRIC_REPRESENTATION_CONTEXT(2) 
PARAMETRIC_REPRESENTATION_CONTEXT() REPRESENTATION_CONTEXT('2D SPACE',''
  ) );
#2914 = PCURVE('',#2218,#2915);
#2915 = DEFINITIONAL_REPRESENTATION('',(#2916),#2920);
#2916 = LINE('',#2917,#2918);
#2917 = CARTESIAN_POINT('',(0.,-0.));
#2918 = VECTOR('',#2919,1.);
#2919 = DIRECTION('',(1.,-0.));
#2920 = ( GEOMETRIC_REPRESENTATION_CONTEXT(2) 
PARAMETRIC_REPRESENTATION_CONTEXT() REPRESENTATION_CONTEXT('2D SPACE',''
  ) );
#2921 = ORIENTED_EDGE('',*,*,#2877,.F.);
#2922 = ORIENTED_EDGE('',*,*,#994,.F.);
#2923 = ADVANCED_FACE('',(#2924),#1066,.T.);
#2924 = FACE_BOUND('',#2925,.T.);
#2925 = EDGE_LOOP('',(#2926,#2927,#2928,#2929));
#2926 = ORIENTED_EDGE('',*,*,#1203,.T.);
#2927 = ORIENTED_EDGE('',*,*,#1175,.T.);
#2928 = ORIENTED_EDGE('',*,*,#1126,.T.);
#2929 = ORIENTED_EDGE('',*,*,#1049,.T.);
#2930 = ADVANCED_FACE('',(#2931),#1367,.F.);
#2931 = FACE_BOUND('',#2932,.F.);
#2932 = EDGE_LOOP('',(#2933,#2934,#2953,#2954));
#2933 = ORIENTED_EDGE('',*,*,#1352,.T.);
#2934 = ORIENTED_EDGE('',*,*,#2935,.T.);
#2935 = EDGE_CURVE('',#1330,#2778,#2936,.T.);
#2936 = SEAM_CURVE('',#2937,(#2941,#2947),.PCURVE_S1.);
#2937 = LINE('',#2938,#2939);
#2938 = CARTESIAN_POINT('',(-50.5,-24.6,-6.55));
#2939 = VECTOR('',#2940,1.);
#2940 = DIRECTION('',(0.,0.707106781187,-0.707106781187));
#2941 = PCURVE('',#1367,#2942);
#2942 = DEFINITIONAL_REPRESENTATION('',(#2943),#2946);
#2943 = B_SPLINE_CURVE_WITH_KNOTS('',1,(#2944,#2945),.UNSPECIFIED.,.F.,
  .F.,(2,2),(0.,5.091168824543),.PIECEWISE_BEZIER_KNOTS.);
#2944 = CARTESIAN_POINT('',(0.,0.));
#2945 = CARTESIAN_POINT('',(0.,-3.6));
#2946 = ( GEOMETRIC_REPRESENTATION_CONTEXT(2) 
PARAMETRIC_REPRESENTATION_CONTEXT() REPRESENTATION_CONTEXT('2D SPACE',''
  ) );
#2947 = PCURVE('',#1367,#2948);
#2948 = DEFINITIONAL_REPRESENTATION('',(#2949),#2952);
#2949 = B_SPLINE_CURVE_WITH_KNOTS('',1,(#2950,#2951),.UNSPECIFIED.,.F.,
  .F.,(2,2),(0.,5.091168824543),.PIECEWISE_BEZIER_KNOTS.);
#2950 = CARTESIAN_POINT('',(-6.28318530718,0.));
#2951 = CARTESIAN_POINT('',(-6.28318530718,-3.6));
#2952 = ( GEOMETRIC_REPRESENTATION_CONTEXT(2) 
PARAMETRIC_REPRESENTATION_CONTEXT() REPRESENTATION_CONTEXT('2D SPACE',''
  ) );
#2953 = ORIENTED_EDGE('',*,*,#2800,.T.);
#2954 = ORIENTED_EDGE('',*,*,#2935,.F.);
#2955 = ADVANCED_FACE('',(#2956),#1422,.F.);
#2956 = FACE_BOUND('',#2957,.F.);
#2957 = EDGE_LOOP('',(#2958,#2959,#2978,#2979));
#2958 = ORIENTED_EDGE('',*,*,#1407,.T.);
#2959 = ORIENTED_EDGE('',*,*,#2960,.T.);
#2960 = EDGE_CURVE('',#1385,#2828,#2961,.T.);
#2961 = SEAM_CURVE('',#2962,(#2966,#2972),.PCURVE_S1.);
#2962 = LINE('',#2963,#2964);
#2963 = CARTESIAN_POINT('',(-16.1,-24.6,-6.55));
#2964 = VECTOR('',#2965,1.);
#2965 = DIRECTION('',(-3.253885223719E-31,0.707106781187,-0.707106781187
    ));
#2966 = PCURVE('',#1422,#2967);
#2967 = DEFINITIONAL_REPRESENTATION('',(#2968),#2971);
#2968 = B_SPLINE_CURVE_WITH_KNOTS('',1,(#2969,#2970),.UNSPECIFIED.,.F.,
  .F.,(2,2),(0.,5.091168824543),.PIECEWISE_BEZIER_KNOTS.);
#2969 = CARTESIAN_POINT('',(0.,0.));
#2970 = CARTESIAN_POINT('',(0.,-3.6));
#2971 = ( GEOMETRIC_REPRESENTATION_CONTEXT(2) 
PARAMETRIC_REPRESENTATION_CONTEXT() REPRESENTATION_CONTEXT('2D SPACE',''
  ) );
#2972 = PCURVE('',#1422,#2973);
#2973 = DEFINITIONAL_REPRESENTATION('',(#2974),#2977);
#2974 = B_SPLINE_CURVE_WITH_KNOTS('',1,(#2975,#2976),.UNSPECIFIED.,.F.,
  .F.,(2,2),(0.,5.091168824543),.PIECEWISE_BEZIER_KNOTS.);
#2975 = CARTESIAN_POINT('',(-6.28318530718,0.));
#2976 = CARTESIAN_POINT('',(-6.28318530718,-3.6));
#2977 = ( GEOMETRIC_REPRESENTATION_CONTEXT(2) 
PARAMETRIC_REPRESENTATION_CONTEXT() REPRESENTATION_CONTEXT('2D SPACE',''
  ) );
#2978 = ORIENTED_EDGE('',*,*,#2850,.T.);
#2979 = ORIENTED_EDGE('',*,*,#2960,.F.);
#2980 = ADVANCED_FACE('',(#2981),#2218,.F.);
#2981 = FACE_BOUND('',#2982,.T.);
#2982 = EDGE_LOOP('',(#2983,#2984,#3003,#3004));
#2983 = ORIENTED_EDGE('',*,*,#2900,.T.);
#2984 = ORIENTED_EDGE('',*,*,#2985,.T.);
#2985 = EDGE_CURVE('',#2878,#1440,#2986,.T.);
#2986 = SEAM_CURVE('',#2987,(#2991,#2997),.PCURVE_S1.);
#2987 = LINE('',#2988,#2989);
#2988 = CARTESIAN_POINT('',(106.4,24.6,18.05));
#2989 = VECTOR('',#2990,1.);
#2990 = DIRECTION('',(-2.184751507354E-30,-0.707106781187,
    -0.707106781187));
#2991 = PCURVE('',#2218,#2992);
#2992 = DEFINITIONAL_REPRESENTATION('',(#2993),#2996);
#2993 = B_SPLINE_CURVE_WITH_KNOTS('',1,(#2994,#2995),.UNSPECIFIED.,.F.,
  .F.,(2,2),(0.,5.091168824543),.PIECEWISE_BEZIER_KNOTS.);
#2994 = CARTESIAN_POINT('',(0.,0.));
#2995 = CARTESIAN_POINT('',(0.,-3.6));
#2996 = ( GEOMETRIC_REPRESENTATION_CONTEXT(2) 
PARAMETRIC_REPRESENTATION_CONTEXT() REPRESENTATION_CONTEXT('2D SPACE',''
  ) );
#2997 = PCURVE('',#2218,#2998);
#2998 = DEFINITIONAL_REPRESENTATION('',(#2999),#3002);
#2999 = B_SPLINE_CURVE_WITH_KNOTS('',1,(#3000,#3001),.UNSPECIFIED.,.F.,
  .F.,(2,2),(0.,5.091168824543),.PIECEWISE_BEZIER_KNOTS.);
#3000 = CARTESIAN_POINT('',(6.28318530718,0.));
#3001 = CARTESIAN_POINT('',(6.28318530718,-3.6));
#3002 = ( GEOMETRIC_REPRESENTATION_CONTEXT(2) 
PARAMETRIC_REPRESENTATION_CONTEXT() REPRESENTATION_CONTEXT('2D SPACE',''
  ) );
#3003 = ORIENTED_EDGE('',*,*,#1462,.F.);
#3004 = ORIENTED_EDGE('',*,*,#2985,.F.);
#3005 = ( GEOMETRIC_REPRESENTATION_CONTEXT(3) 
GLOBAL_UNCERTAINTY_ASSIGNED_CONTEXT((#3009)) 
GLOBAL_UNIT_ASSIGNED_CONTEXT((#3006,#3007,#3008)) REPRESENTATION_CONTEXT
('Context #1','3D Context with UNIT and UNCERTAINTY') );
#3006 = ( LENGTH_UNIT() NAMED_UNIT(*) SI_UNIT(.MILLI.,.METRE.) );
#3007 = ( NAMED_UNIT(*) PLANE_ANGLE_UNIT() SI_UNIT($,.RADIAN.) );
#3008 = ( NAMED_UNIT(*) SI_UNIT($,.STERADIAN.) SOLID_ANGLE_UNIT() );
#3009 = UNCERTAINTY_MEASURE_WITH_UNIT(LENGTH_MEASURE(1.E-07),#3006,
  'distance_accuracy_value','confusion accuracy');
#3010 = PRODUCT_RELATED_PRODUCT_CATEGORY('part',$,(#7));
ENDSEC;
END-ISO-10303-21;
