ISO-10303-21;
HEADER;
FILE_DESCRIPTION(('Open CASCADE Model'),'2;1');
FILE_NAME('Open CASCADE Shape Model','2025-08-06T14:40:39',('Author'),(
    'Open CASCADE'),'Open CASCADE STEP processor 7.7','Open CASCADE 7.7'
  ,'Unknown');
FILE_SCHEMA(('AUTOMOTIVE_DESIGN { 1 0 10303 214 1 1 1 1 }'));
ENDSEC;
DATA;
#1 = APPLICATION_PROTOCOL_DEFINITION('international standard',
  'automotive_design',2000,#2);
#2 = APPLICATION_CONTEXT(
  'core data for automotive mechanical design processes');
#3 = SHAPE_DEFINITION_REPRESENTATION(#4,#10);
#4 = PRODUCT_DEFINITION_SHAPE('','',#5);
#5 = PRODUCT_DEFINITION('design','',#6,#9);
#6 = PRODUCT_DEFINITION_FORMATION('','',#7);
#7 = PRODUCT('geometry_00000061','geometry_00000061','',(#8));
#8 = PRODUCT_CONTEXT('',#2,'mechanical');
#9 = PRODUCT_DEFINITION_CONTEXT('part definition',#2,'design');
#10 = SHAPE_REPRESENTATION('',(#11,#15,#3863,#4273),#4923);
#11 = AXIS2_PLACEMENT_3D('',#12,#13,#14);
#12 = CARTESIAN_POINT('',(0.,0.,0.));
#13 = DIRECTION('',(0.,0.,1.));
#14 = DIRECTION('',(1.,0.,-0.));
#15 = MANIFOLD_SOLID_BREP('PartBody',#16);
#16 = CLOSED_SHELL('',(#17,#137,#376,#597,#876,#903,#1057,#1426,#1453,
    #1480,#1507,#1514,#1541,#1548,#1624,#1674,#1723,#1751,#1801,#1851,
    #1878,#1885,#1962,#2011,#2060,#2088,#2143,#2198,#2253,#2308,#2363,
    #2370,#2377,#2430,#3409,#3462,#3515,#3568,#3623,#3678,#3733,#3788,
    #3843,#3847,#3851,#3855,#3859));
#17 = ADVANCED_FACE('',(#18),#32,.F.);
#18 = FACE_BOUND('',#19,.F.);
#19 = EDGE_LOOP('',(#20,#55,#83,#111));
#20 = ORIENTED_EDGE('',*,*,#21,.F.);
#21 = EDGE_CURVE('',#22,#24,#26,.T.);
#22 = VERTEX_POINT('',#23);
#23 = CARTESIAN_POINT('',(-100.,-150.,-125.));
#24 = VERTEX_POINT('',#25);
#25 = CARTESIAN_POINT('',(-100.,-150.,125.));
#26 = SURFACE_CURVE('',#27,(#31,#43),.PCURVE_S1.);
#27 = LINE('',#28,#29);
#28 = CARTESIAN_POINT('',(-100.,-150.,-125.));
#29 = VECTOR('',#30,1.);
#30 = DIRECTION('',(0.,0.,1.));
#31 = PCURVE('',#32,#37);
#32 = PLANE('',#33);
#33 = AXIS2_PLACEMENT_3D('',#34,#35,#36);
#34 = CARTESIAN_POINT('',(-100.,-150.,-125.));
#35 = DIRECTION('',(1.,0.,0.));
#36 = DIRECTION('',(0.,0.,1.));
#37 = DEFINITIONAL_REPRESENTATION('',(#38),#42);
#38 = LINE('',#39,#40);
#39 = CARTESIAN_POINT('',(0.,0.));
#40 = VECTOR('',#41,1.);
#41 = DIRECTION('',(1.,0.));
#42 = ( GEOMETRIC_REPRESENTATION_CONTEXT(2) 
PARAMETRIC_REPRESENTATION_CONTEXT() REPRESENTATION_CONTEXT('2D SPACE',''
  ) );
#43 = PCURVE('',#44,#49);
#44 = PLANE('',#45);
#45 = AXIS2_PLACEMENT_3D('',#46,#47,#48);
#46 = CARTESIAN_POINT('',(-100.,-150.,-125.));
#47 = DIRECTION('',(0.,1.,0.));
#48 = DIRECTION('',(0.,0.,1.));
#49 = DEFINITIONAL_REPRESENTATION('',(#50),#54);
#50 = LINE('',#51,#52);
#51 = CARTESIAN_POINT('',(0.,0.));
#52 = VECTOR('',#53,1.);
#53 = DIRECTION('',(1.,0.));
#54 = ( GEOMETRIC_REPRESENTATION_CONTEXT(2) 
PARAMETRIC_REPRESENTATION_CONTEXT() REPRESENTATION_CONTEXT('2D SPACE',''
  ) );
#55 = ORIENTED_EDGE('',*,*,#56,.T.);
#56 = EDGE_CURVE('',#22,#57,#59,.T.);
#57 = VERTEX_POINT('',#58);
#58 = CARTESIAN_POINT('',(-100.,150.,-125.));
#59 = SURFACE_CURVE('',#60,(#64,#71),.PCURVE_S1.);
#60 = LINE('',#61,#62);
#61 = CARTESIAN_POINT('',(-100.,-150.,-125.));
#62 = VECTOR('',#63,1.);
#63 = DIRECTION('',(0.,1.,0.));
#64 = PCURVE('',#32,#65);
#65 = DEFINITIONAL_REPRESENTATION('',(#66),#70);
#66 = LINE('',#67,#68);
#67 = CARTESIAN_POINT('',(0.,0.));
#68 = VECTOR('',#69,1.);
#69 = DIRECTION('',(0.,-1.));
#70 = ( GEOMETRIC_REPRESENTATION_CONTEXT(2) 
PARAMETRIC_REPRESENTATION_CONTEXT() REPRESENTATION_CONTEXT('2D SPACE',''
  ) );
#71 = PCURVE('',#72,#77);
#72 = PLANE('',#73);
#73 = AXIS2_PLACEMENT_3D('',#74,#75,#76);
#74 = CARTESIAN_POINT('',(-100.,-150.,-125.));
#75 = DIRECTION('',(0.,0.,1.));
#76 = DIRECTION('',(1.,0.,0.));
#77 = DEFINITIONAL_REPRESENTATION('',(#78),#82);
#78 = LINE('',#79,#80);
#79 = CARTESIAN_POINT('',(0.,0.));
#80 = VECTOR('',#81,1.);
#81 = DIRECTION('',(0.,1.));
#82 = ( GEOMETRIC_REPRESENTATION_CONTEXT(2) 
PARAMETRIC_REPRESENTATION_CONTEXT() REPRESENTATION_CONTEXT('2D SPACE',''
  ) );
#83 = ORIENTED_EDGE('',*,*,#84,.T.);
#84 = EDGE_CURVE('',#57,#85,#87,.T.);
#85 = VERTEX_POINT('',#86);
#86 = CARTESIAN_POINT('',(-100.,150.,125.));
#87 = SURFACE_CURVE('',#88,(#92,#99),.PCURVE_S1.);
#88 = LINE('',#89,#90);
#89 = CARTESIAN_POINT('',(-100.,150.,-125.));
#90 = VECTOR('',#91,1.);
#91 = DIRECTION('',(0.,0.,1.));
#92 = PCURVE('',#32,#93);
#93 = DEFINITIONAL_REPRESENTATION('',(#94),#98);
#94 = LINE('',#95,#96);
#95 = CARTESIAN_POINT('',(0.,-300.));
#96 = VECTOR('',#97,1.);
#97 = DIRECTION('',(1.,0.));
#98 = ( GEOMETRIC_REPRESENTATION_CONTEXT(2) 
PARAMETRIC_REPRESENTATION_CONTEXT() REPRESENTATION_CONTEXT('2D SPACE',''
  ) );
#99 = PCURVE('',#100,#105);
#100 = PLANE('',#101);
#101 = AXIS2_PLACEMENT_3D('',#102,#103,#104);
#102 = CARTESIAN_POINT('',(-100.,150.,-125.));
#103 = DIRECTION('',(0.,1.,0.));
#104 = DIRECTION('',(0.,0.,1.));
#105 = DEFINITIONAL_REPRESENTATION('',(#106),#110);
#106 = LINE('',#107,#108);
#107 = CARTESIAN_POINT('',(0.,0.));
#108 = VECTOR('',#109,1.);
#109 = DIRECTION('',(1.,0.));
#110 = ( GEOMETRIC_REPRESENTATION_CONTEXT(2) 
PARAMETRIC_REPRESENTATION_CONTEXT() REPRESENTATION_CONTEXT('2D SPACE',''
  ) );
#111 = ORIENTED_EDGE('',*,*,#112,.F.);
#112 = EDGE_CURVE('',#24,#85,#113,.T.);
#113 = SURFACE_CURVE('',#114,(#118,#125),.PCURVE_S1.);
#114 = LINE('',#115,#116);
#115 = CARTESIAN_POINT('',(-100.,-150.,125.));
#116 = VECTOR('',#117,1.);
#117 = DIRECTION('',(0.,1.,0.));
#118 = PCURVE('',#32,#119);
#119 = DEFINITIONAL_REPRESENTATION('',(#120),#124);
#120 = LINE('',#121,#122);
#121 = CARTESIAN_POINT('',(250.,0.));
#122 = VECTOR('',#123,1.);
#123 = DIRECTION('',(0.,-1.));
#124 = ( GEOMETRIC_REPRESENTATION_CONTEXT(2) 
PARAMETRIC_REPRESENTATION_CONTEXT() REPRESENTATION_CONTEXT('2D SPACE',''
  ) );
#125 = PCURVE('',#126,#131);
#126 = PLANE('',#127);
#127 = AXIS2_PLACEMENT_3D('',#128,#129,#130);
#128 = CARTESIAN_POINT('',(-100.,-150.,125.));
#129 = DIRECTION('',(0.,0.,1.));
#130 = DIRECTION('',(1.,0.,0.));
#131 = DEFINITIONAL_REPRESENTATION('',(#132),#136);
#132 = LINE('',#133,#134);
#133 = CARTESIAN_POINT('',(0.,0.));
#134 = VECTOR('',#135,1.);
#135 = DIRECTION('',(0.,1.));
#136 = ( GEOMETRIC_REPRESENTATION_CONTEXT(2) 
PARAMETRIC_REPRESENTATION_CONTEXT() REPRESENTATION_CONTEXT('2D SPACE',''
  ) );
#137 = ADVANCED_FACE('',(#138),#44,.F.);
#138 = FACE_BOUND('',#139,.F.);
#139 = EDGE_LOOP('',(#140,#170,#198,#221,#249,#270,#271,#294,#322,#350)
  );
#140 = ORIENTED_EDGE('',*,*,#141,.T.);
#141 = EDGE_CURVE('',#142,#144,#146,.T.);
#142 = VERTEX_POINT('',#143);
#143 = CARTESIAN_POINT('',(62.6,-150.,125.));
#144 = VERTEX_POINT('',#145);
#145 = CARTESIAN_POINT('',(100.,-150.,125.));
#146 = SURFACE_CURVE('',#147,(#151,#158),.PCURVE_S1.);
#147 = LINE('',#148,#149);
#148 = CARTESIAN_POINT('',(-100.,-150.,125.));
#149 = VECTOR('',#150,1.);
#150 = DIRECTION('',(1.,0.,0.));
#151 = PCURVE('',#44,#152);
#152 = DEFINITIONAL_REPRESENTATION('',(#153),#157);
#153 = LINE('',#154,#155);
#154 = CARTESIAN_POINT('',(250.,0.));
#155 = VECTOR('',#156,1.);
#156 = DIRECTION('',(0.,1.));
#157 = ( GEOMETRIC_REPRESENTATION_CONTEXT(2) 
PARAMETRIC_REPRESENTATION_CONTEXT() REPRESENTATION_CONTEXT('2D SPACE',''
  ) );
#158 = PCURVE('',#159,#164);
#159 = PLANE('',#160);
#160 = AXIS2_PLACEMENT_3D('',#161,#162,#163);
#161 = CARTESIAN_POINT('',(-100.,-150.,125.));
#162 = DIRECTION('',(0.,0.,1.));
#163 = DIRECTION('',(1.,0.,0.));
#164 = DEFINITIONAL_REPRESENTATION('',(#165),#169);
#165 = LINE('',#166,#167);
#166 = CARTESIAN_POINT('',(0.,0.));
#167 = VECTOR('',#168,1.);
#168 = DIRECTION('',(1.,0.));
#169 = ( GEOMETRIC_REPRESENTATION_CONTEXT(2) 
PARAMETRIC_REPRESENTATION_CONTEXT() REPRESENTATION_CONTEXT('2D SPACE',''
  ) );
#170 = ORIENTED_EDGE('',*,*,#171,.F.);
#171 = EDGE_CURVE('',#172,#144,#174,.T.);
#172 = VERTEX_POINT('',#173);
#173 = CARTESIAN_POINT('',(100.,-150.,-125.));
#174 = SURFACE_CURVE('',#175,(#179,#186),.PCURVE_S1.);
#175 = LINE('',#176,#177);
#176 = CARTESIAN_POINT('',(100.,-150.,-125.));
#177 = VECTOR('',#178,1.);
#178 = DIRECTION('',(0.,0.,1.));
#179 = PCURVE('',#44,#180);
#180 = DEFINITIONAL_REPRESENTATION('',(#181),#185);
#181 = LINE('',#182,#183);
#182 = CARTESIAN_POINT('',(0.,200.));
#183 = VECTOR('',#184,1.);
#184 = DIRECTION('',(1.,0.));
#185 = ( GEOMETRIC_REPRESENTATION_CONTEXT(2) 
PARAMETRIC_REPRESENTATION_CONTEXT() REPRESENTATION_CONTEXT('2D SPACE',''
  ) );
#186 = PCURVE('',#187,#192);
#187 = PLANE('',#188);
#188 = AXIS2_PLACEMENT_3D('',#189,#190,#191);
#189 = CARTESIAN_POINT('',(100.,-150.,-125.));
#190 = DIRECTION('',(1.,0.,0.));
#191 = DIRECTION('',(0.,0.,1.));
#192 = DEFINITIONAL_REPRESENTATION('',(#193),#197);
#193 = LINE('',#194,#195);
#194 = CARTESIAN_POINT('',(0.,0.));
#195 = VECTOR('',#196,1.);
#196 = DIRECTION('',(1.,0.));
#197 = ( GEOMETRIC_REPRESENTATION_CONTEXT(2) 
PARAMETRIC_REPRESENTATION_CONTEXT() REPRESENTATION_CONTEXT('2D SPACE',''
  ) );
#198 = ORIENTED_EDGE('',*,*,#199,.F.);
#199 = EDGE_CURVE('',#200,#172,#202,.T.);
#200 = VERTEX_POINT('',#201);
#201 = CARTESIAN_POINT('',(55.6,-150.,-125.));
#202 = SURFACE_CURVE('',#203,(#207,#214),.PCURVE_S1.);
#203 = LINE('',#204,#205);
#204 = CARTESIAN_POINT('',(-100.,-150.,-125.));
#205 = VECTOR('',#206,1.);
#206 = DIRECTION('',(1.,0.,0.));
#207 = PCURVE('',#44,#208);
#208 = DEFINITIONAL_REPRESENTATION('',(#209),#213);
#209 = LINE('',#210,#211);
#210 = CARTESIAN_POINT('',(0.,0.));
#211 = VECTOR('',#212,1.);
#212 = DIRECTION('',(0.,1.));
#213 = ( GEOMETRIC_REPRESENTATION_CONTEXT(2) 
PARAMETRIC_REPRESENTATION_CONTEXT() REPRESENTATION_CONTEXT('2D SPACE',''
  ) );
#214 = PCURVE('',#72,#215);
#215 = DEFINITIONAL_REPRESENTATION('',(#216),#220);
#216 = LINE('',#217,#218);
#217 = CARTESIAN_POINT('',(0.,0.));
#218 = VECTOR('',#219,1.);
#219 = DIRECTION('',(1.,0.));
#220 = ( GEOMETRIC_REPRESENTATION_CONTEXT(2) 
PARAMETRIC_REPRESENTATION_CONTEXT() REPRESENTATION_CONTEXT('2D SPACE',''
  ) );
#221 = ORIENTED_EDGE('',*,*,#222,.F.);
#222 = EDGE_CURVE('',#223,#200,#225,.T.);
#223 = VERTEX_POINT('',#224);
#224 = CARTESIAN_POINT('',(-10.4,-150.,-125.));
#225 = SURFACE_CURVE('',#226,(#230,#237),.PCURVE_S1.);
#226 = LINE('',#227,#228);
#227 = CARTESIAN_POINT('',(-10.4,-150.,-125.));
#228 = VECTOR('',#229,1.);
#229 = DIRECTION('',(1.,0.,0.));
#230 = PCURVE('',#44,#231);
#231 = DEFINITIONAL_REPRESENTATION('',(#232),#236);
#232 = LINE('',#233,#234);
#233 = CARTESIAN_POINT('',(0.,89.6));
#234 = VECTOR('',#235,1.);
#235 = DIRECTION('',(0.,1.));
#236 = ( GEOMETRIC_REPRESENTATION_CONTEXT(2) 
PARAMETRIC_REPRESENTATION_CONTEXT() REPRESENTATION_CONTEXT('2D SPACE',''
  ) );
#237 = PCURVE('',#238,#243);
#238 = PLANE('',#239);
#239 = AXIS2_PLACEMENT_3D('',#240,#241,#242);
#240 = CARTESIAN_POINT('',(-100.,-150.,-125.));
#241 = DIRECTION('',(0.,0.,1.));
#242 = DIRECTION('',(1.,0.,0.));
#243 = DEFINITIONAL_REPRESENTATION('',(#244),#248);
#244 = LINE('',#245,#246);
#245 = CARTESIAN_POINT('',(89.6,0.));
#246 = VECTOR('',#247,1.);
#247 = DIRECTION('',(1.,0.));
#248 = ( GEOMETRIC_REPRESENTATION_CONTEXT(2) 
PARAMETRIC_REPRESENTATION_CONTEXT() REPRESENTATION_CONTEXT('2D SPACE',''
  ) );
#249 = ORIENTED_EDGE('',*,*,#250,.F.);
#250 = EDGE_CURVE('',#22,#223,#251,.T.);
#251 = SURFACE_CURVE('',#252,(#256,#263),.PCURVE_S1.);
#252 = LINE('',#253,#254);
#253 = CARTESIAN_POINT('',(-100.,-150.,-125.));
#254 = VECTOR('',#255,1.);
#255 = DIRECTION('',(1.,0.,0.));
#256 = PCURVE('',#44,#257);
#257 = DEFINITIONAL_REPRESENTATION('',(#258),#262);
#258 = LINE('',#259,#260);
#259 = CARTESIAN_POINT('',(0.,0.));
#260 = VECTOR('',#261,1.);
#261 = DIRECTION('',(0.,1.));
#262 = ( GEOMETRIC_REPRESENTATION_CONTEXT(2) 
PARAMETRIC_REPRESENTATION_CONTEXT() REPRESENTATION_CONTEXT('2D SPACE',''
  ) );
#263 = PCURVE('',#72,#264);
#264 = DEFINITIONAL_REPRESENTATION('',(#265),#269);
#265 = LINE('',#266,#267);
#266 = CARTESIAN_POINT('',(0.,0.));
#267 = VECTOR('',#268,1.);
#268 = DIRECTION('',(1.,0.));
#269 = ( GEOMETRIC_REPRESENTATION_CONTEXT(2) 
PARAMETRIC_REPRESENTATION_CONTEXT() REPRESENTATION_CONTEXT('2D SPACE',''
  ) );
#270 = ORIENTED_EDGE('',*,*,#21,.T.);
#271 = ORIENTED_EDGE('',*,*,#272,.T.);
#272 = EDGE_CURVE('',#24,#273,#275,.T.);
#273 = VERTEX_POINT('',#274);
#274 = CARTESIAN_POINT('',(-13.8,-150.,125.));
#275 = SURFACE_CURVE('',#276,(#280,#287),.PCURVE_S1.);
#276 = LINE('',#277,#278);
#277 = CARTESIAN_POINT('',(-100.,-150.,125.));
#278 = VECTOR('',#279,1.);
#279 = DIRECTION('',(1.,0.,0.));
#280 = PCURVE('',#44,#281);
#281 = DEFINITIONAL_REPRESENTATION('',(#282),#286);
#282 = LINE('',#283,#284);
#283 = CARTESIAN_POINT('',(250.,0.));
#284 = VECTOR('',#285,1.);
#285 = DIRECTION('',(0.,1.));
#286 = ( GEOMETRIC_REPRESENTATION_CONTEXT(2) 
PARAMETRIC_REPRESENTATION_CONTEXT() REPRESENTATION_CONTEXT('2D SPACE',''
  ) );
#287 = PCURVE('',#126,#288);
#288 = DEFINITIONAL_REPRESENTATION('',(#289),#293);
#289 = LINE('',#290,#291);
#290 = CARTESIAN_POINT('',(0.,0.));
#291 = VECTOR('',#292,1.);
#292 = DIRECTION('',(1.,0.));
#293 = ( GEOMETRIC_REPRESENTATION_CONTEXT(2) 
PARAMETRIC_REPRESENTATION_CONTEXT() REPRESENTATION_CONTEXT('2D SPACE',''
  ) );
#294 = ORIENTED_EDGE('',*,*,#295,.T.);
#295 = EDGE_CURVE('',#273,#296,#298,.T.);
#296 = VERTEX_POINT('',#297);
#297 = CARTESIAN_POINT('',(-13.8,-150.,97.));
#298 = SURFACE_CURVE('',#299,(#303,#310),.PCURVE_S1.);
#299 = LINE('',#300,#301);
#300 = CARTESIAN_POINT('',(-13.8,-150.,125.));
#301 = VECTOR('',#302,1.);
#302 = DIRECTION('',(-0.,0.,-1.));
#303 = PCURVE('',#44,#304);
#304 = DEFINITIONAL_REPRESENTATION('',(#305),#309);
#305 = LINE('',#306,#307);
#306 = CARTESIAN_POINT('',(250.,86.2));
#307 = VECTOR('',#308,1.);
#308 = DIRECTION('',(-1.,0.));
#309 = ( GEOMETRIC_REPRESENTATION_CONTEXT(2) 
PARAMETRIC_REPRESENTATION_CONTEXT() REPRESENTATION_CONTEXT('2D SPACE',''
  ) );
#310 = PCURVE('',#311,#316);
#311 = PLANE('',#312);
#312 = AXIS2_PLACEMENT_3D('',#313,#314,#315);
#313 = CARTESIAN_POINT('',(-13.8,150.,125.));
#314 = DIRECTION('',(-1.,0.,0.));
#315 = DIRECTION('',(0.,-1.,0.));
#316 = DEFINITIONAL_REPRESENTATION('',(#317),#321);
#317 = LINE('',#318,#319);
#318 = CARTESIAN_POINT('',(300.,0.));
#319 = VECTOR('',#320,1.);
#320 = DIRECTION('',(0.,-1.));
#321 = ( GEOMETRIC_REPRESENTATION_CONTEXT(2) 
PARAMETRIC_REPRESENTATION_CONTEXT() REPRESENTATION_CONTEXT('2D SPACE',''
  ) );
#322 = ORIENTED_EDGE('',*,*,#323,.T.);
#323 = EDGE_CURVE('',#296,#324,#326,.T.);
#324 = VERTEX_POINT('',#325);
#325 = CARTESIAN_POINT('',(62.6,-150.,97.));
#326 = SURFACE_CURVE('',#327,(#331,#338),.PCURVE_S1.);
#327 = LINE('',#328,#329);
#328 = CARTESIAN_POINT('',(-13.8,-150.,97.));
#329 = VECTOR('',#330,1.);
#330 = DIRECTION('',(1.,0.,0.));
#331 = PCURVE('',#44,#332);
#332 = DEFINITIONAL_REPRESENTATION('',(#333),#337);
#333 = LINE('',#334,#335);
#334 = CARTESIAN_POINT('',(222.,86.2));
#335 = VECTOR('',#336,1.);
#336 = DIRECTION('',(0.,1.));
#337 = ( GEOMETRIC_REPRESENTATION_CONTEXT(2) 
PARAMETRIC_REPRESENTATION_CONTEXT() REPRESENTATION_CONTEXT('2D SPACE',''
  ) );
#338 = PCURVE('',#339,#344);
#339 = PLANE('',#340);
#340 = AXIS2_PLACEMENT_3D('',#341,#342,#343);
#341 = CARTESIAN_POINT('',(24.4,2.416298357526E-15,97.));
#342 = DIRECTION('',(0.,1.78842004726E-33,1.));
#343 = DIRECTION('',(0.,1.,-1.78842004726E-33));
#344 = DEFINITIONAL_REPRESENTATION('',(#345),#349);
#345 = LINE('',#346,#347);
#346 = CARTESIAN_POINT('',(-150.,38.2));
#347 = VECTOR('',#348,1.);
#348 = DIRECTION('',(0.,-1.));
#349 = ( GEOMETRIC_REPRESENTATION_CONTEXT(2) 
PARAMETRIC_REPRESENTATION_CONTEXT() REPRESENTATION_CONTEXT('2D SPACE',''
  ) );
#350 = ORIENTED_EDGE('',*,*,#351,.F.);
#351 = EDGE_CURVE('',#142,#324,#352,.T.);
#352 = SURFACE_CURVE('',#353,(#357,#364),.PCURVE_S1.);
#353 = LINE('',#354,#355);
#354 = CARTESIAN_POINT('',(62.6,-150.,125.));
#355 = VECTOR('',#356,1.);
#356 = DIRECTION('',(-0.,0.,-1.));
#357 = PCURVE('',#44,#358);
#358 = DEFINITIONAL_REPRESENTATION('',(#359),#363);
#359 = LINE('',#360,#361);
#360 = CARTESIAN_POINT('',(250.,162.6));
#361 = VECTOR('',#362,1.);
#362 = DIRECTION('',(-1.,0.));
#363 = ( GEOMETRIC_REPRESENTATION_CONTEXT(2) 
PARAMETRIC_REPRESENTATION_CONTEXT() REPRESENTATION_CONTEXT('2D SPACE',''
  ) );
#364 = PCURVE('',#365,#370);
#365 = PLANE('',#366);
#366 = AXIS2_PLACEMENT_3D('',#367,#368,#369);
#367 = CARTESIAN_POINT('',(62.6,-150.,125.));
#368 = DIRECTION('',(1.,0.,-0.));
#369 = DIRECTION('',(0.,1.,0.));
#370 = DEFINITIONAL_REPRESENTATION('',(#371),#375);
#371 = LINE('',#372,#373);
#372 = CARTESIAN_POINT('',(0.,0.));
#373 = VECTOR('',#374,1.);
#374 = DIRECTION('',(0.,-1.));
#375 = ( GEOMETRIC_REPRESENTATION_CONTEXT(2) 
PARAMETRIC_REPRESENTATION_CONTEXT() REPRESENTATION_CONTEXT('2D SPACE',''
  ) );
#376 = ADVANCED_FACE('',(#377,#481),#72,.F.);
#377 = FACE_BOUND('',#378,.F.);
#378 = EDGE_LOOP('',(#379,#402,#403,#404,#427,#455));
#379 = ORIENTED_EDGE('',*,*,#380,.F.);
#380 = EDGE_CURVE('',#57,#381,#383,.T.);
#381 = VERTEX_POINT('',#382);
#382 = CARTESIAN_POINT('',(19.96,150.,-125.));
#383 = SURFACE_CURVE('',#384,(#388,#395),.PCURVE_S1.);
#384 = LINE('',#385,#386);
#385 = CARTESIAN_POINT('',(-100.,150.,-125.));
#386 = VECTOR('',#387,1.);
#387 = DIRECTION('',(1.,0.,0.));
#388 = PCURVE('',#72,#389);
#389 = DEFINITIONAL_REPRESENTATION('',(#390),#394);
#390 = LINE('',#391,#392);
#391 = CARTESIAN_POINT('',(0.,300.));
#392 = VECTOR('',#393,1.);
#393 = DIRECTION('',(1.,0.));
#394 = ( GEOMETRIC_REPRESENTATION_CONTEXT(2) 
PARAMETRIC_REPRESENTATION_CONTEXT() REPRESENTATION_CONTEXT('2D SPACE',''
  ) );
#395 = PCURVE('',#100,#396);
#396 = DEFINITIONAL_REPRESENTATION('',(#397),#401);
#397 = LINE('',#398,#399);
#398 = CARTESIAN_POINT('',(0.,0.));
#399 = VECTOR('',#400,1.);
#400 = DIRECTION('',(0.,1.));
#401 = ( GEOMETRIC_REPRESENTATION_CONTEXT(2) 
PARAMETRIC_REPRESENTATION_CONTEXT() REPRESENTATION_CONTEXT('2D SPACE',''
  ) );
#402 = ORIENTED_EDGE('',*,*,#56,.F.);
#403 = ORIENTED_EDGE('',*,*,#250,.T.);
#404 = ORIENTED_EDGE('',*,*,#405,.F.);
#405 = EDGE_CURVE('',#406,#223,#408,.T.);
#406 = VERTEX_POINT('',#407);
#407 = CARTESIAN_POINT('',(0.5296,-42.,-125.));
#408 = SURFACE_CURVE('',#409,(#413,#420),.PCURVE_S1.);
#409 = LINE('',#410,#411);
#410 = CARTESIAN_POINT('',(19.96,150.,-125.));
#411 = VECTOR('',#412,1.);
#412 = DIRECTION('',(-0.100685729931,-0.994918279955,0.));
#413 = PCURVE('',#72,#414);
#414 = DEFINITIONAL_REPRESENTATION('',(#415),#419);
#415 = LINE('',#416,#417);
#416 = CARTESIAN_POINT('',(119.96,300.));
#417 = VECTOR('',#418,1.);
#418 = DIRECTION('',(-0.100685729931,-0.994918279955));
#419 = ( GEOMETRIC_REPRESENTATION_CONTEXT(2) 
PARAMETRIC_REPRESENTATION_CONTEXT() REPRESENTATION_CONTEXT('2D SPACE',''
  ) );
#420 = PCURVE('',#238,#421);
#421 = DEFINITIONAL_REPRESENTATION('',(#422),#426);
#422 = LINE('',#423,#424);
#423 = CARTESIAN_POINT('',(119.96,300.));
#424 = VECTOR('',#425,1.);
#425 = DIRECTION('',(-0.100685729931,-0.994918279955));
#426 = ( GEOMETRIC_REPRESENTATION_CONTEXT(2) 
PARAMETRIC_REPRESENTATION_CONTEXT() REPRESENTATION_CONTEXT('2D SPACE',''
  ) );
#427 = ORIENTED_EDGE('',*,*,#428,.F.);
#428 = EDGE_CURVE('',#429,#406,#431,.T.);
#429 = VERTEX_POINT('',#430);
#430 = CARTESIAN_POINT('',(4.78,0.,-125.));
#431 = SURFACE_CURVE('',#432,(#436,#443),.PCURVE_S1.);
#432 = LINE('',#433,#434);
#433 = CARTESIAN_POINT('',(19.96,150.,-125.));
#434 = VECTOR('',#435,1.);
#435 = DIRECTION('',(-0.100685729931,-0.994918279955,0.));
#436 = PCURVE('',#72,#437);
#437 = DEFINITIONAL_REPRESENTATION('',(#438),#442);
#438 = LINE('',#439,#440);
#439 = CARTESIAN_POINT('',(119.96,300.));
#440 = VECTOR('',#441,1.);
#441 = DIRECTION('',(-0.100685729931,-0.994918279955));
#442 = ( GEOMETRIC_REPRESENTATION_CONTEXT(2) 
PARAMETRIC_REPRESENTATION_CONTEXT() REPRESENTATION_CONTEXT('2D SPACE',''
  ) );
#443 = PCURVE('',#444,#449);
#444 = PLANE('',#445);
#445 = AXIS2_PLACEMENT_3D('',#446,#447,#448);
#446 = CARTESIAN_POINT('',(-100.,-150.,-125.));
#447 = DIRECTION('',(0.,0.,1.));
#448 = DIRECTION('',(1.,0.,0.));
#449 = DEFINITIONAL_REPRESENTATION('',(#450),#454);
#450 = LINE('',#451,#452);
#451 = CARTESIAN_POINT('',(119.96,300.));
#452 = VECTOR('',#453,1.);
#453 = DIRECTION('',(-0.100685729931,-0.994918279955));
#454 = ( GEOMETRIC_REPRESENTATION_CONTEXT(2) 
PARAMETRIC_REPRESENTATION_CONTEXT() REPRESENTATION_CONTEXT('2D SPACE',''
  ) );
#455 = ORIENTED_EDGE('',*,*,#456,.F.);
#456 = EDGE_CURVE('',#381,#429,#457,.T.);
#457 = SURFACE_CURVE('',#458,(#462,#469),.PCURVE_S1.);
#458 = LINE('',#459,#460);
#459 = CARTESIAN_POINT('',(19.96,150.,-125.));
#460 = VECTOR('',#461,1.);
#461 = DIRECTION('',(-0.100685729931,-0.994918279955,0.));
#462 = PCURVE('',#72,#463);
#463 = DEFINITIONAL_REPRESENTATION('',(#464),#468);
#464 = LINE('',#465,#466);
#465 = CARTESIAN_POINT('',(119.96,300.));
#466 = VECTOR('',#467,1.);
#467 = DIRECTION('',(-0.100685729931,-0.994918279955));
#468 = ( GEOMETRIC_REPRESENTATION_CONTEXT(2) 
PARAMETRIC_REPRESENTATION_CONTEXT() REPRESENTATION_CONTEXT('2D SPACE',''
  ) );
#469 = PCURVE('',#470,#475);
#470 = PLANE('',#471);
#471 = AXIS2_PLACEMENT_3D('',#472,#473,#474);
#472 = CARTESIAN_POINT('',(-100.,-150.,-125.));
#473 = DIRECTION('',(0.,0.,1.));
#474 = DIRECTION('',(1.,0.,0.));
#475 = DEFINITIONAL_REPRESENTATION('',(#476),#480);
#476 = LINE('',#477,#478);
#477 = CARTESIAN_POINT('',(119.96,300.));
#478 = VECTOR('',#479,1.);
#479 = DIRECTION('',(-0.100685729931,-0.994918279955));
#480 = ( GEOMETRIC_REPRESENTATION_CONTEXT(2) 
PARAMETRIC_REPRESENTATION_CONTEXT() REPRESENTATION_CONTEXT('2D SPACE',''
  ) );
#481 = FACE_BOUND('',#482,.F.);
#482 = EDGE_LOOP('',(#483,#508,#531,#554,#575,#576));
#483 = ORIENTED_EDGE('',*,*,#484,.F.);
#484 = EDGE_CURVE('',#485,#487,#489,.T.);
#485 = VERTEX_POINT('',#486);
#486 = CARTESIAN_POINT('',(55.6,150.,-125.));
#487 = VERTEX_POINT('',#488);
#488 = CARTESIAN_POINT('',(100.,150.,-125.));
#489 = SURFACE_CURVE('',#490,(#494,#501),.PCURVE_S1.);
#490 = LINE('',#491,#492);
#491 = CARTESIAN_POINT('',(-100.,150.,-125.));
#492 = VECTOR('',#493,1.);
#493 = DIRECTION('',(1.,0.,0.));
#494 = PCURVE('',#72,#495);
#495 = DEFINITIONAL_REPRESENTATION('',(#496),#500);
#496 = LINE('',#497,#498);
#497 = CARTESIAN_POINT('',(0.,300.));
#498 = VECTOR('',#499,1.);
#499 = DIRECTION('',(1.,0.));
#500 = ( GEOMETRIC_REPRESENTATION_CONTEXT(2) 
PARAMETRIC_REPRESENTATION_CONTEXT() REPRESENTATION_CONTEXT('2D SPACE',''
  ) );
#501 = PCURVE('',#100,#502);
#502 = DEFINITIONAL_REPRESENTATION('',(#503),#507);
#503 = LINE('',#504,#505);
#504 = CARTESIAN_POINT('',(0.,0.));
#505 = VECTOR('',#506,1.);
#506 = DIRECTION('',(0.,1.));
#507 = ( GEOMETRIC_REPRESENTATION_CONTEXT(2) 
PARAMETRIC_REPRESENTATION_CONTEXT() REPRESENTATION_CONTEXT('2D SPACE',''
  ) );
#508 = ORIENTED_EDGE('',*,*,#509,.F.);
#509 = EDGE_CURVE('',#510,#485,#512,.T.);
#510 = VERTEX_POINT('',#511);
#511 = CARTESIAN_POINT('',(55.6,0.,-125.));
#512 = SURFACE_CURVE('',#513,(#517,#524),.PCURVE_S1.);
#513 = LINE('',#514,#515);
#514 = CARTESIAN_POINT('',(55.6,-150.,-125.));
#515 = VECTOR('',#516,1.);
#516 = DIRECTION('',(0.,1.,0.));
#517 = PCURVE('',#72,#518);
#518 = DEFINITIONAL_REPRESENTATION('',(#519),#523);
#519 = LINE('',#520,#521);
#520 = CARTESIAN_POINT('',(155.6,0.));
#521 = VECTOR('',#522,1.);
#522 = DIRECTION('',(0.,1.));
#523 = ( GEOMETRIC_REPRESENTATION_CONTEXT(2) 
PARAMETRIC_REPRESENTATION_CONTEXT() REPRESENTATION_CONTEXT('2D SPACE',''
  ) );
#524 = PCURVE('',#470,#525);
#525 = DEFINITIONAL_REPRESENTATION('',(#526),#530);
#526 = LINE('',#527,#528);
#527 = CARTESIAN_POINT('',(155.6,0.));
#528 = VECTOR('',#529,1.);
#529 = DIRECTION('',(0.,1.));
#530 = ( GEOMETRIC_REPRESENTATION_CONTEXT(2) 
PARAMETRIC_REPRESENTATION_CONTEXT() REPRESENTATION_CONTEXT('2D SPACE',''
  ) );
#531 = ORIENTED_EDGE('',*,*,#532,.F.);
#532 = EDGE_CURVE('',#533,#510,#535,.T.);
#533 = VERTEX_POINT('',#534);
#534 = CARTESIAN_POINT('',(55.6,-42.,-125.));
#535 = SURFACE_CURVE('',#536,(#540,#547),.PCURVE_S1.);
#536 = LINE('',#537,#538);
#537 = CARTESIAN_POINT('',(55.6,-150.,-125.));
#538 = VECTOR('',#539,1.);
#539 = DIRECTION('',(0.,1.,0.));
#540 = PCURVE('',#72,#541);
#541 = DEFINITIONAL_REPRESENTATION('',(#542),#546);
#542 = LINE('',#543,#544);
#543 = CARTESIAN_POINT('',(155.6,0.));
#544 = VECTOR('',#545,1.);
#545 = DIRECTION('',(0.,1.));
#546 = ( GEOMETRIC_REPRESENTATION_CONTEXT(2) 
PARAMETRIC_REPRESENTATION_CONTEXT() REPRESENTATION_CONTEXT('2D SPACE',''
  ) );
#547 = PCURVE('',#444,#548);
#548 = DEFINITIONAL_REPRESENTATION('',(#549),#553);
#549 = LINE('',#550,#551);
#550 = CARTESIAN_POINT('',(155.6,0.));
#551 = VECTOR('',#552,1.);
#552 = DIRECTION('',(0.,1.));
#553 = ( GEOMETRIC_REPRESENTATION_CONTEXT(2) 
PARAMETRIC_REPRESENTATION_CONTEXT() REPRESENTATION_CONTEXT('2D SPACE',''
  ) );
#554 = ORIENTED_EDGE('',*,*,#555,.F.);
#555 = EDGE_CURVE('',#200,#533,#556,.T.);
#556 = SURFACE_CURVE('',#557,(#561,#568),.PCURVE_S1.);
#557 = LINE('',#558,#559);
#558 = CARTESIAN_POINT('',(55.6,-150.,-125.));
#559 = VECTOR('',#560,1.);
#560 = DIRECTION('',(0.,1.,0.));
#561 = PCURVE('',#72,#562);
#562 = DEFINITIONAL_REPRESENTATION('',(#563),#567);
#563 = LINE('',#564,#565);
#564 = CARTESIAN_POINT('',(155.6,0.));
#565 = VECTOR('',#566,1.);
#566 = DIRECTION('',(0.,1.));
#567 = ( GEOMETRIC_REPRESENTATION_CONTEXT(2) 
PARAMETRIC_REPRESENTATION_CONTEXT() REPRESENTATION_CONTEXT('2D SPACE',''
  ) );
#568 = PCURVE('',#238,#569);
#569 = DEFINITIONAL_REPRESENTATION('',(#570),#574);
#570 = LINE('',#571,#572);
#571 = CARTESIAN_POINT('',(155.6,0.));
#572 = VECTOR('',#573,1.);
#573 = DIRECTION('',(0.,1.));
#574 = ( GEOMETRIC_REPRESENTATION_CONTEXT(2) 
PARAMETRIC_REPRESENTATION_CONTEXT() REPRESENTATION_CONTEXT('2D SPACE',''
  ) );
#575 = ORIENTED_EDGE('',*,*,#199,.T.);
#576 = ORIENTED_EDGE('',*,*,#577,.T.);
#577 = EDGE_CURVE('',#172,#487,#578,.T.);
#578 = SURFACE_CURVE('',#579,(#583,#590),.PCURVE_S1.);
#579 = LINE('',#580,#581);
#580 = CARTESIAN_POINT('',(100.,-150.,-125.));
#581 = VECTOR('',#582,1.);
#582 = DIRECTION('',(0.,1.,0.));
#583 = PCURVE('',#72,#584);
#584 = DEFINITIONAL_REPRESENTATION('',(#585),#589);
#585 = LINE('',#586,#587);
#586 = CARTESIAN_POINT('',(200.,0.));
#587 = VECTOR('',#588,1.);
#588 = DIRECTION('',(0.,1.));
#589 = ( GEOMETRIC_REPRESENTATION_CONTEXT(2) 
PARAMETRIC_REPRESENTATION_CONTEXT() REPRESENTATION_CONTEXT('2D SPACE',''
  ) );
#590 = PCURVE('',#187,#591);
#591 = DEFINITIONAL_REPRESENTATION('',(#592),#596);
#592 = LINE('',#593,#594);
#593 = CARTESIAN_POINT('',(0.,0.));
#594 = VECTOR('',#595,1.);
#595 = DIRECTION('',(0.,-1.));
#596 = ( GEOMETRIC_REPRESENTATION_CONTEXT(2) 
PARAMETRIC_REPRESENTATION_CONTEXT() REPRESENTATION_CONTEXT('2D SPACE',''
  ) );
#597 = ADVANCED_FACE('',(#598,#760),#100,.T.);
#598 = FACE_BOUND('',#599,.T.);
#599 = EDGE_LOOP('',(#600,#625,#646,#647,#668,#669,#670,#693,#716,#739)
  );
#600 = ORIENTED_EDGE('',*,*,#601,.T.);
#601 = EDGE_CURVE('',#602,#604,#606,.T.);
#602 = VERTEX_POINT('',#603);
#603 = CARTESIAN_POINT('',(62.6,150.,125.));
#604 = VERTEX_POINT('',#605);
#605 = CARTESIAN_POINT('',(100.,150.,125.));
#606 = SURFACE_CURVE('',#607,(#611,#618),.PCURVE_S1.);
#607 = LINE('',#608,#609);
#608 = CARTESIAN_POINT('',(-100.,150.,125.));
#609 = VECTOR('',#610,1.);
#610 = DIRECTION('',(1.,0.,0.));
#611 = PCURVE('',#100,#612);
#612 = DEFINITIONAL_REPRESENTATION('',(#613),#617);
#613 = LINE('',#614,#615);
#614 = CARTESIAN_POINT('',(250.,0.));
#615 = VECTOR('',#616,1.);
#616 = DIRECTION('',(0.,1.));
#617 = ( GEOMETRIC_REPRESENTATION_CONTEXT(2) 
PARAMETRIC_REPRESENTATION_CONTEXT() REPRESENTATION_CONTEXT('2D SPACE',''
  ) );
#618 = PCURVE('',#159,#619);
#619 = DEFINITIONAL_REPRESENTATION('',(#620),#624);
#620 = LINE('',#621,#622);
#621 = CARTESIAN_POINT('',(0.,300.));
#622 = VECTOR('',#623,1.);
#623 = DIRECTION('',(1.,0.));
#624 = ( GEOMETRIC_REPRESENTATION_CONTEXT(2) 
PARAMETRIC_REPRESENTATION_CONTEXT() REPRESENTATION_CONTEXT('2D SPACE',''
  ) );
#625 = ORIENTED_EDGE('',*,*,#626,.F.);
#626 = EDGE_CURVE('',#487,#604,#627,.T.);
#627 = SURFACE_CURVE('',#628,(#632,#639),.PCURVE_S1.);
#628 = LINE('',#629,#630);
#629 = CARTESIAN_POINT('',(100.,150.,-125.));
#630 = VECTOR('',#631,1.);
#631 = DIRECTION('',(0.,0.,1.));
#632 = PCURVE('',#100,#633);
#633 = DEFINITIONAL_REPRESENTATION('',(#634),#638);
#634 = LINE('',#635,#636);
#635 = CARTESIAN_POINT('',(0.,200.));
#636 = VECTOR('',#637,1.);
#637 = DIRECTION('',(1.,0.));
#638 = ( GEOMETRIC_REPRESENTATION_CONTEXT(2) 
PARAMETRIC_REPRESENTATION_CONTEXT() REPRESENTATION_CONTEXT('2D SPACE',''
  ) );
#639 = PCURVE('',#187,#640);
#640 = DEFINITIONAL_REPRESENTATION('',(#641),#645);
#641 = LINE('',#642,#643);
#642 = CARTESIAN_POINT('',(0.,-300.));
#643 = VECTOR('',#644,1.);
#644 = DIRECTION('',(1.,0.));
#645 = ( GEOMETRIC_REPRESENTATION_CONTEXT(2) 
PARAMETRIC_REPRESENTATION_CONTEXT() REPRESENTATION_CONTEXT('2D SPACE',''
  ) );
#646 = ORIENTED_EDGE('',*,*,#484,.F.);
#647 = ORIENTED_EDGE('',*,*,#648,.T.);
#648 = EDGE_CURVE('',#485,#381,#649,.T.);
#649 = SURFACE_CURVE('',#650,(#654,#661),.PCURVE_S1.);
#650 = LINE('',#651,#652);
#651 = CARTESIAN_POINT('',(55.6,150.,-125.));
#652 = VECTOR('',#653,1.);
#653 = DIRECTION('',(-1.,0.,0.));
#654 = PCURVE('',#100,#655);
#655 = DEFINITIONAL_REPRESENTATION('',(#656),#660);
#656 = LINE('',#657,#658);
#657 = CARTESIAN_POINT('',(0.,155.6));
#658 = VECTOR('',#659,1.);
#659 = DIRECTION('',(0.,-1.));
#660 = ( GEOMETRIC_REPRESENTATION_CONTEXT(2) 
PARAMETRIC_REPRESENTATION_CONTEXT() REPRESENTATION_CONTEXT('2D SPACE',''
  ) );
#661 = PCURVE('',#470,#662);
#662 = DEFINITIONAL_REPRESENTATION('',(#663),#667);
#663 = LINE('',#664,#665);
#664 = CARTESIAN_POINT('',(155.6,300.));
#665 = VECTOR('',#666,1.);
#666 = DIRECTION('',(-1.,0.));
#667 = ( GEOMETRIC_REPRESENTATION_CONTEXT(2) 
PARAMETRIC_REPRESENTATION_CONTEXT() REPRESENTATION_CONTEXT('2D SPACE',''
  ) );
#668 = ORIENTED_EDGE('',*,*,#380,.F.);
#669 = ORIENTED_EDGE('',*,*,#84,.T.);
#670 = ORIENTED_EDGE('',*,*,#671,.T.);
#671 = EDGE_CURVE('',#85,#672,#674,.T.);
#672 = VERTEX_POINT('',#673);
#673 = CARTESIAN_POINT('',(-13.8,150.,125.));
#674 = SURFACE_CURVE('',#675,(#679,#686),.PCURVE_S1.);
#675 = LINE('',#676,#677);
#676 = CARTESIAN_POINT('',(-100.,150.,125.));
#677 = VECTOR('',#678,1.);
#678 = DIRECTION('',(1.,0.,0.));
#679 = PCURVE('',#100,#680);
#680 = DEFINITIONAL_REPRESENTATION('',(#681),#685);
#681 = LINE('',#682,#683);
#682 = CARTESIAN_POINT('',(250.,0.));
#683 = VECTOR('',#684,1.);
#684 = DIRECTION('',(0.,1.));
#685 = ( GEOMETRIC_REPRESENTATION_CONTEXT(2) 
PARAMETRIC_REPRESENTATION_CONTEXT() REPRESENTATION_CONTEXT('2D SPACE',''
  ) );
#686 = PCURVE('',#126,#687);
#687 = DEFINITIONAL_REPRESENTATION('',(#688),#692);
#688 = LINE('',#689,#690);
#689 = CARTESIAN_POINT('',(0.,300.));
#690 = VECTOR('',#691,1.);
#691 = DIRECTION('',(1.,0.));
#692 = ( GEOMETRIC_REPRESENTATION_CONTEXT(2) 
PARAMETRIC_REPRESENTATION_CONTEXT() REPRESENTATION_CONTEXT('2D SPACE',''
  ) );
#693 = ORIENTED_EDGE('',*,*,#694,.T.);
#694 = EDGE_CURVE('',#672,#695,#697,.T.);
#695 = VERTEX_POINT('',#696);
#696 = CARTESIAN_POINT('',(-13.8,150.,97.));
#697 = SURFACE_CURVE('',#698,(#702,#709),.PCURVE_S1.);
#698 = LINE('',#699,#700);
#699 = CARTESIAN_POINT('',(-13.8,150.,125.));
#700 = VECTOR('',#701,1.);
#701 = DIRECTION('',(-0.,0.,-1.));
#702 = PCURVE('',#100,#703);
#703 = DEFINITIONAL_REPRESENTATION('',(#704),#708);
#704 = LINE('',#705,#706);
#705 = CARTESIAN_POINT('',(250.,86.2));
#706 = VECTOR('',#707,1.);
#707 = DIRECTION('',(-1.,0.));
#708 = ( GEOMETRIC_REPRESENTATION_CONTEXT(2) 
PARAMETRIC_REPRESENTATION_CONTEXT() REPRESENTATION_CONTEXT('2D SPACE',''
  ) );
#709 = PCURVE('',#311,#710);
#710 = DEFINITIONAL_REPRESENTATION('',(#711),#715);
#711 = LINE('',#712,#713);
#712 = CARTESIAN_POINT('',(0.,0.));
#713 = VECTOR('',#714,1.);
#714 = DIRECTION('',(0.,-1.));
#715 = ( GEOMETRIC_REPRESENTATION_CONTEXT(2) 
PARAMETRIC_REPRESENTATION_CONTEXT() REPRESENTATION_CONTEXT('2D SPACE',''
  ) );
#716 = ORIENTED_EDGE('',*,*,#717,.F.);
#717 = EDGE_CURVE('',#718,#695,#720,.T.);
#718 = VERTEX_POINT('',#719);
#719 = CARTESIAN_POINT('',(62.6,150.,97.));
#720 = SURFACE_CURVE('',#721,(#725,#732),.PCURVE_S1.);
#721 = LINE('',#722,#723);
#722 = CARTESIAN_POINT('',(62.6,150.,97.));
#723 = VECTOR('',#724,1.);
#724 = DIRECTION('',(-1.,0.,0.));
#725 = PCURVE('',#100,#726);
#726 = DEFINITIONAL_REPRESENTATION('',(#727),#731);
#727 = LINE('',#728,#729);
#728 = CARTESIAN_POINT('',(222.,162.6));
#729 = VECTOR('',#730,1.);
#730 = DIRECTION('',(0.,-1.));
#731 = ( GEOMETRIC_REPRESENTATION_CONTEXT(2) 
PARAMETRIC_REPRESENTATION_CONTEXT() REPRESENTATION_CONTEXT('2D SPACE',''
  ) );
#732 = PCURVE('',#339,#733);
#733 = DEFINITIONAL_REPRESENTATION('',(#734),#738);
#734 = LINE('',#735,#736);
#735 = CARTESIAN_POINT('',(150.,-38.2));
#736 = VECTOR('',#737,1.);
#737 = DIRECTION('',(0.,1.));
#738 = ( GEOMETRIC_REPRESENTATION_CONTEXT(2) 
PARAMETRIC_REPRESENTATION_CONTEXT() REPRESENTATION_CONTEXT('2D SPACE',''
  ) );
#739 = ORIENTED_EDGE('',*,*,#740,.F.);
#740 = EDGE_CURVE('',#602,#718,#741,.T.);
#741 = SURFACE_CURVE('',#742,(#746,#753),.PCURVE_S1.);
#742 = LINE('',#743,#744);
#743 = CARTESIAN_POINT('',(62.6,150.,125.));
#744 = VECTOR('',#745,1.);
#745 = DIRECTION('',(-0.,0.,-1.));
#746 = PCURVE('',#100,#747);
#747 = DEFINITIONAL_REPRESENTATION('',(#748),#752);
#748 = LINE('',#749,#750);
#749 = CARTESIAN_POINT('',(250.,162.6));
#750 = VECTOR('',#751,1.);
#751 = DIRECTION('',(-1.,0.));
#752 = ( GEOMETRIC_REPRESENTATION_CONTEXT(2) 
PARAMETRIC_REPRESENTATION_CONTEXT() REPRESENTATION_CONTEXT('2D SPACE',''
  ) );
#753 = PCURVE('',#365,#754);
#754 = DEFINITIONAL_REPRESENTATION('',(#755),#759);
#755 = LINE('',#756,#757);
#756 = CARTESIAN_POINT('',(300.,0.));
#757 = VECTOR('',#758,1.);
#758 = DIRECTION('',(0.,-1.));
#759 = ( GEOMETRIC_REPRESENTATION_CONTEXT(2) 
PARAMETRIC_REPRESENTATION_CONTEXT() REPRESENTATION_CONTEXT('2D SPACE',''
  ) );
#760 = FACE_BOUND('',#761,.T.);
#761 = EDGE_LOOP('',(#762,#792,#821,#849));
#762 = ORIENTED_EDGE('',*,*,#763,.F.);
#763 = EDGE_CURVE('',#764,#766,#768,.T.);
#764 = VERTEX_POINT('',#765);
#765 = CARTESIAN_POINT('',(67.1,150.,38.));
#766 = VERTEX_POINT('',#767);
#767 = CARTESIAN_POINT('',(67.1,150.,-38.));
#768 = SURFACE_CURVE('',#769,(#773,#780),.PCURVE_S1.);
#769 = LINE('',#770,#771);
#770 = CARTESIAN_POINT('',(67.1,150.,38.));
#771 = VECTOR('',#772,1.);
#772 = DIRECTION('',(0.,0.,-1.));
#773 = PCURVE('',#100,#774);
#774 = DEFINITIONAL_REPRESENTATION('',(#775),#779);
#775 = LINE('',#776,#777);
#776 = CARTESIAN_POINT('',(163.,167.1));
#777 = VECTOR('',#778,1.);
#778 = DIRECTION('',(-1.,0.));
#779 = ( GEOMETRIC_REPRESENTATION_CONTEXT(2) 
PARAMETRIC_REPRESENTATION_CONTEXT() REPRESENTATION_CONTEXT('2D SPACE',''
  ) );
#780 = PCURVE('',#781,#786);
#781 = PLANE('',#782);
#782 = AXIS2_PLACEMENT_3D('',#783,#784,#785);
#783 = CARTESIAN_POINT('',(67.1,150.,38.));
#784 = DIRECTION('',(1.,-0.,0.));
#785 = DIRECTION('',(0.,0.,-1.));
#786 = DEFINITIONAL_REPRESENTATION('',(#787),#791);
#787 = LINE('',#788,#789);
#788 = CARTESIAN_POINT('',(0.,0.));
#789 = VECTOR('',#790,1.);
#790 = DIRECTION('',(1.,0.));
#791 = ( GEOMETRIC_REPRESENTATION_CONTEXT(2) 
PARAMETRIC_REPRESENTATION_CONTEXT() REPRESENTATION_CONTEXT('2D SPACE',''
  ) );
#792 = ORIENTED_EDGE('',*,*,#793,.F.);
#793 = EDGE_CURVE('',#794,#764,#796,.T.);
#794 = VERTEX_POINT('',#795);
#795 = CARTESIAN_POINT('',(-16.9,150.,38.));
#796 = SURFACE_CURVE('',#797,(#802,#809),.PCURVE_S1.);
#797 = CIRCLE('',#798,42.);
#798 = AXIS2_PLACEMENT_3D('',#799,#800,#801);
#799 = CARTESIAN_POINT('',(25.1,150.,38.));
#800 = DIRECTION('',(0.,1.,0.));
#801 = DIRECTION('',(-1.,0.,-6.123233995737E-17));
#802 = PCURVE('',#100,#803);
#803 = DEFINITIONAL_REPRESENTATION('',(#804),#808);
#804 = CIRCLE('',#805,42.);
#805 = AXIS2_PLACEMENT_2D('',#806,#807);
#806 = CARTESIAN_POINT('',(163.,125.1));
#807 = DIRECTION('',(-6.123233995737E-17,-1.));
#808 = ( GEOMETRIC_REPRESENTATION_CONTEXT(2) 
PARAMETRIC_REPRESENTATION_CONTEXT() REPRESENTATION_CONTEXT('2D SPACE',''
  ) );
#809 = PCURVE('',#810,#815);
#810 = CYLINDRICAL_SURFACE('',#811,42.);
#811 = AXIS2_PLACEMENT_3D('',#812,#813,#814);
#812 = CARTESIAN_POINT('',(25.1,150.,38.));
#813 = DIRECTION('',(0.,1.,0.));
#814 = DIRECTION('',(-1.,0.,-6.123233995737E-17));
#815 = DEFINITIONAL_REPRESENTATION('',(#816),#820);
#816 = LINE('',#817,#818);
#817 = CARTESIAN_POINT('',(0.,0.));
#818 = VECTOR('',#819,1.);
#819 = DIRECTION('',(1.,0.));
#820 = ( GEOMETRIC_REPRESENTATION_CONTEXT(2) 
PARAMETRIC_REPRESENTATION_CONTEXT() REPRESENTATION_CONTEXT('2D SPACE',''
  ) );
#821 = ORIENTED_EDGE('',*,*,#822,.F.);
#822 = EDGE_CURVE('',#823,#794,#825,.T.);
#823 = VERTEX_POINT('',#824);
#824 = CARTESIAN_POINT('',(-16.9,150.,-38.));
#825 = SURFACE_CURVE('',#826,(#830,#837),.PCURVE_S1.);
#826 = LINE('',#827,#828);
#827 = CARTESIAN_POINT('',(-16.9,150.,-38.));
#828 = VECTOR('',#829,1.);
#829 = DIRECTION('',(0.,0.,1.));
#830 = PCURVE('',#100,#831);
#831 = DEFINITIONAL_REPRESENTATION('',(#832),#836);
#832 = LINE('',#833,#834);
#833 = CARTESIAN_POINT('',(87.,83.1));
#834 = VECTOR('',#835,1.);
#835 = DIRECTION('',(1.,0.));
#836 = ( GEOMETRIC_REPRESENTATION_CONTEXT(2) 
PARAMETRIC_REPRESENTATION_CONTEXT() REPRESENTATION_CONTEXT('2D SPACE',''
  ) );
#837 = PCURVE('',#838,#843);
#838 = PLANE('',#839);
#839 = AXIS2_PLACEMENT_3D('',#840,#841,#842);
#840 = CARTESIAN_POINT('',(-16.9,150.,-38.));
#841 = DIRECTION('',(-1.,0.,0.));
#842 = DIRECTION('',(0.,0.,1.));
#843 = DEFINITIONAL_REPRESENTATION('',(#844),#848);
#844 = LINE('',#845,#846);
#845 = CARTESIAN_POINT('',(0.,0.));
#846 = VECTOR('',#847,1.);
#847 = DIRECTION('',(1.,0.));
#848 = ( GEOMETRIC_REPRESENTATION_CONTEXT(2) 
PARAMETRIC_REPRESENTATION_CONTEXT() REPRESENTATION_CONTEXT('2D SPACE',''
  ) );
#849 = ORIENTED_EDGE('',*,*,#850,.F.);
#850 = EDGE_CURVE('',#766,#823,#851,.T.);
#851 = SURFACE_CURVE('',#852,(#857,#864),.PCURVE_S1.);
#852 = CIRCLE('',#853,42.);
#853 = AXIS2_PLACEMENT_3D('',#854,#855,#856);
#854 = CARTESIAN_POINT('',(25.1,150.,-38.));
#855 = DIRECTION('',(-0.,1.,0.));
#856 = DIRECTION('',(1.,0.,6.123233995737E-17));
#857 = PCURVE('',#100,#858);
#858 = DEFINITIONAL_REPRESENTATION('',(#859),#863);
#859 = CIRCLE('',#860,42.);
#860 = AXIS2_PLACEMENT_2D('',#861,#862);
#861 = CARTESIAN_POINT('',(87.,125.1));
#862 = DIRECTION('',(6.123233995737E-17,1.));
#863 = ( GEOMETRIC_REPRESENTATION_CONTEXT(2) 
PARAMETRIC_REPRESENTATION_CONTEXT() REPRESENTATION_CONTEXT('2D SPACE',''
  ) );
#864 = PCURVE('',#865,#870);
#865 = CYLINDRICAL_SURFACE('',#866,42.);
#866 = AXIS2_PLACEMENT_3D('',#867,#868,#869);
#867 = CARTESIAN_POINT('',(25.1,150.,-38.));
#868 = DIRECTION('',(-0.,1.,0.));
#869 = DIRECTION('',(1.,0.,6.123233995737E-17));
#870 = DEFINITIONAL_REPRESENTATION('',(#871),#875);
#871 = LINE('',#872,#873);
#872 = CARTESIAN_POINT('',(0.,0.));
#873 = VECTOR('',#874,1.);
#874 = DIRECTION('',(1.,0.));
#875 = ( GEOMETRIC_REPRESENTATION_CONTEXT(2) 
PARAMETRIC_REPRESENTATION_CONTEXT() REPRESENTATION_CONTEXT('2D SPACE',''
  ) );
#876 = ADVANCED_FACE('',(#877),#126,.T.);
#877 = FACE_BOUND('',#878,.T.);
#878 = EDGE_LOOP('',(#879,#880,#881,#882));
#879 = ORIENTED_EDGE('',*,*,#671,.F.);
#880 = ORIENTED_EDGE('',*,*,#112,.F.);
#881 = ORIENTED_EDGE('',*,*,#272,.T.);
#882 = ORIENTED_EDGE('',*,*,#883,.F.);
#883 = EDGE_CURVE('',#672,#273,#884,.T.);
#884 = SURFACE_CURVE('',#885,(#889,#896),.PCURVE_S1.);
#885 = LINE('',#886,#887);
#886 = CARTESIAN_POINT('',(-13.8,150.,125.));
#887 = VECTOR('',#888,1.);
#888 = DIRECTION('',(0.,-1.,0.));
#889 = PCURVE('',#126,#890);
#890 = DEFINITIONAL_REPRESENTATION('',(#891),#895);
#891 = LINE('',#892,#893);
#892 = CARTESIAN_POINT('',(86.2,300.));
#893 = VECTOR('',#894,1.);
#894 = DIRECTION('',(0.,-1.));
#895 = ( GEOMETRIC_REPRESENTATION_CONTEXT(2) 
PARAMETRIC_REPRESENTATION_CONTEXT() REPRESENTATION_CONTEXT('2D SPACE',''
  ) );
#896 = PCURVE('',#311,#897);
#897 = DEFINITIONAL_REPRESENTATION('',(#898),#902);
#898 = LINE('',#899,#900);
#899 = CARTESIAN_POINT('',(0.,0.));
#900 = VECTOR('',#901,1.);
#901 = DIRECTION('',(1.,0.));
#902 = ( GEOMETRIC_REPRESENTATION_CONTEXT(2) 
PARAMETRIC_REPRESENTATION_CONTEXT() REPRESENTATION_CONTEXT('2D SPACE',''
  ) );
#903 = ADVANCED_FACE('',(#904),#159,.T.);
#904 = FACE_BOUND('',#905,.T.);
#905 = EDGE_LOOP('',(#906,#907,#928,#929,#952,#980,#1008,#1036));
#906 = ORIENTED_EDGE('',*,*,#601,.F.);
#907 = ORIENTED_EDGE('',*,*,#908,.F.);
#908 = EDGE_CURVE('',#142,#602,#909,.T.);
#909 = SURFACE_CURVE('',#910,(#914,#921),.PCURVE_S1.);
#910 = LINE('',#911,#912);
#911 = CARTESIAN_POINT('',(62.6,-150.,125.));
#912 = VECTOR('',#913,1.);
#913 = DIRECTION('',(0.,1.,0.));
#914 = PCURVE('',#159,#915);
#915 = DEFINITIONAL_REPRESENTATION('',(#916),#920);
#916 = LINE('',#917,#918);
#917 = CARTESIAN_POINT('',(162.6,0.));
#918 = VECTOR('',#919,1.);
#919 = DIRECTION('',(0.,1.));
#920 = ( GEOMETRIC_REPRESENTATION_CONTEXT(2) 
PARAMETRIC_REPRESENTATION_CONTEXT() REPRESENTATION_CONTEXT('2D SPACE',''
  ) );
#921 = PCURVE('',#365,#922);
#922 = DEFINITIONAL_REPRESENTATION('',(#923),#927);
#923 = LINE('',#924,#925);
#924 = CARTESIAN_POINT('',(0.,0.));
#925 = VECTOR('',#926,1.);
#926 = DIRECTION('',(1.,0.));
#927 = ( GEOMETRIC_REPRESENTATION_CONTEXT(2) 
PARAMETRIC_REPRESENTATION_CONTEXT() REPRESENTATION_CONTEXT('2D SPACE',''
  ) );
#928 = ORIENTED_EDGE('',*,*,#141,.T.);
#929 = ORIENTED_EDGE('',*,*,#930,.T.);
#930 = EDGE_CURVE('',#144,#931,#933,.T.);
#931 = VERTEX_POINT('',#932);
#932 = CARTESIAN_POINT('',(100.,-64.8,125.));
#933 = SURFACE_CURVE('',#934,(#938,#945),.PCURVE_S1.);
#934 = LINE('',#935,#936);
#935 = CARTESIAN_POINT('',(100.,-150.,125.));
#936 = VECTOR('',#937,1.);
#937 = DIRECTION('',(0.,1.,0.));
#938 = PCURVE('',#159,#939);
#939 = DEFINITIONAL_REPRESENTATION('',(#940),#944);
#940 = LINE('',#941,#942);
#941 = CARTESIAN_POINT('',(200.,0.));
#942 = VECTOR('',#943,1.);
#943 = DIRECTION('',(0.,1.));
#944 = ( GEOMETRIC_REPRESENTATION_CONTEXT(2) 
PARAMETRIC_REPRESENTATION_CONTEXT() REPRESENTATION_CONTEXT('2D SPACE',''
  ) );
#945 = PCURVE('',#187,#946);
#946 = DEFINITIONAL_REPRESENTATION('',(#947),#951);
#947 = LINE('',#948,#949);
#948 = CARTESIAN_POINT('',(250.,0.));
#949 = VECTOR('',#950,1.);
#950 = DIRECTION('',(0.,-1.));
#951 = ( GEOMETRIC_REPRESENTATION_CONTEXT(2) 
PARAMETRIC_REPRESENTATION_CONTEXT() REPRESENTATION_CONTEXT('2D SPACE',''
  ) );
#952 = ORIENTED_EDGE('',*,*,#953,.T.);
#953 = EDGE_CURVE('',#931,#954,#956,.T.);
#954 = VERTEX_POINT('',#955);
#955 = CARTESIAN_POINT('',(86.,-64.8,125.));
#956 = SURFACE_CURVE('',#957,(#961,#968),.PCURVE_S1.);
#957 = LINE('',#958,#959);
#958 = CARTESIAN_POINT('',(100.,-64.8,125.));
#959 = VECTOR('',#960,1.);
#960 = DIRECTION('',(-1.,0.,0.));
#961 = PCURVE('',#159,#962);
#962 = DEFINITIONAL_REPRESENTATION('',(#963),#967);
#963 = LINE('',#964,#965);
#964 = CARTESIAN_POINT('',(200.,85.2));
#965 = VECTOR('',#966,1.);
#966 = DIRECTION('',(-1.,0.));
#967 = ( GEOMETRIC_REPRESENTATION_CONTEXT(2) 
PARAMETRIC_REPRESENTATION_CONTEXT() REPRESENTATION_CONTEXT('2D SPACE',''
  ) );
#968 = PCURVE('',#969,#974);
#969 = CYLINDRICAL_SURFACE('',#970,34.);
#970 = AXIS2_PLACEMENT_3D('',#971,#972,#973);
#971 = CARTESIAN_POINT('',(100.,-30.8,125.));
#972 = DIRECTION('',(1.,-0.,0.));
#973 = DIRECTION('',(0.,6.123233995737E-17,-1.));
#974 = DEFINITIONAL_REPRESENTATION('',(#975),#979);
#975 = LINE('',#976,#977);
#976 = CARTESIAN_POINT('',(-1.570796326795,0.));
#977 = VECTOR('',#978,1.);
#978 = DIRECTION('',(-0.,-1.));
#979 = ( GEOMETRIC_REPRESENTATION_CONTEXT(2) 
PARAMETRIC_REPRESENTATION_CONTEXT() REPRESENTATION_CONTEXT('2D SPACE',''
  ) );
#980 = ORIENTED_EDGE('',*,*,#981,.F.);
#981 = EDGE_CURVE('',#982,#954,#984,.T.);
#982 = VERTEX_POINT('',#983);
#983 = CARTESIAN_POINT('',(86.,48.2,125.));
#984 = SURFACE_CURVE('',#985,(#989,#996),.PCURVE_S1.);
#985 = LINE('',#986,#987);
#986 = CARTESIAN_POINT('',(86.,48.2,125.));
#987 = VECTOR('',#988,1.);
#988 = DIRECTION('',(0.,-1.,0.));
#989 = PCURVE('',#159,#990);
#990 = DEFINITIONAL_REPRESENTATION('',(#991),#995);
#991 = LINE('',#992,#993);
#992 = CARTESIAN_POINT('',(186.,198.2));
#993 = VECTOR('',#994,1.);
#994 = DIRECTION('',(0.,-1.));
#995 = ( GEOMETRIC_REPRESENTATION_CONTEXT(2) 
PARAMETRIC_REPRESENTATION_CONTEXT() REPRESENTATION_CONTEXT('2D SPACE',''
  ) );
#996 = PCURVE('',#997,#1002);
#997 = PLANE('',#998);
#998 = AXIS2_PLACEMENT_3D('',#999,#1000,#1001);
#999 = CARTESIAN_POINT('',(86.,-8.3,110.7236470775));
#1000 = DIRECTION('',(-1.,1.924662255634E-46,2.501776012462E-30));
#1001 = DIRECTION('',(-2.501776012462E-30,0.,-1.));
#1002 = DEFINITIONAL_REPRESENTATION('',(#1003),#1007);
#1003 = LINE('',#1004,#1005);
#1004 = CARTESIAN_POINT('',(-14.27635292249,-56.5));
#1005 = VECTOR('',#1006,1.);
#1006 = DIRECTION('',(0.,1.));
#1007 = ( GEOMETRIC_REPRESENTATION_CONTEXT(2) 
PARAMETRIC_REPRESENTATION_CONTEXT() REPRESENTATION_CONTEXT('2D SPACE',''
  ) );
#1008 = ORIENTED_EDGE('',*,*,#1009,.F.);
#1009 = EDGE_CURVE('',#1010,#982,#1012,.T.);
#1010 = VERTEX_POINT('',#1011);
#1011 = CARTESIAN_POINT('',(100.,48.2,125.));
#1012 = SURFACE_CURVE('',#1013,(#1017,#1024),.PCURVE_S1.);
#1013 = LINE('',#1014,#1015);
#1014 = CARTESIAN_POINT('',(100.,48.2,125.));
#1015 = VECTOR('',#1016,1.);
#1016 = DIRECTION('',(-1.,0.,0.));
#1017 = PCURVE('',#159,#1018);
#1018 = DEFINITIONAL_REPRESENTATION('',(#1019),#1023);
#1019 = LINE('',#1020,#1021);
#1020 = CARTESIAN_POINT('',(200.,198.2));
#1021 = VECTOR('',#1022,1.);
#1022 = DIRECTION('',(-1.,0.));
#1023 = ( GEOMETRIC_REPRESENTATION_CONTEXT(2) 
PARAMETRIC_REPRESENTATION_CONTEXT() REPRESENTATION_CONTEXT('2D SPACE',''
  ) );
#1024 = PCURVE('',#1025,#1030);
#1025 = CYLINDRICAL_SURFACE('',#1026,34.);
#1026 = AXIS2_PLACEMENT_3D('',#1027,#1028,#1029);
#1027 = CARTESIAN_POINT('',(100.,14.2,125.));
#1028 = DIRECTION('',(1.,-0.,-0.));
#1029 = DIRECTION('',(0.,1.,1.224646799147E-16));
#1030 = DEFINITIONAL_REPRESENTATION('',(#1031),#1035);
#1031 = LINE('',#1032,#1033);
#1032 = CARTESIAN_POINT('',(-0.,0.));
#1033 = VECTOR('',#1034,1.);
#1034 = DIRECTION('',(-0.,-1.));
#1035 = ( GEOMETRIC_REPRESENTATION_CONTEXT(2) 
PARAMETRIC_REPRESENTATION_CONTEXT() REPRESENTATION_CONTEXT('2D SPACE',''
  ) );
#1036 = ORIENTED_EDGE('',*,*,#1037,.T.);
#1037 = EDGE_CURVE('',#1010,#604,#1038,.T.);
#1038 = SURFACE_CURVE('',#1039,(#1043,#1050),.PCURVE_S1.);
#1039 = LINE('',#1040,#1041);
#1040 = CARTESIAN_POINT('',(100.,-150.,125.));
#1041 = VECTOR('',#1042,1.);
#1042 = DIRECTION('',(0.,1.,0.));
#1043 = PCURVE('',#159,#1044);
#1044 = DEFINITIONAL_REPRESENTATION('',(#1045),#1049);
#1045 = LINE('',#1046,#1047);
#1046 = CARTESIAN_POINT('',(200.,0.));
#1047 = VECTOR('',#1048,1.);
#1048 = DIRECTION('',(0.,1.));
#1049 = ( GEOMETRIC_REPRESENTATION_CONTEXT(2) 
PARAMETRIC_REPRESENTATION_CONTEXT() REPRESENTATION_CONTEXT('2D SPACE',''
  ) );
#1050 = PCURVE('',#187,#1051);
#1051 = DEFINITIONAL_REPRESENTATION('',(#1052),#1056);
#1052 = LINE('',#1053,#1054);
#1053 = CARTESIAN_POINT('',(250.,0.));
#1054 = VECTOR('',#1055,1.);
#1055 = DIRECTION('',(0.,-1.));
#1056 = ( GEOMETRIC_REPRESENTATION_CONTEXT(2) 
PARAMETRIC_REPRESENTATION_CONTEXT() REPRESENTATION_CONTEXT('2D SPACE',''
  ) );
#1057 = ADVANCED_FACE('',(#1058,#1147,#1271,#1302,#1333,#1364,#1395),
  #187,.T.);
#1058 = FACE_BOUND('',#1059,.T.);
#1059 = EDGE_LOOP('',(#1060,#1061,#1062,#1063,#1064,#1065,#1093,#1121));
#1060 = ORIENTED_EDGE('',*,*,#930,.F.);
#1061 = ORIENTED_EDGE('',*,*,#171,.F.);
#1062 = ORIENTED_EDGE('',*,*,#577,.T.);
#1063 = ORIENTED_EDGE('',*,*,#626,.T.);
#1064 = ORIENTED_EDGE('',*,*,#1037,.F.);
#1065 = ORIENTED_EDGE('',*,*,#1066,.T.);
#1066 = EDGE_CURVE('',#1010,#1067,#1069,.T.);
#1067 = VERTEX_POINT('',#1068);
#1068 = CARTESIAN_POINT('',(100.,14.2,91.));
#1069 = SURFACE_CURVE('',#1070,(#1075,#1086),.PCURVE_S1.);
#1070 = CIRCLE('',#1071,34.);
#1071 = AXIS2_PLACEMENT_3D('',#1072,#1073,#1074);
#1072 = CARTESIAN_POINT('',(100.,14.2,125.));
#1073 = DIRECTION('',(-1.,0.,0.));
#1074 = DIRECTION('',(0.,1.,1.224646799147E-16));
#1075 = PCURVE('',#187,#1076);
#1076 = DEFINITIONAL_REPRESENTATION('',(#1077),#1085);
#1077 = ( BOUNDED_CURVE() B_SPLINE_CURVE(2,(#1078,#1079,#1080,#1081,
#1082,#1083,#1084),.UNSPECIFIED.,.T.,.F.) B_SPLINE_CURVE_WITH_KNOTS((1,2
    ,2,2,2,1),(-2.094395102393,0.,2.094395102393,4.188790204786,
6.28318530718,8.377580409573),.UNSPECIFIED.) CURVE() 
GEOMETRIC_REPRESENTATION_ITEM() RATIONAL_B_SPLINE_CURVE((1.,0.5,1.,0.5,
1.,0.5,1.)) REPRESENTATION_ITEM('') );
#1078 = CARTESIAN_POINT('',(250.,-198.2));
#1079 = CARTESIAN_POINT('',(191.11027254265,-198.2));
#1080 = CARTESIAN_POINT('',(220.55513627132,-147.2));
#1081 = CARTESIAN_POINT('',(250.,-96.2));
#1082 = CARTESIAN_POINT('',(279.44486372867,-147.2));
#1083 = CARTESIAN_POINT('',(308.88972745734,-198.2));
#1084 = CARTESIAN_POINT('',(250.,-198.2));
#1085 = ( GEOMETRIC_REPRESENTATION_CONTEXT(2) 
PARAMETRIC_REPRESENTATION_CONTEXT() REPRESENTATION_CONTEXT('2D SPACE',''
  ) );
#1086 = PCURVE('',#1025,#1087);
#1087 = DEFINITIONAL_REPRESENTATION('',(#1088),#1092);
#1088 = LINE('',#1089,#1090);
#1089 = CARTESIAN_POINT('',(-0.,0.));
#1090 = VECTOR('',#1091,1.);
#1091 = DIRECTION('',(-1.,0.));
#1092 = ( GEOMETRIC_REPRESENTATION_CONTEXT(2) 
PARAMETRIC_REPRESENTATION_CONTEXT() REPRESENTATION_CONTEXT('2D SPACE',''
  ) );
#1093 = ORIENTED_EDGE('',*,*,#1094,.T.);
#1094 = EDGE_CURVE('',#1067,#1095,#1097,.T.);
#1095 = VERTEX_POINT('',#1096);
#1096 = CARTESIAN_POINT('',(100.,-30.8,91.));
#1097 = SURFACE_CURVE('',#1098,(#1102,#1109),.PCURVE_S1.);
#1098 = LINE('',#1099,#1100);
#1099 = CARTESIAN_POINT('',(100.,14.2,91.));
#1100 = VECTOR('',#1101,1.);
#1101 = DIRECTION('',(0.,-1.,0.));
#1102 = PCURVE('',#187,#1103);
#1103 = DEFINITIONAL_REPRESENTATION('',(#1104),#1108);
#1104 = LINE('',#1105,#1106);
#1105 = CARTESIAN_POINT('',(216.,-164.2));
#1106 = VECTOR('',#1107,1.);
#1107 = DIRECTION('',(0.,1.));
#1108 = ( GEOMETRIC_REPRESENTATION_CONTEXT(2) 
PARAMETRIC_REPRESENTATION_CONTEXT() REPRESENTATION_CONTEXT('2D SPACE',''
  ) );
#1109 = PCURVE('',#1110,#1115);
#1110 = PLANE('',#1111);
#1111 = AXIS2_PLACEMENT_3D('',#1112,#1113,#1114);
#1112 = CARTESIAN_POINT('',(100.,14.2,91.));
#1113 = DIRECTION('',(0.,0.,1.));
#1114 = DIRECTION('',(0.,-1.,0.));
#1115 = DEFINITIONAL_REPRESENTATION('',(#1116),#1120);
#1116 = LINE('',#1117,#1118);
#1117 = CARTESIAN_POINT('',(0.,0.));
#1118 = VECTOR('',#1119,1.);
#1119 = DIRECTION('',(1.,0.));
#1120 = ( GEOMETRIC_REPRESENTATION_CONTEXT(2) 
PARAMETRIC_REPRESENTATION_CONTEXT() REPRESENTATION_CONTEXT('2D SPACE',''
  ) );
#1121 = ORIENTED_EDGE('',*,*,#1122,.T.);
#1122 = EDGE_CURVE('',#1095,#931,#1123,.T.);
#1123 = SURFACE_CURVE('',#1124,(#1129,#1140),.PCURVE_S1.);
#1124 = CIRCLE('',#1125,34.);
#1125 = AXIS2_PLACEMENT_3D('',#1126,#1127,#1128);
#1126 = CARTESIAN_POINT('',(100.,-30.8,125.));
#1127 = DIRECTION('',(-1.,0.,-0.));
#1128 = DIRECTION('',(0.,6.123233995737E-17,-1.));
#1129 = PCURVE('',#187,#1130);
#1130 = DEFINITIONAL_REPRESENTATION('',(#1131),#1139);
#1131 = ( BOUNDED_CURVE() B_SPLINE_CURVE(2,(#1132,#1133,#1134,#1135,
#1136,#1137,#1138),.UNSPECIFIED.,.T.,.F.) B_SPLINE_CURVE_WITH_KNOTS((1,2
    ,2,2,2,1),(-2.094395102393,0.,2.094395102393,4.188790204786,
6.28318530718,8.377580409573),.UNSPECIFIED.) CURVE() 
GEOMETRIC_REPRESENTATION_ITEM() RATIONAL_B_SPLINE_CURVE((1.,0.5,1.,0.5,
1.,0.5,1.)) REPRESENTATION_ITEM('') );
#1132 = CARTESIAN_POINT('',(216.,-119.2));
#1133 = CARTESIAN_POINT('',(216.,-60.31027254265));
#1134 = CARTESIAN_POINT('',(267.,-89.75513627132));
#1135 = CARTESIAN_POINT('',(318.,-119.2));
#1136 = CARTESIAN_POINT('',(267.,-148.6448637286));
#1137 = CARTESIAN_POINT('',(216.,-178.0897274573));
#1138 = CARTESIAN_POINT('',(216.,-119.2));
#1139 = ( GEOMETRIC_REPRESENTATION_CONTEXT(2) 
PARAMETRIC_REPRESENTATION_CONTEXT() REPRESENTATION_CONTEXT('2D SPACE',''
  ) );
#1140 = PCURVE('',#969,#1141);
#1141 = DEFINITIONAL_REPRESENTATION('',(#1142),#1146);
#1142 = LINE('',#1143,#1144);
#1143 = CARTESIAN_POINT('',(-0.,0.));
#1144 = VECTOR('',#1145,1.);
#1145 = DIRECTION('',(-1.,0.));
#1146 = ( GEOMETRIC_REPRESENTATION_CONTEXT(2) 
PARAMETRIC_REPRESENTATION_CONTEXT() REPRESENTATION_CONTEXT('2D SPACE',''
  ) );
#1147 = FACE_BOUND('',#1148,.T.);
#1148 = EDGE_LOOP('',(#1149,#1184,#1212,#1245));
#1149 = ORIENTED_EDGE('',*,*,#1150,.T.);
#1150 = EDGE_CURVE('',#1151,#1153,#1155,.T.);
#1151 = VERTEX_POINT('',#1152);
#1152 = CARTESIAN_POINT('',(100.,109.55,1.125));
#1153 = VERTEX_POINT('',#1154);
#1154 = CARTESIAN_POINT('',(100.,147.55,1.125));
#1155 = SURFACE_CURVE('',#1156,(#1161,#1172),.PCURVE_S1.);
#1156 = CIRCLE('',#1157,19.);
#1157 = AXIS2_PLACEMENT_3D('',#1158,#1159,#1160);
#1158 = CARTESIAN_POINT('',(100.,128.55,1.125));
#1159 = DIRECTION('',(-1.,-0.,0.));
#1160 = DIRECTION('',(0.,-1.,-6.123233995737E-17));
#1161 = PCURVE('',#187,#1162);
#1162 = DEFINITIONAL_REPRESENTATION('',(#1163),#1171);
#1163 = ( BOUNDED_CURVE() B_SPLINE_CURVE(2,(#1164,#1165,#1166,#1167,
#1168,#1169,#1170),.UNSPECIFIED.,.T.,.F.) B_SPLINE_CURVE_WITH_KNOTS((1,2
    ,2,2,2,1),(-2.094395102393,0.,2.094395102393,4.188790204786,
6.28318530718,8.377580409573),.UNSPECIFIED.) CURVE() 
GEOMETRIC_REPRESENTATION_ITEM() RATIONAL_B_SPLINE_CURVE((1.,0.5,1.,0.5,
1.,0.5,1.)) REPRESENTATION_ITEM('') );
#1164 = CARTESIAN_POINT('',(126.125,-259.55));
#1165 = CARTESIAN_POINT('',(159.0339653438,-259.55));
#1166 = CARTESIAN_POINT('',(142.5794826719,-288.05));
#1167 = CARTESIAN_POINT('',(126.125,-316.55));
#1168 = CARTESIAN_POINT('',(109.67051732809,-288.05));
#1169 = CARTESIAN_POINT('',(93.216034656191,-259.55));
#1170 = CARTESIAN_POINT('',(126.125,-259.55));
#1171 = ( GEOMETRIC_REPRESENTATION_CONTEXT(2) 
PARAMETRIC_REPRESENTATION_CONTEXT() REPRESENTATION_CONTEXT('2D SPACE',''
  ) );
#1172 = PCURVE('',#1173,#1178);
#1173 = CYLINDRICAL_SURFACE('',#1174,19.);
#1174 = AXIS2_PLACEMENT_3D('',#1175,#1176,#1177);
#1175 = CARTESIAN_POINT('',(100.,128.55,1.125));
#1176 = DIRECTION('',(1.,0.,-0.));
#1177 = DIRECTION('',(0.,-1.,-6.123233995737E-17));
#1178 = DEFINITIONAL_REPRESENTATION('',(#1179),#1183);
#1179 = LINE('',#1180,#1181);
#1180 = CARTESIAN_POINT('',(-0.,0.));
#1181 = VECTOR('',#1182,1.);
#1182 = DIRECTION('',(-1.,0.));
#1183 = ( GEOMETRIC_REPRESENTATION_CONTEXT(2) 
PARAMETRIC_REPRESENTATION_CONTEXT() REPRESENTATION_CONTEXT('2D SPACE',''
  ) );
#1184 = ORIENTED_EDGE('',*,*,#1185,.T.);
#1185 = EDGE_CURVE('',#1153,#1186,#1188,.T.);
#1186 = VERTEX_POINT('',#1187);
#1187 = CARTESIAN_POINT('',(100.,147.55,-62.875));
#1188 = SURFACE_CURVE('',#1189,(#1193,#1200),.PCURVE_S1.);
#1189 = LINE('',#1190,#1191);
#1190 = CARTESIAN_POINT('',(100.,147.55,1.125));
#1191 = VECTOR('',#1192,1.);
#1192 = DIRECTION('',(0.,0.,-1.));
#1193 = PCURVE('',#187,#1194);
#1194 = DEFINITIONAL_REPRESENTATION('',(#1195),#1199);
#1195 = LINE('',#1196,#1197);
#1196 = CARTESIAN_POINT('',(126.125,-297.55));
#1197 = VECTOR('',#1198,1.);
#1198 = DIRECTION('',(-1.,0.));
#1199 = ( GEOMETRIC_REPRESENTATION_CONTEXT(2) 
PARAMETRIC_REPRESENTATION_CONTEXT() REPRESENTATION_CONTEXT('2D SPACE',''
  ) );
#1200 = PCURVE('',#1201,#1206);
#1201 = PLANE('',#1202);
#1202 = AXIS2_PLACEMENT_3D('',#1203,#1204,#1205);
#1203 = CARTESIAN_POINT('',(100.,147.55,1.125));
#1204 = DIRECTION('',(0.,-1.,0.));
#1205 = DIRECTION('',(0.,0.,-1.));
#1206 = DEFINITIONAL_REPRESENTATION('',(#1207),#1211);
#1207 = LINE('',#1208,#1209);
#1208 = CARTESIAN_POINT('',(0.,0.));
#1209 = VECTOR('',#1210,1.);
#1210 = DIRECTION('',(1.,0.));
#1211 = ( GEOMETRIC_REPRESENTATION_CONTEXT(2) 
PARAMETRIC_REPRESENTATION_CONTEXT() REPRESENTATION_CONTEXT('2D SPACE',''
  ) );
#1212 = ORIENTED_EDGE('',*,*,#1213,.T.);
#1213 = EDGE_CURVE('',#1186,#1214,#1216,.T.);
#1214 = VERTEX_POINT('',#1215);
#1215 = CARTESIAN_POINT('',(100.,109.55,-62.875));
#1216 = SURFACE_CURVE('',#1217,(#1222,#1233),.PCURVE_S1.);
#1217 = CIRCLE('',#1218,19.);
#1218 = AXIS2_PLACEMENT_3D('',#1219,#1220,#1221);
#1219 = CARTESIAN_POINT('',(100.,128.55,-62.875));
#1220 = DIRECTION('',(-1.,0.,-0.));
#1221 = DIRECTION('',(-0.,1.,6.123233995737E-17));
#1222 = PCURVE('',#187,#1223);
#1223 = DEFINITIONAL_REPRESENTATION('',(#1224),#1232);
#1224 = ( BOUNDED_CURVE() B_SPLINE_CURVE(2,(#1225,#1226,#1227,#1228,
#1229,#1230,#1231),.UNSPECIFIED.,.T.,.F.) B_SPLINE_CURVE_WITH_KNOTS((1,2
    ,2,2,2,1),(-2.094395102393,0.,2.094395102393,4.188790204786,
6.28318530718,8.377580409573),.UNSPECIFIED.) CURVE() 
GEOMETRIC_REPRESENTATION_ITEM() RATIONAL_B_SPLINE_CURVE((1.,0.5,1.,0.5,
1.,0.5,1.)) REPRESENTATION_ITEM('') );
#1225 = CARTESIAN_POINT('',(62.125,-297.55));
#1226 = CARTESIAN_POINT('',(29.216034656191,-297.55));
#1227 = CARTESIAN_POINT('',(45.670517328096,-269.05));
#1228 = CARTESIAN_POINT('',(62.125,-240.55));
#1229 = CARTESIAN_POINT('',(78.579482671904,-269.05));
#1230 = CARTESIAN_POINT('',(95.033965343809,-297.55));
#1231 = CARTESIAN_POINT('',(62.125,-297.55));
#1232 = ( GEOMETRIC_REPRESENTATION_CONTEXT(2) 
PARAMETRIC_REPRESENTATION_CONTEXT() REPRESENTATION_CONTEXT('2D SPACE',''
  ) );
#1233 = PCURVE('',#1234,#1239);
#1234 = CYLINDRICAL_SURFACE('',#1235,19.);
#1235 = AXIS2_PLACEMENT_3D('',#1236,#1237,#1238);
#1236 = CARTESIAN_POINT('',(100.,128.55,-62.875));
#1237 = DIRECTION('',(1.,-0.,0.));
#1238 = DIRECTION('',(-0.,1.,6.123233995737E-17));
#1239 = DEFINITIONAL_REPRESENTATION('',(#1240),#1244);
#1240 = LINE('',#1241,#1242);
#1241 = CARTESIAN_POINT('',(-0.,0.));
#1242 = VECTOR('',#1243,1.);
#1243 = DIRECTION('',(-1.,0.));
#1244 = ( GEOMETRIC_REPRESENTATION_CONTEXT(2) 
PARAMETRIC_REPRESENTATION_CONTEXT() REPRESENTATION_CONTEXT('2D SPACE',''
  ) );
#1245 = ORIENTED_EDGE('',*,*,#1246,.T.);
#1246 = EDGE_CURVE('',#1214,#1151,#1247,.T.);
#1247 = SURFACE_CURVE('',#1248,(#1252,#1259),.PCURVE_S1.);
#1248 = LINE('',#1249,#1250);
#1249 = CARTESIAN_POINT('',(100.,109.55,-62.875));
#1250 = VECTOR('',#1251,1.);
#1251 = DIRECTION('',(0.,-0.,1.));
#1252 = PCURVE('',#187,#1253);
#1253 = DEFINITIONAL_REPRESENTATION('',(#1254),#1258);
#1254 = LINE('',#1255,#1256);
#1255 = CARTESIAN_POINT('',(62.125,-259.55));
#1256 = VECTOR('',#1257,1.);
#1257 = DIRECTION('',(1.,0.));
#1258 = ( GEOMETRIC_REPRESENTATION_CONTEXT(2) 
PARAMETRIC_REPRESENTATION_CONTEXT() REPRESENTATION_CONTEXT('2D SPACE',''
  ) );
#1259 = PCURVE('',#1260,#1265);
#1260 = PLANE('',#1261);
#1261 = AXIS2_PLACEMENT_3D('',#1262,#1263,#1264);
#1262 = CARTESIAN_POINT('',(100.,109.55,-62.875));
#1263 = DIRECTION('',(-0.,1.,0.));
#1264 = DIRECTION('',(0.,0.,1.));
#1265 = DEFINITIONAL_REPRESENTATION('',(#1266),#1270);
#1266 = LINE('',#1267,#1268);
#1267 = CARTESIAN_POINT('',(0.,0.));
#1268 = VECTOR('',#1269,1.);
#1269 = DIRECTION('',(1.,0.));
#1270 = ( GEOMETRIC_REPRESENTATION_CONTEXT(2) 
PARAMETRIC_REPRESENTATION_CONTEXT() REPRESENTATION_CONTEXT('2D SPACE',''
  ) );
#1271 = FACE_BOUND('',#1272,.T.);
#1272 = EDGE_LOOP('',(#1273));
#1273 = ORIENTED_EDGE('',*,*,#1274,.F.);
#1274 = EDGE_CURVE('',#1275,#1275,#1277,.T.);
#1275 = VERTEX_POINT('',#1276);
#1276 = CARTESIAN_POINT('',(100.,75.,-54.5));
#1277 = SURFACE_CURVE('',#1278,(#1283,#1290),.PCURVE_S1.);
#1278 = CIRCLE('',#1279,8.);
#1279 = AXIS2_PLACEMENT_3D('',#1280,#1281,#1282);
#1280 = CARTESIAN_POINT('',(100.,75.,-62.5));
#1281 = DIRECTION('',(1.,0.,-0.));
#1282 = DIRECTION('',(0.,0.,1.));
#1283 = PCURVE('',#187,#1284);
#1284 = DEFINITIONAL_REPRESENTATION('',(#1285),#1289);
#1285 = CIRCLE('',#1286,8.);
#1286 = AXIS2_PLACEMENT_2D('',#1287,#1288);
#1287 = CARTESIAN_POINT('',(62.5,-225.));
#1288 = DIRECTION('',(1.,0.));
#1289 = ( GEOMETRIC_REPRESENTATION_CONTEXT(2) 
PARAMETRIC_REPRESENTATION_CONTEXT() REPRESENTATION_CONTEXT('2D SPACE',''
  ) );
#1290 = PCURVE('',#1291,#1296);
#1291 = CYLINDRICAL_SURFACE('',#1292,8.);
#1292 = AXIS2_PLACEMENT_3D('',#1293,#1294,#1295);
#1293 = CARTESIAN_POINT('',(100.,75.,-62.5));
#1294 = DIRECTION('',(1.,0.,-0.));
#1295 = DIRECTION('',(0.,0.,1.));
#1296 = DEFINITIONAL_REPRESENTATION('',(#1297),#1301);
#1297 = LINE('',#1298,#1299);
#1298 = CARTESIAN_POINT('',(0.,0.));
#1299 = VECTOR('',#1300,1.);
#1300 = DIRECTION('',(1.,0.));
#1301 = ( GEOMETRIC_REPRESENTATION_CONTEXT(2) 
PARAMETRIC_REPRESENTATION_CONTEXT() REPRESENTATION_CONTEXT('2D SPACE',''
  ) );
#1302 = FACE_BOUND('',#1303,.T.);
#1303 = EDGE_LOOP('',(#1304));
#1304 = ORIENTED_EDGE('',*,*,#1305,.F.);
#1305 = EDGE_CURVE('',#1306,#1306,#1308,.T.);
#1306 = VERTEX_POINT('',#1307);
#1307 = CARTESIAN_POINT('',(100.,75.,70.5));
#1308 = SURFACE_CURVE('',#1309,(#1314,#1321),.PCURVE_S1.);
#1309 = CIRCLE('',#1310,8.);
#1310 = AXIS2_PLACEMENT_3D('',#1311,#1312,#1313);
#1311 = CARTESIAN_POINT('',(100.,75.,62.5));
#1312 = DIRECTION('',(1.,0.,-0.));
#1313 = DIRECTION('',(0.,0.,1.));
#1314 = PCURVE('',#187,#1315);
#1315 = DEFINITIONAL_REPRESENTATION('',(#1316),#1320);
#1316 = CIRCLE('',#1317,8.);
#1317 = AXIS2_PLACEMENT_2D('',#1318,#1319);
#1318 = CARTESIAN_POINT('',(187.5,-225.));
#1319 = DIRECTION('',(1.,0.));
#1320 = ( GEOMETRIC_REPRESENTATION_CONTEXT(2) 
PARAMETRIC_REPRESENTATION_CONTEXT() REPRESENTATION_CONTEXT('2D SPACE',''
  ) );
#1321 = PCURVE('',#1322,#1327);
#1322 = CYLINDRICAL_SURFACE('',#1323,8.);
#1323 = AXIS2_PLACEMENT_3D('',#1324,#1325,#1326);
#1324 = CARTESIAN_POINT('',(100.,75.,62.5));
#1325 = DIRECTION('',(1.,0.,-0.));
#1326 = DIRECTION('',(0.,0.,1.));
#1327 = DEFINITIONAL_REPRESENTATION('',(#1328),#1332);
#1328 = LINE('',#1329,#1330);
#1329 = CARTESIAN_POINT('',(0.,0.));
#1330 = VECTOR('',#1331,1.);
#1331 = DIRECTION('',(1.,0.));
#1332 = ( GEOMETRIC_REPRESENTATION_CONTEXT(2) 
PARAMETRIC_REPRESENTATION_CONTEXT() REPRESENTATION_CONTEXT('2D SPACE',''
  ) );
#1333 = FACE_BOUND('',#1334,.T.);
#1334 = EDGE_LOOP('',(#1335));
#1335 = ORIENTED_EDGE('',*,*,#1336,.F.);
#1336 = EDGE_CURVE('',#1337,#1337,#1339,.T.);
#1337 = VERTEX_POINT('',#1338);
#1338 = CARTESIAN_POINT('',(100.,-75.,-54.5));
#1339 = SURFACE_CURVE('',#1340,(#1345,#1352),.PCURVE_S1.);
#1340 = CIRCLE('',#1341,8.);
#1341 = AXIS2_PLACEMENT_3D('',#1342,#1343,#1344);
#1342 = CARTESIAN_POINT('',(100.,-75.,-62.5));
#1343 = DIRECTION('',(1.,0.,-0.));
#1344 = DIRECTION('',(0.,0.,1.));
#1345 = PCURVE('',#187,#1346);
#1346 = DEFINITIONAL_REPRESENTATION('',(#1347),#1351);
#1347 = CIRCLE('',#1348,8.);
#1348 = AXIS2_PLACEMENT_2D('',#1349,#1350);
#1349 = CARTESIAN_POINT('',(62.5,-75.));
#1350 = DIRECTION('',(1.,0.));
#1351 = ( GEOMETRIC_REPRESENTATION_CONTEXT(2) 
PARAMETRIC_REPRESENTATION_CONTEXT() REPRESENTATION_CONTEXT('2D SPACE',''
  ) );
#1352 = PCURVE('',#1353,#1358);
#1353 = CYLINDRICAL_SURFACE('',#1354,8.);
#1354 = AXIS2_PLACEMENT_3D('',#1355,#1356,#1357);
#1355 = CARTESIAN_POINT('',(100.,-75.,-62.5));
#1356 = DIRECTION('',(1.,0.,-0.));
#1357 = DIRECTION('',(0.,0.,1.));
#1358 = DEFINITIONAL_REPRESENTATION('',(#1359),#1363);
#1359 = LINE('',#1360,#1361);
#1360 = CARTESIAN_POINT('',(0.,0.));
#1361 = VECTOR('',#1362,1.);
#1362 = DIRECTION('',(1.,0.));
#1363 = ( GEOMETRIC_REPRESENTATION_CONTEXT(2) 
PARAMETRIC_REPRESENTATION_CONTEXT() REPRESENTATION_CONTEXT('2D SPACE',''
  ) );
#1364 = FACE_BOUND('',#1365,.T.);
#1365 = EDGE_LOOP('',(#1366));
#1366 = ORIENTED_EDGE('',*,*,#1367,.F.);
#1367 = EDGE_CURVE('',#1368,#1368,#1370,.T.);
#1368 = VERTEX_POINT('',#1369);
#1369 = CARTESIAN_POINT('',(100.,0.,8.));
#1370 = SURFACE_CURVE('',#1371,(#1376,#1383),.PCURVE_S1.);
#1371 = CIRCLE('',#1372,8.);
#1372 = AXIS2_PLACEMENT_3D('',#1373,#1374,#1375);
#1373 = CARTESIAN_POINT('',(100.,0.,0.));
#1374 = DIRECTION('',(1.,0.,-0.));
#1375 = DIRECTION('',(0.,0.,1.));
#1376 = PCURVE('',#187,#1377);
#1377 = DEFINITIONAL_REPRESENTATION('',(#1378),#1382);
#1378 = CIRCLE('',#1379,8.);
#1379 = AXIS2_PLACEMENT_2D('',#1380,#1381);
#1380 = CARTESIAN_POINT('',(125.,-150.));
#1381 = DIRECTION('',(1.,0.));
#1382 = ( GEOMETRIC_REPRESENTATION_CONTEXT(2) 
PARAMETRIC_REPRESENTATION_CONTEXT() REPRESENTATION_CONTEXT('2D SPACE',''
  ) );
#1383 = PCURVE('',#1384,#1389);
#1384 = CYLINDRICAL_SURFACE('',#1385,8.);
#1385 = AXIS2_PLACEMENT_3D('',#1386,#1387,#1388);
#1386 = CARTESIAN_POINT('',(100.,0.,0.));
#1387 = DIRECTION('',(1.,0.,-0.));
#1388 = DIRECTION('',(0.,0.,1.));
#1389 = DEFINITIONAL_REPRESENTATION('',(#1390),#1394);
#1390 = LINE('',#1391,#1392);
#1391 = CARTESIAN_POINT('',(0.,0.));
#1392 = VECTOR('',#1393,1.);
#1393 = DIRECTION('',(1.,0.));
#1394 = ( GEOMETRIC_REPRESENTATION_CONTEXT(2) 
PARAMETRIC_REPRESENTATION_CONTEXT() REPRESENTATION_CONTEXT('2D SPACE',''
  ) );
#1395 = FACE_BOUND('',#1396,.T.);
#1396 = EDGE_LOOP('',(#1397));
#1397 = ORIENTED_EDGE('',*,*,#1398,.F.);
#1398 = EDGE_CURVE('',#1399,#1399,#1401,.T.);
#1399 = VERTEX_POINT('',#1400);
#1400 = CARTESIAN_POINT('',(100.,-75.,70.5));
#1401 = SURFACE_CURVE('',#1402,(#1407,#1414),.PCURVE_S1.);
#1402 = CIRCLE('',#1403,8.);
#1403 = AXIS2_PLACEMENT_3D('',#1404,#1405,#1406);
#1404 = CARTESIAN_POINT('',(100.,-75.,62.5));
#1405 = DIRECTION('',(1.,0.,-0.));
#1406 = DIRECTION('',(0.,0.,1.));
#1407 = PCURVE('',#187,#1408);
#1408 = DEFINITIONAL_REPRESENTATION('',(#1409),#1413);
#1409 = CIRCLE('',#1410,8.);
#1410 = AXIS2_PLACEMENT_2D('',#1411,#1412);
#1411 = CARTESIAN_POINT('',(187.5,-75.));
#1412 = DIRECTION('',(1.,0.));
#1413 = ( GEOMETRIC_REPRESENTATION_CONTEXT(2) 
PARAMETRIC_REPRESENTATION_CONTEXT() REPRESENTATION_CONTEXT('2D SPACE',''
  ) );
#1414 = PCURVE('',#1415,#1420);
#1415 = CYLINDRICAL_SURFACE('',#1416,8.);
#1416 = AXIS2_PLACEMENT_3D('',#1417,#1418,#1419);
#1417 = CARTESIAN_POINT('',(100.,-75.,62.5));
#1418 = DIRECTION('',(1.,0.,-0.));
#1419 = DIRECTION('',(0.,0.,1.));
#1420 = DEFINITIONAL_REPRESENTATION('',(#1421),#1425);
#1421 = LINE('',#1422,#1423);
#1422 = CARTESIAN_POINT('',(0.,0.));
#1423 = VECTOR('',#1424,1.);
#1424 = DIRECTION('',(1.,0.));
#1425 = ( GEOMETRIC_REPRESENTATION_CONTEXT(2) 
PARAMETRIC_REPRESENTATION_CONTEXT() REPRESENTATION_CONTEXT('2D SPACE',''
  ) );
#1426 = ADVANCED_FACE('',(#1427),#238,.F.);
#1427 = FACE_BOUND('',#1428,.F.);
#1428 = EDGE_LOOP('',(#1429,#1430,#1431,#1432));
#1429 = ORIENTED_EDGE('',*,*,#405,.T.);
#1430 = ORIENTED_EDGE('',*,*,#222,.T.);
#1431 = ORIENTED_EDGE('',*,*,#555,.T.);
#1432 = ORIENTED_EDGE('',*,*,#1433,.T.);
#1433 = EDGE_CURVE('',#533,#406,#1434,.T.);
#1434 = SURFACE_CURVE('',#1435,(#1439,#1446),.PCURVE_S1.);
#1435 = LINE('',#1436,#1437);
#1436 = CARTESIAN_POINT('',(14.903421326924,-42.,-125.));
#1437 = VECTOR('',#1438,1.);
#1438 = DIRECTION('',(-1.,0.,0.));
#1439 = PCURVE('',#238,#1440);
#1440 = DEFINITIONAL_REPRESENTATION('',(#1441),#1445);
#1441 = LINE('',#1442,#1443);
#1442 = CARTESIAN_POINT('',(114.90342132692,108.));
#1443 = VECTOR('',#1444,1.);
#1444 = DIRECTION('',(-1.,0.));
#1445 = ( GEOMETRIC_REPRESENTATION_CONTEXT(2) 
PARAMETRIC_REPRESENTATION_CONTEXT() REPRESENTATION_CONTEXT('2D SPACE',''
  ) );
#1446 = PCURVE('',#444,#1447);
#1447 = DEFINITIONAL_REPRESENTATION('',(#1448),#1452);
#1448 = LINE('',#1449,#1450);
#1449 = CARTESIAN_POINT('',(114.90342132692,108.));
#1450 = VECTOR('',#1451,1.);
#1451 = DIRECTION('',(-1.,0.));
#1452 = ( GEOMETRIC_REPRESENTATION_CONTEXT(2) 
PARAMETRIC_REPRESENTATION_CONTEXT() REPRESENTATION_CONTEXT('2D SPACE',''
  ) );
#1453 = ADVANCED_FACE('',(#1454),#311,.F.);
#1454 = FACE_BOUND('',#1455,.F.);
#1455 = EDGE_LOOP('',(#1456,#1457,#1478,#1479));
#1456 = ORIENTED_EDGE('',*,*,#694,.T.);
#1457 = ORIENTED_EDGE('',*,*,#1458,.T.);
#1458 = EDGE_CURVE('',#695,#296,#1459,.T.);
#1459 = SURFACE_CURVE('',#1460,(#1464,#1471),.PCURVE_S1.);
#1460 = LINE('',#1461,#1462);
#1461 = CARTESIAN_POINT('',(-13.8,150.,97.));
#1462 = VECTOR('',#1463,1.);
#1463 = DIRECTION('',(0.,-1.,0.));
#1464 = PCURVE('',#311,#1465);
#1465 = DEFINITIONAL_REPRESENTATION('',(#1466),#1470);
#1466 = LINE('',#1467,#1468);
#1467 = CARTESIAN_POINT('',(0.,-28.));
#1468 = VECTOR('',#1469,1.);
#1469 = DIRECTION('',(1.,0.));
#1470 = ( GEOMETRIC_REPRESENTATION_CONTEXT(2) 
PARAMETRIC_REPRESENTATION_CONTEXT() REPRESENTATION_CONTEXT('2D SPACE',''
  ) );
#1471 = PCURVE('',#339,#1472);
#1472 = DEFINITIONAL_REPRESENTATION('',(#1473),#1477);
#1473 = LINE('',#1474,#1475);
#1474 = CARTESIAN_POINT('',(150.,38.2));
#1475 = VECTOR('',#1476,1.);
#1476 = DIRECTION('',(-1.,0.));
#1477 = ( GEOMETRIC_REPRESENTATION_CONTEXT(2) 
PARAMETRIC_REPRESENTATION_CONTEXT() REPRESENTATION_CONTEXT('2D SPACE',''
  ) );
#1478 = ORIENTED_EDGE('',*,*,#295,.F.);
#1479 = ORIENTED_EDGE('',*,*,#883,.F.);
#1480 = ADVANCED_FACE('',(#1481),#339,.T.);
#1481 = FACE_BOUND('',#1482,.T.);
#1482 = EDGE_LOOP('',(#1483,#1504,#1505,#1506));
#1483 = ORIENTED_EDGE('',*,*,#1484,.T.);
#1484 = EDGE_CURVE('',#324,#718,#1485,.T.);
#1485 = SURFACE_CURVE('',#1486,(#1490,#1497),.PCURVE_S1.);
#1486 = LINE('',#1487,#1488);
#1487 = CARTESIAN_POINT('',(62.6,-150.,97.));
#1488 = VECTOR('',#1489,1.);
#1489 = DIRECTION('',(0.,1.,0.));
#1490 = PCURVE('',#339,#1491);
#1491 = DEFINITIONAL_REPRESENTATION('',(#1492),#1496);
#1492 = LINE('',#1493,#1494);
#1493 = CARTESIAN_POINT('',(-150.,-38.2));
#1494 = VECTOR('',#1495,1.);
#1495 = DIRECTION('',(1.,0.));
#1496 = ( GEOMETRIC_REPRESENTATION_CONTEXT(2) 
PARAMETRIC_REPRESENTATION_CONTEXT() REPRESENTATION_CONTEXT('2D SPACE',''
  ) );
#1497 = PCURVE('',#365,#1498);
#1498 = DEFINITIONAL_REPRESENTATION('',(#1499),#1503);
#1499 = LINE('',#1500,#1501);
#1500 = CARTESIAN_POINT('',(0.,-28.));
#1501 = VECTOR('',#1502,1.);
#1502 = DIRECTION('',(1.,0.));
#1503 = ( GEOMETRIC_REPRESENTATION_CONTEXT(2) 
PARAMETRIC_REPRESENTATION_CONTEXT() REPRESENTATION_CONTEXT('2D SPACE',''
  ) );
#1504 = ORIENTED_EDGE('',*,*,#717,.T.);
#1505 = ORIENTED_EDGE('',*,*,#1458,.T.);
#1506 = ORIENTED_EDGE('',*,*,#323,.T.);
#1507 = ADVANCED_FACE('',(#1508),#365,.F.);
#1508 = FACE_BOUND('',#1509,.F.);
#1509 = EDGE_LOOP('',(#1510,#1511,#1512,#1513));
#1510 = ORIENTED_EDGE('',*,*,#351,.T.);
#1511 = ORIENTED_EDGE('',*,*,#1484,.T.);
#1512 = ORIENTED_EDGE('',*,*,#740,.F.);
#1513 = ORIENTED_EDGE('',*,*,#908,.F.);
#1514 = ADVANCED_FACE('',(#1515),#444,.F.);
#1515 = FACE_BOUND('',#1516,.F.);
#1516 = EDGE_LOOP('',(#1517,#1538,#1539,#1540));
#1517 = ORIENTED_EDGE('',*,*,#1518,.T.);
#1518 = EDGE_CURVE('',#510,#429,#1519,.T.);
#1519 = SURFACE_CURVE('',#1520,(#1524,#1531),.PCURVE_S1.);
#1520 = LINE('',#1521,#1522);
#1521 = CARTESIAN_POINT('',(14.903421326924,0.,-125.));
#1522 = VECTOR('',#1523,1.);
#1523 = DIRECTION('',(-1.,0.,0.));
#1524 = PCURVE('',#444,#1525);
#1525 = DEFINITIONAL_REPRESENTATION('',(#1526),#1530);
#1526 = LINE('',#1527,#1528);
#1527 = CARTESIAN_POINT('',(114.90342132692,150.));
#1528 = VECTOR('',#1529,1.);
#1529 = DIRECTION('',(-1.,0.));
#1530 = ( GEOMETRIC_REPRESENTATION_CONTEXT(2) 
PARAMETRIC_REPRESENTATION_CONTEXT() REPRESENTATION_CONTEXT('2D SPACE',''
  ) );
#1531 = PCURVE('',#470,#1532);
#1532 = DEFINITIONAL_REPRESENTATION('',(#1533),#1537);
#1533 = LINE('',#1534,#1535);
#1534 = CARTESIAN_POINT('',(114.90342132692,150.));
#1535 = VECTOR('',#1536,1.);
#1536 = DIRECTION('',(-1.,0.));
#1537 = ( GEOMETRIC_REPRESENTATION_CONTEXT(2) 
PARAMETRIC_REPRESENTATION_CONTEXT() REPRESENTATION_CONTEXT('2D SPACE',''
  ) );
#1538 = ORIENTED_EDGE('',*,*,#428,.T.);
#1539 = ORIENTED_EDGE('',*,*,#1433,.F.);
#1540 = ORIENTED_EDGE('',*,*,#532,.T.);
#1541 = ADVANCED_FACE('',(#1542),#470,.F.);
#1542 = FACE_BOUND('',#1543,.F.);
#1543 = EDGE_LOOP('',(#1544,#1545,#1546,#1547));
#1544 = ORIENTED_EDGE('',*,*,#648,.T.);
#1545 = ORIENTED_EDGE('',*,*,#456,.T.);
#1546 = ORIENTED_EDGE('',*,*,#1518,.F.);
#1547 = ORIENTED_EDGE('',*,*,#509,.T.);
#1548 = ADVANCED_FACE('',(#1549),#781,.F.);
#1549 = FACE_BOUND('',#1550,.F.);
#1550 = EDGE_LOOP('',(#1551,#1574,#1602,#1623));
#1551 = ORIENTED_EDGE('',*,*,#1552,.T.);
#1552 = EDGE_CURVE('',#764,#1553,#1555,.T.);
#1553 = VERTEX_POINT('',#1554);
#1554 = CARTESIAN_POINT('',(67.1,110.,38.));
#1555 = SURFACE_CURVE('',#1556,(#1560,#1567),.PCURVE_S1.);
#1556 = LINE('',#1557,#1558);
#1557 = CARTESIAN_POINT('',(67.1,150.,38.));
#1558 = VECTOR('',#1559,1.);
#1559 = DIRECTION('',(-0.,-1.,-0.));
#1560 = PCURVE('',#781,#1561);
#1561 = DEFINITIONAL_REPRESENTATION('',(#1562),#1566);
#1562 = LINE('',#1563,#1564);
#1563 = CARTESIAN_POINT('',(0.,0.));
#1564 = VECTOR('',#1565,1.);
#1565 = DIRECTION('',(0.,-1.));
#1566 = ( GEOMETRIC_REPRESENTATION_CONTEXT(2) 
PARAMETRIC_REPRESENTATION_CONTEXT() REPRESENTATION_CONTEXT('2D SPACE',''
  ) );
#1567 = PCURVE('',#810,#1568);
#1568 = DEFINITIONAL_REPRESENTATION('',(#1569),#1573);
#1569 = LINE('',#1570,#1571);
#1570 = CARTESIAN_POINT('',(3.14159265359,0.));
#1571 = VECTOR('',#1572,1.);
#1572 = DIRECTION('',(0.,-1.));
#1573 = ( GEOMETRIC_REPRESENTATION_CONTEXT(2) 
PARAMETRIC_REPRESENTATION_CONTEXT() REPRESENTATION_CONTEXT('2D SPACE',''
  ) );
#1574 = ORIENTED_EDGE('',*,*,#1575,.T.);
#1575 = EDGE_CURVE('',#1553,#1576,#1578,.T.);
#1576 = VERTEX_POINT('',#1577);
#1577 = CARTESIAN_POINT('',(67.1,110.,-38.));
#1578 = SURFACE_CURVE('',#1579,(#1583,#1590),.PCURVE_S1.);
#1579 = LINE('',#1580,#1581);
#1580 = CARTESIAN_POINT('',(67.1,110.,38.));
#1581 = VECTOR('',#1582,1.);
#1582 = DIRECTION('',(0.,0.,-1.));
#1583 = PCURVE('',#781,#1584);
#1584 = DEFINITIONAL_REPRESENTATION('',(#1585),#1589);
#1585 = LINE('',#1586,#1587);
#1586 = CARTESIAN_POINT('',(0.,-40.));
#1587 = VECTOR('',#1588,1.);
#1588 = DIRECTION('',(1.,0.));
#1589 = ( GEOMETRIC_REPRESENTATION_CONTEXT(2) 
PARAMETRIC_REPRESENTATION_CONTEXT() REPRESENTATION_CONTEXT('2D SPACE',''
  ) );
#1590 = PCURVE('',#1591,#1596);
#1591 = PLANE('',#1592);
#1592 = AXIS2_PLACEMENT_3D('',#1593,#1594,#1595);
#1593 = CARTESIAN_POINT('',(25.1,110.,8.442091910021E-16));
#1594 = DIRECTION('',(0.,1.,0.));
#1595 = DIRECTION('',(0.,-0.,1.));
#1596 = DEFINITIONAL_REPRESENTATION('',(#1597),#1601);
#1597 = LINE('',#1598,#1599);
#1598 = CARTESIAN_POINT('',(38.,42.));
#1599 = VECTOR('',#1600,1.);
#1600 = DIRECTION('',(-1.,0.));
#1601 = ( GEOMETRIC_REPRESENTATION_CONTEXT(2) 
PARAMETRIC_REPRESENTATION_CONTEXT() REPRESENTATION_CONTEXT('2D SPACE',''
  ) );
#1602 = ORIENTED_EDGE('',*,*,#1603,.F.);
#1603 = EDGE_CURVE('',#766,#1576,#1604,.T.);
#1604 = SURFACE_CURVE('',#1605,(#1609,#1616),.PCURVE_S1.);
#1605 = LINE('',#1606,#1607);
#1606 = CARTESIAN_POINT('',(67.1,150.,-38.));
#1607 = VECTOR('',#1608,1.);
#1608 = DIRECTION('',(-0.,-1.,-0.));
#1609 = PCURVE('',#781,#1610);
#1610 = DEFINITIONAL_REPRESENTATION('',(#1611),#1615);
#1611 = LINE('',#1612,#1613);
#1612 = CARTESIAN_POINT('',(76.,0.));
#1613 = VECTOR('',#1614,1.);
#1614 = DIRECTION('',(0.,-1.));
#1615 = ( GEOMETRIC_REPRESENTATION_CONTEXT(2) 
PARAMETRIC_REPRESENTATION_CONTEXT() REPRESENTATION_CONTEXT('2D SPACE',''
  ) );
#1616 = PCURVE('',#865,#1617);
#1617 = DEFINITIONAL_REPRESENTATION('',(#1618),#1622);
#1618 = LINE('',#1619,#1620);
#1619 = CARTESIAN_POINT('',(6.123233995737E-17,0.));
#1620 = VECTOR('',#1621,1.);
#1621 = DIRECTION('',(0.,-1.));
#1622 = ( GEOMETRIC_REPRESENTATION_CONTEXT(2) 
PARAMETRIC_REPRESENTATION_CONTEXT() REPRESENTATION_CONTEXT('2D SPACE',''
  ) );
#1623 = ORIENTED_EDGE('',*,*,#763,.F.);
#1624 = ADVANCED_FACE('',(#1625),#865,.F.);
#1625 = FACE_BOUND('',#1626,.F.);
#1626 = EDGE_LOOP('',(#1627,#1628,#1652,#1673));
#1627 = ORIENTED_EDGE('',*,*,#1603,.T.);
#1628 = ORIENTED_EDGE('',*,*,#1629,.T.);
#1629 = EDGE_CURVE('',#1576,#1630,#1632,.T.);
#1630 = VERTEX_POINT('',#1631);
#1631 = CARTESIAN_POINT('',(-16.9,110.,-38.));
#1632 = SURFACE_CURVE('',#1633,(#1638,#1645),.PCURVE_S1.);
#1633 = CIRCLE('',#1634,42.);
#1634 = AXIS2_PLACEMENT_3D('',#1635,#1636,#1637);
#1635 = CARTESIAN_POINT('',(25.1,110.,-38.));
#1636 = DIRECTION('',(-0.,1.,0.));
#1637 = DIRECTION('',(1.,0.,6.123233995737E-17));
#1638 = PCURVE('',#865,#1639);
#1639 = DEFINITIONAL_REPRESENTATION('',(#1640),#1644);
#1640 = LINE('',#1641,#1642);
#1641 = CARTESIAN_POINT('',(0.,-40.));
#1642 = VECTOR('',#1643,1.);
#1643 = DIRECTION('',(1.,0.));
#1644 = ( GEOMETRIC_REPRESENTATION_CONTEXT(2) 
PARAMETRIC_REPRESENTATION_CONTEXT() REPRESENTATION_CONTEXT('2D SPACE',''
  ) );
#1645 = PCURVE('',#1591,#1646);
#1646 = DEFINITIONAL_REPRESENTATION('',(#1647),#1651);
#1647 = CIRCLE('',#1648,42.);
#1648 = AXIS2_PLACEMENT_2D('',#1649,#1650);
#1649 = CARTESIAN_POINT('',(-38.,0.));
#1650 = DIRECTION('',(6.123233995737E-17,1.));
#1651 = ( GEOMETRIC_REPRESENTATION_CONTEXT(2) 
PARAMETRIC_REPRESENTATION_CONTEXT() REPRESENTATION_CONTEXT('2D SPACE',''
  ) );
#1652 = ORIENTED_EDGE('',*,*,#1653,.F.);
#1653 = EDGE_CURVE('',#823,#1630,#1654,.T.);
#1654 = SURFACE_CURVE('',#1655,(#1659,#1666),.PCURVE_S1.);
#1655 = LINE('',#1656,#1657);
#1656 = CARTESIAN_POINT('',(-16.9,150.,-38.));
#1657 = VECTOR('',#1658,1.);
#1658 = DIRECTION('',(-0.,-1.,-0.));
#1659 = PCURVE('',#865,#1660);
#1660 = DEFINITIONAL_REPRESENTATION('',(#1661),#1665);
#1661 = LINE('',#1662,#1663);
#1662 = CARTESIAN_POINT('',(3.14159265359,0.));
#1663 = VECTOR('',#1664,1.);
#1664 = DIRECTION('',(0.,-1.));
#1665 = ( GEOMETRIC_REPRESENTATION_CONTEXT(2) 
PARAMETRIC_REPRESENTATION_CONTEXT() REPRESENTATION_CONTEXT('2D SPACE',''
  ) );
#1666 = PCURVE('',#838,#1667);
#1667 = DEFINITIONAL_REPRESENTATION('',(#1668),#1672);
#1668 = LINE('',#1669,#1670);
#1669 = CARTESIAN_POINT('',(0.,0.));
#1670 = VECTOR('',#1671,1.);
#1671 = DIRECTION('',(0.,-1.));
#1672 = ( GEOMETRIC_REPRESENTATION_CONTEXT(2) 
PARAMETRIC_REPRESENTATION_CONTEXT() REPRESENTATION_CONTEXT('2D SPACE',''
  ) );
#1673 = ORIENTED_EDGE('',*,*,#850,.F.);
#1674 = ADVANCED_FACE('',(#1675),#838,.F.);
#1675 = FACE_BOUND('',#1676,.F.);
#1676 = EDGE_LOOP('',(#1677,#1678,#1701,#1722));
#1677 = ORIENTED_EDGE('',*,*,#1653,.T.);
#1678 = ORIENTED_EDGE('',*,*,#1679,.T.);
#1679 = EDGE_CURVE('',#1630,#1680,#1682,.T.);
#1680 = VERTEX_POINT('',#1681);
#1681 = CARTESIAN_POINT('',(-16.9,110.,38.));
#1682 = SURFACE_CURVE('',#1683,(#1687,#1694),.PCURVE_S1.);
#1683 = LINE('',#1684,#1685);
#1684 = CARTESIAN_POINT('',(-16.9,110.,-38.));
#1685 = VECTOR('',#1686,1.);
#1686 = DIRECTION('',(0.,0.,1.));
#1687 = PCURVE('',#838,#1688);
#1688 = DEFINITIONAL_REPRESENTATION('',(#1689),#1693);
#1689 = LINE('',#1690,#1691);
#1690 = CARTESIAN_POINT('',(0.,-40.));
#1691 = VECTOR('',#1692,1.);
#1692 = DIRECTION('',(1.,0.));
#1693 = ( GEOMETRIC_REPRESENTATION_CONTEXT(2) 
PARAMETRIC_REPRESENTATION_CONTEXT() REPRESENTATION_CONTEXT('2D SPACE',''
  ) );
#1694 = PCURVE('',#1591,#1695);
#1695 = DEFINITIONAL_REPRESENTATION('',(#1696),#1700);
#1696 = LINE('',#1697,#1698);
#1697 = CARTESIAN_POINT('',(-38.,-42.));
#1698 = VECTOR('',#1699,1.);
#1699 = DIRECTION('',(1.,0.));
#1700 = ( GEOMETRIC_REPRESENTATION_CONTEXT(2) 
PARAMETRIC_REPRESENTATION_CONTEXT() REPRESENTATION_CONTEXT('2D SPACE',''
  ) );
#1701 = ORIENTED_EDGE('',*,*,#1702,.F.);
#1702 = EDGE_CURVE('',#794,#1680,#1703,.T.);
#1703 = SURFACE_CURVE('',#1704,(#1708,#1715),.PCURVE_S1.);
#1704 = LINE('',#1705,#1706);
#1705 = CARTESIAN_POINT('',(-16.9,150.,38.));
#1706 = VECTOR('',#1707,1.);
#1707 = DIRECTION('',(-0.,-1.,-0.));
#1708 = PCURVE('',#838,#1709);
#1709 = DEFINITIONAL_REPRESENTATION('',(#1710),#1714);
#1710 = LINE('',#1711,#1712);
#1711 = CARTESIAN_POINT('',(76.,0.));
#1712 = VECTOR('',#1713,1.);
#1713 = DIRECTION('',(0.,-1.));
#1714 = ( GEOMETRIC_REPRESENTATION_CONTEXT(2) 
PARAMETRIC_REPRESENTATION_CONTEXT() REPRESENTATION_CONTEXT('2D SPACE',''
  ) );
#1715 = PCURVE('',#810,#1716);
#1716 = DEFINITIONAL_REPRESENTATION('',(#1717),#1721);
#1717 = LINE('',#1718,#1719);
#1718 = CARTESIAN_POINT('',(6.123233995737E-17,0.));
#1719 = VECTOR('',#1720,1.);
#1720 = DIRECTION('',(0.,-1.));
#1721 = ( GEOMETRIC_REPRESENTATION_CONTEXT(2) 
PARAMETRIC_REPRESENTATION_CONTEXT() REPRESENTATION_CONTEXT('2D SPACE',''
  ) );
#1722 = ORIENTED_EDGE('',*,*,#822,.F.);
#1723 = ADVANCED_FACE('',(#1724),#810,.F.);
#1724 = FACE_BOUND('',#1725,.F.);
#1725 = EDGE_LOOP('',(#1726,#1727,#1749,#1750));
#1726 = ORIENTED_EDGE('',*,*,#1702,.T.);
#1727 = ORIENTED_EDGE('',*,*,#1728,.T.);
#1728 = EDGE_CURVE('',#1680,#1553,#1729,.T.);
#1729 = SURFACE_CURVE('',#1730,(#1735,#1742),.PCURVE_S1.);
#1730 = CIRCLE('',#1731,42.);
#1731 = AXIS2_PLACEMENT_3D('',#1732,#1733,#1734);
#1732 = CARTESIAN_POINT('',(25.1,110.,38.));
#1733 = DIRECTION('',(0.,1.,0.));
#1734 = DIRECTION('',(-1.,0.,-6.123233995737E-17));
#1735 = PCURVE('',#810,#1736);
#1736 = DEFINITIONAL_REPRESENTATION('',(#1737),#1741);
#1737 = LINE('',#1738,#1739);
#1738 = CARTESIAN_POINT('',(0.,-40.));
#1739 = VECTOR('',#1740,1.);
#1740 = DIRECTION('',(1.,0.));
#1741 = ( GEOMETRIC_REPRESENTATION_CONTEXT(2) 
PARAMETRIC_REPRESENTATION_CONTEXT() REPRESENTATION_CONTEXT('2D SPACE',''
  ) );
#1742 = PCURVE('',#1591,#1743);
#1743 = DEFINITIONAL_REPRESENTATION('',(#1744),#1748);
#1744 = CIRCLE('',#1745,42.);
#1745 = AXIS2_PLACEMENT_2D('',#1746,#1747);
#1746 = CARTESIAN_POINT('',(38.,0.));
#1747 = DIRECTION('',(-6.123233995737E-17,-1.));
#1748 = ( GEOMETRIC_REPRESENTATION_CONTEXT(2) 
PARAMETRIC_REPRESENTATION_CONTEXT() REPRESENTATION_CONTEXT('2D SPACE',''
  ) );
#1749 = ORIENTED_EDGE('',*,*,#1552,.F.);
#1750 = ORIENTED_EDGE('',*,*,#793,.F.);
#1751 = ADVANCED_FACE('',(#1752),#1025,.F.);
#1752 = FACE_BOUND('',#1753,.T.);
#1753 = EDGE_LOOP('',(#1754,#1755,#1779,#1800));
#1754 = ORIENTED_EDGE('',*,*,#1009,.T.);
#1755 = ORIENTED_EDGE('',*,*,#1756,.T.);
#1756 = EDGE_CURVE('',#982,#1757,#1759,.T.);
#1757 = VERTEX_POINT('',#1758);
#1758 = CARTESIAN_POINT('',(86.,14.2,91.));
#1759 = SURFACE_CURVE('',#1760,(#1765,#1772),.PCURVE_S1.);
#1760 = CIRCLE('',#1761,34.);
#1761 = AXIS2_PLACEMENT_3D('',#1762,#1763,#1764);
#1762 = CARTESIAN_POINT('',(86.,14.2,125.));
#1763 = DIRECTION('',(-1.,0.,0.));
#1764 = DIRECTION('',(0.,1.,1.224646799147E-16));
#1765 = PCURVE('',#1025,#1766);
#1766 = DEFINITIONAL_REPRESENTATION('',(#1767),#1771);
#1767 = LINE('',#1768,#1769);
#1768 = CARTESIAN_POINT('',(-0.,-14.));
#1769 = VECTOR('',#1770,1.);
#1770 = DIRECTION('',(-1.,0.));
#1771 = ( GEOMETRIC_REPRESENTATION_CONTEXT(2) 
PARAMETRIC_REPRESENTATION_CONTEXT() REPRESENTATION_CONTEXT('2D SPACE',''
  ) );
#1772 = PCURVE('',#997,#1773);
#1773 = DEFINITIONAL_REPRESENTATION('',(#1774),#1778);
#1774 = CIRCLE('',#1775,34.);
#1775 = AXIS2_PLACEMENT_2D('',#1776,#1777);
#1776 = CARTESIAN_POINT('',(-14.27635292249,-22.5));
#1777 = DIRECTION('',(-1.224646799147E-16,-1.));
#1778 = ( GEOMETRIC_REPRESENTATION_CONTEXT(2) 
PARAMETRIC_REPRESENTATION_CONTEXT() REPRESENTATION_CONTEXT('2D SPACE',''
  ) );
#1779 = ORIENTED_EDGE('',*,*,#1780,.F.);
#1780 = EDGE_CURVE('',#1067,#1757,#1781,.T.);
#1781 = SURFACE_CURVE('',#1782,(#1786,#1793),.PCURVE_S1.);
#1782 = LINE('',#1783,#1784);
#1783 = CARTESIAN_POINT('',(100.,14.2,91.));
#1784 = VECTOR('',#1785,1.);
#1785 = DIRECTION('',(-1.,0.,0.));
#1786 = PCURVE('',#1025,#1787);
#1787 = DEFINITIONAL_REPRESENTATION('',(#1788),#1792);
#1788 = LINE('',#1789,#1790);
#1789 = CARTESIAN_POINT('',(-1.570796326795,0.));
#1790 = VECTOR('',#1791,1.);
#1791 = DIRECTION('',(-0.,-1.));
#1792 = ( GEOMETRIC_REPRESENTATION_CONTEXT(2) 
PARAMETRIC_REPRESENTATION_CONTEXT() REPRESENTATION_CONTEXT('2D SPACE',''
  ) );
#1793 = PCURVE('',#1110,#1794);
#1794 = DEFINITIONAL_REPRESENTATION('',(#1795),#1799);
#1795 = LINE('',#1796,#1797);
#1796 = CARTESIAN_POINT('',(0.,0.));
#1797 = VECTOR('',#1798,1.);
#1798 = DIRECTION('',(0.,-1.));
#1799 = ( GEOMETRIC_REPRESENTATION_CONTEXT(2) 
PARAMETRIC_REPRESENTATION_CONTEXT() REPRESENTATION_CONTEXT('2D SPACE',''
  ) );
#1800 = ORIENTED_EDGE('',*,*,#1066,.F.);
#1801 = ADVANCED_FACE('',(#1802),#997,.F.);
#1802 = FACE_BOUND('',#1803,.F.);
#1803 = EDGE_LOOP('',(#1804,#1805,#1806,#1829));
#1804 = ORIENTED_EDGE('',*,*,#981,.F.);
#1805 = ORIENTED_EDGE('',*,*,#1756,.T.);
#1806 = ORIENTED_EDGE('',*,*,#1807,.T.);
#1807 = EDGE_CURVE('',#1757,#1808,#1810,.T.);
#1808 = VERTEX_POINT('',#1809);
#1809 = CARTESIAN_POINT('',(86.,-30.8,91.));
#1810 = SURFACE_CURVE('',#1811,(#1815,#1822),.PCURVE_S1.);
#1811 = LINE('',#1812,#1813);
#1812 = CARTESIAN_POINT('',(86.,14.2,91.));
#1813 = VECTOR('',#1814,1.);
#1814 = DIRECTION('',(0.,-1.,0.));
#1815 = PCURVE('',#997,#1816);
#1816 = DEFINITIONAL_REPRESENTATION('',(#1817),#1821);
#1817 = LINE('',#1818,#1819);
#1818 = CARTESIAN_POINT('',(19.723647077506,-22.5));
#1819 = VECTOR('',#1820,1.);
#1820 = DIRECTION('',(0.,1.));
#1821 = ( GEOMETRIC_REPRESENTATION_CONTEXT(2) 
PARAMETRIC_REPRESENTATION_CONTEXT() REPRESENTATION_CONTEXT('2D SPACE',''
  ) );
#1822 = PCURVE('',#1110,#1823);
#1823 = DEFINITIONAL_REPRESENTATION('',(#1824),#1828);
#1824 = LINE('',#1825,#1826);
#1825 = CARTESIAN_POINT('',(0.,-14.));
#1826 = VECTOR('',#1827,1.);
#1827 = DIRECTION('',(1.,0.));
#1828 = ( GEOMETRIC_REPRESENTATION_CONTEXT(2) 
PARAMETRIC_REPRESENTATION_CONTEXT() REPRESENTATION_CONTEXT('2D SPACE',''
  ) );
#1829 = ORIENTED_EDGE('',*,*,#1830,.T.);
#1830 = EDGE_CURVE('',#1808,#954,#1831,.T.);
#1831 = SURFACE_CURVE('',#1832,(#1837,#1844),.PCURVE_S1.);
#1832 = CIRCLE('',#1833,34.);
#1833 = AXIS2_PLACEMENT_3D('',#1834,#1835,#1836);
#1834 = CARTESIAN_POINT('',(86.,-30.8,125.));
#1835 = DIRECTION('',(-1.,0.,-0.));
#1836 = DIRECTION('',(0.,6.123233995737E-17,-1.));
#1837 = PCURVE('',#997,#1838);
#1838 = DEFINITIONAL_REPRESENTATION('',(#1839),#1843);
#1839 = CIRCLE('',#1840,34.);
#1840 = AXIS2_PLACEMENT_2D('',#1841,#1842);
#1841 = CARTESIAN_POINT('',(-14.27635292249,22.5));
#1842 = DIRECTION('',(1.,-6.123233995737E-17));
#1843 = ( GEOMETRIC_REPRESENTATION_CONTEXT(2) 
PARAMETRIC_REPRESENTATION_CONTEXT() REPRESENTATION_CONTEXT('2D SPACE',''
  ) );
#1844 = PCURVE('',#969,#1845);
#1845 = DEFINITIONAL_REPRESENTATION('',(#1846),#1850);
#1846 = LINE('',#1847,#1848);
#1847 = CARTESIAN_POINT('',(-0.,-14.));
#1848 = VECTOR('',#1849,1.);
#1849 = DIRECTION('',(-1.,0.));
#1850 = ( GEOMETRIC_REPRESENTATION_CONTEXT(2) 
PARAMETRIC_REPRESENTATION_CONTEXT() REPRESENTATION_CONTEXT('2D SPACE',''
  ) );
#1851 = ADVANCED_FACE('',(#1852),#969,.F.);
#1852 = FACE_BOUND('',#1853,.T.);
#1853 = EDGE_LOOP('',(#1854,#1875,#1876,#1877));
#1854 = ORIENTED_EDGE('',*,*,#1855,.T.);
#1855 = EDGE_CURVE('',#1095,#1808,#1856,.T.);
#1856 = SURFACE_CURVE('',#1857,(#1861,#1868),.PCURVE_S1.);
#1857 = LINE('',#1858,#1859);
#1858 = CARTESIAN_POINT('',(100.,-30.8,91.));
#1859 = VECTOR('',#1860,1.);
#1860 = DIRECTION('',(-1.,0.,0.));
#1861 = PCURVE('',#969,#1862);
#1862 = DEFINITIONAL_REPRESENTATION('',(#1863),#1867);
#1863 = LINE('',#1864,#1865);
#1864 = CARTESIAN_POINT('',(-1.330703003743E-16,0.));
#1865 = VECTOR('',#1866,1.);
#1866 = DIRECTION('',(-0.,-1.));
#1867 = ( GEOMETRIC_REPRESENTATION_CONTEXT(2) 
PARAMETRIC_REPRESENTATION_CONTEXT() REPRESENTATION_CONTEXT('2D SPACE',''
  ) );
#1868 = PCURVE('',#1110,#1869);
#1869 = DEFINITIONAL_REPRESENTATION('',(#1870),#1874);
#1870 = LINE('',#1871,#1872);
#1871 = CARTESIAN_POINT('',(45.,0.));
#1872 = VECTOR('',#1873,1.);
#1873 = DIRECTION('',(0.,-1.));
#1874 = ( GEOMETRIC_REPRESENTATION_CONTEXT(2) 
PARAMETRIC_REPRESENTATION_CONTEXT() REPRESENTATION_CONTEXT('2D SPACE',''
  ) );
#1875 = ORIENTED_EDGE('',*,*,#1830,.T.);
#1876 = ORIENTED_EDGE('',*,*,#953,.F.);
#1877 = ORIENTED_EDGE('',*,*,#1122,.F.);
#1878 = ADVANCED_FACE('',(#1879),#1110,.T.);
#1879 = FACE_BOUND('',#1880,.T.);
#1880 = EDGE_LOOP('',(#1881,#1882,#1883,#1884));
#1881 = ORIENTED_EDGE('',*,*,#1780,.T.);
#1882 = ORIENTED_EDGE('',*,*,#1807,.T.);
#1883 = ORIENTED_EDGE('',*,*,#1855,.F.);
#1884 = ORIENTED_EDGE('',*,*,#1094,.F.);
#1885 = ADVANCED_FACE('',(#1886),#1173,.F.);
#1886 = FACE_BOUND('',#1887,.T.);
#1887 = EDGE_LOOP('',(#1888,#1911,#1940,#1961));
#1888 = ORIENTED_EDGE('',*,*,#1889,.T.);
#1889 = EDGE_CURVE('',#1151,#1890,#1892,.T.);
#1890 = VERTEX_POINT('',#1891);
#1891 = CARTESIAN_POINT('',(68.,109.55,1.125));
#1892 = SURFACE_CURVE('',#1893,(#1897,#1904),.PCURVE_S1.);
#1893 = LINE('',#1894,#1895);
#1894 = CARTESIAN_POINT('',(100.,109.55,1.125));
#1895 = VECTOR('',#1896,1.);
#1896 = DIRECTION('',(-1.,-0.,-0.));
#1897 = PCURVE('',#1173,#1898);
#1898 = DEFINITIONAL_REPRESENTATION('',(#1899),#1903);
#1899 = LINE('',#1900,#1901);
#1900 = CARTESIAN_POINT('',(-6.123233995737E-17,0.));
#1901 = VECTOR('',#1902,1.);
#1902 = DIRECTION('',(-0.,-1.));
#1903 = ( GEOMETRIC_REPRESENTATION_CONTEXT(2) 
PARAMETRIC_REPRESENTATION_CONTEXT() REPRESENTATION_CONTEXT('2D SPACE',''
  ) );
#1904 = PCURVE('',#1260,#1905);
#1905 = DEFINITIONAL_REPRESENTATION('',(#1906),#1910);
#1906 = LINE('',#1907,#1908);
#1907 = CARTESIAN_POINT('',(64.,0.));
#1908 = VECTOR('',#1909,1.);
#1909 = DIRECTION('',(-0.,-1.));
#1910 = ( GEOMETRIC_REPRESENTATION_CONTEXT(2) 
PARAMETRIC_REPRESENTATION_CONTEXT() REPRESENTATION_CONTEXT('2D SPACE',''
  ) );
#1911 = ORIENTED_EDGE('',*,*,#1912,.T.);
#1912 = EDGE_CURVE('',#1890,#1913,#1915,.T.);
#1913 = VERTEX_POINT('',#1914);
#1914 = CARTESIAN_POINT('',(68.,147.55,1.125));
#1915 = SURFACE_CURVE('',#1916,(#1921,#1928),.PCURVE_S1.);
#1916 = CIRCLE('',#1917,19.);
#1917 = AXIS2_PLACEMENT_3D('',#1918,#1919,#1920);
#1918 = CARTESIAN_POINT('',(68.,128.55,1.125));
#1919 = DIRECTION('',(-1.,-0.,0.));
#1920 = DIRECTION('',(0.,-1.,-6.123233995737E-17));
#1921 = PCURVE('',#1173,#1922);
#1922 = DEFINITIONAL_REPRESENTATION('',(#1923),#1927);
#1923 = LINE('',#1924,#1925);
#1924 = CARTESIAN_POINT('',(-0.,-32.));
#1925 = VECTOR('',#1926,1.);
#1926 = DIRECTION('',(-1.,0.));
#1927 = ( GEOMETRIC_REPRESENTATION_CONTEXT(2) 
PARAMETRIC_REPRESENTATION_CONTEXT() REPRESENTATION_CONTEXT('2D SPACE',''
  ) );
#1928 = PCURVE('',#1929,#1934);
#1929 = PLANE('',#1930);
#1930 = AXIS2_PLACEMENT_3D('',#1931,#1932,#1933);
#1931 = CARTESIAN_POINT('',(68.,128.55,-30.875));
#1932 = DIRECTION('',(-1.,-0.,-0.));
#1933 = DIRECTION('',(0.,0.,-1.));
#1934 = DEFINITIONAL_REPRESENTATION('',(#1935),#1939);
#1935 = CIRCLE('',#1936,19.);
#1936 = AXIS2_PLACEMENT_2D('',#1937,#1938);
#1937 = CARTESIAN_POINT('',(-32.,-2.84217094304E-14));
#1938 = DIRECTION('',(6.123233995737E-17,1.));
#1939 = ( GEOMETRIC_REPRESENTATION_CONTEXT(2) 
PARAMETRIC_REPRESENTATION_CONTEXT() REPRESENTATION_CONTEXT('2D SPACE',''
  ) );
#1940 = ORIENTED_EDGE('',*,*,#1941,.F.);
#1941 = EDGE_CURVE('',#1153,#1913,#1942,.T.);
#1942 = SURFACE_CURVE('',#1943,(#1947,#1954),.PCURVE_S1.);
#1943 = LINE('',#1944,#1945);
#1944 = CARTESIAN_POINT('',(100.,147.55,1.125));
#1945 = VECTOR('',#1946,1.);
#1946 = DIRECTION('',(-1.,-0.,-0.));
#1947 = PCURVE('',#1173,#1948);
#1948 = DEFINITIONAL_REPRESENTATION('',(#1949),#1953);
#1949 = LINE('',#1950,#1951);
#1950 = CARTESIAN_POINT('',(-3.14159265359,0.));
#1951 = VECTOR('',#1952,1.);
#1952 = DIRECTION('',(-0.,-1.));
#1953 = ( GEOMETRIC_REPRESENTATION_CONTEXT(2) 
PARAMETRIC_REPRESENTATION_CONTEXT() REPRESENTATION_CONTEXT('2D SPACE',''
  ) );
#1954 = PCURVE('',#1201,#1955);
#1955 = DEFINITIONAL_REPRESENTATION('',(#1956),#1960);
#1956 = LINE('',#1957,#1958);
#1957 = CARTESIAN_POINT('',(0.,0.));
#1958 = VECTOR('',#1959,1.);
#1959 = DIRECTION('',(0.,-1.));
#1960 = ( GEOMETRIC_REPRESENTATION_CONTEXT(2) 
PARAMETRIC_REPRESENTATION_CONTEXT() REPRESENTATION_CONTEXT('2D SPACE',''
  ) );
#1961 = ORIENTED_EDGE('',*,*,#1150,.F.);
#1962 = ADVANCED_FACE('',(#1963),#1260,.T.);
#1963 = FACE_BOUND('',#1964,.T.);
#1964 = EDGE_LOOP('',(#1965,#1988,#2009,#2010));
#1965 = ORIENTED_EDGE('',*,*,#1966,.T.);
#1966 = EDGE_CURVE('',#1214,#1967,#1969,.T.);
#1967 = VERTEX_POINT('',#1968);
#1968 = CARTESIAN_POINT('',(68.,109.55,-62.875));
#1969 = SURFACE_CURVE('',#1970,(#1974,#1981),.PCURVE_S1.);
#1970 = LINE('',#1971,#1972);
#1971 = CARTESIAN_POINT('',(100.,109.55,-62.875));
#1972 = VECTOR('',#1973,1.);
#1973 = DIRECTION('',(-1.,-0.,-0.));
#1974 = PCURVE('',#1260,#1975);
#1975 = DEFINITIONAL_REPRESENTATION('',(#1976),#1980);
#1976 = LINE('',#1977,#1978);
#1977 = CARTESIAN_POINT('',(0.,0.));
#1978 = VECTOR('',#1979,1.);
#1979 = DIRECTION('',(-0.,-1.));
#1980 = ( GEOMETRIC_REPRESENTATION_CONTEXT(2) 
PARAMETRIC_REPRESENTATION_CONTEXT() REPRESENTATION_CONTEXT('2D SPACE',''
  ) );
#1981 = PCURVE('',#1234,#1982);
#1982 = DEFINITIONAL_REPRESENTATION('',(#1983),#1987);
#1983 = LINE('',#1984,#1985);
#1984 = CARTESIAN_POINT('',(-3.14159265359,0.));
#1985 = VECTOR('',#1986,1.);
#1986 = DIRECTION('',(-0.,-1.));
#1987 = ( GEOMETRIC_REPRESENTATION_CONTEXT(2) 
PARAMETRIC_REPRESENTATION_CONTEXT() REPRESENTATION_CONTEXT('2D SPACE',''
  ) );
#1988 = ORIENTED_EDGE('',*,*,#1989,.T.);
#1989 = EDGE_CURVE('',#1967,#1890,#1990,.T.);
#1990 = SURFACE_CURVE('',#1991,(#1995,#2002),.PCURVE_S1.);
#1991 = LINE('',#1992,#1993);
#1992 = CARTESIAN_POINT('',(68.,109.55,-62.875));
#1993 = VECTOR('',#1994,1.);
#1994 = DIRECTION('',(0.,-0.,1.));
#1995 = PCURVE('',#1260,#1996);
#1996 = DEFINITIONAL_REPRESENTATION('',(#1997),#2001);
#1997 = LINE('',#1998,#1999);
#1998 = CARTESIAN_POINT('',(0.,-32.));
#1999 = VECTOR('',#2000,1.);
#2000 = DIRECTION('',(1.,0.));
#2001 = ( GEOMETRIC_REPRESENTATION_CONTEXT(2) 
PARAMETRIC_REPRESENTATION_CONTEXT() REPRESENTATION_CONTEXT('2D SPACE',''
  ) );
#2002 = PCURVE('',#1929,#2003);
#2003 = DEFINITIONAL_REPRESENTATION('',(#2004),#2008);
#2004 = LINE('',#2005,#2006);
#2005 = CARTESIAN_POINT('',(32.,19.));
#2006 = VECTOR('',#2007,1.);
#2007 = DIRECTION('',(-1.,0.));
#2008 = ( GEOMETRIC_REPRESENTATION_CONTEXT(2) 
PARAMETRIC_REPRESENTATION_CONTEXT() REPRESENTATION_CONTEXT('2D SPACE',''
  ) );
#2009 = ORIENTED_EDGE('',*,*,#1889,.F.);
#2010 = ORIENTED_EDGE('',*,*,#1246,.F.);
#2011 = ADVANCED_FACE('',(#2012),#1201,.T.);
#2012 = FACE_BOUND('',#2013,.T.);
#2013 = EDGE_LOOP('',(#2014,#2015,#2038,#2059));
#2014 = ORIENTED_EDGE('',*,*,#1941,.T.);
#2015 = ORIENTED_EDGE('',*,*,#2016,.T.);
#2016 = EDGE_CURVE('',#1913,#2017,#2019,.T.);
#2017 = VERTEX_POINT('',#2018);
#2018 = CARTESIAN_POINT('',(68.,147.55,-62.875));
#2019 = SURFACE_CURVE('',#2020,(#2024,#2031),.PCURVE_S1.);
#2020 = LINE('',#2021,#2022);
#2021 = CARTESIAN_POINT('',(68.,147.55,1.125));
#2022 = VECTOR('',#2023,1.);
#2023 = DIRECTION('',(0.,0.,-1.));
#2024 = PCURVE('',#1201,#2025);
#2025 = DEFINITIONAL_REPRESENTATION('',(#2026),#2030);
#2026 = LINE('',#2027,#2028);
#2027 = CARTESIAN_POINT('',(0.,-32.));
#2028 = VECTOR('',#2029,1.);
#2029 = DIRECTION('',(1.,0.));
#2030 = ( GEOMETRIC_REPRESENTATION_CONTEXT(2) 
PARAMETRIC_REPRESENTATION_CONTEXT() REPRESENTATION_CONTEXT('2D SPACE',''
  ) );
#2031 = PCURVE('',#1929,#2032);
#2032 = DEFINITIONAL_REPRESENTATION('',(#2033),#2037);
#2033 = LINE('',#2034,#2035);
#2034 = CARTESIAN_POINT('',(-32.,-19.));
#2035 = VECTOR('',#2036,1.);
#2036 = DIRECTION('',(1.,0.));
#2037 = ( GEOMETRIC_REPRESENTATION_CONTEXT(2) 
PARAMETRIC_REPRESENTATION_CONTEXT() REPRESENTATION_CONTEXT('2D SPACE',''
  ) );
#2038 = ORIENTED_EDGE('',*,*,#2039,.F.);
#2039 = EDGE_CURVE('',#1186,#2017,#2040,.T.);
#2040 = SURFACE_CURVE('',#2041,(#2045,#2052),.PCURVE_S1.);
#2041 = LINE('',#2042,#2043);
#2042 = CARTESIAN_POINT('',(100.,147.55,-62.875));
#2043 = VECTOR('',#2044,1.);
#2044 = DIRECTION('',(-1.,-0.,-0.));
#2045 = PCURVE('',#1201,#2046);
#2046 = DEFINITIONAL_REPRESENTATION('',(#2047),#2051);
#2047 = LINE('',#2048,#2049);
#2048 = CARTESIAN_POINT('',(64.,0.));
#2049 = VECTOR('',#2050,1.);
#2050 = DIRECTION('',(0.,-1.));
#2051 = ( GEOMETRIC_REPRESENTATION_CONTEXT(2) 
PARAMETRIC_REPRESENTATION_CONTEXT() REPRESENTATION_CONTEXT('2D SPACE',''
  ) );
#2052 = PCURVE('',#1234,#2053);
#2053 = DEFINITIONAL_REPRESENTATION('',(#2054),#2058);
#2054 = LINE('',#2055,#2056);
#2055 = CARTESIAN_POINT('',(-6.123233995737E-17,0.));
#2056 = VECTOR('',#2057,1.);
#2057 = DIRECTION('',(-0.,-1.));
#2058 = ( GEOMETRIC_REPRESENTATION_CONTEXT(2) 
PARAMETRIC_REPRESENTATION_CONTEXT() REPRESENTATION_CONTEXT('2D SPACE',''
  ) );
#2059 = ORIENTED_EDGE('',*,*,#1185,.F.);
#2060 = ADVANCED_FACE('',(#2061),#1234,.F.);
#2061 = FACE_BOUND('',#2062,.T.);
#2062 = EDGE_LOOP('',(#2063,#2064,#2086,#2087));
#2063 = ORIENTED_EDGE('',*,*,#2039,.T.);
#2064 = ORIENTED_EDGE('',*,*,#2065,.T.);
#2065 = EDGE_CURVE('',#2017,#1967,#2066,.T.);
#2066 = SURFACE_CURVE('',#2067,(#2072,#2079),.PCURVE_S1.);
#2067 = CIRCLE('',#2068,19.);
#2068 = AXIS2_PLACEMENT_3D('',#2069,#2070,#2071);
#2069 = CARTESIAN_POINT('',(68.,128.55,-62.875));
#2070 = DIRECTION('',(-1.,0.,-0.));
#2071 = DIRECTION('',(-0.,1.,6.123233995737E-17));
#2072 = PCURVE('',#1234,#2073);
#2073 = DEFINITIONAL_REPRESENTATION('',(#2074),#2078);
#2074 = LINE('',#2075,#2076);
#2075 = CARTESIAN_POINT('',(-0.,-32.));
#2076 = VECTOR('',#2077,1.);
#2077 = DIRECTION('',(-1.,0.));
#2078 = ( GEOMETRIC_REPRESENTATION_CONTEXT(2) 
PARAMETRIC_REPRESENTATION_CONTEXT() REPRESENTATION_CONTEXT('2D SPACE',''
  ) );
#2079 = PCURVE('',#1929,#2080);
#2080 = DEFINITIONAL_REPRESENTATION('',(#2081),#2085);
#2081 = CIRCLE('',#2082,19.);
#2082 = AXIS2_PLACEMENT_2D('',#2083,#2084);
#2083 = CARTESIAN_POINT('',(32.,-2.84217094304E-14));
#2084 = DIRECTION('',(-6.123233995737E-17,-1.));
#2085 = ( GEOMETRIC_REPRESENTATION_CONTEXT(2) 
PARAMETRIC_REPRESENTATION_CONTEXT() REPRESENTATION_CONTEXT('2D SPACE',''
  ) );
#2086 = ORIENTED_EDGE('',*,*,#1966,.F.);
#2087 = ORIENTED_EDGE('',*,*,#1213,.F.);
#2088 = ADVANCED_FACE('',(#2089),#1291,.F.);
#2089 = FACE_BOUND('',#2090,.F.);
#2090 = EDGE_LOOP('',(#2091,#2114,#2141,#2142));
#2091 = ORIENTED_EDGE('',*,*,#2092,.T.);
#2092 = EDGE_CURVE('',#1275,#2093,#2095,.T.);
#2093 = VERTEX_POINT('',#2094);
#2094 = CARTESIAN_POINT('',(99.6,75.,-54.5));
#2095 = SEAM_CURVE('',#2096,(#2100,#2107),.PCURVE_S1.);
#2096 = LINE('',#2097,#2098);
#2097 = CARTESIAN_POINT('',(100.,75.,-54.5));
#2098 = VECTOR('',#2099,1.);
#2099 = DIRECTION('',(-1.,-0.,-0.));
#2100 = PCURVE('',#1291,#2101);
#2101 = DEFINITIONAL_REPRESENTATION('',(#2102),#2106);
#2102 = LINE('',#2103,#2104);
#2103 = CARTESIAN_POINT('',(0.,0.));
#2104 = VECTOR('',#2105,1.);
#2105 = DIRECTION('',(0.,-1.));
#2106 = ( GEOMETRIC_REPRESENTATION_CONTEXT(2) 
PARAMETRIC_REPRESENTATION_CONTEXT() REPRESENTATION_CONTEXT('2D SPACE',''
  ) );
#2107 = PCURVE('',#1291,#2108);
#2108 = DEFINITIONAL_REPRESENTATION('',(#2109),#2113);
#2109 = LINE('',#2110,#2111);
#2110 = CARTESIAN_POINT('',(6.28318530718,0.));
#2111 = VECTOR('',#2112,1.);
#2112 = DIRECTION('',(0.,-1.));
#2113 = ( GEOMETRIC_REPRESENTATION_CONTEXT(2) 
PARAMETRIC_REPRESENTATION_CONTEXT() REPRESENTATION_CONTEXT('2D SPACE',''
  ) );
#2114 = ORIENTED_EDGE('',*,*,#2115,.T.);
#2115 = EDGE_CURVE('',#2093,#2093,#2116,.T.);
#2116 = SURFACE_CURVE('',#2117,(#2122,#2129),.PCURVE_S1.);
#2117 = CIRCLE('',#2118,8.);
#2118 = AXIS2_PLACEMENT_3D('',#2119,#2120,#2121);
#2119 = CARTESIAN_POINT('',(99.6,75.,-62.5));
#2120 = DIRECTION('',(1.,0.,-0.));
#2121 = DIRECTION('',(0.,0.,1.));
#2122 = PCURVE('',#1291,#2123);
#2123 = DEFINITIONAL_REPRESENTATION('',(#2124),#2128);
#2124 = LINE('',#2125,#2126);
#2125 = CARTESIAN_POINT('',(0.,-0.4));
#2126 = VECTOR('',#2127,1.);
#2127 = DIRECTION('',(1.,0.));
#2128 = ( GEOMETRIC_REPRESENTATION_CONTEXT(2) 
PARAMETRIC_REPRESENTATION_CONTEXT() REPRESENTATION_CONTEXT('2D SPACE',''
  ) );
#2129 = PCURVE('',#2130,#2135);
#2130 = CONICAL_SURFACE('',#2131,8.,0.785398163397);
#2131 = AXIS2_PLACEMENT_3D('',#2132,#2133,#2134);
#2132 = CARTESIAN_POINT('',(99.6,75.,-62.5));
#2133 = DIRECTION('',(1.,0.,0.));
#2134 = DIRECTION('',(0.,0.,1.));
#2135 = DEFINITIONAL_REPRESENTATION('',(#2136),#2140);
#2136 = LINE('',#2137,#2138);
#2137 = CARTESIAN_POINT('',(0.,-0.));
#2138 = VECTOR('',#2139,1.);
#2139 = DIRECTION('',(1.,-0.));
#2140 = ( GEOMETRIC_REPRESENTATION_CONTEXT(2) 
PARAMETRIC_REPRESENTATION_CONTEXT() REPRESENTATION_CONTEXT('2D SPACE',''
  ) );
#2141 = ORIENTED_EDGE('',*,*,#2092,.F.);
#2142 = ORIENTED_EDGE('',*,*,#1274,.F.);
#2143 = ADVANCED_FACE('',(#2144),#1322,.F.);
#2144 = FACE_BOUND('',#2145,.F.);
#2145 = EDGE_LOOP('',(#2146,#2169,#2196,#2197));
#2146 = ORIENTED_EDGE('',*,*,#2147,.T.);
#2147 = EDGE_CURVE('',#1306,#2148,#2150,.T.);
#2148 = VERTEX_POINT('',#2149);
#2149 = CARTESIAN_POINT('',(99.6,75.,70.5));
#2150 = SEAM_CURVE('',#2151,(#2155,#2162),.PCURVE_S1.);
#2151 = LINE('',#2152,#2153);
#2152 = CARTESIAN_POINT('',(100.,75.,70.5));
#2153 = VECTOR('',#2154,1.);
#2154 = DIRECTION('',(-1.,-0.,-0.));
#2155 = PCURVE('',#1322,#2156);
#2156 = DEFINITIONAL_REPRESENTATION('',(#2157),#2161);
#2157 = LINE('',#2158,#2159);
#2158 = CARTESIAN_POINT('',(0.,0.));
#2159 = VECTOR('',#2160,1.);
#2160 = DIRECTION('',(0.,-1.));
#2161 = ( GEOMETRIC_REPRESENTATION_CONTEXT(2) 
PARAMETRIC_REPRESENTATION_CONTEXT() REPRESENTATION_CONTEXT('2D SPACE',''
  ) );
#2162 = PCURVE('',#1322,#2163);
#2163 = DEFINITIONAL_REPRESENTATION('',(#2164),#2168);
#2164 = LINE('',#2165,#2166);
#2165 = CARTESIAN_POINT('',(6.28318530718,0.));
#2166 = VECTOR('',#2167,1.);
#2167 = DIRECTION('',(0.,-1.));
#2168 = ( GEOMETRIC_REPRESENTATION_CONTEXT(2) 
PARAMETRIC_REPRESENTATION_CONTEXT() REPRESENTATION_CONTEXT('2D SPACE',''
  ) );
#2169 = ORIENTED_EDGE('',*,*,#2170,.T.);
#2170 = EDGE_CURVE('',#2148,#2148,#2171,.T.);
#2171 = SURFACE_CURVE('',#2172,(#2177,#2184),.PCURVE_S1.);
#2172 = CIRCLE('',#2173,8.);
#2173 = AXIS2_PLACEMENT_3D('',#2174,#2175,#2176);
#2174 = CARTESIAN_POINT('',(99.6,75.,62.5));
#2175 = DIRECTION('',(1.,0.,-0.));
#2176 = DIRECTION('',(0.,0.,1.));
#2177 = PCURVE('',#1322,#2178);
#2178 = DEFINITIONAL_REPRESENTATION('',(#2179),#2183);
#2179 = LINE('',#2180,#2181);
#2180 = CARTESIAN_POINT('',(0.,-0.4));
#2181 = VECTOR('',#2182,1.);
#2182 = DIRECTION('',(1.,0.));
#2183 = ( GEOMETRIC_REPRESENTATION_CONTEXT(2) 
PARAMETRIC_REPRESENTATION_CONTEXT() REPRESENTATION_CONTEXT('2D SPACE',''
  ) );
#2184 = PCURVE('',#2185,#2190);
#2185 = CONICAL_SURFACE('',#2186,8.,0.785398163397);
#2186 = AXIS2_PLACEMENT_3D('',#2187,#2188,#2189);
#2187 = CARTESIAN_POINT('',(99.6,75.,62.5));
#2188 = DIRECTION('',(1.,0.,0.));
#2189 = DIRECTION('',(0.,0.,1.));
#2190 = DEFINITIONAL_REPRESENTATION('',(#2191),#2195);
#2191 = LINE('',#2192,#2193);
#2192 = CARTESIAN_POINT('',(0.,-0.));
#2193 = VECTOR('',#2194,1.);
#2194 = DIRECTION('',(1.,-0.));
#2195 = ( GEOMETRIC_REPRESENTATION_CONTEXT(2) 
PARAMETRIC_REPRESENTATION_CONTEXT() REPRESENTATION_CONTEXT('2D SPACE',''
  ) );
#2196 = ORIENTED_EDGE('',*,*,#2147,.F.);
#2197 = ORIENTED_EDGE('',*,*,#1305,.F.);
#2198 = ADVANCED_FACE('',(#2199),#1353,.F.);
#2199 = FACE_BOUND('',#2200,.F.);
#2200 = EDGE_LOOP('',(#2201,#2224,#2251,#2252));
#2201 = ORIENTED_EDGE('',*,*,#2202,.T.);
#2202 = EDGE_CURVE('',#1337,#2203,#2205,.T.);
#2203 = VERTEX_POINT('',#2204);
#2204 = CARTESIAN_POINT('',(99.6,-75.,-54.5));
#2205 = SEAM_CURVE('',#2206,(#2210,#2217),.PCURVE_S1.);
#2206 = LINE('',#2207,#2208);
#2207 = CARTESIAN_POINT('',(100.,-75.,-54.5));
#2208 = VECTOR('',#2209,1.);
#2209 = DIRECTION('',(-1.,-0.,-0.));
#2210 = PCURVE('',#1353,#2211);
#2211 = DEFINITIONAL_REPRESENTATION('',(#2212),#2216);
#2212 = LINE('',#2213,#2214);
#2213 = CARTESIAN_POINT('',(0.,0.));
#2214 = VECTOR('',#2215,1.);
#2215 = DIRECTION('',(0.,-1.));
#2216 = ( GEOMETRIC_REPRESENTATION_CONTEXT(2) 
PARAMETRIC_REPRESENTATION_CONTEXT() REPRESENTATION_CONTEXT('2D SPACE',''
  ) );
#2217 = PCURVE('',#1353,#2218);
#2218 = DEFINITIONAL_REPRESENTATION('',(#2219),#2223);
#2219 = LINE('',#2220,#2221);
#2220 = CARTESIAN_POINT('',(6.28318530718,0.));
#2221 = VECTOR('',#2222,1.);
#2222 = DIRECTION('',(0.,-1.));
#2223 = ( GEOMETRIC_REPRESENTATION_CONTEXT(2) 
PARAMETRIC_REPRESENTATION_CONTEXT() REPRESENTATION_CONTEXT('2D SPACE',''
  ) );
#2224 = ORIENTED_EDGE('',*,*,#2225,.T.);
#2225 = EDGE_CURVE('',#2203,#2203,#2226,.T.);
#2226 = SURFACE_CURVE('',#2227,(#2232,#2239),.PCURVE_S1.);
#2227 = CIRCLE('',#2228,8.);
#2228 = AXIS2_PLACEMENT_3D('',#2229,#2230,#2231);
#2229 = CARTESIAN_POINT('',(99.6,-75.,-62.5));
#2230 = DIRECTION('',(1.,0.,-0.));
#2231 = DIRECTION('',(0.,0.,1.));
#2232 = PCURVE('',#1353,#2233);
#2233 = DEFINITIONAL_REPRESENTATION('',(#2234),#2238);
#2234 = LINE('',#2235,#2236);
#2235 = CARTESIAN_POINT('',(0.,-0.4));
#2236 = VECTOR('',#2237,1.);
#2237 = DIRECTION('',(1.,0.));
#2238 = ( GEOMETRIC_REPRESENTATION_CONTEXT(2) 
PARAMETRIC_REPRESENTATION_CONTEXT() REPRESENTATION_CONTEXT('2D SPACE',''
  ) );
#2239 = PCURVE('',#2240,#2245);
#2240 = CONICAL_SURFACE('',#2241,8.,0.785398163397);
#2241 = AXIS2_PLACEMENT_3D('',#2242,#2243,#2244);
#2242 = CARTESIAN_POINT('',(99.6,-75.,-62.5));
#2243 = DIRECTION('',(1.,0.,0.));
#2244 = DIRECTION('',(0.,0.,1.));
#2245 = DEFINITIONAL_REPRESENTATION('',(#2246),#2250);
#2246 = LINE('',#2247,#2248);
#2247 = CARTESIAN_POINT('',(0.,-0.));
#2248 = VECTOR('',#2249,1.);
#2249 = DIRECTION('',(1.,-0.));
#2250 = ( GEOMETRIC_REPRESENTATION_CONTEXT(2) 
PARAMETRIC_REPRESENTATION_CONTEXT() REPRESENTATION_CONTEXT('2D SPACE',''
  ) );
#2251 = ORIENTED_EDGE('',*,*,#2202,.F.);
#2252 = ORIENTED_EDGE('',*,*,#1336,.F.);
#2253 = ADVANCED_FACE('',(#2254),#1384,.F.);
#2254 = FACE_BOUND('',#2255,.F.);
#2255 = EDGE_LOOP('',(#2256,#2279,#2306,#2307));
#2256 = ORIENTED_EDGE('',*,*,#2257,.T.);
#2257 = EDGE_CURVE('',#1368,#2258,#2260,.T.);
#2258 = VERTEX_POINT('',#2259);
#2259 = CARTESIAN_POINT('',(99.6,2.350348339599E-31,8.));
#2260 = SEAM_CURVE('',#2261,(#2265,#2272),.PCURVE_S1.);
#2261 = LINE('',#2262,#2263);
#2262 = CARTESIAN_POINT('',(100.,0.,8.));
#2263 = VECTOR('',#2264,1.);
#2264 = DIRECTION('',(-1.,-0.,-0.));
#2265 = PCURVE('',#1384,#2266);
#2266 = DEFINITIONAL_REPRESENTATION('',(#2267),#2271);
#2267 = LINE('',#2268,#2269);
#2268 = CARTESIAN_POINT('',(0.,0.));
#2269 = VECTOR('',#2270,1.);
#2270 = DIRECTION('',(0.,-1.));
#2271 = ( GEOMETRIC_REPRESENTATION_CONTEXT(2) 
PARAMETRIC_REPRESENTATION_CONTEXT() REPRESENTATION_CONTEXT('2D SPACE',''
  ) );
#2272 = PCURVE('',#1384,#2273);
#2273 = DEFINITIONAL_REPRESENTATION('',(#2274),#2278);
#2274 = LINE('',#2275,#2276);
#2275 = CARTESIAN_POINT('',(6.28318530718,0.));
#2276 = VECTOR('',#2277,1.);
#2277 = DIRECTION('',(0.,-1.));
#2278 = ( GEOMETRIC_REPRESENTATION_CONTEXT(2) 
PARAMETRIC_REPRESENTATION_CONTEXT() REPRESENTATION_CONTEXT('2D SPACE',''
  ) );
#2279 = ORIENTED_EDGE('',*,*,#2280,.T.);
#2280 = EDGE_CURVE('',#2258,#2258,#2281,.T.);
#2281 = SURFACE_CURVE('',#2282,(#2287,#2294),.PCURVE_S1.);
#2282 = CIRCLE('',#2283,8.);
#2283 = AXIS2_PLACEMENT_3D('',#2284,#2285,#2286);
#2284 = CARTESIAN_POINT('',(99.6,3.781960765466E-32,-1.972152263053E-32)
  );
#2285 = DIRECTION('',(1.,6.528745387775E-32,1.314768175368E-31));
#2286 = DIRECTION('',(-1.314768175368E-31,2.465190328816E-32,1.));
#2287 = PCURVE('',#1384,#2288);
#2288 = DEFINITIONAL_REPRESENTATION('',(#2289),#2293);
#2289 = LINE('',#2290,#2291);
#2290 = CARTESIAN_POINT('',(0.,-0.4));
#2291 = VECTOR('',#2292,1.);
#2292 = DIRECTION('',(1.,0.));
#2293 = ( GEOMETRIC_REPRESENTATION_CONTEXT(2) 
PARAMETRIC_REPRESENTATION_CONTEXT() REPRESENTATION_CONTEXT('2D SPACE',''
  ) );
#2294 = PCURVE('',#2295,#2300);
#2295 = CONICAL_SURFACE('',#2296,8.,0.785398163397);
#2296 = AXIS2_PLACEMENT_3D('',#2297,#2298,#2299);
#2297 = CARTESIAN_POINT('',(99.6,3.781960765466E-32,-1.972152263053E-32)
  );
#2298 = DIRECTION('',(1.,6.528745387775E-32,1.314768175368E-31));
#2299 = DIRECTION('',(-1.314768175368E-31,2.465190328816E-32,1.));
#2300 = DEFINITIONAL_REPRESENTATION('',(#2301),#2305);
#2301 = LINE('',#2302,#2303);
#2302 = CARTESIAN_POINT('',(0.,-0.));
#2303 = VECTOR('',#2304,1.);
#2304 = DIRECTION('',(1.,-0.));
#2305 = ( GEOMETRIC_REPRESENTATION_CONTEXT(2) 
PARAMETRIC_REPRESENTATION_CONTEXT() REPRESENTATION_CONTEXT('2D SPACE',''
  ) );
#2306 = ORIENTED_EDGE('',*,*,#2257,.F.);
#2307 = ORIENTED_EDGE('',*,*,#1367,.F.);
#2308 = ADVANCED_FACE('',(#2309),#1415,.F.);
#2309 = FACE_BOUND('',#2310,.F.);
#2310 = EDGE_LOOP('',(#2311,#2334,#2361,#2362));
#2311 = ORIENTED_EDGE('',*,*,#2312,.T.);
#2312 = EDGE_CURVE('',#1399,#2313,#2315,.T.);
#2313 = VERTEX_POINT('',#2314);
#2314 = CARTESIAN_POINT('',(99.6,-75.,70.5));
#2315 = SEAM_CURVE('',#2316,(#2320,#2327),.PCURVE_S1.);
#2316 = LINE('',#2317,#2318);
#2317 = CARTESIAN_POINT('',(100.,-75.,70.5));
#2318 = VECTOR('',#2319,1.);
#2319 = DIRECTION('',(-1.,-0.,-0.));
#2320 = PCURVE('',#1415,#2321);
#2321 = DEFINITIONAL_REPRESENTATION('',(#2322),#2326);
#2322 = LINE('',#2323,#2324);
#2323 = CARTESIAN_POINT('',(0.,0.));
#2324 = VECTOR('',#2325,1.);
#2325 = DIRECTION('',(0.,-1.));
#2326 = ( GEOMETRIC_REPRESENTATION_CONTEXT(2) 
PARAMETRIC_REPRESENTATION_CONTEXT() REPRESENTATION_CONTEXT('2D SPACE',''
  ) );
#2327 = PCURVE('',#1415,#2328);
#2328 = DEFINITIONAL_REPRESENTATION('',(#2329),#2333);
#2329 = LINE('',#2330,#2331);
#2330 = CARTESIAN_POINT('',(6.28318530718,0.));
#2331 = VECTOR('',#2332,1.);
#2332 = DIRECTION('',(0.,-1.));
#2333 = ( GEOMETRIC_REPRESENTATION_CONTEXT(2) 
PARAMETRIC_REPRESENTATION_CONTEXT() REPRESENTATION_CONTEXT('2D SPACE',''
  ) );
#2334 = ORIENTED_EDGE('',*,*,#2335,.T.);
#2335 = EDGE_CURVE('',#2313,#2313,#2336,.T.);
#2336 = SURFACE_CURVE('',#2337,(#2342,#2349),.PCURVE_S1.);
#2337 = CIRCLE('',#2338,8.);
#2338 = AXIS2_PLACEMENT_3D('',#2339,#2340,#2341);
#2339 = CARTESIAN_POINT('',(99.6,-75.,62.5));
#2340 = DIRECTION('',(1.,0.,-0.));
#2341 = DIRECTION('',(0.,0.,1.));
#2342 = PCURVE('',#1415,#2343);
#2343 = DEFINITIONAL_REPRESENTATION('',(#2344),#2348);
#2344 = LINE('',#2345,#2346);
#2345 = CARTESIAN_POINT('',(0.,-0.4));
#2346 = VECTOR('',#2347,1.);
#2347 = DIRECTION('',(1.,0.));
#2348 = ( GEOMETRIC_REPRESENTATION_CONTEXT(2) 
PARAMETRIC_REPRESENTATION_CONTEXT() REPRESENTATION_CONTEXT('2D SPACE',''
  ) );
#2349 = PCURVE('',#2350,#2355);
#2350 = CONICAL_SURFACE('',#2351,8.,0.785398163397);
#2351 = AXIS2_PLACEMENT_3D('',#2352,#2353,#2354);
#2352 = CARTESIAN_POINT('',(99.6,-75.,62.5));
#2353 = DIRECTION('',(1.,0.,0.));
#2354 = DIRECTION('',(0.,0.,1.));
#2355 = DEFINITIONAL_REPRESENTATION('',(#2356),#2360);
#2356 = LINE('',#2357,#2358);
#2357 = CARTESIAN_POINT('',(0.,-0.));
#2358 = VECTOR('',#2359,1.);
#2359 = DIRECTION('',(1.,-0.));
#2360 = ( GEOMETRIC_REPRESENTATION_CONTEXT(2) 
PARAMETRIC_REPRESENTATION_CONTEXT() REPRESENTATION_CONTEXT('2D SPACE',''
  ) );
#2361 = ORIENTED_EDGE('',*,*,#2312,.F.);
#2362 = ORIENTED_EDGE('',*,*,#1398,.F.);
#2363 = ADVANCED_FACE('',(#2364),#1591,.T.);
#2364 = FACE_BOUND('',#2365,.T.);
#2365 = EDGE_LOOP('',(#2366,#2367,#2368,#2369));
#2366 = ORIENTED_EDGE('',*,*,#1575,.T.);
#2367 = ORIENTED_EDGE('',*,*,#1629,.T.);
#2368 = ORIENTED_EDGE('',*,*,#1679,.T.);
#2369 = ORIENTED_EDGE('',*,*,#1728,.T.);
#2370 = ADVANCED_FACE('',(#2371),#1929,.F.);
#2371 = FACE_BOUND('',#2372,.F.);
#2372 = EDGE_LOOP('',(#2373,#2374,#2375,#2376));
#2373 = ORIENTED_EDGE('',*,*,#2016,.T.);
#2374 = ORIENTED_EDGE('',*,*,#2065,.T.);
#2375 = ORIENTED_EDGE('',*,*,#1989,.T.);
#2376 = ORIENTED_EDGE('',*,*,#1912,.T.);
#2377 = ADVANCED_FACE('',(#2378),#2130,.F.);
#2378 = FACE_BOUND('',#2379,.T.);
#2379 = EDGE_LOOP('',(#2380,#2381,#2402,#2429));
#2380 = ORIENTED_EDGE('',*,*,#2115,.T.);
#2381 = ORIENTED_EDGE('',*,*,#2382,.T.);
#2382 = EDGE_CURVE('',#2093,#2383,#2385,.T.);
#2383 = VERTEX_POINT('',#2384);
#2384 = CARTESIAN_POINT('',(96.6,75.,-57.5));
#2385 = SEAM_CURVE('',#2386,(#2390,#2396),.PCURVE_S1.);
#2386 = LINE('',#2387,#2388);
#2387 = CARTESIAN_POINT('',(99.6,75.,-54.5));
#2388 = VECTOR('',#2389,1.);
#2389 = DIRECTION('',(-0.707106781187,0.,-0.707106781187));
#2390 = PCURVE('',#2130,#2391);
#2391 = DEFINITIONAL_REPRESENTATION('',(#2392),#2395);
#2392 = B_SPLINE_CURVE_WITH_KNOTS('',1,(#2393,#2394),.UNSPECIFIED.,.F.,
  .F.,(2,2),(0.,5.091168824543),.PIECEWISE_BEZIER_KNOTS.);
#2393 = CARTESIAN_POINT('',(0.,0.));
#2394 = CARTESIAN_POINT('',(0.,-3.6));
#2395 = ( GEOMETRIC_REPRESENTATION_CONTEXT(2) 
PARAMETRIC_REPRESENTATION_CONTEXT() REPRESENTATION_CONTEXT('2D SPACE',''
  ) );
#2396 = PCURVE('',#2130,#2397);
#2397 = DEFINITIONAL_REPRESENTATION('',(#2398),#2401);
#2398 = B_SPLINE_CURVE_WITH_KNOTS('',1,(#2399,#2400),.UNSPECIFIED.,.F.,
  .F.,(2,2),(0.,5.091168824543),.PIECEWISE_BEZIER_KNOTS.);
#2399 = CARTESIAN_POINT('',(6.28318530718,0.));
#2400 = CARTESIAN_POINT('',(6.28318530718,-3.6));
#2401 = ( GEOMETRIC_REPRESENTATION_CONTEXT(2) 
PARAMETRIC_REPRESENTATION_CONTEXT() REPRESENTATION_CONTEXT('2D SPACE',''
  ) );
#2402 = ORIENTED_EDGE('',*,*,#2403,.F.);
#2403 = EDGE_CURVE('',#2383,#2383,#2404,.T.);
#2404 = SURFACE_CURVE('',#2405,(#2410,#2417),.PCURVE_S1.);
#2405 = CIRCLE('',#2406,5.);
#2406 = AXIS2_PLACEMENT_3D('',#2407,#2408,#2409);
#2407 = CARTESIAN_POINT('',(96.6,75.,-62.5));
#2408 = DIRECTION('',(1.,0.,-0.));
#2409 = DIRECTION('',(0.,0.,1.));
#2410 = PCURVE('',#2130,#2411);
#2411 = DEFINITIONAL_REPRESENTATION('',(#2412),#2416);
#2412 = LINE('',#2413,#2414);
#2413 = CARTESIAN_POINT('',(0.,-3.));
#2414 = VECTOR('',#2415,1.);
#2415 = DIRECTION('',(1.,-0.));
#2416 = ( GEOMETRIC_REPRESENTATION_CONTEXT(2) 
PARAMETRIC_REPRESENTATION_CONTEXT() REPRESENTATION_CONTEXT('2D SPACE',''
  ) );
#2417 = PCURVE('',#2418,#2423);
#2418 = CYLINDRICAL_SURFACE('',#2419,5.);
#2419 = AXIS2_PLACEMENT_3D('',#2420,#2421,#2422);
#2420 = CARTESIAN_POINT('',(98.39218452154,75.,-62.5));
#2421 = DIRECTION('',(1.,0.,-0.));
#2422 = DIRECTION('',(0.,0.,1.));
#2423 = DEFINITIONAL_REPRESENTATION('',(#2424),#2428);
#2424 = LINE('',#2425,#2426);
#2425 = CARTESIAN_POINT('',(0.,-1.79218452154));
#2426 = VECTOR('',#2427,1.);
#2427 = DIRECTION('',(1.,0.));
#2428 = ( GEOMETRIC_REPRESENTATION_CONTEXT(2) 
PARAMETRIC_REPRESENTATION_CONTEXT() REPRESENTATION_CONTEXT('2D SPACE',''
  ) );
#2429 = ORIENTED_EDGE('',*,*,#2382,.F.);
#2430 = ADVANCED_FACE('',(#2431),#2185,.F.);
#2431 = FACE_BOUND('',#2432,.T.);
#2432 = EDGE_LOOP('',(#2433,#2434,#2455,#3408));
#2433 = ORIENTED_EDGE('',*,*,#2170,.T.);
#2434 = ORIENTED_EDGE('',*,*,#2435,.T.);
#2435 = EDGE_CURVE('',#2148,#2436,#2438,.T.);
#2436 = VERTEX_POINT('',#2437);
#2437 = CARTESIAN_POINT('',(96.6,75.,67.5));
#2438 = SEAM_CURVE('',#2439,(#2443,#2449),.PCURVE_S1.);
#2439 = LINE('',#2440,#2441);
#2440 = CARTESIAN_POINT('',(99.6,75.,70.5));
#2441 = VECTOR('',#2442,1.);
#2442 = DIRECTION('',(-0.707106781187,0.,-0.707106781187));
#2443 = PCURVE('',#2185,#2444);
#2444 = DEFINITIONAL_REPRESENTATION('',(#2445),#2448);
#2445 = B_SPLINE_CURVE_WITH_KNOTS('',1,(#2446,#2447),.UNSPECIFIED.,.F.,
  .F.,(2,2),(0.,5.091168824543),.PIECEWISE_BEZIER_KNOTS.);
#2446 = CARTESIAN_POINT('',(0.,0.));
#2447 = CARTESIAN_POINT('',(0.,-3.6));
#2448 = ( GEOMETRIC_REPRESENTATION_CONTEXT(2) 
PARAMETRIC_REPRESENTATION_CONTEXT() REPRESENTATION_CONTEXT('2D SPACE',''
  ) );
#2449 = PCURVE('',#2185,#2450);
#2450 = DEFINITIONAL_REPRESENTATION('',(#2451),#2454);
#2451 = B_SPLINE_CURVE_WITH_KNOTS('',1,(#2452,#2453),.UNSPECIFIED.,.F.,
  .F.,(2,2),(0.,5.091168824543),.PIECEWISE_BEZIER_KNOTS.);
#2452 = CARTESIAN_POINT('',(6.28318530718,0.));
#2453 = CARTESIAN_POINT('',(6.28318530718,-3.6));
#2454 = ( GEOMETRIC_REPRESENTATION_CONTEXT(2) 
PARAMETRIC_REPRESENTATION_CONTEXT() REPRESENTATION_CONTEXT('2D SPACE',''
  ) );
#2455 = ORIENTED_EDGE('',*,*,#2456,.F.);
#2456 = EDGE_CURVE('',#2436,#2436,#2457,.T.);
#2457 = SURFACE_CURVE('',#2458,(#2771,#3087),.PCURVE_S1.);
#2458 = B_SPLINE_CURVE_WITH_KNOTS('',6,(#2459,#2460,#2461,#2462,#2463,
    #2464,#2465,#2466,#2467,#2468,#2469,#2470,#2471,#2472,#2473,#2474,
    #2475,#2476,#2477,#2478,#2479,#2480,#2481,#2482,#2483,#2484,#2485,
    #2486,#2487,#2488,#2489,#2490,#2491,#2492,#2493,#2494,#2495,#2496,
    #2497,#2498,#2499,#2500,#2501,#2502,#2503,#2504,#2505,#2506,#2507,
    #2508,#2509,#2510,#2511,#2512,#2513,#2514,#2515,#2516,#2517,#2518,
    #2519,#2520,#2521,#2522,#2523,#2524,#2525,#2526,#2527,#2528,#2529,
    #2530,#2531,#2532,#2533,#2534,#2535,#2536,#2537,#2538,#2539,#2540,
    #2541,#2542,#2543,#2544,#2545,#2546,#2547,#2548,#2549,#2550,#2551,
    #2552,#2553,#2554,#2555,#2556,#2557,#2558,#2559,#2560,#2561,#2562,
    #2563,#2564,#2565,#2566,#2567,#2568,#2569,#2570,#2571,#2572,#2573,
    #2574,#2575,#2576,#2577,#2578,#2579,#2580,#2581,#2582,#2583,#2584,
    #2585,#2586,#2587,#2588,#2589,#2590,#2591,#2592,#2593,#2594,#2595,
    #2596,#2597,#2598,#2599,#2600,#2601,#2602,#2603,#2604,#2605,#2606,
    #2607,#2608,#2609,#2610,#2611,#2612,#2613,#2614,#2615,#2616,#2617,
    #2618,#2619,#2620,#2621,#2622,#2623,#2624,#2625,#2626,#2627,#2628,
    #2629,#2630,#2631,#2632,#2633,#2634,#2635,#2636,#2637,#2638,#2639,
    #2640,#2641,#2642,#2643,#2644,#2645,#2646,#2647,#2648,#2649,#2650,
    #2651,#2652,#2653,#2654,#2655,#2656,#2657,#2658,#2659,#2660,#2661,
    #2662,#2663,#2664,#2665,#2666,#2667,#2668,#2669,#2670,#2671,#2672,
    #2673,#2674,#2675,#2676,#2677,#2678,#2679,#2680,#2681,#2682,#2683,
    #2684,#2685,#2686,#2687,#2688,#2689,#2690,#2691,#2692,#2693,#2694,
    #2695,#2696,#2697,#2698,#2699,#2700,#2701,#2702,#2703,#2704,#2705,
    #2706,#2707,#2708,#2709,#2710,#2711,#2712,#2713,#2714,#2715,#2716,
    #2717,#2718,#2719,#2720,#2721,#2722,#2723,#2724,#2725,#2726,#2727,
    #2728,#2729,#2730,#2731,#2732,#2733,#2734,#2735,#2736,#2737,#2738,
    #2739,#2740,#2741,#2742,#2743,#2744,#2745,#2746,#2747,#2748,#2749,
    #2750,#2751,#2752,#2753,#2754,#2755,#2756,#2757,#2758,#2759,#2760,
    #2761,#2762,#2763,#2764,#2765,#2766,#2767,#2768,#2769,#2770),
  .UNSPECIFIED.,.T.,.F.,(7,5,5,5,5,5,5,5,5,5,5,5,5,5,5,5,5,5,5,5,5,5,5,5
    ,5,5,5,5,5,5,5,5,5,5,5,5,5,5,5,5,5,5,5,5,5,5,5,5,5,5,5,5,5,5,5,5,5,5
    ,5,5,5,5,7),(0.,1.206019506704E-02,2.663319343674E-02,
    4.020115758865E-02,5.477415595835E-02,6.834212011026E-02,
    8.291511847997E-02,9.547804836335E-02,0.105025875234,0.119598873603,
    0.134171871973,0.148242353241,0.162815351611,0.175880798634,
    0.190453797004,0.209046931467,0.223619929837,0.238192928207,
    0.252765926576,0.26532885646,0.276886752034,0.291459750404,
    0.306032748774,0.320605747143,0.333168677027,0.347239158294,
    0.358294536702,0.371359983726,0.385932982095,0.402516048698,
    0.415581495721,0.440707346071,0.458295446659,0.502516798791,
    0.520607416332,0.548748362267,0.564326394792,0.578899393161,
    0.596990010703,0.611563009072,0.619100767166,0.633673765536,
    0.648246763905,0.662317245173,0.673372623581,0.686940587733,
    0.701011069001,0.715081550269,0.729152031536,0.743725029906,
    0.756287959789,0.770358441057,0.784931439427,0.799504437797,
    0.813574919064,0.828147917434,0.842720915804,0.854781328537,
    0.869354326907,0.880409705315,0.892470118048,0.901515427729,1.),
  .UNSPECIFIED.);
#2459 = CARTESIAN_POINT('',(96.6,75.,67.5));
#2460 = CARTESIAN_POINT('',(96.6,74.936847393813,67.5));
#2461 = CARTESIAN_POINT('',(96.6,74.873700029947,67.499042892005));
#2462 = CARTESIAN_POINT('',(96.6,74.810572352654,67.497128769654));
#2463 = CARTESIAN_POINT('',(96.6,74.747480477599,67.494258139212));
#2464 = CARTESIAN_POINT('',(96.6,74.684442191869,67.490431919571));
#2465 = CARTESIAN_POINT('',(96.6,74.545392586823,67.47987492804));
#2466 = CARTESIAN_POINT('',(96.6,74.469413990814,67.472705094685));
#2467 = CARTESIAN_POINT('',(96.6,74.39357308914,67.464144366471));
#2468 = CARTESIAN_POINT('',(96.6,74.3179016866,67.454196136883));
#2469 = CARTESIAN_POINT('',(96.6,74.242431469595,67.442864768611));
#2470 = CARTESIAN_POINT('',(96.6,74.097145332454,67.418322913179));
#2471 = CARTESIAN_POINT('',(96.6,74.027298395207,67.405295911778));
#2472 = CARTESIAN_POINT('',(96.6,73.957678667953,67.391078892753));
#2473 = CARTESIAN_POINT('',(96.6,73.888311471347,67.375676877044));
#2474 = CARTESIAN_POINT('',(96.6,73.819221973134,67.359095603122));
#2475 = CARTESIAN_POINT('',(96.6,73.676553086587,67.322272334327));
#2476 = CARTESIAN_POINT('',(96.6,73.603020182762,67.301850149899));
#2477 = CARTESIAN_POINT('',(96.6,73.529867475749,67.280082975276));
#2478 = CARTESIAN_POINT('',(96.6,73.457125677596,67.256979745292));
#2479 = CARTESIAN_POINT('',(96.6,73.384825213318,67.232550328048));
#2480 = CARTESIAN_POINT('',(96.6,73.24612095135,67.182836225165));
#2481 = CARTESIAN_POINT('',(96.6,73.179654346195,67.157726708894));
#2482 = CARTESIAN_POINT('',(96.6,73.113620724909,67.131485693045));
#2483 = CARTESIAN_POINT('',(96.6,73.04804413023,67.104122574014));
#2484 = CARTESIAN_POINT('',(96.6,72.982948328157,67.075647427646));
#2485 = CARTESIAN_POINT('',(96.6,72.848980731482,67.014303745375));
#2486 = CARTESIAN_POINT('',(96.6,72.780186390815,66.981266005531));
#2487 = CARTESIAN_POINT('',(96.6,72.712002894307,66.946971119056));
#2488 = CARTESIAN_POINT('',(96.6,72.644458903602,66.91143328353));
#2489 = CARTESIAN_POINT('',(96.6,72.577582633632,66.87466756476));
#2490 = CARTESIAN_POINT('',(96.6,72.454349454044,66.803950527176));
#2491 = CARTESIAN_POINT('',(96.6,72.397813903196,66.770310473997));
#2492 = CARTESIAN_POINT('',(96.6,72.341812985573,66.735779943687));
#2493 = CARTESIAN_POINT('',(96.6,72.286364200031,66.700369599434));
#2494 = CARTESIAN_POINT('',(96.6,72.231484758791,66.664090561179));
#2495 = CARTESIAN_POINT('',(96.6,72.135928776527,66.598730926908));
#2496 = CARTESIAN_POINT('',(96.6,72.095004590813,66.570012374347));
#2497 = CARTESIAN_POINT('',(96.6,72.054426458032,66.540803828505));
#2498 = CARTESIAN_POINT('',(96.6,72.014201699951,66.511110515326));
#2499 = CARTESIAN_POINT('',(96.6,71.974337532366,66.480937806129));
#2500 = CARTESIAN_POINT('',(96.6,71.874556985722,66.403514847358));
#2501 = CARTESIAN_POINT('',(96.6,71.815129502537,66.355634498529));
#2502 = CARTESIAN_POINT('',(96.6,71.756583908994,66.306669797866));
#2503 = CARTESIAN_POINT('',(96.6,71.698944865291,66.25664111534));
#2504 = CARTESIAN_POINT('',(96.6,71.642236398378,66.205569564138));
#2505 = CARTESIAN_POINT('',(96.6,71.530727405546,66.101384437187));
#2506 = CARTESIAN_POINT('',(96.6,71.475926860513,66.04827084358));
#2507 = CARTESIAN_POINT('',(96.6,71.422103659757,65.994158077113));
#2508 = CARTESIAN_POINT('',(96.6,71.369280497622,65.939068677259));
#2509 = CARTESIAN_POINT('',(96.6,71.3174793699,65.88302586569));
#2510 = CARTESIAN_POINT('',(96.6,71.21771404631,65.771045789286));
#2511 = CARTESIAN_POINT('',(96.6,71.169679121692,65.715171505916));
#2512 = CARTESIAN_POINT('',(96.6,71.122635967228,65.658452210883));
#2513 = CARTESIAN_POINT('',(96.6,71.076603092283,65.600909954799));
#2514 = CARTESIAN_POINT('',(96.6,71.031598348337,65.54256732418));
#2515 = CARTESIAN_POINT('',(96.6,70.942109530654,65.422216134688));
#2516 = CARTESIAN_POINT('',(96.6,70.897701441472,65.360151046458));
#2517 = CARTESIAN_POINT('',(96.6,70.854433764055,65.297277868352));
#2518 = CARTESIAN_POINT('',(96.6,70.812324791626,65.233622838108));
#2519 = CARTESIAN_POINT('',(96.6,70.77139200803,65.169212739608));
#2520 = CARTESIAN_POINT('',(96.6,70.69602319309,65.04567546211));
#2521 = CARTESIAN_POINT('',(96.6,70.661353118459,64.986691046306));
#2522 = CARTESIAN_POINT('',(96.6,70.627653877574,64.927141347815));
#2523 = CARTESIAN_POINT('',(96.6,70.594936932617,64.867046365169));
#2524 = CARTESIAN_POINT('',(96.6,70.563213194212,64.806426403074));
#2525 = CARTESIAN_POINT('',(96.6,70.498228213866,64.677124935462));
#2526 = CARTESIAN_POINT('',(96.6,70.465211915026,64.608320302096));
#2527 = CARTESIAN_POINT('',(96.6,70.433458501096,64.538916778136));
#2528 = CARTESIAN_POINT('',(96.6,70.402981456693,64.468943367481));
#2529 = CARTESIAN_POINT('',(96.6,70.373793374862,64.398429472107));
#2530 = CARTESIAN_POINT('',(96.6,70.310325461165,64.236787331204));
#2531 = CARTESIAN_POINT('',(96.6,70.276862193951,64.14533840442));
#2532 = CARTESIAN_POINT('',(96.6,70.24554046819,64.053120039266));
#2533 = CARTESIAN_POINT('',(96.6,70.216382137019,63.960194966763));
#2534 = CARTESIAN_POINT('',(96.6,70.189406593948,63.86662672141));
#2535 = CARTESIAN_POINT('',(96.6,70.14521188461,63.698688680897));
#2536 = CARTESIAN_POINT('',(96.6,70.127144312475,63.62454209366));
#2537 = CARTESIAN_POINT('',(96.6,70.110436203597,63.550070840602));
#2538 = CARTESIAN_POINT('',(96.6,70.095094750476,63.475306087874));
#2539 = CARTESIAN_POINT('',(96.6,70.081126190974,63.400279206644));
#2540 = CARTESIAN_POINT('',(96.6,70.055945425646,63.249764339544));
#2541 = CARTESIAN_POINT('',(96.6,70.044733215505,63.174276327877));
#2542 = CARTESIAN_POINT('',(96.6,70.034904459934,63.098589314472));
#2543 = CARTESIAN_POINT('',(96.6,70.026463471594,63.022734992577));
#2544 = CARTESIAN_POINT('',(96.6,70.019413593756,62.94674517231));
#2545 = CARTESIAN_POINT('',(96.6,70.008100806856,62.794558389004));
#2546 = CARTESIAN_POINT('',(96.6,70.003837895855,62.71836139988));
#2547 = CARTESIAN_POINT('',(96.6,70.000970840001,62.64209274036));
#2548 = CARTESIAN_POINT('',(96.6,69.999501035982,62.565784365259));
#2549 = CARTESIAN_POINT('',(96.6,69.999428904472,62.489468257138));
#2550 = CARTESIAN_POINT('',(96.6,70.001896119169,62.347407605275));
#2551 = CARTESIAN_POINT('',(96.6,70.004076634072,62.281656810282));
#2552 = CARTESIAN_POINT('',(96.6,70.007295078513,62.2159445442));
#2553 = CARTESIAN_POINT('',(96.6,70.0115505578,62.150291279284));
#2554 = CARTESIAN_POINT('',(96.6,70.016841638869,62.084717457155));
#2555 = CARTESIAN_POINT('',(96.6,70.028985084828,61.959007437499));
#2556 = CARTESIAN_POINT('',(96.6,70.03567868498,61.898855893098));
#2557 = CARTESIAN_POINT('',(96.6,70.043245615432,61.83880474773));
#2558 = CARTESIAN_POINT('',(96.6,70.051683957962,61.778869842443));
#2559 = CARTESIAN_POINT('',(96.6,70.060991411443,61.719066967207));
#2560 = CARTESIAN_POINT('',(96.6,70.083993227627,61.584194555039));
#2561 = CARTESIAN_POINT('',(96.6,70.098198605449,61.509212151752));
#2562 = CARTESIAN_POINT('',(96.6,70.11377604241,61.434496210401));
#2563 = CARTESIAN_POINT('',(96.6,70.130719201627,61.3600780823));
#2564 = CARTESIAN_POINT('',(96.6,70.149020792233,61.285988910736));
#2565 = CARTESIAN_POINT('',(96.6,70.188324346506,61.138530351195));
#2566 = CARTESIAN_POINT('',(96.6,70.20932631691,61.065160937943));
#2567 = CARTESIAN_POINT('',(96.6,70.231670234575,60.992182326161));
#2568 = CARTESIAN_POINT('',(96.6,70.255346922524,60.919625156411));
#2569 = CARTESIAN_POINT('',(96.6,70.280346272808,60.847519774871));
#2570 = CARTESIAN_POINT('',(96.6,70.332968220209,60.704272691787));
#2571 = CARTESIAN_POINT('',(96.6,70.360590826346,60.63313096569));
#2572 = CARTESIAN_POINT('',(96.6,70.389514024883,60.562501106419));
#2573 = CARTESIAN_POINT('',(96.6,70.419725875633,60.492412787074));
#2574 = CARTESIAN_POINT('',(96.6,70.451213538253,60.422895302479));
#2575 = CARTESIAN_POINT('',(96.6,70.512195802125,60.294565728923));
#2576 = CARTESIAN_POINT('',(96.6,70.541366263416,60.23559958715));
#2577 = CARTESIAN_POINT('',(96.6,70.57146585464,60.177097664905));
#2578 = CARTESIAN_POINT('',(96.6,70.602485296786,60.119078232754));
#2579 = CARTESIAN_POINT('',(96.6,70.634414833306,60.06155931078));
#2580 = CARTESIAN_POINT('',(96.6,70.704013154019,59.940717950237));
#2581 = CARTESIAN_POINT('',(96.6,70.741910872093,59.877527345794));
#2582 = CARTESIAN_POINT('',(96.6,70.780923003025,59.815011824112));
#2583 = CARTESIAN_POINT('',(96.6,70.821034449636,59.75319589848));
#2584 = CARTESIAN_POINT('',(96.6,70.862229398888,59.692103626618));
#2585 = CARTESIAN_POINT('',(96.6,70.937697119321,59.584344668427));
#2586 = CARTESIAN_POINT('',(96.6,70.97156161546,59.537392034058));
#2587 = CARTESIAN_POINT('',(96.6,71.006076795109,59.490912152107));
#2588 = CARTESIAN_POINT('',(96.6,71.041234384811,59.444916272523));
#2589 = CARTESIAN_POINT('',(96.6,71.077025852834,59.399415450666));
#2590 = CARTESIAN_POINT('',(96.6,71.15648015696,59.301244753194));
#2591 = CARTESIAN_POINT('',(96.6,71.200390969672,59.248775563094));
#2592 = CARTESIAN_POINT('',(96.6,71.245160334812,59.197030907607));
#2593 = CARTESIAN_POINT('',(96.6,71.290773266224,59.146028300668));
#2594 = CARTESIAN_POINT('',(96.6,71.337214304087,59.095784839551));
#2595 = CARTESIAN_POINT('',(96.6,71.43717301847,58.991141767081));
#2596 = CARTESIAN_POINT('',(96.6,71.490888948067,58.936931505422));
#2597 = CARTESIAN_POINT('',(96.6,71.545593189271,58.883709569826));
#2598 = CARTESIAN_POINT('',(96.6,71.6012629532,58.831498404176));
#2599 = CARTESIAN_POINT('',(96.6,71.65787477653,58.780319746311));
#2600 = CARTESIAN_POINT('',(96.6,71.780869401704,58.673155702053));
#2601 = CARTESIAN_POINT('',(96.6,71.847522918433,58.617480963432));
#2602 = CARTESIAN_POINT('',(96.6,71.915329493999,58.563201408943));
#2603 = CARTESIAN_POINT('',(96.6,71.984252540919,58.510346746625));
#2604 = CARTESIAN_POINT('',(96.6,72.054254461909,58.458945395762));
#2605 = CARTESIAN_POINT('',(96.6,72.181269285451,58.369692859887));
#2606 = CARTESIAN_POINT('',(96.6,72.237887688635,58.331280208279));
#2607 = CARTESIAN_POINT('',(96.6,72.295132985385,58.293799794373));
#2608 = CARTESIAN_POINT('',(96.6,72.352985960435,58.257264349877));
#2609 = CARTESIAN_POINT('',(96.6,72.411427057305,58.221686075898));
#2610 = CARTESIAN_POINT('',(96.6,72.583915799727,58.120520065779));
#2611 = CARTESIAN_POINT('',(96.6,72.699496840119,58.057546369501));
#2612 = CARTESIAN_POINT('',(96.6,72.817037701861,57.998238701437));
#2613 = CARTESIAN_POINT('',(96.6,72.936392821583,57.942672443093));
#2614 = CARTESIAN_POINT('',(96.6,73.057412870165,57.890915210147));
#2615 = CARTESIAN_POINT('',(96.6,73.265717096604,57.809504991891));
#2616 = CARTESIAN_POINT('',(96.6,73.3522303606,57.777878830764));
#2617 = CARTESIAN_POINT('',(96.6,73.439432102235,57.748168862872));
#2618 = CARTESIAN_POINT('',(96.6,73.527269232587,57.720393613676));
#2619 = CARTESIAN_POINT('',(96.6,73.615688016305,57.694569640302));
#2620 = CARTESIAN_POINT('',(96.6,73.928269069175,57.61072564374));
#2621 = CARTESIAN_POINT('',(96.6,74.155240461924,57.563166491765));
#2622 = CARTESIAN_POINT('',(96.6,74.384678549933,57.528266979787));
#2623 = CARTESIAN_POINT('',(96.6,74.615702111302,57.506177926883));
#2624 = CARTESIAN_POINT('',(96.6,74.847419744392,57.496967900915));
#2625 = CARTESIAN_POINT('',(96.6,75.17364078316,57.502118346983));
#2626 = CARTESIAN_POINT('',(96.6,75.268316402059,57.505766688376));
#2627 = CARTESIAN_POINT('',(96.6,75.362896799833,57.511567107121));
#2628 = CARTESIAN_POINT('',(96.6,75.457320877802,57.519516320951));
#2629 = CARTESIAN_POINT('',(96.6,75.551527705535,57.529608734801));
#2630 = CARTESIAN_POINT('',(96.6,75.791567935104,57.560857306897));
#2631 = CARTESIAN_POINT('',(96.6,75.937007067712,57.585045118114));
#2632 = CARTESIAN_POINT('',(96.6,76.081544760242,57.614370011412));
#2633 = CARTESIAN_POINT('',(96.6,76.224954789895,57.648788862704));
#2634 = CARTESIAN_POINT('',(96.6,76.367013869496,57.68824528687));
#2635 = CARTESIAN_POINT('',(96.6,76.585271711814,57.757261703161));
#2636 = CARTESIAN_POINT('',(96.6,76.662560385214,57.783376182011));
#2637 = CARTESIAN_POINT('',(96.6,76.739330376686,57.811001281397));
#2638 = CARTESIAN_POINT('',(96.6,76.815544838624,57.84012401304));
#2639 = CARTESIAN_POINT('',(96.6,76.891167366825,57.870730193298));
#2640 = CARTESIAN_POINT('',(96.6,77.036318271672,57.932809386998));
#2641 = CARTESIAN_POINT('',(96.6,77.105925080199,57.964099094067));
#2642 = CARTESIAN_POINT('',(96.6,77.174952990357,57.996660974442));
#2643 = CARTESIAN_POINT('',(96.6,77.243372991067,58.030481558959));
#2644 = CARTESIAN_POINT('',(96.6,77.311156495889,58.065546499223));
#2645 = CARTESIAN_POINT('',(96.6,77.461595286007,58.146895270379));
#2646 = CARTESIAN_POINT('',(96.6,77.543891027933,58.193844115623));
#2647 = CARTESIAN_POINT('',(96.6,77.625108670739,58.24265795585));
#2648 = CARTESIAN_POINT('',(96.6,77.705195533454,58.29330566973));
#2649 = CARTESIAN_POINT('',(96.6,77.784100152186,58.345754162096));
#2650 = CARTESIAN_POINT('',(96.6,77.924341498198,58.443640918144));
#2651 = CARTESIAN_POINT('',(96.6,77.986110960035,58.4884592977));
#2652 = CARTESIAN_POINT('',(96.6,78.047054413384,58.534405178128));
#2653 = CARTESIAN_POINT('',(96.6,78.107146200892,58.5814594607));
#2654 = CARTESIAN_POINT('',(96.6,78.166361260117,58.629602272444));
#2655 = CARTESIAN_POINT('',(96.6,78.254837467935,58.704266774298));
#2656 = CARTESIAN_POINT('',(96.6,78.284758710711,58.730006284677));
#2657 = CARTESIAN_POINT('',(96.6,78.314435468283,58.756028641893));
#2658 = CARTESIAN_POINT('',(96.6,78.343864403403,58.782330938233));
#2659 = CARTESIAN_POINT('',(96.6,78.37304222514,58.808910213664));
#2660 = CARTESIAN_POINT('',(96.6,78.457884383115,58.887679721834));
#2661 = CARTESIAN_POINT('',(96.6,78.512852354489,58.940620024862));
#2662 = CARTESIAN_POINT('',(96.6,78.566846141221,58.994562581611));
#2663 = CARTESIAN_POINT('',(96.6,78.619842977914,59.049484924377));
#2664 = CARTESIAN_POINT('',(96.6,78.671820795565,59.105363901049));
#2665 = CARTESIAN_POINT('',(96.6,78.773695647562,59.218987449185));
#2666 = CARTESIAN_POINT('',(96.6,78.823592699371,59.276732040123));
#2667 = CARTESIAN_POINT('',(96.6,78.872428005263,59.335385610625));
#2668 = CARTESIAN_POINT('',(96.6,78.920180949568,59.394923705527));
#2669 = CARTESIAN_POINT('',(96.6,78.96683167267,59.4553212518));
#2670 = CARTESIAN_POINT('',(96.6,79.056320490353,59.575672441291));
#2671 = CARTESIAN_POINT('',(96.6,79.099234598195,59.635569593755));
#2672 = CARTESIAN_POINT('',(96.6,79.141086201706,59.696220892955));
#2673 = CARTESIAN_POINT('',(96.6,79.181858810689,59.757602740171));
#2674 = CARTESIAN_POINT('',(96.6,79.221536637576,59.819691060962));
#2675 = CARTESIAN_POINT('',(96.6,79.29040799519,59.931780783945));
#2676 = CARTESIAN_POINT('',(96.6,79.320026225252,59.981521254599));
#2677 = CARTESIAN_POINT('',(96.6,79.348951973187,60.031670812511));
#2678 = CARTESIAN_POINT('',(96.6,79.377178205804,60.08221739345));
#2679 = CARTESIAN_POINT('',(96.6,79.40469817114,60.133148773569));
#2680 = CARTESIAN_POINT('',(96.6,79.464405176833,60.24741631763));
#2681 = CARTESIAN_POINT('',(96.6,79.496231436856,60.310941010318));
#2682 = CARTESIAN_POINT('',(96.6,79.526972214672,60.37500375013));
#2683 = CARTESIAN_POINT('',(96.6,79.556616210534,60.439581327989));
#2684 = CARTESIAN_POINT('',(96.6,79.585152788812,60.50465022308));
#2685 = CARTESIAN_POINT('',(96.6,79.641006692546,60.638150255572));
#2686 = CARTESIAN_POINT('',(96.6,79.668239723684,60.706616681944));
#2687 = CARTESIAN_POINT('',(96.6,79.69425995059,60.775559300134));
#2688 = CARTESIAN_POINT('',(96.6,79.719057048936,60.844951235721));
#2689 = CARTESIAN_POINT('',(96.6,79.742621490884,60.914765321698));
#2690 = CARTESIAN_POINT('',(96.6,79.787267599275,61.055182875234));
#2691 = CARTESIAN_POINT('',(96.6,79.808349272368,61.125786363708));
#2692 = CARTESIAN_POINT('',(96.6,79.828180833925,61.196757103997));
#2693 = CARTESIAN_POINT('',(96.6,79.846754372721,61.268067415086));
#2694 = CARTESIAN_POINT('',(96.6,79.86406279674,61.339689394835));
#2695 = CARTESIAN_POINT('',(96.6,79.896136869616,61.483500445121));
#2696 = CARTESIAN_POINT('',(96.6,79.910902523251,61.55568953708));
#2697 = CARTESIAN_POINT('',(96.6,79.924390522219,61.62813407238));
#2698 = CARTESIAN_POINT('',(96.6,79.936595430189,61.700805779615));
#2699 = CARTESIAN_POINT('',(96.6,79.947512646365,61.773676239447));
#2700 = CARTESIAN_POINT('',(96.6,79.967107941659,61.922366123786));
#2701 = CARTESIAN_POINT('',(96.6,79.9756921298,61.998197946102));
#2702 = CARTESIAN_POINT('',(96.6,79.982886787512,62.0741806108));
#2703 = CARTESIAN_POINT('',(96.6,79.988688705257,62.150282293993));
#2704 = CARTESIAN_POINT('',(96.6,79.99309564636,62.226471088654));
#2705 = CARTESIAN_POINT('',(96.6,79.998701778651,62.368442519713));
#2706 = CARTESIAN_POINT('',(96.6,80.000259576878,62.434211014847));
#2707 = CARTESIAN_POINT('',(96.6,80.000778932827,62.5));
#2708 = CARTESIAN_POINT('',(96.6,80.000259576878,62.565788985154));
#2709 = CARTESIAN_POINT('',(96.6,79.998701778651,62.631557480288));
#2710 = CARTESIAN_POINT('',(96.6,79.993199463606,62.770899811232));
#2711 = CARTESIAN_POINT('',(96.6,79.988990972051,62.844463240489));
#2712 = CARTESIAN_POINT('',(96.6,79.98348200975,62.91794649127));
#2713 = CARTESIAN_POINT('',(96.6,79.976674559671,62.991320842609));
#2714 = CARTESIAN_POINT('',(96.6,79.968571450344,63.064557644453));
#2715 = CARTESIAN_POINT('',(96.6,79.949445722343,63.213308657327));
#2716 = CARTESIAN_POINT('',(96.6,79.938329167882,63.28881081477));
#2717 = CARTESIAN_POINT('',(96.6,79.925830775814,63.364103036347));
#2718 = CARTESIAN_POINT('',(96.6,79.911955591199,63.439153737118));
#2719 = CARTESIAN_POINT('',(96.6,79.896709620819,63.513931500851));
#2720 = CARTESIAN_POINT('',(96.6,79.863490045536,63.662878659194));
#2721 = CARTESIAN_POINT('',(96.6,79.84551643494,63.737048079334));
#2722 = CARTESIAN_POINT('',(96.6,79.826185971051,63.810882093177));
#2723 = CARTESIAN_POINT('',(96.6,79.8055065658,63.884349709395));
#2724 = CARTESIAN_POINT('',(96.6,79.783487073386,63.957420192598));
#2725 = CARTESIAN_POINT('',(96.6,79.737592671957,64.100201007906));
#2726 = CARTESIAN_POINT('',(96.6,79.713807918266,64.16994034413));
#2727 = CARTESIAN_POINT('',(96.6,79.688791847206,64.239253640111));
#2728 = CARTESIAN_POINT('',(96.6,79.662554072347,64.308113759059));
#2729 = CARTESIAN_POINT('',(96.6,79.635105002818,64.376493859286));
#2730 = CARTESIAN_POINT('',(96.6,79.576783499703,64.514664983537));
#2731 = CARTESIAN_POINT('',(96.6,79.545823804991,64.58441920108));
#2732 = CARTESIAN_POINT('',(96.6,79.513589209549,64.653600551826));
#2733 = CARTESIAN_POINT('',(96.6,79.48009304499,64.722179961229));
#2734 = CARTESIAN_POINT('',(96.6,79.445349524162,64.790128775216));
#2735 = CARTESIAN_POINT('',(96.6,79.373397958137,64.924708745149));
#2736 = CARTESIAN_POINT('',(96.6,79.336189900608,64.991339924161));
#2737 = CARTESIAN_POINT('',(96.6,79.297764663693,65.057284064177));
#2738 = CARTESIAN_POINT('',(96.6,79.258138181623,65.122513431436));
#2739 = CARTESIAN_POINT('',(96.6,79.217327227724,65.187000791466));
#2740 = CARTESIAN_POINT('',(96.6,79.140609154304,65.303452059404));
#2741 = CARTESIAN_POINT('',(96.6,79.105069705765,65.355658210627));
#2742 = CARTESIAN_POINT('',(96.6,79.068741049358,65.407322713497));
#2743 = CARTESIAN_POINT('',(96.6,79.031633538278,65.458430685034));
#2744 = CARTESIAN_POINT('',(96.6,78.99375789836,65.508967508527));
#2745 = CARTESIAN_POINT('',(96.6,78.90844408595,65.619276683149));
#2746 = CARTESIAN_POINT('',(96.6,78.860657614307,65.678779680466));
#2747 = CARTESIAN_POINT('',(96.6,78.811785399953,65.737402501094));
#2748 = CARTESIAN_POINT('',(96.6,78.7618477739,65.795120452708));
#2749 = CARTESIAN_POINT('',(96.6,78.71086581138,65.851909475057));
#2750 = CARTESIAN_POINT('',(96.6,78.619409656505,65.950104990476));
#2751 = CARTESIAN_POINT('',(96.6,78.579369509839,65.991915762148));
#2752 = CARTESIAN_POINT('',(96.6,78.538750414619,66.03316823063));
#2753 = CARTESIAN_POINT('',(96.6,78.497562122466,66.073852400057));
#2754 = CARTESIAN_POINT('',(96.6,78.455814613839,66.113958503038));
#2755 = CARTESIAN_POINT('',(96.6,78.367376444723,66.196588088712));
#2756 = CARTESIAN_POINT('',(96.6,78.320581420919,66.238999883948));
#2757 = CARTESIAN_POINT('',(96.6,78.273146282609,66.280700001295));
#2758 = CARTESIAN_POINT('',(96.6,78.225084585556,66.321676401937));
#2759 = CARTESIAN_POINT('',(96.6,78.176410185297,66.361917393319));
#2760 = CARTESIAN_POINT('',(96.6,78.090182525496,66.431032306451));
#2761 = CARTESIAN_POINT('',(96.6,78.052891127502,66.460232936312));
#2762 = CARTESIAN_POINT('',(96.6,78.015269013394,66.489008733398));
#2763 = CARTESIAN_POINT('',(96.6,77.97732224078,66.517355027973));
#2764 = CARTESIAN_POINT('',(96.6,77.939056954651,66.545267265899));
#2765 = CARTESIAN_POINT('',(96.6,77.480450074235,66.871872812565));
#2766 = CARTESIAN_POINT('',(96.599999999999,77.023261775217,
    67.119120720268));
#2767 = CARTESIAN_POINT('',(96.6,76.537228820156,67.308473736095));
#2768 = CARTESIAN_POINT('',(96.599999999999,76.031488646758,
    67.43618229111));
#2769 = CARTESIAN_POINT('',(96.6,75.515659247972,67.5));
#2770 = CARTESIAN_POINT('',(96.6,75.,67.5));
#2771 = PCURVE('',#2185,#2772);
#2772 = DEFINITIONAL_REPRESENTATION('',(#2773),#3086);
#2773 = B_SPLINE_CURVE_WITH_KNOTS('',6,(#2774,#2775,#2776,#2777,#2778,
    #2779,#2780,#2781,#2782,#2783,#2784,#2785,#2786,#2787,#2788,#2789,
    #2790,#2791,#2792,#2793,#2794,#2795,#2796,#2797,#2798,#2799,#2800,
    #2801,#2802,#2803,#2804,#2805,#2806,#2807,#2808,#2809,#2810,#2811,
    #2812,#2813,#2814,#2815,#2816,#2817,#2818,#2819,#2820,#2821,#2822,
    #2823,#2824,#2825,#2826,#2827,#2828,#2829,#2830,#2831,#2832,#2833,
    #2834,#2835,#2836,#2837,#2838,#2839,#2840,#2841,#2842,#2843,#2844,
    #2845,#2846,#2847,#2848,#2849,#2850,#2851,#2852,#2853,#2854,#2855,
    #2856,#2857,#2858,#2859,#2860,#2861,#2862,#2863,#2864,#2865,#2866,
    #2867,#2868,#2869,#2870,#2871,#2872,#2873,#2874,#2875,#2876,#2877,
    #2878,#2879,#2880,#2881,#2882,#2883,#2884,#2885,#2886,#2887,#2888,
    #2889,#2890,#2891,#2892,#2893,#2894,#2895,#2896,#2897,#2898,#2899,
    #2900,#2901,#2902,#2903,#2904,#2905,#2906,#2907,#2908,#2909,#2910,
    #2911,#2912,#2913,#2914,#2915,#2916,#2917,#2918,#2919,#2920,#2921,
    #2922,#2923,#2924,#2925,#2926,#2927,#2928,#2929,#2930,#2931,#2932,
    #2933,#2934,#2935,#2936,#2937,#2938,#2939,#2940,#2941,#2942,#2943,
    #2944,#2945,#2946,#2947,#2948,#2949,#2950,#2951,#2952,#2953,#2954,
    #2955,#2956,#2957,#2958,#2959,#2960,#2961,#2962,#2963,#2964,#2965,
    #2966,#2967,#2968,#2969,#2970,#2971,#2972,#2973,#2974,#2975,#2976,
    #2977,#2978,#2979,#2980,#2981,#2982,#2983,#2984,#2985,#2986,#2987,
    #2988,#2989,#2990,#2991,#2992,#2993,#2994,#2995,#2996,#2997,#2998,
    #2999,#3000,#3001,#3002,#3003,#3004,#3005,#3006,#3007,#3008,#3009,
    #3010,#3011,#3012,#3013,#3014,#3015,#3016,#3017,#3018,#3019,#3020,
    #3021,#3022,#3023,#3024,#3025,#3026,#3027,#3028,#3029,#3030,#3031,
    #3032,#3033,#3034,#3035,#3036,#3037,#3038,#3039,#3040,#3041,#3042,
    #3043,#3044,#3045,#3046,#3047,#3048,#3049,#3050,#3051,#3052,#3053,
    #3054,#3055,#3056,#3057,#3058,#3059,#3060,#3061,#3062,#3063,#3064,
    #3065,#3066,#3067,#3068,#3069,#3070,#3071,#3072,#3073,#3074,#3075,
    #3076,#3077,#3078,#3079,#3080,#3081,#3082,#3083,#3084,#3085),
  .UNSPECIFIED.,.F.,.F.,(7,5,5,5,5,5,5,5,5,5,5,5,5,5,5,5,5,5,5,5,5,5,5,5
    ,5,5,5,5,5,5,5,5,5,5,5,5,5,5,5,5,5,5,5,5,5,5,5,5,5,5,5,5,5,5,5,5,5,5
    ,5,5,5,5,7),(0.,1.206019506704E-02,2.663319343674E-02,
    4.020115758865E-02,5.477415595835E-02,6.834212011026E-02,
    8.291511847997E-02,9.547804836335E-02,0.105025875234,0.119598873603,
    0.134171871973,0.148242353241,0.162815351611,0.175880798634,
    0.190453797004,0.209046931467,0.223619929837,0.238192928207,
    0.252765926576,0.26532885646,0.276886752034,0.291459750404,
    0.306032748774,0.320605747143,0.333168677027,0.347239158294,
    0.358294536702,0.371359983726,0.385932982095,0.402516048698,
    0.415581495721,0.440707346071,0.458295446659,0.502516798791,
    0.520607416332,0.548748362267,0.564326394792,0.578899393161,
    0.596990010703,0.611563009072,0.619100767166,0.633673765536,
    0.648246763905,0.662317245173,0.673372623581,0.686940587733,
    0.701011069001,0.715081550269,0.729152031536,0.743725029906,
    0.756287959789,0.770358441057,0.784931439427,0.799504437797,
    0.813574919064,0.828147917434,0.842720915804,0.854781328537,
    0.869354326907,0.880409705315,0.892470118048,0.901515427729,1.),
  .UNSPECIFIED.);
#2774 = CARTESIAN_POINT('',(2.84217094304E-15,-3.));
#2775 = CARTESIAN_POINT('',(1.263052123746E-02,-3.));
#2776 = CARTESIAN_POINT('',(2.525999340585E-02,-3.));
#2777 = CARTESIAN_POINT('',(3.788915584155E-02,-3.));
#2778 = CARTESIAN_POINT('',(5.051840995533E-02,-3.));
#2779 = CARTESIAN_POINT('',(6.314781923239E-02,-3.));
#2780 = CARTESIAN_POINT('',(9.103777637383E-02,-3.));
#2781 = CARTESIAN_POINT('',(0.106298444343,-3.));
#2782 = CARTESIAN_POINT('',(0.121559112727,-3.));
#2783 = CARTESIAN_POINT('',(0.13681978111,-3.));
#2784 = CARTESIAN_POINT('',(0.15208044908,-3.));
#2785 = CARTESIAN_POINT('',(0.18154932372,-3.));
#2786 = CARTESIAN_POINT('',(0.195757531797,-3.));
#2787 = CARTESIAN_POINT('',(0.209965740165,-3.));
#2788 = CARTESIAN_POINT('',(0.224173948532,-3.));
#2789 = CARTESIAN_POINT('',(0.238382156609,-3.));
#2790 = CARTESIAN_POINT('',(0.267851031249,-3.));
#2791 = CARTESIAN_POINT('',(0.283111699219,-3.));
#2792 = CARTESIAN_POINT('',(0.298372367602,-3.));
#2793 = CARTESIAN_POINT('',(0.313633035986,-3.));
#2794 = CARTESIAN_POINT('',(0.328893703955,-3.));
#2795 = CARTESIAN_POINT('',(0.358362578595,-3.));
#2796 = CARTESIAN_POINT('',(0.372570786673,-3.));
#2797 = CARTESIAN_POINT('',(0.38677899504,-3.));
#2798 = CARTESIAN_POINT('',(0.400987203407,-3.));
#2799 = CARTESIAN_POINT('',(0.415195411485,-3.));
#2800 = CARTESIAN_POINT('',(0.444664286125,-3.));
#2801 = CARTESIAN_POINT('',(0.459924954094,-3.));
#2802 = CARTESIAN_POINT('',(0.475185622478,-3.));
#2803 = CARTESIAN_POINT('',(0.490446290861,-3.));
#2804 = CARTESIAN_POINT('',(0.505706958831,-3.));
#2805 = CARTESIAN_POINT('',(0.534123373774,-3.));
#2806 = CARTESIAN_POINT('',(0.547279121971,-3.));
#2807 = CARTESIAN_POINT('',(0.560434870364,-3.));
#2808 = CARTESIAN_POINT('',(0.573590618757,-3.));
#2809 = CARTESIAN_POINT('',(0.586746366954,-3.));
#2810 = CARTESIAN_POINT('',(0.609900483252,-3.));
#2811 = CARTESIAN_POINT('',(0.619898851848,-3.));
#2812 = CARTESIAN_POINT('',(0.629897220494,-3.));
#2813 = CARTESIAN_POINT('',(0.63989558914,-3.));
#2814 = CARTESIAN_POINT('',(0.649893957735,-3.));
#2815 = CARTESIAN_POINT('',(0.675152993373,-3.));
#2816 = CARTESIAN_POINT('',(0.690413661342,-3.));
#2817 = CARTESIAN_POINT('',(0.705674329726,-3.));
#2818 = CARTESIAN_POINT('',(0.720934998109,-3.));
#2819 = CARTESIAN_POINT('',(0.736195666079,-3.));
#2820 = CARTESIAN_POINT('',(0.766717000362,-3.));
#2821 = CARTESIAN_POINT('',(0.781977668331,-3.));
#2822 = CARTESIAN_POINT('',(0.797238336715,-3.));
#2823 = CARTESIAN_POINT('',(0.812499005099,-3.));
#2824 = CARTESIAN_POINT('',(0.827759673068,-3.));
#2825 = CARTESIAN_POINT('',(0.857754777537,-3.));
#2826 = CARTESIAN_POINT('',(0.872489215559,-3.));
#2827 = CARTESIAN_POINT('',(0.887223653928,-3.));
#2828 = CARTESIAN_POINT('',(0.901958092298,-3.));
#2829 = CARTESIAN_POINT('',(0.91669253032,-3.));
#2830 = CARTESIAN_POINT('',(0.946687634789,-3.));
#2831 = CARTESIAN_POINT('',(0.961948302758,-3.));
#2832 = CARTESIAN_POINT('',(0.977208971142,-3.));
#2833 = CARTESIAN_POINT('',(0.992469639525,-3.));
#2834 = CARTESIAN_POINT('',(1.007730307495,-3.));
#2835 = CARTESIAN_POINT('',(1.036672952292,-3.));
#2836 = CARTESIAN_POINT('',(1.050354930428,-3.));
#2837 = CARTESIAN_POINT('',(1.064036908804,-3.));
#2838 = CARTESIAN_POINT('',(1.077718887179,-3.));
#2839 = CARTESIAN_POINT('',(1.091400865315,-3.));
#2840 = CARTESIAN_POINT('',(1.120343510113,-3.));
#2841 = CARTESIAN_POINT('',(1.135604178082,-3.));
#2842 = CARTESIAN_POINT('',(1.150864846466,-3.));
#2843 = CARTESIAN_POINT('',(1.166125514849,-3.));
#2844 = CARTESIAN_POINT('',(1.181386182819,-3.));
#2845 = CARTESIAN_POINT('',(1.216117354861,-3.));
#2846 = CARTESIAN_POINT('',(1.23558786256,-3.));
#2847 = CARTESIAN_POINT('',(1.25505837166,-3.));
#2848 = CARTESIAN_POINT('',(1.27452888076,-3.));
#2849 = CARTESIAN_POINT('',(1.29399938846,-3.));
#2850 = CARTESIAN_POINT('',(1.328730560502,-3.));
#2851 = CARTESIAN_POINT('',(1.343991228471,-3.));
#2852 = CARTESIAN_POINT('',(1.359251896855,-3.));
#2853 = CARTESIAN_POINT('',(1.374512565238,-3.));
#2854 = CARTESIAN_POINT('',(1.389773233208,-3.));
#2855 = CARTESIAN_POINT('',(1.420294567491,-3.));
#2856 = CARTESIAN_POINT('',(1.43555523546,-3.));
#2857 = CARTESIAN_POINT('',(1.450815903844,-3.));
#2858 = CARTESIAN_POINT('',(1.466076572227,-3.));
#2859 = CARTESIAN_POINT('',(1.481337240197,-3.));
#2860 = CARTESIAN_POINT('',(1.51185857448,-3.));
#2861 = CARTESIAN_POINT('',(1.527119242449,-3.));
#2862 = CARTESIAN_POINT('',(1.542379910833,-3.));
#2863 = CARTESIAN_POINT('',(1.557640579216,-3.));
#2864 = CARTESIAN_POINT('',(1.572901247186,-3.));
#2865 = CARTESIAN_POINT('',(1.601317662129,-3.));
#2866 = CARTESIAN_POINT('',(1.614473410326,-3.));
#2867 = CARTESIAN_POINT('',(1.627629158719,-3.));
#2868 = CARTESIAN_POINT('',(1.640784907113,-3.));
#2869 = CARTESIAN_POINT('',(1.653940655309,-3.));
#2870 = CARTESIAN_POINT('',(1.679199691175,-3.));
#2871 = CARTESIAN_POINT('',(1.691302979498,-3.));
#2872 = CARTESIAN_POINT('',(1.703406267951,-3.));
#2873 = CARTESIAN_POINT('',(1.715509556405,-3.));
#2874 = CARTESIAN_POINT('',(1.727612844728,-3.));
#2875 = CARTESIAN_POINT('',(1.754976799933,-3.));
#2876 = CARTESIAN_POINT('',(1.770237467903,-3.));
#2877 = CARTESIAN_POINT('',(1.785498136286,-3.));
#2878 = CARTESIAN_POINT('',(1.80075880467,-3.));
#2879 = CARTESIAN_POINT('',(1.816019472639,-3.));
#2880 = CARTESIAN_POINT('',(1.846540806922,-3.));
#2881 = CARTESIAN_POINT('',(1.861801474892,-3.));
#2882 = CARTESIAN_POINT('',(1.877062143275,-3.));
#2883 = CARTESIAN_POINT('',(1.892322811659,-3.));
#2884 = CARTESIAN_POINT('',(1.907583479629,-3.));
#2885 = CARTESIAN_POINT('',(1.938104813912,-3.));
#2886 = CARTESIAN_POINT('',(1.953365481881,-3.));
#2887 = CARTESIAN_POINT('',(1.968626150265,-3.));
#2888 = CARTESIAN_POINT('',(1.983886818648,-3.));
#2889 = CARTESIAN_POINT('',(1.999147486618,-3.));
#2890 = CARTESIAN_POINT('',(2.027563901561,-3.));
#2891 = CARTESIAN_POINT('',(2.040719649757,-3.));
#2892 = CARTESIAN_POINT('',(2.053875398151,-3.));
#2893 = CARTESIAN_POINT('',(2.067031146544,-3.));
#2894 = CARTESIAN_POINT('',(2.080186894741,-3.));
#2895 = CARTESIAN_POINT('',(2.10807707987,-3.));
#2896 = CARTESIAN_POINT('',(2.122811517892,-3.));
#2897 = CARTESIAN_POINT('',(2.137545956262,-3.));
#2898 = CARTESIAN_POINT('',(2.152280394631,-3.));
#2899 = CARTESIAN_POINT('',(2.167014832653,-3.));
#2900 = CARTESIAN_POINT('',(2.193326328162,-3.));
#2901 = CARTESIAN_POINT('',(2.204903386552,-3.));
#2902 = CARTESIAN_POINT('',(2.216480445045,-3.));
#2903 = CARTESIAN_POINT('',(2.228057503539,-3.));
#2904 = CARTESIAN_POINT('',(2.239634561928,-3.));
#2905 = CARTESIAN_POINT('',(2.264893597766,-3.));
#2906 = CARTESIAN_POINT('',(2.278575575902,-3.));
#2907 = CARTESIAN_POINT('',(2.292257554278,-3.));
#2908 = CARTESIAN_POINT('',(2.305939532653,-3.));
#2909 = CARTESIAN_POINT('',(2.319621510789,-3.));
#2910 = CARTESIAN_POINT('',(2.348564155587,-3.));
#2911 = CARTESIAN_POINT('',(2.363824823556,-3.));
#2912 = CARTESIAN_POINT('',(2.37908549194,-3.));
#2913 = CARTESIAN_POINT('',(2.394346160323,-3.));
#2914 = CARTESIAN_POINT('',(2.409606828293,-3.));
#2915 = CARTESIAN_POINT('',(2.44223308165,-3.));
#2916 = CARTESIAN_POINT('',(2.459598669446,-3.));
#2917 = CARTESIAN_POINT('',(2.476964258031,-3.));
#2918 = CARTESIAN_POINT('',(2.494329846617,-3.));
#2919 = CARTESIAN_POINT('',(2.511695434413,-3.));
#2920 = CARTESIAN_POINT('',(2.542742998285,-3.));
#2921 = CARTESIAN_POINT('',(2.55642497642,-3.));
#2922 = CARTESIAN_POINT('',(2.570106954796,-3.));
#2923 = CARTESIAN_POINT('',(2.583788933172,-3.));
#2924 = CARTESIAN_POINT('',(2.597470911307,-3.));
#2925 = CARTESIAN_POINT('',(2.637464374706,-3.));
#2926 = CARTESIAN_POINT('',(2.663775873071,-3.));
#2927 = CARTESIAN_POINT('',(2.690087377747,-3.));
#2928 = CARTESIAN_POINT('',(2.716398882423,-3.));
#2929 = CARTESIAN_POINT('',(2.742710380788,-3.));
#2930 = CARTESIAN_POINT('',(2.787439912147,-3.));
#2931 = CARTESIAN_POINT('',(2.805857959883,-3.));
#2932 = CARTESIAN_POINT('',(2.824276008679,-3.));
#2933 = CARTESIAN_POINT('',(2.842694057476,-3.));
#2934 = CARTESIAN_POINT('',(2.861112105212,-3.));
#2935 = CARTESIAN_POINT('',(2.925838214433,-3.));
#2936 = CARTESIAN_POINT('',(2.972146890754,-3.));
#2937 = CARTESIAN_POINT('',(3.018454851087,-3.));
#2938 = CARTESIAN_POINT('',(3.06476281142,-3.));
#2939 = CARTESIAN_POINT('',(3.111071487741,-3.));
#2940 = CARTESIAN_POINT('',(3.17632382662,-3.));
#2941 = CARTESIAN_POINT('',(3.195268104335,-3.));
#2942 = CARTESIAN_POINT('',(3.214212383271,-3.));
#2943 = CARTESIAN_POINT('',(3.233156662206,-3.));
#2944 = CARTESIAN_POINT('',(3.252100939921,-3.));
#2945 = CARTESIAN_POINT('',(3.300514072466,-3.));
#2946 = CARTESIAN_POINT('',(3.329982951987,-3.));
#2947 = CARTESIAN_POINT('',(3.359451842633,-3.));
#2948 = CARTESIAN_POINT('',(3.388920733279,-3.));
#2949 = CARTESIAN_POINT('',(3.418389612799,-3.));
#2950 = CARTESIAN_POINT('',(3.464171596789,-3.));
#2951 = CARTESIAN_POINT('',(3.480484724664,-3.));
#2952 = CARTESIAN_POINT('',(3.496797853116,-3.));
#2953 = CARTESIAN_POINT('',(3.513110981569,-3.));
#2954 = CARTESIAN_POINT('',(3.529424109443,-3.));
#2955 = CARTESIAN_POINT('',(3.560997903304,-3.));
#2956 = CARTESIAN_POINT('',(3.576258571273,-3.));
#2957 = CARTESIAN_POINT('',(3.591519239657,-3.));
#2958 = CARTESIAN_POINT('',(3.60677990804,-3.));
#2959 = CARTESIAN_POINT('',(3.62204057601,-3.));
#2960 = CARTESIAN_POINT('',(3.656245518425,-3.));
#2961 = CARTESIAN_POINT('',(3.67518979614,-3.));
#2962 = CARTESIAN_POINT('',(3.694134075075,-3.));
#2963 = CARTESIAN_POINT('',(3.713078354011,-3.));
#2964 = CARTESIAN_POINT('',(3.732022631726,-3.));
#2965 = CARTESIAN_POINT('',(3.766227574141,-3.));
#2966 = CARTESIAN_POINT('',(3.781488242111,-3.));
#2967 = CARTESIAN_POINT('',(3.796748910494,-3.));
#2968 = CARTESIAN_POINT('',(3.812009578878,-3.));
#2969 = CARTESIAN_POINT('',(3.827270246847,-3.));
#2970 = CARTESIAN_POINT('',(3.850424362842,-3.));
#2971 = CARTESIAN_POINT('',(3.858317811725,-3.));
#2972 = CARTESIAN_POINT('',(3.866211260624,-3.));
#2973 = CARTESIAN_POINT('',(3.874104709523,-3.));
#2974 = CARTESIAN_POINT('',(3.881998158406,-3.));
#2975 = CARTESIAN_POINT('',(3.9051522744,-3.));
#2976 = CARTESIAN_POINT('',(3.92041294237,-3.));
#2977 = CARTESIAN_POINT('',(3.935673610753,-3.));
#2978 = CARTESIAN_POINT('',(3.950934279137,-3.));
#2979 = CARTESIAN_POINT('',(3.966194947107,-3.));
#2980 = CARTESIAN_POINT('',(3.99671628139,-3.));
#2981 = CARTESIAN_POINT('',(4.011976949359,-3.));
#2982 = CARTESIAN_POINT('',(4.027237617743,-3.));
#2983 = CARTESIAN_POINT('',(4.042498286126,-3.));
#2984 = CARTESIAN_POINT('',(4.057758954096,-3.));
#2985 = CARTESIAN_POINT('',(4.087754058564,-3.));
#2986 = CARTESIAN_POINT('',(4.102488496586,-3.));
#2987 = CARTESIAN_POINT('',(4.117222934956,-3.));
#2988 = CARTESIAN_POINT('',(4.131957373325,-3.));
#2989 = CARTESIAN_POINT('',(4.146691811347,-3.));
#2990 = CARTESIAN_POINT('',(4.173003306856,-3.));
#2991 = CARTESIAN_POINT('',(4.184580365246,-3.));
#2992 = CARTESIAN_POINT('',(4.19615742374,-3.));
#2993 = CARTESIAN_POINT('',(4.207734482233,-3.));
#2994 = CARTESIAN_POINT('',(4.219311540623,-3.));
#2995 = CARTESIAN_POINT('',(4.245096806303,-3.));
#2996 = CARTESIAN_POINT('',(4.25930501438,-3.));
#2997 = CARTESIAN_POINT('',(4.273513222748,-3.));
#2998 = CARTESIAN_POINT('',(4.287721431115,-3.));
#2999 = CARTESIAN_POINT('',(4.301929639192,-3.));
#3000 = CARTESIAN_POINT('',(4.330872284018,-3.));
#3001 = CARTESIAN_POINT('',(4.34560672204,-3.));
#3002 = CARTESIAN_POINT('',(4.36034116041,-3.));
#3003 = CARTESIAN_POINT('',(4.375075598779,-3.));
#3004 = CARTESIAN_POINT('',(4.389810036801,-3.));
#3005 = CARTESIAN_POINT('',(4.419278911456,-3.));
#3006 = CARTESIAN_POINT('',(4.434013349478,-3.));
#3007 = CARTESIAN_POINT('',(4.448747787847,-3.));
#3008 = CARTESIAN_POINT('',(4.463482226217,-3.));
#3009 = CARTESIAN_POINT('',(4.478216664239,-3.));
#3010 = CARTESIAN_POINT('',(4.507685538894,-3.));
#3011 = CARTESIAN_POINT('',(4.522419976916,-3.));
#3012 = CARTESIAN_POINT('',(4.537154415285,-3.));
#3013 = CARTESIAN_POINT('',(4.551888853654,-3.));
#3014 = CARTESIAN_POINT('',(4.566623291677,-3.));
#3015 = CARTESIAN_POINT('',(4.596618396145,-3.));
#3016 = CARTESIAN_POINT('',(4.611879064115,-3.));
#3017 = CARTESIAN_POINT('',(4.627139732498,-3.));
#3018 = CARTESIAN_POINT('',(4.642400400882,-3.));
#3019 = CARTESIAN_POINT('',(4.657661068851,-3.));
#3020 = CARTESIAN_POINT('',(4.686077483795,-3.));
#3021 = CARTESIAN_POINT('',(4.699233231991,-3.));
#3022 = CARTESIAN_POINT('',(4.712388980385,-3.));
#3023 = CARTESIAN_POINT('',(4.725544728778,-3.));
#3024 = CARTESIAN_POINT('',(4.738700476974,-3.));
#3025 = CARTESIAN_POINT('',(4.766590662104,-3.));
#3026 = CARTESIAN_POINT('',(4.781325100126,-3.));
#3027 = CARTESIAN_POINT('',(4.796059538495,-3.));
#3028 = CARTESIAN_POINT('',(4.810793976865,-3.));
#3029 = CARTESIAN_POINT('',(4.825528414887,-3.));
#3030 = CARTESIAN_POINT('',(4.855523519356,-3.));
#3031 = CARTESIAN_POINT('',(4.870784187325,-3.));
#3032 = CARTESIAN_POINT('',(4.886044855709,-3.));
#3033 = CARTESIAN_POINT('',(4.901305524092,-3.));
#3034 = CARTESIAN_POINT('',(4.916566192062,-3.));
#3035 = CARTESIAN_POINT('',(4.947087526345,-3.));
#3036 = CARTESIAN_POINT('',(4.962348194314,-3.));
#3037 = CARTESIAN_POINT('',(4.977608862698,-3.));
#3038 = CARTESIAN_POINT('',(4.992869531081,-3.));
#3039 = CARTESIAN_POINT('',(5.008130199051,-3.));
#3040 = CARTESIAN_POINT('',(5.03812530352,-3.));
#3041 = CARTESIAN_POINT('',(5.052859741542,-3.));
#3042 = CARTESIAN_POINT('',(5.067594179911,-3.));
#3043 = CARTESIAN_POINT('',(5.082328618281,-3.));
#3044 = CARTESIAN_POINT('',(5.097063056303,-3.));
#3045 = CARTESIAN_POINT('',(5.127058160772,-3.));
#3046 = CARTESIAN_POINT('',(5.142318828741,-3.));
#3047 = CARTESIAN_POINT('',(5.157579497125,-3.));
#3048 = CARTESIAN_POINT('',(5.172840165508,-3.));
#3049 = CARTESIAN_POINT('',(5.188100833478,-3.));
#3050 = CARTESIAN_POINT('',(5.218622167761,-3.));
#3051 = CARTESIAN_POINT('',(5.23388283573,-3.));
#3052 = CARTESIAN_POINT('',(5.249143504114,-3.));
#3053 = CARTESIAN_POINT('',(5.264404172497,-3.));
#3054 = CARTESIAN_POINT('',(5.279664840467,-3.));
#3055 = CARTESIAN_POINT('',(5.307555025546,-3.));
#3056 = CARTESIAN_POINT('',(5.320184543805,-3.));
#3057 = CARTESIAN_POINT('',(5.332814062224,-3.));
#3058 = CARTESIAN_POINT('',(5.345443580644,-3.));
#3059 = CARTESIAN_POINT('',(5.358073098903,-3.));
#3060 = CARTESIAN_POINT('',(5.385963283982,-3.));
#3061 = CARTESIAN_POINT('',(5.401223951952,-3.));
#3062 = CARTESIAN_POINT('',(5.416484620335,-3.));
#3063 = CARTESIAN_POINT('',(5.431745288719,-3.));
#3064 = CARTESIAN_POINT('',(5.447005956688,-3.));
#3065 = CARTESIAN_POINT('',(5.473843682011,-3.));
#3066 = CARTESIAN_POINT('',(5.485420740401,-3.));
#3067 = CARTESIAN_POINT('',(5.496997798894,-3.));
#3068 = CARTESIAN_POINT('',(5.508574857388,-3.));
#3069 = CARTESIAN_POINT('',(5.520151915778,-3.));
#3070 = CARTESIAN_POINT('',(5.544358491897,-3.));
#3071 = CARTESIAN_POINT('',(5.556988010156,-3.));
#3072 = CARTESIAN_POINT('',(5.569617528575,-3.));
#3073 = CARTESIAN_POINT('',(5.582247046995,-3.));
#3074 = CARTESIAN_POINT('',(5.594876565254,-3.));
#3075 = CARTESIAN_POINT('',(5.616978221782,-3.));
#3076 = CARTESIAN_POINT('',(5.626450360449,-3.));
#3077 = CARTESIAN_POINT('',(5.635922499154,-3.));
#3078 = CARTESIAN_POINT('',(5.645394637859,-3.));
#3079 = CARTESIAN_POINT('',(5.654866776525,-3.));
#3080 = CARTESIAN_POINT('',(5.76747076471,-3.));
#3081 = CARTESIAN_POINT('',(5.870635886575,-3.));
#3082 = CARTESIAN_POINT('',(5.973762111147,-3.));
#3083 = CARTESIAN_POINT('',(6.076888335721,-3.));
#3084 = CARTESIAN_POINT('',(6.180053457585,-3.));
#3085 = CARTESIAN_POINT('',(6.28318530718,-3.));
#3086 = ( GEOMETRIC_REPRESENTATION_CONTEXT(2) 
PARAMETRIC_REPRESENTATION_CONTEXT() REPRESENTATION_CONTEXT('2D SPACE',''
  ) );
#3087 = PCURVE('',#3088,#3093);
#3088 = CYLINDRICAL_SURFACE('',#3089,5.);
#3089 = AXIS2_PLACEMENT_3D('',#3090,#3091,#3092);
#3090 = CARTESIAN_POINT('',(98.39218452154,75.,62.5));
#3091 = DIRECTION('',(1.,0.,-0.));
#3092 = DIRECTION('',(0.,0.,1.));
#3093 = DEFINITIONAL_REPRESENTATION('',(#3094),#3407);
#3094 = B_SPLINE_CURVE_WITH_KNOTS('',6,(#3095,#3096,#3097,#3098,#3099,
    #3100,#3101,#3102,#3103,#3104,#3105,#3106,#3107,#3108,#3109,#3110,
    #3111,#3112,#3113,#3114,#3115,#3116,#3117,#3118,#3119,#3120,#3121,
    #3122,#3123,#3124,#3125,#3126,#3127,#3128,#3129,#3130,#3131,#3132,
    #3133,#3134,#3135,#3136,#3137,#3138,#3139,#3140,#3141,#3142,#3143,
    #3144,#3145,#3146,#3147,#3148,#3149,#3150,#3151,#3152,#3153,#3154,
    #3155,#3156,#3157,#3158,#3159,#3160,#3161,#3162,#3163,#3164,#3165,
    #3166,#3167,#3168,#3169,#3170,#3171,#3172,#3173,#3174,#3175,#3176,
    #3177,#3178,#3179,#3180,#3181,#3182,#3183,#3184,#3185,#3186,#3187,
    #3188,#3189,#3190,#3191,#3192,#3193,#3194,#3195,#3196,#3197,#3198,
    #3199,#3200,#3201,#3202,#3203,#3204,#3205,#3206,#3207,#3208,#3209,
    #3210,#3211,#3212,#3213,#3214,#3215,#3216,#3217,#3218,#3219,#3220,
    #3221,#3222,#3223,#3224,#3225,#3226,#3227,#3228,#3229,#3230,#3231,
    #3232,#3233,#3234,#3235,#3236,#3237,#3238,#3239,#3240,#3241,#3242,
    #3243,#3244,#3245,#3246,#3247,#3248,#3249,#3250,#3251,#3252,#3253,
    #3254,#3255,#3256,#3257,#3258,#3259,#3260,#3261,#3262,#3263,#3264,
    #3265,#3266,#3267,#3268,#3269,#3270,#3271,#3272,#3273,#3274,#3275,
    #3276,#3277,#3278,#3279,#3280,#3281,#3282,#3283,#3284,#3285,#3286,
    #3287,#3288,#3289,#3290,#3291,#3292,#3293,#3294,#3295,#3296,#3297,
    #3298,#3299,#3300,#3301,#3302,#3303,#3304,#3305,#3306,#3307,#3308,
    #3309,#3310,#3311,#3312,#3313,#3314,#3315,#3316,#3317,#3318,#3319,
    #3320,#3321,#3322,#3323,#3324,#3325,#3326,#3327,#3328,#3329,#3330,
    #3331,#3332,#3333,#3334,#3335,#3336,#3337,#3338,#3339,#3340,#3341,
    #3342,#3343,#3344,#3345,#3346,#3347,#3348,#3349,#3350,#3351,#3352,
    #3353,#3354,#3355,#3356,#3357,#3358,#3359,#3360,#3361,#3362,#3363,
    #3364,#3365,#3366,#3367,#3368,#3369,#3370,#3371,#3372,#3373,#3374,
    #3375,#3376,#3377,#3378,#3379,#3380,#3381,#3382,#3383,#3384,#3385,
    #3386,#3387,#3388,#3389,#3390,#3391,#3392,#3393,#3394,#3395,#3396,
    #3397,#3398,#3399,#3400,#3401,#3402,#3403,#3404,#3405,#3406),
  .UNSPECIFIED.,.F.,.F.,(7,5,5,5,5,5,5,5,5,5,5,5,5,5,5,5,5,5,5,5,5,5,5,5
    ,5,5,5,5,5,5,5,5,5,5,5,5,5,5,5,5,5,5,5,5,5,5,5,5,5,5,5,5,5,5,5,5,5,5
    ,5,5,5,5,7),(0.,1.206019506704E-02,2.663319343674E-02,
    4.020115758865E-02,5.477415595835E-02,6.834212011026E-02,
    8.291511847997E-02,9.547804836335E-02,0.105025875234,0.119598873603,
    0.134171871973,0.148242353241,0.162815351611,0.175880798634,
    0.190453797004,0.209046931467,0.223619929837,0.238192928207,
    0.252765926576,0.26532885646,0.276886752034,0.291459750404,
    0.306032748774,0.320605747143,0.333168677027,0.347239158294,
    0.358294536702,0.371359983726,0.385932982095,0.402516048698,
    0.415581495721,0.440707346071,0.458295446659,0.502516798791,
    0.520607416332,0.548748362267,0.564326394792,0.578899393161,
    0.596990010703,0.611563009072,0.619100767166,0.633673765536,
    0.648246763905,0.662317245173,0.673372623581,0.686940587733,
    0.701011069001,0.715081550269,0.729152031536,0.743725029906,
    0.756287959789,0.770358441057,0.784931439427,0.799504437797,
    0.813574919064,0.828147917434,0.842720915804,0.854781328537,
    0.869354326907,0.880409705315,0.892470118048,0.901515427729,1.),
  .UNSPECIFIED.);
#3095 = CARTESIAN_POINT('',(0.,-1.792184521541));
#3096 = CARTESIAN_POINT('',(1.263052123745E-02,-1.792184521541));
#3097 = CARTESIAN_POINT('',(2.525999340585E-02,-1.792184521541));
#3098 = CARTESIAN_POINT('',(3.788915584155E-02,-1.792184521541));
#3099 = CARTESIAN_POINT('',(5.051840995533E-02,-1.792184521541));
#3100 = CARTESIAN_POINT('',(6.314781923238E-02,-1.792184521541));
#3101 = CARTESIAN_POINT('',(9.103777637382E-02,-1.792184521541));
#3102 = CARTESIAN_POINT('',(0.106298444343,-1.792184521541));
#3103 = CARTESIAN_POINT('',(0.121559112727,-1.792184521541));
#3104 = CARTESIAN_POINT('',(0.13681978111,-1.792184521541));
#3105 = CARTESIAN_POINT('',(0.15208044908,-1.792184521541));
#3106 = CARTESIAN_POINT('',(0.18154932372,-1.792184521541));
#3107 = CARTESIAN_POINT('',(0.195757531797,-1.792184521541));
#3108 = CARTESIAN_POINT('',(0.209965740165,-1.792184521541));
#3109 = CARTESIAN_POINT('',(0.224173948532,-1.792184521541));
#3110 = CARTESIAN_POINT('',(0.238382156609,-1.792184521541));
#3111 = CARTESIAN_POINT('',(0.267851031249,-1.792184521541));
#3112 = CARTESIAN_POINT('',(0.283111699219,-1.792184521541));
#3113 = CARTESIAN_POINT('',(0.298372367602,-1.792184521541));
#3114 = CARTESIAN_POINT('',(0.313633035986,-1.792184521541));
#3115 = CARTESIAN_POINT('',(0.328893703955,-1.792184521541));
#3116 = CARTESIAN_POINT('',(0.358362578595,-1.792184521541));
#3117 = CARTESIAN_POINT('',(0.372570786673,-1.792184521541));
#3118 = CARTESIAN_POINT('',(0.38677899504,-1.792184521541));
#3119 = CARTESIAN_POINT('',(0.400987203407,-1.792184521541));
#3120 = CARTESIAN_POINT('',(0.415195411485,-1.792184521541));
#3121 = CARTESIAN_POINT('',(0.444664286125,-1.792184521541));
#3122 = CARTESIAN_POINT('',(0.459924954094,-1.792184521541));
#3123 = CARTESIAN_POINT('',(0.475185622478,-1.792184521541));
#3124 = CARTESIAN_POINT('',(0.490446290861,-1.792184521541));
#3125 = CARTESIAN_POINT('',(0.505706958831,-1.792184521541));
#3126 = CARTESIAN_POINT('',(0.534123373774,-1.792184521541));
#3127 = CARTESIAN_POINT('',(0.547279121971,-1.792184521541));
#3128 = CARTESIAN_POINT('',(0.560434870364,-1.792184521541));
#3129 = CARTESIAN_POINT('',(0.573590618757,-1.792184521541));
#3130 = CARTESIAN_POINT('',(0.586746366954,-1.792184521541));
#3131 = CARTESIAN_POINT('',(0.609900483252,-1.792184521541));
#3132 = CARTESIAN_POINT('',(0.619898851848,-1.792184521541));
#3133 = CARTESIAN_POINT('',(0.629897220494,-1.792184521541));
#3134 = CARTESIAN_POINT('',(0.63989558914,-1.792184521541));
#3135 = CARTESIAN_POINT('',(0.649893957735,-1.792184521541));
#3136 = CARTESIAN_POINT('',(0.675152993373,-1.792184521541));
#3137 = CARTESIAN_POINT('',(0.690413661342,-1.792184521541));
#3138 = CARTESIAN_POINT('',(0.705674329726,-1.792184521541));
#3139 = CARTESIAN_POINT('',(0.720934998109,-1.792184521541));
#3140 = CARTESIAN_POINT('',(0.736195666079,-1.792184521541));
#3141 = CARTESIAN_POINT('',(0.766717000362,-1.792184521541));
#3142 = CARTESIAN_POINT('',(0.781977668331,-1.792184521541));
#3143 = CARTESIAN_POINT('',(0.797238336715,-1.792184521541));
#3144 = CARTESIAN_POINT('',(0.812499005099,-1.792184521541));
#3145 = CARTESIAN_POINT('',(0.827759673068,-1.792184521541));
#3146 = CARTESIAN_POINT('',(0.857754777537,-1.792184521541));
#3147 = CARTESIAN_POINT('',(0.872489215559,-1.792184521541));
#3148 = CARTESIAN_POINT('',(0.887223653928,-1.792184521541));
#3149 = CARTESIAN_POINT('',(0.901958092298,-1.792184521541));
#3150 = CARTESIAN_POINT('',(0.91669253032,-1.792184521541));
#3151 = CARTESIAN_POINT('',(0.946687634789,-1.792184521541));
#3152 = CARTESIAN_POINT('',(0.961948302758,-1.792184521541));
#3153 = CARTESIAN_POINT('',(0.977208971142,-1.792184521541));
#3154 = CARTESIAN_POINT('',(0.992469639525,-1.792184521541));
#3155 = CARTESIAN_POINT('',(1.007730307495,-1.792184521541));
#3156 = CARTESIAN_POINT('',(1.036672952292,-1.792184521541));
#3157 = CARTESIAN_POINT('',(1.050354930428,-1.792184521541));
#3158 = CARTESIAN_POINT('',(1.064036908804,-1.792184521541));
#3159 = CARTESIAN_POINT('',(1.077718887179,-1.792184521541));
#3160 = CARTESIAN_POINT('',(1.091400865315,-1.792184521541));
#3161 = CARTESIAN_POINT('',(1.120343510113,-1.792184521541));
#3162 = CARTESIAN_POINT('',(1.135604178082,-1.792184521541));
#3163 = CARTESIAN_POINT('',(1.150864846466,-1.792184521541));
#3164 = CARTESIAN_POINT('',(1.166125514849,-1.792184521541));
#3165 = CARTESIAN_POINT('',(1.181386182819,-1.792184521541));
#3166 = CARTESIAN_POINT('',(1.216117354861,-1.792184521541));
#3167 = CARTESIAN_POINT('',(1.23558786256,-1.792184521541));
#3168 = CARTESIAN_POINT('',(1.25505837166,-1.792184521541));
#3169 = CARTESIAN_POINT('',(1.27452888076,-1.792184521541));
#3170 = CARTESIAN_POINT('',(1.29399938846,-1.792184521541));
#3171 = CARTESIAN_POINT('',(1.328730560502,-1.792184521541));
#3172 = CARTESIAN_POINT('',(1.343991228471,-1.792184521541));
#3173 = CARTESIAN_POINT('',(1.359251896855,-1.792184521541));
#3174 = CARTESIAN_POINT('',(1.374512565238,-1.792184521541));
#3175 = CARTESIAN_POINT('',(1.389773233208,-1.792184521541));
#3176 = CARTESIAN_POINT('',(1.420294567491,-1.792184521541));
#3177 = CARTESIAN_POINT('',(1.43555523546,-1.792184521541));
#3178 = CARTESIAN_POINT('',(1.450815903844,-1.792184521541));
#3179 = CARTESIAN_POINT('',(1.466076572227,-1.792184521541));
#3180 = CARTESIAN_POINT('',(1.481337240197,-1.792184521541));
#3181 = CARTESIAN_POINT('',(1.51185857448,-1.792184521541));
#3182 = CARTESIAN_POINT('',(1.527119242449,-1.792184521541));
#3183 = CARTESIAN_POINT('',(1.542379910833,-1.792184521541));
#3184 = CARTESIAN_POINT('',(1.557640579216,-1.792184521541));
#3185 = CARTESIAN_POINT('',(1.572901247186,-1.792184521541));
#3186 = CARTESIAN_POINT('',(1.601317662129,-1.792184521541));
#3187 = CARTESIAN_POINT('',(1.614473410326,-1.792184521541));
#3188 = CARTESIAN_POINT('',(1.627629158719,-1.792184521541));
#3189 = CARTESIAN_POINT('',(1.640784907113,-1.792184521541));
#3190 = CARTESIAN_POINT('',(1.653940655309,-1.792184521541));
#3191 = CARTESIAN_POINT('',(1.679199691175,-1.792184521541));
#3192 = CARTESIAN_POINT('',(1.691302979498,-1.792184521541));
#3193 = CARTESIAN_POINT('',(1.703406267951,-1.792184521541));
#3194 = CARTESIAN_POINT('',(1.715509556405,-1.792184521541));
#3195 = CARTESIAN_POINT('',(1.727612844728,-1.792184521541));
#3196 = CARTESIAN_POINT('',(1.754976799933,-1.792184521541));
#3197 = CARTESIAN_POINT('',(1.770237467903,-1.792184521541));
#3198 = CARTESIAN_POINT('',(1.785498136286,-1.792184521541));
#3199 = CARTESIAN_POINT('',(1.80075880467,-1.792184521541));
#3200 = CARTESIAN_POINT('',(1.816019472639,-1.792184521541));
#3201 = CARTESIAN_POINT('',(1.846540806922,-1.792184521541));
#3202 = CARTESIAN_POINT('',(1.861801474892,-1.792184521541));
#3203 = CARTESIAN_POINT('',(1.877062143275,-1.792184521541));
#3204 = CARTESIAN_POINT('',(1.892322811659,-1.792184521541));
#3205 = CARTESIAN_POINT('',(1.907583479629,-1.792184521541));
#3206 = CARTESIAN_POINT('',(1.938104813912,-1.792184521541));
#3207 = CARTESIAN_POINT('',(1.953365481881,-1.792184521541));
#3208 = CARTESIAN_POINT('',(1.968626150265,-1.792184521541));
#3209 = CARTESIAN_POINT('',(1.983886818648,-1.792184521541));
#3210 = CARTESIAN_POINT('',(1.999147486618,-1.792184521541));
#3211 = CARTESIAN_POINT('',(2.027563901561,-1.792184521541));
#3212 = CARTESIAN_POINT('',(2.040719649757,-1.792184521541));
#3213 = CARTESIAN_POINT('',(2.053875398151,-1.792184521541));
#3214 = CARTESIAN_POINT('',(2.067031146544,-1.792184521541));
#3215 = CARTESIAN_POINT('',(2.080186894741,-1.792184521541));
#3216 = CARTESIAN_POINT('',(2.10807707987,-1.792184521541));
#3217 = CARTESIAN_POINT('',(2.122811517892,-1.792184521541));
#3218 = CARTESIAN_POINT('',(2.137545956262,-1.792184521541));
#3219 = CARTESIAN_POINT('',(2.152280394631,-1.792184521541));
#3220 = CARTESIAN_POINT('',(2.167014832653,-1.792184521541));
#3221 = CARTESIAN_POINT('',(2.193326328162,-1.792184521541));
#3222 = CARTESIAN_POINT('',(2.204903386552,-1.792184521541));
#3223 = CARTESIAN_POINT('',(2.216480445045,-1.792184521541));
#3224 = CARTESIAN_POINT('',(2.228057503539,-1.792184521541));
#3225 = CARTESIAN_POINT('',(2.239634561928,-1.792184521541));
#3226 = CARTESIAN_POINT('',(2.264893597766,-1.792184521541));
#3227 = CARTESIAN_POINT('',(2.278575575902,-1.792184521541));
#3228 = CARTESIAN_POINT('',(2.292257554278,-1.792184521541));
#3229 = CARTESIAN_POINT('',(2.305939532653,-1.792184521541));
#3230 = CARTESIAN_POINT('',(2.319621510789,-1.792184521541));
#3231 = CARTESIAN_POINT('',(2.348564155587,-1.792184521541));
#3232 = CARTESIAN_POINT('',(2.363824823556,-1.792184521541));
#3233 = CARTESIAN_POINT('',(2.37908549194,-1.792184521541));
#3234 = CARTESIAN_POINT('',(2.394346160323,-1.792184521541));
#3235 = CARTESIAN_POINT('',(2.409606828293,-1.792184521541));
#3236 = CARTESIAN_POINT('',(2.44223308165,-1.792184521541));
#3237 = CARTESIAN_POINT('',(2.459598669446,-1.792184521541));
#3238 = CARTESIAN_POINT('',(2.476964258031,-1.792184521541));
#3239 = CARTESIAN_POINT('',(2.494329846617,-1.792184521541));
#3240 = CARTESIAN_POINT('',(2.511695434413,-1.792184521541));
#3241 = CARTESIAN_POINT('',(2.542742998285,-1.792184521541));
#3242 = CARTESIAN_POINT('',(2.55642497642,-1.792184521541));
#3243 = CARTESIAN_POINT('',(2.570106954796,-1.792184521541));
#3244 = CARTESIAN_POINT('',(2.583788933172,-1.792184521541));
#3245 = CARTESIAN_POINT('',(2.597470911307,-1.792184521541));
#3246 = CARTESIAN_POINT('',(2.637464374706,-1.792184521541));
#3247 = CARTESIAN_POINT('',(2.663775873071,-1.792184521541));
#3248 = CARTESIAN_POINT('',(2.690087377747,-1.792184521541));
#3249 = CARTESIAN_POINT('',(2.716398882423,-1.792184521541));
#3250 = CARTESIAN_POINT('',(2.742710380788,-1.792184521541));
#3251 = CARTESIAN_POINT('',(2.787439912147,-1.792184521541));
#3252 = CARTESIAN_POINT('',(2.805857959883,-1.792184521541));
#3253 = CARTESIAN_POINT('',(2.824276008679,-1.792184521541));
#3254 = CARTESIAN_POINT('',(2.842694057476,-1.792184521541));
#3255 = CARTESIAN_POINT('',(2.861112105212,-1.792184521541));
#3256 = CARTESIAN_POINT('',(2.925838214433,-1.792184521541));
#3257 = CARTESIAN_POINT('',(2.972146890754,-1.792184521541));
#3258 = CARTESIAN_POINT('',(3.018454851087,-1.792184521541));
#3259 = CARTESIAN_POINT('',(3.06476281142,-1.792184521541));
#3260 = CARTESIAN_POINT('',(3.111071487741,-1.792184521541));
#3261 = CARTESIAN_POINT('',(3.17632382662,-1.792184521541));
#3262 = CARTESIAN_POINT('',(3.195268104335,-1.792184521541));
#3263 = CARTESIAN_POINT('',(3.214212383271,-1.792184521541));
#3264 = CARTESIAN_POINT('',(3.233156662206,-1.792184521541));
#3265 = CARTESIAN_POINT('',(3.252100939921,-1.792184521541));
#3266 = CARTESIAN_POINT('',(3.300514072466,-1.792184521541));
#3267 = CARTESIAN_POINT('',(3.329982951987,-1.792184521541));
#3268 = CARTESIAN_POINT('',(3.359451842633,-1.792184521541));
#3269 = CARTESIAN_POINT('',(3.388920733279,-1.792184521541));
#3270 = CARTESIAN_POINT('',(3.418389612799,-1.792184521541));
#3271 = CARTESIAN_POINT('',(3.464171596789,-1.792184521541));
#3272 = CARTESIAN_POINT('',(3.480484724664,-1.792184521541));
#3273 = CARTESIAN_POINT('',(3.496797853116,-1.792184521541));
#3274 = CARTESIAN_POINT('',(3.513110981569,-1.792184521541));
#3275 = CARTESIAN_POINT('',(3.529424109443,-1.792184521541));
#3276 = CARTESIAN_POINT('',(3.560997903304,-1.792184521541));
#3277 = CARTESIAN_POINT('',(3.576258571273,-1.792184521541));
#3278 = CARTESIAN_POINT('',(3.591519239657,-1.792184521541));
#3279 = CARTESIAN_POINT('',(3.60677990804,-1.792184521541));
#3280 = CARTESIAN_POINT('',(3.62204057601,-1.792184521541));
#3281 = CARTESIAN_POINT('',(3.656245518425,-1.792184521541));
#3282 = CARTESIAN_POINT('',(3.67518979614,-1.792184521541));
#3283 = CARTESIAN_POINT('',(3.694134075075,-1.792184521541));
#3284 = CARTESIAN_POINT('',(3.713078354011,-1.792184521541));
#3285 = CARTESIAN_POINT('',(3.732022631726,-1.792184521541));
#3286 = CARTESIAN_POINT('',(3.766227574141,-1.792184521541));
#3287 = CARTESIAN_POINT('',(3.781488242111,-1.792184521541));
#3288 = CARTESIAN_POINT('',(3.796748910494,-1.792184521541));
#3289 = CARTESIAN_POINT('',(3.812009578878,-1.792184521541));
#3290 = CARTESIAN_POINT('',(3.827270246847,-1.792184521541));
#3291 = CARTESIAN_POINT('',(3.850424362842,-1.792184521541));
#3292 = CARTESIAN_POINT('',(3.858317811725,-1.792184521541));
#3293 = CARTESIAN_POINT('',(3.866211260624,-1.792184521541));
#3294 = CARTESIAN_POINT('',(3.874104709523,-1.792184521541));
#3295 = CARTESIAN_POINT('',(3.881998158406,-1.792184521541));
#3296 = CARTESIAN_POINT('',(3.9051522744,-1.792184521541));
#3297 = CARTESIAN_POINT('',(3.92041294237,-1.792184521541));
#3298 = CARTESIAN_POINT('',(3.935673610753,-1.792184521541));
#3299 = CARTESIAN_POINT('',(3.950934279137,-1.792184521541));
#3300 = CARTESIAN_POINT('',(3.966194947107,-1.792184521541));
#3301 = CARTESIAN_POINT('',(3.99671628139,-1.792184521541));
#3302 = CARTESIAN_POINT('',(4.011976949359,-1.792184521541));
#3303 = CARTESIAN_POINT('',(4.027237617743,-1.792184521541));
#3304 = CARTESIAN_POINT('',(4.042498286126,-1.792184521541));
#3305 = CARTESIAN_POINT('',(4.057758954096,-1.792184521541));
#3306 = CARTESIAN_POINT('',(4.087754058564,-1.792184521541));
#3307 = CARTESIAN_POINT('',(4.102488496586,-1.792184521541));
#3308 = CARTESIAN_POINT('',(4.117222934956,-1.792184521541));
#3309 = CARTESIAN_POINT('',(4.131957373325,-1.792184521541));
#3310 = CARTESIAN_POINT('',(4.146691811347,-1.792184521541));
#3311 = CARTESIAN_POINT('',(4.173003306856,-1.792184521541));
#3312 = CARTESIAN_POINT('',(4.184580365246,-1.792184521541));
#3313 = CARTESIAN_POINT('',(4.19615742374,-1.792184521541));
#3314 = CARTESIAN_POINT('',(4.207734482233,-1.792184521541));
#3315 = CARTESIAN_POINT('',(4.219311540623,-1.792184521541));
#3316 = CARTESIAN_POINT('',(4.245096806303,-1.792184521541));
#3317 = CARTESIAN_POINT('',(4.25930501438,-1.792184521541));
#3318 = CARTESIAN_POINT('',(4.273513222748,-1.792184521541));
#3319 = CARTESIAN_POINT('',(4.287721431115,-1.792184521541));
#3320 = CARTESIAN_POINT('',(4.301929639192,-1.792184521541));
#3321 = CARTESIAN_POINT('',(4.330872284018,-1.792184521541));
#3322 = CARTESIAN_POINT('',(4.34560672204,-1.792184521541));
#3323 = CARTESIAN_POINT('',(4.36034116041,-1.792184521541));
#3324 = CARTESIAN_POINT('',(4.375075598779,-1.792184521541));
#3325 = CARTESIAN_POINT('',(4.389810036801,-1.792184521541));
#3326 = CARTESIAN_POINT('',(4.419278911456,-1.792184521541));
#3327 = CARTESIAN_POINT('',(4.434013349478,-1.792184521541));
#3328 = CARTESIAN_POINT('',(4.448747787847,-1.792184521541));
#3329 = CARTESIAN_POINT('',(4.463482226217,-1.792184521541));
#3330 = CARTESIAN_POINT('',(4.478216664239,-1.792184521541));
#3331 = CARTESIAN_POINT('',(4.507685538894,-1.792184521541));
#3332 = CARTESIAN_POINT('',(4.522419976916,-1.792184521541));
#3333 = CARTESIAN_POINT('',(4.537154415285,-1.792184521541));
#3334 = CARTESIAN_POINT('',(4.551888853654,-1.792184521541));
#3335 = CARTESIAN_POINT('',(4.566623291677,-1.792184521541));
#3336 = CARTESIAN_POINT('',(4.596618396145,-1.792184521541));
#3337 = CARTESIAN_POINT('',(4.611879064115,-1.792184521541));
#3338 = CARTESIAN_POINT('',(4.627139732498,-1.792184521541));
#3339 = CARTESIAN_POINT('',(4.642400400882,-1.792184521541));
#3340 = CARTESIAN_POINT('',(4.657661068851,-1.792184521541));
#3341 = CARTESIAN_POINT('',(4.686077483795,-1.792184521541));
#3342 = CARTESIAN_POINT('',(4.699233231991,-1.792184521541));
#3343 = CARTESIAN_POINT('',(4.712388980385,-1.792184521541));
#3344 = CARTESIAN_POINT('',(4.725544728778,-1.792184521541));
#3345 = CARTESIAN_POINT('',(4.738700476974,-1.792184521541));
#3346 = CARTESIAN_POINT('',(4.766590662104,-1.792184521541));
#3347 = CARTESIAN_POINT('',(4.781325100126,-1.792184521541));
#3348 = CARTESIAN_POINT('',(4.796059538495,-1.792184521541));
#3349 = CARTESIAN_POINT('',(4.810793976865,-1.792184521541));
#3350 = CARTESIAN_POINT('',(4.825528414887,-1.792184521541));
#3351 = CARTESIAN_POINT('',(4.855523519356,-1.792184521541));
#3352 = CARTESIAN_POINT('',(4.870784187325,-1.792184521541));
#3353 = CARTESIAN_POINT('',(4.886044855709,-1.792184521541));
#3354 = CARTESIAN_POINT('',(4.901305524092,-1.792184521541));
#3355 = CARTESIAN_POINT('',(4.916566192062,-1.792184521541));
#3356 = CARTESIAN_POINT('',(4.947087526345,-1.792184521541));
#3357 = CARTESIAN_POINT('',(4.962348194314,-1.792184521541));
#3358 = CARTESIAN_POINT('',(4.977608862698,-1.792184521541));
#3359 = CARTESIAN_POINT('',(4.992869531081,-1.792184521541));
#3360 = CARTESIAN_POINT('',(5.008130199051,-1.792184521541));
#3361 = CARTESIAN_POINT('',(5.03812530352,-1.792184521541));
#3362 = CARTESIAN_POINT('',(5.052859741542,-1.792184521541));
#3363 = CARTESIAN_POINT('',(5.067594179911,-1.792184521541));
#3364 = CARTESIAN_POINT('',(5.082328618281,-1.792184521541));
#3365 = CARTESIAN_POINT('',(5.097063056303,-1.792184521541));
#3366 = CARTESIAN_POINT('',(5.127058160772,-1.792184521541));
#3367 = CARTESIAN_POINT('',(5.142318828741,-1.792184521541));
#3368 = CARTESIAN_POINT('',(5.157579497125,-1.792184521541));
#3369 = CARTESIAN_POINT('',(5.172840165508,-1.792184521541));
#3370 = CARTESIAN_POINT('',(5.188100833478,-1.792184521541));
#3371 = CARTESIAN_POINT('',(5.218622167761,-1.792184521541));
#3372 = CARTESIAN_POINT('',(5.23388283573,-1.792184521541));
#3373 = CARTESIAN_POINT('',(5.249143504114,-1.792184521541));
#3374 = CARTESIAN_POINT('',(5.264404172497,-1.792184521541));
#3375 = CARTESIAN_POINT('',(5.279664840467,-1.792184521541));
#3376 = CARTESIAN_POINT('',(5.307555025546,-1.792184521541));
#3377 = CARTESIAN_POINT('',(5.320184543805,-1.792184521541));
#3378 = CARTESIAN_POINT('',(5.332814062224,-1.792184521541));
#3379 = CARTESIAN_POINT('',(5.345443580644,-1.792184521541));
#3380 = CARTESIAN_POINT('',(5.358073098903,-1.792184521541));
#3381 = CARTESIAN_POINT('',(5.385963283982,-1.792184521541));
#3382 = CARTESIAN_POINT('',(5.401223951952,-1.792184521541));
#3383 = CARTESIAN_POINT('',(5.416484620335,-1.792184521541));
#3384 = CARTESIAN_POINT('',(5.431745288719,-1.792184521541));
#3385 = CARTESIAN_POINT('',(5.447005956688,-1.792184521541));
#3386 = CARTESIAN_POINT('',(5.473843682011,-1.792184521541));
#3387 = CARTESIAN_POINT('',(5.485420740401,-1.792184521541));
#3388 = CARTESIAN_POINT('',(5.496997798894,-1.792184521541));
#3389 = CARTESIAN_POINT('',(5.508574857388,-1.792184521541));
#3390 = CARTESIAN_POINT('',(5.520151915778,-1.792184521541));
#3391 = CARTESIAN_POINT('',(5.544358491897,-1.792184521541));
#3392 = CARTESIAN_POINT('',(5.556988010156,-1.792184521541));
#3393 = CARTESIAN_POINT('',(5.569617528575,-1.792184521541));
#3394 = CARTESIAN_POINT('',(5.582247046995,-1.792184521541));
#3395 = CARTESIAN_POINT('',(5.594876565254,-1.792184521541));
#3396 = CARTESIAN_POINT('',(5.616978221782,-1.792184521541));
#3397 = CARTESIAN_POINT('',(5.626450360449,-1.792184521541));
#3398 = CARTESIAN_POINT('',(5.635922499154,-1.792184521541));
#3399 = CARTESIAN_POINT('',(5.645394637859,-1.792184521541));
#3400 = CARTESIAN_POINT('',(5.654866776525,-1.792184521541));
#3401 = CARTESIAN_POINT('',(5.76747076471,-1.792184521541));
#3402 = CARTESIAN_POINT('',(5.870635886575,-1.792184521541));
#3403 = CARTESIAN_POINT('',(5.973762111147,-1.792184521541));
#3404 = CARTESIAN_POINT('',(6.076888335721,-1.792184521541));
#3405 = CARTESIAN_POINT('',(6.180053457585,-1.792184521541));
#3406 = CARTESIAN_POINT('',(6.28318530718,-1.792184521541));
#3407 = ( GEOMETRIC_REPRESENTATION_CONTEXT(2) 
PARAMETRIC_REPRESENTATION_CONTEXT() REPRESENTATION_CONTEXT('2D SPACE',''
  ) );
#3408 = ORIENTED_EDGE('',*,*,#2435,.F.);
#3409 = ADVANCED_FACE('',(#3410),#2240,.F.);
#3410 = FACE_BOUND('',#3411,.T.);
#3411 = EDGE_LOOP('',(#3412,#3413,#3434,#3461));
#3412 = ORIENTED_EDGE('',*,*,#2225,.T.);
#3413 = ORIENTED_EDGE('',*,*,#3414,.T.);
#3414 = EDGE_CURVE('',#2203,#3415,#3417,.T.);
#3415 = VERTEX_POINT('',#3416);
#3416 = CARTESIAN_POINT('',(96.6,-75.,-57.5));
#3417 = SEAM_CURVE('',#3418,(#3422,#3428),.PCURVE_S1.);
#3418 = LINE('',#3419,#3420);
#3419 = CARTESIAN_POINT('',(99.6,-75.,-54.5));
#3420 = VECTOR('',#3421,1.);
#3421 = DIRECTION('',(-0.707106781187,0.,-0.707106781187));
#3422 = PCURVE('',#2240,#3423);
#3423 = DEFINITIONAL_REPRESENTATION('',(#3424),#3427);
#3424 = B_SPLINE_CURVE_WITH_KNOTS('',1,(#3425,#3426),.UNSPECIFIED.,.F.,
  .F.,(2,2),(0.,5.091168824543),.PIECEWISE_BEZIER_KNOTS.);
#3425 = CARTESIAN_POINT('',(0.,0.));
#3426 = CARTESIAN_POINT('',(0.,-3.6));
#3427 = ( GEOMETRIC_REPRESENTATION_CONTEXT(2) 
PARAMETRIC_REPRESENTATION_CONTEXT() REPRESENTATION_CONTEXT('2D SPACE',''
  ) );
#3428 = PCURVE('',#2240,#3429);
#3429 = DEFINITIONAL_REPRESENTATION('',(#3430),#3433);
#3430 = B_SPLINE_CURVE_WITH_KNOTS('',1,(#3431,#3432),.UNSPECIFIED.,.F.,
  .F.,(2,2),(0.,5.091168824543),.PIECEWISE_BEZIER_KNOTS.);
#3431 = CARTESIAN_POINT('',(6.28318530718,0.));
#3432 = CARTESIAN_POINT('',(6.28318530718,-3.6));
#3433 = ( GEOMETRIC_REPRESENTATION_CONTEXT(2) 
PARAMETRIC_REPRESENTATION_CONTEXT() REPRESENTATION_CONTEXT('2D SPACE',''
  ) );
#3434 = ORIENTED_EDGE('',*,*,#3435,.F.);
#3435 = EDGE_CURVE('',#3415,#3415,#3436,.T.);
#3436 = SURFACE_CURVE('',#3437,(#3442,#3449),.PCURVE_S1.);
#3437 = CIRCLE('',#3438,5.);
#3438 = AXIS2_PLACEMENT_3D('',#3439,#3440,#3441);
#3439 = CARTESIAN_POINT('',(96.6,-75.,-62.5));
#3440 = DIRECTION('',(1.,0.,-0.));
#3441 = DIRECTION('',(0.,0.,1.));
#3442 = PCURVE('',#2240,#3443);
#3443 = DEFINITIONAL_REPRESENTATION('',(#3444),#3448);
#3444 = LINE('',#3445,#3446);
#3445 = CARTESIAN_POINT('',(0.,-3.));
#3446 = VECTOR('',#3447,1.);
#3447 = DIRECTION('',(1.,-0.));
#3448 = ( GEOMETRIC_REPRESENTATION_CONTEXT(2) 
PARAMETRIC_REPRESENTATION_CONTEXT() REPRESENTATION_CONTEXT('2D SPACE',''
  ) );
#3449 = PCURVE('',#3450,#3455);
#3450 = CYLINDRICAL_SURFACE('',#3451,5.);
#3451 = AXIS2_PLACEMENT_3D('',#3452,#3453,#3454);
#3452 = CARTESIAN_POINT('',(98.39218452154,-75.,-62.5));
#3453 = DIRECTION('',(1.,0.,-0.));
#3454 = DIRECTION('',(0.,0.,1.));
#3455 = DEFINITIONAL_REPRESENTATION('',(#3456),#3460);
#3456 = LINE('',#3457,#3458);
#3457 = CARTESIAN_POINT('',(0.,-1.79218452154));
#3458 = VECTOR('',#3459,1.);
#3459 = DIRECTION('',(1.,0.));
#3460 = ( GEOMETRIC_REPRESENTATION_CONTEXT(2) 
PARAMETRIC_REPRESENTATION_CONTEXT() REPRESENTATION_CONTEXT('2D SPACE',''
  ) );
#3461 = ORIENTED_EDGE('',*,*,#3414,.F.);
#3462 = ADVANCED_FACE('',(#3463),#2295,.F.);
#3463 = FACE_BOUND('',#3464,.T.);
#3464 = EDGE_LOOP('',(#3465,#3466,#3487,#3514));
#3465 = ORIENTED_EDGE('',*,*,#2280,.T.);
#3466 = ORIENTED_EDGE('',*,*,#3467,.T.);
#3467 = EDGE_CURVE('',#2258,#3468,#3470,.T.);
#3468 = VERTEX_POINT('',#3469);
#3469 = CARTESIAN_POINT('',(96.6,-1.739161876891E-32,5.));
#3470 = SEAM_CURVE('',#3471,(#3475,#3481),.PCURVE_S1.);
#3471 = LINE('',#3472,#3473);
#3472 = CARTESIAN_POINT('',(99.6,2.350348339599E-31,8.));
#3473 = VECTOR('',#3474,1.);
#3474 = DIRECTION('',(-0.707106781187,-6.359672934757E-32,
    -0.707106781187));
#3475 = PCURVE('',#2295,#3476);
#3476 = DEFINITIONAL_REPRESENTATION('',(#3477),#3480);
#3477 = B_SPLINE_CURVE_WITH_KNOTS('',1,(#3478,#3479),.UNSPECIFIED.,.F.,
  .F.,(2,2),(0.,5.091168824543),.PIECEWISE_BEZIER_KNOTS.);
#3478 = CARTESIAN_POINT('',(0.,0.));
#3479 = CARTESIAN_POINT('',(0.,-3.6));
#3480 = ( GEOMETRIC_REPRESENTATION_CONTEXT(2) 
PARAMETRIC_REPRESENTATION_CONTEXT() REPRESENTATION_CONTEXT('2D SPACE',''
  ) );
#3481 = PCURVE('',#2295,#3482);
#3482 = DEFINITIONAL_REPRESENTATION('',(#3483),#3486);
#3483 = B_SPLINE_CURVE_WITH_KNOTS('',1,(#3484,#3485),.UNSPECIFIED.,.F.,
  .F.,(2,2),(0.,5.091168824543),.PIECEWISE_BEZIER_KNOTS.);
#3484 = CARTESIAN_POINT('',(6.28318530718,0.));
#3485 = CARTESIAN_POINT('',(6.28318530718,-3.6));
#3486 = ( GEOMETRIC_REPRESENTATION_CONTEXT(2) 
PARAMETRIC_REPRESENTATION_CONTEXT() REPRESENTATION_CONTEXT('2D SPACE',''
  ) );
#3487 = ORIENTED_EDGE('',*,*,#3488,.F.);
#3488 = EDGE_CURVE('',#3468,#3468,#3489,.T.);
#3489 = SURFACE_CURVE('',#3490,(#3495,#3502),.PCURVE_S1.);
#3490 = CIRCLE('',#3491,5.);
#3491 = AXIS2_PLACEMENT_3D('',#3492,#3493,#3494);
#3492 = CARTESIAN_POINT('',(96.6,-4.844800233674E-31,-1.071536062925E-30
    ));
#3493 = DIRECTION('',(1.,0.,-0.));
#3494 = DIRECTION('',(0.,0.,1.));
#3495 = PCURVE('',#2295,#3496);
#3496 = DEFINITIONAL_REPRESENTATION('',(#3497),#3501);
#3497 = LINE('',#3498,#3499);
#3498 = CARTESIAN_POINT('',(2.465190328816E-32,-3.));
#3499 = VECTOR('',#3500,1.);
#3500 = DIRECTION('',(1.,-0.));
#3501 = ( GEOMETRIC_REPRESENTATION_CONTEXT(2) 
PARAMETRIC_REPRESENTATION_CONTEXT() REPRESENTATION_CONTEXT('2D SPACE',''
  ) );
#3502 = PCURVE('',#3503,#3508);
#3503 = CYLINDRICAL_SURFACE('',#3504,5.);
#3504 = AXIS2_PLACEMENT_3D('',#3505,#3506,#3507);
#3505 = CARTESIAN_POINT('',(98.39218452154,0.,0.));
#3506 = DIRECTION('',(1.,0.,-0.));
#3507 = DIRECTION('',(0.,0.,1.));
#3508 = DEFINITIONAL_REPRESENTATION('',(#3509),#3513);
#3509 = LINE('',#3510,#3511);
#3510 = CARTESIAN_POINT('',(0.,-1.79218452154));
#3511 = VECTOR('',#3512,1.);
#3512 = DIRECTION('',(1.,0.));
#3513 = ( GEOMETRIC_REPRESENTATION_CONTEXT(2) 
PARAMETRIC_REPRESENTATION_CONTEXT() REPRESENTATION_CONTEXT('2D SPACE',''
  ) );
#3514 = ORIENTED_EDGE('',*,*,#3467,.F.);
#3515 = ADVANCED_FACE('',(#3516),#2350,.F.);
#3516 = FACE_BOUND('',#3517,.T.);
#3517 = EDGE_LOOP('',(#3518,#3519,#3540,#3567));
#3518 = ORIENTED_EDGE('',*,*,#2335,.T.);
#3519 = ORIENTED_EDGE('',*,*,#3520,.T.);
#3520 = EDGE_CURVE('',#2313,#3521,#3523,.T.);
#3521 = VERTEX_POINT('',#3522);
#3522 = CARTESIAN_POINT('',(96.6,-75.,67.5));
#3523 = SEAM_CURVE('',#3524,(#3528,#3534),.PCURVE_S1.);
#3524 = LINE('',#3525,#3526);
#3525 = CARTESIAN_POINT('',(99.6,-75.,70.5));
#3526 = VECTOR('',#3527,1.);
#3527 = DIRECTION('',(-0.707106781187,0.,-0.707106781187));
#3528 = PCURVE('',#2350,#3529);
#3529 = DEFINITIONAL_REPRESENTATION('',(#3530),#3533);
#3530 = B_SPLINE_CURVE_WITH_KNOTS('',1,(#3531,#3532),.UNSPECIFIED.,.F.,
  .F.,(2,2),(0.,5.091168824543),.PIECEWISE_BEZIER_KNOTS.);
#3531 = CARTESIAN_POINT('',(0.,0.));
#3532 = CARTESIAN_POINT('',(0.,-3.6));
#3533 = ( GEOMETRIC_REPRESENTATION_CONTEXT(2) 
PARAMETRIC_REPRESENTATION_CONTEXT() REPRESENTATION_CONTEXT('2D SPACE',''
  ) );
#3534 = PCURVE('',#2350,#3535);
#3535 = DEFINITIONAL_REPRESENTATION('',(#3536),#3539);
#3536 = B_SPLINE_CURVE_WITH_KNOTS('',1,(#3537,#3538),.UNSPECIFIED.,.F.,
  .F.,(2,2),(0.,5.091168824543),.PIECEWISE_BEZIER_KNOTS.);
#3537 = CARTESIAN_POINT('',(6.28318530718,0.));
#3538 = CARTESIAN_POINT('',(6.28318530718,-3.6));
#3539 = ( GEOMETRIC_REPRESENTATION_CONTEXT(2) 
PARAMETRIC_REPRESENTATION_CONTEXT() REPRESENTATION_CONTEXT('2D SPACE',''
  ) );
#3540 = ORIENTED_EDGE('',*,*,#3541,.F.);
#3541 = EDGE_CURVE('',#3521,#3521,#3542,.T.);
#3542 = SURFACE_CURVE('',#3543,(#3548,#3555),.PCURVE_S1.);
#3543 = CIRCLE('',#3544,5.);
#3544 = AXIS2_PLACEMENT_3D('',#3545,#3546,#3547);
#3545 = CARTESIAN_POINT('',(96.6,-75.,62.5));
#3546 = DIRECTION('',(1.,0.,-0.));
#3547 = DIRECTION('',(0.,0.,1.));
#3548 = PCURVE('',#2350,#3549);
#3549 = DEFINITIONAL_REPRESENTATION('',(#3550),#3554);
#3550 = LINE('',#3551,#3552);
#3551 = CARTESIAN_POINT('',(0.,-3.));
#3552 = VECTOR('',#3553,1.);
#3553 = DIRECTION('',(1.,-0.));
#3554 = ( GEOMETRIC_REPRESENTATION_CONTEXT(2) 
PARAMETRIC_REPRESENTATION_CONTEXT() REPRESENTATION_CONTEXT('2D SPACE',''
  ) );
#3555 = PCURVE('',#3556,#3561);
#3556 = CYLINDRICAL_SURFACE('',#3557,5.);
#3557 = AXIS2_PLACEMENT_3D('',#3558,#3559,#3560);
#3558 = CARTESIAN_POINT('',(98.39218452154,-75.,62.5));
#3559 = DIRECTION('',(1.,0.,-0.));
#3560 = DIRECTION('',(0.,0.,1.));
#3561 = DEFINITIONAL_REPRESENTATION('',(#3562),#3566);
#3562 = LINE('',#3563,#3564);
#3563 = CARTESIAN_POINT('',(0.,-1.79218452154));
#3564 = VECTOR('',#3565,1.);
#3565 = DIRECTION('',(1.,0.));
#3566 = ( GEOMETRIC_REPRESENTATION_CONTEXT(2) 
PARAMETRIC_REPRESENTATION_CONTEXT() REPRESENTATION_CONTEXT('2D SPACE',''
  ) );
#3567 = ORIENTED_EDGE('',*,*,#3520,.F.);
#3568 = ADVANCED_FACE('',(#3569),#2418,.F.);
#3569 = FACE_BOUND('',#3570,.F.);
#3570 = EDGE_LOOP('',(#3571,#3572,#3595,#3622));
#3571 = ORIENTED_EDGE('',*,*,#2403,.F.);
#3572 = ORIENTED_EDGE('',*,*,#3573,.T.);
#3573 = EDGE_CURVE('',#2383,#3574,#3576,.T.);
#3574 = VERTEX_POINT('',#3575);
#3575 = CARTESIAN_POINT('',(52.39218452154,75.,-57.5));
#3576 = SEAM_CURVE('',#3577,(#3581,#3588),.PCURVE_S1.);
#3577 = LINE('',#3578,#3579);
#3578 = CARTESIAN_POINT('',(98.39218452154,75.,-57.5));
#3579 = VECTOR('',#3580,1.);
#3580 = DIRECTION('',(-1.,-0.,-0.));
#3581 = PCURVE('',#2418,#3582);
#3582 = DEFINITIONAL_REPRESENTATION('',(#3583),#3587);
#3583 = LINE('',#3584,#3585);
#3584 = CARTESIAN_POINT('',(6.28318530718,0.));
#3585 = VECTOR('',#3586,1.);
#3586 = DIRECTION('',(0.,-1.));
#3587 = ( GEOMETRIC_REPRESENTATION_CONTEXT(2) 
PARAMETRIC_REPRESENTATION_CONTEXT() REPRESENTATION_CONTEXT('2D SPACE',''
  ) );
#3588 = PCURVE('',#2418,#3589);
#3589 = DEFINITIONAL_REPRESENTATION('',(#3590),#3594);
#3590 = LINE('',#3591,#3592);
#3591 = CARTESIAN_POINT('',(0.,0.));
#3592 = VECTOR('',#3593,1.);
#3593 = DIRECTION('',(0.,-1.));
#3594 = ( GEOMETRIC_REPRESENTATION_CONTEXT(2) 
PARAMETRIC_REPRESENTATION_CONTEXT() REPRESENTATION_CONTEXT('2D SPACE',''
  ) );
#3595 = ORIENTED_EDGE('',*,*,#3596,.T.);
#3596 = EDGE_CURVE('',#3574,#3574,#3597,.T.);
#3597 = SURFACE_CURVE('',#3598,(#3603,#3610),.PCURVE_S1.);
#3598 = CIRCLE('',#3599,5.);
#3599 = AXIS2_PLACEMENT_3D('',#3600,#3601,#3602);
#3600 = CARTESIAN_POINT('',(52.39218452154,75.,-62.5));
#3601 = DIRECTION('',(1.,0.,-0.));
#3602 = DIRECTION('',(0.,0.,1.));
#3603 = PCURVE('',#2418,#3604);
#3604 = DEFINITIONAL_REPRESENTATION('',(#3605),#3609);
#3605 = LINE('',#3606,#3607);
#3606 = CARTESIAN_POINT('',(0.,-46.));
#3607 = VECTOR('',#3608,1.);
#3608 = DIRECTION('',(1.,0.));
#3609 = ( GEOMETRIC_REPRESENTATION_CONTEXT(2) 
PARAMETRIC_REPRESENTATION_CONTEXT() REPRESENTATION_CONTEXT('2D SPACE',''
  ) );
#3610 = PCURVE('',#3611,#3616);
#3611 = PLANE('',#3612);
#3612 = AXIS2_PLACEMENT_3D('',#3613,#3614,#3615);
#3613 = CARTESIAN_POINT('',(52.39218452154,75.,-62.5));
#3614 = DIRECTION('',(1.,0.,6.731613057886E-31));
#3615 = DIRECTION('',(-6.731613057886E-31,0.,1.));
#3616 = DEFINITIONAL_REPRESENTATION('',(#3617),#3621);
#3617 = CIRCLE('',#3618,5.);
#3618 = AXIS2_PLACEMENT_2D('',#3619,#3620);
#3619 = CARTESIAN_POINT('',(0.,0.));
#3620 = DIRECTION('',(1.,0.));
#3621 = ( GEOMETRIC_REPRESENTATION_CONTEXT(2) 
PARAMETRIC_REPRESENTATION_CONTEXT() REPRESENTATION_CONTEXT('2D SPACE',''
  ) );
#3622 = ORIENTED_EDGE('',*,*,#3573,.F.);
#3623 = ADVANCED_FACE('',(#3624),#3088,.F.);
#3624 = FACE_BOUND('',#3625,.F.);
#3625 = EDGE_LOOP('',(#3626,#3627,#3650,#3677));
#3626 = ORIENTED_EDGE('',*,*,#2456,.F.);
#3627 = ORIENTED_EDGE('',*,*,#3628,.T.);
#3628 = EDGE_CURVE('',#2436,#3629,#3631,.T.);
#3629 = VERTEX_POINT('',#3630);
#3630 = CARTESIAN_POINT('',(52.39218452154,75.,67.5));
#3631 = SEAM_CURVE('',#3632,(#3636,#3643),.PCURVE_S1.);
#3632 = LINE('',#3633,#3634);
#3633 = CARTESIAN_POINT('',(98.39218452154,75.,67.5));
#3634 = VECTOR('',#3635,1.);
#3635 = DIRECTION('',(-1.,-0.,-0.));
#3636 = PCURVE('',#3088,#3637);
#3637 = DEFINITIONAL_REPRESENTATION('',(#3638),#3642);
#3638 = LINE('',#3639,#3640);
#3639 = CARTESIAN_POINT('',(6.28318530718,0.));
#3640 = VECTOR('',#3641,1.);
#3641 = DIRECTION('',(0.,-1.));
#3642 = ( GEOMETRIC_REPRESENTATION_CONTEXT(2) 
PARAMETRIC_REPRESENTATION_CONTEXT() REPRESENTATION_CONTEXT('2D SPACE',''
  ) );
#3643 = PCURVE('',#3088,#3644);
#3644 = DEFINITIONAL_REPRESENTATION('',(#3645),#3649);
#3645 = LINE('',#3646,#3647);
#3646 = CARTESIAN_POINT('',(0.,0.));
#3647 = VECTOR('',#3648,1.);
#3648 = DIRECTION('',(0.,-1.));
#3649 = ( GEOMETRIC_REPRESENTATION_CONTEXT(2) 
PARAMETRIC_REPRESENTATION_CONTEXT() REPRESENTATION_CONTEXT('2D SPACE',''
  ) );
#3650 = ORIENTED_EDGE('',*,*,#3651,.T.);
#3651 = EDGE_CURVE('',#3629,#3629,#3652,.T.);
#3652 = SURFACE_CURVE('',#3653,(#3658,#3665),.PCURVE_S1.);
#3653 = CIRCLE('',#3654,5.);
#3654 = AXIS2_PLACEMENT_3D('',#3655,#3656,#3657);
#3655 = CARTESIAN_POINT('',(52.39218452154,75.,62.5));
#3656 = DIRECTION('',(1.,0.,-0.));
#3657 = DIRECTION('',(0.,0.,1.));
#3658 = PCURVE('',#3088,#3659);
#3659 = DEFINITIONAL_REPRESENTATION('',(#3660),#3664);
#3660 = LINE('',#3661,#3662);
#3661 = CARTESIAN_POINT('',(0.,-46.));
#3662 = VECTOR('',#3663,1.);
#3663 = DIRECTION('',(1.,0.));
#3664 = ( GEOMETRIC_REPRESENTATION_CONTEXT(2) 
PARAMETRIC_REPRESENTATION_CONTEXT() REPRESENTATION_CONTEXT('2D SPACE',''
  ) );
#3665 = PCURVE('',#3666,#3671);
#3666 = PLANE('',#3667);
#3667 = AXIS2_PLACEMENT_3D('',#3668,#3669,#3670);
#3668 = CARTESIAN_POINT('',(52.39218452154,75.,62.5));
#3669 = DIRECTION('',(1.,0.,6.731613057886E-31));
#3670 = DIRECTION('',(-6.731613057886E-31,0.,1.));
#3671 = DEFINITIONAL_REPRESENTATION('',(#3672),#3676);
#3672 = CIRCLE('',#3673,5.);
#3673 = AXIS2_PLACEMENT_2D('',#3674,#3675);
#3674 = CARTESIAN_POINT('',(0.,0.));
#3675 = DIRECTION('',(1.,0.));
#3676 = ( GEOMETRIC_REPRESENTATION_CONTEXT(2) 
PARAMETRIC_REPRESENTATION_CONTEXT() REPRESENTATION_CONTEXT('2D SPACE',''
  ) );
#3677 = ORIENTED_EDGE('',*,*,#3628,.F.);
#3678 = ADVANCED_FACE('',(#3679),#3450,.F.);
#3679 = FACE_BOUND('',#3680,.F.);
#3680 = EDGE_LOOP('',(#3681,#3682,#3705,#3732));
#3681 = ORIENTED_EDGE('',*,*,#3435,.F.);
#3682 = ORIENTED_EDGE('',*,*,#3683,.T.);
#3683 = EDGE_CURVE('',#3415,#3684,#3686,.T.);
#3684 = VERTEX_POINT('',#3685);
#3685 = CARTESIAN_POINT('',(52.39218452154,-75.,-57.5));
#3686 = SEAM_CURVE('',#3687,(#3691,#3698),.PCURVE_S1.);
#3687 = LINE('',#3688,#3689);
#3688 = CARTESIAN_POINT('',(98.39218452154,-75.,-57.5));
#3689 = VECTOR('',#3690,1.);
#3690 = DIRECTION('',(-1.,-0.,-0.));
#3691 = PCURVE('',#3450,#3692);
#3692 = DEFINITIONAL_REPRESENTATION('',(#3693),#3697);
#3693 = LINE('',#3694,#3695);
#3694 = CARTESIAN_POINT('',(6.28318530718,0.));
#3695 = VECTOR('',#3696,1.);
#3696 = DIRECTION('',(0.,-1.));
#3697 = ( GEOMETRIC_REPRESENTATION_CONTEXT(2) 
PARAMETRIC_REPRESENTATION_CONTEXT() REPRESENTATION_CONTEXT('2D SPACE',''
  ) );
#3698 = PCURVE('',#3450,#3699);
#3699 = DEFINITIONAL_REPRESENTATION('',(#3700),#3704);
#3700 = LINE('',#3701,#3702);
#3701 = CARTESIAN_POINT('',(0.,0.));
#3702 = VECTOR('',#3703,1.);
#3703 = DIRECTION('',(0.,-1.));
#3704 = ( GEOMETRIC_REPRESENTATION_CONTEXT(2) 
PARAMETRIC_REPRESENTATION_CONTEXT() REPRESENTATION_CONTEXT('2D SPACE',''
  ) );
#3705 = ORIENTED_EDGE('',*,*,#3706,.T.);
#3706 = EDGE_CURVE('',#3684,#3684,#3707,.T.);
#3707 = SURFACE_CURVE('',#3708,(#3713,#3720),.PCURVE_S1.);
#3708 = CIRCLE('',#3709,5.);
#3709 = AXIS2_PLACEMENT_3D('',#3710,#3711,#3712);
#3710 = CARTESIAN_POINT('',(52.39218452154,-75.,-62.5));
#3711 = DIRECTION('',(1.,0.,-0.));
#3712 = DIRECTION('',(0.,0.,1.));
#3713 = PCURVE('',#3450,#3714);
#3714 = DEFINITIONAL_REPRESENTATION('',(#3715),#3719);
#3715 = LINE('',#3716,#3717);
#3716 = CARTESIAN_POINT('',(0.,-46.));
#3717 = VECTOR('',#3718,1.);
#3718 = DIRECTION('',(1.,0.));
#3719 = ( GEOMETRIC_REPRESENTATION_CONTEXT(2) 
PARAMETRIC_REPRESENTATION_CONTEXT() REPRESENTATION_CONTEXT('2D SPACE',''
  ) );
#3720 = PCURVE('',#3721,#3726);
#3721 = PLANE('',#3722);
#3722 = AXIS2_PLACEMENT_3D('',#3723,#3724,#3725);
#3723 = CARTESIAN_POINT('',(52.39218452154,-75.,-62.5));
#3724 = DIRECTION('',(1.,0.,-1.514612938024E-29));
#3725 = DIRECTION('',(1.514612938024E-29,0.,1.));
#3726 = DEFINITIONAL_REPRESENTATION('',(#3727),#3731);
#3727 = CIRCLE('',#3728,5.);
#3728 = AXIS2_PLACEMENT_2D('',#3729,#3730);
#3729 = CARTESIAN_POINT('',(1.42108547152E-14,0.));
#3730 = DIRECTION('',(1.,0.));
#3731 = ( GEOMETRIC_REPRESENTATION_CONTEXT(2) 
PARAMETRIC_REPRESENTATION_CONTEXT() REPRESENTATION_CONTEXT('2D SPACE',''
  ) );
#3732 = ORIENTED_EDGE('',*,*,#3683,.F.);
#3733 = ADVANCED_FACE('',(#3734),#3503,.F.);
#3734 = FACE_BOUND('',#3735,.F.);
#3735 = EDGE_LOOP('',(#3736,#3737,#3760,#3787));
#3736 = ORIENTED_EDGE('',*,*,#3488,.F.);
#3737 = ORIENTED_EDGE('',*,*,#3738,.T.);
#3738 = EDGE_CURVE('',#3468,#3739,#3741,.T.);
#3739 = VERTEX_POINT('',#3740);
#3740 = CARTESIAN_POINT('',(52.39218452154,0.,5.));
#3741 = SEAM_CURVE('',#3742,(#3746,#3753),.PCURVE_S1.);
#3742 = LINE('',#3743,#3744);
#3743 = CARTESIAN_POINT('',(98.39218452154,0.,5.));
#3744 = VECTOR('',#3745,1.);
#3745 = DIRECTION('',(-1.,-0.,-0.));
#3746 = PCURVE('',#3503,#3747);
#3747 = DEFINITIONAL_REPRESENTATION('',(#3748),#3752);
#3748 = LINE('',#3749,#3750);
#3749 = CARTESIAN_POINT('',(6.28318530718,0.));
#3750 = VECTOR('',#3751,1.);
#3751 = DIRECTION('',(0.,-1.));
#3752 = ( GEOMETRIC_REPRESENTATION_CONTEXT(2) 
PARAMETRIC_REPRESENTATION_CONTEXT() REPRESENTATION_CONTEXT('2D SPACE',''
  ) );
#3753 = PCURVE('',#3503,#3754);
#3754 = DEFINITIONAL_REPRESENTATION('',(#3755),#3759);
#3755 = LINE('',#3756,#3757);
#3756 = CARTESIAN_POINT('',(0.,0.));
#3757 = VECTOR('',#3758,1.);
#3758 = DIRECTION('',(0.,-1.));
#3759 = ( GEOMETRIC_REPRESENTATION_CONTEXT(2) 
PARAMETRIC_REPRESENTATION_CONTEXT() REPRESENTATION_CONTEXT('2D SPACE',''
  ) );
#3760 = ORIENTED_EDGE('',*,*,#3761,.T.);
#3761 = EDGE_CURVE('',#3739,#3739,#3762,.T.);
#3762 = SURFACE_CURVE('',#3763,(#3768,#3775),.PCURVE_S1.);
#3763 = CIRCLE('',#3764,5.);
#3764 = AXIS2_PLACEMENT_3D('',#3765,#3766,#3767);
#3765 = CARTESIAN_POINT('',(52.39218452154,0.,0.));
#3766 = DIRECTION('',(1.,0.,-0.));
#3767 = DIRECTION('',(0.,0.,1.));
#3768 = PCURVE('',#3503,#3769);
#3769 = DEFINITIONAL_REPRESENTATION('',(#3770),#3774);
#3770 = LINE('',#3771,#3772);
#3771 = CARTESIAN_POINT('',(0.,-46.));
#3772 = VECTOR('',#3773,1.);
#3773 = DIRECTION('',(1.,0.));
#3774 = ( GEOMETRIC_REPRESENTATION_CONTEXT(2) 
PARAMETRIC_REPRESENTATION_CONTEXT() REPRESENTATION_CONTEXT('2D SPACE',''
  ) );
#3775 = PCURVE('',#3776,#3781);
#3776 = PLANE('',#3777);
#3777 = AXIS2_PLACEMENT_3D('',#3778,#3779,#3780);
#3778 = CARTESIAN_POINT('',(52.39218452154,-3.428682531579E-16,
    -2.734880265079E-16));
#3779 = DIRECTION('',(1.,-3.761515901592E-31,-2.189528850508E-47));
#3780 = DIRECTION('',(3.761515901592E-31,1.,0.));
#3781 = DEFINITIONAL_REPRESENTATION('',(#3782),#3786);
#3782 = CIRCLE('',#3783,5.);
#3783 = AXIS2_PLACEMENT_2D('',#3784,#3785);
#3784 = CARTESIAN_POINT('',(3.428682531579E-16,2.734880265079E-16));
#3785 = DIRECTION('',(0.,1.));
#3786 = ( GEOMETRIC_REPRESENTATION_CONTEXT(2) 
PARAMETRIC_REPRESENTATION_CONTEXT() REPRESENTATION_CONTEXT('2D SPACE',''
  ) );
#3787 = ORIENTED_EDGE('',*,*,#3738,.F.);
#3788 = ADVANCED_FACE('',(#3789),#3556,.F.);
#3789 = FACE_BOUND('',#3790,.F.);
#3790 = EDGE_LOOP('',(#3791,#3792,#3815,#3842));
#3791 = ORIENTED_EDGE('',*,*,#3541,.F.);
#3792 = ORIENTED_EDGE('',*,*,#3793,.T.);
#3793 = EDGE_CURVE('',#3521,#3794,#3796,.T.);
#3794 = VERTEX_POINT('',#3795);
#3795 = CARTESIAN_POINT('',(52.39218452154,-75.,67.5));
#3796 = SEAM_CURVE('',#3797,(#3801,#3808),.PCURVE_S1.);
#3797 = LINE('',#3798,#3799);
#3798 = CARTESIAN_POINT('',(98.39218452154,-75.,67.5));
#3799 = VECTOR('',#3800,1.);
#3800 = DIRECTION('',(-1.,-0.,-0.));
#3801 = PCURVE('',#3556,#3802);
#3802 = DEFINITIONAL_REPRESENTATION('',(#3803),#3807);
#3803 = LINE('',#3804,#3805);
#3804 = CARTESIAN_POINT('',(6.28318530718,0.));
#3805 = VECTOR('',#3806,1.);
#3806 = DIRECTION('',(0.,-1.));
#3807 = ( GEOMETRIC_REPRESENTATION_CONTEXT(2) 
PARAMETRIC_REPRESENTATION_CONTEXT() REPRESENTATION_CONTEXT('2D SPACE',''
  ) );
#3808 = PCURVE('',#3556,#3809);
#3809 = DEFINITIONAL_REPRESENTATION('',(#3810),#3814);
#3810 = LINE('',#3811,#3812);
#3811 = CARTESIAN_POINT('',(0.,0.));
#3812 = VECTOR('',#3813,1.);
#3813 = DIRECTION('',(0.,-1.));
#3814 = ( GEOMETRIC_REPRESENTATION_CONTEXT(2) 
PARAMETRIC_REPRESENTATION_CONTEXT() REPRESENTATION_CONTEXT('2D SPACE',''
  ) );
#3815 = ORIENTED_EDGE('',*,*,#3816,.T.);
#3816 = EDGE_CURVE('',#3794,#3794,#3817,.T.);
#3817 = SURFACE_CURVE('',#3818,(#3823,#3830),.PCURVE_S1.);
#3818 = CIRCLE('',#3819,5.);
#3819 = AXIS2_PLACEMENT_3D('',#3820,#3821,#3822);
#3820 = CARTESIAN_POINT('',(52.39218452154,-75.,62.5));
#3821 = DIRECTION('',(1.,0.,-0.));
#3822 = DIRECTION('',(0.,0.,1.));
#3823 = PCURVE('',#3556,#3824);
#3824 = DEFINITIONAL_REPRESENTATION('',(#3825),#3829);
#3825 = LINE('',#3826,#3827);
#3826 = CARTESIAN_POINT('',(0.,-46.));
#3827 = VECTOR('',#3828,1.);
#3828 = DIRECTION('',(1.,0.));
#3829 = ( GEOMETRIC_REPRESENTATION_CONTEXT(2) 
PARAMETRIC_REPRESENTATION_CONTEXT() REPRESENTATION_CONTEXT('2D SPACE',''
  ) );
#3830 = PCURVE('',#3831,#3836);
#3831 = PLANE('',#3832);
#3832 = AXIS2_PLACEMENT_3D('',#3833,#3834,#3835);
#3833 = CARTESIAN_POINT('',(52.39218452154,-75.,62.5));
#3834 = DIRECTION('',(1.,0.,6.731613057886E-31));
#3835 = DIRECTION('',(-6.731613057886E-31,0.,1.));
#3836 = DEFINITIONAL_REPRESENTATION('',(#3837),#3841);
#3837 = CIRCLE('',#3838,5.);
#3838 = AXIS2_PLACEMENT_2D('',#3839,#3840);
#3839 = CARTESIAN_POINT('',(0.,0.));
#3840 = DIRECTION('',(1.,0.));
#3841 = ( GEOMETRIC_REPRESENTATION_CONTEXT(2) 
PARAMETRIC_REPRESENTATION_CONTEXT() REPRESENTATION_CONTEXT('2D SPACE',''
  ) );
#3842 = ORIENTED_EDGE('',*,*,#3793,.F.);
#3843 = ADVANCED_FACE('',(#3844),#3611,.T.);
#3844 = FACE_BOUND('',#3845,.T.);
#3845 = EDGE_LOOP('',(#3846));
#3846 = ORIENTED_EDGE('',*,*,#3596,.T.);
#3847 = ADVANCED_FACE('',(#3848),#3666,.T.);
#3848 = FACE_BOUND('',#3849,.T.);
#3849 = EDGE_LOOP('',(#3850));
#3850 = ORIENTED_EDGE('',*,*,#3651,.T.);
#3851 = ADVANCED_FACE('',(#3852),#3721,.T.);
#3852 = FACE_BOUND('',#3853,.T.);
#3853 = EDGE_LOOP('',(#3854));
#3854 = ORIENTED_EDGE('',*,*,#3706,.T.);
#3855 = ADVANCED_FACE('',(#3856),#3776,.T.);
#3856 = FACE_BOUND('',#3857,.T.);
#3857 = EDGE_LOOP('',(#3858));
#3858 = ORIENTED_EDGE('',*,*,#3761,.T.);
#3859 = ADVANCED_FACE('',(#3860),#3831,.T.);
#3860 = FACE_BOUND('',#3861,.T.);
#3861 = EDGE_LOOP('',(#3862));
#3862 = ORIENTED_EDGE('',*,*,#3816,.T.);
#3863 = MANIFOLD_SOLID_BREP('PartBody',#3864);
#3864 = CLOSED_SHELL('',(#3865,#3985,#4061,#4139,#4210,#4257,#4265));
#3865 = ADVANCED_FACE('',(#3866),#3880,.F.);
#3866 = FACE_BOUND('',#3867,.F.);
#3867 = EDGE_LOOP('',(#3868,#3903,#3931,#3959));
#3868 = ORIENTED_EDGE('',*,*,#3869,.F.);
#3869 = EDGE_CURVE('',#3870,#3872,#3874,.T.);
#3870 = VERTEX_POINT('',#3871);
#3871 = CARTESIAN_POINT('',(-99.99998777771,-0.,-1.017190556405E-06));
#3872 = VERTEX_POINT('',#3873);
#3873 = CARTESIAN_POINT('',(-99.99998777771,0.,99.999998982809));
#3874 = SURFACE_CURVE('',#3875,(#3879,#3891),.PCURVE_S1.);
#3875 = LINE('',#3876,#3877);
#3876 = CARTESIAN_POINT('',(-99.99998777771,-0.,-1.017190556405E-06));
#3877 = VECTOR('',#3878,1.);
#3878 = DIRECTION('',(0.,0.,1.));
#3879 = PCURVE('',#3880,#3885);
#3880 = PLANE('',#3881);
#3881 = AXIS2_PLACEMENT_3D('',#3882,#3883,#3884);
#3882 = CARTESIAN_POINT('',(-99.99998777771,0.,-1.017190556405E-06));
#3883 = DIRECTION('',(-1.,0.,0.));
#3884 = DIRECTION('',(0.,0.,1.));
#3885 = DEFINITIONAL_REPRESENTATION('',(#3886),#3890);
#3886 = LINE('',#3887,#3888);
#3887 = CARTESIAN_POINT('',(0.,0.));
#3888 = VECTOR('',#3889,1.);
#3889 = DIRECTION('',(1.,0.));
#3890 = ( GEOMETRIC_REPRESENTATION_CONTEXT(2) 
PARAMETRIC_REPRESENTATION_CONTEXT() REPRESENTATION_CONTEXT('2D SPACE',''
  ) );
#3891 = PCURVE('',#3892,#3897);
#3892 = PLANE('',#3893);
#3893 = AXIS2_PLACEMENT_3D('',#3894,#3895,#3896);
#3894 = CARTESIAN_POINT('',(-228.1396348832,0.,3.528996382317E-05));
#3895 = DIRECTION('',(-0.,-1.,-0.));
#3896 = DIRECTION('',(0.,0.,-1.));
#3897 = DEFINITIONAL_REPRESENTATION('',(#3898),#3902);
#3898 = LINE('',#3899,#3900);
#3899 = CARTESIAN_POINT('',(3.630715437957E-05,128.13964710553));
#3900 = VECTOR('',#3901,1.);
#3901 = DIRECTION('',(-1.,0.));
#3902 = ( GEOMETRIC_REPRESENTATION_CONTEXT(2) 
PARAMETRIC_REPRESENTATION_CONTEXT() REPRESENTATION_CONTEXT('2D SPACE',''
  ) );
#3903 = ORIENTED_EDGE('',*,*,#3904,.F.);
#3904 = EDGE_CURVE('',#3905,#3870,#3907,.T.);
#3905 = VERTEX_POINT('',#3906);
#3906 = CARTESIAN_POINT('',(-99.99998777771,-72.,-1.017190556405E-06));
#3907 = SURFACE_CURVE('',#3908,(#3912,#3919),.PCURVE_S1.);
#3908 = LINE('',#3909,#3910);
#3909 = CARTESIAN_POINT('',(-99.99998777771,-72.,-1.017190556405E-06));
#3910 = VECTOR('',#3911,1.);
#3911 = DIRECTION('',(0.,1.,0.));
#3912 = PCURVE('',#3880,#3913);
#3913 = DEFINITIONAL_REPRESENTATION('',(#3914),#3918);
#3914 = LINE('',#3915,#3916);
#3915 = CARTESIAN_POINT('',(0.,-72.));
#3916 = VECTOR('',#3917,1.);
#3917 = DIRECTION('',(0.,1.));
#3918 = ( GEOMETRIC_REPRESENTATION_CONTEXT(2) 
PARAMETRIC_REPRESENTATION_CONTEXT() REPRESENTATION_CONTEXT('2D SPACE',''
  ) );
#3919 = PCURVE('',#3920,#3925);
#3920 = PLANE('',#3921);
#3921 = AXIS2_PLACEMENT_3D('',#3922,#3923,#3924);
#3922 = CARTESIAN_POINT('',(-100.,0.,-100.));
#3923 = DIRECTION('',(-1.,0.,1.222228172173E-07));
#3924 = DIRECTION('',(1.222228172173E-07,0.,1.));
#3925 = DEFINITIONAL_REPRESENTATION('',(#3926),#3930);
#3926 = LINE('',#3927,#3928);
#3927 = CARTESIAN_POINT('',(99.99999898281,-72.));
#3928 = VECTOR('',#3929,1.);
#3929 = DIRECTION('',(0.,1.));
#3930 = ( GEOMETRIC_REPRESENTATION_CONTEXT(2) 
PARAMETRIC_REPRESENTATION_CONTEXT() REPRESENTATION_CONTEXT('2D SPACE',''
  ) );
#3931 = ORIENTED_EDGE('',*,*,#3932,.F.);
#3932 = EDGE_CURVE('',#3933,#3905,#3935,.T.);
#3933 = VERTEX_POINT('',#3934);
#3934 = CARTESIAN_POINT('',(-99.99998777771,-72.,99.999998982809));
#3935 = SURFACE_CURVE('',#3936,(#3940,#3947),.PCURVE_S1.);
#3936 = LINE('',#3937,#3938);
#3937 = CARTESIAN_POINT('',(-99.99998777771,-72.,99.999998982809));
#3938 = VECTOR('',#3939,1.);
#3939 = DIRECTION('',(0.,0.,-1.));
#3940 = PCURVE('',#3880,#3941);
#3941 = DEFINITIONAL_REPRESENTATION('',(#3942),#3946);
#3942 = LINE('',#3943,#3944);
#3943 = CARTESIAN_POINT('',(100.,-72.));
#3944 = VECTOR('',#3945,1.);
#3945 = DIRECTION('',(-1.,0.));
#3946 = ( GEOMETRIC_REPRESENTATION_CONTEXT(2) 
PARAMETRIC_REPRESENTATION_CONTEXT() REPRESENTATION_CONTEXT('2D SPACE',''
  ) );
#3947 = PCURVE('',#3948,#3953);
#3948 = PLANE('',#3949);
#3949 = AXIS2_PLACEMENT_3D('',#3950,#3951,#3952);
#3950 = CARTESIAN_POINT('',(-228.1396348832,-72.,3.528996382317E-05));
#3951 = DIRECTION('',(-0.,-1.,-0.));
#3952 = DIRECTION('',(0.,0.,-1.));
#3953 = DEFINITIONAL_REPRESENTATION('',(#3954),#3958);
#3954 = LINE('',#3955,#3956);
#3955 = CARTESIAN_POINT('',(-99.99996369284,128.13964710553));
#3956 = VECTOR('',#3957,1.);
#3957 = DIRECTION('',(1.,0.));
#3958 = ( GEOMETRIC_REPRESENTATION_CONTEXT(2) 
PARAMETRIC_REPRESENTATION_CONTEXT() REPRESENTATION_CONTEXT('2D SPACE',''
  ) );
#3959 = ORIENTED_EDGE('',*,*,#3960,.F.);
#3960 = EDGE_CURVE('',#3872,#3933,#3961,.T.);
#3961 = SURFACE_CURVE('',#3962,(#3966,#3973),.PCURVE_S1.);
#3962 = LINE('',#3963,#3964);
#3963 = CARTESIAN_POINT('',(-99.99998777771,0.,99.999998982809));
#3964 = VECTOR('',#3965,1.);
#3965 = DIRECTION('',(-0.,-1.,-0.));
#3966 = PCURVE('',#3880,#3967);
#3967 = DEFINITIONAL_REPRESENTATION('',(#3968),#3972);
#3968 = LINE('',#3969,#3970);
#3969 = CARTESIAN_POINT('',(100.,0.));
#3970 = VECTOR('',#3971,1.);
#3971 = DIRECTION('',(0.,-1.));
#3972 = ( GEOMETRIC_REPRESENTATION_CONTEXT(2) 
PARAMETRIC_REPRESENTATION_CONTEXT() REPRESENTATION_CONTEXT('2D SPACE',''
  ) );
#3973 = PCURVE('',#3974,#3979);
#3974 = PLANE('',#3975);
#3975 = AXIS2_PLACEMENT_3D('',#3976,#3977,#3978);
#3976 = CARTESIAN_POINT('',(-99.99998777771,0.,99.999998982809));
#3977 = DIRECTION('',(8.776530078395E-02,0.,-0.996141180746));
#3978 = DIRECTION('',(-0.996141180746,0.,-8.776530078395E-02));
#3979 = DEFINITIONAL_REPRESENTATION('',(#3980),#3984);
#3980 = LINE('',#3981,#3982);
#3981 = CARTESIAN_POINT('',(0.,0.));
#3982 = VECTOR('',#3983,1.);
#3983 = DIRECTION('',(0.,-1.));
#3984 = ( GEOMETRIC_REPRESENTATION_CONTEXT(2) 
PARAMETRIC_REPRESENTATION_CONTEXT() REPRESENTATION_CONTEXT('2D SPACE',''
  ) );
#3985 = ADVANCED_FACE('',(#3986),#3974,.F.);
#3986 = FACE_BOUND('',#3987,.F.);
#3987 = EDGE_LOOP('',(#3988,#3989,#4012,#4040));
#3988 = ORIENTED_EDGE('',*,*,#3960,.T.);
#3989 = ORIENTED_EDGE('',*,*,#3990,.T.);
#3990 = EDGE_CURVE('',#3933,#3991,#3993,.T.);
#3991 = VERTEX_POINT('',#3992);
#3992 = CARTESIAN_POINT('',(-327.,-72.,80.00009863161));
#3993 = SURFACE_CURVE('',#3994,(#3998,#4005),.PCURVE_S1.);
#3994 = LINE('',#3995,#3996);
#3995 = CARTESIAN_POINT('',(-99.99998777771,-72.,99.999998982809));
#3996 = VECTOR('',#3997,1.);
#3997 = DIRECTION('',(-0.996141180746,0.,-8.776530078395E-02));
#3998 = PCURVE('',#3974,#3999);
#3999 = DEFINITIONAL_REPRESENTATION('',(#4000),#4004);
#4000 = LINE('',#4001,#4002);
#4001 = CARTESIAN_POINT('',(-0.,-72.));
#4002 = VECTOR('',#4003,1.);
#4003 = DIRECTION('',(1.,0.));
#4004 = ( GEOMETRIC_REPRESENTATION_CONTEXT(2) 
PARAMETRIC_REPRESENTATION_CONTEXT() REPRESENTATION_CONTEXT('2D SPACE',''
  ) );
#4005 = PCURVE('',#3948,#4006);
#4006 = DEFINITIONAL_REPRESENTATION('',(#4007),#4011);
#4007 = LINE('',#4008,#4009);
#4008 = CARTESIAN_POINT('',(-99.99996369284,128.13964710553));
#4009 = VECTOR('',#4010,1.);
#4010 = DIRECTION('',(8.776530078395E-02,-0.996141180746));
#4011 = ( GEOMETRIC_REPRESENTATION_CONTEXT(2) 
PARAMETRIC_REPRESENTATION_CONTEXT() REPRESENTATION_CONTEXT('2D SPACE',''
  ) );
#4012 = ORIENTED_EDGE('',*,*,#4013,.F.);
#4013 = EDGE_CURVE('',#4014,#3991,#4016,.T.);
#4014 = VERTEX_POINT('',#4015);
#4015 = CARTESIAN_POINT('',(-327.,0.,80.00009863161));
#4016 = SURFACE_CURVE('',#4017,(#4021,#4028),.PCURVE_S1.);
#4017 = LINE('',#4018,#4019);
#4018 = CARTESIAN_POINT('',(-327.,0.,80.00009863161));
#4019 = VECTOR('',#4020,1.);
#4020 = DIRECTION('',(-0.,-1.,-0.));
#4021 = PCURVE('',#3974,#4022);
#4022 = DEFINITIONAL_REPRESENTATION('',(#4023),#4027);
#4023 = LINE('',#4024,#4025);
#4024 = CARTESIAN_POINT('',(227.87935747446,0.));
#4025 = VECTOR('',#4026,1.);
#4026 = DIRECTION('',(0.,-1.));
#4027 = ( GEOMETRIC_REPRESENTATION_CONTEXT(2) 
PARAMETRIC_REPRESENTATION_CONTEXT() REPRESENTATION_CONTEXT('2D SPACE',''
  ) );
#4028 = PCURVE('',#4029,#4034);
#4029 = CYLINDRICAL_SURFACE('',#4030,80.309931310698);
#4030 = AXIS2_PLACEMENT_3D('',#4031,#4032,#4033);
#4031 = CARTESIAN_POINT('',(-319.9515747225,0.,6.883013073424E-05));
#4032 = DIRECTION('',(0.,1.,-0.));
#4033 = DIRECTION('',(-8.776530078395E-02,0.,0.996141180746));
#4034 = DEFINITIONAL_REPRESENTATION('',(#4035),#4039);
#4035 = LINE('',#4036,#4037);
#4036 = CARTESIAN_POINT('',(-4.163336342344E-17,0.));
#4037 = VECTOR('',#4038,1.);
#4038 = DIRECTION('',(-0.,-1.));
#4039 = ( GEOMETRIC_REPRESENTATION_CONTEXT(2) 
PARAMETRIC_REPRESENTATION_CONTEXT() REPRESENTATION_CONTEXT('2D SPACE',''
  ) );
#4040 = ORIENTED_EDGE('',*,*,#4041,.F.);
#4041 = EDGE_CURVE('',#3872,#4014,#4042,.T.);
#4042 = SURFACE_CURVE('',#4043,(#4047,#4054),.PCURVE_S1.);
#4043 = LINE('',#4044,#4045);
#4044 = CARTESIAN_POINT('',(-99.99998777771,0.,99.999998982809));
#4045 = VECTOR('',#4046,1.);
#4046 = DIRECTION('',(-0.996141180746,0.,-8.776530078395E-02));
#4047 = PCURVE('',#3974,#4048);
#4048 = DEFINITIONAL_REPRESENTATION('',(#4049),#4053);
#4049 = LINE('',#4050,#4051);
#4050 = CARTESIAN_POINT('',(0.,0.));
#4051 = VECTOR('',#4052,1.);
#4052 = DIRECTION('',(1.,0.));
#4053 = ( GEOMETRIC_REPRESENTATION_CONTEXT(2) 
PARAMETRIC_REPRESENTATION_CONTEXT() REPRESENTATION_CONTEXT('2D SPACE',''
  ) );
#4054 = PCURVE('',#3892,#4055);
#4055 = DEFINITIONAL_REPRESENTATION('',(#4056),#4060);
#4056 = LINE('',#4057,#4058);
#4057 = CARTESIAN_POINT('',(-99.99996369284,128.13964710553));
#4058 = VECTOR('',#4059,1.);
#4059 = DIRECTION('',(8.776530078395E-02,-0.996141180746));
#4060 = ( GEOMETRIC_REPRESENTATION_CONTEXT(2) 
PARAMETRIC_REPRESENTATION_CONTEXT() REPRESENTATION_CONTEXT('2D SPACE',''
  ) );
#4061 = ADVANCED_FACE('',(#4062),#4029,.T.);
#4062 = FACE_BOUND('',#4063,.F.);
#4063 = EDGE_LOOP('',(#4064,#4065,#4089,#4117));
#4064 = ORIENTED_EDGE('',*,*,#4013,.T.);
#4065 = ORIENTED_EDGE('',*,*,#4066,.T.);
#4066 = EDGE_CURVE('',#3991,#4067,#4069,.T.);
#4067 = VERTEX_POINT('',#4068);
#4068 = CARTESIAN_POINT('',(-326.9999993167,-72.,-79.99996103154));
#4069 = SURFACE_CURVE('',#4070,(#4075,#4082),.PCURVE_S1.);
#4070 = CIRCLE('',#4071,80.309931310698);
#4071 = AXIS2_PLACEMENT_3D('',#4072,#4073,#4074);
#4072 = CARTESIAN_POINT('',(-319.9515747225,-72.,6.883013073424E-05));
#4073 = DIRECTION('',(-0.,-1.,0.));
#4074 = DIRECTION('',(-8.776530078395E-02,0.,0.996141180746));
#4075 = PCURVE('',#4029,#4076);
#4076 = DEFINITIONAL_REPRESENTATION('',(#4077),#4081);
#4077 = LINE('',#4078,#4079);
#4078 = CARTESIAN_POINT('',(-0.,-72.));
#4079 = VECTOR('',#4080,1.);
#4080 = DIRECTION('',(-1.,0.));
#4081 = ( GEOMETRIC_REPRESENTATION_CONTEXT(2) 
PARAMETRIC_REPRESENTATION_CONTEXT() REPRESENTATION_CONTEXT('2D SPACE',''
  ) );
#4082 = PCURVE('',#3948,#4083);
#4083 = DEFINITIONAL_REPRESENTATION('',(#4084),#4088);
#4084 = CIRCLE('',#4085,80.309931310698);
#4085 = AXIS2_PLACEMENT_2D('',#4086,#4087);
#4086 = CARTESIAN_POINT('',(-3.354016691107E-05,-91.81193983932));
#4087 = DIRECTION('',(-0.996141180746,-8.776530078395E-02));
#4088 = ( GEOMETRIC_REPRESENTATION_CONTEXT(2) 
PARAMETRIC_REPRESENTATION_CONTEXT() REPRESENTATION_CONTEXT('2D SPACE',''
  ) );
#4089 = ORIENTED_EDGE('',*,*,#4090,.F.);
#4090 = EDGE_CURVE('',#4091,#4067,#4093,.T.);
#4091 = VERTEX_POINT('',#4092);
#4092 = CARTESIAN_POINT('',(-326.9999993167,0.,-79.99996103154));
#4093 = SURFACE_CURVE('',#4094,(#4098,#4105),.PCURVE_S1.);
#4094 = LINE('',#4095,#4096);
#4095 = CARTESIAN_POINT('',(-326.9999993167,0.,-79.99996103154));
#4096 = VECTOR('',#4097,1.);
#4097 = DIRECTION('',(-0.,-1.,-0.));
#4098 = PCURVE('',#4029,#4099);
#4099 = DEFINITIONAL_REPRESENTATION('',(#4100),#4104);
#4100 = LINE('',#4101,#4102);
#4101 = CARTESIAN_POINT('',(-2.965835931199,0.));
#4102 = VECTOR('',#4103,1.);
#4103 = DIRECTION('',(-0.,-1.));
#4104 = ( GEOMETRIC_REPRESENTATION_CONTEXT(2) 
PARAMETRIC_REPRESENTATION_CONTEXT() REPRESENTATION_CONTEXT('2D SPACE',''
  ) );
#4105 = PCURVE('',#4106,#4111);
#4106 = PLANE('',#4107);
#4107 = AXIS2_PLACEMENT_3D('',#4108,#4109,#4110);
#4108 = CARTESIAN_POINT('',(-326.9999993167,0.,-79.99996103154));
#4109 = DIRECTION('',(8.776590934194E-02,-0.,0.996141127129));
#4110 = DIRECTION('',(0.996141127129,-0.,-8.776590934194E-02));
#4111 = DEFINITIONAL_REPRESENTATION('',(#4112),#4116);
#4112 = LINE('',#4113,#4114);
#4113 = CARTESIAN_POINT('',(0.,0.));
#4114 = VECTOR('',#4115,1.);
#4115 = DIRECTION('',(0.,-1.));
#4116 = ( GEOMETRIC_REPRESENTATION_CONTEXT(2) 
PARAMETRIC_REPRESENTATION_CONTEXT() REPRESENTATION_CONTEXT('2D SPACE',''
  ) );
#4117 = ORIENTED_EDGE('',*,*,#4118,.F.);
#4118 = EDGE_CURVE('',#4014,#4091,#4119,.T.);
#4119 = SURFACE_CURVE('',#4120,(#4125,#4132),.PCURVE_S1.);
#4120 = CIRCLE('',#4121,80.309931310698);
#4121 = AXIS2_PLACEMENT_3D('',#4122,#4123,#4124);
#4122 = CARTESIAN_POINT('',(-319.9515747225,0.,6.883013073424E-05));
#4123 = DIRECTION('',(-0.,-1.,0.));
#4124 = DIRECTION('',(-8.776530078395E-02,0.,0.996141180746));
#4125 = PCURVE('',#4029,#4126);
#4126 = DEFINITIONAL_REPRESENTATION('',(#4127),#4131);
#4127 = LINE('',#4128,#4129);
#4128 = CARTESIAN_POINT('',(-0.,0.));
#4129 = VECTOR('',#4130,1.);
#4130 = DIRECTION('',(-1.,0.));
#4131 = ( GEOMETRIC_REPRESENTATION_CONTEXT(2) 
PARAMETRIC_REPRESENTATION_CONTEXT() REPRESENTATION_CONTEXT('2D SPACE',''
  ) );
#4132 = PCURVE('',#3892,#4133);
#4133 = DEFINITIONAL_REPRESENTATION('',(#4134),#4138);
#4134 = CIRCLE('',#4135,80.309931310698);
#4135 = AXIS2_PLACEMENT_2D('',#4136,#4137);
#4136 = CARTESIAN_POINT('',(-3.354016691107E-05,-91.81193983932));
#4137 = DIRECTION('',(-0.996141180746,-8.776530078395E-02));
#4138 = ( GEOMETRIC_REPRESENTATION_CONTEXT(2) 
PARAMETRIC_REPRESENTATION_CONTEXT() REPRESENTATION_CONTEXT('2D SPACE',''
  ) );
#4139 = ADVANCED_FACE('',(#4140),#4106,.F.);
#4140 = FACE_BOUND('',#4141,.F.);
#4141 = EDGE_LOOP('',(#4142,#4143,#4166,#4189));
#4142 = ORIENTED_EDGE('',*,*,#4090,.T.);
#4143 = ORIENTED_EDGE('',*,*,#4144,.T.);
#4144 = EDGE_CURVE('',#4067,#4145,#4147,.T.);
#4145 = VERTEX_POINT('',#4146);
#4146 = CARTESIAN_POINT('',(-100.,-72.,-100.));
#4147 = SURFACE_CURVE('',#4148,(#4152,#4159),.PCURVE_S1.);
#4148 = LINE('',#4149,#4150);
#4149 = CARTESIAN_POINT('',(-326.9999993167,-72.,-79.99996103154));
#4150 = VECTOR('',#4151,1.);
#4151 = DIRECTION('',(0.996141127129,-0.,-8.776590934194E-02));
#4152 = PCURVE('',#4106,#4153);
#4153 = DEFINITIONAL_REPRESENTATION('',(#4154),#4158);
#4154 = LINE('',#4155,#4156);
#4155 = CARTESIAN_POINT('',(0.,-72.));
#4156 = VECTOR('',#4157,1.);
#4157 = DIRECTION('',(1.,0.));
#4158 = ( GEOMETRIC_REPRESENTATION_CONTEXT(2) 
PARAMETRIC_REPRESENTATION_CONTEXT() REPRESENTATION_CONTEXT('2D SPACE',''
  ) );
#4159 = PCURVE('',#3948,#4160);
#4160 = DEFINITIONAL_REPRESENTATION('',(#4161),#4165);
#4161 = LINE('',#4162,#4163);
#4162 = CARTESIAN_POINT('',(79.999996321511,-98.86036443349));
#4163 = VECTOR('',#4164,1.);
#4164 = DIRECTION('',(8.776590934194E-02,0.996141127129));
#4165 = ( GEOMETRIC_REPRESENTATION_CONTEXT(2) 
PARAMETRIC_REPRESENTATION_CONTEXT() REPRESENTATION_CONTEXT('2D SPACE',''
  ) );
#4166 = ORIENTED_EDGE('',*,*,#4167,.F.);
#4167 = EDGE_CURVE('',#4168,#4145,#4170,.T.);
#4168 = VERTEX_POINT('',#4169);
#4169 = CARTESIAN_POINT('',(-100.,0.,-100.));
#4170 = SURFACE_CURVE('',#4171,(#4175,#4182),.PCURVE_S1.);
#4171 = LINE('',#4172,#4173);
#4172 = CARTESIAN_POINT('',(-100.,0.,-100.));
#4173 = VECTOR('',#4174,1.);
#4174 = DIRECTION('',(-0.,-1.,-0.));
#4175 = PCURVE('',#4106,#4176);
#4176 = DEFINITIONAL_REPRESENTATION('',(#4177),#4181);
#4177 = LINE('',#4178,#4179);
#4178 = CARTESIAN_POINT('',(227.87935678455,0.));
#4179 = VECTOR('',#4180,1.);
#4180 = DIRECTION('',(0.,-1.));
#4181 = ( GEOMETRIC_REPRESENTATION_CONTEXT(2) 
PARAMETRIC_REPRESENTATION_CONTEXT() REPRESENTATION_CONTEXT('2D SPACE',''
  ) );
#4182 = PCURVE('',#3920,#4183);
#4183 = DEFINITIONAL_REPRESENTATION('',(#4184),#4188);
#4184 = LINE('',#4185,#4186);
#4185 = CARTESIAN_POINT('',(0.,0.));
#4186 = VECTOR('',#4187,1.);
#4187 = DIRECTION('',(0.,-1.));
#4188 = ( GEOMETRIC_REPRESENTATION_CONTEXT(2) 
PARAMETRIC_REPRESENTATION_CONTEXT() REPRESENTATION_CONTEXT('2D SPACE',''
  ) );
#4189 = ORIENTED_EDGE('',*,*,#4190,.F.);
#4190 = EDGE_CURVE('',#4091,#4168,#4191,.T.);
#4191 = SURFACE_CURVE('',#4192,(#4196,#4203),.PCURVE_S1.);
#4192 = LINE('',#4193,#4194);
#4193 = CARTESIAN_POINT('',(-326.9999993167,0.,-79.99996103154));
#4194 = VECTOR('',#4195,1.);
#4195 = DIRECTION('',(0.996141127129,-0.,-8.776590934194E-02));
#4196 = PCURVE('',#4106,#4197);
#4197 = DEFINITIONAL_REPRESENTATION('',(#4198),#4202);
#4198 = LINE('',#4199,#4200);
#4199 = CARTESIAN_POINT('',(0.,0.));
#4200 = VECTOR('',#4201,1.);
#4201 = DIRECTION('',(1.,0.));
#4202 = ( GEOMETRIC_REPRESENTATION_CONTEXT(2) 
PARAMETRIC_REPRESENTATION_CONTEXT() REPRESENTATION_CONTEXT('2D SPACE',''
  ) );
#4203 = PCURVE('',#3892,#4204);
#4204 = DEFINITIONAL_REPRESENTATION('',(#4205),#4209);
#4205 = LINE('',#4206,#4207);
#4206 = CARTESIAN_POINT('',(79.999996321511,-98.86036443349));
#4207 = VECTOR('',#4208,1.);
#4208 = DIRECTION('',(8.776590934194E-02,0.996141127129));
#4209 = ( GEOMETRIC_REPRESENTATION_CONTEXT(2) 
PARAMETRIC_REPRESENTATION_CONTEXT() REPRESENTATION_CONTEXT('2D SPACE',''
  ) );
#4210 = ADVANCED_FACE('',(#4211),#3920,.F.);
#4211 = FACE_BOUND('',#4212,.F.);
#4212 = EDGE_LOOP('',(#4213,#4234,#4235,#4256));
#4213 = ORIENTED_EDGE('',*,*,#4214,.F.);
#4214 = EDGE_CURVE('',#4168,#3870,#4215,.T.);
#4215 = SURFACE_CURVE('',#4216,(#4220,#4227),.PCURVE_S1.);
#4216 = LINE('',#4217,#4218);
#4217 = CARTESIAN_POINT('',(-100.,0.,-100.));
#4218 = VECTOR('',#4219,1.);
#4219 = DIRECTION('',(1.222228172173E-07,0.,1.));
#4220 = PCURVE('',#3920,#4221);
#4221 = DEFINITIONAL_REPRESENTATION('',(#4222),#4226);
#4222 = LINE('',#4223,#4224);
#4223 = CARTESIAN_POINT('',(0.,0.));
#4224 = VECTOR('',#4225,1.);
#4225 = DIRECTION('',(1.,0.));
#4226 = ( GEOMETRIC_REPRESENTATION_CONTEXT(2) 
PARAMETRIC_REPRESENTATION_CONTEXT() REPRESENTATION_CONTEXT('2D SPACE',''
  ) );
#4227 = PCURVE('',#3892,#4228);
#4228 = DEFINITIONAL_REPRESENTATION('',(#4229),#4233);
#4229 = LINE('',#4230,#4231);
#4230 = CARTESIAN_POINT('',(100.00003528996,128.13963488325));
#4231 = VECTOR('',#4232,1.);
#4232 = DIRECTION('',(-1.,1.222228172173E-07));
#4233 = ( GEOMETRIC_REPRESENTATION_CONTEXT(2) 
PARAMETRIC_REPRESENTATION_CONTEXT() REPRESENTATION_CONTEXT('2D SPACE',''
  ) );
#4234 = ORIENTED_EDGE('',*,*,#4167,.T.);
#4235 = ORIENTED_EDGE('',*,*,#4236,.F.);
#4236 = EDGE_CURVE('',#3905,#4145,#4237,.T.);
#4237 = SURFACE_CURVE('',#4238,(#4242,#4249),.PCURVE_S1.);
#4238 = LINE('',#4239,#4240);
#4239 = CARTESIAN_POINT('',(-99.99998777771,-72.,-1.017190556405E-06));
#4240 = VECTOR('',#4241,1.);
#4241 = DIRECTION('',(-1.22222817218E-07,0.,-1.));
#4242 = PCURVE('',#3920,#4243);
#4243 = DEFINITIONAL_REPRESENTATION('',(#4244),#4248);
#4244 = LINE('',#4245,#4246);
#4245 = CARTESIAN_POINT('',(99.99999898281,-72.));
#4246 = VECTOR('',#4247,1.);
#4247 = DIRECTION('',(-1.,0.));
#4248 = ( GEOMETRIC_REPRESENTATION_CONTEXT(2) 
PARAMETRIC_REPRESENTATION_CONTEXT() REPRESENTATION_CONTEXT('2D SPACE',''
  ) );
#4249 = PCURVE('',#3948,#4250);
#4250 = DEFINITIONAL_REPRESENTATION('',(#4251),#4255);
#4251 = LINE('',#4252,#4253);
#4252 = CARTESIAN_POINT('',(3.630715437957E-05,128.13964710553));
#4253 = VECTOR('',#4254,1.);
#4254 = DIRECTION('',(1.,-1.22222817218E-07));
#4255 = ( GEOMETRIC_REPRESENTATION_CONTEXT(2) 
PARAMETRIC_REPRESENTATION_CONTEXT() REPRESENTATION_CONTEXT('2D SPACE',''
  ) );
#4256 = ORIENTED_EDGE('',*,*,#3904,.T.);
#4257 = ADVANCED_FACE('',(#4258),#3892,.F.);
#4258 = FACE_BOUND('',#4259,.F.);
#4259 = EDGE_LOOP('',(#4260,#4261,#4262,#4263,#4264));
#4260 = ORIENTED_EDGE('',*,*,#3869,.T.);
#4261 = ORIENTED_EDGE('',*,*,#4041,.T.);
#4262 = ORIENTED_EDGE('',*,*,#4118,.T.);
#4263 = ORIENTED_EDGE('',*,*,#4190,.T.);
#4264 = ORIENTED_EDGE('',*,*,#4214,.T.);
#4265 = ADVANCED_FACE('',(#4266),#3948,.T.);
#4266 = FACE_BOUND('',#4267,.T.);
#4267 = EDGE_LOOP('',(#4268,#4269,#4270,#4271,#4272));
#4268 = ORIENTED_EDGE('',*,*,#4236,.F.);
#4269 = ORIENTED_EDGE('',*,*,#3932,.F.);
#4270 = ORIENTED_EDGE('',*,*,#3990,.T.);
#4271 = ORIENTED_EDGE('',*,*,#4066,.T.);
#4272 = ORIENTED_EDGE('',*,*,#4144,.T.);
#4273 = MANIFOLD_SOLID_BREP('PartBody',#4274);
#4274 = CLOSED_SHELL('',(#4275,#4395,#4471,#4549,#4620,#4769,#4839,#4846
    ,#4916));
#4275 = ADVANCED_FACE('',(#4276),#4290,.F.);
#4276 = FACE_BOUND('',#4277,.F.);
#4277 = EDGE_LOOP('',(#4278,#4313,#4341,#4369));
#4278 = ORIENTED_EDGE('',*,*,#4279,.T.);
#4279 = EDGE_CURVE('',#4280,#4282,#4284,.T.);
#4280 = VERTEX_POINT('',#4281);
#4281 = CARTESIAN_POINT('',(6.372210074902E-06,0.,-124.9999603148));
#4282 = VERTEX_POINT('',#4283);
#4283 = CARTESIAN_POINT('',(6.372210074902E-06,-42.,-124.9999603148));
#4284 = SURFACE_CURVE('',#4285,(#4289,#4301),.PCURVE_S1.);
#4285 = LINE('',#4286,#4287);
#4286 = CARTESIAN_POINT('',(6.372210074902E-06,0.,-124.9999603148));
#4287 = VECTOR('',#4288,1.);
#4288 = DIRECTION('',(0.,-1.,0.));
#4289 = PCURVE('',#4290,#4295);
#4290 = PLANE('',#4291);
#4291 = AXIS2_PLACEMENT_3D('',#4292,#4293,#4294);
#4292 = CARTESIAN_POINT('',(6.372210074902E-06,0.,-124.9999603148));
#4293 = DIRECTION('',(-0.,-0.,-1.));
#4294 = DIRECTION('',(-1.,0.,0.));
#4295 = DEFINITIONAL_REPRESENTATION('',(#4296),#4300);
#4296 = LINE('',#4297,#4298);
#4297 = CARTESIAN_POINT('',(0.,0.));
#4298 = VECTOR('',#4299,1.);
#4299 = DIRECTION('',(0.,-1.));
#4300 = ( GEOMETRIC_REPRESENTATION_CONTEXT(2) 
PARAMETRIC_REPRESENTATION_CONTEXT() REPRESENTATION_CONTEXT('2D SPACE',''
  ) );
#4301 = PCURVE('',#4302,#4307);
#4302 = PLANE('',#4303);
#4303 = AXIS2_PLACEMENT_3D('',#4304,#4305,#4306);
#4304 = CARTESIAN_POINT('',(84.,0.,-125.));
#4305 = DIRECTION('',(-4.724421530806E-07,-0.,-1.));
#4306 = DIRECTION('',(-1.,0.,4.724421530806E-07));
#4307 = DEFINITIONAL_REPRESENTATION('',(#4308),#4312);
#4308 = LINE('',#4309,#4310);
#4309 = CARTESIAN_POINT('',(83.999993627799,0.));
#4310 = VECTOR('',#4311,1.);
#4311 = DIRECTION('',(0.,-1.));
#4312 = ( GEOMETRIC_REPRESENTATION_CONTEXT(2) 
PARAMETRIC_REPRESENTATION_CONTEXT() REPRESENTATION_CONTEXT('2D SPACE',''
  ) );
#4313 = ORIENTED_EDGE('',*,*,#4314,.T.);
#4314 = EDGE_CURVE('',#4282,#4315,#4317,.T.);
#4315 = VERTEX_POINT('',#4316);
#4316 = CARTESIAN_POINT('',(-83.99999362779,-42.,-124.9999603148));
#4317 = SURFACE_CURVE('',#4318,(#4322,#4329),.PCURVE_S1.);
#4318 = LINE('',#4319,#4320);
#4319 = CARTESIAN_POINT('',(6.372210074902E-06,-42.,-124.9999603148));
#4320 = VECTOR('',#4321,1.);
#4321 = DIRECTION('',(-1.,0.,0.));
#4322 = PCURVE('',#4290,#4323);
#4323 = DEFINITIONAL_REPRESENTATION('',(#4324),#4328);
#4324 = LINE('',#4325,#4326);
#4325 = CARTESIAN_POINT('',(0.,-42.));
#4326 = VECTOR('',#4327,1.);
#4327 = DIRECTION('',(1.,0.));
#4328 = ( GEOMETRIC_REPRESENTATION_CONTEXT(2) 
PARAMETRIC_REPRESENTATION_CONTEXT() REPRESENTATION_CONTEXT('2D SPACE',''
  ) );
#4329 = PCURVE('',#4330,#4335);
#4330 = PLANE('',#4331);
#4331 = AXIS2_PLACEMENT_3D('',#4332,#4333,#4334);
#4332 = CARTESIAN_POINT('',(-8.165936334563E-05,-42.,-207.8601321853));
#4333 = DIRECTION('',(-0.,-1.,-0.));
#4334 = DIRECTION('',(0.,0.,-1.));
#4335 = DEFINITIONAL_REPRESENTATION('',(#4336),#4340);
#4336 = LINE('',#4337,#4338);
#4337 = CARTESIAN_POINT('',(-82.86017187052,8.803157342053E-05));
#4338 = VECTOR('',#4339,1.);
#4339 = DIRECTION('',(0.,-1.));
#4340 = ( GEOMETRIC_REPRESENTATION_CONTEXT(2) 
PARAMETRIC_REPRESENTATION_CONTEXT() REPRESENTATION_CONTEXT('2D SPACE',''
  ) );
#4341 = ORIENTED_EDGE('',*,*,#4342,.F.);
#4342 = EDGE_CURVE('',#4343,#4315,#4345,.T.);
#4343 = VERTEX_POINT('',#4344);
#4344 = CARTESIAN_POINT('',(-83.99999362779,0.,-124.9999603148));
#4345 = SURFACE_CURVE('',#4346,(#4350,#4357),.PCURVE_S1.);
#4346 = LINE('',#4347,#4348);
#4347 = CARTESIAN_POINT('',(-83.99999362779,0.,-124.9999603148));
#4348 = VECTOR('',#4349,1.);
#4349 = DIRECTION('',(0.,-1.,0.));
#4350 = PCURVE('',#4290,#4351);
#4351 = DEFINITIONAL_REPRESENTATION('',(#4352),#4356);
#4352 = LINE('',#4353,#4354);
#4353 = CARTESIAN_POINT('',(84.,0.));
#4354 = VECTOR('',#4355,1.);
#4355 = DIRECTION('',(0.,-1.));
#4356 = ( GEOMETRIC_REPRESENTATION_CONTEXT(2) 
PARAMETRIC_REPRESENTATION_CONTEXT() REPRESENTATION_CONTEXT('2D SPACE',''
  ) );
#4357 = PCURVE('',#4358,#4363);
#4358 = PLANE('',#4359);
#4359 = AXIS2_PLACEMENT_3D('',#4360,#4361,#4362);
#4360 = CARTESIAN_POINT('',(-83.99999362779,0.,-124.9999603148));
#4361 = DIRECTION('',(0.992810218316,0.,0.119699082736));
#4362 = DIRECTION('',(0.119699082736,0.,-0.992810218316));
#4363 = DEFINITIONAL_REPRESENTATION('',(#4364),#4368);
#4364 = LINE('',#4365,#4366);
#4365 = CARTESIAN_POINT('',(0.,0.));
#4366 = VECTOR('',#4367,1.);
#4367 = DIRECTION('',(0.,-1.));
#4368 = ( GEOMETRIC_REPRESENTATION_CONTEXT(2) 
PARAMETRIC_REPRESENTATION_CONTEXT() REPRESENTATION_CONTEXT('2D SPACE',''
  ) );
#4369 = ORIENTED_EDGE('',*,*,#4370,.F.);
#4370 = EDGE_CURVE('',#4280,#4343,#4371,.T.);
#4371 = SURFACE_CURVE('',#4372,(#4376,#4383),.PCURVE_S1.);
#4372 = LINE('',#4373,#4374);
#4373 = CARTESIAN_POINT('',(6.372210074902E-06,0.,-124.9999603148));
#4374 = VECTOR('',#4375,1.);
#4375 = DIRECTION('',(-1.,0.,0.));
#4376 = PCURVE('',#4290,#4377);
#4377 = DEFINITIONAL_REPRESENTATION('',(#4378),#4382);
#4378 = LINE('',#4379,#4380);
#4379 = CARTESIAN_POINT('',(0.,0.));
#4380 = VECTOR('',#4381,1.);
#4381 = DIRECTION('',(1.,0.));
#4382 = ( GEOMETRIC_REPRESENTATION_CONTEXT(2) 
PARAMETRIC_REPRESENTATION_CONTEXT() REPRESENTATION_CONTEXT('2D SPACE',''
  ) );
#4383 = PCURVE('',#4384,#4389);
#4384 = PLANE('',#4385);
#4385 = AXIS2_PLACEMENT_3D('',#4386,#4387,#4388);
#4386 = CARTESIAN_POINT('',(-8.165936334563E-05,0.,-207.8601321853));
#4387 = DIRECTION('',(-0.,-1.,-0.));
#4388 = DIRECTION('',(0.,0.,-1.));
#4389 = DEFINITIONAL_REPRESENTATION('',(#4390),#4394);
#4390 = LINE('',#4391,#4392);
#4391 = CARTESIAN_POINT('',(-82.86017187052,8.803157342053E-05));
#4392 = VECTOR('',#4393,1.);
#4393 = DIRECTION('',(0.,-1.));
#4394 = ( GEOMETRIC_REPRESENTATION_CONTEXT(2) 
PARAMETRIC_REPRESENTATION_CONTEXT() REPRESENTATION_CONTEXT('2D SPACE',''
  ) );
#4395 = ADVANCED_FACE('',(#4396),#4358,.F.);
#4396 = FACE_BOUND('',#4397,.F.);
#4397 = EDGE_LOOP('',(#4398,#4399,#4422,#4450));
#4398 = ORIENTED_EDGE('',*,*,#4342,.T.);
#4399 = ORIENTED_EDGE('',*,*,#4400,.T.);
#4400 = EDGE_CURVE('',#4315,#4401,#4403,.T.);
#4401 = VERTEX_POINT('',#4402);
#4402 = CARTESIAN_POINT('',(-67.00019335906,-42.,-266.));
#4403 = SURFACE_CURVE('',#4404,(#4408,#4415),.PCURVE_S1.);
#4404 = LINE('',#4405,#4406);
#4405 = CARTESIAN_POINT('',(-83.99999362779,-42.,-124.9999603148));
#4406 = VECTOR('',#4407,1.);
#4407 = DIRECTION('',(0.119699082736,-0.,-0.992810218316));
#4408 = PCURVE('',#4358,#4409);
#4409 = DEFINITIONAL_REPRESENTATION('',(#4410),#4414);
#4410 = LINE('',#4411,#4412);
#4411 = CARTESIAN_POINT('',(0.,-42.));
#4412 = VECTOR('',#4413,1.);
#4413 = DIRECTION('',(1.,-0.));
#4414 = ( GEOMETRIC_REPRESENTATION_CONTEXT(2) 
PARAMETRIC_REPRESENTATION_CONTEXT() REPRESENTATION_CONTEXT('2D SPACE',''
  ) );
#4415 = PCURVE('',#4330,#4416);
#4416 = DEFINITIONAL_REPRESENTATION('',(#4417),#4421);
#4417 = LINE('',#4418,#4419);
#4418 = CARTESIAN_POINT('',(-82.86017187052,-83.99991196842));
#4419 = VECTOR('',#4420,1.);
#4420 = DIRECTION('',(0.992810218316,0.119699082736));
#4421 = ( GEOMETRIC_REPRESENTATION_CONTEXT(2) 
PARAMETRIC_REPRESENTATION_CONTEXT() REPRESENTATION_CONTEXT('2D SPACE',''
  ) );
#4422 = ORIENTED_EDGE('',*,*,#4423,.F.);
#4423 = EDGE_CURVE('',#4424,#4401,#4426,.T.);
#4424 = VERTEX_POINT('',#4425);
#4425 = CARTESIAN_POINT('',(-67.00019335906,0.,-266.));
#4426 = SURFACE_CURVE('',#4427,(#4431,#4438),.PCURVE_S1.);
#4427 = LINE('',#4428,#4429);
#4428 = CARTESIAN_POINT('',(-67.00019335906,0.,-266.));
#4429 = VECTOR('',#4430,1.);
#4430 = DIRECTION('',(0.,-1.,0.));
#4431 = PCURVE('',#4358,#4432);
#4432 = DEFINITIONAL_REPRESENTATION('',(#4433),#4437);
#4433 = LINE('',#4434,#4435);
#4434 = CARTESIAN_POINT('',(142.02114068119,0.));
#4435 = VECTOR('',#4436,1.);
#4436 = DIRECTION('',(0.,-1.));
#4437 = ( GEOMETRIC_REPRESENTATION_CONTEXT(2) 
PARAMETRIC_REPRESENTATION_CONTEXT() REPRESENTATION_CONTEXT('2D SPACE',''
  ) );
#4438 = PCURVE('',#4439,#4444);
#4439 = CYLINDRICAL_SURFACE('',#4440,67.485236240109);
#4440 = AXIS2_PLACEMENT_3D('',#4441,#4442,#4443);
#4441 = CARTESIAN_POINT('',(-1.612344370344E-04,0.,-257.9220791238));
#4442 = DIRECTION('',(0.,1.,-0.));
#4443 = DIRECTION('',(-0.992810218316,0.,-0.119699082736));
#4444 = DEFINITIONAL_REPRESENTATION('',(#4445),#4449);
#4445 = LINE('',#4446,#4447);
#4446 = CARTESIAN_POINT('',(-4.163336342344E-17,0.));
#4447 = VECTOR('',#4448,1.);
#4448 = DIRECTION('',(-0.,-1.));
#4449 = ( GEOMETRIC_REPRESENTATION_CONTEXT(2) 
PARAMETRIC_REPRESENTATION_CONTEXT() REPRESENTATION_CONTEXT('2D SPACE',''
  ) );
#4450 = ORIENTED_EDGE('',*,*,#4451,.F.);
#4451 = EDGE_CURVE('',#4343,#4424,#4452,.T.);
#4452 = SURFACE_CURVE('',#4453,(#4457,#4464),.PCURVE_S1.);
#4453 = LINE('',#4454,#4455);
#4454 = CARTESIAN_POINT('',(-83.99999362779,0.,-124.9999603148));
#4455 = VECTOR('',#4456,1.);
#4456 = DIRECTION('',(0.119699082736,-0.,-0.992810218316));
#4457 = PCURVE('',#4358,#4458);
#4458 = DEFINITIONAL_REPRESENTATION('',(#4459),#4463);
#4459 = LINE('',#4460,#4461);
#4460 = CARTESIAN_POINT('',(0.,0.));
#4461 = VECTOR('',#4462,1.);
#4462 = DIRECTION('',(1.,-0.));
#4463 = ( GEOMETRIC_REPRESENTATION_CONTEXT(2) 
PARAMETRIC_REPRESENTATION_CONTEXT() REPRESENTATION_CONTEXT('2D SPACE',''
  ) );
#4464 = PCURVE('',#4384,#4465);
#4465 = DEFINITIONAL_REPRESENTATION('',(#4466),#4470);
#4466 = LINE('',#4467,#4468);
#4467 = CARTESIAN_POINT('',(-82.86017187052,-83.99991196842));
#4468 = VECTOR('',#4469,1.);
#4469 = DIRECTION('',(0.992810218316,0.119699082736));
#4470 = ( GEOMETRIC_REPRESENTATION_CONTEXT(2) 
PARAMETRIC_REPRESENTATION_CONTEXT() REPRESENTATION_CONTEXT('2D SPACE',''
  ) );
#4471 = ADVANCED_FACE('',(#4472),#4439,.T.);
#4472 = FACE_BOUND('',#4473,.F.);
#4473 = EDGE_LOOP('',(#4474,#4475,#4499,#4527));
#4474 = ORIENTED_EDGE('',*,*,#4423,.T.);
#4475 = ORIENTED_EDGE('',*,*,#4476,.T.);
#4476 = EDGE_CURVE('',#4401,#4477,#4479,.T.);
#4477 = VERTEX_POINT('',#4478);
#4478 = CARTESIAN_POINT('',(66.999871169325,-42.,-265.9999976848));
#4479 = SURFACE_CURVE('',#4480,(#4485,#4492),.PCURVE_S1.);
#4480 = CIRCLE('',#4481,67.485236240109);
#4481 = AXIS2_PLACEMENT_3D('',#4482,#4483,#4484);
#4482 = CARTESIAN_POINT('',(-1.612344370344E-04,-42.,-257.9220791238));
#4483 = DIRECTION('',(-0.,-1.,0.));
#4484 = DIRECTION('',(-0.992810218316,0.,-0.119699082736));
#4485 = PCURVE('',#4439,#4486);
#4486 = DEFINITIONAL_REPRESENTATION('',(#4487),#4491);
#4487 = LINE('',#4488,#4489);
#4488 = CARTESIAN_POINT('',(-0.,-42.));
#4489 = VECTOR('',#4490,1.);
#4490 = DIRECTION('',(-1.,0.));
#4491 = ( GEOMETRIC_REPRESENTATION_CONTEXT(2) 
PARAMETRIC_REPRESENTATION_CONTEXT() REPRESENTATION_CONTEXT('2D SPACE',''
  ) );
#4492 = PCURVE('',#4330,#4493);
#4493 = DEFINITIONAL_REPRESENTATION('',(#4494),#4498);
#4494 = CIRCLE('',#4495,67.485236240109);
#4495 = AXIS2_PLACEMENT_2D('',#4496,#4497);
#4496 = CARTESIAN_POINT('',(50.061946938419,-7.95750736888E-05));
#4497 = DIRECTION('',(0.119699082736,-0.992810218316));
#4498 = ( GEOMETRIC_REPRESENTATION_CONTEXT(2) 
PARAMETRIC_REPRESENTATION_CONTEXT() REPRESENTATION_CONTEXT('2D SPACE',''
  ) );
#4499 = ORIENTED_EDGE('',*,*,#4500,.F.);
#4500 = EDGE_CURVE('',#4501,#4477,#4503,.T.);
#4501 = VERTEX_POINT('',#4502);
#4502 = CARTESIAN_POINT('',(66.999871169325,-0.,-265.9999976848));
#4503 = SURFACE_CURVE('',#4504,(#4508,#4515),.PCURVE_S1.);
#4504 = LINE('',#4505,#4506);
#4505 = CARTESIAN_POINT('',(66.999871169325,-0.,-265.9999976848));
#4506 = VECTOR('',#4507,1.);
#4507 = DIRECTION('',(0.,-1.,0.));
#4508 = PCURVE('',#4439,#4509);
#4509 = DEFINITIONAL_REPRESENTATION('',(#4510),#4514);
#4510 = LINE('',#4511,#4512);
#4511 = CARTESIAN_POINT('',(-2.901619127363,0.));
#4512 = VECTOR('',#4513,1.);
#4513 = DIRECTION('',(-0.,-1.));
#4514 = ( GEOMETRIC_REPRESENTATION_CONTEXT(2) 
PARAMETRIC_REPRESENTATION_CONTEXT() REPRESENTATION_CONTEXT('2D SPACE',''
  ) );
#4515 = PCURVE('',#4516,#4521);
#4516 = PLANE('',#4517);
#4517 = AXIS2_PLACEMENT_3D('',#4518,#4519,#4520);
#4518 = CARTESIAN_POINT('',(66.999871169325,0.,-265.9999976848));
#4519 = DIRECTION('',(-0.992809939146,0.,0.119701398206));
#4520 = DIRECTION('',(0.119701398206,0.,0.992809939146));
#4521 = DEFINITIONAL_REPRESENTATION('',(#4522),#4526);
#4522 = LINE('',#4523,#4524);
#4523 = CARTESIAN_POINT('',(0.,0.));
#4524 = VECTOR('',#4525,1.);
#4525 = DIRECTION('',(0.,-1.));
#4526 = ( GEOMETRIC_REPRESENTATION_CONTEXT(2) 
PARAMETRIC_REPRESENTATION_CONTEXT() REPRESENTATION_CONTEXT('2D SPACE',''
  ) );
#4527 = ORIENTED_EDGE('',*,*,#4528,.F.);
#4528 = EDGE_CURVE('',#4424,#4501,#4529,.T.);
#4529 = SURFACE_CURVE('',#4530,(#4535,#4542),.PCURVE_S1.);
#4530 = CIRCLE('',#4531,67.485236240109);
#4531 = AXIS2_PLACEMENT_3D('',#4532,#4533,#4534);
#4532 = CARTESIAN_POINT('',(-1.612344370344E-04,0.,-257.9220791238));
#4533 = DIRECTION('',(-0.,-1.,0.));
#4534 = DIRECTION('',(-0.992810218316,0.,-0.119699082736));
#4535 = PCURVE('',#4439,#4536);
#4536 = DEFINITIONAL_REPRESENTATION('',(#4537),#4541);
#4537 = LINE('',#4538,#4539);
#4538 = CARTESIAN_POINT('',(-0.,0.));
#4539 = VECTOR('',#4540,1.);
#4540 = DIRECTION('',(-1.,0.));
#4541 = ( GEOMETRIC_REPRESENTATION_CONTEXT(2) 
PARAMETRIC_REPRESENTATION_CONTEXT() REPRESENTATION_CONTEXT('2D SPACE',''
  ) );
#4542 = PCURVE('',#4384,#4543);
#4543 = DEFINITIONAL_REPRESENTATION('',(#4544),#4548);
#4544 = CIRCLE('',#4545,67.485236240109);
#4545 = AXIS2_PLACEMENT_2D('',#4546,#4547);
#4546 = CARTESIAN_POINT('',(50.061946938419,-7.95750736888E-05));
#4547 = DIRECTION('',(0.119699082736,-0.992810218316));
#4548 = ( GEOMETRIC_REPRESENTATION_CONTEXT(2) 
PARAMETRIC_REPRESENTATION_CONTEXT() REPRESENTATION_CONTEXT('2D SPACE',''
  ) );
#4549 = ADVANCED_FACE('',(#4550),#4516,.F.);
#4550 = FACE_BOUND('',#4551,.F.);
#4551 = EDGE_LOOP('',(#4552,#4553,#4576,#4599));
#4552 = ORIENTED_EDGE('',*,*,#4500,.T.);
#4553 = ORIENTED_EDGE('',*,*,#4554,.T.);
#4554 = EDGE_CURVE('',#4477,#4555,#4557,.T.);
#4555 = VERTEX_POINT('',#4556);
#4556 = CARTESIAN_POINT('',(84.,-42.,-125.));
#4557 = SURFACE_CURVE('',#4558,(#4562,#4569),.PCURVE_S1.);
#4558 = LINE('',#4559,#4560);
#4559 = CARTESIAN_POINT('',(66.999871169325,-42.,-265.9999976848));
#4560 = VECTOR('',#4561,1.);
#4561 = DIRECTION('',(0.119701398206,0.,0.992809939146));
#4562 = PCURVE('',#4516,#4563);
#4563 = DEFINITIONAL_REPRESENTATION('',(#4564),#4568);
#4564 = LINE('',#4565,#4566);
#4565 = CARTESIAN_POINT('',(0.,-42.));
#4566 = VECTOR('',#4567,1.);
#4567 = DIRECTION('',(1.,0.));
#4568 = ( GEOMETRIC_REPRESENTATION_CONTEXT(2) 
PARAMETRIC_REPRESENTATION_CONTEXT() REPRESENTATION_CONTEXT('2D SPACE',''
  ) );
#4569 = PCURVE('',#4330,#4570);
#4570 = DEFINITIONAL_REPRESENTATION('',(#4571),#4575);
#4571 = LINE('',#4572,#4573);
#4572 = CARTESIAN_POINT('',(58.139865499427,66.999952828688));
#4573 = VECTOR('',#4574,1.);
#4574 = DIRECTION('',(-0.992809939146,0.119701398206));
#4575 = ( GEOMETRIC_REPRESENTATION_CONTEXT(2) 
PARAMETRIC_REPRESENTATION_CONTEXT() REPRESENTATION_CONTEXT('2D SPACE',''
  ) );
#4576 = ORIENTED_EDGE('',*,*,#4577,.F.);
#4577 = EDGE_CURVE('',#4578,#4555,#4580,.T.);
#4578 = VERTEX_POINT('',#4579);
#4579 = CARTESIAN_POINT('',(84.,-0.,-125.));
#4580 = SURFACE_CURVE('',#4581,(#4585,#4592),.PCURVE_S1.);
#4581 = LINE('',#4582,#4583);
#4582 = CARTESIAN_POINT('',(84.,-0.,-125.));
#4583 = VECTOR('',#4584,1.);
#4584 = DIRECTION('',(0.,-1.,0.));
#4585 = PCURVE('',#4516,#4586);
#4586 = DEFINITIONAL_REPRESENTATION('',(#4587),#4591);
#4587 = LINE('',#4588,#4589);
#4588 = CARTESIAN_POINT('',(142.02113831179,0.));
#4589 = VECTOR('',#4590,1.);
#4590 = DIRECTION('',(0.,-1.));
#4591 = ( GEOMETRIC_REPRESENTATION_CONTEXT(2) 
PARAMETRIC_REPRESENTATION_CONTEXT() REPRESENTATION_CONTEXT('2D SPACE',''
  ) );
#4592 = PCURVE('',#4302,#4593);
#4593 = DEFINITIONAL_REPRESENTATION('',(#4594),#4598);
#4594 = LINE('',#4595,#4596);
#4595 = CARTESIAN_POINT('',(0.,0.));
#4596 = VECTOR('',#4597,1.);
#4597 = DIRECTION('',(0.,-1.));
#4598 = ( GEOMETRIC_REPRESENTATION_CONTEXT(2) 
PARAMETRIC_REPRESENTATION_CONTEXT() REPRESENTATION_CONTEXT('2D SPACE',''
  ) );
#4599 = ORIENTED_EDGE('',*,*,#4600,.F.);
#4600 = EDGE_CURVE('',#4501,#4578,#4601,.T.);
#4601 = SURFACE_CURVE('',#4602,(#4606,#4613),.PCURVE_S1.);
#4602 = LINE('',#4603,#4604);
#4603 = CARTESIAN_POINT('',(66.999871169325,-0.,-265.9999976848));
#4604 = VECTOR('',#4605,1.);
#4605 = DIRECTION('',(0.119701398206,0.,0.992809939146));
#4606 = PCURVE('',#4516,#4607);
#4607 = DEFINITIONAL_REPRESENTATION('',(#4608),#4612);
#4608 = LINE('',#4609,#4610);
#4609 = CARTESIAN_POINT('',(0.,0.));
#4610 = VECTOR('',#4611,1.);
#4611 = DIRECTION('',(1.,0.));
#4612 = ( GEOMETRIC_REPRESENTATION_CONTEXT(2) 
PARAMETRIC_REPRESENTATION_CONTEXT() REPRESENTATION_CONTEXT('2D SPACE',''
  ) );
#4613 = PCURVE('',#4384,#4614);
#4614 = DEFINITIONAL_REPRESENTATION('',(#4615),#4619);
#4615 = LINE('',#4616,#4617);
#4616 = CARTESIAN_POINT('',(58.139865499427,66.999952828688));
#4617 = VECTOR('',#4618,1.);
#4618 = DIRECTION('',(-0.992809939146,0.119701398206));
#4619 = ( GEOMETRIC_REPRESENTATION_CONTEXT(2) 
PARAMETRIC_REPRESENTATION_CONTEXT() REPRESENTATION_CONTEXT('2D SPACE',''
  ) );
#4620 = ADVANCED_FACE('',(#4621),#4302,.F.);
#4621 = FACE_BOUND('',#4622,.F.);
#4622 = EDGE_LOOP('',(#4623,#4646,#4647,#4670,#4698,#4719,#4720,#4743));
#4623 = ORIENTED_EDGE('',*,*,#4624,.F.);
#4624 = EDGE_CURVE('',#4578,#4625,#4627,.T.);
#4625 = VERTEX_POINT('',#4626);
#4626 = CARTESIAN_POINT('',(55.6,0.,-124.9999865826));
#4627 = SURFACE_CURVE('',#4628,(#4632,#4639),.PCURVE_S1.);
#4628 = LINE('',#4629,#4630);
#4629 = CARTESIAN_POINT('',(84.,-0.,-125.));
#4630 = VECTOR('',#4631,1.);
#4631 = DIRECTION('',(-1.,0.,4.724421530806E-07));
#4632 = PCURVE('',#4302,#4633);
#4633 = DEFINITIONAL_REPRESENTATION('',(#4634),#4638);
#4634 = LINE('',#4635,#4636);
#4635 = CARTESIAN_POINT('',(0.,0.));
#4636 = VECTOR('',#4637,1.);
#4637 = DIRECTION('',(1.,0.));
#4638 = ( GEOMETRIC_REPRESENTATION_CONTEXT(2) 
PARAMETRIC_REPRESENTATION_CONTEXT() REPRESENTATION_CONTEXT('2D SPACE',''
  ) );
#4639 = PCURVE('',#4384,#4640);
#4640 = DEFINITIONAL_REPRESENTATION('',(#4641),#4645);
#4641 = LINE('',#4642,#4643);
#4642 = CARTESIAN_POINT('',(-82.86013218538,84.000081659363));
#4643 = VECTOR('',#4644,1.);
#4644 = DIRECTION('',(-4.724421530806E-07,-1.));
#4645 = ( GEOMETRIC_REPRESENTATION_CONTEXT(2) 
PARAMETRIC_REPRESENTATION_CONTEXT() REPRESENTATION_CONTEXT('2D SPACE',''
  ) );
#4646 = ORIENTED_EDGE('',*,*,#4577,.T.);
#4647 = ORIENTED_EDGE('',*,*,#4648,.T.);
#4648 = EDGE_CURVE('',#4555,#4649,#4651,.T.);
#4649 = VERTEX_POINT('',#4650);
#4650 = CARTESIAN_POINT('',(55.6,-42.,-124.9999865826));
#4651 = SURFACE_CURVE('',#4652,(#4656,#4663),.PCURVE_S1.);
#4652 = LINE('',#4653,#4654);
#4653 = CARTESIAN_POINT('',(84.,-42.,-125.));
#4654 = VECTOR('',#4655,1.);
#4655 = DIRECTION('',(-1.,0.,4.724421530806E-07));
#4656 = PCURVE('',#4302,#4657);
#4657 = DEFINITIONAL_REPRESENTATION('',(#4658),#4662);
#4658 = LINE('',#4659,#4660);
#4659 = CARTESIAN_POINT('',(0.,-42.));
#4660 = VECTOR('',#4661,1.);
#4661 = DIRECTION('',(1.,0.));
#4662 = ( GEOMETRIC_REPRESENTATION_CONTEXT(2) 
PARAMETRIC_REPRESENTATION_CONTEXT() REPRESENTATION_CONTEXT('2D SPACE',''
  ) );
#4663 = PCURVE('',#4330,#4664);
#4664 = DEFINITIONAL_REPRESENTATION('',(#4665),#4669);
#4665 = LINE('',#4666,#4667);
#4666 = CARTESIAN_POINT('',(-82.86013218538,84.000081659363));
#4667 = VECTOR('',#4668,1.);
#4668 = DIRECTION('',(-4.724421530806E-07,-1.));
#4669 = ( GEOMETRIC_REPRESENTATION_CONTEXT(2) 
PARAMETRIC_REPRESENTATION_CONTEXT() REPRESENTATION_CONTEXT('2D SPACE',''
  ) );
#4670 = ORIENTED_EDGE('',*,*,#4671,.T.);
#4671 = EDGE_CURVE('',#4649,#4672,#4674,.T.);
#4672 = VERTEX_POINT('',#4673);
#4673 = CARTESIAN_POINT('',(0.5296,-42.,-124.999960565));
#4674 = SURFACE_CURVE('',#4675,(#4679,#4686),.PCURVE_S1.);
#4675 = LINE('',#4676,#4677);
#4676 = CARTESIAN_POINT('',(84.,-42.,-125.));
#4677 = VECTOR('',#4678,1.);
#4678 = DIRECTION('',(-1.,0.,4.724421530806E-07));
#4679 = PCURVE('',#4302,#4680);
#4680 = DEFINITIONAL_REPRESENTATION('',(#4681),#4685);
#4681 = LINE('',#4682,#4683);
#4682 = CARTESIAN_POINT('',(0.,-42.));
#4683 = VECTOR('',#4684,1.);
#4684 = DIRECTION('',(1.,0.));
#4685 = ( GEOMETRIC_REPRESENTATION_CONTEXT(2) 
PARAMETRIC_REPRESENTATION_CONTEXT() REPRESENTATION_CONTEXT('2D SPACE',''
  ) );
#4686 = PCURVE('',#4687,#4692);
#4687 = PLANE('',#4688);
#4688 = AXIS2_PLACEMENT_3D('',#4689,#4690,#4691);
#4689 = CARTESIAN_POINT('',(-8.165936334563E-05,-42.,-207.8601321853));
#4690 = DIRECTION('',(-0.,-1.,-0.));
#4691 = DIRECTION('',(0.,0.,-1.));
#4692 = DEFINITIONAL_REPRESENTATION('',(#4693),#4697);
#4693 = LINE('',#4694,#4695);
#4694 = CARTESIAN_POINT('',(-82.86013218538,84.000081659363));
#4695 = VECTOR('',#4696,1.);
#4696 = DIRECTION('',(-4.724421530806E-07,-1.));
#4697 = ( GEOMETRIC_REPRESENTATION_CONTEXT(2) 
PARAMETRIC_REPRESENTATION_CONTEXT() REPRESENTATION_CONTEXT('2D SPACE',''
  ) );
#4698 = ORIENTED_EDGE('',*,*,#4699,.T.);
#4699 = EDGE_CURVE('',#4672,#4282,#4700,.T.);
#4700 = SURFACE_CURVE('',#4701,(#4705,#4712),.PCURVE_S1.);
#4701 = LINE('',#4702,#4703);
#4702 = CARTESIAN_POINT('',(84.,-42.,-125.));
#4703 = VECTOR('',#4704,1.);
#4704 = DIRECTION('',(-1.,0.,4.724421530806E-07));
#4705 = PCURVE('',#4302,#4706);
#4706 = DEFINITIONAL_REPRESENTATION('',(#4707),#4711);
#4707 = LINE('',#4708,#4709);
#4708 = CARTESIAN_POINT('',(0.,-42.));
#4709 = VECTOR('',#4710,1.);
#4710 = DIRECTION('',(1.,0.));
#4711 = ( GEOMETRIC_REPRESENTATION_CONTEXT(2) 
PARAMETRIC_REPRESENTATION_CONTEXT() REPRESENTATION_CONTEXT('2D SPACE',''
  ) );
#4712 = PCURVE('',#4330,#4713);
#4713 = DEFINITIONAL_REPRESENTATION('',(#4714),#4718);
#4714 = LINE('',#4715,#4716);
#4715 = CARTESIAN_POINT('',(-82.86013218538,84.000081659363));
#4716 = VECTOR('',#4717,1.);
#4717 = DIRECTION('',(-4.724421530806E-07,-1.));
#4718 = ( GEOMETRIC_REPRESENTATION_CONTEXT(2) 
PARAMETRIC_REPRESENTATION_CONTEXT() REPRESENTATION_CONTEXT('2D SPACE',''
  ) );
#4719 = ORIENTED_EDGE('',*,*,#4279,.F.);
#4720 = ORIENTED_EDGE('',*,*,#4721,.F.);
#4721 = EDGE_CURVE('',#4722,#4280,#4724,.T.);
#4722 = VERTEX_POINT('',#4723);
#4723 = CARTESIAN_POINT('',(4.78,0.,-124.9999625731));
#4724 = SURFACE_CURVE('',#4725,(#4729,#4736),.PCURVE_S1.);
#4725 = LINE('',#4726,#4727);
#4726 = CARTESIAN_POINT('',(84.,-0.,-125.));
#4727 = VECTOR('',#4728,1.);
#4728 = DIRECTION('',(-1.,0.,4.724421530806E-07));
#4729 = PCURVE('',#4302,#4730);
#4730 = DEFINITIONAL_REPRESENTATION('',(#4731),#4735);
#4731 = LINE('',#4732,#4733);
#4732 = CARTESIAN_POINT('',(0.,0.));
#4733 = VECTOR('',#4734,1.);
#4734 = DIRECTION('',(1.,0.));
#4735 = ( GEOMETRIC_REPRESENTATION_CONTEXT(2) 
PARAMETRIC_REPRESENTATION_CONTEXT() REPRESENTATION_CONTEXT('2D SPACE',''
  ) );
#4736 = PCURVE('',#4384,#4737);
#4737 = DEFINITIONAL_REPRESENTATION('',(#4738),#4742);
#4738 = LINE('',#4739,#4740);
#4739 = CARTESIAN_POINT('',(-82.86013218538,84.000081659363));
#4740 = VECTOR('',#4741,1.);
#4741 = DIRECTION('',(-4.724421530806E-07,-1.));
#4742 = ( GEOMETRIC_REPRESENTATION_CONTEXT(2) 
PARAMETRIC_REPRESENTATION_CONTEXT() REPRESENTATION_CONTEXT('2D SPACE',''
  ) );
#4743 = ORIENTED_EDGE('',*,*,#4744,.F.);
#4744 = EDGE_CURVE('',#4625,#4722,#4745,.T.);
#4745 = SURFACE_CURVE('',#4746,(#4750,#4757),.PCURVE_S1.);
#4746 = LINE('',#4747,#4748);
#4747 = CARTESIAN_POINT('',(84.,-0.,-125.));
#4748 = VECTOR('',#4749,1.);
#4749 = DIRECTION('',(-1.,0.,4.724421530806E-07));
#4750 = PCURVE('',#4302,#4751);
#4751 = DEFINITIONAL_REPRESENTATION('',(#4752),#4756);
#4752 = LINE('',#4753,#4754);
#4753 = CARTESIAN_POINT('',(0.,0.));
#4754 = VECTOR('',#4755,1.);
#4755 = DIRECTION('',(1.,0.));
#4756 = ( GEOMETRIC_REPRESENTATION_CONTEXT(2) 
PARAMETRIC_REPRESENTATION_CONTEXT() REPRESENTATION_CONTEXT('2D SPACE',''
  ) );
#4757 = PCURVE('',#4758,#4763);
#4758 = PLANE('',#4759);
#4759 = AXIS2_PLACEMENT_3D('',#4760,#4761,#4762);
#4760 = CARTESIAN_POINT('',(-8.165936334563E-05,0.,-207.8601321853));
#4761 = DIRECTION('',(-0.,-1.,-0.));
#4762 = DIRECTION('',(0.,0.,-1.));
#4763 = DEFINITIONAL_REPRESENTATION('',(#4764),#4768);
#4764 = LINE('',#4765,#4766);
#4765 = CARTESIAN_POINT('',(-82.86013218538,84.000081659363));
#4766 = VECTOR('',#4767,1.);
#4767 = DIRECTION('',(-4.724421530806E-07,-1.));
#4768 = ( GEOMETRIC_REPRESENTATION_CONTEXT(2) 
PARAMETRIC_REPRESENTATION_CONTEXT() REPRESENTATION_CONTEXT('2D SPACE',''
  ) );
#4769 = ADVANCED_FACE('',(#4770),#4384,.F.);
#4770 = FACE_BOUND('',#4771,.F.);
#4771 = EDGE_LOOP('',(#4772,#4773,#4774,#4775,#4776,#4777,#4778,#4799,
    #4820));
#4772 = ORIENTED_EDGE('',*,*,#4721,.T.);
#4773 = ORIENTED_EDGE('',*,*,#4370,.T.);
#4774 = ORIENTED_EDGE('',*,*,#4451,.T.);
#4775 = ORIENTED_EDGE('',*,*,#4528,.T.);
#4776 = ORIENTED_EDGE('',*,*,#4600,.T.);
#4777 = ORIENTED_EDGE('',*,*,#4624,.T.);
#4778 = ORIENTED_EDGE('',*,*,#4779,.T.);
#4779 = EDGE_CURVE('',#4625,#4780,#4782,.T.);
#4780 = VERTEX_POINT('',#4781);
#4781 = CARTESIAN_POINT('',(55.6,0.,-125.));
#4782 = SURFACE_CURVE('',#4783,(#4787,#4793),.PCURVE_S1.);
#4783 = LINE('',#4784,#4785);
#4784 = CARTESIAN_POINT('',(55.6,0.,-166.4300660926));
#4785 = VECTOR('',#4786,1.);
#4786 = DIRECTION('',(0.,0.,-1.));
#4787 = PCURVE('',#4384,#4788);
#4788 = DEFINITIONAL_REPRESENTATION('',(#4789),#4792);
#4789 = B_SPLINE_CURVE_WITH_KNOTS('',1,(#4790,#4791),.UNSPECIFIED.,.F.,
  .F.,(2,2),(-41.43010577783,-41.43006609269),.PIECEWISE_BEZIER_KNOTS.);
#4790 = CARTESIAN_POINT('',(-82.86017187052,55.600081659363));
#4791 = CARTESIAN_POINT('',(-82.86013218538,55.600081659363));
#4792 = ( GEOMETRIC_REPRESENTATION_CONTEXT(2) 
PARAMETRIC_REPRESENTATION_CONTEXT() REPRESENTATION_CONTEXT('2D SPACE',''
  ) );
#4793 = PCURVE('',#4758,#4794);
#4794 = DEFINITIONAL_REPRESENTATION('',(#4795),#4798);
#4795 = B_SPLINE_CURVE_WITH_KNOTS('',1,(#4796,#4797),.UNSPECIFIED.,.F.,
  .F.,(2,2),(-41.43010577783,-41.43006609269),.PIECEWISE_BEZIER_KNOTS.);
#4796 = CARTESIAN_POINT('',(-82.86017187052,55.600081659363));
#4797 = CARTESIAN_POINT('',(-82.86013218538,55.600081659363));
#4798 = ( GEOMETRIC_REPRESENTATION_CONTEXT(2) 
PARAMETRIC_REPRESENTATION_CONTEXT() REPRESENTATION_CONTEXT('2D SPACE',''
  ) );
#4799 = ORIENTED_EDGE('',*,*,#4800,.T.);
#4800 = EDGE_CURVE('',#4780,#4801,#4803,.T.);
#4801 = VERTEX_POINT('',#4802);
#4802 = CARTESIAN_POINT('',(4.78,0.,-125.));
#4803 = SURFACE_CURVE('',#4804,(#4808,#4814),.PCURVE_S1.);
#4804 = LINE('',#4805,#4806);
#4805 = CARTESIAN_POINT('',(14.903421326924,0.,-125.));
#4806 = VECTOR('',#4807,1.);
#4807 = DIRECTION('',(-1.,0.,0.));
#4808 = PCURVE('',#4384,#4809);
#4809 = DEFINITIONAL_REPRESENTATION('',(#4810),#4813);
#4810 = B_SPLINE_CURVE_WITH_KNOTS('',1,(#4811,#4812),.UNSPECIFIED.,.F.,
  .F.,(2,2),(-40.69657867307,25.303421326924),.PIECEWISE_BEZIER_KNOTS.);
#4811 = CARTESIAN_POINT('',(-82.86013218538,55.600081659363));
#4812 = CARTESIAN_POINT('',(-82.86013218538,-10.39991834063));
#4813 = ( GEOMETRIC_REPRESENTATION_CONTEXT(2) 
PARAMETRIC_REPRESENTATION_CONTEXT() REPRESENTATION_CONTEXT('2D SPACE',''
  ) );
#4814 = PCURVE('',#4758,#4815);
#4815 = DEFINITIONAL_REPRESENTATION('',(#4816),#4819);
#4816 = B_SPLINE_CURVE_WITH_KNOTS('',1,(#4817,#4818),.UNSPECIFIED.,.F.,
  .F.,(2,2),(-40.69657867307,25.303421326924),.PIECEWISE_BEZIER_KNOTS.);
#4817 = CARTESIAN_POINT('',(-82.86013218538,55.600081659363));
#4818 = CARTESIAN_POINT('',(-82.86013218538,-10.39991834063));
#4819 = ( GEOMETRIC_REPRESENTATION_CONTEXT(2) 
PARAMETRIC_REPRESENTATION_CONTEXT() REPRESENTATION_CONTEXT('2D SPACE',''
  ) );
#4820 = ORIENTED_EDGE('',*,*,#4821,.T.);
#4821 = EDGE_CURVE('',#4801,#4722,#4822,.T.);
#4822 = SURFACE_CURVE('',#4823,(#4827,#4833),.PCURVE_S1.);
#4823 = LINE('',#4824,#4825);
#4824 = CARTESIAN_POINT('',(4.78,0.,-166.4300660926));
#4825 = VECTOR('',#4826,1.);
#4826 = DIRECTION('',(0.,-0.,1.));
#4827 = PCURVE('',#4384,#4828);
#4828 = DEFINITIONAL_REPRESENTATION('',(#4829),#4832);
#4829 = B_SPLINE_CURVE_WITH_KNOTS('',1,(#4830,#4831),.UNSPECIFIED.,.F.,
  .F.,(2,2),(41.430066092693,41.430105777831),.PIECEWISE_BEZIER_KNOTS.);
#4830 = CARTESIAN_POINT('',(-82.86013218538,4.780081659363));
#4831 = CARTESIAN_POINT('',(-82.86017187052,4.780081659363));
#4832 = ( GEOMETRIC_REPRESENTATION_CONTEXT(2) 
PARAMETRIC_REPRESENTATION_CONTEXT() REPRESENTATION_CONTEXT('2D SPACE',''
  ) );
#4833 = PCURVE('',#4758,#4834);
#4834 = DEFINITIONAL_REPRESENTATION('',(#4835),#4838);
#4835 = B_SPLINE_CURVE_WITH_KNOTS('',1,(#4836,#4837),.UNSPECIFIED.,.F.,
  .F.,(2,2),(41.430066092693,41.430105777831),.PIECEWISE_BEZIER_KNOTS.);
#4836 = CARTESIAN_POINT('',(-82.86013218538,4.780081659363));
#4837 = CARTESIAN_POINT('',(-82.86017187052,4.780081659363));
#4838 = ( GEOMETRIC_REPRESENTATION_CONTEXT(2) 
PARAMETRIC_REPRESENTATION_CONTEXT() REPRESENTATION_CONTEXT('2D SPACE',''
  ) );
#4839 = ADVANCED_FACE('',(#4840),#4758,.F.);
#4840 = FACE_BOUND('',#4841,.F.);
#4841 = EDGE_LOOP('',(#4842,#4843,#4844,#4845));
#4842 = ORIENTED_EDGE('',*,*,#4744,.T.);
#4843 = ORIENTED_EDGE('',*,*,#4821,.F.);
#4844 = ORIENTED_EDGE('',*,*,#4800,.F.);
#4845 = ORIENTED_EDGE('',*,*,#4779,.F.);
#4846 = ADVANCED_FACE('',(#4847),#4330,.T.);
#4847 = FACE_BOUND('',#4848,.T.);
#4848 = EDGE_LOOP('',(#4849,#4850,#4851,#4852,#4853,#4854,#4855,#4876,
    #4897));
#4849 = ORIENTED_EDGE('',*,*,#4699,.T.);
#4850 = ORIENTED_EDGE('',*,*,#4314,.T.);
#4851 = ORIENTED_EDGE('',*,*,#4400,.T.);
#4852 = ORIENTED_EDGE('',*,*,#4476,.T.);
#4853 = ORIENTED_EDGE('',*,*,#4554,.T.);
#4854 = ORIENTED_EDGE('',*,*,#4648,.T.);
#4855 = ORIENTED_EDGE('',*,*,#4856,.T.);
#4856 = EDGE_CURVE('',#4649,#4857,#4859,.T.);
#4857 = VERTEX_POINT('',#4858);
#4858 = CARTESIAN_POINT('',(55.6,-42.,-125.));
#4859 = SURFACE_CURVE('',#4860,(#4864,#4870),.PCURVE_S1.);
#4860 = LINE('',#4861,#4862);
#4861 = CARTESIAN_POINT('',(55.6,-42.,-166.4300660926));
#4862 = VECTOR('',#4863,1.);
#4863 = DIRECTION('',(0.,0.,-1.));
#4864 = PCURVE('',#4330,#4865);
#4865 = DEFINITIONAL_REPRESENTATION('',(#4866),#4869);
#4866 = B_SPLINE_CURVE_WITH_KNOTS('',1,(#4867,#4868),.UNSPECIFIED.,.F.,
  .F.,(2,2),(-41.43010577783,-41.43006609269),.PIECEWISE_BEZIER_KNOTS.);
#4867 = CARTESIAN_POINT('',(-82.86017187052,55.600081659363));
#4868 = CARTESIAN_POINT('',(-82.86013218538,55.600081659363));
#4869 = ( GEOMETRIC_REPRESENTATION_CONTEXT(2) 
PARAMETRIC_REPRESENTATION_CONTEXT() REPRESENTATION_CONTEXT('2D SPACE',''
  ) );
#4870 = PCURVE('',#4687,#4871);
#4871 = DEFINITIONAL_REPRESENTATION('',(#4872),#4875);
#4872 = B_SPLINE_CURVE_WITH_KNOTS('',1,(#4873,#4874),.UNSPECIFIED.,.F.,
  .F.,(2,2),(-41.43010577783,-41.43006609269),.PIECEWISE_BEZIER_KNOTS.);
#4873 = CARTESIAN_POINT('',(-82.86017187052,55.600081659363));
#4874 = CARTESIAN_POINT('',(-82.86013218538,55.600081659363));
#4875 = ( GEOMETRIC_REPRESENTATION_CONTEXT(2) 
PARAMETRIC_REPRESENTATION_CONTEXT() REPRESENTATION_CONTEXT('2D SPACE',''
  ) );
#4876 = ORIENTED_EDGE('',*,*,#4877,.T.);
#4877 = EDGE_CURVE('',#4857,#4878,#4880,.T.);
#4878 = VERTEX_POINT('',#4879);
#4879 = CARTESIAN_POINT('',(0.5296,-42.,-125.));
#4880 = SURFACE_CURVE('',#4881,(#4885,#4891),.PCURVE_S1.);
#4881 = LINE('',#4882,#4883);
#4882 = CARTESIAN_POINT('',(14.903421326924,-42.,-125.));
#4883 = VECTOR('',#4884,1.);
#4884 = DIRECTION('',(-1.,0.,0.));
#4885 = PCURVE('',#4330,#4886);
#4886 = DEFINITIONAL_REPRESENTATION('',(#4887),#4890);
#4887 = B_SPLINE_CURVE_WITH_KNOTS('',1,(#4888,#4889),.UNSPECIFIED.,.F.,
  .F.,(2,2),(-40.69657867307,25.303421326924),.PIECEWISE_BEZIER_KNOTS.);
#4888 = CARTESIAN_POINT('',(-82.86013218538,55.600081659363));
#4889 = CARTESIAN_POINT('',(-82.86013218538,-10.39991834063));
#4890 = ( GEOMETRIC_REPRESENTATION_CONTEXT(2) 
PARAMETRIC_REPRESENTATION_CONTEXT() REPRESENTATION_CONTEXT('2D SPACE',''
  ) );
#4891 = PCURVE('',#4687,#4892);
#4892 = DEFINITIONAL_REPRESENTATION('',(#4893),#4896);
#4893 = B_SPLINE_CURVE_WITH_KNOTS('',1,(#4894,#4895),.UNSPECIFIED.,.F.,
  .F.,(2,2),(-40.69657867307,25.303421326924),.PIECEWISE_BEZIER_KNOTS.);
#4894 = CARTESIAN_POINT('',(-82.86013218538,55.600081659363));
#4895 = CARTESIAN_POINT('',(-82.86013218538,-10.39991834063));
#4896 = ( GEOMETRIC_REPRESENTATION_CONTEXT(2) 
PARAMETRIC_REPRESENTATION_CONTEXT() REPRESENTATION_CONTEXT('2D SPACE',''
  ) );
#4897 = ORIENTED_EDGE('',*,*,#4898,.T.);
#4898 = EDGE_CURVE('',#4878,#4672,#4899,.T.);
#4899 = SURFACE_CURVE('',#4900,(#4904,#4910),.PCURVE_S1.);
#4900 = LINE('',#4901,#4902);
#4901 = CARTESIAN_POINT('',(0.5296,-42.,-166.4300660926));
#4902 = VECTOR('',#4903,1.);
#4903 = DIRECTION('',(0.,-0.,1.));
#4904 = PCURVE('',#4330,#4905);
#4905 = DEFINITIONAL_REPRESENTATION('',(#4906),#4909);
#4906 = B_SPLINE_CURVE_WITH_KNOTS('',1,(#4907,#4908),.UNSPECIFIED.,.F.,
  .F.,(2,2),(41.430066092693,41.430105777831),.PIECEWISE_BEZIER_KNOTS.);
#4907 = CARTESIAN_POINT('',(-82.86013218538,0.529681659363));
#4908 = CARTESIAN_POINT('',(-82.86017187052,0.529681659363));
#4909 = ( GEOMETRIC_REPRESENTATION_CONTEXT(2) 
PARAMETRIC_REPRESENTATION_CONTEXT() REPRESENTATION_CONTEXT('2D SPACE',''
  ) );
#4910 = PCURVE('',#4687,#4911);
#4911 = DEFINITIONAL_REPRESENTATION('',(#4912),#4915);
#4912 = B_SPLINE_CURVE_WITH_KNOTS('',1,(#4913,#4914),.UNSPECIFIED.,.F.,
  .F.,(2,2),(41.430066092693,41.430105777831),.PIECEWISE_BEZIER_KNOTS.);
#4913 = CARTESIAN_POINT('',(-82.86013218538,0.529681659363));
#4914 = CARTESIAN_POINT('',(-82.86017187052,0.529681659363));
#4915 = ( GEOMETRIC_REPRESENTATION_CONTEXT(2) 
PARAMETRIC_REPRESENTATION_CONTEXT() REPRESENTATION_CONTEXT('2D SPACE',''
  ) );
#4916 = ADVANCED_FACE('',(#4917),#4687,.T.);
#4917 = FACE_BOUND('',#4918,.T.);
#4918 = EDGE_LOOP('',(#4919,#4920,#4921,#4922));
#4919 = ORIENTED_EDGE('',*,*,#4671,.T.);
#4920 = ORIENTED_EDGE('',*,*,#4898,.F.);
#4921 = ORIENTED_EDGE('',*,*,#4877,.F.);
#4922 = ORIENTED_EDGE('',*,*,#4856,.F.);
#4923 = ( GEOMETRIC_REPRESENTATION_CONTEXT(3) 
GLOBAL_UNCERTAINTY_ASSIGNED_CONTEXT((#4927)) 
GLOBAL_UNIT_ASSIGNED_CONTEXT((#4924,#4925,#4926)) REPRESENTATION_CONTEXT
('Context #1','3D Context with UNIT and UNCERTAINTY') );
#4924 = ( LENGTH_UNIT() NAMED_UNIT(*) SI_UNIT(.MILLI.,.METRE.) );
#4925 = ( NAMED_UNIT(*) PLANE_ANGLE_UNIT() SI_UNIT($,.RADIAN.) );
#4926 = ( NAMED_UNIT(*) SI_UNIT($,.STERADIAN.) SOLID_ANGLE_UNIT() );
#4927 = UNCERTAINTY_MEASURE_WITH_UNIT(LENGTH_MEASURE(1.E-07),#4924,
  'distance_accuracy_value','confusion accuracy');
#4928 = PRODUCT_RELATED_PRODUCT_CATEGORY('part',$,(#7));
ENDSEC;
END-ISO-10303-21;
