ISO-10303-21;
HEADER;
FILE_DESCRIPTION(('Open CASCADE Model'),'2;1');
FILE_NAME('Open CASCADE Shape Model','2025-08-06T14:34:49',('Author'),(
    'Open CASCADE'),'Open CASCADE STEP processor 7.7','Open CASCADE 7.7'
  ,'Unknown');
FILE_SCHEMA(('AUTOMOTIVE_DESIGN { 1 0 10303 214 1 1 1 1 }'));
ENDSEC;
DATA;
#1 = APPLICATION_PROTOCOL_DEFINITION('international standard',
  'automotive_design',2000,#2);
#2 = APPLICATION_CONTEXT(
  'core data for automotive mechanical design processes');
#3 = SHAPE_DEFINITION_REPRESENTATION(#4,#10);
#4 = PRODUCT_DEFINITION_SHAPE('','',#5);
#5 = PRODUCT_DEFINITION('design','',#6,#9);
#6 = PRODUCT_DEFINITION_FORMATION('','',#7);
#7 = PRODUCT('substep_5.5','substep_5.5','',(#8));
#8 = PRODUCT_CONTEXT('',#2,'mechanical');
#9 = PRODUCT_DEFINITION_CONTEXT('part definition',#2,'design');
#10 = SHAPE_REPRESENTATION('',(#11,#15,#3324),#3734);
#11 = AXIS2_PLACEMENT_3D('',#12,#13,#14);
#12 = CARTESIAN_POINT('',(0.,0.,0.));
#13 = DIRECTION('',(0.,0.,1.));
#14 = DIRECTION('',(1.,0.,-0.));
#15 = MANIFOLD_SOLID_BREP('PartBody',#16);
#16 = CLOSED_SHELL('',(#17,#356,#432,#509,#558,#774,#823,#872,#943,#1105
    ,#1154,#1203,#1230,#1373,#1380,#1387,#1442,#1497,#1552,#1559,#1614,
    #1669,#1745,#1794,#1843,#1870,#1905,#1940,#1975,#2969,#3022,#3029,
    #3084,#3139,#3194,#3249,#3304,#3308,#3312,#3316,#3320));
#17 = ADVANCED_FACE('',(#18),#32,.F.);
#18 = FACE_BOUND('',#19,.F.);
#19 = EDGE_LOOP('',(#20,#55,#83,#111,#139,#167,#190,#218,#246,#274,#302,
    #330));
#20 = ORIENTED_EDGE('',*,*,#21,.F.);
#21 = EDGE_CURVE('',#22,#24,#26,.T.);
#22 = VERTEX_POINT('',#23);
#23 = CARTESIAN_POINT('',(-150.,-125.,-50.));
#24 = VERTEX_POINT('',#25);
#25 = CARTESIAN_POINT('',(-150.,-125.,-10.));
#26 = SURFACE_CURVE('',#27,(#31,#43),.PCURVE_S1.);
#27 = LINE('',#28,#29);
#28 = CARTESIAN_POINT('',(-150.,-125.,-50.));
#29 = VECTOR('',#30,1.);
#30 = DIRECTION('',(0.,0.,1.));
#31 = PCURVE('',#32,#37);
#32 = PLANE('',#33);
#33 = AXIS2_PLACEMENT_3D('',#34,#35,#36);
#34 = CARTESIAN_POINT('',(-150.,-125.,-50.));
#35 = DIRECTION('',(1.,0.,0.));
#36 = DIRECTION('',(0.,0.,1.));
#37 = DEFINITIONAL_REPRESENTATION('',(#38),#42);
#38 = LINE('',#39,#40);
#39 = CARTESIAN_POINT('',(0.,0.));
#40 = VECTOR('',#41,1.);
#41 = DIRECTION('',(1.,0.));
#42 = ( GEOMETRIC_REPRESENTATION_CONTEXT(2) 
PARAMETRIC_REPRESENTATION_CONTEXT() REPRESENTATION_CONTEXT('2D SPACE',''
  ) );
#43 = PCURVE('',#44,#49);
#44 = PLANE('',#45);
#45 = AXIS2_PLACEMENT_3D('',#46,#47,#48);
#46 = CARTESIAN_POINT('',(-150.,-125.,-50.));
#47 = DIRECTION('',(0.,1.,0.));
#48 = DIRECTION('',(0.,0.,1.));
#49 = DEFINITIONAL_REPRESENTATION('',(#50),#54);
#50 = LINE('',#51,#52);
#51 = CARTESIAN_POINT('',(0.,0.));
#52 = VECTOR('',#53,1.);
#53 = DIRECTION('',(1.,0.));
#54 = ( GEOMETRIC_REPRESENTATION_CONTEXT(2) 
PARAMETRIC_REPRESENTATION_CONTEXT() REPRESENTATION_CONTEXT('2D SPACE',''
  ) );
#55 = ORIENTED_EDGE('',*,*,#56,.T.);
#56 = EDGE_CURVE('',#22,#57,#59,.T.);
#57 = VERTEX_POINT('',#58);
#58 = CARTESIAN_POINT('',(-150.,22.25,-50.));
#59 = SURFACE_CURVE('',#60,(#64,#71),.PCURVE_S1.);
#60 = LINE('',#61,#62);
#61 = CARTESIAN_POINT('',(-150.,-125.,-50.));
#62 = VECTOR('',#63,1.);
#63 = DIRECTION('',(0.,1.,0.));
#64 = PCURVE('',#32,#65);
#65 = DEFINITIONAL_REPRESENTATION('',(#66),#70);
#66 = LINE('',#67,#68);
#67 = CARTESIAN_POINT('',(0.,0.));
#68 = VECTOR('',#69,1.);
#69 = DIRECTION('',(0.,-1.));
#70 = ( GEOMETRIC_REPRESENTATION_CONTEXT(2) 
PARAMETRIC_REPRESENTATION_CONTEXT() REPRESENTATION_CONTEXT('2D SPACE',''
  ) );
#71 = PCURVE('',#72,#77);
#72 = PLANE('',#73);
#73 = AXIS2_PLACEMENT_3D('',#74,#75,#76);
#74 = CARTESIAN_POINT('',(-150.,-125.,-50.));
#75 = DIRECTION('',(0.,0.,1.));
#76 = DIRECTION('',(1.,0.,0.));
#77 = DEFINITIONAL_REPRESENTATION('',(#78),#82);
#78 = LINE('',#79,#80);
#79 = CARTESIAN_POINT('',(0.,0.));
#80 = VECTOR('',#81,1.);
#81 = DIRECTION('',(0.,1.));
#82 = ( GEOMETRIC_REPRESENTATION_CONTEXT(2) 
PARAMETRIC_REPRESENTATION_CONTEXT() REPRESENTATION_CONTEXT('2D SPACE',''
  ) );
#83 = ORIENTED_EDGE('',*,*,#84,.F.);
#84 = EDGE_CURVE('',#85,#57,#87,.T.);
#85 = VERTEX_POINT('',#86);
#86 = CARTESIAN_POINT('',(-150.,22.25,6.));
#87 = SURFACE_CURVE('',#88,(#92,#99),.PCURVE_S1.);
#88 = LINE('',#89,#90);
#89 = CARTESIAN_POINT('',(-150.,22.25,6.));
#90 = VECTOR('',#91,1.);
#91 = DIRECTION('',(0.,0.,-1.));
#92 = PCURVE('',#32,#93);
#93 = DEFINITIONAL_REPRESENTATION('',(#94),#98);
#94 = LINE('',#95,#96);
#95 = CARTESIAN_POINT('',(56.,-147.25));
#96 = VECTOR('',#97,1.);
#97 = DIRECTION('',(-1.,0.));
#98 = ( GEOMETRIC_REPRESENTATION_CONTEXT(2) 
PARAMETRIC_REPRESENTATION_CONTEXT() REPRESENTATION_CONTEXT('2D SPACE',''
  ) );
#99 = PCURVE('',#100,#105);
#100 = PLANE('',#101);
#101 = AXIS2_PLACEMENT_3D('',#102,#103,#104);
#102 = CARTESIAN_POINT('',(-150.,22.25,6.));
#103 = DIRECTION('',(-0.,1.,0.));
#104 = DIRECTION('',(0.,0.,-1.));
#105 = DEFINITIONAL_REPRESENTATION('',(#106),#110);
#106 = LINE('',#107,#108);
#107 = CARTESIAN_POINT('',(0.,0.));
#108 = VECTOR('',#109,1.);
#109 = DIRECTION('',(1.,0.));
#110 = ( GEOMETRIC_REPRESENTATION_CONTEXT(2) 
PARAMETRIC_REPRESENTATION_CONTEXT() REPRESENTATION_CONTEXT('2D SPACE',''
  ) );
#111 = ORIENTED_EDGE('',*,*,#112,.F.);
#112 = EDGE_CURVE('',#113,#85,#115,.T.);
#113 = VERTEX_POINT('',#114);
#114 = CARTESIAN_POINT('',(-150.,48.25,6.));
#115 = SURFACE_CURVE('',#116,(#120,#127),.PCURVE_S1.);
#116 = LINE('',#117,#118);
#117 = CARTESIAN_POINT('',(-150.,48.25,6.));
#118 = VECTOR('',#119,1.);
#119 = DIRECTION('',(0.,-1.,0.));
#120 = PCURVE('',#32,#121);
#121 = DEFINITIONAL_REPRESENTATION('',(#122),#126);
#122 = LINE('',#123,#124);
#123 = CARTESIAN_POINT('',(56.,-173.25));
#124 = VECTOR('',#125,1.);
#125 = DIRECTION('',(0.,1.));
#126 = ( GEOMETRIC_REPRESENTATION_CONTEXT(2) 
PARAMETRIC_REPRESENTATION_CONTEXT() REPRESENTATION_CONTEXT('2D SPACE',''
  ) );
#127 = PCURVE('',#128,#133);
#128 = PLANE('',#129);
#129 = AXIS2_PLACEMENT_3D('',#130,#131,#132);
#130 = CARTESIAN_POINT('',(-150.,48.25,6.));
#131 = DIRECTION('',(0.,0.,-1.));
#132 = DIRECTION('',(0.,-1.,0.));
#133 = DEFINITIONAL_REPRESENTATION('',(#134),#138);
#134 = LINE('',#135,#136);
#135 = CARTESIAN_POINT('',(0.,-0.));
#136 = VECTOR('',#137,1.);
#137 = DIRECTION('',(1.,0.));
#138 = ( GEOMETRIC_REPRESENTATION_CONTEXT(2) 
PARAMETRIC_REPRESENTATION_CONTEXT() REPRESENTATION_CONTEXT('2D SPACE',''
  ) );
#139 = ORIENTED_EDGE('',*,*,#140,.F.);
#140 = EDGE_CURVE('',#141,#113,#143,.T.);
#141 = VERTEX_POINT('',#142);
#142 = CARTESIAN_POINT('',(-150.,48.25,-50.));
#143 = SURFACE_CURVE('',#144,(#148,#155),.PCURVE_S1.);
#144 = LINE('',#145,#146);
#145 = CARTESIAN_POINT('',(-150.,48.25,-50.));
#146 = VECTOR('',#147,1.);
#147 = DIRECTION('',(0.,0.,1.));
#148 = PCURVE('',#32,#149);
#149 = DEFINITIONAL_REPRESENTATION('',(#150),#154);
#150 = LINE('',#151,#152);
#151 = CARTESIAN_POINT('',(0.,-173.25));
#152 = VECTOR('',#153,1.);
#153 = DIRECTION('',(1.,0.));
#154 = ( GEOMETRIC_REPRESENTATION_CONTEXT(2) 
PARAMETRIC_REPRESENTATION_CONTEXT() REPRESENTATION_CONTEXT('2D SPACE',''
  ) );
#155 = PCURVE('',#156,#161);
#156 = PLANE('',#157);
#157 = AXIS2_PLACEMENT_3D('',#158,#159,#160);
#158 = CARTESIAN_POINT('',(-150.,48.25,-50.));
#159 = DIRECTION('',(0.,-1.,0.));
#160 = DIRECTION('',(0.,0.,1.));
#161 = DEFINITIONAL_REPRESENTATION('',(#162),#166);
#162 = LINE('',#163,#164);
#163 = CARTESIAN_POINT('',(0.,0.));
#164 = VECTOR('',#165,1.);
#165 = DIRECTION('',(1.,0.));
#166 = ( GEOMETRIC_REPRESENTATION_CONTEXT(2) 
PARAMETRIC_REPRESENTATION_CONTEXT() REPRESENTATION_CONTEXT('2D SPACE',''
  ) );
#167 = ORIENTED_EDGE('',*,*,#168,.T.);
#168 = EDGE_CURVE('',#141,#169,#171,.T.);
#169 = VERTEX_POINT('',#170);
#170 = CARTESIAN_POINT('',(-150.,125.,-50.));
#171 = SURFACE_CURVE('',#172,(#176,#183),.PCURVE_S1.);
#172 = LINE('',#173,#174);
#173 = CARTESIAN_POINT('',(-150.,-125.,-50.));
#174 = VECTOR('',#175,1.);
#175 = DIRECTION('',(0.,1.,0.));
#176 = PCURVE('',#32,#177);
#177 = DEFINITIONAL_REPRESENTATION('',(#178),#182);
#178 = LINE('',#179,#180);
#179 = CARTESIAN_POINT('',(0.,0.));
#180 = VECTOR('',#181,1.);
#181 = DIRECTION('',(0.,-1.));
#182 = ( GEOMETRIC_REPRESENTATION_CONTEXT(2) 
PARAMETRIC_REPRESENTATION_CONTEXT() REPRESENTATION_CONTEXT('2D SPACE',''
  ) );
#183 = PCURVE('',#72,#184);
#184 = DEFINITIONAL_REPRESENTATION('',(#185),#189);
#185 = LINE('',#186,#187);
#186 = CARTESIAN_POINT('',(0.,0.));
#187 = VECTOR('',#188,1.);
#188 = DIRECTION('',(0.,1.));
#189 = ( GEOMETRIC_REPRESENTATION_CONTEXT(2) 
PARAMETRIC_REPRESENTATION_CONTEXT() REPRESENTATION_CONTEXT('2D SPACE',''
  ) );
#190 = ORIENTED_EDGE('',*,*,#191,.T.);
#191 = EDGE_CURVE('',#169,#192,#194,.T.);
#192 = VERTEX_POINT('',#193);
#193 = CARTESIAN_POINT('',(-150.,125.,46.));
#194 = SURFACE_CURVE('',#195,(#199,#206),.PCURVE_S1.);
#195 = LINE('',#196,#197);
#196 = CARTESIAN_POINT('',(-150.,125.,-50.));
#197 = VECTOR('',#198,1.);
#198 = DIRECTION('',(0.,0.,1.));
#199 = PCURVE('',#32,#200);
#200 = DEFINITIONAL_REPRESENTATION('',(#201),#205);
#201 = LINE('',#202,#203);
#202 = CARTESIAN_POINT('',(0.,-250.));
#203 = VECTOR('',#204,1.);
#204 = DIRECTION('',(1.,0.));
#205 = ( GEOMETRIC_REPRESENTATION_CONTEXT(2) 
PARAMETRIC_REPRESENTATION_CONTEXT() REPRESENTATION_CONTEXT('2D SPACE',''
  ) );
#206 = PCURVE('',#207,#212);
#207 = PLANE('',#208);
#208 = AXIS2_PLACEMENT_3D('',#209,#210,#211);
#209 = CARTESIAN_POINT('',(-150.,125.,-50.));
#210 = DIRECTION('',(0.,1.,0.));
#211 = DIRECTION('',(0.,0.,1.));
#212 = DEFINITIONAL_REPRESENTATION('',(#213),#217);
#213 = LINE('',#214,#215);
#214 = CARTESIAN_POINT('',(0.,0.));
#215 = VECTOR('',#216,1.);
#216 = DIRECTION('',(1.,0.));
#217 = ( GEOMETRIC_REPRESENTATION_CONTEXT(2) 
PARAMETRIC_REPRESENTATION_CONTEXT() REPRESENTATION_CONTEXT('2D SPACE',''
  ) );
#218 = ORIENTED_EDGE('',*,*,#219,.F.);
#219 = EDGE_CURVE('',#220,#192,#222,.T.);
#220 = VERTEX_POINT('',#221);
#221 = CARTESIAN_POINT('',(-150.,35.,46.));
#222 = SURFACE_CURVE('',#223,(#227,#234),.PCURVE_S1.);
#223 = LINE('',#224,#225);
#224 = CARTESIAN_POINT('',(-150.,35.,46.));
#225 = VECTOR('',#226,1.);
#226 = DIRECTION('',(0.,1.,0.));
#227 = PCURVE('',#32,#228);
#228 = DEFINITIONAL_REPRESENTATION('',(#229),#233);
#229 = LINE('',#230,#231);
#230 = CARTESIAN_POINT('',(96.,-160.));
#231 = VECTOR('',#232,1.);
#232 = DIRECTION('',(0.,-1.));
#233 = ( GEOMETRIC_REPRESENTATION_CONTEXT(2) 
PARAMETRIC_REPRESENTATION_CONTEXT() REPRESENTATION_CONTEXT('2D SPACE',''
  ) );
#234 = PCURVE('',#235,#240);
#235 = PLANE('',#236);
#236 = AXIS2_PLACEMENT_3D('',#237,#238,#239);
#237 = CARTESIAN_POINT('',(-89.,80.,46.));
#238 = DIRECTION('',(-0.,-0.,-1.));
#239 = DIRECTION('',(-1.,0.,0.));
#240 = DEFINITIONAL_REPRESENTATION('',(#241),#245);
#241 = LINE('',#242,#243);
#242 = CARTESIAN_POINT('',(61.,-45.));
#243 = VECTOR('',#244,1.);
#244 = DIRECTION('',(0.,1.));
#245 = ( GEOMETRIC_REPRESENTATION_CONTEXT(2) 
PARAMETRIC_REPRESENTATION_CONTEXT() REPRESENTATION_CONTEXT('2D SPACE',''
  ) );
#246 = ORIENTED_EDGE('',*,*,#247,.F.);
#247 = EDGE_CURVE('',#248,#220,#250,.T.);
#248 = VERTEX_POINT('',#249);
#249 = CARTESIAN_POINT('',(-150.,35.,50.));
#250 = SURFACE_CURVE('',#251,(#255,#262),.PCURVE_S1.);
#251 = LINE('',#252,#253);
#252 = CARTESIAN_POINT('',(-150.,35.,50.));
#253 = VECTOR('',#254,1.);
#254 = DIRECTION('',(0.,0.,-1.));
#255 = PCURVE('',#32,#256);
#256 = DEFINITIONAL_REPRESENTATION('',(#257),#261);
#257 = LINE('',#258,#259);
#258 = CARTESIAN_POINT('',(100.,-160.));
#259 = VECTOR('',#260,1.);
#260 = DIRECTION('',(-1.,0.));
#261 = ( GEOMETRIC_REPRESENTATION_CONTEXT(2) 
PARAMETRIC_REPRESENTATION_CONTEXT() REPRESENTATION_CONTEXT('2D SPACE',''
  ) );
#262 = PCURVE('',#263,#268);
#263 = PLANE('',#264);
#264 = AXIS2_PLACEMENT_3D('',#265,#266,#267);
#265 = CARTESIAN_POINT('',(-28.,35.,50.));
#266 = DIRECTION('',(0.,1.,0.));
#267 = DIRECTION('',(-1.,0.,0.));
#268 = DEFINITIONAL_REPRESENTATION('',(#269),#273);
#269 = LINE('',#270,#271);
#270 = CARTESIAN_POINT('',(122.,0.));
#271 = VECTOR('',#272,1.);
#272 = DIRECTION('',(0.,-1.));
#273 = ( GEOMETRIC_REPRESENTATION_CONTEXT(2) 
PARAMETRIC_REPRESENTATION_CONTEXT() REPRESENTATION_CONTEXT('2D SPACE',''
  ) );
#274 = ORIENTED_EDGE('',*,*,#275,.F.);
#275 = EDGE_CURVE('',#276,#248,#278,.T.);
#276 = VERTEX_POINT('',#277);
#277 = CARTESIAN_POINT('',(-150.,-77.4425,50.));
#278 = SURFACE_CURVE('',#279,(#283,#290),.PCURVE_S1.);
#279 = LINE('',#280,#281);
#280 = CARTESIAN_POINT('',(-150.,-125.,50.));
#281 = VECTOR('',#282,1.);
#282 = DIRECTION('',(0.,1.,0.));
#283 = PCURVE('',#32,#284);
#284 = DEFINITIONAL_REPRESENTATION('',(#285),#289);
#285 = LINE('',#286,#287);
#286 = CARTESIAN_POINT('',(100.,0.));
#287 = VECTOR('',#288,1.);
#288 = DIRECTION('',(0.,-1.));
#289 = ( GEOMETRIC_REPRESENTATION_CONTEXT(2) 
PARAMETRIC_REPRESENTATION_CONTEXT() REPRESENTATION_CONTEXT('2D SPACE',''
  ) );
#290 = PCURVE('',#291,#296);
#291 = PLANE('',#292);
#292 = AXIS2_PLACEMENT_3D('',#293,#294,#295);
#293 = CARTESIAN_POINT('',(-150.,-125.,50.));
#294 = DIRECTION('',(0.,0.,1.));
#295 = DIRECTION('',(1.,0.,0.));
#296 = DEFINITIONAL_REPRESENTATION('',(#297),#301);
#297 = LINE('',#298,#299);
#298 = CARTESIAN_POINT('',(0.,0.));
#299 = VECTOR('',#300,1.);
#300 = DIRECTION('',(0.,1.));
#301 = ( GEOMETRIC_REPRESENTATION_CONTEXT(2) 
PARAMETRIC_REPRESENTATION_CONTEXT() REPRESENTATION_CONTEXT('2D SPACE',''
  ) );
#302 = ORIENTED_EDGE('',*,*,#303,.T.);
#303 = EDGE_CURVE('',#276,#304,#306,.T.);
#304 = VERTEX_POINT('',#305);
#305 = CARTESIAN_POINT('',(-150.,-77.4425,-10.));
#306 = SURFACE_CURVE('',#307,(#311,#318),.PCURVE_S1.);
#307 = LINE('',#308,#309);
#308 = CARTESIAN_POINT('',(-150.,-77.4425,50.));
#309 = VECTOR('',#310,1.);
#310 = DIRECTION('',(-0.,-0.,-1.));
#311 = PCURVE('',#32,#312);
#312 = DEFINITIONAL_REPRESENTATION('',(#313),#317);
#313 = LINE('',#314,#315);
#314 = CARTESIAN_POINT('',(100.,-47.5575));
#315 = VECTOR('',#316,1.);
#316 = DIRECTION('',(-1.,0.));
#317 = ( GEOMETRIC_REPRESENTATION_CONTEXT(2) 
PARAMETRIC_REPRESENTATION_CONTEXT() REPRESENTATION_CONTEXT('2D SPACE',''
  ) );
#318 = PCURVE('',#319,#324);
#319 = PLANE('',#320);
#320 = AXIS2_PLACEMENT_3D('',#321,#322,#323);
#321 = CARTESIAN_POINT('',(0.,-41.075,50.));
#322 = DIRECTION('',(-0.235623668427,0.971844373795,0.));
#323 = DIRECTION('',(-0.971844373795,-0.235623668427,0.));
#324 = DEFINITIONAL_REPRESENTATION('',(#325),#329);
#325 = LINE('',#326,#327);
#326 = CARTESIAN_POINT('',(154.34569983076,0.));
#327 = VECTOR('',#328,1.);
#328 = DIRECTION('',(0.,-1.));
#329 = ( GEOMETRIC_REPRESENTATION_CONTEXT(2) 
PARAMETRIC_REPRESENTATION_CONTEXT() REPRESENTATION_CONTEXT('2D SPACE',''
  ) );
#330 = ORIENTED_EDGE('',*,*,#331,.T.);
#331 = EDGE_CURVE('',#304,#24,#332,.T.);
#332 = SURFACE_CURVE('',#333,(#337,#344),.PCURVE_S1.);
#333 = LINE('',#334,#335);
#334 = CARTESIAN_POINT('',(-150.,-77.4425,-10.));
#335 = VECTOR('',#336,1.);
#336 = DIRECTION('',(0.,-1.,0.));
#337 = PCURVE('',#32,#338);
#338 = DEFINITIONAL_REPRESENTATION('',(#339),#343);
#339 = LINE('',#340,#341);
#340 = CARTESIAN_POINT('',(40.,-47.5575));
#341 = VECTOR('',#342,1.);
#342 = DIRECTION('',(0.,1.));
#343 = ( GEOMETRIC_REPRESENTATION_CONTEXT(2) 
PARAMETRIC_REPRESENTATION_CONTEXT() REPRESENTATION_CONTEXT('2D SPACE',''
  ) );
#344 = PCURVE('',#345,#350);
#345 = PLANE('',#346);
#346 = AXIS2_PLACEMENT_3D('',#347,#348,#349);
#347 = CARTESIAN_POINT('',(-1.292251252916E-15,-92.95216085688,-10.));
#348 = DIRECTION('',(0.,-1.614405687355E-32,1.));
#349 = DIRECTION('',(0.,1.,1.614405687355E-32));
#350 = DEFINITIONAL_REPRESENTATION('',(#351),#355);
#351 = LINE('',#352,#353);
#352 = CARTESIAN_POINT('',(15.509660856883,150.));
#353 = VECTOR('',#354,1.);
#354 = DIRECTION('',(-1.,-0.));
#355 = ( GEOMETRIC_REPRESENTATION_CONTEXT(2) 
PARAMETRIC_REPRESENTATION_CONTEXT() REPRESENTATION_CONTEXT('2D SPACE',''
  ) );
#356 = ADVANCED_FACE('',(#357),#44,.F.);
#357 = FACE_BOUND('',#358,.F.);
#358 = EDGE_LOOP('',(#359,#389,#410,#411));
#359 = ORIENTED_EDGE('',*,*,#360,.F.);
#360 = EDGE_CURVE('',#361,#363,#365,.T.);
#361 = VERTEX_POINT('',#362);
#362 = CARTESIAN_POINT('',(150.,-125.,-50.));
#363 = VERTEX_POINT('',#364);
#364 = CARTESIAN_POINT('',(150.,-125.,-10.));
#365 = SURFACE_CURVE('',#366,(#370,#377),.PCURVE_S1.);
#366 = LINE('',#367,#368);
#367 = CARTESIAN_POINT('',(150.,-125.,-50.));
#368 = VECTOR('',#369,1.);
#369 = DIRECTION('',(0.,0.,1.));
#370 = PCURVE('',#44,#371);
#371 = DEFINITIONAL_REPRESENTATION('',(#372),#376);
#372 = LINE('',#373,#374);
#373 = CARTESIAN_POINT('',(0.,300.));
#374 = VECTOR('',#375,1.);
#375 = DIRECTION('',(1.,0.));
#376 = ( GEOMETRIC_REPRESENTATION_CONTEXT(2) 
PARAMETRIC_REPRESENTATION_CONTEXT() REPRESENTATION_CONTEXT('2D SPACE',''
  ) );
#377 = PCURVE('',#378,#383);
#378 = PLANE('',#379);
#379 = AXIS2_PLACEMENT_3D('',#380,#381,#382);
#380 = CARTESIAN_POINT('',(150.,-125.,-50.));
#381 = DIRECTION('',(1.,0.,0.));
#382 = DIRECTION('',(0.,0.,1.));
#383 = DEFINITIONAL_REPRESENTATION('',(#384),#388);
#384 = LINE('',#385,#386);
#385 = CARTESIAN_POINT('',(0.,0.));
#386 = VECTOR('',#387,1.);
#387 = DIRECTION('',(1.,0.));
#388 = ( GEOMETRIC_REPRESENTATION_CONTEXT(2) 
PARAMETRIC_REPRESENTATION_CONTEXT() REPRESENTATION_CONTEXT('2D SPACE',''
  ) );
#389 = ORIENTED_EDGE('',*,*,#390,.F.);
#390 = EDGE_CURVE('',#22,#361,#391,.T.);
#391 = SURFACE_CURVE('',#392,(#396,#403),.PCURVE_S1.);
#392 = LINE('',#393,#394);
#393 = CARTESIAN_POINT('',(-150.,-125.,-50.));
#394 = VECTOR('',#395,1.);
#395 = DIRECTION('',(1.,0.,0.));
#396 = PCURVE('',#44,#397);
#397 = DEFINITIONAL_REPRESENTATION('',(#398),#402);
#398 = LINE('',#399,#400);
#399 = CARTESIAN_POINT('',(0.,0.));
#400 = VECTOR('',#401,1.);
#401 = DIRECTION('',(0.,1.));
#402 = ( GEOMETRIC_REPRESENTATION_CONTEXT(2) 
PARAMETRIC_REPRESENTATION_CONTEXT() REPRESENTATION_CONTEXT('2D SPACE',''
  ) );
#403 = PCURVE('',#72,#404);
#404 = DEFINITIONAL_REPRESENTATION('',(#405),#409);
#405 = LINE('',#406,#407);
#406 = CARTESIAN_POINT('',(0.,0.));
#407 = VECTOR('',#408,1.);
#408 = DIRECTION('',(1.,0.));
#409 = ( GEOMETRIC_REPRESENTATION_CONTEXT(2) 
PARAMETRIC_REPRESENTATION_CONTEXT() REPRESENTATION_CONTEXT('2D SPACE',''
  ) );
#410 = ORIENTED_EDGE('',*,*,#21,.T.);
#411 = ORIENTED_EDGE('',*,*,#412,.T.);
#412 = EDGE_CURVE('',#24,#363,#413,.T.);
#413 = SURFACE_CURVE('',#414,(#418,#425),.PCURVE_S1.);
#414 = LINE('',#415,#416);
#415 = CARTESIAN_POINT('',(-150.,-125.,-10.));
#416 = VECTOR('',#417,1.);
#417 = DIRECTION('',(1.,0.,0.));
#418 = PCURVE('',#44,#419);
#419 = DEFINITIONAL_REPRESENTATION('',(#420),#424);
#420 = LINE('',#421,#422);
#421 = CARTESIAN_POINT('',(40.,0.));
#422 = VECTOR('',#423,1.);
#423 = DIRECTION('',(0.,1.));
#424 = ( GEOMETRIC_REPRESENTATION_CONTEXT(2) 
PARAMETRIC_REPRESENTATION_CONTEXT() REPRESENTATION_CONTEXT('2D SPACE',''
  ) );
#425 = PCURVE('',#345,#426);
#426 = DEFINITIONAL_REPRESENTATION('',(#427),#431);
#427 = LINE('',#428,#429);
#428 = CARTESIAN_POINT('',(-32.04783914311,150.));
#429 = VECTOR('',#430,1.);
#430 = DIRECTION('',(0.,-1.));
#431 = ( GEOMETRIC_REPRESENTATION_CONTEXT(2) 
PARAMETRIC_REPRESENTATION_CONTEXT() REPRESENTATION_CONTEXT('2D SPACE',''
  ) );
#432 = ADVANCED_FACE('',(#433),#345,.T.);
#433 = FACE_BOUND('',#434,.T.);
#434 = EDGE_LOOP('',(#435,#436,#459,#487,#508));
#435 = ORIENTED_EDGE('',*,*,#412,.T.);
#436 = ORIENTED_EDGE('',*,*,#437,.T.);
#437 = EDGE_CURVE('',#363,#438,#440,.T.);
#438 = VERTEX_POINT('',#439);
#439 = CARTESIAN_POINT('',(150.,-77.4425,-10.));
#440 = SURFACE_CURVE('',#441,(#445,#452),.PCURVE_S1.);
#441 = LINE('',#442,#443);
#442 = CARTESIAN_POINT('',(150.,-125.,-10.));
#443 = VECTOR('',#444,1.);
#444 = DIRECTION('',(0.,1.,0.));
#445 = PCURVE('',#345,#446);
#446 = DEFINITIONAL_REPRESENTATION('',(#447),#451);
#447 = LINE('',#448,#449);
#448 = CARTESIAN_POINT('',(-32.04783914311,-150.));
#449 = VECTOR('',#450,1.);
#450 = DIRECTION('',(1.,0.));
#451 = ( GEOMETRIC_REPRESENTATION_CONTEXT(2) 
PARAMETRIC_REPRESENTATION_CONTEXT() REPRESENTATION_CONTEXT('2D SPACE',''
  ) );
#452 = PCURVE('',#378,#453);
#453 = DEFINITIONAL_REPRESENTATION('',(#454),#458);
#454 = LINE('',#455,#456);
#455 = CARTESIAN_POINT('',(40.,0.));
#456 = VECTOR('',#457,1.);
#457 = DIRECTION('',(0.,-1.));
#458 = ( GEOMETRIC_REPRESENTATION_CONTEXT(2) 
PARAMETRIC_REPRESENTATION_CONTEXT() REPRESENTATION_CONTEXT('2D SPACE',''
  ) );
#459 = ORIENTED_EDGE('',*,*,#460,.T.);
#460 = EDGE_CURVE('',#438,#461,#463,.T.);
#461 = VERTEX_POINT('',#462);
#462 = CARTESIAN_POINT('',(0.,-41.075,-10.));
#463 = SURFACE_CURVE('',#464,(#468,#475),.PCURVE_S1.);
#464 = LINE('',#465,#466);
#465 = CARTESIAN_POINT('',(150.,-77.4425,-10.));
#466 = VECTOR('',#467,1.);
#467 = DIRECTION('',(-0.971844373795,0.235623668427,0.));
#468 = PCURVE('',#345,#469);
#469 = DEFINITIONAL_REPRESENTATION('',(#470),#474);
#470 = LINE('',#471,#472);
#471 = CARTESIAN_POINT('',(15.509660856883,-150.));
#472 = VECTOR('',#473,1.);
#473 = DIRECTION('',(0.235623668427,0.971844373795));
#474 = ( GEOMETRIC_REPRESENTATION_CONTEXT(2) 
PARAMETRIC_REPRESENTATION_CONTEXT() REPRESENTATION_CONTEXT('2D SPACE',''
  ) );
#475 = PCURVE('',#476,#481);
#476 = PLANE('',#477);
#477 = AXIS2_PLACEMENT_3D('',#478,#479,#480);
#478 = CARTESIAN_POINT('',(150.,-77.4425,50.));
#479 = DIRECTION('',(0.235623668427,0.971844373795,-0.));
#480 = DIRECTION('',(-0.971844373795,0.235623668427,0.));
#481 = DEFINITIONAL_REPRESENTATION('',(#482),#486);
#482 = LINE('',#483,#484);
#483 = CARTESIAN_POINT('',(0.,-60.));
#484 = VECTOR('',#485,1.);
#485 = DIRECTION('',(1.,0.));
#486 = ( GEOMETRIC_REPRESENTATION_CONTEXT(2) 
PARAMETRIC_REPRESENTATION_CONTEXT() REPRESENTATION_CONTEXT('2D SPACE',''
  ) );
#487 = ORIENTED_EDGE('',*,*,#488,.T.);
#488 = EDGE_CURVE('',#461,#304,#489,.T.);
#489 = SURFACE_CURVE('',#490,(#494,#501),.PCURVE_S1.);
#490 = LINE('',#491,#492);
#491 = CARTESIAN_POINT('',(0.,-41.075,-10.));
#492 = VECTOR('',#493,1.);
#493 = DIRECTION('',(-0.971844373795,-0.235623668427,0.));
#494 = PCURVE('',#345,#495);
#495 = DEFINITIONAL_REPRESENTATION('',(#496),#500);
#496 = LINE('',#497,#498);
#497 = CARTESIAN_POINT('',(51.877160856883,-1.292251252916E-15));
#498 = VECTOR('',#499,1.);
#499 = DIRECTION('',(-0.235623668427,0.971844373795));
#500 = ( GEOMETRIC_REPRESENTATION_CONTEXT(2) 
PARAMETRIC_REPRESENTATION_CONTEXT() REPRESENTATION_CONTEXT('2D SPACE',''
  ) );
#501 = PCURVE('',#319,#502);
#502 = DEFINITIONAL_REPRESENTATION('',(#503),#507);
#503 = LINE('',#504,#505);
#504 = CARTESIAN_POINT('',(-0.,-60.));
#505 = VECTOR('',#506,1.);
#506 = DIRECTION('',(1.,0.));
#507 = ( GEOMETRIC_REPRESENTATION_CONTEXT(2) 
PARAMETRIC_REPRESENTATION_CONTEXT() REPRESENTATION_CONTEXT('2D SPACE',''
  ) );
#508 = ORIENTED_EDGE('',*,*,#331,.T.);
#509 = ADVANCED_FACE('',(#510),#319,.F.);
#510 = FACE_BOUND('',#511,.F.);
#511 = EDGE_LOOP('',(#512,#535,#536,#537));
#512 = ORIENTED_EDGE('',*,*,#513,.T.);
#513 = EDGE_CURVE('',#514,#461,#516,.T.);
#514 = VERTEX_POINT('',#515);
#515 = CARTESIAN_POINT('',(0.,-41.075,50.));
#516 = SURFACE_CURVE('',#517,(#521,#528),.PCURVE_S1.);
#517 = LINE('',#518,#519);
#518 = CARTESIAN_POINT('',(0.,-41.075,50.));
#519 = VECTOR('',#520,1.);
#520 = DIRECTION('',(-0.,-0.,-1.));
#521 = PCURVE('',#319,#522);
#522 = DEFINITIONAL_REPRESENTATION('',(#523),#527);
#523 = LINE('',#524,#525);
#524 = CARTESIAN_POINT('',(0.,0.));
#525 = VECTOR('',#526,1.);
#526 = DIRECTION('',(0.,-1.));
#527 = ( GEOMETRIC_REPRESENTATION_CONTEXT(2) 
PARAMETRIC_REPRESENTATION_CONTEXT() REPRESENTATION_CONTEXT('2D SPACE',''
  ) );
#528 = PCURVE('',#476,#529);
#529 = DEFINITIONAL_REPRESENTATION('',(#530),#534);
#530 = LINE('',#531,#532);
#531 = CARTESIAN_POINT('',(154.34569983076,0.));
#532 = VECTOR('',#533,1.);
#533 = DIRECTION('',(0.,-1.));
#534 = ( GEOMETRIC_REPRESENTATION_CONTEXT(2) 
PARAMETRIC_REPRESENTATION_CONTEXT() REPRESENTATION_CONTEXT('2D SPACE',''
  ) );
#535 = ORIENTED_EDGE('',*,*,#488,.T.);
#536 = ORIENTED_EDGE('',*,*,#303,.F.);
#537 = ORIENTED_EDGE('',*,*,#538,.F.);
#538 = EDGE_CURVE('',#514,#276,#539,.T.);
#539 = SURFACE_CURVE('',#540,(#544,#551),.PCURVE_S1.);
#540 = LINE('',#541,#542);
#541 = CARTESIAN_POINT('',(0.,-41.075,50.));
#542 = VECTOR('',#543,1.);
#543 = DIRECTION('',(-0.971844373795,-0.235623668427,0.));
#544 = PCURVE('',#319,#545);
#545 = DEFINITIONAL_REPRESENTATION('',(#546),#550);
#546 = LINE('',#547,#548);
#547 = CARTESIAN_POINT('',(0.,0.));
#548 = VECTOR('',#549,1.);
#549 = DIRECTION('',(1.,0.));
#550 = ( GEOMETRIC_REPRESENTATION_CONTEXT(2) 
PARAMETRIC_REPRESENTATION_CONTEXT() REPRESENTATION_CONTEXT('2D SPACE',''
  ) );
#551 = PCURVE('',#291,#552);
#552 = DEFINITIONAL_REPRESENTATION('',(#553),#557);
#553 = LINE('',#554,#555);
#554 = CARTESIAN_POINT('',(150.,83.925));
#555 = VECTOR('',#556,1.);
#556 = DIRECTION('',(-0.971844373795,-0.235623668427));
#557 = ( GEOMETRIC_REPRESENTATION_CONTEXT(2) 
PARAMETRIC_REPRESENTATION_CONTEXT() REPRESENTATION_CONTEXT('2D SPACE',''
  ) );
#558 = ADVANCED_FACE('',(#559,#681,#712,#743),#291,.T.);
#559 = FACE_BOUND('',#560,.T.);
#560 = EDGE_LOOP('',(#561,#562,#563,#586,#609,#632,#660));
#561 = ORIENTED_EDGE('',*,*,#275,.F.);
#562 = ORIENTED_EDGE('',*,*,#538,.F.);
#563 = ORIENTED_EDGE('',*,*,#564,.F.);
#564 = EDGE_CURVE('',#565,#514,#567,.T.);
#565 = VERTEX_POINT('',#566);
#566 = CARTESIAN_POINT('',(150.,-77.4425,50.));
#567 = SURFACE_CURVE('',#568,(#572,#579),.PCURVE_S1.);
#568 = LINE('',#569,#570);
#569 = CARTESIAN_POINT('',(150.,-77.4425,50.));
#570 = VECTOR('',#571,1.);
#571 = DIRECTION('',(-0.971844373795,0.235623668427,0.));
#572 = PCURVE('',#291,#573);
#573 = DEFINITIONAL_REPRESENTATION('',(#574),#578);
#574 = LINE('',#575,#576);
#575 = CARTESIAN_POINT('',(300.,47.5575));
#576 = VECTOR('',#577,1.);
#577 = DIRECTION('',(-0.971844373795,0.235623668427));
#578 = ( GEOMETRIC_REPRESENTATION_CONTEXT(2) 
PARAMETRIC_REPRESENTATION_CONTEXT() REPRESENTATION_CONTEXT('2D SPACE',''
  ) );
#579 = PCURVE('',#476,#580);
#580 = DEFINITIONAL_REPRESENTATION('',(#581),#585);
#581 = LINE('',#582,#583);
#582 = CARTESIAN_POINT('',(0.,0.));
#583 = VECTOR('',#584,1.);
#584 = DIRECTION('',(1.,0.));
#585 = ( GEOMETRIC_REPRESENTATION_CONTEXT(2) 
PARAMETRIC_REPRESENTATION_CONTEXT() REPRESENTATION_CONTEXT('2D SPACE',''
  ) );
#586 = ORIENTED_EDGE('',*,*,#587,.T.);
#587 = EDGE_CURVE('',#565,#588,#590,.T.);
#588 = VERTEX_POINT('',#589);
#589 = CARTESIAN_POINT('',(150.,125.,50.));
#590 = SURFACE_CURVE('',#591,(#595,#602),.PCURVE_S1.);
#591 = LINE('',#592,#593);
#592 = CARTESIAN_POINT('',(150.,-125.,50.));
#593 = VECTOR('',#594,1.);
#594 = DIRECTION('',(0.,1.,0.));
#595 = PCURVE('',#291,#596);
#596 = DEFINITIONAL_REPRESENTATION('',(#597),#601);
#597 = LINE('',#598,#599);
#598 = CARTESIAN_POINT('',(300.,0.));
#599 = VECTOR('',#600,1.);
#600 = DIRECTION('',(0.,1.));
#601 = ( GEOMETRIC_REPRESENTATION_CONTEXT(2) 
PARAMETRIC_REPRESENTATION_CONTEXT() REPRESENTATION_CONTEXT('2D SPACE',''
  ) );
#602 = PCURVE('',#378,#603);
#603 = DEFINITIONAL_REPRESENTATION('',(#604),#608);
#604 = LINE('',#605,#606);
#605 = CARTESIAN_POINT('',(100.,0.));
#606 = VECTOR('',#607,1.);
#607 = DIRECTION('',(0.,-1.));
#608 = ( GEOMETRIC_REPRESENTATION_CONTEXT(2) 
PARAMETRIC_REPRESENTATION_CONTEXT() REPRESENTATION_CONTEXT('2D SPACE',''
  ) );
#609 = ORIENTED_EDGE('',*,*,#610,.F.);
#610 = EDGE_CURVE('',#611,#588,#613,.T.);
#611 = VERTEX_POINT('',#612);
#612 = CARTESIAN_POINT('',(-28.,125.,50.));
#613 = SURFACE_CURVE('',#614,(#618,#625),.PCURVE_S1.);
#614 = LINE('',#615,#616);
#615 = CARTESIAN_POINT('',(-150.,125.,50.));
#616 = VECTOR('',#617,1.);
#617 = DIRECTION('',(1.,0.,0.));
#618 = PCURVE('',#291,#619);
#619 = DEFINITIONAL_REPRESENTATION('',(#620),#624);
#620 = LINE('',#621,#622);
#621 = CARTESIAN_POINT('',(0.,250.));
#622 = VECTOR('',#623,1.);
#623 = DIRECTION('',(1.,0.));
#624 = ( GEOMETRIC_REPRESENTATION_CONTEXT(2) 
PARAMETRIC_REPRESENTATION_CONTEXT() REPRESENTATION_CONTEXT('2D SPACE',''
  ) );
#625 = PCURVE('',#207,#626);
#626 = DEFINITIONAL_REPRESENTATION('',(#627),#631);
#627 = LINE('',#628,#629);
#628 = CARTESIAN_POINT('',(100.,0.));
#629 = VECTOR('',#630,1.);
#630 = DIRECTION('',(0.,1.));
#631 = ( GEOMETRIC_REPRESENTATION_CONTEXT(2) 
PARAMETRIC_REPRESENTATION_CONTEXT() REPRESENTATION_CONTEXT('2D SPACE',''
  ) );
#632 = ORIENTED_EDGE('',*,*,#633,.T.);
#633 = EDGE_CURVE('',#611,#634,#636,.T.);
#634 = VERTEX_POINT('',#635);
#635 = CARTESIAN_POINT('',(-28.,35.,50.));
#636 = SURFACE_CURVE('',#637,(#641,#648),.PCURVE_S1.);
#637 = LINE('',#638,#639);
#638 = CARTESIAN_POINT('',(-28.,125.,50.));
#639 = VECTOR('',#640,1.);
#640 = DIRECTION('',(0.,-1.,0.));
#641 = PCURVE('',#291,#642);
#642 = DEFINITIONAL_REPRESENTATION('',(#643),#647);
#643 = LINE('',#644,#645);
#644 = CARTESIAN_POINT('',(122.,250.));
#645 = VECTOR('',#646,1.);
#646 = DIRECTION('',(0.,-1.));
#647 = ( GEOMETRIC_REPRESENTATION_CONTEXT(2) 
PARAMETRIC_REPRESENTATION_CONTEXT() REPRESENTATION_CONTEXT('2D SPACE',''
  ) );
#648 = PCURVE('',#649,#654);
#649 = PLANE('',#650);
#650 = AXIS2_PLACEMENT_3D('',#651,#652,#653);
#651 = CARTESIAN_POINT('',(-28.,125.,50.));
#652 = DIRECTION('',(-1.,-0.,-0.));
#653 = DIRECTION('',(0.,-1.,0.));
#654 = DEFINITIONAL_REPRESENTATION('',(#655),#659);
#655 = LINE('',#656,#657);
#656 = CARTESIAN_POINT('',(0.,0.));
#657 = VECTOR('',#658,1.);
#658 = DIRECTION('',(1.,0.));
#659 = ( GEOMETRIC_REPRESENTATION_CONTEXT(2) 
PARAMETRIC_REPRESENTATION_CONTEXT() REPRESENTATION_CONTEXT('2D SPACE',''
  ) );
#660 = ORIENTED_EDGE('',*,*,#661,.T.);
#661 = EDGE_CURVE('',#634,#248,#662,.T.);
#662 = SURFACE_CURVE('',#663,(#667,#674),.PCURVE_S1.);
#663 = LINE('',#664,#665);
#664 = CARTESIAN_POINT('',(-28.,35.,50.));
#665 = VECTOR('',#666,1.);
#666 = DIRECTION('',(-1.,0.,0.));
#667 = PCURVE('',#291,#668);
#668 = DEFINITIONAL_REPRESENTATION('',(#669),#673);
#669 = LINE('',#670,#671);
#670 = CARTESIAN_POINT('',(122.,160.));
#671 = VECTOR('',#672,1.);
#672 = DIRECTION('',(-1.,0.));
#673 = ( GEOMETRIC_REPRESENTATION_CONTEXT(2) 
PARAMETRIC_REPRESENTATION_CONTEXT() REPRESENTATION_CONTEXT('2D SPACE',''
  ) );
#674 = PCURVE('',#263,#675);
#675 = DEFINITIONAL_REPRESENTATION('',(#676),#680);
#676 = LINE('',#677,#678);
#677 = CARTESIAN_POINT('',(0.,0.));
#678 = VECTOR('',#679,1.);
#679 = DIRECTION('',(1.,0.));
#680 = ( GEOMETRIC_REPRESENTATION_CONTEXT(2) 
PARAMETRIC_REPRESENTATION_CONTEXT() REPRESENTATION_CONTEXT('2D SPACE',''
  ) );
#681 = FACE_BOUND('',#682,.T.);
#682 = EDGE_LOOP('',(#683));
#683 = ORIENTED_EDGE('',*,*,#684,.F.);
#684 = EDGE_CURVE('',#685,#685,#687,.T.);
#685 = VERTEX_POINT('',#686);
#686 = CARTESIAN_POINT('',(84.7,77.93211875,50.));
#687 = SURFACE_CURVE('',#688,(#693,#700),.PCURVE_S1.);
#688 = CIRCLE('',#689,6.4);
#689 = AXIS2_PLACEMENT_3D('',#690,#691,#692);
#690 = CARTESIAN_POINT('',(78.3,77.93211875,50.));
#691 = DIRECTION('',(0.,0.,1.));
#692 = DIRECTION('',(1.,0.,0.));
#693 = PCURVE('',#291,#694);
#694 = DEFINITIONAL_REPRESENTATION('',(#695),#699);
#695 = CIRCLE('',#696,6.4);
#696 = AXIS2_PLACEMENT_2D('',#697,#698);
#697 = CARTESIAN_POINT('',(228.3,202.93211875));
#698 = DIRECTION('',(1.,0.));
#699 = ( GEOMETRIC_REPRESENTATION_CONTEXT(2) 
PARAMETRIC_REPRESENTATION_CONTEXT() REPRESENTATION_CONTEXT('2D SPACE',''
  ) );
#700 = PCURVE('',#701,#706);
#701 = CYLINDRICAL_SURFACE('',#702,6.4);
#702 = AXIS2_PLACEMENT_3D('',#703,#704,#705);
#703 = CARTESIAN_POINT('',(78.3,77.93211875,50.));
#704 = DIRECTION('',(0.,0.,1.));
#705 = DIRECTION('',(1.,0.,0.));
#706 = DEFINITIONAL_REPRESENTATION('',(#707),#711);
#707 = LINE('',#708,#709);
#708 = CARTESIAN_POINT('',(0.,0.));
#709 = VECTOR('',#710,1.);
#710 = DIRECTION('',(1.,0.));
#711 = ( GEOMETRIC_REPRESENTATION_CONTEXT(2) 
PARAMETRIC_REPRESENTATION_CONTEXT() REPRESENTATION_CONTEXT('2D SPACE',''
  ) );
#712 = FACE_BOUND('',#713,.T.);
#713 = EDGE_LOOP('',(#714));
#714 = ORIENTED_EDGE('',*,*,#715,.F.);
#715 = EDGE_CURVE('',#716,#716,#718,.T.);
#716 = VERTEX_POINT('',#717);
#717 = CARTESIAN_POINT('',(84.7,93.6214125,50.));
#718 = SURFACE_CURVE('',#719,(#724,#731),.PCURVE_S1.);
#719 = CIRCLE('',#720,6.4);
#720 = AXIS2_PLACEMENT_3D('',#721,#722,#723);
#721 = CARTESIAN_POINT('',(78.3,93.6214125,50.));
#722 = DIRECTION('',(0.,0.,1.));
#723 = DIRECTION('',(1.,0.,0.));
#724 = PCURVE('',#291,#725);
#725 = DEFINITIONAL_REPRESENTATION('',(#726),#730);
#726 = CIRCLE('',#727,6.4);
#727 = AXIS2_PLACEMENT_2D('',#728,#729);
#728 = CARTESIAN_POINT('',(228.3,218.6214125));
#729 = DIRECTION('',(1.,0.));
#730 = ( GEOMETRIC_REPRESENTATION_CONTEXT(2) 
PARAMETRIC_REPRESENTATION_CONTEXT() REPRESENTATION_CONTEXT('2D SPACE',''
  ) );
#731 = PCURVE('',#732,#737);
#732 = CYLINDRICAL_SURFACE('',#733,6.4);
#733 = AXIS2_PLACEMENT_3D('',#734,#735,#736);
#734 = CARTESIAN_POINT('',(78.3,93.6214125,50.));
#735 = DIRECTION('',(0.,0.,1.));
#736 = DIRECTION('',(1.,0.,0.));
#737 = DEFINITIONAL_REPRESENTATION('',(#738),#742);
#738 = LINE('',#739,#740);
#739 = CARTESIAN_POINT('',(0.,0.));
#740 = VECTOR('',#741,1.);
#741 = DIRECTION('',(1.,0.));
#742 = ( GEOMETRIC_REPRESENTATION_CONTEXT(2) 
PARAMETRIC_REPRESENTATION_CONTEXT() REPRESENTATION_CONTEXT('2D SPACE',''
  ) );
#743 = FACE_BOUND('',#744,.T.);
#744 = EDGE_LOOP('',(#745));
#745 = ORIENTED_EDGE('',*,*,#746,.F.);
#746 = EDGE_CURVE('',#747,#747,#749,.T.);
#747 = VERTEX_POINT('',#748);
#748 = CARTESIAN_POINT('',(84.7,109.31070625,50.));
#749 = SURFACE_CURVE('',#750,(#755,#762),.PCURVE_S1.);
#750 = CIRCLE('',#751,6.4);
#751 = AXIS2_PLACEMENT_3D('',#752,#753,#754);
#752 = CARTESIAN_POINT('',(78.3,109.31070625,50.));
#753 = DIRECTION('',(0.,0.,1.));
#754 = DIRECTION('',(1.,0.,0.));
#755 = PCURVE('',#291,#756);
#756 = DEFINITIONAL_REPRESENTATION('',(#757),#761);
#757 = CIRCLE('',#758,6.4);
#758 = AXIS2_PLACEMENT_2D('',#759,#760);
#759 = CARTESIAN_POINT('',(228.3,234.31070625));
#760 = DIRECTION('',(1.,0.));
#761 = ( GEOMETRIC_REPRESENTATION_CONTEXT(2) 
PARAMETRIC_REPRESENTATION_CONTEXT() REPRESENTATION_CONTEXT('2D SPACE',''
  ) );
#762 = PCURVE('',#763,#768);
#763 = CYLINDRICAL_SURFACE('',#764,6.4);
#764 = AXIS2_PLACEMENT_3D('',#765,#766,#767);
#765 = CARTESIAN_POINT('',(78.3,109.31070625,50.));
#766 = DIRECTION('',(0.,0.,1.));
#767 = DIRECTION('',(1.,0.,0.));
#768 = DEFINITIONAL_REPRESENTATION('',(#769),#773);
#769 = LINE('',#770,#771);
#770 = CARTESIAN_POINT('',(0.,0.));
#771 = VECTOR('',#772,1.);
#772 = DIRECTION('',(1.,0.));
#773 = ( GEOMETRIC_REPRESENTATION_CONTEXT(2) 
PARAMETRIC_REPRESENTATION_CONTEXT() REPRESENTATION_CONTEXT('2D SPACE',''
  ) );
#774 = ADVANCED_FACE('',(#775),#263,.T.);
#775 = FACE_BOUND('',#776,.T.);
#776 = EDGE_LOOP('',(#777,#800,#821,#822));
#777 = ORIENTED_EDGE('',*,*,#778,.T.);
#778 = EDGE_CURVE('',#634,#779,#781,.T.);
#779 = VERTEX_POINT('',#780);
#780 = CARTESIAN_POINT('',(-28.,35.,46.));
#781 = SURFACE_CURVE('',#782,(#786,#793),.PCURVE_S1.);
#782 = LINE('',#783,#784);
#783 = CARTESIAN_POINT('',(-28.,35.,50.));
#784 = VECTOR('',#785,1.);
#785 = DIRECTION('',(0.,0.,-1.));
#786 = PCURVE('',#263,#787);
#787 = DEFINITIONAL_REPRESENTATION('',(#788),#792);
#788 = LINE('',#789,#790);
#789 = CARTESIAN_POINT('',(0.,0.));
#790 = VECTOR('',#791,1.);
#791 = DIRECTION('',(0.,-1.));
#792 = ( GEOMETRIC_REPRESENTATION_CONTEXT(2) 
PARAMETRIC_REPRESENTATION_CONTEXT() REPRESENTATION_CONTEXT('2D SPACE',''
  ) );
#793 = PCURVE('',#649,#794);
#794 = DEFINITIONAL_REPRESENTATION('',(#795),#799);
#795 = LINE('',#796,#797);
#796 = CARTESIAN_POINT('',(90.,0.));
#797 = VECTOR('',#798,1.);
#798 = DIRECTION('',(0.,-1.));
#799 = ( GEOMETRIC_REPRESENTATION_CONTEXT(2) 
PARAMETRIC_REPRESENTATION_CONTEXT() REPRESENTATION_CONTEXT('2D SPACE',''
  ) );
#800 = ORIENTED_EDGE('',*,*,#801,.T.);
#801 = EDGE_CURVE('',#779,#220,#802,.T.);
#802 = SURFACE_CURVE('',#803,(#807,#814),.PCURVE_S1.);
#803 = LINE('',#804,#805);
#804 = CARTESIAN_POINT('',(-28.,35.,46.));
#805 = VECTOR('',#806,1.);
#806 = DIRECTION('',(-1.,0.,0.));
#807 = PCURVE('',#263,#808);
#808 = DEFINITIONAL_REPRESENTATION('',(#809),#813);
#809 = LINE('',#810,#811);
#810 = CARTESIAN_POINT('',(0.,-4.));
#811 = VECTOR('',#812,1.);
#812 = DIRECTION('',(1.,0.));
#813 = ( GEOMETRIC_REPRESENTATION_CONTEXT(2) 
PARAMETRIC_REPRESENTATION_CONTEXT() REPRESENTATION_CONTEXT('2D SPACE',''
  ) );
#814 = PCURVE('',#235,#815);
#815 = DEFINITIONAL_REPRESENTATION('',(#816),#820);
#816 = LINE('',#817,#818);
#817 = CARTESIAN_POINT('',(-61.,-45.));
#818 = VECTOR('',#819,1.);
#819 = DIRECTION('',(1.,0.));
#820 = ( GEOMETRIC_REPRESENTATION_CONTEXT(2) 
PARAMETRIC_REPRESENTATION_CONTEXT() REPRESENTATION_CONTEXT('2D SPACE',''
  ) );
#821 = ORIENTED_EDGE('',*,*,#247,.F.);
#822 = ORIENTED_EDGE('',*,*,#661,.F.);
#823 = ADVANCED_FACE('',(#824),#235,.F.);
#824 = FACE_BOUND('',#825,.F.);
#825 = EDGE_LOOP('',(#826,#849,#870,#871));
#826 = ORIENTED_EDGE('',*,*,#827,.T.);
#827 = EDGE_CURVE('',#192,#828,#830,.T.);
#828 = VERTEX_POINT('',#829);
#829 = CARTESIAN_POINT('',(-28.,125.,46.));
#830 = SURFACE_CURVE('',#831,(#835,#842),.PCURVE_S1.);
#831 = LINE('',#832,#833);
#832 = CARTESIAN_POINT('',(-150.,125.,46.));
#833 = VECTOR('',#834,1.);
#834 = DIRECTION('',(1.,0.,0.));
#835 = PCURVE('',#235,#836);
#836 = DEFINITIONAL_REPRESENTATION('',(#837),#841);
#837 = LINE('',#838,#839);
#838 = CARTESIAN_POINT('',(61.,45.));
#839 = VECTOR('',#840,1.);
#840 = DIRECTION('',(-1.,0.));
#841 = ( GEOMETRIC_REPRESENTATION_CONTEXT(2) 
PARAMETRIC_REPRESENTATION_CONTEXT() REPRESENTATION_CONTEXT('2D SPACE',''
  ) );
#842 = PCURVE('',#207,#843);
#843 = DEFINITIONAL_REPRESENTATION('',(#844),#848);
#844 = LINE('',#845,#846);
#845 = CARTESIAN_POINT('',(96.,0.));
#846 = VECTOR('',#847,1.);
#847 = DIRECTION('',(0.,1.));
#848 = ( GEOMETRIC_REPRESENTATION_CONTEXT(2) 
PARAMETRIC_REPRESENTATION_CONTEXT() REPRESENTATION_CONTEXT('2D SPACE',''
  ) );
#849 = ORIENTED_EDGE('',*,*,#850,.T.);
#850 = EDGE_CURVE('',#828,#779,#851,.T.);
#851 = SURFACE_CURVE('',#852,(#856,#863),.PCURVE_S1.);
#852 = LINE('',#853,#854);
#853 = CARTESIAN_POINT('',(-28.,125.,46.));
#854 = VECTOR('',#855,1.);
#855 = DIRECTION('',(0.,-1.,0.));
#856 = PCURVE('',#235,#857);
#857 = DEFINITIONAL_REPRESENTATION('',(#858),#862);
#858 = LINE('',#859,#860);
#859 = CARTESIAN_POINT('',(-61.,45.));
#860 = VECTOR('',#861,1.);
#861 = DIRECTION('',(0.,-1.));
#862 = ( GEOMETRIC_REPRESENTATION_CONTEXT(2) 
PARAMETRIC_REPRESENTATION_CONTEXT() REPRESENTATION_CONTEXT('2D SPACE',''
  ) );
#863 = PCURVE('',#649,#864);
#864 = DEFINITIONAL_REPRESENTATION('',(#865),#869);
#865 = LINE('',#866,#867);
#866 = CARTESIAN_POINT('',(0.,-4.));
#867 = VECTOR('',#868,1.);
#868 = DIRECTION('',(1.,0.));
#869 = ( GEOMETRIC_REPRESENTATION_CONTEXT(2) 
PARAMETRIC_REPRESENTATION_CONTEXT() REPRESENTATION_CONTEXT('2D SPACE',''
  ) );
#870 = ORIENTED_EDGE('',*,*,#801,.T.);
#871 = ORIENTED_EDGE('',*,*,#219,.T.);
#872 = ADVANCED_FACE('',(#873),#207,.T.);
#873 = FACE_BOUND('',#874,.T.);
#874 = EDGE_LOOP('',(#875,#898,#919,#920,#921,#942));
#875 = ORIENTED_EDGE('',*,*,#876,.F.);
#876 = EDGE_CURVE('',#877,#588,#879,.T.);
#877 = VERTEX_POINT('',#878);
#878 = CARTESIAN_POINT('',(150.,125.,-50.));
#879 = SURFACE_CURVE('',#880,(#884,#891),.PCURVE_S1.);
#880 = LINE('',#881,#882);
#881 = CARTESIAN_POINT('',(150.,125.,-50.));
#882 = VECTOR('',#883,1.);
#883 = DIRECTION('',(0.,0.,1.));
#884 = PCURVE('',#207,#885);
#885 = DEFINITIONAL_REPRESENTATION('',(#886),#890);
#886 = LINE('',#887,#888);
#887 = CARTESIAN_POINT('',(0.,300.));
#888 = VECTOR('',#889,1.);
#889 = DIRECTION('',(1.,0.));
#890 = ( GEOMETRIC_REPRESENTATION_CONTEXT(2) 
PARAMETRIC_REPRESENTATION_CONTEXT() REPRESENTATION_CONTEXT('2D SPACE',''
  ) );
#891 = PCURVE('',#378,#892);
#892 = DEFINITIONAL_REPRESENTATION('',(#893),#897);
#893 = LINE('',#894,#895);
#894 = CARTESIAN_POINT('',(0.,-250.));
#895 = VECTOR('',#896,1.);
#896 = DIRECTION('',(1.,0.));
#897 = ( GEOMETRIC_REPRESENTATION_CONTEXT(2) 
PARAMETRIC_REPRESENTATION_CONTEXT() REPRESENTATION_CONTEXT('2D SPACE',''
  ) );
#898 = ORIENTED_EDGE('',*,*,#899,.F.);
#899 = EDGE_CURVE('',#169,#877,#900,.T.);
#900 = SURFACE_CURVE('',#901,(#905,#912),.PCURVE_S1.);
#901 = LINE('',#902,#903);
#902 = CARTESIAN_POINT('',(-150.,125.,-50.));
#903 = VECTOR('',#904,1.);
#904 = DIRECTION('',(1.,0.,0.));
#905 = PCURVE('',#207,#906);
#906 = DEFINITIONAL_REPRESENTATION('',(#907),#911);
#907 = LINE('',#908,#909);
#908 = CARTESIAN_POINT('',(0.,0.));
#909 = VECTOR('',#910,1.);
#910 = DIRECTION('',(0.,1.));
#911 = ( GEOMETRIC_REPRESENTATION_CONTEXT(2) 
PARAMETRIC_REPRESENTATION_CONTEXT() REPRESENTATION_CONTEXT('2D SPACE',''
  ) );
#912 = PCURVE('',#72,#913);
#913 = DEFINITIONAL_REPRESENTATION('',(#914),#918);
#914 = LINE('',#915,#916);
#915 = CARTESIAN_POINT('',(0.,250.));
#916 = VECTOR('',#917,1.);
#917 = DIRECTION('',(1.,0.));
#918 = ( GEOMETRIC_REPRESENTATION_CONTEXT(2) 
PARAMETRIC_REPRESENTATION_CONTEXT() REPRESENTATION_CONTEXT('2D SPACE',''
  ) );
#919 = ORIENTED_EDGE('',*,*,#191,.T.);
#920 = ORIENTED_EDGE('',*,*,#827,.T.);
#921 = ORIENTED_EDGE('',*,*,#922,.F.);
#922 = EDGE_CURVE('',#611,#828,#923,.T.);
#923 = SURFACE_CURVE('',#924,(#928,#935),.PCURVE_S1.);
#924 = LINE('',#925,#926);
#925 = CARTESIAN_POINT('',(-28.,125.,50.));
#926 = VECTOR('',#927,1.);
#927 = DIRECTION('',(0.,0.,-1.));
#928 = PCURVE('',#207,#929);
#929 = DEFINITIONAL_REPRESENTATION('',(#930),#934);
#930 = LINE('',#931,#932);
#931 = CARTESIAN_POINT('',(100.,122.));
#932 = VECTOR('',#933,1.);
#933 = DIRECTION('',(-1.,0.));
#934 = ( GEOMETRIC_REPRESENTATION_CONTEXT(2) 
PARAMETRIC_REPRESENTATION_CONTEXT() REPRESENTATION_CONTEXT('2D SPACE',''
  ) );
#935 = PCURVE('',#649,#936);
#936 = DEFINITIONAL_REPRESENTATION('',(#937),#941);
#937 = LINE('',#938,#939);
#938 = CARTESIAN_POINT('',(0.,0.));
#939 = VECTOR('',#940,1.);
#940 = DIRECTION('',(0.,-1.));
#941 = ( GEOMETRIC_REPRESENTATION_CONTEXT(2) 
PARAMETRIC_REPRESENTATION_CONTEXT() REPRESENTATION_CONTEXT('2D SPACE',''
  ) );
#942 = ORIENTED_EDGE('',*,*,#610,.T.);
#943 = ADVANCED_FACE('',(#944,#1043,#1074),#72,.F.);
#944 = FACE_BOUND('',#945,.F.);
#945 = EDGE_LOOP('',(#946,#947,#948,#969,#970,#971,#994,#1022));
#946 = ORIENTED_EDGE('',*,*,#56,.F.);
#947 = ORIENTED_EDGE('',*,*,#390,.T.);
#948 = ORIENTED_EDGE('',*,*,#949,.T.);
#949 = EDGE_CURVE('',#361,#877,#950,.T.);
#950 = SURFACE_CURVE('',#951,(#955,#962),.PCURVE_S1.);
#951 = LINE('',#952,#953);
#952 = CARTESIAN_POINT('',(150.,-125.,-50.));
#953 = VECTOR('',#954,1.);
#954 = DIRECTION('',(0.,1.,0.));
#955 = PCURVE('',#72,#956);
#956 = DEFINITIONAL_REPRESENTATION('',(#957),#961);
#957 = LINE('',#958,#959);
#958 = CARTESIAN_POINT('',(300.,0.));
#959 = VECTOR('',#960,1.);
#960 = DIRECTION('',(0.,1.));
#961 = ( GEOMETRIC_REPRESENTATION_CONTEXT(2) 
PARAMETRIC_REPRESENTATION_CONTEXT() REPRESENTATION_CONTEXT('2D SPACE',''
  ) );
#962 = PCURVE('',#378,#963);
#963 = DEFINITIONAL_REPRESENTATION('',(#964),#968);
#964 = LINE('',#965,#966);
#965 = CARTESIAN_POINT('',(0.,0.));
#966 = VECTOR('',#967,1.);
#967 = DIRECTION('',(0.,-1.));
#968 = ( GEOMETRIC_REPRESENTATION_CONTEXT(2) 
PARAMETRIC_REPRESENTATION_CONTEXT() REPRESENTATION_CONTEXT('2D SPACE',''
  ) );
#969 = ORIENTED_EDGE('',*,*,#899,.F.);
#970 = ORIENTED_EDGE('',*,*,#168,.F.);
#971 = ORIENTED_EDGE('',*,*,#972,.T.);
#972 = EDGE_CURVE('',#141,#973,#975,.T.);
#973 = VERTEX_POINT('',#974);
#974 = CARTESIAN_POINT('',(-125.,48.25,-50.));
#975 = SURFACE_CURVE('',#976,(#980,#987),.PCURVE_S1.);
#976 = LINE('',#977,#978);
#977 = CARTESIAN_POINT('',(-150.,48.25,-50.));
#978 = VECTOR('',#979,1.);
#979 = DIRECTION('',(1.,0.,0.));
#980 = PCURVE('',#72,#981);
#981 = DEFINITIONAL_REPRESENTATION('',(#982),#986);
#982 = LINE('',#983,#984);
#983 = CARTESIAN_POINT('',(0.,173.25));
#984 = VECTOR('',#985,1.);
#985 = DIRECTION('',(1.,0.));
#986 = ( GEOMETRIC_REPRESENTATION_CONTEXT(2) 
PARAMETRIC_REPRESENTATION_CONTEXT() REPRESENTATION_CONTEXT('2D SPACE',''
  ) );
#987 = PCURVE('',#156,#988);
#988 = DEFINITIONAL_REPRESENTATION('',(#989),#993);
#989 = LINE('',#990,#991);
#990 = CARTESIAN_POINT('',(0.,0.));
#991 = VECTOR('',#992,1.);
#992 = DIRECTION('',(0.,-1.));
#993 = ( GEOMETRIC_REPRESENTATION_CONTEXT(2) 
PARAMETRIC_REPRESENTATION_CONTEXT() REPRESENTATION_CONTEXT('2D SPACE',''
  ) );
#994 = ORIENTED_EDGE('',*,*,#995,.F.);
#995 = EDGE_CURVE('',#996,#973,#998,.T.);
#996 = VERTEX_POINT('',#997);
#997 = CARTESIAN_POINT('',(-125.,22.25,-50.));
#998 = SURFACE_CURVE('',#999,(#1003,#1010),.PCURVE_S1.);
#999 = LINE('',#1000,#1001);
#1000 = CARTESIAN_POINT('',(-125.,22.25,-50.));
#1001 = VECTOR('',#1002,1.);
#1002 = DIRECTION('',(0.,1.,0.));
#1003 = PCURVE('',#72,#1004);
#1004 = DEFINITIONAL_REPRESENTATION('',(#1005),#1009);
#1005 = LINE('',#1006,#1007);
#1006 = CARTESIAN_POINT('',(25.,147.25));
#1007 = VECTOR('',#1008,1.);
#1008 = DIRECTION('',(0.,1.));
#1009 = ( GEOMETRIC_REPRESENTATION_CONTEXT(2) 
PARAMETRIC_REPRESENTATION_CONTEXT() REPRESENTATION_CONTEXT('2D SPACE',''
  ) );
#1010 = PCURVE('',#1011,#1016);
#1011 = PLANE('',#1012);
#1012 = AXIS2_PLACEMENT_3D('',#1013,#1014,#1015);
#1013 = CARTESIAN_POINT('',(-125.,35.25,-22.));
#1014 = DIRECTION('',(1.,0.,0.));
#1015 = DIRECTION('',(-0.,0.,1.));
#1016 = DEFINITIONAL_REPRESENTATION('',(#1017),#1021);
#1017 = LINE('',#1018,#1019);
#1018 = CARTESIAN_POINT('',(-28.,13.));
#1019 = VECTOR('',#1020,1.);
#1020 = DIRECTION('',(0.,-1.));
#1021 = ( GEOMETRIC_REPRESENTATION_CONTEXT(2) 
PARAMETRIC_REPRESENTATION_CONTEXT() REPRESENTATION_CONTEXT('2D SPACE',''
  ) );
#1022 = ORIENTED_EDGE('',*,*,#1023,.F.);
#1023 = EDGE_CURVE('',#57,#996,#1024,.T.);
#1024 = SURFACE_CURVE('',#1025,(#1029,#1036),.PCURVE_S1.);
#1025 = LINE('',#1026,#1027);
#1026 = CARTESIAN_POINT('',(-150.,22.25,-50.));
#1027 = VECTOR('',#1028,1.);
#1028 = DIRECTION('',(1.,0.,0.));
#1029 = PCURVE('',#72,#1030);
#1030 = DEFINITIONAL_REPRESENTATION('',(#1031),#1035);
#1031 = LINE('',#1032,#1033);
#1032 = CARTESIAN_POINT('',(0.,147.25));
#1033 = VECTOR('',#1034,1.);
#1034 = DIRECTION('',(1.,0.));
#1035 = ( GEOMETRIC_REPRESENTATION_CONTEXT(2) 
PARAMETRIC_REPRESENTATION_CONTEXT() REPRESENTATION_CONTEXT('2D SPACE',''
  ) );
#1036 = PCURVE('',#100,#1037);
#1037 = DEFINITIONAL_REPRESENTATION('',(#1038),#1042);
#1038 = LINE('',#1039,#1040);
#1039 = CARTESIAN_POINT('',(56.,0.));
#1040 = VECTOR('',#1041,1.);
#1041 = DIRECTION('',(0.,-1.));
#1042 = ( GEOMETRIC_REPRESENTATION_CONTEXT(2) 
PARAMETRIC_REPRESENTATION_CONTEXT() REPRESENTATION_CONTEXT('2D SPACE',''
  ) );
#1043 = FACE_BOUND('',#1044,.F.);
#1044 = EDGE_LOOP('',(#1045));
#1045 = ORIENTED_EDGE('',*,*,#1046,.F.);
#1046 = EDGE_CURVE('',#1047,#1047,#1049,.T.);
#1047 = VERTEX_POINT('',#1048);
#1048 = CARTESIAN_POINT('',(-102.475,3.75,-50.));
#1049 = SURFACE_CURVE('',#1050,(#1055,#1062),.PCURVE_S1.);
#1050 = CIRCLE('',#1051,8.);
#1051 = AXIS2_PLACEMENT_3D('',#1052,#1053,#1054);
#1052 = CARTESIAN_POINT('',(-110.475,3.75,-50.));
#1053 = DIRECTION('',(0.,0.,1.));
#1054 = DIRECTION('',(1.,0.,0.));
#1055 = PCURVE('',#72,#1056);
#1056 = DEFINITIONAL_REPRESENTATION('',(#1057),#1061);
#1057 = CIRCLE('',#1058,8.);
#1058 = AXIS2_PLACEMENT_2D('',#1059,#1060);
#1059 = CARTESIAN_POINT('',(39.525,128.75));
#1060 = DIRECTION('',(1.,0.));
#1061 = ( GEOMETRIC_REPRESENTATION_CONTEXT(2) 
PARAMETRIC_REPRESENTATION_CONTEXT() REPRESENTATION_CONTEXT('2D SPACE',''
  ) );
#1062 = PCURVE('',#1063,#1068);
#1063 = CYLINDRICAL_SURFACE('',#1064,8.);
#1064 = AXIS2_PLACEMENT_3D('',#1065,#1066,#1067);
#1065 = CARTESIAN_POINT('',(-110.475,3.75,-50.));
#1066 = DIRECTION('',(-0.,-0.,-1.));
#1067 = DIRECTION('',(1.,0.,0.));
#1068 = DEFINITIONAL_REPRESENTATION('',(#1069),#1073);
#1069 = LINE('',#1070,#1071);
#1070 = CARTESIAN_POINT('',(-0.,0.));
#1071 = VECTOR('',#1072,1.);
#1072 = DIRECTION('',(-1.,0.));
#1073 = ( GEOMETRIC_REPRESENTATION_CONTEXT(2) 
PARAMETRIC_REPRESENTATION_CONTEXT() REPRESENTATION_CONTEXT('2D SPACE',''
  ) );
#1074 = FACE_BOUND('',#1075,.F.);
#1075 = EDGE_LOOP('',(#1076));
#1076 = ORIENTED_EDGE('',*,*,#1077,.F.);
#1077 = EDGE_CURVE('',#1078,#1078,#1080,.T.);
#1078 = VERTEX_POINT('',#1079);
#1079 = CARTESIAN_POINT('',(-23.425,3.75,-50.));
#1080 = SURFACE_CURVE('',#1081,(#1086,#1093),.PCURVE_S1.);
#1081 = CIRCLE('',#1082,8.);
#1082 = AXIS2_PLACEMENT_3D('',#1083,#1084,#1085);
#1083 = CARTESIAN_POINT('',(-31.425,3.75,-50.));
#1084 = DIRECTION('',(0.,0.,1.));
#1085 = DIRECTION('',(1.,0.,0.));
#1086 = PCURVE('',#72,#1087);
#1087 = DEFINITIONAL_REPRESENTATION('',(#1088),#1092);
#1088 = CIRCLE('',#1089,8.);
#1089 = AXIS2_PLACEMENT_2D('',#1090,#1091);
#1090 = CARTESIAN_POINT('',(118.575,128.75));
#1091 = DIRECTION('',(1.,0.));
#1092 = ( GEOMETRIC_REPRESENTATION_CONTEXT(2) 
PARAMETRIC_REPRESENTATION_CONTEXT() REPRESENTATION_CONTEXT('2D SPACE',''
  ) );
#1093 = PCURVE('',#1094,#1099);
#1094 = CYLINDRICAL_SURFACE('',#1095,8.);
#1095 = AXIS2_PLACEMENT_3D('',#1096,#1097,#1098);
#1096 = CARTESIAN_POINT('',(-31.425,3.75,-50.));
#1097 = DIRECTION('',(-0.,-0.,-1.));
#1098 = DIRECTION('',(1.,0.,0.));
#1099 = DEFINITIONAL_REPRESENTATION('',(#1100),#1104);
#1100 = LINE('',#1101,#1102);
#1101 = CARTESIAN_POINT('',(-0.,0.));
#1102 = VECTOR('',#1103,1.);
#1103 = DIRECTION('',(-1.,0.));
#1104 = ( GEOMETRIC_REPRESENTATION_CONTEXT(2) 
PARAMETRIC_REPRESENTATION_CONTEXT() REPRESENTATION_CONTEXT('2D SPACE',''
  ) );
#1105 = ADVANCED_FACE('',(#1106),#156,.T.);
#1106 = FACE_BOUND('',#1107,.T.);
#1107 = EDGE_LOOP('',(#1108,#1109,#1132,#1153));
#1108 = ORIENTED_EDGE('',*,*,#972,.T.);
#1109 = ORIENTED_EDGE('',*,*,#1110,.T.);
#1110 = EDGE_CURVE('',#973,#1111,#1113,.T.);
#1111 = VERTEX_POINT('',#1112);
#1112 = CARTESIAN_POINT('',(-125.,48.25,6.));
#1113 = SURFACE_CURVE('',#1114,(#1118,#1125),.PCURVE_S1.);
#1114 = LINE('',#1115,#1116);
#1115 = CARTESIAN_POINT('',(-125.,48.25,-50.));
#1116 = VECTOR('',#1117,1.);
#1117 = DIRECTION('',(0.,0.,1.));
#1118 = PCURVE('',#156,#1119);
#1119 = DEFINITIONAL_REPRESENTATION('',(#1120),#1124);
#1120 = LINE('',#1121,#1122);
#1121 = CARTESIAN_POINT('',(0.,-25.));
#1122 = VECTOR('',#1123,1.);
#1123 = DIRECTION('',(1.,0.));
#1124 = ( GEOMETRIC_REPRESENTATION_CONTEXT(2) 
PARAMETRIC_REPRESENTATION_CONTEXT() REPRESENTATION_CONTEXT('2D SPACE',''
  ) );
#1125 = PCURVE('',#1011,#1126);
#1126 = DEFINITIONAL_REPRESENTATION('',(#1127),#1131);
#1127 = LINE('',#1128,#1129);
#1128 = CARTESIAN_POINT('',(-28.,-13.));
#1129 = VECTOR('',#1130,1.);
#1130 = DIRECTION('',(1.,0.));
#1131 = ( GEOMETRIC_REPRESENTATION_CONTEXT(2) 
PARAMETRIC_REPRESENTATION_CONTEXT() REPRESENTATION_CONTEXT('2D SPACE',''
  ) );
#1132 = ORIENTED_EDGE('',*,*,#1133,.F.);
#1133 = EDGE_CURVE('',#113,#1111,#1134,.T.);
#1134 = SURFACE_CURVE('',#1135,(#1139,#1146),.PCURVE_S1.);
#1135 = LINE('',#1136,#1137);
#1136 = CARTESIAN_POINT('',(-150.,48.25,6.));
#1137 = VECTOR('',#1138,1.);
#1138 = DIRECTION('',(1.,0.,0.));
#1139 = PCURVE('',#156,#1140);
#1140 = DEFINITIONAL_REPRESENTATION('',(#1141),#1145);
#1141 = LINE('',#1142,#1143);
#1142 = CARTESIAN_POINT('',(56.,0.));
#1143 = VECTOR('',#1144,1.);
#1144 = DIRECTION('',(0.,-1.));
#1145 = ( GEOMETRIC_REPRESENTATION_CONTEXT(2) 
PARAMETRIC_REPRESENTATION_CONTEXT() REPRESENTATION_CONTEXT('2D SPACE',''
  ) );
#1146 = PCURVE('',#128,#1147);
#1147 = DEFINITIONAL_REPRESENTATION('',(#1148),#1152);
#1148 = LINE('',#1149,#1150);
#1149 = CARTESIAN_POINT('',(0.,-0.));
#1150 = VECTOR('',#1151,1.);
#1151 = DIRECTION('',(0.,-1.));
#1152 = ( GEOMETRIC_REPRESENTATION_CONTEXT(2) 
PARAMETRIC_REPRESENTATION_CONTEXT() REPRESENTATION_CONTEXT('2D SPACE',''
  ) );
#1153 = ORIENTED_EDGE('',*,*,#140,.F.);
#1154 = ADVANCED_FACE('',(#1155),#128,.T.);
#1155 = FACE_BOUND('',#1156,.T.);
#1156 = EDGE_LOOP('',(#1157,#1158,#1181,#1202));
#1157 = ORIENTED_EDGE('',*,*,#1133,.T.);
#1158 = ORIENTED_EDGE('',*,*,#1159,.T.);
#1159 = EDGE_CURVE('',#1111,#1160,#1162,.T.);
#1160 = VERTEX_POINT('',#1161);
#1161 = CARTESIAN_POINT('',(-125.,22.25,6.));
#1162 = SURFACE_CURVE('',#1163,(#1167,#1174),.PCURVE_S1.);
#1163 = LINE('',#1164,#1165);
#1164 = CARTESIAN_POINT('',(-125.,48.25,6.));
#1165 = VECTOR('',#1166,1.);
#1166 = DIRECTION('',(0.,-1.,0.));
#1167 = PCURVE('',#128,#1168);
#1168 = DEFINITIONAL_REPRESENTATION('',(#1169),#1173);
#1169 = LINE('',#1170,#1171);
#1170 = CARTESIAN_POINT('',(0.,-25.));
#1171 = VECTOR('',#1172,1.);
#1172 = DIRECTION('',(1.,0.));
#1173 = ( GEOMETRIC_REPRESENTATION_CONTEXT(2) 
PARAMETRIC_REPRESENTATION_CONTEXT() REPRESENTATION_CONTEXT('2D SPACE',''
  ) );
#1174 = PCURVE('',#1011,#1175);
#1175 = DEFINITIONAL_REPRESENTATION('',(#1176),#1180);
#1176 = LINE('',#1177,#1178);
#1177 = CARTESIAN_POINT('',(28.,-13.));
#1178 = VECTOR('',#1179,1.);
#1179 = DIRECTION('',(0.,1.));
#1180 = ( GEOMETRIC_REPRESENTATION_CONTEXT(2) 
PARAMETRIC_REPRESENTATION_CONTEXT() REPRESENTATION_CONTEXT('2D SPACE',''
  ) );
#1181 = ORIENTED_EDGE('',*,*,#1182,.F.);
#1182 = EDGE_CURVE('',#85,#1160,#1183,.T.);
#1183 = SURFACE_CURVE('',#1184,(#1188,#1195),.PCURVE_S1.);
#1184 = LINE('',#1185,#1186);
#1185 = CARTESIAN_POINT('',(-150.,22.25,6.));
#1186 = VECTOR('',#1187,1.);
#1187 = DIRECTION('',(1.,0.,0.));
#1188 = PCURVE('',#128,#1189);
#1189 = DEFINITIONAL_REPRESENTATION('',(#1190),#1194);
#1190 = LINE('',#1191,#1192);
#1191 = CARTESIAN_POINT('',(26.,0.));
#1192 = VECTOR('',#1193,1.);
#1193 = DIRECTION('',(0.,-1.));
#1194 = ( GEOMETRIC_REPRESENTATION_CONTEXT(2) 
PARAMETRIC_REPRESENTATION_CONTEXT() REPRESENTATION_CONTEXT('2D SPACE',''
  ) );
#1195 = PCURVE('',#100,#1196);
#1196 = DEFINITIONAL_REPRESENTATION('',(#1197),#1201);
#1197 = LINE('',#1198,#1199);
#1198 = CARTESIAN_POINT('',(0.,0.));
#1199 = VECTOR('',#1200,1.);
#1200 = DIRECTION('',(0.,-1.));
#1201 = ( GEOMETRIC_REPRESENTATION_CONTEXT(2) 
PARAMETRIC_REPRESENTATION_CONTEXT() REPRESENTATION_CONTEXT('2D SPACE',''
  ) );
#1202 = ORIENTED_EDGE('',*,*,#112,.F.);
#1203 = ADVANCED_FACE('',(#1204),#100,.T.);
#1204 = FACE_BOUND('',#1205,.T.);
#1205 = EDGE_LOOP('',(#1206,#1207,#1228,#1229));
#1206 = ORIENTED_EDGE('',*,*,#1182,.T.);
#1207 = ORIENTED_EDGE('',*,*,#1208,.T.);
#1208 = EDGE_CURVE('',#1160,#996,#1209,.T.);
#1209 = SURFACE_CURVE('',#1210,(#1214,#1221),.PCURVE_S1.);
#1210 = LINE('',#1211,#1212);
#1211 = CARTESIAN_POINT('',(-125.,22.25,6.));
#1212 = VECTOR('',#1213,1.);
#1213 = DIRECTION('',(0.,0.,-1.));
#1214 = PCURVE('',#100,#1215);
#1215 = DEFINITIONAL_REPRESENTATION('',(#1216),#1220);
#1216 = LINE('',#1217,#1218);
#1217 = CARTESIAN_POINT('',(0.,-25.));
#1218 = VECTOR('',#1219,1.);
#1219 = DIRECTION('',(1.,0.));
#1220 = ( GEOMETRIC_REPRESENTATION_CONTEXT(2) 
PARAMETRIC_REPRESENTATION_CONTEXT() REPRESENTATION_CONTEXT('2D SPACE',''
  ) );
#1221 = PCURVE('',#1011,#1222);
#1222 = DEFINITIONAL_REPRESENTATION('',(#1223),#1227);
#1223 = LINE('',#1224,#1225);
#1224 = CARTESIAN_POINT('',(28.,13.));
#1225 = VECTOR('',#1226,1.);
#1226 = DIRECTION('',(-1.,0.));
#1227 = ( GEOMETRIC_REPRESENTATION_CONTEXT(2) 
PARAMETRIC_REPRESENTATION_CONTEXT() REPRESENTATION_CONTEXT('2D SPACE',''
  ) );
#1228 = ORIENTED_EDGE('',*,*,#1023,.F.);
#1229 = ORIENTED_EDGE('',*,*,#84,.F.);
#1230 = ADVANCED_FACE('',(#1231,#1259),#378,.T.);
#1231 = FACE_BOUND('',#1232,.T.);
#1232 = EDGE_LOOP('',(#1233,#1234,#1235,#1236,#1237,#1258));
#1233 = ORIENTED_EDGE('',*,*,#360,.F.);
#1234 = ORIENTED_EDGE('',*,*,#949,.T.);
#1235 = ORIENTED_EDGE('',*,*,#876,.T.);
#1236 = ORIENTED_EDGE('',*,*,#587,.F.);
#1237 = ORIENTED_EDGE('',*,*,#1238,.T.);
#1238 = EDGE_CURVE('',#565,#438,#1239,.T.);
#1239 = SURFACE_CURVE('',#1240,(#1244,#1251),.PCURVE_S1.);
#1240 = LINE('',#1241,#1242);
#1241 = CARTESIAN_POINT('',(150.,-77.4425,50.));
#1242 = VECTOR('',#1243,1.);
#1243 = DIRECTION('',(-0.,-0.,-1.));
#1244 = PCURVE('',#378,#1245);
#1245 = DEFINITIONAL_REPRESENTATION('',(#1246),#1250);
#1246 = LINE('',#1247,#1248);
#1247 = CARTESIAN_POINT('',(100.,-47.5575));
#1248 = VECTOR('',#1249,1.);
#1249 = DIRECTION('',(-1.,0.));
#1250 = ( GEOMETRIC_REPRESENTATION_CONTEXT(2) 
PARAMETRIC_REPRESENTATION_CONTEXT() REPRESENTATION_CONTEXT('2D SPACE',''
  ) );
#1251 = PCURVE('',#476,#1252);
#1252 = DEFINITIONAL_REPRESENTATION('',(#1253),#1257);
#1253 = LINE('',#1254,#1255);
#1254 = CARTESIAN_POINT('',(0.,0.));
#1255 = VECTOR('',#1256,1.);
#1256 = DIRECTION('',(0.,-1.));
#1257 = ( GEOMETRIC_REPRESENTATION_CONTEXT(2) 
PARAMETRIC_REPRESENTATION_CONTEXT() REPRESENTATION_CONTEXT('2D SPACE',''
  ) );
#1258 = ORIENTED_EDGE('',*,*,#437,.F.);
#1259 = FACE_BOUND('',#1260,.T.);
#1260 = EDGE_LOOP('',(#1261,#1291,#1319,#1347));
#1261 = ORIENTED_EDGE('',*,*,#1262,.F.);
#1262 = EDGE_CURVE('',#1263,#1265,#1267,.T.);
#1263 = VERTEX_POINT('',#1264);
#1264 = CARTESIAN_POINT('',(150.,-81.25,-36.));
#1265 = VERTEX_POINT('',#1266);
#1266 = CARTESIAN_POINT('',(150.,-15.25,-36.));
#1267 = SURFACE_CURVE('',#1268,(#1272,#1279),.PCURVE_S1.);
#1268 = LINE('',#1269,#1270);
#1269 = CARTESIAN_POINT('',(150.,-81.25,-36.));
#1270 = VECTOR('',#1271,1.);
#1271 = DIRECTION('',(0.,1.,0.));
#1272 = PCURVE('',#378,#1273);
#1273 = DEFINITIONAL_REPRESENTATION('',(#1274),#1278);
#1274 = LINE('',#1275,#1276);
#1275 = CARTESIAN_POINT('',(14.,-43.75));
#1276 = VECTOR('',#1277,1.);
#1277 = DIRECTION('',(0.,-1.));
#1278 = ( GEOMETRIC_REPRESENTATION_CONTEXT(2) 
PARAMETRIC_REPRESENTATION_CONTEXT() REPRESENTATION_CONTEXT('2D SPACE',''
  ) );
#1279 = PCURVE('',#1280,#1285);
#1280 = PLANE('',#1281);
#1281 = AXIS2_PLACEMENT_3D('',#1282,#1283,#1284);
#1282 = CARTESIAN_POINT('',(150.,-81.25,-36.));
#1283 = DIRECTION('',(0.,0.,-1.));
#1284 = DIRECTION('',(0.,1.,0.));
#1285 = DEFINITIONAL_REPRESENTATION('',(#1286),#1290);
#1286 = LINE('',#1287,#1288);
#1287 = CARTESIAN_POINT('',(0.,0.));
#1288 = VECTOR('',#1289,1.);
#1289 = DIRECTION('',(1.,0.));
#1290 = ( GEOMETRIC_REPRESENTATION_CONTEXT(2) 
PARAMETRIC_REPRESENTATION_CONTEXT() REPRESENTATION_CONTEXT('2D SPACE',''
  ) );
#1291 = ORIENTED_EDGE('',*,*,#1292,.F.);
#1292 = EDGE_CURVE('',#1293,#1263,#1295,.T.);
#1293 = VERTEX_POINT('',#1294);
#1294 = CARTESIAN_POINT('',(150.,-81.25,-22.));
#1295 = SURFACE_CURVE('',#1296,(#1300,#1307),.PCURVE_S1.);
#1296 = LINE('',#1297,#1298);
#1297 = CARTESIAN_POINT('',(150.,-81.25,-22.));
#1298 = VECTOR('',#1299,1.);
#1299 = DIRECTION('',(0.,0.,-1.));
#1300 = PCURVE('',#378,#1301);
#1301 = DEFINITIONAL_REPRESENTATION('',(#1302),#1306);
#1302 = LINE('',#1303,#1304);
#1303 = CARTESIAN_POINT('',(28.,-43.75));
#1304 = VECTOR('',#1305,1.);
#1305 = DIRECTION('',(-1.,0.));
#1306 = ( GEOMETRIC_REPRESENTATION_CONTEXT(2) 
PARAMETRIC_REPRESENTATION_CONTEXT() REPRESENTATION_CONTEXT('2D SPACE',''
  ) );
#1307 = PCURVE('',#1308,#1313);
#1308 = PLANE('',#1309);
#1309 = AXIS2_PLACEMENT_3D('',#1310,#1311,#1312);
#1310 = CARTESIAN_POINT('',(150.,-81.25,-22.));
#1311 = DIRECTION('',(0.,-1.,0.));
#1312 = DIRECTION('',(0.,0.,-1.));
#1313 = DEFINITIONAL_REPRESENTATION('',(#1314),#1318);
#1314 = LINE('',#1315,#1316);
#1315 = CARTESIAN_POINT('',(0.,0.));
#1316 = VECTOR('',#1317,1.);
#1317 = DIRECTION('',(1.,0.));
#1318 = ( GEOMETRIC_REPRESENTATION_CONTEXT(2) 
PARAMETRIC_REPRESENTATION_CONTEXT() REPRESENTATION_CONTEXT('2D SPACE',''
  ) );
#1319 = ORIENTED_EDGE('',*,*,#1320,.F.);
#1320 = EDGE_CURVE('',#1321,#1293,#1323,.T.);
#1321 = VERTEX_POINT('',#1322);
#1322 = CARTESIAN_POINT('',(150.,-15.25,-22.));
#1323 = SURFACE_CURVE('',#1324,(#1328,#1335),.PCURVE_S1.);
#1324 = LINE('',#1325,#1326);
#1325 = CARTESIAN_POINT('',(150.,-15.25,-22.));
#1326 = VECTOR('',#1327,1.);
#1327 = DIRECTION('',(0.,-1.,0.));
#1328 = PCURVE('',#378,#1329);
#1329 = DEFINITIONAL_REPRESENTATION('',(#1330),#1334);
#1330 = LINE('',#1331,#1332);
#1331 = CARTESIAN_POINT('',(28.,-109.75));
#1332 = VECTOR('',#1333,1.);
#1333 = DIRECTION('',(0.,1.));
#1334 = ( GEOMETRIC_REPRESENTATION_CONTEXT(2) 
PARAMETRIC_REPRESENTATION_CONTEXT() REPRESENTATION_CONTEXT('2D SPACE',''
  ) );
#1335 = PCURVE('',#1336,#1341);
#1336 = PLANE('',#1337);
#1337 = AXIS2_PLACEMENT_3D('',#1338,#1339,#1340);
#1338 = CARTESIAN_POINT('',(150.,-15.25,-22.));
#1339 = DIRECTION('',(-0.,0.,1.));
#1340 = DIRECTION('',(0.,-1.,0.));
#1341 = DEFINITIONAL_REPRESENTATION('',(#1342),#1346);
#1342 = LINE('',#1343,#1344);
#1343 = CARTESIAN_POINT('',(0.,0.));
#1344 = VECTOR('',#1345,1.);
#1345 = DIRECTION('',(1.,0.));
#1346 = ( GEOMETRIC_REPRESENTATION_CONTEXT(2) 
PARAMETRIC_REPRESENTATION_CONTEXT() REPRESENTATION_CONTEXT('2D SPACE',''
  ) );
#1347 = ORIENTED_EDGE('',*,*,#1348,.F.);
#1348 = EDGE_CURVE('',#1265,#1321,#1349,.T.);
#1349 = SURFACE_CURVE('',#1350,(#1354,#1361),.PCURVE_S1.);
#1350 = LINE('',#1351,#1352);
#1351 = CARTESIAN_POINT('',(150.,-15.25,-36.));
#1352 = VECTOR('',#1353,1.);
#1353 = DIRECTION('',(0.,0.,1.));
#1354 = PCURVE('',#378,#1355);
#1355 = DEFINITIONAL_REPRESENTATION('',(#1356),#1360);
#1356 = LINE('',#1357,#1358);
#1357 = CARTESIAN_POINT('',(14.,-109.75));
#1358 = VECTOR('',#1359,1.);
#1359 = DIRECTION('',(1.,0.));
#1360 = ( GEOMETRIC_REPRESENTATION_CONTEXT(2) 
PARAMETRIC_REPRESENTATION_CONTEXT() REPRESENTATION_CONTEXT('2D SPACE',''
  ) );
#1361 = PCURVE('',#1362,#1367);
#1362 = PLANE('',#1363);
#1363 = AXIS2_PLACEMENT_3D('',#1364,#1365,#1366);
#1364 = CARTESIAN_POINT('',(150.,-15.25,-36.));
#1365 = DIRECTION('',(0.,1.,0.));
#1366 = DIRECTION('',(0.,-0.,1.));
#1367 = DEFINITIONAL_REPRESENTATION('',(#1368),#1372);
#1368 = LINE('',#1369,#1370);
#1369 = CARTESIAN_POINT('',(0.,0.));
#1370 = VECTOR('',#1371,1.);
#1371 = DIRECTION('',(1.,0.));
#1372 = ( GEOMETRIC_REPRESENTATION_CONTEXT(2) 
PARAMETRIC_REPRESENTATION_CONTEXT() REPRESENTATION_CONTEXT('2D SPACE',''
  ) );
#1373 = ADVANCED_FACE('',(#1374),#476,.F.);
#1374 = FACE_BOUND('',#1375,.F.);
#1375 = EDGE_LOOP('',(#1376,#1377,#1378,#1379));
#1376 = ORIENTED_EDGE('',*,*,#1238,.T.);
#1377 = ORIENTED_EDGE('',*,*,#460,.T.);
#1378 = ORIENTED_EDGE('',*,*,#513,.F.);
#1379 = ORIENTED_EDGE('',*,*,#564,.F.);
#1380 = ADVANCED_FACE('',(#1381),#649,.T.);
#1381 = FACE_BOUND('',#1382,.T.);
#1382 = EDGE_LOOP('',(#1383,#1384,#1385,#1386));
#1383 = ORIENTED_EDGE('',*,*,#922,.T.);
#1384 = ORIENTED_EDGE('',*,*,#850,.T.);
#1385 = ORIENTED_EDGE('',*,*,#778,.F.);
#1386 = ORIENTED_EDGE('',*,*,#633,.F.);
#1387 = ADVANCED_FACE('',(#1388),#701,.F.);
#1388 = FACE_BOUND('',#1389,.F.);
#1389 = EDGE_LOOP('',(#1390,#1413,#1440,#1441));
#1390 = ORIENTED_EDGE('',*,*,#1391,.T.);
#1391 = EDGE_CURVE('',#685,#1392,#1394,.T.);
#1392 = VERTEX_POINT('',#1393);
#1393 = CARTESIAN_POINT('',(84.7,77.93211875,46.4));
#1394 = SEAM_CURVE('',#1395,(#1399,#1406),.PCURVE_S1.);
#1395 = LINE('',#1396,#1397);
#1396 = CARTESIAN_POINT('',(84.7,77.93211875,50.));
#1397 = VECTOR('',#1398,1.);
#1398 = DIRECTION('',(-0.,0.,-1.));
#1399 = PCURVE('',#701,#1400);
#1400 = DEFINITIONAL_REPRESENTATION('',(#1401),#1405);
#1401 = LINE('',#1402,#1403);
#1402 = CARTESIAN_POINT('',(0.,0.));
#1403 = VECTOR('',#1404,1.);
#1404 = DIRECTION('',(0.,-1.));
#1405 = ( GEOMETRIC_REPRESENTATION_CONTEXT(2) 
PARAMETRIC_REPRESENTATION_CONTEXT() REPRESENTATION_CONTEXT('2D SPACE',''
  ) );
#1406 = PCURVE('',#701,#1407);
#1407 = DEFINITIONAL_REPRESENTATION('',(#1408),#1412);
#1408 = LINE('',#1409,#1410);
#1409 = CARTESIAN_POINT('',(6.28318530718,0.));
#1410 = VECTOR('',#1411,1.);
#1411 = DIRECTION('',(0.,-1.));
#1412 = ( GEOMETRIC_REPRESENTATION_CONTEXT(2) 
PARAMETRIC_REPRESENTATION_CONTEXT() REPRESENTATION_CONTEXT('2D SPACE',''
  ) );
#1413 = ORIENTED_EDGE('',*,*,#1414,.T.);
#1414 = EDGE_CURVE('',#1392,#1392,#1415,.T.);
#1415 = SURFACE_CURVE('',#1416,(#1421,#1428),.PCURVE_S1.);
#1416 = CIRCLE('',#1417,6.4);
#1417 = AXIS2_PLACEMENT_3D('',#1418,#1419,#1420);
#1418 = CARTESIAN_POINT('',(78.3,77.93211875,46.4));
#1419 = DIRECTION('',(0.,0.,1.));
#1420 = DIRECTION('',(1.,0.,0.));
#1421 = PCURVE('',#701,#1422);
#1422 = DEFINITIONAL_REPRESENTATION('',(#1423),#1427);
#1423 = LINE('',#1424,#1425);
#1424 = CARTESIAN_POINT('',(0.,-3.6));
#1425 = VECTOR('',#1426,1.);
#1426 = DIRECTION('',(1.,0.));
#1427 = ( GEOMETRIC_REPRESENTATION_CONTEXT(2) 
PARAMETRIC_REPRESENTATION_CONTEXT() REPRESENTATION_CONTEXT('2D SPACE',''
  ) );
#1428 = PCURVE('',#1429,#1434);
#1429 = PLANE('',#1430);
#1430 = AXIS2_PLACEMENT_3D('',#1431,#1432,#1433);
#1431 = CARTESIAN_POINT('',(78.3,77.93211875,46.4));
#1432 = DIRECTION('',(0.,0.,1.));
#1433 = DIRECTION('',(1.,0.,-0.));
#1434 = DEFINITIONAL_REPRESENTATION('',(#1435),#1439);
#1435 = CIRCLE('',#1436,6.4);
#1436 = AXIS2_PLACEMENT_2D('',#1437,#1438);
#1437 = CARTESIAN_POINT('',(-1.42108547152E-14,0.));
#1438 = DIRECTION('',(1.,0.));
#1439 = ( GEOMETRIC_REPRESENTATION_CONTEXT(2) 
PARAMETRIC_REPRESENTATION_CONTEXT() REPRESENTATION_CONTEXT('2D SPACE',''
  ) );
#1440 = ORIENTED_EDGE('',*,*,#1391,.F.);
#1441 = ORIENTED_EDGE('',*,*,#684,.F.);
#1442 = ADVANCED_FACE('',(#1443),#732,.F.);
#1443 = FACE_BOUND('',#1444,.F.);
#1444 = EDGE_LOOP('',(#1445,#1468,#1495,#1496));
#1445 = ORIENTED_EDGE('',*,*,#1446,.T.);
#1446 = EDGE_CURVE('',#716,#1447,#1449,.T.);
#1447 = VERTEX_POINT('',#1448);
#1448 = CARTESIAN_POINT('',(84.7,93.6214125,46.4));
#1449 = SEAM_CURVE('',#1450,(#1454,#1461),.PCURVE_S1.);
#1450 = LINE('',#1451,#1452);
#1451 = CARTESIAN_POINT('',(84.7,93.6214125,50.));
#1452 = VECTOR('',#1453,1.);
#1453 = DIRECTION('',(-0.,0.,-1.));
#1454 = PCURVE('',#732,#1455);
#1455 = DEFINITIONAL_REPRESENTATION('',(#1456),#1460);
#1456 = LINE('',#1457,#1458);
#1457 = CARTESIAN_POINT('',(0.,0.));
#1458 = VECTOR('',#1459,1.);
#1459 = DIRECTION('',(0.,-1.));
#1460 = ( GEOMETRIC_REPRESENTATION_CONTEXT(2) 
PARAMETRIC_REPRESENTATION_CONTEXT() REPRESENTATION_CONTEXT('2D SPACE',''
  ) );
#1461 = PCURVE('',#732,#1462);
#1462 = DEFINITIONAL_REPRESENTATION('',(#1463),#1467);
#1463 = LINE('',#1464,#1465);
#1464 = CARTESIAN_POINT('',(6.28318530718,0.));
#1465 = VECTOR('',#1466,1.);
#1466 = DIRECTION('',(0.,-1.));
#1467 = ( GEOMETRIC_REPRESENTATION_CONTEXT(2) 
PARAMETRIC_REPRESENTATION_CONTEXT() REPRESENTATION_CONTEXT('2D SPACE',''
  ) );
#1468 = ORIENTED_EDGE('',*,*,#1469,.T.);
#1469 = EDGE_CURVE('',#1447,#1447,#1470,.T.);
#1470 = SURFACE_CURVE('',#1471,(#1476,#1483),.PCURVE_S1.);
#1471 = CIRCLE('',#1472,6.4);
#1472 = AXIS2_PLACEMENT_3D('',#1473,#1474,#1475);
#1473 = CARTESIAN_POINT('',(78.3,93.6214125,46.4));
#1474 = DIRECTION('',(0.,0.,1.));
#1475 = DIRECTION('',(1.,0.,0.));
#1476 = PCURVE('',#732,#1477);
#1477 = DEFINITIONAL_REPRESENTATION('',(#1478),#1482);
#1478 = LINE('',#1479,#1480);
#1479 = CARTESIAN_POINT('',(0.,-3.6));
#1480 = VECTOR('',#1481,1.);
#1481 = DIRECTION('',(1.,0.));
#1482 = ( GEOMETRIC_REPRESENTATION_CONTEXT(2) 
PARAMETRIC_REPRESENTATION_CONTEXT() REPRESENTATION_CONTEXT('2D SPACE',''
  ) );
#1483 = PCURVE('',#1484,#1489);
#1484 = PLANE('',#1485);
#1485 = AXIS2_PLACEMENT_3D('',#1486,#1487,#1488);
#1486 = CARTESIAN_POINT('',(78.3,93.6214125,46.4));
#1487 = DIRECTION('',(0.,0.,1.));
#1488 = DIRECTION('',(1.,0.,-0.));
#1489 = DEFINITIONAL_REPRESENTATION('',(#1490),#1494);
#1490 = CIRCLE('',#1491,6.4);
#1491 = AXIS2_PLACEMENT_2D('',#1492,#1493);
#1492 = CARTESIAN_POINT('',(-1.42108547152E-14,0.));
#1493 = DIRECTION('',(1.,0.));
#1494 = ( GEOMETRIC_REPRESENTATION_CONTEXT(2) 
PARAMETRIC_REPRESENTATION_CONTEXT() REPRESENTATION_CONTEXT('2D SPACE',''
  ) );
#1495 = ORIENTED_EDGE('',*,*,#1446,.F.);
#1496 = ORIENTED_EDGE('',*,*,#715,.F.);
#1497 = ADVANCED_FACE('',(#1498),#763,.F.);
#1498 = FACE_BOUND('',#1499,.F.);
#1499 = EDGE_LOOP('',(#1500,#1523,#1550,#1551));
#1500 = ORIENTED_EDGE('',*,*,#1501,.T.);
#1501 = EDGE_CURVE('',#747,#1502,#1504,.T.);
#1502 = VERTEX_POINT('',#1503);
#1503 = CARTESIAN_POINT('',(84.7,109.31070625,46.4));
#1504 = SEAM_CURVE('',#1505,(#1509,#1516),.PCURVE_S1.);
#1505 = LINE('',#1506,#1507);
#1506 = CARTESIAN_POINT('',(84.7,109.31070625,50.));
#1507 = VECTOR('',#1508,1.);
#1508 = DIRECTION('',(-0.,0.,-1.));
#1509 = PCURVE('',#763,#1510);
#1510 = DEFINITIONAL_REPRESENTATION('',(#1511),#1515);
#1511 = LINE('',#1512,#1513);
#1512 = CARTESIAN_POINT('',(0.,0.));
#1513 = VECTOR('',#1514,1.);
#1514 = DIRECTION('',(0.,-1.));
#1515 = ( GEOMETRIC_REPRESENTATION_CONTEXT(2) 
PARAMETRIC_REPRESENTATION_CONTEXT() REPRESENTATION_CONTEXT('2D SPACE',''
  ) );
#1516 = PCURVE('',#763,#1517);
#1517 = DEFINITIONAL_REPRESENTATION('',(#1518),#1522);
#1518 = LINE('',#1519,#1520);
#1519 = CARTESIAN_POINT('',(6.28318530718,0.));
#1520 = VECTOR('',#1521,1.);
#1521 = DIRECTION('',(0.,-1.));
#1522 = ( GEOMETRIC_REPRESENTATION_CONTEXT(2) 
PARAMETRIC_REPRESENTATION_CONTEXT() REPRESENTATION_CONTEXT('2D SPACE',''
  ) );
#1523 = ORIENTED_EDGE('',*,*,#1524,.T.);
#1524 = EDGE_CURVE('',#1502,#1502,#1525,.T.);
#1525 = SURFACE_CURVE('',#1526,(#1531,#1538),.PCURVE_S1.);
#1526 = CIRCLE('',#1527,6.4);
#1527 = AXIS2_PLACEMENT_3D('',#1528,#1529,#1530);
#1528 = CARTESIAN_POINT('',(78.3,109.31070625,46.4));
#1529 = DIRECTION('',(0.,0.,1.));
#1530 = DIRECTION('',(1.,0.,0.));
#1531 = PCURVE('',#763,#1532);
#1532 = DEFINITIONAL_REPRESENTATION('',(#1533),#1537);
#1533 = LINE('',#1534,#1535);
#1534 = CARTESIAN_POINT('',(0.,-3.6));
#1535 = VECTOR('',#1536,1.);
#1536 = DIRECTION('',(1.,0.));
#1537 = ( GEOMETRIC_REPRESENTATION_CONTEXT(2) 
PARAMETRIC_REPRESENTATION_CONTEXT() REPRESENTATION_CONTEXT('2D SPACE',''
  ) );
#1538 = PCURVE('',#1539,#1544);
#1539 = PLANE('',#1540);
#1540 = AXIS2_PLACEMENT_3D('',#1541,#1542,#1543);
#1541 = CARTESIAN_POINT('',(78.3,109.31070625,46.4));
#1542 = DIRECTION('',(0.,0.,1.));
#1543 = DIRECTION('',(1.,0.,-0.));
#1544 = DEFINITIONAL_REPRESENTATION('',(#1545),#1549);
#1545 = CIRCLE('',#1546,6.4);
#1546 = AXIS2_PLACEMENT_2D('',#1547,#1548);
#1547 = CARTESIAN_POINT('',(-1.42108547152E-14,0.));
#1548 = DIRECTION('',(1.,0.));
#1549 = ( GEOMETRIC_REPRESENTATION_CONTEXT(2) 
PARAMETRIC_REPRESENTATION_CONTEXT() REPRESENTATION_CONTEXT('2D SPACE',''
  ) );
#1550 = ORIENTED_EDGE('',*,*,#1501,.F.);
#1551 = ORIENTED_EDGE('',*,*,#746,.F.);
#1552 = ADVANCED_FACE('',(#1553),#1011,.F.);
#1553 = FACE_BOUND('',#1554,.F.);
#1554 = EDGE_LOOP('',(#1555,#1556,#1557,#1558));
#1555 = ORIENTED_EDGE('',*,*,#995,.T.);
#1556 = ORIENTED_EDGE('',*,*,#1110,.T.);
#1557 = ORIENTED_EDGE('',*,*,#1159,.T.);
#1558 = ORIENTED_EDGE('',*,*,#1208,.T.);
#1559 = ADVANCED_FACE('',(#1560),#1063,.F.);
#1560 = FACE_BOUND('',#1561,.T.);
#1561 = EDGE_LOOP('',(#1562,#1585,#1612,#1613));
#1562 = ORIENTED_EDGE('',*,*,#1563,.T.);
#1563 = EDGE_CURVE('',#1047,#1564,#1566,.T.);
#1564 = VERTEX_POINT('',#1565);
#1565 = CARTESIAN_POINT('',(-102.475,3.75,-49.6));
#1566 = SEAM_CURVE('',#1567,(#1571,#1578),.PCURVE_S1.);
#1567 = LINE('',#1568,#1569);
#1568 = CARTESIAN_POINT('',(-102.475,3.75,-50.));
#1569 = VECTOR('',#1570,1.);
#1570 = DIRECTION('',(0.,0.,1.));
#1571 = PCURVE('',#1063,#1572);
#1572 = DEFINITIONAL_REPRESENTATION('',(#1573),#1577);
#1573 = LINE('',#1574,#1575);
#1574 = CARTESIAN_POINT('',(-0.,0.));
#1575 = VECTOR('',#1576,1.);
#1576 = DIRECTION('',(-0.,-1.));
#1577 = ( GEOMETRIC_REPRESENTATION_CONTEXT(2) 
PARAMETRIC_REPRESENTATION_CONTEXT() REPRESENTATION_CONTEXT('2D SPACE',''
  ) );
#1578 = PCURVE('',#1063,#1579);
#1579 = DEFINITIONAL_REPRESENTATION('',(#1580),#1584);
#1580 = LINE('',#1581,#1582);
#1581 = CARTESIAN_POINT('',(-6.28318530718,0.));
#1582 = VECTOR('',#1583,1.);
#1583 = DIRECTION('',(-0.,-1.));
#1584 = ( GEOMETRIC_REPRESENTATION_CONTEXT(2) 
PARAMETRIC_REPRESENTATION_CONTEXT() REPRESENTATION_CONTEXT('2D SPACE',''
  ) );
#1585 = ORIENTED_EDGE('',*,*,#1586,.T.);
#1586 = EDGE_CURVE('',#1564,#1564,#1587,.T.);
#1587 = SURFACE_CURVE('',#1588,(#1593,#1600),.PCURVE_S1.);
#1588 = CIRCLE('',#1589,8.);
#1589 = AXIS2_PLACEMENT_3D('',#1590,#1591,#1592);
#1590 = CARTESIAN_POINT('',(-110.475,3.75,-49.6));
#1591 = DIRECTION('',(-3.286920438421E-32,-1.807806241131E-31,1.));
#1592 = DIRECTION('',(1.,1.605654490372E-46,3.286920438421E-32));
#1593 = PCURVE('',#1063,#1594);
#1594 = DEFINITIONAL_REPRESENTATION('',(#1595),#1599);
#1595 = LINE('',#1596,#1597);
#1596 = CARTESIAN_POINT('',(-0.,-0.4));
#1597 = VECTOR('',#1598,1.);
#1598 = DIRECTION('',(-1.,0.));
#1599 = ( GEOMETRIC_REPRESENTATION_CONTEXT(2) 
PARAMETRIC_REPRESENTATION_CONTEXT() REPRESENTATION_CONTEXT('2D SPACE',''
  ) );
#1600 = PCURVE('',#1601,#1606);
#1601 = CONICAL_SURFACE('',#1602,8.,0.785398163397);
#1602 = AXIS2_PLACEMENT_3D('',#1603,#1604,#1605);
#1603 = CARTESIAN_POINT('',(-110.475,3.75,-49.6));
#1604 = DIRECTION('',(3.286920438421E-32,1.807806241131E-31,-1.));
#1605 = DIRECTION('',(1.,1.605654490372E-46,3.286920438421E-32));
#1606 = DEFINITIONAL_REPRESENTATION('',(#1607),#1611);
#1607 = LINE('',#1608,#1609);
#1608 = CARTESIAN_POINT('',(-0.,-0.));
#1609 = VECTOR('',#1610,1.);
#1610 = DIRECTION('',(-1.,-0.));
#1611 = ( GEOMETRIC_REPRESENTATION_CONTEXT(2) 
PARAMETRIC_REPRESENTATION_CONTEXT() REPRESENTATION_CONTEXT('2D SPACE',''
  ) );
#1612 = ORIENTED_EDGE('',*,*,#1563,.F.);
#1613 = ORIENTED_EDGE('',*,*,#1046,.F.);
#1614 = ADVANCED_FACE('',(#1615),#1094,.F.);
#1615 = FACE_BOUND('',#1616,.T.);
#1616 = EDGE_LOOP('',(#1617,#1640,#1667,#1668));
#1617 = ORIENTED_EDGE('',*,*,#1618,.T.);
#1618 = EDGE_CURVE('',#1078,#1619,#1621,.T.);
#1619 = VERTEX_POINT('',#1620);
#1620 = CARTESIAN_POINT('',(-23.425,3.75,-49.6));
#1621 = SEAM_CURVE('',#1622,(#1626,#1633),.PCURVE_S1.);
#1622 = LINE('',#1623,#1624);
#1623 = CARTESIAN_POINT('',(-23.425,3.75,-50.));
#1624 = VECTOR('',#1625,1.);
#1625 = DIRECTION('',(0.,0.,1.));
#1626 = PCURVE('',#1094,#1627);
#1627 = DEFINITIONAL_REPRESENTATION('',(#1628),#1632);
#1628 = LINE('',#1629,#1630);
#1629 = CARTESIAN_POINT('',(-0.,0.));
#1630 = VECTOR('',#1631,1.);
#1631 = DIRECTION('',(-0.,-1.));
#1632 = ( GEOMETRIC_REPRESENTATION_CONTEXT(2) 
PARAMETRIC_REPRESENTATION_CONTEXT() REPRESENTATION_CONTEXT('2D SPACE',''
  ) );
#1633 = PCURVE('',#1094,#1634);
#1634 = DEFINITIONAL_REPRESENTATION('',(#1635),#1639);
#1635 = LINE('',#1636,#1637);
#1636 = CARTESIAN_POINT('',(-6.28318530718,0.));
#1637 = VECTOR('',#1638,1.);
#1638 = DIRECTION('',(-0.,-1.));
#1639 = ( GEOMETRIC_REPRESENTATION_CONTEXT(2) 
PARAMETRIC_REPRESENTATION_CONTEXT() REPRESENTATION_CONTEXT('2D SPACE',''
  ) );
#1640 = ORIENTED_EDGE('',*,*,#1641,.T.);
#1641 = EDGE_CURVE('',#1619,#1619,#1642,.T.);
#1642 = SURFACE_CURVE('',#1643,(#1648,#1655),.PCURVE_S1.);
#1643 = CIRCLE('',#1644,8.);
#1644 = AXIS2_PLACEMENT_3D('',#1645,#1646,#1647);
#1645 = CARTESIAN_POINT('',(-31.425,3.75,-49.6));
#1646 = DIRECTION('',(-7.88860905221E-31,-1.807806241131E-31,1.));
#1647 = DIRECTION('',(1.,1.605654490372E-46,7.88860905221E-31));
#1648 = PCURVE('',#1094,#1649);
#1649 = DEFINITIONAL_REPRESENTATION('',(#1650),#1654);
#1650 = LINE('',#1651,#1652);
#1651 = CARTESIAN_POINT('',(-0.,-0.4));
#1652 = VECTOR('',#1653,1.);
#1653 = DIRECTION('',(-1.,0.));
#1654 = ( GEOMETRIC_REPRESENTATION_CONTEXT(2) 
PARAMETRIC_REPRESENTATION_CONTEXT() REPRESENTATION_CONTEXT('2D SPACE',''
  ) );
#1655 = PCURVE('',#1656,#1661);
#1656 = CONICAL_SURFACE('',#1657,8.,0.785398163397);
#1657 = AXIS2_PLACEMENT_3D('',#1658,#1659,#1660);
#1658 = CARTESIAN_POINT('',(-31.425,3.75,-49.6));
#1659 = DIRECTION('',(7.88860905221E-31,1.807806241131E-31,-1.));
#1660 = DIRECTION('',(1.,1.605654490372E-46,7.88860905221E-31));
#1661 = DEFINITIONAL_REPRESENTATION('',(#1662),#1666);
#1662 = LINE('',#1663,#1664);
#1663 = CARTESIAN_POINT('',(-0.,-0.));
#1664 = VECTOR('',#1665,1.);
#1665 = DIRECTION('',(-1.,-0.));
#1666 = ( GEOMETRIC_REPRESENTATION_CONTEXT(2) 
PARAMETRIC_REPRESENTATION_CONTEXT() REPRESENTATION_CONTEXT('2D SPACE',''
  ) );
#1667 = ORIENTED_EDGE('',*,*,#1618,.F.);
#1668 = ORIENTED_EDGE('',*,*,#1077,.F.);
#1669 = ADVANCED_FACE('',(#1670),#1280,.F.);
#1670 = FACE_BOUND('',#1671,.F.);
#1671 = EDGE_LOOP('',(#1672,#1695,#1723,#1744));
#1672 = ORIENTED_EDGE('',*,*,#1673,.T.);
#1673 = EDGE_CURVE('',#1263,#1674,#1676,.T.);
#1674 = VERTEX_POINT('',#1675);
#1675 = CARTESIAN_POINT('',(138.,-81.25,-36.));
#1676 = SURFACE_CURVE('',#1677,(#1681,#1688),.PCURVE_S1.);
#1677 = LINE('',#1678,#1679);
#1678 = CARTESIAN_POINT('',(150.,-81.25,-36.));
#1679 = VECTOR('',#1680,1.);
#1680 = DIRECTION('',(-1.,-0.,-0.));
#1681 = PCURVE('',#1280,#1682);
#1682 = DEFINITIONAL_REPRESENTATION('',(#1683),#1687);
#1683 = LINE('',#1684,#1685);
#1684 = CARTESIAN_POINT('',(0.,0.));
#1685 = VECTOR('',#1686,1.);
#1686 = DIRECTION('',(0.,-1.));
#1687 = ( GEOMETRIC_REPRESENTATION_CONTEXT(2) 
PARAMETRIC_REPRESENTATION_CONTEXT() REPRESENTATION_CONTEXT('2D SPACE',''
  ) );
#1688 = PCURVE('',#1308,#1689);
#1689 = DEFINITIONAL_REPRESENTATION('',(#1690),#1694);
#1690 = LINE('',#1691,#1692);
#1691 = CARTESIAN_POINT('',(14.,0.));
#1692 = VECTOR('',#1693,1.);
#1693 = DIRECTION('',(0.,-1.));
#1694 = ( GEOMETRIC_REPRESENTATION_CONTEXT(2) 
PARAMETRIC_REPRESENTATION_CONTEXT() REPRESENTATION_CONTEXT('2D SPACE',''
  ) );
#1695 = ORIENTED_EDGE('',*,*,#1696,.T.);
#1696 = EDGE_CURVE('',#1674,#1697,#1699,.T.);
#1697 = VERTEX_POINT('',#1698);
#1698 = CARTESIAN_POINT('',(138.,-15.25,-36.));
#1699 = SURFACE_CURVE('',#1700,(#1704,#1711),.PCURVE_S1.);
#1700 = LINE('',#1701,#1702);
#1701 = CARTESIAN_POINT('',(138.,-81.25,-36.));
#1702 = VECTOR('',#1703,1.);
#1703 = DIRECTION('',(0.,1.,0.));
#1704 = PCURVE('',#1280,#1705);
#1705 = DEFINITIONAL_REPRESENTATION('',(#1706),#1710);
#1706 = LINE('',#1707,#1708);
#1707 = CARTESIAN_POINT('',(0.,-12.));
#1708 = VECTOR('',#1709,1.);
#1709 = DIRECTION('',(1.,0.));
#1710 = ( GEOMETRIC_REPRESENTATION_CONTEXT(2) 
PARAMETRIC_REPRESENTATION_CONTEXT() REPRESENTATION_CONTEXT('2D SPACE',''
  ) );
#1711 = PCURVE('',#1712,#1717);
#1712 = PLANE('',#1713);
#1713 = AXIS2_PLACEMENT_3D('',#1714,#1715,#1716);
#1714 = CARTESIAN_POINT('',(138.,-48.25,-29.));
#1715 = DIRECTION('',(1.,0.,0.));
#1716 = DIRECTION('',(-0.,0.,1.));
#1717 = DEFINITIONAL_REPRESENTATION('',(#1718),#1722);
#1718 = LINE('',#1719,#1720);
#1719 = CARTESIAN_POINT('',(-7.,33.));
#1720 = VECTOR('',#1721,1.);
#1721 = DIRECTION('',(0.,-1.));
#1722 = ( GEOMETRIC_REPRESENTATION_CONTEXT(2) 
PARAMETRIC_REPRESENTATION_CONTEXT() REPRESENTATION_CONTEXT('2D SPACE',''
  ) );
#1723 = ORIENTED_EDGE('',*,*,#1724,.F.);
#1724 = EDGE_CURVE('',#1265,#1697,#1725,.T.);
#1725 = SURFACE_CURVE('',#1726,(#1730,#1737),.PCURVE_S1.);
#1726 = LINE('',#1727,#1728);
#1727 = CARTESIAN_POINT('',(150.,-15.25,-36.));
#1728 = VECTOR('',#1729,1.);
#1729 = DIRECTION('',(-1.,-0.,-0.));
#1730 = PCURVE('',#1280,#1731);
#1731 = DEFINITIONAL_REPRESENTATION('',(#1732),#1736);
#1732 = LINE('',#1733,#1734);
#1733 = CARTESIAN_POINT('',(66.,0.));
#1734 = VECTOR('',#1735,1.);
#1735 = DIRECTION('',(0.,-1.));
#1736 = ( GEOMETRIC_REPRESENTATION_CONTEXT(2) 
PARAMETRIC_REPRESENTATION_CONTEXT() REPRESENTATION_CONTEXT('2D SPACE',''
  ) );
#1737 = PCURVE('',#1362,#1738);
#1738 = DEFINITIONAL_REPRESENTATION('',(#1739),#1743);
#1739 = LINE('',#1740,#1741);
#1740 = CARTESIAN_POINT('',(0.,0.));
#1741 = VECTOR('',#1742,1.);
#1742 = DIRECTION('',(0.,-1.));
#1743 = ( GEOMETRIC_REPRESENTATION_CONTEXT(2) 
PARAMETRIC_REPRESENTATION_CONTEXT() REPRESENTATION_CONTEXT('2D SPACE',''
  ) );
#1744 = ORIENTED_EDGE('',*,*,#1262,.F.);
#1745 = ADVANCED_FACE('',(#1746),#1362,.F.);
#1746 = FACE_BOUND('',#1747,.F.);
#1747 = EDGE_LOOP('',(#1748,#1749,#1772,#1793));
#1748 = ORIENTED_EDGE('',*,*,#1724,.T.);
#1749 = ORIENTED_EDGE('',*,*,#1750,.T.);
#1750 = EDGE_CURVE('',#1697,#1751,#1753,.T.);
#1751 = VERTEX_POINT('',#1752);
#1752 = CARTESIAN_POINT('',(138.,-15.25,-22.));
#1753 = SURFACE_CURVE('',#1754,(#1758,#1765),.PCURVE_S1.);
#1754 = LINE('',#1755,#1756);
#1755 = CARTESIAN_POINT('',(138.,-15.25,-36.));
#1756 = VECTOR('',#1757,1.);
#1757 = DIRECTION('',(0.,0.,1.));
#1758 = PCURVE('',#1362,#1759);
#1759 = DEFINITIONAL_REPRESENTATION('',(#1760),#1764);
#1760 = LINE('',#1761,#1762);
#1761 = CARTESIAN_POINT('',(0.,-12.));
#1762 = VECTOR('',#1763,1.);
#1763 = DIRECTION('',(1.,0.));
#1764 = ( GEOMETRIC_REPRESENTATION_CONTEXT(2) 
PARAMETRIC_REPRESENTATION_CONTEXT() REPRESENTATION_CONTEXT('2D SPACE',''
  ) );
#1765 = PCURVE('',#1712,#1766);
#1766 = DEFINITIONAL_REPRESENTATION('',(#1767),#1771);
#1767 = LINE('',#1768,#1769);
#1768 = CARTESIAN_POINT('',(-7.,-33.));
#1769 = VECTOR('',#1770,1.);
#1770 = DIRECTION('',(1.,0.));
#1771 = ( GEOMETRIC_REPRESENTATION_CONTEXT(2) 
PARAMETRIC_REPRESENTATION_CONTEXT() REPRESENTATION_CONTEXT('2D SPACE',''
  ) );
#1772 = ORIENTED_EDGE('',*,*,#1773,.F.);
#1773 = EDGE_CURVE('',#1321,#1751,#1774,.T.);
#1774 = SURFACE_CURVE('',#1775,(#1779,#1786),.PCURVE_S1.);
#1775 = LINE('',#1776,#1777);
#1776 = CARTESIAN_POINT('',(150.,-15.25,-22.));
#1777 = VECTOR('',#1778,1.);
#1778 = DIRECTION('',(-1.,-0.,-0.));
#1779 = PCURVE('',#1362,#1780);
#1780 = DEFINITIONAL_REPRESENTATION('',(#1781),#1785);
#1781 = LINE('',#1782,#1783);
#1782 = CARTESIAN_POINT('',(14.,0.));
#1783 = VECTOR('',#1784,1.);
#1784 = DIRECTION('',(0.,-1.));
#1785 = ( GEOMETRIC_REPRESENTATION_CONTEXT(2) 
PARAMETRIC_REPRESENTATION_CONTEXT() REPRESENTATION_CONTEXT('2D SPACE',''
  ) );
#1786 = PCURVE('',#1336,#1787);
#1787 = DEFINITIONAL_REPRESENTATION('',(#1788),#1792);
#1788 = LINE('',#1789,#1790);
#1789 = CARTESIAN_POINT('',(0.,0.));
#1790 = VECTOR('',#1791,1.);
#1791 = DIRECTION('',(0.,-1.));
#1792 = ( GEOMETRIC_REPRESENTATION_CONTEXT(2) 
PARAMETRIC_REPRESENTATION_CONTEXT() REPRESENTATION_CONTEXT('2D SPACE',''
  ) );
#1793 = ORIENTED_EDGE('',*,*,#1348,.F.);
#1794 = ADVANCED_FACE('',(#1795),#1336,.F.);
#1795 = FACE_BOUND('',#1796,.F.);
#1796 = EDGE_LOOP('',(#1797,#1798,#1821,#1842));
#1797 = ORIENTED_EDGE('',*,*,#1773,.T.);
#1798 = ORIENTED_EDGE('',*,*,#1799,.T.);
#1799 = EDGE_CURVE('',#1751,#1800,#1802,.T.);
#1800 = VERTEX_POINT('',#1801);
#1801 = CARTESIAN_POINT('',(138.,-81.25,-22.));
#1802 = SURFACE_CURVE('',#1803,(#1807,#1814),.PCURVE_S1.);
#1803 = LINE('',#1804,#1805);
#1804 = CARTESIAN_POINT('',(138.,-15.25,-22.));
#1805 = VECTOR('',#1806,1.);
#1806 = DIRECTION('',(0.,-1.,0.));
#1807 = PCURVE('',#1336,#1808);
#1808 = DEFINITIONAL_REPRESENTATION('',(#1809),#1813);
#1809 = LINE('',#1810,#1811);
#1810 = CARTESIAN_POINT('',(0.,-12.));
#1811 = VECTOR('',#1812,1.);
#1812 = DIRECTION('',(1.,0.));
#1813 = ( GEOMETRIC_REPRESENTATION_CONTEXT(2) 
PARAMETRIC_REPRESENTATION_CONTEXT() REPRESENTATION_CONTEXT('2D SPACE',''
  ) );
#1814 = PCURVE('',#1712,#1815);
#1815 = DEFINITIONAL_REPRESENTATION('',(#1816),#1820);
#1816 = LINE('',#1817,#1818);
#1817 = CARTESIAN_POINT('',(7.,-33.));
#1818 = VECTOR('',#1819,1.);
#1819 = DIRECTION('',(0.,1.));
#1820 = ( GEOMETRIC_REPRESENTATION_CONTEXT(2) 
PARAMETRIC_REPRESENTATION_CONTEXT() REPRESENTATION_CONTEXT('2D SPACE',''
  ) );
#1821 = ORIENTED_EDGE('',*,*,#1822,.F.);
#1822 = EDGE_CURVE('',#1293,#1800,#1823,.T.);
#1823 = SURFACE_CURVE('',#1824,(#1828,#1835),.PCURVE_S1.);
#1824 = LINE('',#1825,#1826);
#1825 = CARTESIAN_POINT('',(150.,-81.25,-22.));
#1826 = VECTOR('',#1827,1.);
#1827 = DIRECTION('',(-1.,-0.,-0.));
#1828 = PCURVE('',#1336,#1829);
#1829 = DEFINITIONAL_REPRESENTATION('',(#1830),#1834);
#1830 = LINE('',#1831,#1832);
#1831 = CARTESIAN_POINT('',(66.,0.));
#1832 = VECTOR('',#1833,1.);
#1833 = DIRECTION('',(0.,-1.));
#1834 = ( GEOMETRIC_REPRESENTATION_CONTEXT(2) 
PARAMETRIC_REPRESENTATION_CONTEXT() REPRESENTATION_CONTEXT('2D SPACE',''
  ) );
#1835 = PCURVE('',#1308,#1836);
#1836 = DEFINITIONAL_REPRESENTATION('',(#1837),#1841);
#1837 = LINE('',#1838,#1839);
#1838 = CARTESIAN_POINT('',(0.,0.));
#1839 = VECTOR('',#1840,1.);
#1840 = DIRECTION('',(0.,-1.));
#1841 = ( GEOMETRIC_REPRESENTATION_CONTEXT(2) 
PARAMETRIC_REPRESENTATION_CONTEXT() REPRESENTATION_CONTEXT('2D SPACE',''
  ) );
#1842 = ORIENTED_EDGE('',*,*,#1320,.F.);
#1843 = ADVANCED_FACE('',(#1844),#1308,.F.);
#1844 = FACE_BOUND('',#1845,.F.);
#1845 = EDGE_LOOP('',(#1846,#1847,#1868,#1869));
#1846 = ORIENTED_EDGE('',*,*,#1822,.T.);
#1847 = ORIENTED_EDGE('',*,*,#1848,.T.);
#1848 = EDGE_CURVE('',#1800,#1674,#1849,.T.);
#1849 = SURFACE_CURVE('',#1850,(#1854,#1861),.PCURVE_S1.);
#1850 = LINE('',#1851,#1852);
#1851 = CARTESIAN_POINT('',(138.,-81.25,-22.));
#1852 = VECTOR('',#1853,1.);
#1853 = DIRECTION('',(0.,0.,-1.));
#1854 = PCURVE('',#1308,#1855);
#1855 = DEFINITIONAL_REPRESENTATION('',(#1856),#1860);
#1856 = LINE('',#1857,#1858);
#1857 = CARTESIAN_POINT('',(0.,-12.));
#1858 = VECTOR('',#1859,1.);
#1859 = DIRECTION('',(1.,0.));
#1860 = ( GEOMETRIC_REPRESENTATION_CONTEXT(2) 
PARAMETRIC_REPRESENTATION_CONTEXT() REPRESENTATION_CONTEXT('2D SPACE',''
  ) );
#1861 = PCURVE('',#1712,#1862);
#1862 = DEFINITIONAL_REPRESENTATION('',(#1863),#1867);
#1863 = LINE('',#1864,#1865);
#1864 = CARTESIAN_POINT('',(7.,33.));
#1865 = VECTOR('',#1866,1.);
#1866 = DIRECTION('',(-1.,0.));
#1867 = ( GEOMETRIC_REPRESENTATION_CONTEXT(2) 
PARAMETRIC_REPRESENTATION_CONTEXT() REPRESENTATION_CONTEXT('2D SPACE',''
  ) );
#1868 = ORIENTED_EDGE('',*,*,#1673,.F.);
#1869 = ORIENTED_EDGE('',*,*,#1292,.F.);
#1870 = ADVANCED_FACE('',(#1871,#1874),#1429,.T.);
#1871 = FACE_BOUND('',#1872,.T.);
#1872 = EDGE_LOOP('',(#1873));
#1873 = ORIENTED_EDGE('',*,*,#1414,.T.);
#1874 = FACE_BOUND('',#1875,.T.);
#1875 = EDGE_LOOP('',(#1876));
#1876 = ORIENTED_EDGE('',*,*,#1877,.F.);
#1877 = EDGE_CURVE('',#1878,#1878,#1880,.T.);
#1878 = VERTEX_POINT('',#1879);
#1879 = CARTESIAN_POINT('',(82.3,77.93211875,46.4));
#1880 = SURFACE_CURVE('',#1881,(#1886,#1893),.PCURVE_S1.);
#1881 = CIRCLE('',#1882,4.);
#1882 = AXIS2_PLACEMENT_3D('',#1883,#1884,#1885);
#1883 = CARTESIAN_POINT('',(78.3,77.93211875,46.4));
#1884 = DIRECTION('',(0.,0.,1.));
#1885 = DIRECTION('',(1.,0.,-0.));
#1886 = PCURVE('',#1429,#1887);
#1887 = DEFINITIONAL_REPRESENTATION('',(#1888),#1892);
#1888 = CIRCLE('',#1889,4.);
#1889 = AXIS2_PLACEMENT_2D('',#1890,#1891);
#1890 = CARTESIAN_POINT('',(-1.42108547152E-14,1.42108547152E-14));
#1891 = DIRECTION('',(1.,0.));
#1892 = ( GEOMETRIC_REPRESENTATION_CONTEXT(2) 
PARAMETRIC_REPRESENTATION_CONTEXT() REPRESENTATION_CONTEXT('2D SPACE',''
  ) );
#1893 = PCURVE('',#1894,#1899);
#1894 = CYLINDRICAL_SURFACE('',#1895,4.);
#1895 = AXIS2_PLACEMENT_3D('',#1896,#1897,#1898);
#1896 = CARTESIAN_POINT('',(78.3,77.93211875,48.2));
#1897 = DIRECTION('',(0.,0.,1.));
#1898 = DIRECTION('',(1.,0.,0.));
#1899 = DEFINITIONAL_REPRESENTATION('',(#1900),#1904);
#1900 = LINE('',#1901,#1902);
#1901 = CARTESIAN_POINT('',(0.,-1.8));
#1902 = VECTOR('',#1903,1.);
#1903 = DIRECTION('',(1.,0.));
#1904 = ( GEOMETRIC_REPRESENTATION_CONTEXT(2) 
PARAMETRIC_REPRESENTATION_CONTEXT() REPRESENTATION_CONTEXT('2D SPACE',''
  ) );
#1905 = ADVANCED_FACE('',(#1906,#1909),#1484,.T.);
#1906 = FACE_BOUND('',#1907,.T.);
#1907 = EDGE_LOOP('',(#1908));
#1908 = ORIENTED_EDGE('',*,*,#1469,.T.);
#1909 = FACE_BOUND('',#1910,.T.);
#1910 = EDGE_LOOP('',(#1911));
#1911 = ORIENTED_EDGE('',*,*,#1912,.F.);
#1912 = EDGE_CURVE('',#1913,#1913,#1915,.T.);
#1913 = VERTEX_POINT('',#1914);
#1914 = CARTESIAN_POINT('',(82.3,93.6214125,46.4));
#1915 = SURFACE_CURVE('',#1916,(#1921,#1928),.PCURVE_S1.);
#1916 = CIRCLE('',#1917,4.);
#1917 = AXIS2_PLACEMENT_3D('',#1918,#1919,#1920);
#1918 = CARTESIAN_POINT('',(78.3,93.6214125,46.4));
#1919 = DIRECTION('',(0.,0.,1.));
#1920 = DIRECTION('',(1.,0.,-0.));
#1921 = PCURVE('',#1484,#1922);
#1922 = DEFINITIONAL_REPRESENTATION('',(#1923),#1927);
#1923 = CIRCLE('',#1924,4.);
#1924 = AXIS2_PLACEMENT_2D('',#1925,#1926);
#1925 = CARTESIAN_POINT('',(-1.42108547152E-14,0.));
#1926 = DIRECTION('',(1.,0.));
#1927 = ( GEOMETRIC_REPRESENTATION_CONTEXT(2) 
PARAMETRIC_REPRESENTATION_CONTEXT() REPRESENTATION_CONTEXT('2D SPACE',''
  ) );
#1928 = PCURVE('',#1929,#1934);
#1929 = CYLINDRICAL_SURFACE('',#1930,4.);
#1930 = AXIS2_PLACEMENT_3D('',#1931,#1932,#1933);
#1931 = CARTESIAN_POINT('',(78.3,93.6214125,48.2));
#1932 = DIRECTION('',(0.,0.,1.));
#1933 = DIRECTION('',(1.,0.,0.));
#1934 = DEFINITIONAL_REPRESENTATION('',(#1935),#1939);
#1935 = LINE('',#1936,#1937);
#1936 = CARTESIAN_POINT('',(0.,-1.8));
#1937 = VECTOR('',#1938,1.);
#1938 = DIRECTION('',(1.,0.));
#1939 = ( GEOMETRIC_REPRESENTATION_CONTEXT(2) 
PARAMETRIC_REPRESENTATION_CONTEXT() REPRESENTATION_CONTEXT('2D SPACE',''
  ) );
#1940 = ADVANCED_FACE('',(#1941,#1944),#1539,.T.);
#1941 = FACE_BOUND('',#1942,.T.);
#1942 = EDGE_LOOP('',(#1943));
#1943 = ORIENTED_EDGE('',*,*,#1524,.T.);
#1944 = FACE_BOUND('',#1945,.T.);
#1945 = EDGE_LOOP('',(#1946));
#1946 = ORIENTED_EDGE('',*,*,#1947,.F.);
#1947 = EDGE_CURVE('',#1948,#1948,#1950,.T.);
#1948 = VERTEX_POINT('',#1949);
#1949 = CARTESIAN_POINT('',(82.3,109.31070625,46.4));
#1950 = SURFACE_CURVE('',#1951,(#1956,#1963),.PCURVE_S1.);
#1951 = CIRCLE('',#1952,4.);
#1952 = AXIS2_PLACEMENT_3D('',#1953,#1954,#1955);
#1953 = CARTESIAN_POINT('',(78.3,109.31070625,46.4));
#1954 = DIRECTION('',(0.,0.,1.));
#1955 = DIRECTION('',(1.,0.,-0.));
#1956 = PCURVE('',#1539,#1957);
#1957 = DEFINITIONAL_REPRESENTATION('',(#1958),#1962);
#1958 = CIRCLE('',#1959,4.);
#1959 = AXIS2_PLACEMENT_2D('',#1960,#1961);
#1960 = CARTESIAN_POINT('',(-1.42108547152E-14,0.));
#1961 = DIRECTION('',(1.,0.));
#1962 = ( GEOMETRIC_REPRESENTATION_CONTEXT(2) 
PARAMETRIC_REPRESENTATION_CONTEXT() REPRESENTATION_CONTEXT('2D SPACE',''
  ) );
#1963 = PCURVE('',#1964,#1969);
#1964 = CYLINDRICAL_SURFACE('',#1965,4.);
#1965 = AXIS2_PLACEMENT_3D('',#1966,#1967,#1968);
#1966 = CARTESIAN_POINT('',(78.3,109.31070625,48.2));
#1967 = DIRECTION('',(0.,0.,1.));
#1968 = DIRECTION('',(1.,0.,0.));
#1969 = DEFINITIONAL_REPRESENTATION('',(#1970),#1974);
#1970 = LINE('',#1971,#1972);
#1971 = CARTESIAN_POINT('',(0.,-1.8));
#1972 = VECTOR('',#1973,1.);
#1973 = DIRECTION('',(1.,0.));
#1974 = ( GEOMETRIC_REPRESENTATION_CONTEXT(2) 
PARAMETRIC_REPRESENTATION_CONTEXT() REPRESENTATION_CONTEXT('2D SPACE',''
  ) );
#1975 = ADVANCED_FACE('',(#1976),#1601,.F.);
#1976 = FACE_BOUND('',#1977,.F.);
#1977 = EDGE_LOOP('',(#1978,#1979,#2000,#2968));
#1978 = ORIENTED_EDGE('',*,*,#1586,.T.);
#1979 = ORIENTED_EDGE('',*,*,#1980,.T.);
#1980 = EDGE_CURVE('',#1564,#1981,#1983,.T.);
#1981 = VERTEX_POINT('',#1982);
#1982 = CARTESIAN_POINT('',(-105.475,3.75,-46.6));
#1983 = SEAM_CURVE('',#1984,(#1988,#1994),.PCURVE_S1.);
#1984 = LINE('',#1985,#1986);
#1985 = CARTESIAN_POINT('',(-102.475,3.75,-49.6));
#1986 = VECTOR('',#1987,1.);
#1987 = DIRECTION('',(-0.707106781187,-1.278312052175E-31,0.707106781187
    ));
#1988 = PCURVE('',#1601,#1989);
#1989 = DEFINITIONAL_REPRESENTATION('',(#1990),#1993);
#1990 = B_SPLINE_CURVE_WITH_KNOTS('',1,(#1991,#1992),.UNSPECIFIED.,.F.,
  .F.,(2,2),(0.,5.091168824543),.PIECEWISE_BEZIER_KNOTS.);
#1991 = CARTESIAN_POINT('',(0.,0.));
#1992 = CARTESIAN_POINT('',(0.,-3.6));
#1993 = ( GEOMETRIC_REPRESENTATION_CONTEXT(2) 
PARAMETRIC_REPRESENTATION_CONTEXT() REPRESENTATION_CONTEXT('2D SPACE',''
  ) );
#1994 = PCURVE('',#1601,#1995);
#1995 = DEFINITIONAL_REPRESENTATION('',(#1996),#1999);
#1996 = B_SPLINE_CURVE_WITH_KNOTS('',1,(#1997,#1998),.UNSPECIFIED.,.F.,
  .F.,(2,2),(0.,5.091168824543),.PIECEWISE_BEZIER_KNOTS.);
#1997 = CARTESIAN_POINT('',(-6.28318530718,0.));
#1998 = CARTESIAN_POINT('',(-6.28318530718,-3.6));
#1999 = ( GEOMETRIC_REPRESENTATION_CONTEXT(2) 
PARAMETRIC_REPRESENTATION_CONTEXT() REPRESENTATION_CONTEXT('2D SPACE',''
  ) );
#2000 = ORIENTED_EDGE('',*,*,#2001,.F.);
#2001 = EDGE_CURVE('',#1981,#1981,#2002,.T.);
#2002 = SURFACE_CURVE('',#2003,(#2321,#2642),.PCURVE_S1.);
#2003 = B_SPLINE_CURVE_WITH_KNOTS('',8,(#2004,#2005,#2006,#2007,#2008,
    #2009,#2010,#2011,#2012,#2013,#2014,#2015,#2016,#2017,#2018,#2019,
    #2020,#2021,#2022,#2023,#2024,#2025,#2026,#2027,#2028,#2029,#2030,
    #2031,#2032,#2033,#2034,#2035,#2036,#2037,#2038,#2039,#2040,#2041,
    #2042,#2043,#2044,#2045,#2046,#2047,#2048,#2049,#2050,#2051,#2052,
    #2053,#2054,#2055,#2056,#2057,#2058,#2059,#2060,#2061,#2062,#2063,
    #2064,#2065,#2066,#2067,#2068,#2069,#2070,#2071,#2072,#2073,#2074,
    #2075,#2076,#2077,#2078,#2079,#2080,#2081,#2082,#2083,#2084,#2085,
    #2086,#2087,#2088,#2089,#2090,#2091,#2092,#2093,#2094,#2095,#2096,
    #2097,#2098,#2099,#2100,#2101,#2102,#2103,#2104,#2105,#2106,#2107,
    #2108,#2109,#2110,#2111,#2112,#2113,#2114,#2115,#2116,#2117,#2118,
    #2119,#2120,#2121,#2122,#2123,#2124,#2125,#2126,#2127,#2128,#2129,
    #2130,#2131,#2132,#2133,#2134,#2135,#2136,#2137,#2138,#2139,#2140,
    #2141,#2142,#2143,#2144,#2145,#2146,#2147,#2148,#2149,#2150,#2151,
    #2152,#2153,#2154,#2155,#2156,#2157,#2158,#2159,#2160,#2161,#2162,
    #2163,#2164,#2165,#2166,#2167,#2168,#2169,#2170,#2171,#2172,#2173,
    #2174,#2175,#2176,#2177,#2178,#2179,#2180,#2181,#2182,#2183,#2184,
    #2185,#2186,#2187,#2188,#2189,#2190,#2191,#2192,#2193,#2194,#2195,
    #2196,#2197,#2198,#2199,#2200,#2201,#2202,#2203,#2204,#2205,#2206,
    #2207,#2208,#2209,#2210,#2211,#2212,#2213,#2214,#2215,#2216,#2217,
    #2218,#2219,#2220,#2221,#2222,#2223,#2224,#2225,#2226,#2227,#2228,
    #2229,#2230,#2231,#2232,#2233,#2234,#2235,#2236,#2237,#2238,#2239,
    #2240,#2241,#2242,#2243,#2244,#2245,#2246,#2247,#2248,#2249,#2250,
    #2251,#2252,#2253,#2254,#2255,#2256,#2257,#2258,#2259,#2260,#2261,
    #2262,#2263,#2264,#2265,#2266,#2267,#2268,#2269,#2270,#2271,#2272,
    #2273,#2274,#2275,#2276,#2277,#2278,#2279,#2280,#2281,#2282,#2283,
    #2284,#2285,#2286,#2287,#2288,#2289,#2290,#2291,#2292,#2293,#2294,
    #2295,#2296,#2297,#2298,#2299,#2300,#2301,#2302,#2303,#2304,#2305,
    #2306,#2307,#2308,#2309,#2310,#2311,#2312,#2313,#2314,#2315,#2316,
    #2317,#2318,#2319,#2320),.UNSPECIFIED.,.T.,.F.,(9,7,7,7,7,7,7,7,7,7,
    7,7,7,7,7,7,7,7,7,7,7,7,7,7,7,7,7,7,7,7,7,7,7,7,7,7,7,7,7,7,7,7,7,7,
    7,9),(0.,1.206101704821E-02,2.663500866309E-02,4.120900027796E-02,
    5.377278640719E-02,6.834677802207E-02,8.292076963694E-02,
    9.699220990013E-02,0.11910446874,0.132673357637,0.156795819417,
    0.18242593267,0.191974410287,0.308044159372,0.33417682295,
    0.350258468519,0.36181715184,0.375888592103,0.390462583718,
    0.403026369848,0.417600361463,0.432174353077,0.442225382129,
    0.456799373744,0.471373365359,0.485947356974,0.500521348589,
    0.515095340204,0.529669331818,0.544243323433,0.556807109563,
    0.571381101178,0.585955092793,0.599021430312,0.611585216441,
    0.62716431071,0.641738302325,0.651286779942,0.661337808994,
    0.675911800609,0.812060251745,0.829146999848,0.860305160763,
    0.873371498282,0.890960797614,1.),.UNSPECIFIED.);
#2004 = CARTESIAN_POINT('',(-105.475,3.75,-46.6));
#2005 = CARTESIAN_POINT('',(-105.475,3.79736445464,-46.6));
#2006 = CARTESIAN_POINT('',(-105.4755127364,3.844726100894,-46.6));
#2007 = CARTESIAN_POINT('',(-105.4765381758,3.8920797801,-46.6));
#2008 = CARTESIAN_POINT('',(-105.4780761963,3.939419975438,-46.6));
#2009 = CARTESIAN_POINT('',(-105.4801265877,3.986740811924,-46.6));
#2010 = CARTESIAN_POINT('',(-105.4826890512,4.034036056415,-46.6));
#2011 = CARTESIAN_POINT('',(-105.4857631997,4.081299117606,-46.6));
#2012 = CARTESIAN_POINT('',(-105.4936809434,4.185586321391,-46.6));
#2013 = CARTESIAN_POINT('',(-105.49875975,4.242592933641,-46.6));
#2014 = CARTESIAN_POINT('',(-105.5045841118,4.29953148164,-46.6));
#2015 = CARTESIAN_POINT('',(-105.5111529552,4.356390589617,-46.6));
#2016 = CARTESIAN_POINT('',(-105.5184649991,4.413158907172,-46.6));
#2017 = CARTESIAN_POINT('',(-105.5265187546,4.469825109276,-46.6));
#2018 = CARTESIAN_POINT('',(-105.5353125251,4.526377896272,-46.6));
#2019 = CARTESIAN_POINT('',(-105.5543762877,4.639234091476,-46.6));
#2020 = CARTESIAN_POINT('',(-105.5646462821,4.6955375135,-46.6));
#2021 = CARTESIAN_POINT('',(-105.575652485,4.751704985731,-46.6));
#2022 = CARTESIAN_POINT('',(-105.5873927871,4.807725278208,-46.6));
#2023 = CARTESIAN_POINT('',(-105.5998648749,4.863587205227,-46.6));
#2024 = CARTESIAN_POINT('',(-105.6130662302,4.919279625335,-46.6));
#2025 = CARTESIAN_POINT('',(-105.6269941303,4.974791441337,-46.6));
#2026 = CARTESIAN_POINT('',(-105.6542762671,5.077801393461,-46.6));
#2027 = CARTESIAN_POINT('',(-105.6674446541,5.125348762489,-46.6));
#2028 = CARTESIAN_POINT('',(-105.681148934,5.172746627924,-46.6));
#2029 = CARTESIAN_POINT('',(-105.6953871212,5.219987944279,-46.6));
#2030 = CARTESIAN_POINT('',(-105.7101571199,5.267065700037,-46.6));
#2031 = CARTESIAN_POINT('',(-105.7254567235,5.313972917649,-46.6));
#2032 = CARTESIAN_POINT('',(-105.7412836152,5.360702653533,-46.6));
#2033 = CARTESIAN_POINT('',(-105.7766034003,5.461240596654,-46.6));
#2034 = CARTESIAN_POINT('',(-105.7962776894,5.514985089074,-46.6));
#2035 = CARTESIAN_POINT('',(-105.8166544451,5.568470687765,-46.6));
#2036 = CARTESIAN_POINT('',(-105.8377296833,5.621686683466,-46.6));
#2037 = CARTESIAN_POINT('',(-105.859499226,5.674622445228,-46.6));
#2038 = CARTESIAN_POINT('',(-105.8819587012,5.727267420412,-46.6));
#2039 = CARTESIAN_POINT('',(-105.9051035428,5.77961113469,-46.6));
#2040 = CARTESIAN_POINT('',(-105.9527544386,5.8836752494,-46.6));
#2041 = CARTESIAN_POINT('',(-105.9772604986,5.935395662573,-46.6));
#2042 = CARTESIAN_POINT('',(-106.0024424103,5.986794035724,-46.6));
#2043 = CARTESIAN_POINT('',(-106.0282952271,6.037860068735,-46.6));
#2044 = CARTESIAN_POINT('',(-106.0548138165,6.088583557214,-46.6));
#2045 = CARTESIAN_POINT('',(-106.0819928597,6.138954392491,-46.6));
#2046 = CARTESIAN_POINT('',(-106.1098268522,6.18896256162,-46.6));
#2047 = CARTESIAN_POINT('',(-106.1658111732,6.286522161498,-46.6));
#2048 = CARTESIAN_POINT('',(-106.1939175035,6.334098855397,-46.6));
#2049 = CARTESIAN_POINT('',(-106.222623972,6.381319303529,-46.6));
#2050 = CARTESIAN_POINT('',(-106.2519253029,6.428174677727,-46.6));
#2051 = CARTESIAN_POINT('',(-106.2818160671,6.474656247204,-46.6));
#2052 = CARTESIAN_POINT('',(-106.3122906818,6.520755378553,-46.6));
#2053 = CARTESIAN_POINT('',(-106.3433434107,6.566463535744,-46.6));
#2054 = CARTESIAN_POINT('',(-106.424664709,6.682971721326,-46.6));
#2055 = CARTESIAN_POINT('',(-106.4757741393,6.753184914949,-46.6));
#2056 = CARTESIAN_POINT('',(-106.5282737684,6.822379076513,-46.6));
#2057 = CARTESIAN_POINT('',(-106.5821398469,6.890522117855,-46.6));
#2058 = CARTESIAN_POINT('',(-106.6373477621,6.957582647129,-46.6));
#2059 = CARTESIAN_POINT('',(-106.6938720384,7.02352996881,-46.6));
#2060 = CARTESIAN_POINT('',(-106.751686337,7.088334083691,-46.6));
#2061 = CARTESIAN_POINT('',(-106.8470153316,7.191012363743,-46.6));
#2062 = CARTESIAN_POINT('',(-106.8837427393,7.229617549969,-46.6));
#2063 = CARTESIAN_POINT('',(-106.9209394011,7.267774485961,-46.6));
#2064 = CARTESIAN_POINT('',(-106.9585989287,7.305476521892,-46.6));
#2065 = CARTESIAN_POINT('',(-106.9967148231,7.342717119713,-46.6));
#2066 = CARTESIAN_POINT('',(-107.0352804748,7.379489853151,-46.6));
#2067 = CARTESIAN_POINT('',(-107.0742891638,7.415788407706,-46.6));
#2068 = CARTESIAN_POINT('',(-107.1838582973,7.515283313121,-46.6));
#2069 = CARTESIAN_POINT('',(-107.255361241,7.577441870056,-46.6));
#2070 = CARTESIAN_POINT('',(-107.3282044437,7.63804734545,-46.6));
#2071 = CARTESIAN_POINT('',(-107.4023484937,7.697066072756,-46.6));
#2072 = CARTESIAN_POINT('',(-107.4777530144,7.754465624895,-46.6));
#2073 = CARTESIAN_POINT('',(-107.5543766642,7.810214814256,-46.6));
#2074 = CARTESIAN_POINT('',(-107.6321771368,7.864283692694,-46.6));
#2075 = CARTESIAN_POINT('',(-107.7949785537,7.972275896361,-46.6));
#2076 = CARTESIAN_POINT('',(-107.8801258003,8.025979037227,-46.6));
#2077 = CARTESIAN_POINT('',(-107.9665009755,8.077718537787,-46.6));
#2078 = CARTESIAN_POINT('',(-108.0540511854,8.127461713555,-46.6));
#2079 = CARTESIAN_POINT('',(-108.1427225671,8.1751776319,-46.6));
#2080 = CARTESIAN_POINT('',(-108.2324602887,8.220837112051,-46.6));
#2081 = CARTESIAN_POINT('',(-108.3232085498,8.26441272509,-46.6));
#2082 = CARTESIAN_POINT('',(-108.4490740971,8.321326943819,-46.6));
#2083 = CARTESIAN_POINT('',(-108.4833700052,8.336482311652,-46.6));
#2084 = CARTESIAN_POINT('',(-108.5177953768,8.351343573264,-46.6));
#2085 = CARTESIAN_POINT('',(-108.5523472684,8.365909440048,-46.6));
#2086 = CARTESIAN_POINT('',(-108.587022722,8.380178658981,-46.6));
#2087 = CARTESIAN_POINT('',(-108.6218187646,8.394150012626,-46.6));
#2088 = CARTESIAN_POINT('',(-108.6567324084,8.40782231913,-46.6));
#2089 = CARTESIAN_POINT('',(-109.1175582987,8.583743675586,-46.6));
#2090 = CARTESIAN_POINT('',(-109.5604807784,8.702007120173,-46.6));
#2091 = CARTESIAN_POINT('',(-110.0148705176,8.773750860176,-46.6));
#2092 = CARTESIAN_POINT('',(-110.475,8.797788679357,-46.6));
#2093 = CARTESIAN_POINT('',(-110.9351294823,8.773750860177,-46.6));
#2094 = CARTESIAN_POINT('',(-111.3895192215,8.702007120173,-46.6));
#2095 = CARTESIAN_POINT('',(-111.8324417012,8.583743675586,-46.6));
#2096 = CARTESIAN_POINT('',(-112.3541060738,8.384597086879,-46.6));
#2097 = CARTESIAN_POINT('',(-112.4491145342,8.345751154324,-46.6));
#2098 = CARTESIAN_POINT('',(-112.5432030252,8.304680198123,-46.6));
#2099 = CARTESIAN_POINT('',(-112.6363107768,8.261409733126,-46.6));
#2100 = CARTESIAN_POINT('',(-112.7283779536,8.215967225465,-46.6));
#2101 = CARTESIAN_POINT('',(-112.8193456551,8.168382092564,-46.6));
#2102 = CARTESIAN_POINT('',(-112.9091559156,8.11868570313,-46.6));
#2103 = CARTESIAN_POINT('',(-113.0522722115,8.035050240714,-46.6));
#2104 = CARTESIAN_POINT('',(-113.1063328532,8.002402163723,-46.6));
#2105 = CARTESIAN_POINT('',(-113.1599203637,7.968974899031,-46.6));
#2106 = CARTESIAN_POINT('',(-113.2130216469,7.934776459065,-46.6));
#2107 = CARTESIAN_POINT('',(-113.2656237766,7.899815115831,-46.6));
#2108 = CARTESIAN_POINT('',(-113.3177139965,7.864099400913,-46.6));
#2109 = CARTESIAN_POINT('',(-113.3692797201,7.827638105475,-46.6));
#2110 = CARTESIAN_POINT('',(-113.4569854902,7.763704342069,-46.6));
#2111 = CARTESIAN_POINT('',(-113.4933850862,7.736587906719,-46.6));
#2112 = CARTESIAN_POINT('',(-113.5295027109,7.709094333187,-46.6));
#2113 = CARTESIAN_POINT('',(-113.5653338076,7.681227045532,-46.6));
#2114 = CARTESIAN_POINT('',(-113.6008738708,7.652989532894,-46.6));
#2115 = CARTESIAN_POINT('',(-113.6361184461,7.624385349487,-46.6));
#2116 = CARTESIAN_POINT('',(-113.6710631304,7.595418114607,-46.6));
#2117 = CARTESIAN_POINT('',(-113.7478745424,7.530389563152,-46.6));
#2118 = CARTESIAN_POINT('',(-113.7895946193,7.494155010752,-46.6));
#2119 = CARTESIAN_POINT('',(-113.8308559482,7.457394504885,-46.6));
#2120 = CARTESIAN_POINT('',(-113.8716507985,7.420114828456,-46.6));
#2121 = CARTESIAN_POINT('',(-113.9119715632,7.382322897818,-46.6));
#2122 = CARTESIAN_POINT('',(-113.9518107587,7.344025762772,-46.6));
#2123 = CARTESIAN_POINT('',(-113.991161025,7.305230606564,-46.6));
#2124 = CARTESIAN_POINT('',(-114.0702568725,7.225255819002,-46.6));
#2125 = CARTESIAN_POINT('',(-114.1099663897,7.184040501955,-46.6));
#2126 = CARTESIAN_POINT('',(-114.1491356372,7.142306924486,-46.6));
#2127 = CARTESIAN_POINT('',(-114.1877567302,7.100063356496,-46.6));
#2128 = CARTESIAN_POINT('',(-114.2258219394,7.057318208055,-46.6));
#2129 = CARTESIAN_POINT('',(-114.2633236906,7.014080029398,-46.6));
#2130 = CARTESIAN_POINT('',(-114.3002545652,6.970357510924,-46.6));
#2131 = CARTESIAN_POINT('',(-114.3679458645,6.88805773439,-46.6));
#2132 = CARTESIAN_POINT('',(-114.3988547826,6.84960259817,-46.6));
#2133 = CARTESIAN_POINT('',(-114.4293294018,6.81079973074,-46.6));
#2134 = CARTESIAN_POINT('',(-114.4593651621,6.771654858125,-46.6));
#2135 = CARTESIAN_POINT('',(-114.4889575955,6.732173776173,-46.6));
#2136 = CARTESIAN_POINT('',(-114.5181023261,6.692362350556,-46.6));
#2137 = CARTESIAN_POINT('',(-114.5467950702,6.652226516769,-46.6));
#2138 = CARTESIAN_POINT('',(-114.6077860517,6.56484536658,-46.6));
#2139 = CARTESIAN_POINT('',(-114.6399266403,6.517490000701,-46.6));
#2140 = CARTESIAN_POINT('',(-114.6714468579,6.469715558544,-46.6));
#2141 = CARTESIAN_POINT('',(-114.7023403371,6.421531527935,-46.6));
#2142 = CARTESIAN_POINT('',(-114.7326008876,6.372947508476,-46.6));
#2143 = CARTESIAN_POINT('',(-114.7622224959,6.323973211545,-46.6));
#2144 = CARTESIAN_POINT('',(-114.7911993254,6.274618460298,-46.6));
#2145 = CARTESIAN_POINT('',(-114.8478521072,6.175167919031,-46.6));
#2146 = CARTESIAN_POINT('',(-114.8755280664,6.125072116836,-46.6));
#2147 = CARTESIAN_POINT('',(-114.9025479346,6.07461571822,-46.6));
#2148 = CARTESIAN_POINT('',(-114.9289062387,6.023808753461,-46.6));
#2149 = CARTESIAN_POINT('',(-114.954597692,5.972661347969,-46.6));
#2150 = CARTESIAN_POINT('',(-114.9796171943,5.921183722294,-46.6));
#2151 = CARTESIAN_POINT('',(-115.0039598315,5.869386192118,-46.6));
#2152 = CARTESIAN_POINT('',(-115.0439388382,5.781343288481,-46.6));
#2153 = CARTESIAN_POINT('',(-115.0599326203,5.745260201985,-46.6));
#2154 = CARTESIAN_POINT('',(-115.0756006723,5.709033322118,-46.6));
#2155 = CARTESIAN_POINT('',(-115.090941488,5.672666080423,-46.6));
#2156 = CARTESIAN_POINT('',(-115.1059536048,5.636161926642,-46.6));
#2157 = CARTESIAN_POINT('',(-115.1206356039,5.599524328715,-46.6));
#2158 = CARTESIAN_POINT('',(-115.13498611,5.562756772778,-46.6));
#2159 = CARTESIAN_POINT('',(-115.1693294297,5.472366451103,-46.6));
#2160 = CARTESIAN_POINT('',(-115.1889553076,5.418604261463,-46.6));
#2161 = CARTESIAN_POINT('',(-115.2078773646,5.364586882807,-46.6));
#2162 = CARTESIAN_POINT('',(-115.2260917387,5.310325068979,-46.6));
#2163 = CARTESIAN_POINT('',(-115.2435947666,5.255829639106,-46.6));
#2164 = CARTESIAN_POINT('',(-115.2603829839,5.201111477599,-46.6));
#2165 = CARTESIAN_POINT('',(-115.2764531249,5.146181534151,-46.6));
#2166 = CARTESIAN_POINT('',(-115.3071511202,5.035920113333,-46.6));
#2167 = CARTESIAN_POINT('',(-115.3217789784,4.980588622462,-46.6));
#2168 = CARTESIAN_POINT('',(-115.3356826306,4.925067366221,-46.6));
#2169 = CARTESIAN_POINT('',(-115.3488592142,4.869367406537,-46.6));
#2170 = CARTESIAN_POINT('',(-115.3613060705,4.813499852169,-46.6));
#2171 = CARTESIAN_POINT('',(-115.3730207449,4.757475858712,-46.6));
#2172 = CARTESIAN_POINT('',(-115.3840009864,4.701306628592,-46.6));
#2173 = CARTESIAN_POINT('',(-115.4044885102,4.588700193554,-46.6));
#2174 = CARTESIAN_POINT('',(-115.4139957948,4.532262974849,-46.6));
#2175 = CARTESIAN_POINT('',(-115.4227645558,4.475703004295,-46.6));
#2176 = CARTESIAN_POINT('',(-115.430792954,4.419031559224,-46.6));
#2177 = CARTESIAN_POINT('',(-115.4380793576,4.362259944958,-46.6));
#2178 = CARTESIAN_POINT('',(-115.4446223422,4.30539949481,-46.6));
#2179 = CARTESIAN_POINT('',(-115.4504206907,4.248461570088,-46.6));
#2180 = CARTESIAN_POINT('',(-115.460526096,4.134453550091,-46.6));
#2181 = CARTESIAN_POINT('',(-115.4648331541,4.077383440859,-46.6));
#2182 = CARTESIAN_POINT('',(-115.4683935583,4.020258621729,-46.6));
#2183 = CARTESIAN_POINT('',(-115.4712065082,3.963090490954,-46.6));
#2184 = CARTESIAN_POINT('',(-115.4732714128,3.905890455699,-46.6));
#2185 = CARTESIAN_POINT('',(-115.4745878898,3.848669932049,-46.6));
#2186 = CARTESIAN_POINT('',(-115.475155766,3.791440345002,-46.6));
#2187 = CARTESIAN_POINT('',(-115.4747943887,3.676985911944,-46.6));
#2188 = CARTESIAN_POINT('',(-115.4738651352,3.61976105192,-46.6));
#2189 = CARTESIAN_POINT('',(-115.472187353,3.562549982314,-46.6));
#2190 = CARTESIAN_POINT('',(-115.4697612876,3.505364126803,-46.6));
#2191 = CARTESIAN_POINT('',(-115.4665873931,3.448214898831,-46.6));
#2192 = CARTESIAN_POINT('',(-115.4626663329,3.391113701602,-46.6));
#2193 = CARTESIAN_POINT('',(-115.4579989791,3.334071928088,-46.6));
#2194 = CARTESIAN_POINT('',(-115.4471738468,3.220129993963,-46.6));
#2195 = CARTESIAN_POINT('',(-115.4410160671,3.163229819401,-46.6));
#2196 = CARTESIAN_POINT('',(-115.4341141553,3.106411820035,-46.6));
#2197 = CARTESIAN_POINT('',(-115.4264694002,3.04968734926,-46.6));
#2198 = CARTESIAN_POINT('',(-115.418083298,2.99306773117,-46.6));
#2199 = CARTESIAN_POINT('',(-115.4089575516,2.936564260556,-46.6));
#2200 = CARTESIAN_POINT('',(-115.3990940714,2.880188202911,-46.6));
#2201 = CARTESIAN_POINT('',(-115.3778958784,2.767713385939,-46.6));
#2202 = CARTESIAN_POINT('',(-115.366561163,2.711614612843,-46.6));
#2203 = CARTESIAN_POINT('',(-115.3544929465,2.655665711248,-46.6));
#2204 = CARTESIAN_POINT('',(-115.3416935505,2.599877869146,-46.6));
#2205 = CARTESIAN_POINT('',(-115.3281655001,2.544262226407,-46.6));
#2206 = CARTESIAN_POINT('',(-115.3139115241,2.488829874782,-46.6));
#2207 = CARTESIAN_POINT('',(-115.2989345549,2.433591857898,-46.6));
#2208 = CARTESIAN_POINT('',(-115.2697059811,2.331117199069,-46.6));
#2209 = CARTESIAN_POINT('',(-115.2556392604,2.283827812473,-46.6));
#2210 = CARTESIAN_POINT('',(-115.241039575,2.236698054141,-46.6));
#2211 = CARTESIAN_POINT('',(-115.2259090435,2.189734930682,-46.6));
#2212 = CARTESIAN_POINT('',(-115.2102498944,2.14294541265,-46.6));
#2213 = CARTESIAN_POINT('',(-115.1940644659,2.096336434548,-46.6));
#2214 = CARTESIAN_POINT('',(-115.177355206,2.04991489482,-46.6));
#2215 = CARTESIAN_POINT('',(-115.1401372539,1.950064059754,-46.6));
#2216 = CARTESIAN_POINT('',(-115.1194484054,1.896701904004,-46.6));
#2217 = CARTESIAN_POINT('',(-115.0980621207,1.843611902453,-46.6));
#2218 = CARTESIAN_POINT('',(-115.0759825859,1.790804686971,-46.6));
#2219 = CARTESIAN_POINT('',(-115.0532141797,1.738290807454,-46.6));
#2220 = CARTESIAN_POINT('',(-115.0297614732,1.686080731828,-46.6));
#2221 = CARTESIAN_POINT('',(-115.0056292301,1.634184846045,-46.6));
#2222 = CARTESIAN_POINT('',(-114.9560155832,1.531042062124,-46.6));
#2223 = CARTESIAN_POINT('',(-114.9305341732,1.479795151359,-46.6));
#2224 = CARTESIAN_POINT('',(-114.9043831333,1.428883025585,-46.6));
#2225 = CARTESIAN_POINT('',(-114.8775676042,1.378315889369,-46.6));
#2226 = CARTESIAN_POINT('',(-114.850092911,1.328103848045,-46.6));
#2227 = CARTESIAN_POINT('',(-114.8219645627,1.278256907718,-46.6));
#2228 = CARTESIAN_POINT('',(-114.7931882527,1.22878497526,-46.6));
#2229 = CARTESIAN_POINT('',(-114.7373947462,1.135688718282,-46.6));
#2230 = CARTESIAN_POINT('',(-114.7105035185,1.091988886553,-46.6));
#2231 = CARTESIAN_POINT('',(-114.6831004106,1.048605429647,-46.6));
#2232 = CARTESIAN_POINT('',(-114.6551897707,1.005545339893,-46.6));
#2233 = CARTESIAN_POINT('',(-114.6267760598,0.962815535429,-46.6));
#2234 = CARTESIAN_POINT('',(-114.5978638523,0.920422860203,-46.6));
#2235 = CARTESIAN_POINT('',(-114.5684578352,0.878374083973,-46.6));
#2236 = CARTESIAN_POINT('',(-114.509817591,0.796581496687,-46.6));
#2237 = CARTESIAN_POINT('',(-114.4806202524,0.756811229685,-46.6));
#2238 = CARTESIAN_POINT('',(-114.4509750603,0.717371053203,-46.6));
#2239 = CARTESIAN_POINT('',(-114.4208863732,0.67826684816,-46.6));
#2240 = CARTESIAN_POINT('',(-114.3903586406,0.639504424496,-46.6));
#2241 = CARTESIAN_POINT('',(-114.3593964033,0.601089521172,-46.6));
#2242 = CARTESIAN_POINT('',(-114.3280042933,0.563027806165,-46.6));
#2243 = CARTESIAN_POINT('',(-114.2567336334,0.478573245249,-46.6));
#2244 = CARTESIAN_POINT('',(-114.2166265133,0.432373270986,-46.6));
#2245 = CARTESIAN_POINT('',(-114.1758746826,0.386735628592,-46.6));
#2246 = CARTESIAN_POINT('',(-114.13448735,0.341670806769,-46.6));
#2247 = CARTESIAN_POINT('',(-114.0924739242,0.297189108017,-46.6));
#2248 = CARTESIAN_POINT('',(-114.049844014,0.253300648636,-46.6));
#2249 = CARTESIAN_POINT('',(-114.0066074279,0.21001535872,-46.6));
#2250 = CARTESIAN_POINT('',(-113.9217688723,0.127423661606,-46.6));
#2251 = CARTESIAN_POINT('',(-113.8802413975,8.804070908294E-02,-46.6));
#2252 = CARTESIAN_POINT('',(-113.8381999429,4.920210026269E-02,-46.6));
#2253 = CARTESIAN_POINT('',(-113.7956528404,1.091565437253E-02,-46.6));
#2254 = CARTESIAN_POINT('',(-113.752608561,-2.681096580279E-02,-46.6));
#2255 = CARTESIAN_POINT('',(-113.7090757143,-6.397025392089E-02,-46.6));
#2256 = CARTESIAN_POINT('',(-113.6650630489,-0.100554860082,-46.6));
#2257 = CARTESIAN_POINT('',(-113.5914350264,-0.160145587704,-46.6));
#2258 = CARTESIAN_POINT('',(-113.5620884497,-0.18348381649,-46.6));
#2259 = CARTESIAN_POINT('',(-113.5325422207,-0.206570255248,-46.6));
#2260 = CARTESIAN_POINT('',(-113.502798861,-0.229402912717,-46.6));
#2261 = CARTESIAN_POINT('',(-113.4728609157,-0.251979828314,-46.6));
#2262 = CARTESIAN_POINT('',(-113.4427309529,-0.274299072134,-46.6));
#2263 = CARTESIAN_POINT('',(-113.4124115643,-0.296358744951,-46.6));
#2264 = CARTESIAN_POINT('',(-113.3497935761,-0.341102486874,-46.6));
#2265 = CARTESIAN_POINT('',(-113.317474793,-0.363758312998,-46.6));
#2266 = CARTESIAN_POINT('',(-113.2849520658,-0.386122277147,-46.6));
#2267 = CARTESIAN_POINT('',(-113.2522284708,-0.408192239241,-46.6));
#2268 = CARTESIAN_POINT('',(-113.2193071108,-0.429966098554,-46.6));
#2269 = CARTESIAN_POINT('',(-113.1861911147,-0.451441793717,-46.6));
#2270 = CARTESIAN_POINT('',(-113.1528836378,-0.47261730272,-46.6));
#2271 = CARTESIAN_POINT('',(-113.0708189881,-0.523756985122,-46.6));
#2272 = CARTESIAN_POINT('',(-113.0218542073,-0.553388022258,-46.6));
#2273 = CARTESIAN_POINT('',(-112.9725032235,-0.582377707326,-46.6));
#2274 = CARTESIAN_POINT('',(-112.9227758433,-0.610720175786,-46.6));
#2275 = CARTESIAN_POINT('',(-112.8726819755,-0.638409745552,-46.6));
#2276 = CARTESIAN_POINT('',(-112.8222316315,-0.665440916986,-46.6));
#2277 = CARTESIAN_POINT('',(-112.7714349251,-0.691808372905,-46.6));
#2278 = CARTESIAN_POINT('',(-112.2426252023,-0.95758021662,-46.6));
#2279 = CARTESIAN_POINT('',(-111.7352059905,-1.13948664927,-46.6));
#2280 = CARTESIAN_POINT('',(-111.2069186072,-1.258550372138,-46.6));
#2281 = CARTESIAN_POINT('',(-110.6668945694,-1.312286971931,-46.6));
#2282 = CARTESIAN_POINT('',(-110.1243521366,-1.299586889426,-46.6));
#2283 = CARTESIAN_POINT('',(-109.5885671131,-1.220858634995,-46.6));
#2284 = CARTESIAN_POINT('',(-109.0688328927,-1.077888194468,-46.6));
#2285 = CARTESIAN_POINT('',(-108.512294409,-0.849161707259,-46.6));
#2286 = CARTESIAN_POINT('',(-108.4506277704,-0.822705462092,-46.6));
#2287 = CARTESIAN_POINT('',(-108.3893692999,-0.795304509924,-46.6));
#2288 = CARTESIAN_POINT('',(-108.3285358764,-0.766966215116,-46.6));
#2289 = CARTESIAN_POINT('',(-108.2681442092,-0.737698299104,-46.6));
#2290 = CARTESIAN_POINT('',(-108.2082108381,-0.707508840396,-46.6));
#2291 = CARTESIAN_POINT('',(-108.1487521329,-0.676406274577,-46.6));
#2292 = CARTESIAN_POINT('',(-107.9822547982,-0.586033956961,-46.6));
#2293 = CARTESIAN_POINT('',(-107.8763572438,-0.524661257813,-46.6));
#2294 = CARTESIAN_POINT('',(-107.7721901367,-0.460334787333,-46.6));
#2295 = CARTESIAN_POINT('',(-107.6698495303,-0.393111657484,-46.6));
#2296 = CARTESIAN_POINT('',(-107.5694290265,-0.323052601721,-46.6));
#2297 = CARTESIAN_POINT('',(-107.4710197747,-0.250221974997,-46.6));
#2298 = CARTESIAN_POINT('',(-107.3747104728,-0.174687753752,-46.6));
#2299 = CARTESIAN_POINT('',(-107.2411163501,-6.374212421828E-02,-46.6));
#2300 = CARTESIAN_POINT('',(-107.2020297483,-3.049981708225E-02,-46.6));
#2301 = CARTESIAN_POINT('',(-107.1633338989,3.200121986203E-03,-46.6));
#2302 = CARTESIAN_POINT('',(-107.125035049,3.735232912828E-02,-46.6));
#2303 = CARTESIAN_POINT('',(-107.0871393555,7.1951340122E-02,-46.6));
#2304 = CARTESIAN_POINT('',(-107.0496528843,0.106991590382,-46.6));
#2305 = CARTESIAN_POINT('',(-107.0125816112,0.142467414961,-46.6));
#2306 = CARTESIAN_POINT('',(-106.92659463,0.22670755207,-46.6));
#2307 = CARTESIAN_POINT('',(-106.8780208782,0.275820943321,-46.6));
#2308 = CARTESIAN_POINT('',(-106.8302245296,0.32569914942,-46.6));
#2309 = CARTESIAN_POINT('',(-106.7832196201,0.376327798007,-46.6));
#2310 = CARTESIAN_POINT('',(-106.7370198581,0.427692217236,-46.6));
#2311 = CARTESIAN_POINT('',(-106.6916386241,0.47977743578,-46.6));
#2312 = CARTESIAN_POINT('',(-106.6470889711,0.53256818283,-46.6));
#2313 = CARTESIAN_POINT('',(-106.3324463867,0.917585314562,-46.6));
#2314 = CARTESIAN_POINT('',(-106.093860743,1.275753674308,
    -46.59999999999));
#2315 = CARTESIAN_POINT('',(-105.8908353365,1.656703650138,-46.6));
#2316 = CARTESIAN_POINT('',(-105.725842584,2.056272357802,
    -46.59999999999));
#2317 = CARTESIAN_POINT('',(-105.6007571411,2.470073508701,
    -46.59999999999));
#2318 = CARTESIAN_POINT('',(-105.5169030189,2.893524433798,-46.6));
#2319 = CARTESIAN_POINT('',(-105.475,3.32183719371,-46.6));
#2320 = CARTESIAN_POINT('',(-105.475,3.75,-46.6));
#2321 = PCURVE('',#1601,#2322);
#2322 = DEFINITIONAL_REPRESENTATION('',(#2323),#2641);
#2323 = B_SPLINE_CURVE_WITH_KNOTS('',8,(#2324,#2325,#2326,#2327,#2328,
    #2329,#2330,#2331,#2332,#2333,#2334,#2335,#2336,#2337,#2338,#2339,
    #2340,#2341,#2342,#2343,#2344,#2345,#2346,#2347,#2348,#2349,#2350,
    #2351,#2352,#2353,#2354,#2355,#2356,#2357,#2358,#2359,#2360,#2361,
    #2362,#2363,#2364,#2365,#2366,#2367,#2368,#2369,#2370,#2371,#2372,
    #2373,#2374,#2375,#2376,#2377,#2378,#2379,#2380,#2381,#2382,#2383,
    #2384,#2385,#2386,#2387,#2388,#2389,#2390,#2391,#2392,#2393,#2394,
    #2395,#2396,#2397,#2398,#2399,#2400,#2401,#2402,#2403,#2404,#2405,
    #2406,#2407,#2408,#2409,#2410,#2411,#2412,#2413,#2414,#2415,#2416,
    #2417,#2418,#2419,#2420,#2421,#2422,#2423,#2424,#2425,#2426,#2427,
    #2428,#2429,#2430,#2431,#2432,#2433,#2434,#2435,#2436,#2437,#2438,
    #2439,#2440,#2441,#2442,#2443,#2444,#2445,#2446,#2447,#2448,#2449,
    #2450,#2451,#2452,#2453,#2454,#2455,#2456,#2457,#2458,#2459,#2460,
    #2461,#2462,#2463,#2464,#2465,#2466,#2467,#2468,#2469,#2470,#2471,
    #2472,#2473,#2474,#2475,#2476,#2477,#2478,#2479,#2480,#2481,#2482,
    #2483,#2484,#2485,#2486,#2487,#2488,#2489,#2490,#2491,#2492,#2493,
    #2494,#2495,#2496,#2497,#2498,#2499,#2500,#2501,#2502,#2503,#2504,
    #2505,#2506,#2507,#2508,#2509,#2510,#2511,#2512,#2513,#2514,#2515,
    #2516,#2517,#2518,#2519,#2520,#2521,#2522,#2523,#2524,#2525,#2526,
    #2527,#2528,#2529,#2530,#2531,#2532,#2533,#2534,#2535,#2536,#2537,
    #2538,#2539,#2540,#2541,#2542,#2543,#2544,#2545,#2546,#2547,#2548,
    #2549,#2550,#2551,#2552,#2553,#2554,#2555,#2556,#2557,#2558,#2559,
    #2560,#2561,#2562,#2563,#2564,#2565,#2566,#2567,#2568,#2569,#2570,
    #2571,#2572,#2573,#2574,#2575,#2576,#2577,#2578,#2579,#2580,#2581,
    #2582,#2583,#2584,#2585,#2586,#2587,#2588,#2589,#2590,#2591,#2592,
    #2593,#2594,#2595,#2596,#2597,#2598,#2599,#2600,#2601,#2602,#2603,
    #2604,#2605,#2606,#2607,#2608,#2609,#2610,#2611,#2612,#2613,#2614,
    #2615,#2616,#2617,#2618,#2619,#2620,#2621,#2622,#2623,#2624,#2625,
    #2626,#2627,#2628,#2629,#2630,#2631,#2632,#2633,#2634,#2635,#2636,
    #2637,#2638,#2639,#2640),.UNSPECIFIED.,.F.,.F.,(9,7,7,7,7,7,7,7,7,7,
    7,7,7,7,7,7,7,7,7,7,7,7,7,7,7,7,7,7,7,7,7,7,7,7,7,7,7,7,7,7,7,7,7,7,
    7,9),(0.,1.206101704821E-02,2.663500866309E-02,4.120900027796E-02,
    5.377278640719E-02,6.834677802207E-02,8.292076963694E-02,
    9.699220990013E-02,0.11910446874,0.132673357637,0.156795819417,
    0.18242593267,0.191974410287,0.308044159372,0.33417682295,
    0.350258468519,0.36181715184,0.375888592103,0.390462583718,
    0.403026369848,0.417600361463,0.432174353077,0.442225382129,
    0.456799373744,0.471373365359,0.485947356974,0.500521348589,
    0.515095340204,0.529669331818,0.544243323433,0.556807109563,
    0.571381101178,0.585955092793,0.599021430312,0.611585216441,
    0.62716431071,0.641738302325,0.651286779942,0.661337808994,
    0.675911800609,0.812060251745,0.829146999848,0.860305160763,
    0.873371498282,0.890960797614,1.),.UNSPECIFIED.);
#2324 = CARTESIAN_POINT('',(-8.881784197001E-17,-3.));
#2325 = CARTESIAN_POINT('',(-9.472890928084E-03,-3.));
#2326 = CARTESIAN_POINT('',(-1.894521985489E-02,-3.));
#2327 = CARTESIAN_POINT('',(-2.841725082913E-02,-3.));
#2328 = CARTESIAN_POINT('',(-3.788917548685E-02,-3.));
#2329 = CARTESIAN_POINT('',(-4.736111305152E-02,-3.));
#2330 = CARTESIAN_POINT('',(-5.683311033396E-02,-3.));
#2331 = CARTESIAN_POINT('',(-6.630514173236E-02,-3.));
#2332 = CARTESIAN_POINT('',(-8.722260958845E-02,-3.));
#2333 = CARTESIAN_POINT('',(-9.866811038815E-02,-3.));
#2334 = CARTESIAN_POINT('',(-0.110113611484,-3.));
#2335 = CARTESIAN_POINT('',(-0.121559112727,-3.));
#2336 = CARTESIAN_POINT('',(-0.13300461397,-3.));
#2337 = CARTESIAN_POINT('',(-0.144450115066,-3.));
#2338 = CARTESIAN_POINT('',(-0.155895615865,-3.));
#2339 = CARTESIAN_POINT('',(-0.178786616577,-3.));
#2340 = CARTESIAN_POINT('',(-0.190232117377,-3.));
#2341 = CARTESIAN_POINT('',(-0.201677618473,-3.));
#2342 = CARTESIAN_POINT('',(-0.213123119716,-3.));
#2343 = CARTESIAN_POINT('',(-0.224568620959,-3.));
#2344 = CARTESIAN_POINT('',(-0.236014122055,-3.));
#2345 = CARTESIAN_POINT('',(-0.247459622854,-3.));
#2346 = CARTESIAN_POINT('',(-0.268771934062,-3.));
#2347 = CARTESIAN_POINT('',(-0.278638745125,-3.));
#2348 = CARTESIAN_POINT('',(-0.288505556328,-3.));
#2349 = CARTESIAN_POINT('',(-0.298372367602,-3.));
#2350 = CARTESIAN_POINT('',(-0.308239178876,-3.));
#2351 = CARTESIAN_POINT('',(-0.31810599008,-3.));
#2352 = CARTESIAN_POINT('',(-0.327972801143,-3.));
#2353 = CARTESIAN_POINT('',(-0.34928511235,-3.));
#2354 = CARTESIAN_POINT('',(-0.36073061315,-3.));
#2355 = CARTESIAN_POINT('',(-0.372176114245,-3.));
#2356 = CARTESIAN_POINT('',(-0.383621615489,-3.));
#2357 = CARTESIAN_POINT('',(-0.395067116732,-3.));
#2358 = CARTESIAN_POINT('',(-0.406512617827,-3.));
#2359 = CARTESIAN_POINT('',(-0.417958118627,-3.));
#2360 = CARTESIAN_POINT('',(-0.440849119339,-3.));
#2361 = CARTESIAN_POINT('',(-0.452294620139,-3.));
#2362 = CARTESIAN_POINT('',(-0.463740121234,-3.));
#2363 = CARTESIAN_POINT('',(-0.475185622478,-3.));
#2364 = CARTESIAN_POINT('',(-0.486631123721,-3.));
#2365 = CARTESIAN_POINT('',(-0.498076624816,-3.));
#2366 = CARTESIAN_POINT('',(-0.509522125616,-3.));
#2367 = CARTESIAN_POINT('',(-0.532018453968,-3.));
#2368 = CARTESIAN_POINT('',(-0.543069282335,-3.));
#2369 = CARTESIAN_POINT('',(-0.554120110951,-3.));
#2370 = CARTESIAN_POINT('',(-0.565170939691,-3.));
#2371 = CARTESIAN_POINT('',(-0.576221768431,-3.));
#2372 = CARTESIAN_POINT('',(-0.587272597047,-3.));
#2373 = CARTESIAN_POINT('',(-0.598323425414,-3.));
#2374 = CARTESIAN_POINT('',(-0.62673983678,-3.));
#2375 = CARTESIAN_POINT('',(-0.644105423718,-3.));
#2376 = CARTESIAN_POINT('',(-0.661471013034,-3.));
#2377 = CARTESIAN_POINT('',(-0.67883660354,-3.));
#2378 = CARTESIAN_POINT('',(-0.696202194045,-3.));
#2379 = CARTESIAN_POINT('',(-0.713567783361,-3.));
#2380 = CARTESIAN_POINT('',(-0.730933370299,-3.));
#2381 = CARTESIAN_POINT('',(-0.758955109293,-3.));
#2382 = CARTESIAN_POINT('',(-0.769611265227,-3.));
#2383 = CARTESIAN_POINT('',(-0.780267421368,-3.));
#2384 = CARTESIAN_POINT('',(-0.790923577612,-3.));
#2385 = CARTESIAN_POINT('',(-0.801579733857,-3.));
#2386 = CARTESIAN_POINT('',(-0.812235889998,-3.));
#2387 = CARTESIAN_POINT('',(-0.822892045932,-3.));
#2388 = CARTESIAN_POINT('',(-0.852492472432,-3.));
#2389 = CARTESIAN_POINT('',(-0.871436748821,-3.));
#2390 = CARTESIAN_POINT('',(-0.890381028885,-3.));
#2391 = CARTESIAN_POINT('',(-0.909325310788,-3.));
#2392 = CARTESIAN_POINT('',(-0.92826959269,-3.));
#2393 = CARTESIAN_POINT('',(-0.947213872755,-3.));
#2394 = CARTESIAN_POINT('',(-0.966158149144,-3.));
#2395 = CARTESIAN_POINT('',(-1.00523070595,-3.));
#2396 = CARTESIAN_POINT('',(-1.025358999345,-3.));
#2397 = CARTESIAN_POINT('',(-1.045487297718,-3.));
#2398 = CARTESIAN_POINT('',(-1.065615598579,-3.));
#2399 = CARTESIAN_POINT('',(-1.085743899441,-3.));
#2400 = CARTESIAN_POINT('',(-1.105872197814,-3.));
#2401 = CARTESIAN_POINT('',(-1.126000491209,-3.));
#2402 = CARTESIAN_POINT('',(-1.153627553511,-3.));
#2403 = CARTESIAN_POINT('',(-1.161126329936,-3.));
#2404 = CARTESIAN_POINT('',(-1.168625106398,-3.));
#2405 = CARTESIAN_POINT('',(-1.176123882877,-3.));
#2406 = CARTESIAN_POINT('',(-1.183622659356,-3.));
#2407 = CARTESIAN_POINT('',(-1.191121435817,-3.));
#2408 = CARTESIAN_POINT('',(-1.198620212242,-3.));
#2409 = CARTESIAN_POINT('',(-1.29727290098,-3.));
#2410 = CARTESIAN_POINT('',(-1.388467692173,-3.));
#2411 = CARTESIAN_POINT('',(-1.479640925565,-3.));
#2412 = CARTESIAN_POINT('',(-1.570796326795,-3.));
#2413 = CARTESIAN_POINT('',(-1.661951728025,-3.));
#2414 = CARTESIAN_POINT('',(-1.753124961416,-3.));
#2415 = CARTESIAN_POINT('',(-1.84431975261,-3.));
#2416 = CARTESIAN_POINT('',(-1.95599662246,-3.));
#2417 = CARTESIAN_POINT('',(-1.976519588173,-3.));
#2418 = CARTESIAN_POINT('',(-1.99704255937,-3.));
#2419 = CARTESIAN_POINT('',(-2.01756553331,-3.));
#2420 = CARTESIAN_POINT('',(-2.03808850725,-3.));
#2421 = CARTESIAN_POINT('',(-2.058611478448,-3.));
#2422 = CARTESIAN_POINT('',(-2.07913444416,-3.));
#2423 = CARTESIAN_POINT('',(-2.112286919004,-3.));
#2424 = CARTESIAN_POINT('',(-2.124916437089,-3.));
#2425 = CARTESIAN_POINT('',(-2.137545955657,-3.));
#2426 = CARTESIAN_POINT('',(-2.150175474467,-3.));
#2427 = CARTESIAN_POINT('',(-2.162804993277,-3.));
#2428 = CARTESIAN_POINT('',(-2.175434511845,-3.));
#2429 = CARTESIAN_POINT('',(-2.18806402993,-3.));
#2430 = CARTESIAN_POINT('',(-2.209771013336,-3.));
#2431 = CARTESIAN_POINT('',(-2.218848479523,-3.));
#2432 = CARTESIAN_POINT('',(-2.227925945803,-3.));
#2433 = CARTESIAN_POINT('',(-2.237003412129,-3.));
#2434 = CARTESIAN_POINT('',(-2.246080878455,-3.));
#2435 = CARTESIAN_POINT('',(-2.255158344735,-3.));
#2436 = CARTESIAN_POINT('',(-2.264235810922,-3.));
#2437 = CARTESIAN_POINT('',(-2.284364104965,-3.));
#2438 = CARTESIAN_POINT('',(-2.295414933333,-3.));
#2439 = CARTESIAN_POINT('',(-2.306465761948,-3.));
#2440 = CARTESIAN_POINT('',(-2.317516590688,-3.));
#2441 = CARTESIAN_POINT('',(-2.328567419428,-3.));
#2442 = CARTESIAN_POINT('',(-2.339618248044,-3.));
#2443 = CARTESIAN_POINT('',(-2.350669076412,-3.));
#2444 = CARTESIAN_POINT('',(-2.373165404763,-3.));
#2445 = CARTESIAN_POINT('',(-2.384610905563,-3.));
#2446 = CARTESIAN_POINT('',(-2.396056406658,-3.));
#2447 = CARTESIAN_POINT('',(-2.407501907902,-3.));
#2448 = CARTESIAN_POINT('',(-2.418947409145,-3.));
#2449 = CARTESIAN_POINT('',(-2.43039291024,-3.));
#2450 = CARTESIAN_POINT('',(-2.44183841104,-3.));
#2451 = CARTESIAN_POINT('',(-2.463150722248,-3.));
#2452 = CARTESIAN_POINT('',(-2.473017533311,-3.));
#2453 = CARTESIAN_POINT('',(-2.482884344514,-3.));
#2454 = CARTESIAN_POINT('',(-2.492751155788,-3.));
#2455 = CARTESIAN_POINT('',(-2.502617967062,-3.));
#2456 = CARTESIAN_POINT('',(-2.512484778266,-3.));
#2457 = CARTESIAN_POINT('',(-2.522351589328,-3.));
#2458 = CARTESIAN_POINT('',(-2.543663900536,-3.));
#2459 = CARTESIAN_POINT('',(-2.555109401336,-3.));
#2460 = CARTESIAN_POINT('',(-2.566554902431,-3.));
#2461 = CARTESIAN_POINT('',(-2.578000403674,-3.));
#2462 = CARTESIAN_POINT('',(-2.589445904918,-3.));
#2463 = CARTESIAN_POINT('',(-2.600891406013,-3.));
#2464 = CARTESIAN_POINT('',(-2.612336906813,-3.));
#2465 = CARTESIAN_POINT('',(-2.635227907525,-3.));
#2466 = CARTESIAN_POINT('',(-2.646673408325,-3.));
#2467 = CARTESIAN_POINT('',(-2.65811890942,-3.));
#2468 = CARTESIAN_POINT('',(-2.669564410663,-3.));
#2469 = CARTESIAN_POINT('',(-2.681009911907,-3.));
#2470 = CARTESIAN_POINT('',(-2.692455413002,-3.));
#2471 = CARTESIAN_POINT('',(-2.703900913802,-3.));
#2472 = CARTESIAN_POINT('',(-2.723239862956,-3.));
#2473 = CARTESIAN_POINT('',(-2.731133311822,-3.));
#2474 = CARTESIAN_POINT('',(-2.739026760735,-3.));
#2475 = CARTESIAN_POINT('',(-2.746920209671,-3.));
#2476 = CARTESIAN_POINT('',(-2.754813658608,-3.));
#2477 = CARTESIAN_POINT('',(-2.76270710752,-3.));
#2478 = CARTESIAN_POINT('',(-2.770600556387,-3.));
#2479 = CARTESIAN_POINT('',(-2.789939505541,-3.));
#2480 = CARTESIAN_POINT('',(-2.801385006341,-3.));
#2481 = CARTESIAN_POINT('',(-2.812830507436,-3.));
#2482 = CARTESIAN_POINT('',(-2.824276008679,-3.));
#2483 = CARTESIAN_POINT('',(-2.835721509923,-3.));
#2484 = CARTESIAN_POINT('',(-2.847167011018,-3.));
#2485 = CARTESIAN_POINT('',(-2.858612511818,-3.));
#2486 = CARTESIAN_POINT('',(-2.88150351253,-3.));
#2487 = CARTESIAN_POINT('',(-2.89294901333,-3.));
#2488 = CARTESIAN_POINT('',(-2.904394514425,-3.));
#2489 = CARTESIAN_POINT('',(-2.915840015669,-3.));
#2490 = CARTESIAN_POINT('',(-2.927285516912,-3.));
#2491 = CARTESIAN_POINT('',(-2.938731018007,-3.));
#2492 = CARTESIAN_POINT('',(-2.950176518807,-3.));
#2493 = CARTESIAN_POINT('',(-2.973067519519,-3.));
#2494 = CARTESIAN_POINT('',(-2.984513020319,-3.));
#2495 = CARTESIAN_POINT('',(-2.995958521414,-3.));
#2496 = CARTESIAN_POINT('',(-3.007404022658,-3.));
#2497 = CARTESIAN_POINT('',(-3.018849523901,-3.));
#2498 = CARTESIAN_POINT('',(-3.030295024996,-3.));
#2499 = CARTESIAN_POINT('',(-3.041740525796,-3.));
#2500 = CARTESIAN_POINT('',(-3.064631526508,-3.));
#2501 = CARTESIAN_POINT('',(-3.076077027308,-3.));
#2502 = CARTESIAN_POINT('',(-3.087522528403,-3.));
#2503 = CARTESIAN_POINT('',(-3.098968029647,-3.));
#2504 = CARTESIAN_POINT('',(-3.11041353089,-3.));
#2505 = CARTESIAN_POINT('',(-3.121859031985,-3.));
#2506 = CARTESIAN_POINT('',(-3.133304532785,-3.));
#2507 = CARTESIAN_POINT('',(-3.156195533497,-3.));
#2508 = CARTESIAN_POINT('',(-3.167641034297,-3.));
#2509 = CARTESIAN_POINT('',(-3.179086535392,-3.));
#2510 = CARTESIAN_POINT('',(-3.190532036636,-3.));
#2511 = CARTESIAN_POINT('',(-3.201977537879,-3.));
#2512 = CARTESIAN_POINT('',(-3.213423038974,-3.));
#2513 = CARTESIAN_POINT('',(-3.224868539774,-3.));
#2514 = CARTESIAN_POINT('',(-3.247759540486,-3.));
#2515 = CARTESIAN_POINT('',(-3.259205041286,-3.));
#2516 = CARTESIAN_POINT('',(-3.270650542381,-3.));
#2517 = CARTESIAN_POINT('',(-3.282096043625,-3.));
#2518 = CARTESIAN_POINT('',(-3.293541544868,-3.));
#2519 = CARTESIAN_POINT('',(-3.304987045963,-3.));
#2520 = CARTESIAN_POINT('',(-3.316432546763,-3.));
#2521 = CARTESIAN_POINT('',(-3.339323547475,-3.));
#2522 = CARTESIAN_POINT('',(-3.350769048275,-3.));
#2523 = CARTESIAN_POINT('',(-3.362214549371,-3.));
#2524 = CARTESIAN_POINT('',(-3.373660050614,-3.));
#2525 = CARTESIAN_POINT('',(-3.385105551857,-3.));
#2526 = CARTESIAN_POINT('',(-3.396551052952,-3.));
#2527 = CARTESIAN_POINT('',(-3.407996553752,-3.));
#2528 = CARTESIAN_POINT('',(-3.42930886496,-3.));
#2529 = CARTESIAN_POINT('',(-3.439175676023,-3.));
#2530 = CARTESIAN_POINT('',(-3.449042487226,-3.));
#2531 = CARTESIAN_POINT('',(-3.4589092985,-3.));
#2532 = CARTESIAN_POINT('',(-3.468776109774,-3.));
#2533 = CARTESIAN_POINT('',(-3.478642920978,-3.));
#2534 = CARTESIAN_POINT('',(-3.48850973204,-3.));
#2535 = CARTESIAN_POINT('',(-3.509822043248,-3.));
#2536 = CARTESIAN_POINT('',(-3.521267544048,-3.));
#2537 = CARTESIAN_POINT('',(-3.532713045143,-3.));
#2538 = CARTESIAN_POINT('',(-3.544158546387,-3.));
#2539 = CARTESIAN_POINT('',(-3.55560404763,-3.));
#2540 = CARTESIAN_POINT('',(-3.567049548725,-3.));
#2541 = CARTESIAN_POINT('',(-3.578495049525,-3.));
#2542 = CARTESIAN_POINT('',(-3.601386050237,-3.));
#2543 = CARTESIAN_POINT('',(-3.612831551037,-3.));
#2544 = CARTESIAN_POINT('',(-3.624277052132,-3.));
#2545 = CARTESIAN_POINT('',(-3.635722553376,-3.));
#2546 = CARTESIAN_POINT('',(-3.647168054619,-3.));
#2547 = CARTESIAN_POINT('',(-3.658613555714,-3.));
#2548 = CARTESIAN_POINT('',(-3.670059056514,-3.));
#2549 = CARTESIAN_POINT('',(-3.691766040112,-3.));
#2550 = CARTESIAN_POINT('',(-3.702027523611,-3.));
#2551 = CARTESIAN_POINT('',(-3.712289007282,-3.));
#2552 = CARTESIAN_POINT('',(-3.722550491038,-3.));
#2553 = CARTESIAN_POINT('',(-3.732811974794,-3.));
#2554 = CARTESIAN_POINT('',(-3.743073458464,-3.));
#2555 = CARTESIAN_POINT('',(-3.753334941963,-3.));
#2556 = CARTESIAN_POINT('',(-3.773463236057,-3.));
#2557 = CARTESIAN_POINT('',(-3.783330047119,-3.));
#2558 = CARTESIAN_POINT('',(-3.793196858323,-3.));
#2559 = CARTESIAN_POINT('',(-3.803063669597,-3.));
#2560 = CARTESIAN_POINT('',(-3.812930480871,-3.));
#2561 = CARTESIAN_POINT('',(-3.822797292074,-3.));
#2562 = CARTESIAN_POINT('',(-3.832664103137,-3.));
#2563 = CARTESIAN_POINT('',(-3.854765759028,-3.));
#2564 = CARTESIAN_POINT('',(-3.867000604686,-3.));
#2565 = CARTESIAN_POINT('',(-3.879235450757,-3.));
#2566 = CARTESIAN_POINT('',(-3.891470297035,-3.));
#2567 = CARTESIAN_POINT('',(-3.903705143312,-3.));
#2568 = CARTESIAN_POINT('',(-3.915939989383,-3.));
#2569 = CARTESIAN_POINT('',(-3.928174835041,-3.));
#2570 = CARTESIAN_POINT('',(-3.951855180437,-3.));
#2571 = CARTESIAN_POINT('',(-3.963300681236,-3.));
#2572 = CARTESIAN_POINT('',(-3.974746182332,-3.));
#2573 = CARTESIAN_POINT('',(-3.986191683575,-3.));
#2574 = CARTESIAN_POINT('',(-3.997637184818,-3.));
#2575 = CARTESIAN_POINT('',(-4.009082685914,-3.));
#2576 = CARTESIAN_POINT('',(-4.020528186713,-3.));
#2577 = CARTESIAN_POINT('',(-4.039472463442,-3.));
#2578 = CARTESIAN_POINT('',(-4.046971239867,-3.));
#2579 = CARTESIAN_POINT('',(-4.054470016328,-3.));
#2580 = CARTESIAN_POINT('',(-4.061968792807,-3.));
#2581 = CARTESIAN_POINT('',(-4.069467569286,-3.));
#2582 = CARTESIAN_POINT('',(-4.076966345748,-3.));
#2583 = CARTESIAN_POINT('',(-4.084465122173,-3.));
#2584 = CARTESIAN_POINT('',(-4.099857347343,-3.));
#2585 = CARTESIAN_POINT('',(-4.10775079621,-3.));
#2586 = CARTESIAN_POINT('',(-4.115644245123,-3.));
#2587 = CARTESIAN_POINT('',(-4.123537694059,-3.));
#2588 = CARTESIAN_POINT('',(-4.131431142995,-3.));
#2589 = CARTESIAN_POINT('',(-4.139324591908,-3.));
#2590 = CARTESIAN_POINT('',(-4.147218040774,-3.));
#2591 = CARTESIAN_POINT('',(-4.166556989928,-3.));
#2592 = CARTESIAN_POINT('',(-4.178002490728,-3.));
#2593 = CARTESIAN_POINT('',(-4.189447991823,-3.));
#2594 = CARTESIAN_POINT('',(-4.200893493067,-3.));
#2595 = CARTESIAN_POINT('',(-4.21233899431,-3.));
#2596 = CARTESIAN_POINT('',(-4.223784495405,-3.));
#2597 = CARTESIAN_POINT('',(-4.235229996205,-3.));
#2598 = CARTESIAN_POINT('',(-4.353597964141,-3.));
#2599 = CARTESIAN_POINT('',(-4.460611169191,-3.));
#2600 = CARTESIAN_POINT('',(-4.5675731817,-3.));
#2601 = CARTESIAN_POINT('',(-4.674500425771,-3.));
#2602 = CARTESIAN_POINT('',(-4.781427669834,-3.));
#2603 = CARTESIAN_POINT('',(-4.888389682348,-3.));
#2604 = CARTESIAN_POINT('',(-4.995402887396,-3.));
#2605 = CARTESIAN_POINT('',(-5.115744216923,-3.));
#2606 = CARTESIAN_POINT('',(-5.129163079852,-3.));
#2607 = CARTESIAN_POINT('',(-5.142581943437,-3.));
#2608 = CARTESIAN_POINT('',(-5.156000807349,-3.));
#2609 = CARTESIAN_POINT('',(-5.169419671261,-3.));
#2610 = CARTESIAN_POINT('',(-5.182838534846,-3.));
#2611 = CARTESIAN_POINT('',(-5.196257397775,-3.));
#2612 = CARTESIAN_POINT('',(-5.234145928106,-3.));
#2613 = CARTESIAN_POINT('',(-5.258615616323,-3.));
#2614 = CARTESIAN_POINT('',(-5.283085317763,-3.));
#2615 = CARTESIAN_POINT('',(-5.307555025814,-3.));
#2616 = CARTESIAN_POINT('',(-5.332024733864,-3.));
#2617 = CARTESIAN_POINT('',(-5.356494435304,-3.));
#2618 = CARTESIAN_POINT('',(-5.380964123521,-3.));
#2619 = CARTESIAN_POINT('',(-5.415695275147,-3.));
#2620 = CARTESIAN_POINT('',(-5.425956758647,-3.));
#2621 = CARTESIAN_POINT('',(-5.436218242317,-3.));
#2622 = CARTESIAN_POINT('',(-5.446479726073,-3.));
#2623 = CARTESIAN_POINT('',(-5.456741209829,-3.));
#2624 = CARTESIAN_POINT('',(-5.467002693499,-3.));
#2625 = CARTESIAN_POINT('',(-5.477264176998,-3.));
#2626 = CARTESIAN_POINT('',(-5.501339194452,-3.));
#2627 = CARTESIAN_POINT('',(-5.5151527298,-3.));
#2628 = CARTESIAN_POINT('',(-5.528966265905,-3.));
#2629 = CARTESIAN_POINT('',(-5.542779802389,-3.));
#2630 = CARTESIAN_POINT('',(-5.556593338873,-3.));
#2631 = CARTESIAN_POINT('',(-5.570406874978,-3.));
#2632 = CARTESIAN_POINT('',(-5.584220410326,-3.));
#2633 = CARTESIAN_POINT('',(-5.683666505795,-3.));
#2634 = CARTESIAN_POINT('',(-5.769329075126,-3.));
#2635 = CARTESIAN_POINT('',(-5.854976079183,-3.));
#2636 = CARTESIAN_POINT('',(-5.940609625859,-3.));
#2637 = CARTESIAN_POINT('',(-6.026243172534,-3.));
#2638 = CARTESIAN_POINT('',(-6.111890176591,-3.));
#2639 = CARTESIAN_POINT('',(-6.197552745922,-3.));
#2640 = CARTESIAN_POINT('',(-6.28318530718,-3.));
#2641 = ( GEOMETRIC_REPRESENTATION_CONTEXT(2) 
PARAMETRIC_REPRESENTATION_CONTEXT() REPRESENTATION_CONTEXT('2D SPACE',''
  ) );
#2642 = PCURVE('',#2643,#2648);
#2643 = CYLINDRICAL_SURFACE('',#2644,5.);
#2644 = AXIS2_PLACEMENT_3D('',#2645,#2646,#2647);
#2645 = CARTESIAN_POINT('',(-110.475,3.75,-48.39218452154));
#2646 = DIRECTION('',(-0.,-0.,-1.));
#2647 = DIRECTION('',(1.,0.,0.));
#2648 = DEFINITIONAL_REPRESENTATION('',(#2649),#2967);
#2649 = B_SPLINE_CURVE_WITH_KNOTS('',8,(#2650,#2651,#2652,#2653,#2654,
    #2655,#2656,#2657,#2658,#2659,#2660,#2661,#2662,#2663,#2664,#2665,
    #2666,#2667,#2668,#2669,#2670,#2671,#2672,#2673,#2674,#2675,#2676,
    #2677,#2678,#2679,#2680,#2681,#2682,#2683,#2684,#2685,#2686,#2687,
    #2688,#2689,#2690,#2691,#2692,#2693,#2694,#2695,#2696,#2697,#2698,
    #2699,#2700,#2701,#2702,#2703,#2704,#2705,#2706,#2707,#2708,#2709,
    #2710,#2711,#2712,#2713,#2714,#2715,#2716,#2717,#2718,#2719,#2720,
    #2721,#2722,#2723,#2724,#2725,#2726,#2727,#2728,#2729,#2730,#2731,
    #2732,#2733,#2734,#2735,#2736,#2737,#2738,#2739,#2740,#2741,#2742,
    #2743,#2744,#2745,#2746,#2747,#2748,#2749,#2750,#2751,#2752,#2753,
    #2754,#2755,#2756,#2757,#2758,#2759,#2760,#2761,#2762,#2763,#2764,
    #2765,#2766,#2767,#2768,#2769,#2770,#2771,#2772,#2773,#2774,#2775,
    #2776,#2777,#2778,#2779,#2780,#2781,#2782,#2783,#2784,#2785,#2786,
    #2787,#2788,#2789,#2790,#2791,#2792,#2793,#2794,#2795,#2796,#2797,
    #2798,#2799,#2800,#2801,#2802,#2803,#2804,#2805,#2806,#2807,#2808,
    #2809,#2810,#2811,#2812,#2813,#2814,#2815,#2816,#2817,#2818,#2819,
    #2820,#2821,#2822,#2823,#2824,#2825,#2826,#2827,#2828,#2829,#2830,
    #2831,#2832,#2833,#2834,#2835,#2836,#2837,#2838,#2839,#2840,#2841,
    #2842,#2843,#2844,#2845,#2846,#2847,#2848,#2849,#2850,#2851,#2852,
    #2853,#2854,#2855,#2856,#2857,#2858,#2859,#2860,#2861,#2862,#2863,
    #2864,#2865,#2866,#2867,#2868,#2869,#2870,#2871,#2872,#2873,#2874,
    #2875,#2876,#2877,#2878,#2879,#2880,#2881,#2882,#2883,#2884,#2885,
    #2886,#2887,#2888,#2889,#2890,#2891,#2892,#2893,#2894,#2895,#2896,
    #2897,#2898,#2899,#2900,#2901,#2902,#2903,#2904,#2905,#2906,#2907,
    #2908,#2909,#2910,#2911,#2912,#2913,#2914,#2915,#2916,#2917,#2918,
    #2919,#2920,#2921,#2922,#2923,#2924,#2925,#2926,#2927,#2928,#2929,
    #2930,#2931,#2932,#2933,#2934,#2935,#2936,#2937,#2938,#2939,#2940,
    #2941,#2942,#2943,#2944,#2945,#2946,#2947,#2948,#2949,#2950,#2951,
    #2952,#2953,#2954,#2955,#2956,#2957,#2958,#2959,#2960,#2961,#2962,
    #2963,#2964,#2965,#2966),.UNSPECIFIED.,.F.,.F.,(9,7,7,7,7,7,7,7,7,7,
    7,7,7,7,7,7,7,7,7,7,7,7,7,7,7,7,7,7,7,7,7,7,7,7,7,7,7,7,7,7,7,7,7,7,
    7,9),(0.,1.206101704821E-02,2.663500866309E-02,4.120900027796E-02,
    5.377278640719E-02,6.834677802207E-02,8.292076963694E-02,
    9.699220990013E-02,0.11910446874,0.132673357637,0.156795819417,
    0.18242593267,0.191974410287,0.308044159372,0.33417682295,
    0.350258468519,0.36181715184,0.375888592103,0.390462583718,
    0.403026369848,0.417600361463,0.432174353077,0.442225382129,
    0.456799373744,0.471373365359,0.485947356974,0.500521348589,
    0.515095340204,0.529669331818,0.544243323433,0.556807109563,
    0.571381101178,0.585955092793,0.599021430312,0.611585216441,
    0.62716431071,0.641738302325,0.651286779942,0.661337808994,
    0.675911800609,0.812060251745,0.829146999848,0.860305160763,
    0.873371498282,0.890960797614,1.),.UNSPECIFIED.);
#2650 = CARTESIAN_POINT('',(0.,-1.79218452154));
#2651 = CARTESIAN_POINT('',(-9.472890928084E-03,-1.79218452154));
#2652 = CARTESIAN_POINT('',(-1.894521985489E-02,-1.79218452154));
#2653 = CARTESIAN_POINT('',(-2.841725082913E-02,-1.79218452154));
#2654 = CARTESIAN_POINT('',(-3.788917548685E-02,-1.79218452154));
#2655 = CARTESIAN_POINT('',(-4.736111305152E-02,-1.79218452154));
#2656 = CARTESIAN_POINT('',(-5.683311033396E-02,-1.79218452154));
#2657 = CARTESIAN_POINT('',(-6.630514173236E-02,-1.79218452154));
#2658 = CARTESIAN_POINT('',(-8.722260958845E-02,-1.79218452154));
#2659 = CARTESIAN_POINT('',(-9.866811038815E-02,-1.79218452154));
#2660 = CARTESIAN_POINT('',(-0.110113611484,-1.79218452154));
#2661 = CARTESIAN_POINT('',(-0.121559112727,-1.79218452154));
#2662 = CARTESIAN_POINT('',(-0.13300461397,-1.79218452154));
#2663 = CARTESIAN_POINT('',(-0.144450115066,-1.79218452154));
#2664 = CARTESIAN_POINT('',(-0.155895615865,-1.79218452154));
#2665 = CARTESIAN_POINT('',(-0.178786616577,-1.79218452154));
#2666 = CARTESIAN_POINT('',(-0.190232117377,-1.79218452154));
#2667 = CARTESIAN_POINT('',(-0.201677618473,-1.79218452154));
#2668 = CARTESIAN_POINT('',(-0.213123119716,-1.79218452154));
#2669 = CARTESIAN_POINT('',(-0.224568620959,-1.79218452154));
#2670 = CARTESIAN_POINT('',(-0.236014122055,-1.79218452154));
#2671 = CARTESIAN_POINT('',(-0.247459622854,-1.79218452154));
#2672 = CARTESIAN_POINT('',(-0.268771934062,-1.79218452154));
#2673 = CARTESIAN_POINT('',(-0.278638745125,-1.79218452154));
#2674 = CARTESIAN_POINT('',(-0.288505556328,-1.79218452154));
#2675 = CARTESIAN_POINT('',(-0.298372367602,-1.79218452154));
#2676 = CARTESIAN_POINT('',(-0.308239178876,-1.79218452154));
#2677 = CARTESIAN_POINT('',(-0.31810599008,-1.79218452154));
#2678 = CARTESIAN_POINT('',(-0.327972801143,-1.79218452154));
#2679 = CARTESIAN_POINT('',(-0.34928511235,-1.79218452154));
#2680 = CARTESIAN_POINT('',(-0.36073061315,-1.79218452154));
#2681 = CARTESIAN_POINT('',(-0.372176114245,-1.79218452154));
#2682 = CARTESIAN_POINT('',(-0.383621615489,-1.79218452154));
#2683 = CARTESIAN_POINT('',(-0.395067116732,-1.79218452154));
#2684 = CARTESIAN_POINT('',(-0.406512617827,-1.79218452154));
#2685 = CARTESIAN_POINT('',(-0.417958118627,-1.79218452154));
#2686 = CARTESIAN_POINT('',(-0.440849119339,-1.79218452154));
#2687 = CARTESIAN_POINT('',(-0.452294620139,-1.79218452154));
#2688 = CARTESIAN_POINT('',(-0.463740121234,-1.79218452154));
#2689 = CARTESIAN_POINT('',(-0.475185622478,-1.79218452154));
#2690 = CARTESIAN_POINT('',(-0.486631123721,-1.79218452154));
#2691 = CARTESIAN_POINT('',(-0.498076624816,-1.79218452154));
#2692 = CARTESIAN_POINT('',(-0.509522125616,-1.79218452154));
#2693 = CARTESIAN_POINT('',(-0.532018453968,-1.79218452154));
#2694 = CARTESIAN_POINT('',(-0.543069282335,-1.79218452154));
#2695 = CARTESIAN_POINT('',(-0.554120110951,-1.79218452154));
#2696 = CARTESIAN_POINT('',(-0.565170939691,-1.79218452154));
#2697 = CARTESIAN_POINT('',(-0.576221768431,-1.79218452154));
#2698 = CARTESIAN_POINT('',(-0.587272597047,-1.79218452154));
#2699 = CARTESIAN_POINT('',(-0.598323425414,-1.79218452154));
#2700 = CARTESIAN_POINT('',(-0.62673983678,-1.79218452154));
#2701 = CARTESIAN_POINT('',(-0.644105423718,-1.79218452154));
#2702 = CARTESIAN_POINT('',(-0.661471013034,-1.79218452154));
#2703 = CARTESIAN_POINT('',(-0.67883660354,-1.79218452154));
#2704 = CARTESIAN_POINT('',(-0.696202194045,-1.79218452154));
#2705 = CARTESIAN_POINT('',(-0.713567783361,-1.79218452154));
#2706 = CARTESIAN_POINT('',(-0.730933370299,-1.79218452154));
#2707 = CARTESIAN_POINT('',(-0.758955109293,-1.79218452154));
#2708 = CARTESIAN_POINT('',(-0.769611265227,-1.79218452154));
#2709 = CARTESIAN_POINT('',(-0.780267421368,-1.79218452154));
#2710 = CARTESIAN_POINT('',(-0.790923577612,-1.79218452154));
#2711 = CARTESIAN_POINT('',(-0.801579733857,-1.79218452154));
#2712 = CARTESIAN_POINT('',(-0.812235889998,-1.79218452154));
#2713 = CARTESIAN_POINT('',(-0.822892045932,-1.79218452154));
#2714 = CARTESIAN_POINT('',(-0.852492472432,-1.79218452154));
#2715 = CARTESIAN_POINT('',(-0.871436748821,-1.79218452154));
#2716 = CARTESIAN_POINT('',(-0.890381028885,-1.79218452154));
#2717 = CARTESIAN_POINT('',(-0.909325310788,-1.79218452154));
#2718 = CARTESIAN_POINT('',(-0.92826959269,-1.79218452154));
#2719 = CARTESIAN_POINT('',(-0.947213872755,-1.79218452154));
#2720 = CARTESIAN_POINT('',(-0.966158149144,-1.79218452154));
#2721 = CARTESIAN_POINT('',(-1.00523070595,-1.79218452154));
#2722 = CARTESIAN_POINT('',(-1.025358999345,-1.79218452154));
#2723 = CARTESIAN_POINT('',(-1.045487297718,-1.79218452154));
#2724 = CARTESIAN_POINT('',(-1.065615598579,-1.79218452154));
#2725 = CARTESIAN_POINT('',(-1.085743899441,-1.79218452154));
#2726 = CARTESIAN_POINT('',(-1.105872197814,-1.79218452154));
#2727 = CARTESIAN_POINT('',(-1.126000491209,-1.79218452154));
#2728 = CARTESIAN_POINT('',(-1.153627553511,-1.79218452154));
#2729 = CARTESIAN_POINT('',(-1.161126329936,-1.79218452154));
#2730 = CARTESIAN_POINT('',(-1.168625106398,-1.79218452154));
#2731 = CARTESIAN_POINT('',(-1.176123882877,-1.79218452154));
#2732 = CARTESIAN_POINT('',(-1.183622659356,-1.79218452154));
#2733 = CARTESIAN_POINT('',(-1.191121435817,-1.79218452154));
#2734 = CARTESIAN_POINT('',(-1.198620212242,-1.79218452154));
#2735 = CARTESIAN_POINT('',(-1.29727290098,-1.79218452154));
#2736 = CARTESIAN_POINT('',(-1.388467692173,-1.79218452154));
#2737 = CARTESIAN_POINT('',(-1.479640925565,-1.79218452154));
#2738 = CARTESIAN_POINT('',(-1.570796326795,-1.79218452154));
#2739 = CARTESIAN_POINT('',(-1.661951728025,-1.79218452154));
#2740 = CARTESIAN_POINT('',(-1.753124961416,-1.79218452154));
#2741 = CARTESIAN_POINT('',(-1.84431975261,-1.79218452154));
#2742 = CARTESIAN_POINT('',(-1.95599662246,-1.79218452154));
#2743 = CARTESIAN_POINT('',(-1.976519588173,-1.79218452154));
#2744 = CARTESIAN_POINT('',(-1.99704255937,-1.79218452154));
#2745 = CARTESIAN_POINT('',(-2.01756553331,-1.79218452154));
#2746 = CARTESIAN_POINT('',(-2.03808850725,-1.79218452154));
#2747 = CARTESIAN_POINT('',(-2.058611478448,-1.79218452154));
#2748 = CARTESIAN_POINT('',(-2.07913444416,-1.79218452154));
#2749 = CARTESIAN_POINT('',(-2.112286919004,-1.79218452154));
#2750 = CARTESIAN_POINT('',(-2.124916437089,-1.79218452154));
#2751 = CARTESIAN_POINT('',(-2.137545955657,-1.79218452154));
#2752 = CARTESIAN_POINT('',(-2.150175474467,-1.79218452154));
#2753 = CARTESIAN_POINT('',(-2.162804993277,-1.79218452154));
#2754 = CARTESIAN_POINT('',(-2.175434511845,-1.79218452154));
#2755 = CARTESIAN_POINT('',(-2.18806402993,-1.79218452154));
#2756 = CARTESIAN_POINT('',(-2.209771013336,-1.79218452154));
#2757 = CARTESIAN_POINT('',(-2.218848479523,-1.79218452154));
#2758 = CARTESIAN_POINT('',(-2.227925945803,-1.79218452154));
#2759 = CARTESIAN_POINT('',(-2.237003412129,-1.79218452154));
#2760 = CARTESIAN_POINT('',(-2.246080878455,-1.79218452154));
#2761 = CARTESIAN_POINT('',(-2.255158344735,-1.79218452154));
#2762 = CARTESIAN_POINT('',(-2.264235810922,-1.79218452154));
#2763 = CARTESIAN_POINT('',(-2.284364104965,-1.79218452154));
#2764 = CARTESIAN_POINT('',(-2.295414933333,-1.79218452154));
#2765 = CARTESIAN_POINT('',(-2.306465761948,-1.79218452154));
#2766 = CARTESIAN_POINT('',(-2.317516590688,-1.79218452154));
#2767 = CARTESIAN_POINT('',(-2.328567419428,-1.79218452154));
#2768 = CARTESIAN_POINT('',(-2.339618248044,-1.79218452154));
#2769 = CARTESIAN_POINT('',(-2.350669076412,-1.79218452154));
#2770 = CARTESIAN_POINT('',(-2.373165404763,-1.79218452154));
#2771 = CARTESIAN_POINT('',(-2.384610905563,-1.79218452154));
#2772 = CARTESIAN_POINT('',(-2.396056406658,-1.79218452154));
#2773 = CARTESIAN_POINT('',(-2.407501907902,-1.79218452154));
#2774 = CARTESIAN_POINT('',(-2.418947409145,-1.79218452154));
#2775 = CARTESIAN_POINT('',(-2.43039291024,-1.79218452154));
#2776 = CARTESIAN_POINT('',(-2.44183841104,-1.79218452154));
#2777 = CARTESIAN_POINT('',(-2.463150722248,-1.79218452154));
#2778 = CARTESIAN_POINT('',(-2.473017533311,-1.79218452154));
#2779 = CARTESIAN_POINT('',(-2.482884344514,-1.79218452154));
#2780 = CARTESIAN_POINT('',(-2.492751155788,-1.79218452154));
#2781 = CARTESIAN_POINT('',(-2.502617967062,-1.79218452154));
#2782 = CARTESIAN_POINT('',(-2.512484778266,-1.79218452154));
#2783 = CARTESIAN_POINT('',(-2.522351589328,-1.79218452154));
#2784 = CARTESIAN_POINT('',(-2.543663900536,-1.79218452154));
#2785 = CARTESIAN_POINT('',(-2.555109401336,-1.79218452154));
#2786 = CARTESIAN_POINT('',(-2.566554902431,-1.79218452154));
#2787 = CARTESIAN_POINT('',(-2.578000403674,-1.79218452154));
#2788 = CARTESIAN_POINT('',(-2.589445904918,-1.79218452154));
#2789 = CARTESIAN_POINT('',(-2.600891406013,-1.79218452154));
#2790 = CARTESIAN_POINT('',(-2.612336906813,-1.79218452154));
#2791 = CARTESIAN_POINT('',(-2.635227907525,-1.79218452154));
#2792 = CARTESIAN_POINT('',(-2.646673408325,-1.79218452154));
#2793 = CARTESIAN_POINT('',(-2.65811890942,-1.79218452154));
#2794 = CARTESIAN_POINT('',(-2.669564410663,-1.79218452154));
#2795 = CARTESIAN_POINT('',(-2.681009911907,-1.79218452154));
#2796 = CARTESIAN_POINT('',(-2.692455413002,-1.79218452154));
#2797 = CARTESIAN_POINT('',(-2.703900913802,-1.79218452154));
#2798 = CARTESIAN_POINT('',(-2.723239862956,-1.79218452154));
#2799 = CARTESIAN_POINT('',(-2.731133311822,-1.79218452154));
#2800 = CARTESIAN_POINT('',(-2.739026760735,-1.79218452154));
#2801 = CARTESIAN_POINT('',(-2.746920209671,-1.79218452154));
#2802 = CARTESIAN_POINT('',(-2.754813658608,-1.79218452154));
#2803 = CARTESIAN_POINT('',(-2.76270710752,-1.79218452154));
#2804 = CARTESIAN_POINT('',(-2.770600556387,-1.79218452154));
#2805 = CARTESIAN_POINT('',(-2.789939505541,-1.79218452154));
#2806 = CARTESIAN_POINT('',(-2.801385006341,-1.79218452154));
#2807 = CARTESIAN_POINT('',(-2.812830507436,-1.79218452154));
#2808 = CARTESIAN_POINT('',(-2.824276008679,-1.79218452154));
#2809 = CARTESIAN_POINT('',(-2.835721509923,-1.79218452154));
#2810 = CARTESIAN_POINT('',(-2.847167011018,-1.79218452154));
#2811 = CARTESIAN_POINT('',(-2.858612511818,-1.79218452154));
#2812 = CARTESIAN_POINT('',(-2.88150351253,-1.79218452154));
#2813 = CARTESIAN_POINT('',(-2.89294901333,-1.79218452154));
#2814 = CARTESIAN_POINT('',(-2.904394514425,-1.79218452154));
#2815 = CARTESIAN_POINT('',(-2.915840015669,-1.79218452154));
#2816 = CARTESIAN_POINT('',(-2.927285516912,-1.79218452154));
#2817 = CARTESIAN_POINT('',(-2.938731018007,-1.79218452154));
#2818 = CARTESIAN_POINT('',(-2.950176518807,-1.79218452154));
#2819 = CARTESIAN_POINT('',(-2.973067519519,-1.79218452154));
#2820 = CARTESIAN_POINT('',(-2.984513020319,-1.79218452154));
#2821 = CARTESIAN_POINT('',(-2.995958521414,-1.79218452154));
#2822 = CARTESIAN_POINT('',(-3.007404022658,-1.79218452154));
#2823 = CARTESIAN_POINT('',(-3.018849523901,-1.79218452154));
#2824 = CARTESIAN_POINT('',(-3.030295024996,-1.79218452154));
#2825 = CARTESIAN_POINT('',(-3.041740525796,-1.79218452154));
#2826 = CARTESIAN_POINT('',(-3.064631526508,-1.79218452154));
#2827 = CARTESIAN_POINT('',(-3.076077027308,-1.79218452154));
#2828 = CARTESIAN_POINT('',(-3.087522528403,-1.79218452154));
#2829 = CARTESIAN_POINT('',(-3.098968029647,-1.79218452154));
#2830 = CARTESIAN_POINT('',(-3.11041353089,-1.79218452154));
#2831 = CARTESIAN_POINT('',(-3.121859031985,-1.79218452154));
#2832 = CARTESIAN_POINT('',(-3.133304532785,-1.79218452154));
#2833 = CARTESIAN_POINT('',(-3.156195533497,-1.79218452154));
#2834 = CARTESIAN_POINT('',(-3.167641034297,-1.79218452154));
#2835 = CARTESIAN_POINT('',(-3.179086535392,-1.79218452154));
#2836 = CARTESIAN_POINT('',(-3.190532036636,-1.79218452154));
#2837 = CARTESIAN_POINT('',(-3.201977537879,-1.79218452154));
#2838 = CARTESIAN_POINT('',(-3.213423038974,-1.79218452154));
#2839 = CARTESIAN_POINT('',(-3.224868539774,-1.79218452154));
#2840 = CARTESIAN_POINT('',(-3.247759540486,-1.79218452154));
#2841 = CARTESIAN_POINT('',(-3.259205041286,-1.79218452154));
#2842 = CARTESIAN_POINT('',(-3.270650542381,-1.79218452154));
#2843 = CARTESIAN_POINT('',(-3.282096043625,-1.79218452154));
#2844 = CARTESIAN_POINT('',(-3.293541544868,-1.79218452154));
#2845 = CARTESIAN_POINT('',(-3.304987045963,-1.79218452154));
#2846 = CARTESIAN_POINT('',(-3.316432546763,-1.79218452154));
#2847 = CARTESIAN_POINT('',(-3.339323547475,-1.79218452154));
#2848 = CARTESIAN_POINT('',(-3.350769048275,-1.79218452154));
#2849 = CARTESIAN_POINT('',(-3.362214549371,-1.79218452154));
#2850 = CARTESIAN_POINT('',(-3.373660050614,-1.79218452154));
#2851 = CARTESIAN_POINT('',(-3.385105551857,-1.79218452154));
#2852 = CARTESIAN_POINT('',(-3.396551052952,-1.79218452154));
#2853 = CARTESIAN_POINT('',(-3.407996553752,-1.79218452154));
#2854 = CARTESIAN_POINT('',(-3.42930886496,-1.79218452154));
#2855 = CARTESIAN_POINT('',(-3.439175676023,-1.79218452154));
#2856 = CARTESIAN_POINT('',(-3.449042487226,-1.79218452154));
#2857 = CARTESIAN_POINT('',(-3.4589092985,-1.79218452154));
#2858 = CARTESIAN_POINT('',(-3.468776109774,-1.79218452154));
#2859 = CARTESIAN_POINT('',(-3.478642920978,-1.79218452154));
#2860 = CARTESIAN_POINT('',(-3.48850973204,-1.79218452154));
#2861 = CARTESIAN_POINT('',(-3.509822043248,-1.79218452154));
#2862 = CARTESIAN_POINT('',(-3.521267544048,-1.79218452154));
#2863 = CARTESIAN_POINT('',(-3.532713045143,-1.79218452154));
#2864 = CARTESIAN_POINT('',(-3.544158546387,-1.79218452154));
#2865 = CARTESIAN_POINT('',(-3.55560404763,-1.79218452154));
#2866 = CARTESIAN_POINT('',(-3.567049548725,-1.79218452154));
#2867 = CARTESIAN_POINT('',(-3.578495049525,-1.79218452154));
#2868 = CARTESIAN_POINT('',(-3.601386050237,-1.79218452154));
#2869 = CARTESIAN_POINT('',(-3.612831551037,-1.79218452154));
#2870 = CARTESIAN_POINT('',(-3.624277052132,-1.79218452154));
#2871 = CARTESIAN_POINT('',(-3.635722553376,-1.79218452154));
#2872 = CARTESIAN_POINT('',(-3.647168054619,-1.79218452154));
#2873 = CARTESIAN_POINT('',(-3.658613555714,-1.79218452154));
#2874 = CARTESIAN_POINT('',(-3.670059056514,-1.79218452154));
#2875 = CARTESIAN_POINT('',(-3.691766040112,-1.79218452154));
#2876 = CARTESIAN_POINT('',(-3.702027523611,-1.79218452154));
#2877 = CARTESIAN_POINT('',(-3.712289007282,-1.79218452154));
#2878 = CARTESIAN_POINT('',(-3.722550491038,-1.79218452154));
#2879 = CARTESIAN_POINT('',(-3.732811974794,-1.79218452154));
#2880 = CARTESIAN_POINT('',(-3.743073458464,-1.79218452154));
#2881 = CARTESIAN_POINT('',(-3.753334941963,-1.79218452154));
#2882 = CARTESIAN_POINT('',(-3.773463236057,-1.79218452154));
#2883 = CARTESIAN_POINT('',(-3.783330047119,-1.79218452154));
#2884 = CARTESIAN_POINT('',(-3.793196858323,-1.79218452154));
#2885 = CARTESIAN_POINT('',(-3.803063669597,-1.79218452154));
#2886 = CARTESIAN_POINT('',(-3.812930480871,-1.79218452154));
#2887 = CARTESIAN_POINT('',(-3.822797292074,-1.79218452154));
#2888 = CARTESIAN_POINT('',(-3.832664103137,-1.79218452154));
#2889 = CARTESIAN_POINT('',(-3.854765759028,-1.79218452154));
#2890 = CARTESIAN_POINT('',(-3.867000604686,-1.79218452154));
#2891 = CARTESIAN_POINT('',(-3.879235450757,-1.79218452154));
#2892 = CARTESIAN_POINT('',(-3.891470297035,-1.79218452154));
#2893 = CARTESIAN_POINT('',(-3.903705143312,-1.79218452154));
#2894 = CARTESIAN_POINT('',(-3.915939989383,-1.79218452154));
#2895 = CARTESIAN_POINT('',(-3.928174835041,-1.79218452154));
#2896 = CARTESIAN_POINT('',(-3.951855180437,-1.79218452154));
#2897 = CARTESIAN_POINT('',(-3.963300681236,-1.79218452154));
#2898 = CARTESIAN_POINT('',(-3.974746182332,-1.79218452154));
#2899 = CARTESIAN_POINT('',(-3.986191683575,-1.79218452154));
#2900 = CARTESIAN_POINT('',(-3.997637184818,-1.79218452154));
#2901 = CARTESIAN_POINT('',(-4.009082685914,-1.79218452154));
#2902 = CARTESIAN_POINT('',(-4.020528186713,-1.79218452154));
#2903 = CARTESIAN_POINT('',(-4.039472463442,-1.79218452154));
#2904 = CARTESIAN_POINT('',(-4.046971239867,-1.79218452154));
#2905 = CARTESIAN_POINT('',(-4.054470016328,-1.79218452154));
#2906 = CARTESIAN_POINT('',(-4.061968792807,-1.79218452154));
#2907 = CARTESIAN_POINT('',(-4.069467569286,-1.79218452154));
#2908 = CARTESIAN_POINT('',(-4.076966345748,-1.79218452154));
#2909 = CARTESIAN_POINT('',(-4.084465122173,-1.79218452154));
#2910 = CARTESIAN_POINT('',(-4.099857347343,-1.79218452154));
#2911 = CARTESIAN_POINT('',(-4.10775079621,-1.79218452154));
#2912 = CARTESIAN_POINT('',(-4.115644245123,-1.79218452154));
#2913 = CARTESIAN_POINT('',(-4.123537694059,-1.79218452154));
#2914 = CARTESIAN_POINT('',(-4.131431142995,-1.79218452154));
#2915 = CARTESIAN_POINT('',(-4.139324591908,-1.79218452154));
#2916 = CARTESIAN_POINT('',(-4.147218040774,-1.79218452154));
#2917 = CARTESIAN_POINT('',(-4.166556989928,-1.79218452154));
#2918 = CARTESIAN_POINT('',(-4.178002490728,-1.79218452154));
#2919 = CARTESIAN_POINT('',(-4.189447991823,-1.79218452154));
#2920 = CARTESIAN_POINT('',(-4.200893493067,-1.79218452154));
#2921 = CARTESIAN_POINT('',(-4.21233899431,-1.79218452154));
#2922 = CARTESIAN_POINT('',(-4.223784495405,-1.79218452154));
#2923 = CARTESIAN_POINT('',(-4.235229996205,-1.79218452154));
#2924 = CARTESIAN_POINT('',(-4.353597964141,-1.79218452154));
#2925 = CARTESIAN_POINT('',(-4.460611169191,-1.79218452154));
#2926 = CARTESIAN_POINT('',(-4.567573181699,-1.79218452154));
#2927 = CARTESIAN_POINT('',(-4.674500425773,-1.79218452154));
#2928 = CARTESIAN_POINT('',(-4.781427669832,-1.79218452154));
#2929 = CARTESIAN_POINT('',(-4.888389682348,-1.79218452154));
#2930 = CARTESIAN_POINT('',(-4.995402887396,-1.79218452154));
#2931 = CARTESIAN_POINT('',(-5.115744216923,-1.79218452154));
#2932 = CARTESIAN_POINT('',(-5.129163079852,-1.79218452154));
#2933 = CARTESIAN_POINT('',(-5.142581943437,-1.79218452154));
#2934 = CARTESIAN_POINT('',(-5.156000807349,-1.79218452154));
#2935 = CARTESIAN_POINT('',(-5.169419671261,-1.79218452154));
#2936 = CARTESIAN_POINT('',(-5.182838534846,-1.79218452154));
#2937 = CARTESIAN_POINT('',(-5.196257397775,-1.79218452154));
#2938 = CARTESIAN_POINT('',(-5.234145928106,-1.79218452154));
#2939 = CARTESIAN_POINT('',(-5.258615616323,-1.79218452154));
#2940 = CARTESIAN_POINT('',(-5.283085317763,-1.79218452154));
#2941 = CARTESIAN_POINT('',(-5.307555025814,-1.79218452154));
#2942 = CARTESIAN_POINT('',(-5.332024733864,-1.79218452154));
#2943 = CARTESIAN_POINT('',(-5.356494435304,-1.79218452154));
#2944 = CARTESIAN_POINT('',(-5.380964123521,-1.79218452154));
#2945 = CARTESIAN_POINT('',(-5.415695275147,-1.79218452154));
#2946 = CARTESIAN_POINT('',(-5.425956758647,-1.79218452154));
#2947 = CARTESIAN_POINT('',(-5.436218242317,-1.79218452154));
#2948 = CARTESIAN_POINT('',(-5.446479726073,-1.79218452154));
#2949 = CARTESIAN_POINT('',(-5.456741209829,-1.79218452154));
#2950 = CARTESIAN_POINT('',(-5.467002693499,-1.79218452154));
#2951 = CARTESIAN_POINT('',(-5.477264176998,-1.79218452154));
#2952 = CARTESIAN_POINT('',(-5.501339194452,-1.79218452154));
#2953 = CARTESIAN_POINT('',(-5.5151527298,-1.79218452154));
#2954 = CARTESIAN_POINT('',(-5.528966265905,-1.79218452154));
#2955 = CARTESIAN_POINT('',(-5.542779802389,-1.79218452154));
#2956 = CARTESIAN_POINT('',(-5.556593338873,-1.79218452154));
#2957 = CARTESIAN_POINT('',(-5.570406874978,-1.79218452154));
#2958 = CARTESIAN_POINT('',(-5.584220410326,-1.79218452154));
#2959 = CARTESIAN_POINT('',(-5.683666505795,-1.79218452154));
#2960 = CARTESIAN_POINT('',(-5.769329075126,-1.79218452154));
#2961 = CARTESIAN_POINT('',(-5.854976079183,-1.79218452154));
#2962 = CARTESIAN_POINT('',(-5.940609625859,-1.79218452154));
#2963 = CARTESIAN_POINT('',(-6.026243172534,-1.79218452154));
#2964 = CARTESIAN_POINT('',(-6.111890176591,-1.79218452154));
#2965 = CARTESIAN_POINT('',(-6.197552745922,-1.79218452154));
#2966 = CARTESIAN_POINT('',(-6.28318530718,-1.79218452154));
#2967 = ( GEOMETRIC_REPRESENTATION_CONTEXT(2) 
PARAMETRIC_REPRESENTATION_CONTEXT() REPRESENTATION_CONTEXT('2D SPACE',''
  ) );
#2968 = ORIENTED_EDGE('',*,*,#1980,.F.);
#2969 = ADVANCED_FACE('',(#2970),#1656,.F.);
#2970 = FACE_BOUND('',#2971,.F.);
#2971 = EDGE_LOOP('',(#2972,#2973,#2994,#3021));
#2972 = ORIENTED_EDGE('',*,*,#1641,.T.);
#2973 = ORIENTED_EDGE('',*,*,#2974,.T.);
#2974 = EDGE_CURVE('',#1619,#2975,#2977,.T.);
#2975 = VERTEX_POINT('',#2976);
#2976 = CARTESIAN_POINT('',(-26.425,3.75,-46.6));
#2977 = SEAM_CURVE('',#2978,(#2982,#2988),.PCURVE_S1.);
#2978 = LINE('',#2979,#2980);
#2979 = CARTESIAN_POINT('',(-23.425,3.75,-49.6));
#2980 = VECTOR('',#2981,1.);
#2981 = DIRECTION('',(-0.707106781187,-1.278312052175E-31,0.707106781187
    ));
#2982 = PCURVE('',#1656,#2983);
#2983 = DEFINITIONAL_REPRESENTATION('',(#2984),#2987);
#2984 = B_SPLINE_CURVE_WITH_KNOTS('',1,(#2985,#2986),.UNSPECIFIED.,.F.,
  .F.,(2,2),(0.,5.091168824543),.PIECEWISE_BEZIER_KNOTS.);
#2985 = CARTESIAN_POINT('',(0.,0.));
#2986 = CARTESIAN_POINT('',(0.,-3.6));
#2987 = ( GEOMETRIC_REPRESENTATION_CONTEXT(2) 
PARAMETRIC_REPRESENTATION_CONTEXT() REPRESENTATION_CONTEXT('2D SPACE',''
  ) );
#2988 = PCURVE('',#1656,#2989);
#2989 = DEFINITIONAL_REPRESENTATION('',(#2990),#2993);
#2990 = B_SPLINE_CURVE_WITH_KNOTS('',1,(#2991,#2992),.UNSPECIFIED.,.F.,
  .F.,(2,2),(0.,5.091168824543),.PIECEWISE_BEZIER_KNOTS.);
#2991 = CARTESIAN_POINT('',(-6.28318530718,0.));
#2992 = CARTESIAN_POINT('',(-6.28318530718,-3.6));
#2993 = ( GEOMETRIC_REPRESENTATION_CONTEXT(2) 
PARAMETRIC_REPRESENTATION_CONTEXT() REPRESENTATION_CONTEXT('2D SPACE',''
  ) );
#2994 = ORIENTED_EDGE('',*,*,#2995,.T.);
#2995 = EDGE_CURVE('',#2975,#2975,#2996,.T.);
#2996 = SURFACE_CURVE('',#2997,(#3002,#3009),.PCURVE_S1.);
#2997 = CIRCLE('',#2998,5.);
#2998 = AXIS2_PLACEMENT_3D('',#2999,#3000,#3001);
#2999 = CARTESIAN_POINT('',(-31.425,3.75,-46.6));
#3000 = DIRECTION('',(0.,-0.,-1.));
#3001 = DIRECTION('',(0.,1.,-0.));
#3002 = PCURVE('',#1656,#3003);
#3003 = DEFINITIONAL_REPRESENTATION('',(#3004),#3008);
#3004 = LINE('',#3005,#3006);
#3005 = CARTESIAN_POINT('',(-7.853981633974,-3.));
#3006 = VECTOR('',#3007,1.);
#3007 = DIRECTION('',(1.,-0.));
#3008 = ( GEOMETRIC_REPRESENTATION_CONTEXT(2) 
PARAMETRIC_REPRESENTATION_CONTEXT() REPRESENTATION_CONTEXT('2D SPACE',''
  ) );
#3009 = PCURVE('',#3010,#3015);
#3010 = CYLINDRICAL_SURFACE('',#3011,5.);
#3011 = AXIS2_PLACEMENT_3D('',#3012,#3013,#3014);
#3012 = CARTESIAN_POINT('',(-31.425,3.75,-48.39218452154));
#3013 = DIRECTION('',(-0.,-0.,-1.));
#3014 = DIRECTION('',(1.,0.,0.));
#3015 = DEFINITIONAL_REPRESENTATION('',(#3016),#3020);
#3016 = LINE('',#3017,#3018);
#3017 = CARTESIAN_POINT('',(-7.853981633974,-1.79218452154));
#3018 = VECTOR('',#3019,1.);
#3019 = DIRECTION('',(1.,-0.));
#3020 = ( GEOMETRIC_REPRESENTATION_CONTEXT(2) 
PARAMETRIC_REPRESENTATION_CONTEXT() REPRESENTATION_CONTEXT('2D SPACE',''
  ) );
#3021 = ORIENTED_EDGE('',*,*,#2974,.F.);
#3022 = ADVANCED_FACE('',(#3023),#1712,.T.);
#3023 = FACE_BOUND('',#3024,.T.);
#3024 = EDGE_LOOP('',(#3025,#3026,#3027,#3028));
#3025 = ORIENTED_EDGE('',*,*,#1696,.T.);
#3026 = ORIENTED_EDGE('',*,*,#1750,.T.);
#3027 = ORIENTED_EDGE('',*,*,#1799,.T.);
#3028 = ORIENTED_EDGE('',*,*,#1848,.T.);
#3029 = ADVANCED_FACE('',(#3030),#1894,.F.);
#3030 = FACE_BOUND('',#3031,.F.);
#3031 = EDGE_LOOP('',(#3032,#3033,#3056,#3083));
#3032 = ORIENTED_EDGE('',*,*,#1877,.F.);
#3033 = ORIENTED_EDGE('',*,*,#3034,.T.);
#3034 = EDGE_CURVE('',#1878,#3035,#3037,.T.);
#3035 = VERTEX_POINT('',#3036);
#3036 = CARTESIAN_POINT('',(82.3,77.93211875,11.8));
#3037 = SEAM_CURVE('',#3038,(#3042,#3049),.PCURVE_S1.);
#3038 = LINE('',#3039,#3040);
#3039 = CARTESIAN_POINT('',(82.3,77.93211875,48.2));
#3040 = VECTOR('',#3041,1.);
#3041 = DIRECTION('',(-0.,0.,-1.));
#3042 = PCURVE('',#1894,#3043);
#3043 = DEFINITIONAL_REPRESENTATION('',(#3044),#3048);
#3044 = LINE('',#3045,#3046);
#3045 = CARTESIAN_POINT('',(6.28318530718,0.));
#3046 = VECTOR('',#3047,1.);
#3047 = DIRECTION('',(0.,-1.));
#3048 = ( GEOMETRIC_REPRESENTATION_CONTEXT(2) 
PARAMETRIC_REPRESENTATION_CONTEXT() REPRESENTATION_CONTEXT('2D SPACE',''
  ) );
#3049 = PCURVE('',#1894,#3050);
#3050 = DEFINITIONAL_REPRESENTATION('',(#3051),#3055);
#3051 = LINE('',#3052,#3053);
#3052 = CARTESIAN_POINT('',(0.,0.));
#3053 = VECTOR('',#3054,1.);
#3054 = DIRECTION('',(0.,-1.));
#3055 = ( GEOMETRIC_REPRESENTATION_CONTEXT(2) 
PARAMETRIC_REPRESENTATION_CONTEXT() REPRESENTATION_CONTEXT('2D SPACE',''
  ) );
#3056 = ORIENTED_EDGE('',*,*,#3057,.T.);
#3057 = EDGE_CURVE('',#3035,#3035,#3058,.T.);
#3058 = SURFACE_CURVE('',#3059,(#3064,#3071),.PCURVE_S1.);
#3059 = CIRCLE('',#3060,4.);
#3060 = AXIS2_PLACEMENT_3D('',#3061,#3062,#3063);
#3061 = CARTESIAN_POINT('',(78.3,77.93211875,11.8));
#3062 = DIRECTION('',(0.,0.,1.));
#3063 = DIRECTION('',(1.,0.,0.));
#3064 = PCURVE('',#1894,#3065);
#3065 = DEFINITIONAL_REPRESENTATION('',(#3066),#3070);
#3066 = LINE('',#3067,#3068);
#3067 = CARTESIAN_POINT('',(0.,-36.4));
#3068 = VECTOR('',#3069,1.);
#3069 = DIRECTION('',(1.,0.));
#3070 = ( GEOMETRIC_REPRESENTATION_CONTEXT(2) 
PARAMETRIC_REPRESENTATION_CONTEXT() REPRESENTATION_CONTEXT('2D SPACE',''
  ) );
#3071 = PCURVE('',#3072,#3077);
#3072 = PLANE('',#3073);
#3073 = AXIS2_PLACEMENT_3D('',#3074,#3075,#3076);
#3074 = CARTESIAN_POINT('',(78.3,77.93211875,11.8));
#3075 = DIRECTION('',(-5.259072701473E-31,-1.262177448354E-29,1.));
#3076 = DIRECTION('',(0.,1.,1.262177448354E-29));
#3077 = DEFINITIONAL_REPRESENTATION('',(#3078),#3082);
#3078 = CIRCLE('',#3079,4.);
#3079 = AXIS2_PLACEMENT_2D('',#3080,#3081);
#3080 = CARTESIAN_POINT('',(1.42108547152E-14,9.432999040445E-74));
#3081 = DIRECTION('',(0.,-1.));
#3082 = ( GEOMETRIC_REPRESENTATION_CONTEXT(2) 
PARAMETRIC_REPRESENTATION_CONTEXT() REPRESENTATION_CONTEXT('2D SPACE',''
  ) );
#3083 = ORIENTED_EDGE('',*,*,#3034,.F.);
#3084 = ADVANCED_FACE('',(#3085),#1929,.F.);
#3085 = FACE_BOUND('',#3086,.F.);
#3086 = EDGE_LOOP('',(#3087,#3088,#3111,#3138));
#3087 = ORIENTED_EDGE('',*,*,#1912,.F.);
#3088 = ORIENTED_EDGE('',*,*,#3089,.T.);
#3089 = EDGE_CURVE('',#1913,#3090,#3092,.T.);
#3090 = VERTEX_POINT('',#3091);
#3091 = CARTESIAN_POINT('',(82.3,93.6214125,11.8));
#3092 = SEAM_CURVE('',#3093,(#3097,#3104),.PCURVE_S1.);
#3093 = LINE('',#3094,#3095);
#3094 = CARTESIAN_POINT('',(82.3,93.6214125,48.2));
#3095 = VECTOR('',#3096,1.);
#3096 = DIRECTION('',(-0.,0.,-1.));
#3097 = PCURVE('',#1929,#3098);
#3098 = DEFINITIONAL_REPRESENTATION('',(#3099),#3103);
#3099 = LINE('',#3100,#3101);
#3100 = CARTESIAN_POINT('',(6.28318530718,0.));
#3101 = VECTOR('',#3102,1.);
#3102 = DIRECTION('',(0.,-1.));
#3103 = ( GEOMETRIC_REPRESENTATION_CONTEXT(2) 
PARAMETRIC_REPRESENTATION_CONTEXT() REPRESENTATION_CONTEXT('2D SPACE',''
  ) );
#3104 = PCURVE('',#1929,#3105);
#3105 = DEFINITIONAL_REPRESENTATION('',(#3106),#3110);
#3106 = LINE('',#3107,#3108);
#3107 = CARTESIAN_POINT('',(0.,0.));
#3108 = VECTOR('',#3109,1.);
#3109 = DIRECTION('',(0.,-1.));
#3110 = ( GEOMETRIC_REPRESENTATION_CONTEXT(2) 
PARAMETRIC_REPRESENTATION_CONTEXT() REPRESENTATION_CONTEXT('2D SPACE',''
  ) );
#3111 = ORIENTED_EDGE('',*,*,#3112,.T.);
#3112 = EDGE_CURVE('',#3090,#3090,#3113,.T.);
#3113 = SURFACE_CURVE('',#3114,(#3119,#3126),.PCURVE_S1.);
#3114 = CIRCLE('',#3115,4.);
#3115 = AXIS2_PLACEMENT_3D('',#3116,#3117,#3118);
#3116 = CARTESIAN_POINT('',(78.3,93.6214125,11.8));
#3117 = DIRECTION('',(0.,0.,1.));
#3118 = DIRECTION('',(1.,0.,0.));
#3119 = PCURVE('',#1929,#3120);
#3120 = DEFINITIONAL_REPRESENTATION('',(#3121),#3125);
#3121 = LINE('',#3122,#3123);
#3122 = CARTESIAN_POINT('',(0.,-36.4));
#3123 = VECTOR('',#3124,1.);
#3124 = DIRECTION('',(1.,0.));
#3125 = ( GEOMETRIC_REPRESENTATION_CONTEXT(2) 
PARAMETRIC_REPRESENTATION_CONTEXT() REPRESENTATION_CONTEXT('2D SPACE',''
  ) );
#3126 = PCURVE('',#3127,#3132);
#3127 = PLANE('',#3128);
#3128 = AXIS2_PLACEMENT_3D('',#3129,#3130,#3131);
#3129 = CARTESIAN_POINT('',(78.3,93.6214125,11.8));
#3130 = DIRECTION('',(-5.259072701473E-31,0.,1.));
#3131 = DIRECTION('',(1.,0.,5.259072701473E-31));
#3132 = DEFINITIONAL_REPRESENTATION('',(#3133),#3137);
#3133 = CIRCLE('',#3134,4.);
#3134 = AXIS2_PLACEMENT_2D('',#3135,#3136);
#3135 = CARTESIAN_POINT('',(0.,0.));
#3136 = DIRECTION('',(1.,0.));
#3137 = ( GEOMETRIC_REPRESENTATION_CONTEXT(2) 
PARAMETRIC_REPRESENTATION_CONTEXT() REPRESENTATION_CONTEXT('2D SPACE',''
  ) );
#3138 = ORIENTED_EDGE('',*,*,#3089,.F.);
#3139 = ADVANCED_FACE('',(#3140),#1964,.F.);
#3140 = FACE_BOUND('',#3141,.F.);
#3141 = EDGE_LOOP('',(#3142,#3143,#3166,#3193));
#3142 = ORIENTED_EDGE('',*,*,#1947,.F.);
#3143 = ORIENTED_EDGE('',*,*,#3144,.T.);
#3144 = EDGE_CURVE('',#1948,#3145,#3147,.T.);
#3145 = VERTEX_POINT('',#3146);
#3146 = CARTESIAN_POINT('',(82.3,109.31070625,11.8));
#3147 = SEAM_CURVE('',#3148,(#3152,#3159),.PCURVE_S1.);
#3148 = LINE('',#3149,#3150);
#3149 = CARTESIAN_POINT('',(82.3,109.31070625,48.2));
#3150 = VECTOR('',#3151,1.);
#3151 = DIRECTION('',(-0.,0.,-1.));
#3152 = PCURVE('',#1964,#3153);
#3153 = DEFINITIONAL_REPRESENTATION('',(#3154),#3158);
#3154 = LINE('',#3155,#3156);
#3155 = CARTESIAN_POINT('',(6.28318530718,0.));
#3156 = VECTOR('',#3157,1.);
#3157 = DIRECTION('',(0.,-1.));
#3158 = ( GEOMETRIC_REPRESENTATION_CONTEXT(2) 
PARAMETRIC_REPRESENTATION_CONTEXT() REPRESENTATION_CONTEXT('2D SPACE',''
  ) );
#3159 = PCURVE('',#1964,#3160);
#3160 = DEFINITIONAL_REPRESENTATION('',(#3161),#3165);
#3161 = LINE('',#3162,#3163);
#3162 = CARTESIAN_POINT('',(0.,0.));
#3163 = VECTOR('',#3164,1.);
#3164 = DIRECTION('',(0.,-1.));
#3165 = ( GEOMETRIC_REPRESENTATION_CONTEXT(2) 
PARAMETRIC_REPRESENTATION_CONTEXT() REPRESENTATION_CONTEXT('2D SPACE',''
  ) );
#3166 = ORIENTED_EDGE('',*,*,#3167,.T.);
#3167 = EDGE_CURVE('',#3145,#3145,#3168,.T.);
#3168 = SURFACE_CURVE('',#3169,(#3174,#3181),.PCURVE_S1.);
#3169 = CIRCLE('',#3170,4.);
#3170 = AXIS2_PLACEMENT_3D('',#3171,#3172,#3173);
#3171 = CARTESIAN_POINT('',(78.3,109.31070625,11.8));
#3172 = DIRECTION('',(0.,0.,1.));
#3173 = DIRECTION('',(1.,0.,0.));
#3174 = PCURVE('',#1964,#3175);
#3175 = DEFINITIONAL_REPRESENTATION('',(#3176),#3180);
#3176 = LINE('',#3177,#3178);
#3177 = CARTESIAN_POINT('',(0.,-36.4));
#3178 = VECTOR('',#3179,1.);
#3179 = DIRECTION('',(1.,0.));
#3180 = ( GEOMETRIC_REPRESENTATION_CONTEXT(2) 
PARAMETRIC_REPRESENTATION_CONTEXT() REPRESENTATION_CONTEXT('2D SPACE',''
  ) );
#3181 = PCURVE('',#3182,#3187);
#3182 = PLANE('',#3183);
#3183 = AXIS2_PLACEMENT_3D('',#3184,#3185,#3186);
#3184 = CARTESIAN_POINT('',(78.3,109.31070625,11.8));
#3185 = DIRECTION('',(-5.259072701473E-31,1.262177448354E-29,1.));
#3186 = DIRECTION('',(0.,1.,-1.262177448354E-29));
#3187 = DEFINITIONAL_REPRESENTATION('',(#3188),#3192);
#3188 = CIRCLE('',#3189,4.);
#3189 = AXIS2_PLACEMENT_2D('',#3190,#3191);
#3190 = CARTESIAN_POINT('',(-1.42108547152E-14,9.432999040445E-74));
#3191 = DIRECTION('',(0.,-1.));
#3192 = ( GEOMETRIC_REPRESENTATION_CONTEXT(2) 
PARAMETRIC_REPRESENTATION_CONTEXT() REPRESENTATION_CONTEXT('2D SPACE',''
  ) );
#3193 = ORIENTED_EDGE('',*,*,#3144,.F.);
#3194 = ADVANCED_FACE('',(#3195),#2643,.F.);
#3195 = FACE_BOUND('',#3196,.T.);
#3196 = EDGE_LOOP('',(#3197,#3198,#3221,#3248));
#3197 = ORIENTED_EDGE('',*,*,#2001,.F.);
#3198 = ORIENTED_EDGE('',*,*,#3199,.T.);
#3199 = EDGE_CURVE('',#1981,#3200,#3202,.T.);
#3200 = VERTEX_POINT('',#3201);
#3201 = CARTESIAN_POINT('',(-105.475,3.75,-2.39218452154));
#3202 = SEAM_CURVE('',#3203,(#3207,#3214),.PCURVE_S1.);
#3203 = LINE('',#3204,#3205);
#3204 = CARTESIAN_POINT('',(-105.475,3.75,-48.39218452154));
#3205 = VECTOR('',#3206,1.);
#3206 = DIRECTION('',(0.,0.,1.));
#3207 = PCURVE('',#2643,#3208);
#3208 = DEFINITIONAL_REPRESENTATION('',(#3209),#3213);
#3209 = LINE('',#3210,#3211);
#3210 = CARTESIAN_POINT('',(-6.28318530718,0.));
#3211 = VECTOR('',#3212,1.);
#3212 = DIRECTION('',(-0.,-1.));
#3213 = ( GEOMETRIC_REPRESENTATION_CONTEXT(2) 
PARAMETRIC_REPRESENTATION_CONTEXT() REPRESENTATION_CONTEXT('2D SPACE',''
  ) );
#3214 = PCURVE('',#2643,#3215);
#3215 = DEFINITIONAL_REPRESENTATION('',(#3216),#3220);
#3216 = LINE('',#3217,#3218);
#3217 = CARTESIAN_POINT('',(-0.,0.));
#3218 = VECTOR('',#3219,1.);
#3219 = DIRECTION('',(-0.,-1.));
#3220 = ( GEOMETRIC_REPRESENTATION_CONTEXT(2) 
PARAMETRIC_REPRESENTATION_CONTEXT() REPRESENTATION_CONTEXT('2D SPACE',''
  ) );
#3221 = ORIENTED_EDGE('',*,*,#3222,.T.);
#3222 = EDGE_CURVE('',#3200,#3200,#3223,.T.);
#3223 = SURFACE_CURVE('',#3224,(#3229,#3236),.PCURVE_S1.);
#3224 = CIRCLE('',#3225,5.);
#3225 = AXIS2_PLACEMENT_3D('',#3226,#3227,#3228);
#3226 = CARTESIAN_POINT('',(-110.475,3.75,-2.39218452154));
#3227 = DIRECTION('',(0.,0.,1.));
#3228 = DIRECTION('',(1.,0.,0.));
#3229 = PCURVE('',#2643,#3230);
#3230 = DEFINITIONAL_REPRESENTATION('',(#3231),#3235);
#3231 = LINE('',#3232,#3233);
#3232 = CARTESIAN_POINT('',(-0.,-46.));
#3233 = VECTOR('',#3234,1.);
#3234 = DIRECTION('',(-1.,0.));
#3235 = ( GEOMETRIC_REPRESENTATION_CONTEXT(2) 
PARAMETRIC_REPRESENTATION_CONTEXT() REPRESENTATION_CONTEXT('2D SPACE',''
  ) );
#3236 = PCURVE('',#3237,#3242);
#3237 = PLANE('',#3238);
#3238 = AXIS2_PLACEMENT_3D('',#3239,#3240,#3241);
#3239 = CARTESIAN_POINT('',(-110.475,3.75,-2.39218452154));
#3240 = DIRECTION('',(8.414516322357E-32,5.89016142565E-31,1.));
#3241 = DIRECTION('',(0.,1.,-5.89016142565E-31));
#3242 = DEFINITIONAL_REPRESENTATION('',(#3243),#3247);
#3243 = CIRCLE('',#3244,5.);
#3244 = AXIS2_PLACEMENT_2D('',#3245,#3246);
#3245 = CARTESIAN_POINT('',(4.440892098501E-16,2.201033109437E-77));
#3246 = DIRECTION('',(0.,-1.));
#3247 = ( GEOMETRIC_REPRESENTATION_CONTEXT(2) 
PARAMETRIC_REPRESENTATION_CONTEXT() REPRESENTATION_CONTEXT('2D SPACE',''
  ) );
#3248 = ORIENTED_EDGE('',*,*,#3199,.F.);
#3249 = ADVANCED_FACE('',(#3250),#3010,.F.);
#3250 = FACE_BOUND('',#3251,.T.);
#3251 = EDGE_LOOP('',(#3252,#3253,#3276,#3303));
#3252 = ORIENTED_EDGE('',*,*,#2995,.T.);
#3253 = ORIENTED_EDGE('',*,*,#3254,.T.);
#3254 = EDGE_CURVE('',#2975,#3255,#3257,.T.);
#3255 = VERTEX_POINT('',#3256);
#3256 = CARTESIAN_POINT('',(-26.425,3.75,-2.39218452154));
#3257 = SEAM_CURVE('',#3258,(#3262,#3269),.PCURVE_S1.);
#3258 = LINE('',#3259,#3260);
#3259 = CARTESIAN_POINT('',(-26.425,3.75,-48.39218452154));
#3260 = VECTOR('',#3261,1.);
#3261 = DIRECTION('',(0.,0.,1.));
#3262 = PCURVE('',#3010,#3263);
#3263 = DEFINITIONAL_REPRESENTATION('',(#3264),#3268);
#3264 = LINE('',#3265,#3266);
#3265 = CARTESIAN_POINT('',(-6.28318530718,0.));
#3266 = VECTOR('',#3267,1.);
#3267 = DIRECTION('',(-0.,-1.));
#3268 = ( GEOMETRIC_REPRESENTATION_CONTEXT(2) 
PARAMETRIC_REPRESENTATION_CONTEXT() REPRESENTATION_CONTEXT('2D SPACE',''
  ) );
#3269 = PCURVE('',#3010,#3270);
#3270 = DEFINITIONAL_REPRESENTATION('',(#3271),#3275);
#3271 = LINE('',#3272,#3273);
#3272 = CARTESIAN_POINT('',(-0.,0.));
#3273 = VECTOR('',#3274,1.);
#3274 = DIRECTION('',(-0.,-1.));
#3275 = ( GEOMETRIC_REPRESENTATION_CONTEXT(2) 
PARAMETRIC_REPRESENTATION_CONTEXT() REPRESENTATION_CONTEXT('2D SPACE',''
  ) );
#3276 = ORIENTED_EDGE('',*,*,#3277,.T.);
#3277 = EDGE_CURVE('',#3255,#3255,#3278,.T.);
#3278 = SURFACE_CURVE('',#3279,(#3284,#3291),.PCURVE_S1.);
#3279 = CIRCLE('',#3280,5.);
#3280 = AXIS2_PLACEMENT_3D('',#3281,#3282,#3283);
#3281 = CARTESIAN_POINT('',(-31.425,3.75,-2.39218452154));
#3282 = DIRECTION('',(0.,0.,1.));
#3283 = DIRECTION('',(1.,0.,0.));
#3284 = PCURVE('',#3010,#3285);
#3285 = DEFINITIONAL_REPRESENTATION('',(#3286),#3290);
#3286 = LINE('',#3287,#3288);
#3287 = CARTESIAN_POINT('',(-0.,-46.));
#3288 = VECTOR('',#3289,1.);
#3289 = DIRECTION('',(-1.,0.));
#3290 = ( GEOMETRIC_REPRESENTATION_CONTEXT(2) 
PARAMETRIC_REPRESENTATION_CONTEXT() REPRESENTATION_CONTEXT('2D SPACE',''
  ) );
#3291 = PCURVE('',#3292,#3297);
#3292 = PLANE('',#3293);
#3293 = AXIS2_PLACEMENT_3D('',#3294,#3295,#3296);
#3294 = CARTESIAN_POINT('',(-31.425,3.75,-2.39218452154));
#3295 = DIRECTION('',(0.,0.,1.));
#3296 = DIRECTION('',(1.,0.,-0.));
#3297 = DEFINITIONAL_REPRESENTATION('',(#3298),#3302);
#3298 = CIRCLE('',#3299,5.);
#3299 = AXIS2_PLACEMENT_2D('',#3300,#3301);
#3300 = CARTESIAN_POINT('',(-3.552713678801E-15,0.));
#3301 = DIRECTION('',(1.,0.));
#3302 = ( GEOMETRIC_REPRESENTATION_CONTEXT(2) 
PARAMETRIC_REPRESENTATION_CONTEXT() REPRESENTATION_CONTEXT('2D SPACE',''
  ) );
#3303 = ORIENTED_EDGE('',*,*,#3254,.F.);
#3304 = ADVANCED_FACE('',(#3305),#3072,.T.);
#3305 = FACE_BOUND('',#3306,.T.);
#3306 = EDGE_LOOP('',(#3307));
#3307 = ORIENTED_EDGE('',*,*,#3057,.T.);
#3308 = ADVANCED_FACE('',(#3309),#3127,.T.);
#3309 = FACE_BOUND('',#3310,.T.);
#3310 = EDGE_LOOP('',(#3311));
#3311 = ORIENTED_EDGE('',*,*,#3112,.T.);
#3312 = ADVANCED_FACE('',(#3313),#3182,.T.);
#3313 = FACE_BOUND('',#3314,.T.);
#3314 = EDGE_LOOP('',(#3315));
#3315 = ORIENTED_EDGE('',*,*,#3167,.T.);
#3316 = ADVANCED_FACE('',(#3317),#3237,.F.);
#3317 = FACE_BOUND('',#3318,.F.);
#3318 = EDGE_LOOP('',(#3319));
#3319 = ORIENTED_EDGE('',*,*,#3222,.T.);
#3320 = ADVANCED_FACE('',(#3321),#3292,.F.);
#3321 = FACE_BOUND('',#3322,.F.);
#3322 = EDGE_LOOP('',(#3323));
#3323 = ORIENTED_EDGE('',*,*,#3277,.T.);
#3324 = MANIFOLD_SOLID_BREP('PartBody',#3325);
#3325 = CLOSED_SHELL('',(#3326,#3446,#3522,#3600,#3671,#3718,#3726));
#3326 = ADVANCED_FACE('',(#3327),#3341,.F.);
#3327 = FACE_BOUND('',#3328,.F.);
#3328 = EDGE_LOOP('',(#3329,#3364,#3392,#3420));
#3329 = ORIENTED_EDGE('',*,*,#3330,.T.);
#3330 = EDGE_CURVE('',#3331,#3333,#3335,.T.);
#3331 = VERTEX_POINT('',#3332);
#3332 = CARTESIAN_POINT('',(0.,-124.9999281354,-30.00077650092));
#3333 = VERTEX_POINT('',#3334);
#3334 = CARTESIAN_POINT('',(11.,-124.9999281354,-30.00077650092));
#3335 = SURFACE_CURVE('',#3336,(#3340,#3352),.PCURVE_S1.);
#3336 = LINE('',#3337,#3338);
#3337 = CARTESIAN_POINT('',(0.,-124.9999281354,-30.00077650092));
#3338 = VECTOR('',#3339,1.);
#3339 = DIRECTION('',(1.,-0.,-0.));
#3340 = PCURVE('',#3341,#3346);
#3341 = PLANE('',#3342);
#3342 = AXIS2_PLACEMENT_3D('',#3343,#3344,#3345);
#3343 = CARTESIAN_POINT('',(0.,-124.9999281354,-30.00077650092));
#3344 = DIRECTION('',(0.,-1.,0.));
#3345 = DIRECTION('',(0.,0.,1.));
#3346 = DEFINITIONAL_REPRESENTATION('',(#3347),#3351);
#3347 = LINE('',#3348,#3349);
#3348 = CARTESIAN_POINT('',(0.,0.));
#3349 = VECTOR('',#3350,1.);
#3350 = DIRECTION('',(0.,-1.));
#3351 = ( GEOMETRIC_REPRESENTATION_CONTEXT(2) 
PARAMETRIC_REPRESENTATION_CONTEXT() REPRESENTATION_CONTEXT('2D SPACE',''
  ) );
#3352 = PCURVE('',#3353,#3358);
#3353 = PLANE('',#3354);
#3354 = AXIS2_PLACEMENT_3D('',#3355,#3356,#3357);
#3355 = CARTESIAN_POINT('',(0.,-125.,-45.5));
#3356 = DIRECTION('',(0.,-0.999999999989,4.636655529722E-06));
#3357 = DIRECTION('',(0.,4.636655529722E-06,0.999999999989));
#3358 = DEFINITIONAL_REPRESENTATION('',(#3359),#3363);
#3359 = LINE('',#3360,#3361);
#3360 = CARTESIAN_POINT('',(15.499223499239,0.));
#3361 = VECTOR('',#3362,1.);
#3362 = DIRECTION('',(0.,-1.));
#3363 = ( GEOMETRIC_REPRESENTATION_CONTEXT(2) 
PARAMETRIC_REPRESENTATION_CONTEXT() REPRESENTATION_CONTEXT('2D SPACE',''
  ) );
#3364 = ORIENTED_EDGE('',*,*,#3365,.T.);
#3365 = EDGE_CURVE('',#3333,#3366,#3368,.T.);
#3366 = VERTEX_POINT('',#3367);
#3367 = CARTESIAN_POINT('',(11.,-124.9999281354,-14.50077650092));
#3368 = SURFACE_CURVE('',#3369,(#3373,#3380),.PCURVE_S1.);
#3369 = LINE('',#3370,#3371);
#3370 = CARTESIAN_POINT('',(11.,-124.9999281354,-30.00077650092));
#3371 = VECTOR('',#3372,1.);
#3372 = DIRECTION('',(0.,0.,1.));
#3373 = PCURVE('',#3341,#3374);
#3374 = DEFINITIONAL_REPRESENTATION('',(#3375),#3379);
#3375 = LINE('',#3376,#3377);
#3376 = CARTESIAN_POINT('',(0.,-11.));
#3377 = VECTOR('',#3378,1.);
#3378 = DIRECTION('',(1.,0.));
#3379 = ( GEOMETRIC_REPRESENTATION_CONTEXT(2) 
PARAMETRIC_REPRESENTATION_CONTEXT() REPRESENTATION_CONTEXT('2D SPACE',''
  ) );
#3380 = PCURVE('',#3381,#3386);
#3381 = PLANE('',#3382);
#3382 = AXIS2_PLACEMENT_3D('',#3383,#3384,#3385);
#3383 = CARTESIAN_POINT('',(11.,-145.965418704,-29.9999977233));
#3384 = DIRECTION('',(1.,0.,0.));
#3385 = DIRECTION('',(-0.,0.,1.));
#3386 = DEFINITIONAL_REPRESENTATION('',(#3387),#3391);
#3387 = LINE('',#3388,#3389);
#3388 = CARTESIAN_POINT('',(-7.787776233386E-04,-20.9654905686));
#3389 = VECTOR('',#3390,1.);
#3390 = DIRECTION('',(1.,0.));
#3391 = ( GEOMETRIC_REPRESENTATION_CONTEXT(2) 
PARAMETRIC_REPRESENTATION_CONTEXT() REPRESENTATION_CONTEXT('2D SPACE',''
  ) );
#3392 = ORIENTED_EDGE('',*,*,#3393,.F.);
#3393 = EDGE_CURVE('',#3394,#3366,#3396,.T.);
#3394 = VERTEX_POINT('',#3395);
#3395 = CARTESIAN_POINT('',(0.,-124.9999281354,-14.50077650092));
#3396 = SURFACE_CURVE('',#3397,(#3401,#3408),.PCURVE_S1.);
#3397 = LINE('',#3398,#3399);
#3398 = CARTESIAN_POINT('',(0.,-124.9999281354,-14.50077650092));
#3399 = VECTOR('',#3400,1.);
#3400 = DIRECTION('',(1.,-0.,-0.));
#3401 = PCURVE('',#3341,#3402);
#3402 = DEFINITIONAL_REPRESENTATION('',(#3403),#3407);
#3403 = LINE('',#3404,#3405);
#3404 = CARTESIAN_POINT('',(15.5,0.));
#3405 = VECTOR('',#3406,1.);
#3406 = DIRECTION('',(0.,-1.));
#3407 = ( GEOMETRIC_REPRESENTATION_CONTEXT(2) 
PARAMETRIC_REPRESENTATION_CONTEXT() REPRESENTATION_CONTEXT('2D SPACE',''
  ) );
#3408 = PCURVE('',#3409,#3414);
#3409 = PLANE('',#3410);
#3410 = AXIS2_PLACEMENT_3D('',#3411,#3412,#3413);
#3411 = CARTESIAN_POINT('',(0.,-124.9999281354,-14.50077650092));
#3412 = DIRECTION('',(0.,9.167658038221E-02,-0.995788835351));
#3413 = DIRECTION('',(0.,-0.995788835351,-9.167658038221E-02));
#3414 = DEFINITIONAL_REPRESENTATION('',(#3415),#3419);
#3415 = LINE('',#3416,#3417);
#3416 = CARTESIAN_POINT('',(0.,0.));
#3417 = VECTOR('',#3418,1.);
#3418 = DIRECTION('',(0.,-1.));
#3419 = ( GEOMETRIC_REPRESENTATION_CONTEXT(2) 
PARAMETRIC_REPRESENTATION_CONTEXT() REPRESENTATION_CONTEXT('2D SPACE',''
  ) );
#3420 = ORIENTED_EDGE('',*,*,#3421,.F.);
#3421 = EDGE_CURVE('',#3331,#3394,#3422,.T.);
#3422 = SURFACE_CURVE('',#3423,(#3427,#3434),.PCURVE_S1.);
#3423 = LINE('',#3424,#3425);
#3424 = CARTESIAN_POINT('',(0.,-124.9999281354,-30.00077650092));
#3425 = VECTOR('',#3426,1.);
#3426 = DIRECTION('',(0.,0.,1.));
#3427 = PCURVE('',#3341,#3428);
#3428 = DEFINITIONAL_REPRESENTATION('',(#3429),#3433);
#3429 = LINE('',#3430,#3431);
#3430 = CARTESIAN_POINT('',(0.,0.));
#3431 = VECTOR('',#3432,1.);
#3432 = DIRECTION('',(1.,0.));
#3433 = ( GEOMETRIC_REPRESENTATION_CONTEXT(2) 
PARAMETRIC_REPRESENTATION_CONTEXT() REPRESENTATION_CONTEXT('2D SPACE',''
  ) );
#3434 = PCURVE('',#3435,#3440);
#3435 = PLANE('',#3436);
#3436 = AXIS2_PLACEMENT_3D('',#3437,#3438,#3439);
#3437 = CARTESIAN_POINT('',(0.,-145.965418704,-29.9999977233));
#3438 = DIRECTION('',(1.,0.,0.));
#3439 = DIRECTION('',(-0.,0.,1.));
#3440 = DEFINITIONAL_REPRESENTATION('',(#3441),#3445);
#3441 = LINE('',#3442,#3443);
#3442 = CARTESIAN_POINT('',(-7.787776233386E-04,-20.9654905686));
#3443 = VECTOR('',#3444,1.);
#3444 = DIRECTION('',(1.,0.));
#3445 = ( GEOMETRIC_REPRESENTATION_CONTEXT(2) 
PARAMETRIC_REPRESENTATION_CONTEXT() REPRESENTATION_CONTEXT('2D SPACE',''
  ) );
#3446 = ADVANCED_FACE('',(#3447),#3409,.F.);
#3447 = FACE_BOUND('',#3448,.F.);
#3448 = EDGE_LOOP('',(#3449,#3450,#3473,#3501));
#3449 = ORIENTED_EDGE('',*,*,#3393,.T.);
#3450 = ORIENTED_EDGE('',*,*,#3451,.T.);
#3451 = EDGE_CURVE('',#3366,#3452,#3454,.T.);
#3452 = VERTEX_POINT('',#3453);
#3453 = CARTESIAN_POINT('',(11.,-163.,-17.99922568929));
#3454 = SURFACE_CURVE('',#3455,(#3459,#3466),.PCURVE_S1.);
#3455 = LINE('',#3456,#3457);
#3456 = CARTESIAN_POINT('',(11.,-124.9999281354,-14.50077650092));
#3457 = VECTOR('',#3458,1.);
#3458 = DIRECTION('',(0.,-0.995788835351,-9.167658038221E-02));
#3459 = PCURVE('',#3409,#3460);
#3460 = DEFINITIONAL_REPRESENTATION('',(#3461),#3465);
#3461 = LINE('',#3462,#3463);
#3462 = CARTESIAN_POINT('',(0.,-11.));
#3463 = VECTOR('',#3464,1.);
#3464 = DIRECTION('',(1.,0.));
#3465 = ( GEOMETRIC_REPRESENTATION_CONTEXT(2) 
PARAMETRIC_REPRESENTATION_CONTEXT() REPRESENTATION_CONTEXT('2D SPACE',''
  ) );
#3466 = PCURVE('',#3381,#3467);
#3467 = DEFINITIONAL_REPRESENTATION('',(#3468),#3472);
#3468 = LINE('',#3469,#3470);
#3469 = CARTESIAN_POINT('',(15.499221222377,-20.9654905686));
#3470 = VECTOR('',#3471,1.);
#3471 = DIRECTION('',(-9.167658038221E-02,0.995788835351));
#3472 = ( GEOMETRIC_REPRESENTATION_CONTEXT(2) 
PARAMETRIC_REPRESENTATION_CONTEXT() REPRESENTATION_CONTEXT('2D SPACE',''
  ) );
#3473 = ORIENTED_EDGE('',*,*,#3474,.F.);
#3474 = EDGE_CURVE('',#3475,#3452,#3477,.T.);
#3475 = VERTEX_POINT('',#3476);
#3476 = CARTESIAN_POINT('',(0.,-163.,-17.99922568929));
#3477 = SURFACE_CURVE('',#3478,(#3482,#3489),.PCURVE_S1.);
#3478 = LINE('',#3479,#3480);
#3479 = CARTESIAN_POINT('',(0.,-163.,-17.99922568929));
#3480 = VECTOR('',#3481,1.);
#3481 = DIRECTION('',(1.,-0.,-0.));
#3482 = PCURVE('',#3409,#3483);
#3483 = DEFINITIONAL_REPRESENTATION('',(#3484),#3488);
#3484 = LINE('',#3485,#3486);
#3485 = CARTESIAN_POINT('',(38.16077316349,0.));
#3486 = VECTOR('',#3487,1.);
#3487 = DIRECTION('',(0.,-1.));
#3488 = ( GEOMETRIC_REPRESENTATION_CONTEXT(2) 
PARAMETRIC_REPRESENTATION_CONTEXT() REPRESENTATION_CONTEXT('2D SPACE',''
  ) );
#3489 = PCURVE('',#3490,#3495);
#3490 = CYLINDRICAL_SURFACE('',#3491,12.051134965986);
#3491 = AXIS2_PLACEMENT_3D('',#3492,#3493,#3494);
#3492 = CARTESIAN_POINT('',(0.,-161.8951931565,-29.99961134173));
#3493 = DIRECTION('',(-1.,-0.,-0.));
#3494 = DIRECTION('',(0.,-9.167658038221E-02,0.995788835351));
#3495 = DEFINITIONAL_REPRESENTATION('',(#3496),#3500);
#3496 = LINE('',#3497,#3498);
#3497 = CARTESIAN_POINT('',(-5.551115123126E-17,0.));
#3498 = VECTOR('',#3499,1.);
#3499 = DIRECTION('',(-0.,-1.));
#3500 = ( GEOMETRIC_REPRESENTATION_CONTEXT(2) 
PARAMETRIC_REPRESENTATION_CONTEXT() REPRESENTATION_CONTEXT('2D SPACE',''
  ) );
#3501 = ORIENTED_EDGE('',*,*,#3502,.F.);
#3502 = EDGE_CURVE('',#3394,#3475,#3503,.T.);
#3503 = SURFACE_CURVE('',#3504,(#3508,#3515),.PCURVE_S1.);
#3504 = LINE('',#3505,#3506);
#3505 = CARTESIAN_POINT('',(0.,-124.9999281354,-14.50077650092));
#3506 = VECTOR('',#3507,1.);
#3507 = DIRECTION('',(0.,-0.995788835351,-9.167658038221E-02));
#3508 = PCURVE('',#3409,#3509);
#3509 = DEFINITIONAL_REPRESENTATION('',(#3510),#3514);
#3510 = LINE('',#3511,#3512);
#3511 = CARTESIAN_POINT('',(0.,0.));
#3512 = VECTOR('',#3513,1.);
#3513 = DIRECTION('',(1.,0.));
#3514 = ( GEOMETRIC_REPRESENTATION_CONTEXT(2) 
PARAMETRIC_REPRESENTATION_CONTEXT() REPRESENTATION_CONTEXT('2D SPACE',''
  ) );
#3515 = PCURVE('',#3435,#3516);
#3516 = DEFINITIONAL_REPRESENTATION('',(#3517),#3521);
#3517 = LINE('',#3518,#3519);
#3518 = CARTESIAN_POINT('',(15.499221222377,-20.9654905686));
#3519 = VECTOR('',#3520,1.);
#3520 = DIRECTION('',(-9.167658038221E-02,0.995788835351));
#3521 = ( GEOMETRIC_REPRESENTATION_CONTEXT(2) 
PARAMETRIC_REPRESENTATION_CONTEXT() REPRESENTATION_CONTEXT('2D SPACE',''
  ) );
#3522 = ADVANCED_FACE('',(#3523),#3490,.T.);
#3523 = FACE_BOUND('',#3524,.F.);
#3524 = EDGE_LOOP('',(#3525,#3526,#3550,#3578));
#3525 = ORIENTED_EDGE('',*,*,#3474,.T.);
#3526 = ORIENTED_EDGE('',*,*,#3527,.T.);
#3527 = EDGE_CURVE('',#3452,#3528,#3530,.T.);
#3528 = VERTEX_POINT('',#3529);
#3529 = CARTESIAN_POINT('',(11.,-162.9999880247,-41.99999809665));
#3530 = SURFACE_CURVE('',#3531,(#3536,#3543),.PCURVE_S1.);
#3531 = CIRCLE('',#3532,12.051134965986);
#3532 = AXIS2_PLACEMENT_3D('',#3533,#3534,#3535);
#3533 = CARTESIAN_POINT('',(11.,-161.8951931565,-29.99961134173));
#3534 = DIRECTION('',(1.,0.,0.));
#3535 = DIRECTION('',(0.,-9.167658038221E-02,0.995788835351));
#3536 = PCURVE('',#3490,#3537);
#3537 = DEFINITIONAL_REPRESENTATION('',(#3538),#3542);
#3538 = LINE('',#3539,#3540);
#3539 = CARTESIAN_POINT('',(-0.,-11.));
#3540 = VECTOR('',#3541,1.);
#3541 = DIRECTION('',(-1.,0.));
#3542 = ( GEOMETRIC_REPRESENTATION_CONTEXT(2) 
PARAMETRIC_REPRESENTATION_CONTEXT() REPRESENTATION_CONTEXT('2D SPACE',''
  ) );
#3543 = PCURVE('',#3381,#3544);
#3544 = DEFINITIONAL_REPRESENTATION('',(#3545),#3549);
#3545 = CIRCLE('',#3546,12.051134965986);
#3546 = AXIS2_PLACEMENT_2D('',#3547,#3548);
#3547 = CARTESIAN_POINT('',(3.863815717864E-04,15.929774452552));
#3548 = DIRECTION('',(0.995788835351,9.167658038221E-02));
#3549 = ( GEOMETRIC_REPRESENTATION_CONTEXT(2) 
PARAMETRIC_REPRESENTATION_CONTEXT() REPRESENTATION_CONTEXT('2D SPACE',''
  ) );
#3550 = ORIENTED_EDGE('',*,*,#3551,.F.);
#3551 = EDGE_CURVE('',#3552,#3528,#3554,.T.);
#3552 = VERTEX_POINT('',#3553);
#3553 = CARTESIAN_POINT('',(0.,-162.9999880247,-41.99999809665));
#3554 = SURFACE_CURVE('',#3555,(#3559,#3566),.PCURVE_S1.);
#3555 = LINE('',#3556,#3557);
#3556 = CARTESIAN_POINT('',(0.,-162.9999880247,-41.99999809665));
#3557 = VECTOR('',#3558,1.);
#3558 = DIRECTION('',(1.,-0.,-0.));
#3559 = PCURVE('',#3490,#3560);
#3560 = DEFINITIONAL_REPRESENTATION('',(#3561),#3565);
#3561 = LINE('',#3562,#3563);
#3562 = CARTESIAN_POINT('',(-2.957982679623,0.));
#3563 = VECTOR('',#3564,1.);
#3564 = DIRECTION('',(-0.,-1.));
#3565 = ( GEOMETRIC_REPRESENTATION_CONTEXT(2) 
PARAMETRIC_REPRESENTATION_CONTEXT() REPRESENTATION_CONTEXT('2D SPACE',''
  ) );
#3566 = PCURVE('',#3567,#3572);
#3567 = PLANE('',#3568);
#3568 = AXIS2_PLACEMENT_3D('',#3569,#3570,#3571);
#3569 = CARTESIAN_POINT('',(0.,-162.9999880247,-41.99999809665));
#3570 = DIRECTION('',(0.,9.171712760905E-02,0.995785101567));
#3571 = DIRECTION('',(0.,0.995785101567,-9.171712760905E-02));
#3572 = DEFINITIONAL_REPRESENTATION('',(#3573),#3577);
#3573 = LINE('',#3574,#3575);
#3574 = CARTESIAN_POINT('',(0.,0.));
#3575 = VECTOR('',#3576,1.);
#3576 = DIRECTION('',(0.,-1.));
#3577 = ( GEOMETRIC_REPRESENTATION_CONTEXT(2) 
PARAMETRIC_REPRESENTATION_CONTEXT() REPRESENTATION_CONTEXT('2D SPACE',''
  ) );
#3578 = ORIENTED_EDGE('',*,*,#3579,.F.);
#3579 = EDGE_CURVE('',#3475,#3552,#3580,.T.);
#3580 = SURFACE_CURVE('',#3581,(#3586,#3593),.PCURVE_S1.);
#3581 = CIRCLE('',#3582,12.051134965986);
#3582 = AXIS2_PLACEMENT_3D('',#3583,#3584,#3585);
#3583 = CARTESIAN_POINT('',(0.,-161.8951931565,-29.99961134173));
#3584 = DIRECTION('',(1.,0.,0.));
#3585 = DIRECTION('',(0.,-9.167658038221E-02,0.995788835351));
#3586 = PCURVE('',#3490,#3587);
#3587 = DEFINITIONAL_REPRESENTATION('',(#3588),#3592);
#3588 = LINE('',#3589,#3590);
#3589 = CARTESIAN_POINT('',(-0.,0.));
#3590 = VECTOR('',#3591,1.);
#3591 = DIRECTION('',(-1.,0.));
#3592 = ( GEOMETRIC_REPRESENTATION_CONTEXT(2) 
PARAMETRIC_REPRESENTATION_CONTEXT() REPRESENTATION_CONTEXT('2D SPACE',''
  ) );
#3593 = PCURVE('',#3435,#3594);
#3594 = DEFINITIONAL_REPRESENTATION('',(#3595),#3599);
#3595 = CIRCLE('',#3596,12.051134965986);
#3596 = AXIS2_PLACEMENT_2D('',#3597,#3598);
#3597 = CARTESIAN_POINT('',(3.863815717864E-04,15.929774452552));
#3598 = DIRECTION('',(0.995788835351,9.167658038221E-02));
#3599 = ( GEOMETRIC_REPRESENTATION_CONTEXT(2) 
PARAMETRIC_REPRESENTATION_CONTEXT() REPRESENTATION_CONTEXT('2D SPACE',''
  ) );
#3600 = ADVANCED_FACE('',(#3601),#3567,.F.);
#3601 = FACE_BOUND('',#3602,.F.);
#3602 = EDGE_LOOP('',(#3603,#3604,#3627,#3650));
#3603 = ORIENTED_EDGE('',*,*,#3551,.T.);
#3604 = ORIENTED_EDGE('',*,*,#3605,.T.);
#3605 = EDGE_CURVE('',#3528,#3606,#3608,.T.);
#3606 = VERTEX_POINT('',#3607);
#3607 = CARTESIAN_POINT('',(11.,-125.,-45.5));
#3608 = SURFACE_CURVE('',#3609,(#3613,#3620),.PCURVE_S1.);
#3609 = LINE('',#3610,#3611);
#3610 = CARTESIAN_POINT('',(11.,-162.9999880247,-41.99999809665));
#3611 = VECTOR('',#3612,1.);
#3612 = DIRECTION('',(0.,0.995785101567,-9.171712760905E-02));
#3613 = PCURVE('',#3567,#3614);
#3614 = DEFINITIONAL_REPRESENTATION('',(#3615),#3619);
#3615 = LINE('',#3616,#3617);
#3616 = CARTESIAN_POINT('',(0.,-11.));
#3617 = VECTOR('',#3618,1.);
#3618 = DIRECTION('',(1.,0.));
#3619 = ( GEOMETRIC_REPRESENTATION_CONTEXT(2) 
PARAMETRIC_REPRESENTATION_CONTEXT() REPRESENTATION_CONTEXT('2D SPACE',''
  ) );
#3620 = PCURVE('',#3381,#3621);
#3621 = DEFINITIONAL_REPRESENTATION('',(#3622),#3626);
#3622 = LINE('',#3623,#3624);
#3623 = CARTESIAN_POINT('',(-12.00000037335,17.034569320685));
#3624 = VECTOR('',#3625,1.);
#3625 = DIRECTION('',(-9.171712760905E-02,-0.995785101567));
#3626 = ( GEOMETRIC_REPRESENTATION_CONTEXT(2) 
PARAMETRIC_REPRESENTATION_CONTEXT() REPRESENTATION_CONTEXT('2D SPACE',''
  ) );
#3627 = ORIENTED_EDGE('',*,*,#3628,.F.);
#3628 = EDGE_CURVE('',#3629,#3606,#3631,.T.);
#3629 = VERTEX_POINT('',#3630);
#3630 = CARTESIAN_POINT('',(0.,-125.,-45.5));
#3631 = SURFACE_CURVE('',#3632,(#3636,#3643),.PCURVE_S1.);
#3632 = LINE('',#3633,#3634);
#3633 = CARTESIAN_POINT('',(0.,-125.,-45.5));
#3634 = VECTOR('',#3635,1.);
#3635 = DIRECTION('',(1.,-0.,-0.));
#3636 = PCURVE('',#3567,#3637);
#3637 = DEFINITIONAL_REPRESENTATION('',(#3638),#3642);
#3638 = LINE('',#3639,#3640);
#3639 = CARTESIAN_POINT('',(38.160832055955,0.));
#3640 = VECTOR('',#3641,1.);
#3641 = DIRECTION('',(0.,-1.));
#3642 = ( GEOMETRIC_REPRESENTATION_CONTEXT(2) 
PARAMETRIC_REPRESENTATION_CONTEXT() REPRESENTATION_CONTEXT('2D SPACE',''
  ) );
#3643 = PCURVE('',#3353,#3644);
#3644 = DEFINITIONAL_REPRESENTATION('',(#3645),#3649);
#3645 = LINE('',#3646,#3647);
#3646 = CARTESIAN_POINT('',(0.,0.));
#3647 = VECTOR('',#3648,1.);
#3648 = DIRECTION('',(0.,-1.));
#3649 = ( GEOMETRIC_REPRESENTATION_CONTEXT(2) 
PARAMETRIC_REPRESENTATION_CONTEXT() REPRESENTATION_CONTEXT('2D SPACE',''
  ) );
#3650 = ORIENTED_EDGE('',*,*,#3651,.F.);
#3651 = EDGE_CURVE('',#3552,#3629,#3652,.T.);
#3652 = SURFACE_CURVE('',#3653,(#3657,#3664),.PCURVE_S1.);
#3653 = LINE('',#3654,#3655);
#3654 = CARTESIAN_POINT('',(0.,-162.9999880247,-41.99999809665));
#3655 = VECTOR('',#3656,1.);
#3656 = DIRECTION('',(0.,0.995785101567,-9.171712760905E-02));
#3657 = PCURVE('',#3567,#3658);
#3658 = DEFINITIONAL_REPRESENTATION('',(#3659),#3663);
#3659 = LINE('',#3660,#3661);
#3660 = CARTESIAN_POINT('',(0.,0.));
#3661 = VECTOR('',#3662,1.);
#3662 = DIRECTION('',(1.,0.));
#3663 = ( GEOMETRIC_REPRESENTATION_CONTEXT(2) 
PARAMETRIC_REPRESENTATION_CONTEXT() REPRESENTATION_CONTEXT('2D SPACE',''
  ) );
#3664 = PCURVE('',#3435,#3665);
#3665 = DEFINITIONAL_REPRESENTATION('',(#3666),#3670);
#3666 = LINE('',#3667,#3668);
#3667 = CARTESIAN_POINT('',(-12.00000037335,17.034569320685));
#3668 = VECTOR('',#3669,1.);
#3669 = DIRECTION('',(-9.171712760905E-02,-0.995785101567));
#3670 = ( GEOMETRIC_REPRESENTATION_CONTEXT(2) 
PARAMETRIC_REPRESENTATION_CONTEXT() REPRESENTATION_CONTEXT('2D SPACE',''
  ) );
#3671 = ADVANCED_FACE('',(#3672),#3353,.F.);
#3672 = FACE_BOUND('',#3673,.F.);
#3673 = EDGE_LOOP('',(#3674,#3675,#3696,#3697));
#3674 = ORIENTED_EDGE('',*,*,#3628,.T.);
#3675 = ORIENTED_EDGE('',*,*,#3676,.T.);
#3676 = EDGE_CURVE('',#3606,#3333,#3677,.T.);
#3677 = SURFACE_CURVE('',#3678,(#3682,#3689),.PCURVE_S1.);
#3678 = LINE('',#3679,#3680);
#3679 = CARTESIAN_POINT('',(11.,-125.,-45.5));
#3680 = VECTOR('',#3681,1.);
#3681 = DIRECTION('',(0.,4.636655529722E-06,0.999999999989));
#3682 = PCURVE('',#3353,#3683);
#3683 = DEFINITIONAL_REPRESENTATION('',(#3684),#3688);
#3684 = LINE('',#3685,#3686);
#3685 = CARTESIAN_POINT('',(0.,-11.));
#3686 = VECTOR('',#3687,1.);
#3687 = DIRECTION('',(1.,0.));
#3688 = ( GEOMETRIC_REPRESENTATION_CONTEXT(2) 
PARAMETRIC_REPRESENTATION_CONTEXT() REPRESENTATION_CONTEXT('2D SPACE',''
  ) );
#3689 = PCURVE('',#3381,#3690);
#3690 = DEFINITIONAL_REPRESENTATION('',(#3691),#3695);
#3691 = LINE('',#3692,#3693);
#3692 = CARTESIAN_POINT('',(-15.50000227669,-20.96541870404));
#3693 = VECTOR('',#3694,1.);
#3694 = DIRECTION('',(0.999999999989,-4.636655529722E-06));
#3695 = ( GEOMETRIC_REPRESENTATION_CONTEXT(2) 
PARAMETRIC_REPRESENTATION_CONTEXT() REPRESENTATION_CONTEXT('2D SPACE',''
  ) );
#3696 = ORIENTED_EDGE('',*,*,#3330,.F.);
#3697 = ORIENTED_EDGE('',*,*,#3698,.F.);
#3698 = EDGE_CURVE('',#3629,#3331,#3699,.T.);
#3699 = SURFACE_CURVE('',#3700,(#3704,#3711),.PCURVE_S1.);
#3700 = LINE('',#3701,#3702);
#3701 = CARTESIAN_POINT('',(0.,-125.,-45.5));
#3702 = VECTOR('',#3703,1.);
#3703 = DIRECTION('',(0.,4.636655529722E-06,0.999999999989));
#3704 = PCURVE('',#3353,#3705);
#3705 = DEFINITIONAL_REPRESENTATION('',(#3706),#3710);
#3706 = LINE('',#3707,#3708);
#3707 = CARTESIAN_POINT('',(0.,0.));
#3708 = VECTOR('',#3709,1.);
#3709 = DIRECTION('',(1.,0.));
#3710 = ( GEOMETRIC_REPRESENTATION_CONTEXT(2) 
PARAMETRIC_REPRESENTATION_CONTEXT() REPRESENTATION_CONTEXT('2D SPACE',''
  ) );
#3711 = PCURVE('',#3435,#3712);
#3712 = DEFINITIONAL_REPRESENTATION('',(#3713),#3717);
#3713 = LINE('',#3714,#3715);
#3714 = CARTESIAN_POINT('',(-15.50000227669,-20.96541870404));
#3715 = VECTOR('',#3716,1.);
#3716 = DIRECTION('',(0.999999999989,-4.636655529722E-06));
#3717 = ( GEOMETRIC_REPRESENTATION_CONTEXT(2) 
PARAMETRIC_REPRESENTATION_CONTEXT() REPRESENTATION_CONTEXT('2D SPACE',''
  ) );
#3718 = ADVANCED_FACE('',(#3719),#3435,.F.);
#3719 = FACE_BOUND('',#3720,.F.);
#3720 = EDGE_LOOP('',(#3721,#3722,#3723,#3724,#3725));
#3721 = ORIENTED_EDGE('',*,*,#3421,.T.);
#3722 = ORIENTED_EDGE('',*,*,#3502,.T.);
#3723 = ORIENTED_EDGE('',*,*,#3579,.T.);
#3724 = ORIENTED_EDGE('',*,*,#3651,.T.);
#3725 = ORIENTED_EDGE('',*,*,#3698,.T.);
#3726 = ADVANCED_FACE('',(#3727),#3381,.T.);
#3727 = FACE_BOUND('',#3728,.T.);
#3728 = EDGE_LOOP('',(#3729,#3730,#3731,#3732,#3733));
#3729 = ORIENTED_EDGE('',*,*,#3365,.T.);
#3730 = ORIENTED_EDGE('',*,*,#3451,.T.);
#3731 = ORIENTED_EDGE('',*,*,#3527,.T.);
#3732 = ORIENTED_EDGE('',*,*,#3605,.T.);
#3733 = ORIENTED_EDGE('',*,*,#3676,.T.);
#3734 = ( GEOMETRIC_REPRESENTATION_CONTEXT(3) 
GLOBAL_UNCERTAINTY_ASSIGNED_CONTEXT((#3738)) 
GLOBAL_UNIT_ASSIGNED_CONTEXT((#3735,#3736,#3737)) REPRESENTATION_CONTEXT
('Context #1','3D Context with UNIT and UNCERTAINTY') );
#3735 = ( LENGTH_UNIT() NAMED_UNIT(*) SI_UNIT(.MILLI.,.METRE.) );
#3736 = ( NAMED_UNIT(*) PLANE_ANGLE_UNIT() SI_UNIT($,.RADIAN.) );
#3737 = ( NAMED_UNIT(*) SI_UNIT($,.STERADIAN.) SOLID_ANGLE_UNIT() );
#3738 = UNCERTAINTY_MEASURE_WITH_UNIT(LENGTH_MEASURE(1.E-07),#3735,
  'distance_accuracy_value','confusion accuracy');
#3739 = PRODUCT_RELATED_PRODUCT_CATEGORY('part',$,(#7));
ENDSEC;
END-ISO-10303-21;
