ISO-10303-21;
HEADER;
FILE_DESCRIPTION(('Open CASCADE Model'),'2;1');
FILE_NAME('Open CASCADE Shape Model','2025-08-06T14:42:42',('Author'),(
    'Open CASCADE'),'Open CASCADE STEP processor 7.7','Open CASCADE 7.7'
  ,'Unknown');
FILE_SCHEMA(('AUTOMOTIVE_DESIGN { 1 0 10303 214 1 1 1 1 }'));
ENDSEC;
DATA;
#1 = APPLICATION_PROTOCOL_DEFINITION('international standard',
  'automotive_design',2000,#2);
#2 = APPLICATION_CONTEXT(
  'core data for automotive mechanical design processes');
#3 = SHAPE_DEFINITION_REPRESENTATION(#4,#10);
#4 = PRODUCT_DEFINITION_SHAPE('','',#5);
#5 = PRODUCT_DEFINITION('design','',#6,#9);
#6 = PRODUCT_DEFINITION_FORMATION('','',#7);
#7 = PRODUCT('substep_5.7','substep_5.7','',(#8));
#8 = PRODUCT_CONTEXT('',#2,'mechanical');
#9 = PRODUCT_DEFINITION_CONTEXT('part definition',#2,'design');
#10 = SHAPE_REPRESENTATION('',(#11,#15,#5871,#6343,#6721,#6979),#7389);
#11 = AXIS2_PLACEMENT_3D('',#12,#13,#14);
#12 = CARTESIAN_POINT('',(0.,0.,0.));
#13 = DIRECTION('',(0.,0.,1.));
#14 = DIRECTION('',(1.,0.,-0.));
#15 = MANIFOLD_SOLID_BREP('PartBody',#16);
#16 = CLOSED_SHELL('',(#17,#338,#414,#1098,#1331,#1380,#1451,#1478,#1533
    ,#1609,#1658,#1783,#1810,#1837,#1884,#1962,#1971,#2020,#2069,#2232,
    #2282,#2332,#2359,#2397,#2424,#2451,#2513,#2522,#2577,#2632,#2687,
    #2726,#2831,#4018,#4025,#4032,#4087,#4142,#4196,#4221,#4274,#5439,
    #5494,#5499,#5554,#5589,#5596,#5651,#5706,#5710,#5745,#5800,#5804,
    #5808,#5863,#5867));
#17 = ADVANCED_FACE('',(#18,#193,#224),#32,.F.);
#18 = FACE_BOUND('',#19,.F.);
#19 = EDGE_LOOP('',(#20,#55,#83,#111,#139,#167));
#20 = ORIENTED_EDGE('',*,*,#21,.F.);
#21 = EDGE_CURVE('',#22,#24,#26,.T.);
#22 = VERTEX_POINT('',#23);
#23 = CARTESIAN_POINT('',(-150.,-125.,150.));
#24 = VERTEX_POINT('',#25);
#25 = CARTESIAN_POINT('',(-150.,125.,150.));
#26 = SURFACE_CURVE('',#27,(#31,#43),.PCURVE_S1.);
#27 = LINE('',#28,#29);
#28 = CARTESIAN_POINT('',(-150.,-125.,150.));
#29 = VECTOR('',#30,1.);
#30 = DIRECTION('',(0.,1.,0.));
#31 = PCURVE('',#32,#37);
#32 = PLANE('',#33);
#33 = AXIS2_PLACEMENT_3D('',#34,#35,#36);
#34 = CARTESIAN_POINT('',(-150.,-125.,-150.));
#35 = DIRECTION('',(1.,0.,0.));
#36 = DIRECTION('',(0.,0.,1.));
#37 = DEFINITIONAL_REPRESENTATION('',(#38),#42);
#38 = LINE('',#39,#40);
#39 = CARTESIAN_POINT('',(300.,0.));
#40 = VECTOR('',#41,1.);
#41 = DIRECTION('',(0.,-1.));
#42 = ( GEOMETRIC_REPRESENTATION_CONTEXT(2) 
PARAMETRIC_REPRESENTATION_CONTEXT() REPRESENTATION_CONTEXT('2D SPACE',''
  ) );
#43 = PCURVE('',#44,#49);
#44 = PLANE('',#45);
#45 = AXIS2_PLACEMENT_3D('',#46,#47,#48);
#46 = CARTESIAN_POINT('',(-150.,-125.,150.));
#47 = DIRECTION('',(0.,0.,1.));
#48 = DIRECTION('',(1.,0.,0.));
#49 = DEFINITIONAL_REPRESENTATION('',(#50),#54);
#50 = LINE('',#51,#52);
#51 = CARTESIAN_POINT('',(0.,0.));
#52 = VECTOR('',#53,1.);
#53 = DIRECTION('',(0.,1.));
#54 = ( GEOMETRIC_REPRESENTATION_CONTEXT(2) 
PARAMETRIC_REPRESENTATION_CONTEXT() REPRESENTATION_CONTEXT('2D SPACE',''
  ) );
#55 = ORIENTED_EDGE('',*,*,#56,.F.);
#56 = EDGE_CURVE('',#57,#22,#59,.T.);
#57 = VERTEX_POINT('',#58);
#58 = CARTESIAN_POINT('',(-150.,-125.,-150.));
#59 = SURFACE_CURVE('',#60,(#64,#71),.PCURVE_S1.);
#60 = LINE('',#61,#62);
#61 = CARTESIAN_POINT('',(-150.,-125.,-150.));
#62 = VECTOR('',#63,1.);
#63 = DIRECTION('',(0.,0.,1.));
#64 = PCURVE('',#32,#65);
#65 = DEFINITIONAL_REPRESENTATION('',(#66),#70);
#66 = LINE('',#67,#68);
#67 = CARTESIAN_POINT('',(0.,0.));
#68 = VECTOR('',#69,1.);
#69 = DIRECTION('',(1.,0.));
#70 = ( GEOMETRIC_REPRESENTATION_CONTEXT(2) 
PARAMETRIC_REPRESENTATION_CONTEXT() REPRESENTATION_CONTEXT('2D SPACE',''
  ) );
#71 = PCURVE('',#72,#77);
#72 = PLANE('',#73);
#73 = AXIS2_PLACEMENT_3D('',#74,#75,#76);
#74 = CARTESIAN_POINT('',(-150.,-125.,-150.));
#75 = DIRECTION('',(0.,1.,0.));
#76 = DIRECTION('',(0.,0.,1.));
#77 = DEFINITIONAL_REPRESENTATION('',(#78),#82);
#78 = LINE('',#79,#80);
#79 = CARTESIAN_POINT('',(0.,0.));
#80 = VECTOR('',#81,1.);
#81 = DIRECTION('',(1.,0.));
#82 = ( GEOMETRIC_REPRESENTATION_CONTEXT(2) 
PARAMETRIC_REPRESENTATION_CONTEXT() REPRESENTATION_CONTEXT('2D SPACE',''
  ) );
#83 = ORIENTED_EDGE('',*,*,#84,.T.);
#84 = EDGE_CURVE('',#57,#85,#87,.T.);
#85 = VERTEX_POINT('',#86);
#86 = CARTESIAN_POINT('',(-150.,86.,-150.));
#87 = SURFACE_CURVE('',#88,(#92,#99),.PCURVE_S1.);
#88 = LINE('',#89,#90);
#89 = CARTESIAN_POINT('',(-150.,-125.,-150.));
#90 = VECTOR('',#91,1.);
#91 = DIRECTION('',(0.,1.,0.));
#92 = PCURVE('',#32,#93);
#93 = DEFINITIONAL_REPRESENTATION('',(#94),#98);
#94 = LINE('',#95,#96);
#95 = CARTESIAN_POINT('',(0.,0.));
#96 = VECTOR('',#97,1.);
#97 = DIRECTION('',(0.,-1.));
#98 = ( GEOMETRIC_REPRESENTATION_CONTEXT(2) 
PARAMETRIC_REPRESENTATION_CONTEXT() REPRESENTATION_CONTEXT('2D SPACE',''
  ) );
#99 = PCURVE('',#100,#105);
#100 = PLANE('',#101);
#101 = AXIS2_PLACEMENT_3D('',#102,#103,#104);
#102 = CARTESIAN_POINT('',(-150.,-125.,-150.));
#103 = DIRECTION('',(0.,0.,1.));
#104 = DIRECTION('',(1.,0.,0.));
#105 = DEFINITIONAL_REPRESENTATION('',(#106),#110);
#106 = LINE('',#107,#108);
#107 = CARTESIAN_POINT('',(0.,0.));
#108 = VECTOR('',#109,1.);
#109 = DIRECTION('',(0.,1.));
#110 = ( GEOMETRIC_REPRESENTATION_CONTEXT(2) 
PARAMETRIC_REPRESENTATION_CONTEXT() REPRESENTATION_CONTEXT('2D SPACE',''
  ) );
#111 = ORIENTED_EDGE('',*,*,#112,.F.);
#112 = EDGE_CURVE('',#113,#85,#115,.T.);
#113 = VERTEX_POINT('',#114);
#114 = CARTESIAN_POINT('',(-150.,86.,-87.));
#115 = SURFACE_CURVE('',#116,(#120,#127),.PCURVE_S1.);
#116 = LINE('',#117,#118);
#117 = CARTESIAN_POINT('',(-150.,86.,-87.));
#118 = VECTOR('',#119,1.);
#119 = DIRECTION('',(0.,0.,-1.));
#120 = PCURVE('',#32,#121);
#121 = DEFINITIONAL_REPRESENTATION('',(#122),#126);
#122 = LINE('',#123,#124);
#123 = CARTESIAN_POINT('',(63.,-211.));
#124 = VECTOR('',#125,1.);
#125 = DIRECTION('',(-1.,0.));
#126 = ( GEOMETRIC_REPRESENTATION_CONTEXT(2) 
PARAMETRIC_REPRESENTATION_CONTEXT() REPRESENTATION_CONTEXT('2D SPACE',''
  ) );
#127 = PCURVE('',#128,#133);
#128 = PLANE('',#129);
#129 = AXIS2_PLACEMENT_3D('',#130,#131,#132);
#130 = CARTESIAN_POINT('',(-150.,86.,-87.));
#131 = DIRECTION('',(0.,1.,0.));
#132 = DIRECTION('',(0.,0.,-1.));
#133 = DEFINITIONAL_REPRESENTATION('',(#134),#138);
#134 = LINE('',#135,#136);
#135 = CARTESIAN_POINT('',(0.,0.));
#136 = VECTOR('',#137,1.);
#137 = DIRECTION('',(1.,0.));
#138 = ( GEOMETRIC_REPRESENTATION_CONTEXT(2) 
PARAMETRIC_REPRESENTATION_CONTEXT() REPRESENTATION_CONTEXT('2D SPACE',''
  ) );
#139 = ORIENTED_EDGE('',*,*,#140,.F.);
#140 = EDGE_CURVE('',#141,#113,#143,.T.);
#141 = VERTEX_POINT('',#142);
#142 = CARTESIAN_POINT('',(-150.,125.,-87.));
#143 = SURFACE_CURVE('',#144,(#148,#155),.PCURVE_S1.);
#144 = LINE('',#145,#146);
#145 = CARTESIAN_POINT('',(-150.,125.,-87.));
#146 = VECTOR('',#147,1.);
#147 = DIRECTION('',(0.,-1.,0.));
#148 = PCURVE('',#32,#149);
#149 = DEFINITIONAL_REPRESENTATION('',(#150),#154);
#150 = LINE('',#151,#152);
#151 = CARTESIAN_POINT('',(63.,-250.));
#152 = VECTOR('',#153,1.);
#153 = DIRECTION('',(0.,1.));
#154 = ( GEOMETRIC_REPRESENTATION_CONTEXT(2) 
PARAMETRIC_REPRESENTATION_CONTEXT() REPRESENTATION_CONTEXT('2D SPACE',''
  ) );
#155 = PCURVE('',#156,#161);
#156 = PLANE('',#157);
#157 = AXIS2_PLACEMENT_3D('',#158,#159,#160);
#158 = CARTESIAN_POINT('',(-150.,125.,-87.));
#159 = DIRECTION('',(0.,-0.,-1.));
#160 = DIRECTION('',(0.,-1.,0.));
#161 = DEFINITIONAL_REPRESENTATION('',(#162),#166);
#162 = LINE('',#163,#164);
#163 = CARTESIAN_POINT('',(0.,0.));
#164 = VECTOR('',#165,1.);
#165 = DIRECTION('',(1.,0.));
#166 = ( GEOMETRIC_REPRESENTATION_CONTEXT(2) 
PARAMETRIC_REPRESENTATION_CONTEXT() REPRESENTATION_CONTEXT('2D SPACE',''
  ) );
#167 = ORIENTED_EDGE('',*,*,#168,.T.);
#168 = EDGE_CURVE('',#141,#24,#169,.T.);
#169 = SURFACE_CURVE('',#170,(#174,#181),.PCURVE_S1.);
#170 = LINE('',#171,#172);
#171 = CARTESIAN_POINT('',(-150.,125.,-150.));
#172 = VECTOR('',#173,1.);
#173 = DIRECTION('',(0.,0.,1.));
#174 = PCURVE('',#32,#175);
#175 = DEFINITIONAL_REPRESENTATION('',(#176),#180);
#176 = LINE('',#177,#178);
#177 = CARTESIAN_POINT('',(0.,-250.));
#178 = VECTOR('',#179,1.);
#179 = DIRECTION('',(1.,0.));
#180 = ( GEOMETRIC_REPRESENTATION_CONTEXT(2) 
PARAMETRIC_REPRESENTATION_CONTEXT() REPRESENTATION_CONTEXT('2D SPACE',''
  ) );
#181 = PCURVE('',#182,#187);
#182 = PLANE('',#183);
#183 = AXIS2_PLACEMENT_3D('',#184,#185,#186);
#184 = CARTESIAN_POINT('',(-150.,125.,-150.));
#185 = DIRECTION('',(0.,1.,0.));
#186 = DIRECTION('',(0.,0.,1.));
#187 = DEFINITIONAL_REPRESENTATION('',(#188),#192);
#188 = LINE('',#189,#190);
#189 = CARTESIAN_POINT('',(0.,0.));
#190 = VECTOR('',#191,1.);
#191 = DIRECTION('',(1.,0.));
#192 = ( GEOMETRIC_REPRESENTATION_CONTEXT(2) 
PARAMETRIC_REPRESENTATION_CONTEXT() REPRESENTATION_CONTEXT('2D SPACE',''
  ) );
#193 = FACE_BOUND('',#194,.F.);
#194 = EDGE_LOOP('',(#195));
#195 = ORIENTED_EDGE('',*,*,#196,.F.);
#196 = EDGE_CURVE('',#197,#197,#199,.T.);
#197 = VERTEX_POINT('',#198);
#198 = CARTESIAN_POINT('',(-150.,85.375,58.175));
#199 = SURFACE_CURVE('',#200,(#205,#212),.PCURVE_S1.);
#200 = CIRCLE('',#201,5.6);
#201 = AXIS2_PLACEMENT_3D('',#202,#203,#204);
#202 = CARTESIAN_POINT('',(-150.,85.375,52.575));
#203 = DIRECTION('',(1.,0.,-0.));
#204 = DIRECTION('',(0.,0.,1.));
#205 = PCURVE('',#32,#206);
#206 = DEFINITIONAL_REPRESENTATION('',(#207),#211);
#207 = CIRCLE('',#208,5.6);
#208 = AXIS2_PLACEMENT_2D('',#209,#210);
#209 = CARTESIAN_POINT('',(202.575,-210.375));
#210 = DIRECTION('',(1.,0.));
#211 = ( GEOMETRIC_REPRESENTATION_CONTEXT(2) 
PARAMETRIC_REPRESENTATION_CONTEXT() REPRESENTATION_CONTEXT('2D SPACE',''
  ) );
#212 = PCURVE('',#213,#218);
#213 = CYLINDRICAL_SURFACE('',#214,5.6);
#214 = AXIS2_PLACEMENT_3D('',#215,#216,#217);
#215 = CARTESIAN_POINT('',(-150.,85.375,52.575));
#216 = DIRECTION('',(-1.,-0.,0.));
#217 = DIRECTION('',(0.,0.,1.));
#218 = DEFINITIONAL_REPRESENTATION('',(#219),#223);
#219 = LINE('',#220,#221);
#220 = CARTESIAN_POINT('',(-0.,0.));
#221 = VECTOR('',#222,1.);
#222 = DIRECTION('',(-1.,0.));
#223 = ( GEOMETRIC_REPRESENTATION_CONTEXT(2) 
PARAMETRIC_REPRESENTATION_CONTEXT() REPRESENTATION_CONTEXT('2D SPACE',''
  ) );
#224 = FACE_BOUND('',#225,.F.);
#225 = EDGE_LOOP('',(#226,#256,#284,#312));
#226 = ORIENTED_EDGE('',*,*,#227,.T.);
#227 = EDGE_CURVE('',#228,#230,#232,.T.);
#228 = VERTEX_POINT('',#229);
#229 = CARTESIAN_POINT('',(-150.,74.75,92.1));
#230 = VERTEX_POINT('',#231);
#231 = CARTESIAN_POINT('',(-150.,93.75,92.1));
#232 = SURFACE_CURVE('',#233,(#237,#244),.PCURVE_S1.);
#233 = LINE('',#234,#235);
#234 = CARTESIAN_POINT('',(-150.,74.75,92.1));
#235 = VECTOR('',#236,1.);
#236 = DIRECTION('',(0.,1.,0.));
#237 = PCURVE('',#32,#238);
#238 = DEFINITIONAL_REPRESENTATION('',(#239),#243);
#239 = LINE('',#240,#241);
#240 = CARTESIAN_POINT('',(242.1,-199.75));
#241 = VECTOR('',#242,1.);
#242 = DIRECTION('',(0.,-1.));
#243 = ( GEOMETRIC_REPRESENTATION_CONTEXT(2) 
PARAMETRIC_REPRESENTATION_CONTEXT() REPRESENTATION_CONTEXT('2D SPACE',''
  ) );
#244 = PCURVE('',#245,#250);
#245 = PLANE('',#246);
#246 = AXIS2_PLACEMENT_3D('',#247,#248,#249);
#247 = CARTESIAN_POINT('',(-150.,74.75,92.1));
#248 = DIRECTION('',(-0.,0.,1.));
#249 = DIRECTION('',(0.,1.,0.));
#250 = DEFINITIONAL_REPRESENTATION('',(#251),#255);
#251 = LINE('',#252,#253);
#252 = CARTESIAN_POINT('',(0.,0.));
#253 = VECTOR('',#254,1.);
#254 = DIRECTION('',(1.,0.));
#255 = ( GEOMETRIC_REPRESENTATION_CONTEXT(2) 
PARAMETRIC_REPRESENTATION_CONTEXT() REPRESENTATION_CONTEXT('2D SPACE',''
  ) );
#256 = ORIENTED_EDGE('',*,*,#257,.T.);
#257 = EDGE_CURVE('',#230,#258,#260,.T.);
#258 = VERTEX_POINT('',#259);
#259 = CARTESIAN_POINT('',(-150.,93.75,63.1));
#260 = SURFACE_CURVE('',#261,(#265,#272),.PCURVE_S1.);
#261 = LINE('',#262,#263);
#262 = CARTESIAN_POINT('',(-150.,93.75,92.1));
#263 = VECTOR('',#264,1.);
#264 = DIRECTION('',(0.,0.,-1.));
#265 = PCURVE('',#32,#266);
#266 = DEFINITIONAL_REPRESENTATION('',(#267),#271);
#267 = LINE('',#268,#269);
#268 = CARTESIAN_POINT('',(242.1,-218.75));
#269 = VECTOR('',#270,1.);
#270 = DIRECTION('',(-1.,0.));
#271 = ( GEOMETRIC_REPRESENTATION_CONTEXT(2) 
PARAMETRIC_REPRESENTATION_CONTEXT() REPRESENTATION_CONTEXT('2D SPACE',''
  ) );
#272 = PCURVE('',#273,#278);
#273 = PLANE('',#274);
#274 = AXIS2_PLACEMENT_3D('',#275,#276,#277);
#275 = CARTESIAN_POINT('',(-150.,93.75,92.1));
#276 = DIRECTION('',(0.,1.,0.));
#277 = DIRECTION('',(0.,0.,-1.));
#278 = DEFINITIONAL_REPRESENTATION('',(#279),#283);
#279 = LINE('',#280,#281);
#280 = CARTESIAN_POINT('',(0.,0.));
#281 = VECTOR('',#282,1.);
#282 = DIRECTION('',(1.,0.));
#283 = ( GEOMETRIC_REPRESENTATION_CONTEXT(2) 
PARAMETRIC_REPRESENTATION_CONTEXT() REPRESENTATION_CONTEXT('2D SPACE',''
  ) );
#284 = ORIENTED_EDGE('',*,*,#285,.T.);
#285 = EDGE_CURVE('',#258,#286,#288,.T.);
#286 = VERTEX_POINT('',#287);
#287 = CARTESIAN_POINT('',(-150.,74.75,63.1));
#288 = SURFACE_CURVE('',#289,(#293,#300),.PCURVE_S1.);
#289 = LINE('',#290,#291);
#290 = CARTESIAN_POINT('',(-150.,93.75,63.1));
#291 = VECTOR('',#292,1.);
#292 = DIRECTION('',(0.,-1.,-0.));
#293 = PCURVE('',#32,#294);
#294 = DEFINITIONAL_REPRESENTATION('',(#295),#299);
#295 = LINE('',#296,#297);
#296 = CARTESIAN_POINT('',(213.1,-218.75));
#297 = VECTOR('',#298,1.);
#298 = DIRECTION('',(0.,1.));
#299 = ( GEOMETRIC_REPRESENTATION_CONTEXT(2) 
PARAMETRIC_REPRESENTATION_CONTEXT() REPRESENTATION_CONTEXT('2D SPACE',''
  ) );
#300 = PCURVE('',#301,#306);
#301 = PLANE('',#302);
#302 = AXIS2_PLACEMENT_3D('',#303,#304,#305);
#303 = CARTESIAN_POINT('',(-150.,93.75,63.1));
#304 = DIRECTION('',(0.,0.,-1.));
#305 = DIRECTION('',(0.,-1.,0.));
#306 = DEFINITIONAL_REPRESENTATION('',(#307),#311);
#307 = LINE('',#308,#309);
#308 = CARTESIAN_POINT('',(0.,-0.));
#309 = VECTOR('',#310,1.);
#310 = DIRECTION('',(1.,0.));
#311 = ( GEOMETRIC_REPRESENTATION_CONTEXT(2) 
PARAMETRIC_REPRESENTATION_CONTEXT() REPRESENTATION_CONTEXT('2D SPACE',''
  ) );
#312 = ORIENTED_EDGE('',*,*,#313,.T.);
#313 = EDGE_CURVE('',#286,#228,#314,.T.);
#314 = SURFACE_CURVE('',#315,(#319,#326),.PCURVE_S1.);
#315 = LINE('',#316,#317);
#316 = CARTESIAN_POINT('',(-150.,74.75,63.1));
#317 = VECTOR('',#318,1.);
#318 = DIRECTION('',(0.,0.,1.));
#319 = PCURVE('',#32,#320);
#320 = DEFINITIONAL_REPRESENTATION('',(#321),#325);
#321 = LINE('',#322,#323);
#322 = CARTESIAN_POINT('',(213.1,-199.75));
#323 = VECTOR('',#324,1.);
#324 = DIRECTION('',(1.,0.));
#325 = ( GEOMETRIC_REPRESENTATION_CONTEXT(2) 
PARAMETRIC_REPRESENTATION_CONTEXT() REPRESENTATION_CONTEXT('2D SPACE',''
  ) );
#326 = PCURVE('',#327,#332);
#327 = PLANE('',#328);
#328 = AXIS2_PLACEMENT_3D('',#329,#330,#331);
#329 = CARTESIAN_POINT('',(-150.,74.75,63.1));
#330 = DIRECTION('',(-0.,-1.,0.));
#331 = DIRECTION('',(0.,0.,1.));
#332 = DEFINITIONAL_REPRESENTATION('',(#333),#337);
#333 = LINE('',#334,#335);
#334 = CARTESIAN_POINT('',(0.,0.));
#335 = VECTOR('',#336,1.);
#336 = DIRECTION('',(1.,0.));
#337 = ( GEOMETRIC_REPRESENTATION_CONTEXT(2) 
PARAMETRIC_REPRESENTATION_CONTEXT() REPRESENTATION_CONTEXT('2D SPACE',''
  ) );
#338 = ADVANCED_FACE('',(#339),#44,.T.);
#339 = FACE_BOUND('',#340,.T.);
#340 = EDGE_LOOP('',(#341,#364,#365,#388));
#341 = ORIENTED_EDGE('',*,*,#342,.F.);
#342 = EDGE_CURVE('',#24,#343,#345,.T.);
#343 = VERTEX_POINT('',#344);
#344 = CARTESIAN_POINT('',(-58.5,125.,150.));
#345 = SURFACE_CURVE('',#346,(#350,#357),.PCURVE_S1.);
#346 = LINE('',#347,#348);
#347 = CARTESIAN_POINT('',(-150.,125.,150.));
#348 = VECTOR('',#349,1.);
#349 = DIRECTION('',(1.,0.,0.));
#350 = PCURVE('',#44,#351);
#351 = DEFINITIONAL_REPRESENTATION('',(#352),#356);
#352 = LINE('',#353,#354);
#353 = CARTESIAN_POINT('',(0.,250.));
#354 = VECTOR('',#355,1.);
#355 = DIRECTION('',(1.,0.));
#356 = ( GEOMETRIC_REPRESENTATION_CONTEXT(2) 
PARAMETRIC_REPRESENTATION_CONTEXT() REPRESENTATION_CONTEXT('2D SPACE',''
  ) );
#357 = PCURVE('',#182,#358);
#358 = DEFINITIONAL_REPRESENTATION('',(#359),#363);
#359 = LINE('',#360,#361);
#360 = CARTESIAN_POINT('',(300.,0.));
#361 = VECTOR('',#362,1.);
#362 = DIRECTION('',(0.,1.));
#363 = ( GEOMETRIC_REPRESENTATION_CONTEXT(2) 
PARAMETRIC_REPRESENTATION_CONTEXT() REPRESENTATION_CONTEXT('2D SPACE',''
  ) );
#364 = ORIENTED_EDGE('',*,*,#21,.F.);
#365 = ORIENTED_EDGE('',*,*,#366,.T.);
#366 = EDGE_CURVE('',#22,#367,#369,.T.);
#367 = VERTEX_POINT('',#368);
#368 = CARTESIAN_POINT('',(-58.5,-125.,150.));
#369 = SURFACE_CURVE('',#370,(#374,#381),.PCURVE_S1.);
#370 = LINE('',#371,#372);
#371 = CARTESIAN_POINT('',(-150.,-125.,150.));
#372 = VECTOR('',#373,1.);
#373 = DIRECTION('',(1.,0.,0.));
#374 = PCURVE('',#44,#375);
#375 = DEFINITIONAL_REPRESENTATION('',(#376),#380);
#376 = LINE('',#377,#378);
#377 = CARTESIAN_POINT('',(0.,0.));
#378 = VECTOR('',#379,1.);
#379 = DIRECTION('',(1.,0.));
#380 = ( GEOMETRIC_REPRESENTATION_CONTEXT(2) 
PARAMETRIC_REPRESENTATION_CONTEXT() REPRESENTATION_CONTEXT('2D SPACE',''
  ) );
#381 = PCURVE('',#72,#382);
#382 = DEFINITIONAL_REPRESENTATION('',(#383),#387);
#383 = LINE('',#384,#385);
#384 = CARTESIAN_POINT('',(300.,0.));
#385 = VECTOR('',#386,1.);
#386 = DIRECTION('',(0.,1.));
#387 = ( GEOMETRIC_REPRESENTATION_CONTEXT(2) 
PARAMETRIC_REPRESENTATION_CONTEXT() REPRESENTATION_CONTEXT('2D SPACE',''
  ) );
#388 = ORIENTED_EDGE('',*,*,#389,.F.);
#389 = EDGE_CURVE('',#343,#367,#390,.T.);
#390 = SURFACE_CURVE('',#391,(#395,#402),.PCURVE_S1.);
#391 = LINE('',#392,#393);
#392 = CARTESIAN_POINT('',(-58.5,125.,150.));
#393 = VECTOR('',#394,1.);
#394 = DIRECTION('',(0.,-1.,0.));
#395 = PCURVE('',#44,#396);
#396 = DEFINITIONAL_REPRESENTATION('',(#397),#401);
#397 = LINE('',#398,#399);
#398 = CARTESIAN_POINT('',(91.5,250.));
#399 = VECTOR('',#400,1.);
#400 = DIRECTION('',(0.,-1.));
#401 = ( GEOMETRIC_REPRESENTATION_CONTEXT(2) 
PARAMETRIC_REPRESENTATION_CONTEXT() REPRESENTATION_CONTEXT('2D SPACE',''
  ) );
#402 = PCURVE('',#403,#408);
#403 = PLANE('',#404);
#404 = AXIS2_PLACEMENT_3D('',#405,#406,#407);
#405 = CARTESIAN_POINT('',(-58.5,125.,150.));
#406 = DIRECTION('',(-1.,0.,0.));
#407 = DIRECTION('',(0.,-1.,0.));
#408 = DEFINITIONAL_REPRESENTATION('',(#409),#413);
#409 = LINE('',#410,#411);
#410 = CARTESIAN_POINT('',(0.,0.));
#411 = VECTOR('',#412,1.);
#412 = DIRECTION('',(1.,0.));
#413 = ( GEOMETRIC_REPRESENTATION_CONTEXT(2) 
PARAMETRIC_REPRESENTATION_CONTEXT() REPRESENTATION_CONTEXT('2D SPACE',''
  ) );
#414 = ADVANCED_FACE('',(#415,#993,#1028,#1063),#182,.T.);
#415 = FACE_BOUND('',#416,.T.);
#416 = EDGE_LOOP('',(#417,#447,#475,#503,#531,#559,#587,#615,#643,#666,
    #694,#722,#750,#773,#796,#824,#847,#875,#896,#897,#898,#921,#949,
    #972));
#417 = ORIENTED_EDGE('',*,*,#418,.F.);
#418 = EDGE_CURVE('',#419,#421,#423,.T.);
#419 = VERTEX_POINT('',#420);
#420 = CARTESIAN_POINT('',(42.,125.,150.));
#421 = VERTEX_POINT('',#422);
#422 = CARTESIAN_POINT('',(42.,125.,90.));
#423 = SURFACE_CURVE('',#424,(#428,#435),.PCURVE_S1.);
#424 = LINE('',#425,#426);
#425 = CARTESIAN_POINT('',(42.,125.,150.));
#426 = VECTOR('',#427,1.);
#427 = DIRECTION('',(-0.,0.,-1.));
#428 = PCURVE('',#182,#429);
#429 = DEFINITIONAL_REPRESENTATION('',(#430),#434);
#430 = LINE('',#431,#432);
#431 = CARTESIAN_POINT('',(300.,192.));
#432 = VECTOR('',#433,1.);
#433 = DIRECTION('',(-1.,0.));
#434 = ( GEOMETRIC_REPRESENTATION_CONTEXT(2) 
PARAMETRIC_REPRESENTATION_CONTEXT() REPRESENTATION_CONTEXT('2D SPACE',''
  ) );
#435 = PCURVE('',#436,#441);
#436 = PLANE('',#437);
#437 = AXIS2_PLACEMENT_3D('',#438,#439,#440);
#438 = CARTESIAN_POINT('',(42.,-125.,150.));
#439 = DIRECTION('',(1.,0.,-0.));
#440 = DIRECTION('',(0.,1.,0.));
#441 = DEFINITIONAL_REPRESENTATION('',(#442),#446);
#442 = LINE('',#443,#444);
#443 = CARTESIAN_POINT('',(250.,0.));
#444 = VECTOR('',#445,1.);
#445 = DIRECTION('',(0.,-1.));
#446 = ( GEOMETRIC_REPRESENTATION_CONTEXT(2) 
PARAMETRIC_REPRESENTATION_CONTEXT() REPRESENTATION_CONTEXT('2D SPACE',''
  ) );
#447 = ORIENTED_EDGE('',*,*,#448,.T.);
#448 = EDGE_CURVE('',#419,#449,#451,.T.);
#449 = VERTEX_POINT('',#450);
#450 = CARTESIAN_POINT('',(91.,125.,150.));
#451 = SURFACE_CURVE('',#452,(#456,#463),.PCURVE_S1.);
#452 = LINE('',#453,#454);
#453 = CARTESIAN_POINT('',(-150.,125.,150.));
#454 = VECTOR('',#455,1.);
#455 = DIRECTION('',(1.,0.,0.));
#456 = PCURVE('',#182,#457);
#457 = DEFINITIONAL_REPRESENTATION('',(#458),#462);
#458 = LINE('',#459,#460);
#459 = CARTESIAN_POINT('',(300.,0.));
#460 = VECTOR('',#461,1.);
#461 = DIRECTION('',(0.,1.));
#462 = ( GEOMETRIC_REPRESENTATION_CONTEXT(2) 
PARAMETRIC_REPRESENTATION_CONTEXT() REPRESENTATION_CONTEXT('2D SPACE',''
  ) );
#463 = PCURVE('',#464,#469);
#464 = PLANE('',#465);
#465 = AXIS2_PLACEMENT_3D('',#466,#467,#468);
#466 = CARTESIAN_POINT('',(-150.,-125.,150.));
#467 = DIRECTION('',(0.,0.,1.));
#468 = DIRECTION('',(1.,0.,0.));
#469 = DEFINITIONAL_REPRESENTATION('',(#470),#474);
#470 = LINE('',#471,#472);
#471 = CARTESIAN_POINT('',(0.,250.));
#472 = VECTOR('',#473,1.);
#473 = DIRECTION('',(1.,0.));
#474 = ( GEOMETRIC_REPRESENTATION_CONTEXT(2) 
PARAMETRIC_REPRESENTATION_CONTEXT() REPRESENTATION_CONTEXT('2D SPACE',''
  ) );
#475 = ORIENTED_EDGE('',*,*,#476,.T.);
#476 = EDGE_CURVE('',#449,#477,#479,.T.);
#477 = VERTEX_POINT('',#478);
#478 = CARTESIAN_POINT('',(91.,125.,119.));
#479 = SURFACE_CURVE('',#480,(#484,#491),.PCURVE_S1.);
#480 = LINE('',#481,#482);
#481 = CARTESIAN_POINT('',(91.,125.,150.));
#482 = VECTOR('',#483,1.);
#483 = DIRECTION('',(-0.,-0.,-1.));
#484 = PCURVE('',#182,#485);
#485 = DEFINITIONAL_REPRESENTATION('',(#486),#490);
#486 = LINE('',#487,#488);
#487 = CARTESIAN_POINT('',(300.,241.));
#488 = VECTOR('',#489,1.);
#489 = DIRECTION('',(-1.,0.));
#490 = ( GEOMETRIC_REPRESENTATION_CONTEXT(2) 
PARAMETRIC_REPRESENTATION_CONTEXT() REPRESENTATION_CONTEXT('2D SPACE',''
  ) );
#491 = PCURVE('',#492,#497);
#492 = PLANE('',#493);
#493 = AXIS2_PLACEMENT_3D('',#494,#495,#496);
#494 = CARTESIAN_POINT('',(91.,-67.,150.));
#495 = DIRECTION('',(1.,0.,-0.));
#496 = DIRECTION('',(0.,1.,0.));
#497 = DEFINITIONAL_REPRESENTATION('',(#498),#502);
#498 = LINE('',#499,#500);
#499 = CARTESIAN_POINT('',(192.,0.));
#500 = VECTOR('',#501,1.);
#501 = DIRECTION('',(-0.,-1.));
#502 = ( GEOMETRIC_REPRESENTATION_CONTEXT(2) 
PARAMETRIC_REPRESENTATION_CONTEXT() REPRESENTATION_CONTEXT('2D SPACE',''
  ) );
#503 = ORIENTED_EDGE('',*,*,#504,.T.);
#504 = EDGE_CURVE('',#477,#505,#507,.T.);
#505 = VERTEX_POINT('',#506);
#506 = CARTESIAN_POINT('',(150.,125.,119.));
#507 = SURFACE_CURVE('',#508,(#512,#519),.PCURVE_S1.);
#508 = LINE('',#509,#510);
#509 = CARTESIAN_POINT('',(91.,125.,119.));
#510 = VECTOR('',#511,1.);
#511 = DIRECTION('',(1.,-0.,0.));
#512 = PCURVE('',#182,#513);
#513 = DEFINITIONAL_REPRESENTATION('',(#514),#518);
#514 = LINE('',#515,#516);
#515 = CARTESIAN_POINT('',(269.,241.));
#516 = VECTOR('',#517,1.);
#517 = DIRECTION('',(0.,1.));
#518 = ( GEOMETRIC_REPRESENTATION_CONTEXT(2) 
PARAMETRIC_REPRESENTATION_CONTEXT() REPRESENTATION_CONTEXT('2D SPACE',''
  ) );
#519 = PCURVE('',#520,#525);
#520 = PLANE('',#521);
#521 = AXIS2_PLACEMENT_3D('',#522,#523,#524);
#522 = CARTESIAN_POINT('',(120.5,29.,119.));
#523 = DIRECTION('',(-0.,-0.,-1.));
#524 = DIRECTION('',(-1.,0.,0.));
#525 = DEFINITIONAL_REPRESENTATION('',(#526),#530);
#526 = LINE('',#527,#528);
#527 = CARTESIAN_POINT('',(29.5,96.));
#528 = VECTOR('',#529,1.);
#529 = DIRECTION('',(-1.,0.));
#530 = ( GEOMETRIC_REPRESENTATION_CONTEXT(2) 
PARAMETRIC_REPRESENTATION_CONTEXT() REPRESENTATION_CONTEXT('2D SPACE',''
  ) );
#531 = ORIENTED_EDGE('',*,*,#532,.F.);
#532 = EDGE_CURVE('',#533,#505,#535,.T.);
#533 = VERTEX_POINT('',#534);
#534 = CARTESIAN_POINT('',(150.,125.,107.4));
#535 = SURFACE_CURVE('',#536,(#540,#547),.PCURVE_S1.);
#536 = LINE('',#537,#538);
#537 = CARTESIAN_POINT('',(150.,125.,-150.));
#538 = VECTOR('',#539,1.);
#539 = DIRECTION('',(0.,0.,1.));
#540 = PCURVE('',#182,#541);
#541 = DEFINITIONAL_REPRESENTATION('',(#542),#546);
#542 = LINE('',#543,#544);
#543 = CARTESIAN_POINT('',(0.,300.));
#544 = VECTOR('',#545,1.);
#545 = DIRECTION('',(1.,0.));
#546 = ( GEOMETRIC_REPRESENTATION_CONTEXT(2) 
PARAMETRIC_REPRESENTATION_CONTEXT() REPRESENTATION_CONTEXT('2D SPACE',''
  ) );
#547 = PCURVE('',#548,#553);
#548 = PLANE('',#549);
#549 = AXIS2_PLACEMENT_3D('',#550,#551,#552);
#550 = CARTESIAN_POINT('',(150.,-125.,-150.));
#551 = DIRECTION('',(1.,0.,0.));
#552 = DIRECTION('',(0.,0.,1.));
#553 = DEFINITIONAL_REPRESENTATION('',(#554),#558);
#554 = LINE('',#555,#556);
#555 = CARTESIAN_POINT('',(0.,-250.));
#556 = VECTOR('',#557,1.);
#557 = DIRECTION('',(1.,0.));
#558 = ( GEOMETRIC_REPRESENTATION_CONTEXT(2) 
PARAMETRIC_REPRESENTATION_CONTEXT() REPRESENTATION_CONTEXT('2D SPACE',''
  ) );
#559 = ORIENTED_EDGE('',*,*,#560,.T.);
#560 = EDGE_CURVE('',#533,#561,#563,.T.);
#561 = VERTEX_POINT('',#562);
#562 = CARTESIAN_POINT('',(107.,125.,107.4));
#563 = SURFACE_CURVE('',#564,(#568,#575),.PCURVE_S1.);
#564 = LINE('',#565,#566);
#565 = CARTESIAN_POINT('',(150.,125.,107.4));
#566 = VECTOR('',#567,1.);
#567 = DIRECTION('',(-1.,0.,-0.));
#568 = PCURVE('',#182,#569);
#569 = DEFINITIONAL_REPRESENTATION('',(#570),#574);
#570 = LINE('',#571,#572);
#571 = CARTESIAN_POINT('',(257.4,300.));
#572 = VECTOR('',#573,1.);
#573 = DIRECTION('',(0.,-1.));
#574 = ( GEOMETRIC_REPRESENTATION_CONTEXT(2) 
PARAMETRIC_REPRESENTATION_CONTEXT() REPRESENTATION_CONTEXT('2D SPACE',''
  ) );
#575 = PCURVE('',#576,#581);
#576 = CYLINDRICAL_SURFACE('',#577,54.);
#577 = AXIS2_PLACEMENT_3D('',#578,#579,#580);
#578 = CARTESIAN_POINT('',(150.,125.,53.4));
#579 = DIRECTION('',(1.,0.,-0.));
#580 = DIRECTION('',(0.,-1.,-6.123233995737E-17));
#581 = DEFINITIONAL_REPRESENTATION('',(#582),#586);
#582 = LINE('',#583,#584);
#583 = CARTESIAN_POINT('',(-1.570796326795,0.));
#584 = VECTOR('',#585,1.);
#585 = DIRECTION('',(-0.,-1.));
#586 = ( GEOMETRIC_REPRESENTATION_CONTEXT(2) 
PARAMETRIC_REPRESENTATION_CONTEXT() REPRESENTATION_CONTEXT('2D SPACE',''
  ) );
#587 = ORIENTED_EDGE('',*,*,#588,.F.);
#588 = EDGE_CURVE('',#589,#561,#591,.T.);
#589 = VERTEX_POINT('',#590);
#590 = CARTESIAN_POINT('',(107.,125.,-78.6));
#591 = SURFACE_CURVE('',#592,(#596,#603),.PCURVE_S1.);
#592 = LINE('',#593,#594);
#593 = CARTESIAN_POINT('',(107.,125.,-78.6));
#594 = VECTOR('',#595,1.);
#595 = DIRECTION('',(0.,0.,1.));
#596 = PCURVE('',#182,#597);
#597 = DEFINITIONAL_REPRESENTATION('',(#598),#602);
#598 = LINE('',#599,#600);
#599 = CARTESIAN_POINT('',(71.4,257.));
#600 = VECTOR('',#601,1.);
#601 = DIRECTION('',(1.,0.));
#602 = ( GEOMETRIC_REPRESENTATION_CONTEXT(2) 
PARAMETRIC_REPRESENTATION_CONTEXT() REPRESENTATION_CONTEXT('2D SPACE',''
  ) );
#603 = PCURVE('',#604,#609);
#604 = PLANE('',#605);
#605 = AXIS2_PLACEMENT_3D('',#606,#607,#608);
#606 = CARTESIAN_POINT('',(107.,102.19494268148,14.4));
#607 = DIRECTION('',(-1.,1.713820510011E-30,1.255761287278E-32));
#608 = DIRECTION('',(-1.713820510011E-30,-1.,0.));
#609 = DEFINITIONAL_REPRESENTATION('',(#610),#614);
#610 = LINE('',#611,#612);
#611 = CARTESIAN_POINT('',(-22.80505731851,-93.));
#612 = VECTOR('',#613,1.);
#613 = DIRECTION('',(0.,1.));
#614 = ( GEOMETRIC_REPRESENTATION_CONTEXT(2) 
PARAMETRIC_REPRESENTATION_CONTEXT() REPRESENTATION_CONTEXT('2D SPACE',''
  ) );
#615 = ORIENTED_EDGE('',*,*,#616,.F.);
#616 = EDGE_CURVE('',#617,#589,#619,.T.);
#617 = VERTEX_POINT('',#618);
#618 = CARTESIAN_POINT('',(150.,125.,-78.6));
#619 = SURFACE_CURVE('',#620,(#624,#631),.PCURVE_S1.);
#620 = LINE('',#621,#622);
#621 = CARTESIAN_POINT('',(150.,125.,-78.6));
#622 = VECTOR('',#623,1.);
#623 = DIRECTION('',(-1.,0.,-0.));
#624 = PCURVE('',#182,#625);
#625 = DEFINITIONAL_REPRESENTATION('',(#626),#630);
#626 = LINE('',#627,#628);
#627 = CARTESIAN_POINT('',(71.4,300.));
#628 = VECTOR('',#629,1.);
#629 = DIRECTION('',(0.,-1.));
#630 = ( GEOMETRIC_REPRESENTATION_CONTEXT(2) 
PARAMETRIC_REPRESENTATION_CONTEXT() REPRESENTATION_CONTEXT('2D SPACE',''
  ) );
#631 = PCURVE('',#632,#637);
#632 = CYLINDRICAL_SURFACE('',#633,54.);
#633 = AXIS2_PLACEMENT_3D('',#634,#635,#636);
#634 = CARTESIAN_POINT('',(150.,125.,-24.6));
#635 = DIRECTION('',(1.,-0.,0.));
#636 = DIRECTION('',(0.,1.224646799147E-16,-1.));
#637 = DEFINITIONAL_REPRESENTATION('',(#638),#642);
#638 = LINE('',#639,#640);
#639 = CARTESIAN_POINT('',(-6.123233995737E-17,0.));
#640 = VECTOR('',#641,1.);
#641 = DIRECTION('',(-0.,-1.));
#642 = ( GEOMETRIC_REPRESENTATION_CONTEXT(2) 
PARAMETRIC_REPRESENTATION_CONTEXT() REPRESENTATION_CONTEXT('2D SPACE',''
  ) );
#643 = ORIENTED_EDGE('',*,*,#644,.F.);
#644 = EDGE_CURVE('',#645,#617,#647,.T.);
#645 = VERTEX_POINT('',#646);
#646 = CARTESIAN_POINT('',(150.,125.,-150.));
#647 = SURFACE_CURVE('',#648,(#652,#659),.PCURVE_S1.);
#648 = LINE('',#649,#650);
#649 = CARTESIAN_POINT('',(150.,125.,-150.));
#650 = VECTOR('',#651,1.);
#651 = DIRECTION('',(0.,0.,1.));
#652 = PCURVE('',#182,#653);
#653 = DEFINITIONAL_REPRESENTATION('',(#654),#658);
#654 = LINE('',#655,#656);
#655 = CARTESIAN_POINT('',(0.,300.));
#656 = VECTOR('',#657,1.);
#657 = DIRECTION('',(1.,0.));
#658 = ( GEOMETRIC_REPRESENTATION_CONTEXT(2) 
PARAMETRIC_REPRESENTATION_CONTEXT() REPRESENTATION_CONTEXT('2D SPACE',''
  ) );
#659 = PCURVE('',#548,#660);
#660 = DEFINITIONAL_REPRESENTATION('',(#661),#665);
#661 = LINE('',#662,#663);
#662 = CARTESIAN_POINT('',(0.,-250.));
#663 = VECTOR('',#664,1.);
#664 = DIRECTION('',(1.,0.));
#665 = ( GEOMETRIC_REPRESENTATION_CONTEXT(2) 
PARAMETRIC_REPRESENTATION_CONTEXT() REPRESENTATION_CONTEXT('2D SPACE',''
  ) );
#666 = ORIENTED_EDGE('',*,*,#667,.F.);
#667 = EDGE_CURVE('',#668,#645,#670,.T.);
#668 = VERTEX_POINT('',#669);
#669 = CARTESIAN_POINT('',(66.3,125.,-150.));
#670 = SURFACE_CURVE('',#671,(#675,#682),.PCURVE_S1.);
#671 = LINE('',#672,#673);
#672 = CARTESIAN_POINT('',(-150.,125.,-150.));
#673 = VECTOR('',#674,1.);
#674 = DIRECTION('',(1.,0.,0.));
#675 = PCURVE('',#182,#676);
#676 = DEFINITIONAL_REPRESENTATION('',(#677),#681);
#677 = LINE('',#678,#679);
#678 = CARTESIAN_POINT('',(0.,0.));
#679 = VECTOR('',#680,1.);
#680 = DIRECTION('',(0.,1.));
#681 = ( GEOMETRIC_REPRESENTATION_CONTEXT(2) 
PARAMETRIC_REPRESENTATION_CONTEXT() REPRESENTATION_CONTEXT('2D SPACE',''
  ) );
#682 = PCURVE('',#683,#688);
#683 = PLANE('',#684);
#684 = AXIS2_PLACEMENT_3D('',#685,#686,#687);
#685 = CARTESIAN_POINT('',(-150.,-125.,-150.));
#686 = DIRECTION('',(0.,0.,1.));
#687 = DIRECTION('',(1.,0.,0.));
#688 = DEFINITIONAL_REPRESENTATION('',(#689),#693);
#689 = LINE('',#690,#691);
#690 = CARTESIAN_POINT('',(0.,250.));
#691 = VECTOR('',#692,1.);
#692 = DIRECTION('',(1.,0.));
#693 = ( GEOMETRIC_REPRESENTATION_CONTEXT(2) 
PARAMETRIC_REPRESENTATION_CONTEXT() REPRESENTATION_CONTEXT('2D SPACE',''
  ) );
#694 = ORIENTED_EDGE('',*,*,#695,.T.);
#695 = EDGE_CURVE('',#668,#696,#698,.T.);
#696 = VERTEX_POINT('',#697);
#697 = CARTESIAN_POINT('',(66.3,125.,-90.));
#698 = SURFACE_CURVE('',#699,(#703,#710),.PCURVE_S1.);
#699 = LINE('',#700,#701);
#700 = CARTESIAN_POINT('',(66.3,125.,-150.));
#701 = VECTOR('',#702,1.);
#702 = DIRECTION('',(0.,-0.,1.));
#703 = PCURVE('',#182,#704);
#704 = DEFINITIONAL_REPRESENTATION('',(#705),#709);
#705 = LINE('',#706,#707);
#706 = CARTESIAN_POINT('',(0.,216.3));
#707 = VECTOR('',#708,1.);
#708 = DIRECTION('',(1.,0.));
#709 = ( GEOMETRIC_REPRESENTATION_CONTEXT(2) 
PARAMETRIC_REPRESENTATION_CONTEXT() REPRESENTATION_CONTEXT('2D SPACE',''
  ) );
#710 = PCURVE('',#711,#716);
#711 = PLANE('',#712);
#712 = AXIS2_PLACEMENT_3D('',#713,#714,#715);
#713 = CARTESIAN_POINT('',(66.3,-125.,-150.));
#714 = DIRECTION('',(-1.,0.,0.));
#715 = DIRECTION('',(0.,1.,0.));
#716 = DEFINITIONAL_REPRESENTATION('',(#717),#721);
#717 = LINE('',#718,#719);
#718 = CARTESIAN_POINT('',(250.,0.));
#719 = VECTOR('',#720,1.);
#720 = DIRECTION('',(0.,-1.));
#721 = ( GEOMETRIC_REPRESENTATION_CONTEXT(2) 
PARAMETRIC_REPRESENTATION_CONTEXT() REPRESENTATION_CONTEXT('2D SPACE',''
  ) );
#722 = ORIENTED_EDGE('',*,*,#723,.T.);
#723 = EDGE_CURVE('',#696,#724,#726,.T.);
#724 = VERTEX_POINT('',#725);
#725 = CARTESIAN_POINT('',(23.430749027718,125.,-90.));
#726 = SURFACE_CURVE('',#727,(#731,#738),.PCURVE_S1.);
#727 = LINE('',#728,#729);
#728 = CARTESIAN_POINT('',(66.3,125.,-90.));
#729 = VECTOR('',#730,1.);
#730 = DIRECTION('',(-1.,0.,0.));
#731 = PCURVE('',#182,#732);
#732 = DEFINITIONAL_REPRESENTATION('',(#733),#737);
#733 = LINE('',#734,#735);
#734 = CARTESIAN_POINT('',(60.,216.3));
#735 = VECTOR('',#736,1.);
#736 = DIRECTION('',(0.,-1.));
#737 = ( GEOMETRIC_REPRESENTATION_CONTEXT(2) 
PARAMETRIC_REPRESENTATION_CONTEXT() REPRESENTATION_CONTEXT('2D SPACE',''
  ) );
#738 = PCURVE('',#739,#744);
#739 = PLANE('',#740);
#740 = AXIS2_PLACEMENT_3D('',#741,#742,#743);
#741 = CARTESIAN_POINT('',(-9.45,0.,-90.));
#742 = DIRECTION('',(0.,0.,1.));
#743 = DIRECTION('',(1.,0.,-0.));
#744 = DEFINITIONAL_REPRESENTATION('',(#745),#749);
#745 = LINE('',#746,#747);
#746 = CARTESIAN_POINT('',(75.75,125.));
#747 = VECTOR('',#748,1.);
#748 = DIRECTION('',(-1.,0.));
#749 = ( GEOMETRIC_REPRESENTATION_CONTEXT(2) 
PARAMETRIC_REPRESENTATION_CONTEXT() REPRESENTATION_CONTEXT('2D SPACE',''
  ) );
#750 = ORIENTED_EDGE('',*,*,#751,.T.);
#751 = EDGE_CURVE('',#724,#752,#754,.T.);
#752 = VERTEX_POINT('',#753);
#753 = CARTESIAN_POINT('',(-23.43074902772,125.,-90.));
#754 = SURFACE_CURVE('',#755,(#759,#766),.PCURVE_S1.);
#755 = LINE('',#756,#757);
#756 = CARTESIAN_POINT('',(66.3,125.,-90.));
#757 = VECTOR('',#758,1.);
#758 = DIRECTION('',(-1.,0.,0.));
#759 = PCURVE('',#182,#760);
#760 = DEFINITIONAL_REPRESENTATION('',(#761),#765);
#761 = LINE('',#762,#763);
#762 = CARTESIAN_POINT('',(60.,216.3));
#763 = VECTOR('',#764,1.);
#764 = DIRECTION('',(0.,-1.));
#765 = ( GEOMETRIC_REPRESENTATION_CONTEXT(2) 
PARAMETRIC_REPRESENTATION_CONTEXT() REPRESENTATION_CONTEXT('2D SPACE',''
  ) );
#766 = PCURVE('',#739,#767);
#767 = DEFINITIONAL_REPRESENTATION('',(#768),#772);
#768 = LINE('',#769,#770);
#769 = CARTESIAN_POINT('',(75.75,125.));
#770 = VECTOR('',#771,1.);
#771 = DIRECTION('',(-1.,0.));
#772 = ( GEOMETRIC_REPRESENTATION_CONTEXT(2) 
PARAMETRIC_REPRESENTATION_CONTEXT() REPRESENTATION_CONTEXT('2D SPACE',''
  ) );
#773 = ORIENTED_EDGE('',*,*,#774,.T.);
#774 = EDGE_CURVE('',#752,#775,#777,.T.);
#775 = VERTEX_POINT('',#776);
#776 = CARTESIAN_POINT('',(-85.2,125.,-90.));
#777 = SURFACE_CURVE('',#778,(#782,#789),.PCURVE_S1.);
#778 = LINE('',#779,#780);
#779 = CARTESIAN_POINT('',(66.3,125.,-90.));
#780 = VECTOR('',#781,1.);
#781 = DIRECTION('',(-1.,0.,0.));
#782 = PCURVE('',#182,#783);
#783 = DEFINITIONAL_REPRESENTATION('',(#784),#788);
#784 = LINE('',#785,#786);
#785 = CARTESIAN_POINT('',(60.,216.3));
#786 = VECTOR('',#787,1.);
#787 = DIRECTION('',(0.,-1.));
#788 = ( GEOMETRIC_REPRESENTATION_CONTEXT(2) 
PARAMETRIC_REPRESENTATION_CONTEXT() REPRESENTATION_CONTEXT('2D SPACE',''
  ) );
#789 = PCURVE('',#739,#790);
#790 = DEFINITIONAL_REPRESENTATION('',(#791),#795);
#791 = LINE('',#792,#793);
#792 = CARTESIAN_POINT('',(75.75,125.));
#793 = VECTOR('',#794,1.);
#794 = DIRECTION('',(-1.,0.));
#795 = ( GEOMETRIC_REPRESENTATION_CONTEXT(2) 
PARAMETRIC_REPRESENTATION_CONTEXT() REPRESENTATION_CONTEXT('2D SPACE',''
  ) );
#796 = ORIENTED_EDGE('',*,*,#797,.F.);
#797 = EDGE_CURVE('',#798,#775,#800,.T.);
#798 = VERTEX_POINT('',#799);
#799 = CARTESIAN_POINT('',(-85.2,125.,-150.));
#800 = SURFACE_CURVE('',#801,(#805,#812),.PCURVE_S1.);
#801 = LINE('',#802,#803);
#802 = CARTESIAN_POINT('',(-85.2,125.,-150.));
#803 = VECTOR('',#804,1.);
#804 = DIRECTION('',(0.,-0.,1.));
#805 = PCURVE('',#182,#806);
#806 = DEFINITIONAL_REPRESENTATION('',(#807),#811);
#807 = LINE('',#808,#809);
#808 = CARTESIAN_POINT('',(0.,64.8));
#809 = VECTOR('',#810,1.);
#810 = DIRECTION('',(1.,0.));
#811 = ( GEOMETRIC_REPRESENTATION_CONTEXT(2) 
PARAMETRIC_REPRESENTATION_CONTEXT() REPRESENTATION_CONTEXT('2D SPACE',''
  ) );
#812 = PCURVE('',#813,#818);
#813 = PLANE('',#814);
#814 = AXIS2_PLACEMENT_3D('',#815,#816,#817);
#815 = CARTESIAN_POINT('',(-85.2,125.,-150.));
#816 = DIRECTION('',(1.,0.,0.));
#817 = DIRECTION('',(0.,-1.,0.));
#818 = DEFINITIONAL_REPRESENTATION('',(#819),#823);
#819 = LINE('',#820,#821);
#820 = CARTESIAN_POINT('',(0.,0.));
#821 = VECTOR('',#822,1.);
#822 = DIRECTION('',(0.,-1.));
#823 = ( GEOMETRIC_REPRESENTATION_CONTEXT(2) 
PARAMETRIC_REPRESENTATION_CONTEXT() REPRESENTATION_CONTEXT('2D SPACE',''
  ) );
#824 = ORIENTED_EDGE('',*,*,#825,.F.);
#825 = EDGE_CURVE('',#826,#798,#828,.T.);
#826 = VERTEX_POINT('',#827);
#827 = CARTESIAN_POINT('',(-118.,125.,-150.));
#828 = SURFACE_CURVE('',#829,(#833,#840),.PCURVE_S1.);
#829 = LINE('',#830,#831);
#830 = CARTESIAN_POINT('',(-150.,125.,-150.));
#831 = VECTOR('',#832,1.);
#832 = DIRECTION('',(1.,0.,0.));
#833 = PCURVE('',#182,#834);
#834 = DEFINITIONAL_REPRESENTATION('',(#835),#839);
#835 = LINE('',#836,#837);
#836 = CARTESIAN_POINT('',(0.,0.));
#837 = VECTOR('',#838,1.);
#838 = DIRECTION('',(0.,1.));
#839 = ( GEOMETRIC_REPRESENTATION_CONTEXT(2) 
PARAMETRIC_REPRESENTATION_CONTEXT() REPRESENTATION_CONTEXT('2D SPACE',''
  ) );
#840 = PCURVE('',#100,#841);
#841 = DEFINITIONAL_REPRESENTATION('',(#842),#846);
#842 = LINE('',#843,#844);
#843 = CARTESIAN_POINT('',(0.,250.));
#844 = VECTOR('',#845,1.);
#845 = DIRECTION('',(1.,0.));
#846 = ( GEOMETRIC_REPRESENTATION_CONTEXT(2) 
PARAMETRIC_REPRESENTATION_CONTEXT() REPRESENTATION_CONTEXT('2D SPACE',''
  ) );
#847 = ORIENTED_EDGE('',*,*,#848,.T.);
#848 = EDGE_CURVE('',#826,#849,#851,.T.);
#849 = VERTEX_POINT('',#850);
#850 = CARTESIAN_POINT('',(-118.,125.,-87.));
#851 = SURFACE_CURVE('',#852,(#856,#863),.PCURVE_S1.);
#852 = LINE('',#853,#854);
#853 = CARTESIAN_POINT('',(-118.,125.,-150.));
#854 = VECTOR('',#855,1.);
#855 = DIRECTION('',(0.,0.,1.));
#856 = PCURVE('',#182,#857);
#857 = DEFINITIONAL_REPRESENTATION('',(#858),#862);
#858 = LINE('',#859,#860);
#859 = CARTESIAN_POINT('',(0.,32.));
#860 = VECTOR('',#861,1.);
#861 = DIRECTION('',(1.,0.));
#862 = ( GEOMETRIC_REPRESENTATION_CONTEXT(2) 
PARAMETRIC_REPRESENTATION_CONTEXT() REPRESENTATION_CONTEXT('2D SPACE',''
  ) );
#863 = PCURVE('',#864,#869);
#864 = PLANE('',#865);
#865 = AXIS2_PLACEMENT_3D('',#866,#867,#868);
#866 = CARTESIAN_POINT('',(-118.,105.5,-118.5));
#867 = DIRECTION('',(1.,0.,0.));
#868 = DIRECTION('',(-0.,0.,1.));
#869 = DEFINITIONAL_REPRESENTATION('',(#870),#874);
#870 = LINE('',#871,#872);
#871 = CARTESIAN_POINT('',(-31.5,-19.5));
#872 = VECTOR('',#873,1.);
#873 = DIRECTION('',(1.,0.));
#874 = ( GEOMETRIC_REPRESENTATION_CONTEXT(2) 
PARAMETRIC_REPRESENTATION_CONTEXT() REPRESENTATION_CONTEXT('2D SPACE',''
  ) );
#875 = ORIENTED_EDGE('',*,*,#876,.F.);
#876 = EDGE_CURVE('',#141,#849,#877,.T.);
#877 = SURFACE_CURVE('',#878,(#882,#889),.PCURVE_S1.);
#878 = LINE('',#879,#880);
#879 = CARTESIAN_POINT('',(-150.,125.,-87.));
#880 = VECTOR('',#881,1.);
#881 = DIRECTION('',(1.,0.,-0.));
#882 = PCURVE('',#182,#883);
#883 = DEFINITIONAL_REPRESENTATION('',(#884),#888);
#884 = LINE('',#885,#886);
#885 = CARTESIAN_POINT('',(63.,0.));
#886 = VECTOR('',#887,1.);
#887 = DIRECTION('',(0.,1.));
#888 = ( GEOMETRIC_REPRESENTATION_CONTEXT(2) 
PARAMETRIC_REPRESENTATION_CONTEXT() REPRESENTATION_CONTEXT('2D SPACE',''
  ) );
#889 = PCURVE('',#156,#890);
#890 = DEFINITIONAL_REPRESENTATION('',(#891),#895);
#891 = LINE('',#892,#893);
#892 = CARTESIAN_POINT('',(0.,0.));
#893 = VECTOR('',#894,1.);
#894 = DIRECTION('',(0.,-1.));
#895 = ( GEOMETRIC_REPRESENTATION_CONTEXT(2) 
PARAMETRIC_REPRESENTATION_CONTEXT() REPRESENTATION_CONTEXT('2D SPACE',''
  ) );
#896 = ORIENTED_EDGE('',*,*,#168,.T.);
#897 = ORIENTED_EDGE('',*,*,#342,.T.);
#898 = ORIENTED_EDGE('',*,*,#899,.T.);
#899 = EDGE_CURVE('',#343,#900,#902,.T.);
#900 = VERTEX_POINT('',#901);
#901 = CARTESIAN_POINT('',(-58.5,125.,90.));
#902 = SURFACE_CURVE('',#903,(#907,#914),.PCURVE_S1.);
#903 = LINE('',#904,#905);
#904 = CARTESIAN_POINT('',(-58.5,125.,150.));
#905 = VECTOR('',#906,1.);
#906 = DIRECTION('',(-0.,0.,-1.));
#907 = PCURVE('',#182,#908);
#908 = DEFINITIONAL_REPRESENTATION('',(#909),#913);
#909 = LINE('',#910,#911);
#910 = CARTESIAN_POINT('',(300.,91.5));
#911 = VECTOR('',#912,1.);
#912 = DIRECTION('',(-1.,0.));
#913 = ( GEOMETRIC_REPRESENTATION_CONTEXT(2) 
PARAMETRIC_REPRESENTATION_CONTEXT() REPRESENTATION_CONTEXT('2D SPACE',''
  ) );
#914 = PCURVE('',#403,#915);
#915 = DEFINITIONAL_REPRESENTATION('',(#916),#920);
#916 = LINE('',#917,#918);
#917 = CARTESIAN_POINT('',(0.,0.));
#918 = VECTOR('',#919,1.);
#919 = DIRECTION('',(0.,-1.));
#920 = ( GEOMETRIC_REPRESENTATION_CONTEXT(2) 
PARAMETRIC_REPRESENTATION_CONTEXT() REPRESENTATION_CONTEXT('2D SPACE',''
  ) );
#921 = ORIENTED_EDGE('',*,*,#922,.F.);
#922 = EDGE_CURVE('',#923,#900,#925,.T.);
#923 = VERTEX_POINT('',#924);
#924 = CARTESIAN_POINT('',(-23.43074902772,125.,90.));
#925 = SURFACE_CURVE('',#926,(#930,#937),.PCURVE_S1.);
#926 = LINE('',#927,#928);
#927 = CARTESIAN_POINT('',(42.,125.,90.));
#928 = VECTOR('',#929,1.);
#929 = DIRECTION('',(-1.,0.,0.));
#930 = PCURVE('',#182,#931);
#931 = DEFINITIONAL_REPRESENTATION('',(#932),#936);
#932 = LINE('',#933,#934);
#933 = CARTESIAN_POINT('',(240.,192.));
#934 = VECTOR('',#935,1.);
#935 = DIRECTION('',(0.,-1.));
#936 = ( GEOMETRIC_REPRESENTATION_CONTEXT(2) 
PARAMETRIC_REPRESENTATION_CONTEXT() REPRESENTATION_CONTEXT('2D SPACE',''
  ) );
#937 = PCURVE('',#938,#943);
#938 = PLANE('',#939);
#939 = AXIS2_PLACEMENT_3D('',#940,#941,#942);
#940 = CARTESIAN_POINT('',(-8.25,0.,90.));
#941 = DIRECTION('',(0.,0.,1.));
#942 = DIRECTION('',(1.,0.,-0.));
#943 = DEFINITIONAL_REPRESENTATION('',(#944),#948);
#944 = LINE('',#945,#946);
#945 = CARTESIAN_POINT('',(50.25,125.));
#946 = VECTOR('',#947,1.);
#947 = DIRECTION('',(-1.,0.));
#948 = ( GEOMETRIC_REPRESENTATION_CONTEXT(2) 
PARAMETRIC_REPRESENTATION_CONTEXT() REPRESENTATION_CONTEXT('2D SPACE',''
  ) );
#949 = ORIENTED_EDGE('',*,*,#950,.F.);
#950 = EDGE_CURVE('',#951,#923,#953,.T.);
#951 = VERTEX_POINT('',#952);
#952 = CARTESIAN_POINT('',(23.430749027723,125.,90.));
#953 = SURFACE_CURVE('',#954,(#958,#965),.PCURVE_S1.);
#954 = LINE('',#955,#956);
#955 = CARTESIAN_POINT('',(42.,125.,90.));
#956 = VECTOR('',#957,1.);
#957 = DIRECTION('',(-1.,0.,0.));
#958 = PCURVE('',#182,#959);
#959 = DEFINITIONAL_REPRESENTATION('',(#960),#964);
#960 = LINE('',#961,#962);
#961 = CARTESIAN_POINT('',(240.,192.));
#962 = VECTOR('',#963,1.);
#963 = DIRECTION('',(0.,-1.));
#964 = ( GEOMETRIC_REPRESENTATION_CONTEXT(2) 
PARAMETRIC_REPRESENTATION_CONTEXT() REPRESENTATION_CONTEXT('2D SPACE',''
  ) );
#965 = PCURVE('',#938,#966);
#966 = DEFINITIONAL_REPRESENTATION('',(#967),#971);
#967 = LINE('',#968,#969);
#968 = CARTESIAN_POINT('',(50.25,125.));
#969 = VECTOR('',#970,1.);
#970 = DIRECTION('',(-1.,0.));
#971 = ( GEOMETRIC_REPRESENTATION_CONTEXT(2) 
PARAMETRIC_REPRESENTATION_CONTEXT() REPRESENTATION_CONTEXT('2D SPACE',''
  ) );
#972 = ORIENTED_EDGE('',*,*,#973,.F.);
#973 = EDGE_CURVE('',#421,#951,#974,.T.);
#974 = SURFACE_CURVE('',#975,(#979,#986),.PCURVE_S1.);
#975 = LINE('',#976,#977);
#976 = CARTESIAN_POINT('',(42.,125.,90.));
#977 = VECTOR('',#978,1.);
#978 = DIRECTION('',(-1.,0.,0.));
#979 = PCURVE('',#182,#980);
#980 = DEFINITIONAL_REPRESENTATION('',(#981),#985);
#981 = LINE('',#982,#983);
#982 = CARTESIAN_POINT('',(240.,192.));
#983 = VECTOR('',#984,1.);
#984 = DIRECTION('',(0.,-1.));
#985 = ( GEOMETRIC_REPRESENTATION_CONTEXT(2) 
PARAMETRIC_REPRESENTATION_CONTEXT() REPRESENTATION_CONTEXT('2D SPACE',''
  ) );
#986 = PCURVE('',#938,#987);
#987 = DEFINITIONAL_REPRESENTATION('',(#988),#992);
#988 = LINE('',#989,#990);
#989 = CARTESIAN_POINT('',(50.25,125.));
#990 = VECTOR('',#991,1.);
#991 = DIRECTION('',(-1.,0.));
#992 = ( GEOMETRIC_REPRESENTATION_CONTEXT(2) 
PARAMETRIC_REPRESENTATION_CONTEXT() REPRESENTATION_CONTEXT('2D SPACE',''
  ) );
#993 = FACE_BOUND('',#994,.T.);
#994 = EDGE_LOOP('',(#995));
#995 = ORIENTED_EDGE('',*,*,#996,.T.);
#996 = EDGE_CURVE('',#997,#997,#999,.T.);
#997 = VERTEX_POINT('',#998);
#998 = CARTESIAN_POINT('',(-134.4,125.,80.6));
#999 = SURFACE_CURVE('',#1000,(#1005,#1016),.PCURVE_S1.);
#1000 = CIRCLE('',#1001,6.4);
#1001 = AXIS2_PLACEMENT_3D('',#1002,#1003,#1004);
#1002 = CARTESIAN_POINT('',(-134.4,125.,87.));
#1003 = DIRECTION('',(0.,-1.,0.));
#1004 = DIRECTION('',(0.,0.,-1.));
#1005 = PCURVE('',#182,#1006);
#1006 = DEFINITIONAL_REPRESENTATION('',(#1007),#1015);
#1007 = ( BOUNDED_CURVE() B_SPLINE_CURVE(2,(#1008,#1009,#1010,#1011,
#1012,#1013,#1014),.UNSPECIFIED.,.T.,.F.) B_SPLINE_CURVE_WITH_KNOTS((1,2
    ,2,2,2,1),(-2.094395102393,0.,2.094395102393,4.188790204786,
6.28318530718,8.377580409573),.UNSPECIFIED.) CURVE() 
GEOMETRIC_REPRESENTATION_ITEM() RATIONAL_B_SPLINE_CURVE((1.,0.5,1.,0.5,
1.,0.5,1.)) REPRESENTATION_ITEM('') );
#1008 = CARTESIAN_POINT('',(230.6,15.6));
#1009 = CARTESIAN_POINT('',(230.6,26.685125168441));
#1010 = CARTESIAN_POINT('',(240.2,21.14256258422));
#1011 = CARTESIAN_POINT('',(249.8,15.6));
#1012 = CARTESIAN_POINT('',(240.2,10.05743741578));
#1013 = CARTESIAN_POINT('',(230.6,4.514874831559));
#1014 = CARTESIAN_POINT('',(230.6,15.6));
#1015 = ( GEOMETRIC_REPRESENTATION_CONTEXT(2) 
PARAMETRIC_REPRESENTATION_CONTEXT() REPRESENTATION_CONTEXT('2D SPACE',''
  ) );
#1016 = PCURVE('',#1017,#1022);
#1017 = CYLINDRICAL_SURFACE('',#1018,6.4);
#1018 = AXIS2_PLACEMENT_3D('',#1019,#1020,#1021);
#1019 = CARTESIAN_POINT('',(-134.4,125.,87.));
#1020 = DIRECTION('',(-0.,1.,-0.));
#1021 = DIRECTION('',(0.,0.,-1.));
#1022 = DEFINITIONAL_REPRESENTATION('',(#1023),#1027);
#1023 = LINE('',#1024,#1025);
#1024 = CARTESIAN_POINT('',(-0.,0.));
#1025 = VECTOR('',#1026,1.);
#1026 = DIRECTION('',(-1.,0.));
#1027 = ( GEOMETRIC_REPRESENTATION_CONTEXT(2) 
PARAMETRIC_REPRESENTATION_CONTEXT() REPRESENTATION_CONTEXT('2D SPACE',''
  ) );
#1028 = FACE_BOUND('',#1029,.T.);
#1029 = EDGE_LOOP('',(#1030));
#1030 = ORIENTED_EDGE('',*,*,#1031,.T.);
#1031 = EDGE_CURVE('',#1032,#1032,#1034,.T.);
#1032 = VERTEX_POINT('',#1033);
#1033 = CARTESIAN_POINT('',(-118.8,125.,80.6));
#1034 = SURFACE_CURVE('',#1035,(#1040,#1051),.PCURVE_S1.);
#1035 = CIRCLE('',#1036,6.4);
#1036 = AXIS2_PLACEMENT_3D('',#1037,#1038,#1039);
#1037 = CARTESIAN_POINT('',(-118.8,125.,87.));
#1038 = DIRECTION('',(0.,-1.,0.));
#1039 = DIRECTION('',(0.,0.,-1.));
#1040 = PCURVE('',#182,#1041);
#1041 = DEFINITIONAL_REPRESENTATION('',(#1042),#1050);
#1042 = ( BOUNDED_CURVE() B_SPLINE_CURVE(2,(#1043,#1044,#1045,#1046,
#1047,#1048,#1049),.UNSPECIFIED.,.T.,.F.) B_SPLINE_CURVE_WITH_KNOTS((1,2
    ,2,2,2,1),(-2.094395102393,0.,2.094395102393,4.188790204786,
6.28318530718,8.377580409573),.UNSPECIFIED.) CURVE() 
GEOMETRIC_REPRESENTATION_ITEM() RATIONAL_B_SPLINE_CURVE((1.,0.5,1.,0.5,
1.,0.5,1.)) REPRESENTATION_ITEM('') );
#1043 = CARTESIAN_POINT('',(230.6,31.2));
#1044 = CARTESIAN_POINT('',(230.6,42.285125168441));
#1045 = CARTESIAN_POINT('',(240.2,36.74256258422));
#1046 = CARTESIAN_POINT('',(249.8,31.2));
#1047 = CARTESIAN_POINT('',(240.2,25.65743741578));
#1048 = CARTESIAN_POINT('',(230.6,20.114874831559));
#1049 = CARTESIAN_POINT('',(230.6,31.2));
#1050 = ( GEOMETRIC_REPRESENTATION_CONTEXT(2) 
PARAMETRIC_REPRESENTATION_CONTEXT() REPRESENTATION_CONTEXT('2D SPACE',''
  ) );
#1051 = PCURVE('',#1052,#1057);
#1052 = CYLINDRICAL_SURFACE('',#1053,6.4);
#1053 = AXIS2_PLACEMENT_3D('',#1054,#1055,#1056);
#1054 = CARTESIAN_POINT('',(-118.8,125.,87.));
#1055 = DIRECTION('',(-0.,1.,-0.));
#1056 = DIRECTION('',(0.,0.,-1.));
#1057 = DEFINITIONAL_REPRESENTATION('',(#1058),#1062);
#1058 = LINE('',#1059,#1060);
#1059 = CARTESIAN_POINT('',(-0.,0.));
#1060 = VECTOR('',#1061,1.);
#1061 = DIRECTION('',(-1.,0.));
#1062 = ( GEOMETRIC_REPRESENTATION_CONTEXT(2) 
PARAMETRIC_REPRESENTATION_CONTEXT() REPRESENTATION_CONTEXT('2D SPACE',''
  ) );
#1063 = FACE_BOUND('',#1064,.T.);
#1064 = EDGE_LOOP('',(#1065));
#1065 = ORIENTED_EDGE('',*,*,#1066,.T.);
#1066 = EDGE_CURVE('',#1067,#1067,#1069,.T.);
#1067 = VERTEX_POINT('',#1068);
#1068 = CARTESIAN_POINT('',(-103.2,125.,80.6));
#1069 = SURFACE_CURVE('',#1070,(#1075,#1086),.PCURVE_S1.);
#1070 = CIRCLE('',#1071,6.4);
#1071 = AXIS2_PLACEMENT_3D('',#1072,#1073,#1074);
#1072 = CARTESIAN_POINT('',(-103.2,125.,87.));
#1073 = DIRECTION('',(0.,-1.,0.));
#1074 = DIRECTION('',(0.,0.,-1.));
#1075 = PCURVE('',#182,#1076);
#1076 = DEFINITIONAL_REPRESENTATION('',(#1077),#1085);
#1077 = ( BOUNDED_CURVE() B_SPLINE_CURVE(2,(#1078,#1079,#1080,#1081,
#1082,#1083,#1084),.UNSPECIFIED.,.T.,.F.) B_SPLINE_CURVE_WITH_KNOTS((1,2
    ,2,2,2,1),(-2.094395102393,0.,2.094395102393,4.188790204786,
6.28318530718,8.377580409573),.UNSPECIFIED.) CURVE() 
GEOMETRIC_REPRESENTATION_ITEM() RATIONAL_B_SPLINE_CURVE((1.,0.5,1.,0.5,
1.,0.5,1.)) REPRESENTATION_ITEM('') );
#1078 = CARTESIAN_POINT('',(230.6,46.8));
#1079 = CARTESIAN_POINT('',(230.6,57.885125168441));
#1080 = CARTESIAN_POINT('',(240.2,52.34256258422));
#1081 = CARTESIAN_POINT('',(249.8,46.8));
#1082 = CARTESIAN_POINT('',(240.2,41.25743741578));
#1083 = CARTESIAN_POINT('',(230.6,35.714874831559));
#1084 = CARTESIAN_POINT('',(230.6,46.8));
#1085 = ( GEOMETRIC_REPRESENTATION_CONTEXT(2) 
PARAMETRIC_REPRESENTATION_CONTEXT() REPRESENTATION_CONTEXT('2D SPACE',''
  ) );
#1086 = PCURVE('',#1087,#1092);
#1087 = CYLINDRICAL_SURFACE('',#1088,6.4);
#1088 = AXIS2_PLACEMENT_3D('',#1089,#1090,#1091);
#1089 = CARTESIAN_POINT('',(-103.2,125.,87.));
#1090 = DIRECTION('',(-0.,1.,-0.));
#1091 = DIRECTION('',(0.,0.,-1.));
#1092 = DEFINITIONAL_REPRESENTATION('',(#1093),#1097);
#1093 = LINE('',#1094,#1095);
#1094 = CARTESIAN_POINT('',(-0.,0.));
#1095 = VECTOR('',#1096,1.);
#1096 = DIRECTION('',(-1.,0.));
#1097 = ( GEOMETRIC_REPRESENTATION_CONTEXT(2) 
PARAMETRIC_REPRESENTATION_CONTEXT() REPRESENTATION_CONTEXT('2D SPACE',''
  ) );
#1098 = ADVANCED_FACE('',(#1099),#72,.F.);
#1099 = FACE_BOUND('',#1100,.F.);
#1100 = EDGE_LOOP('',(#1101,#1126,#1149,#1172,#1195,#1218,#1241,#1262,
    #1263,#1264,#1287,#1310));
#1101 = ORIENTED_EDGE('',*,*,#1102,.T.);
#1102 = EDGE_CURVE('',#1103,#1105,#1107,.T.);
#1103 = VERTEX_POINT('',#1104);
#1104 = CARTESIAN_POINT('',(42.,-125.,150.));
#1105 = VERTEX_POINT('',#1106);
#1106 = CARTESIAN_POINT('',(150.,-125.,150.));
#1107 = SURFACE_CURVE('',#1108,(#1112,#1119),.PCURVE_S1.);
#1108 = LINE('',#1109,#1110);
#1109 = CARTESIAN_POINT('',(-150.,-125.,150.));
#1110 = VECTOR('',#1111,1.);
#1111 = DIRECTION('',(1.,0.,0.));
#1112 = PCURVE('',#72,#1113);
#1113 = DEFINITIONAL_REPRESENTATION('',(#1114),#1118);
#1114 = LINE('',#1115,#1116);
#1115 = CARTESIAN_POINT('',(300.,0.));
#1116 = VECTOR('',#1117,1.);
#1117 = DIRECTION('',(0.,1.));
#1118 = ( GEOMETRIC_REPRESENTATION_CONTEXT(2) 
PARAMETRIC_REPRESENTATION_CONTEXT() REPRESENTATION_CONTEXT('2D SPACE',''
  ) );
#1119 = PCURVE('',#464,#1120);
#1120 = DEFINITIONAL_REPRESENTATION('',(#1121),#1125);
#1121 = LINE('',#1122,#1123);
#1122 = CARTESIAN_POINT('',(0.,0.));
#1123 = VECTOR('',#1124,1.);
#1124 = DIRECTION('',(1.,0.));
#1125 = ( GEOMETRIC_REPRESENTATION_CONTEXT(2) 
PARAMETRIC_REPRESENTATION_CONTEXT() REPRESENTATION_CONTEXT('2D SPACE',''
  ) );
#1126 = ORIENTED_EDGE('',*,*,#1127,.F.);
#1127 = EDGE_CURVE('',#1128,#1105,#1130,.T.);
#1128 = VERTEX_POINT('',#1129);
#1129 = CARTESIAN_POINT('',(150.,-125.,-150.));
#1130 = SURFACE_CURVE('',#1131,(#1135,#1142),.PCURVE_S1.);
#1131 = LINE('',#1132,#1133);
#1132 = CARTESIAN_POINT('',(150.,-125.,-150.));
#1133 = VECTOR('',#1134,1.);
#1134 = DIRECTION('',(0.,0.,1.));
#1135 = PCURVE('',#72,#1136);
#1136 = DEFINITIONAL_REPRESENTATION('',(#1137),#1141);
#1137 = LINE('',#1138,#1139);
#1138 = CARTESIAN_POINT('',(0.,300.));
#1139 = VECTOR('',#1140,1.);
#1140 = DIRECTION('',(1.,0.));
#1141 = ( GEOMETRIC_REPRESENTATION_CONTEXT(2) 
PARAMETRIC_REPRESENTATION_CONTEXT() REPRESENTATION_CONTEXT('2D SPACE',''
  ) );
#1142 = PCURVE('',#548,#1143);
#1143 = DEFINITIONAL_REPRESENTATION('',(#1144),#1148);
#1144 = LINE('',#1145,#1146);
#1145 = CARTESIAN_POINT('',(0.,0.));
#1146 = VECTOR('',#1147,1.);
#1147 = DIRECTION('',(1.,0.));
#1148 = ( GEOMETRIC_REPRESENTATION_CONTEXT(2) 
PARAMETRIC_REPRESENTATION_CONTEXT() REPRESENTATION_CONTEXT('2D SPACE',''
  ) );
#1149 = ORIENTED_EDGE('',*,*,#1150,.F.);
#1150 = EDGE_CURVE('',#1151,#1128,#1153,.T.);
#1151 = VERTEX_POINT('',#1152);
#1152 = CARTESIAN_POINT('',(66.3,-125.,-150.));
#1153 = SURFACE_CURVE('',#1154,(#1158,#1165),.PCURVE_S1.);
#1154 = LINE('',#1155,#1156);
#1155 = CARTESIAN_POINT('',(-150.,-125.,-150.));
#1156 = VECTOR('',#1157,1.);
#1157 = DIRECTION('',(1.,0.,0.));
#1158 = PCURVE('',#72,#1159);
#1159 = DEFINITIONAL_REPRESENTATION('',(#1160),#1164);
#1160 = LINE('',#1161,#1162);
#1161 = CARTESIAN_POINT('',(0.,0.));
#1162 = VECTOR('',#1163,1.);
#1163 = DIRECTION('',(0.,1.));
#1164 = ( GEOMETRIC_REPRESENTATION_CONTEXT(2) 
PARAMETRIC_REPRESENTATION_CONTEXT() REPRESENTATION_CONTEXT('2D SPACE',''
  ) );
#1165 = PCURVE('',#683,#1166);
#1166 = DEFINITIONAL_REPRESENTATION('',(#1167),#1171);
#1167 = LINE('',#1168,#1169);
#1168 = CARTESIAN_POINT('',(0.,0.));
#1169 = VECTOR('',#1170,1.);
#1170 = DIRECTION('',(1.,0.));
#1171 = ( GEOMETRIC_REPRESENTATION_CONTEXT(2) 
PARAMETRIC_REPRESENTATION_CONTEXT() REPRESENTATION_CONTEXT('2D SPACE',''
  ) );
#1172 = ORIENTED_EDGE('',*,*,#1173,.T.);
#1173 = EDGE_CURVE('',#1151,#1174,#1176,.T.);
#1174 = VERTEX_POINT('',#1175);
#1175 = CARTESIAN_POINT('',(66.3,-125.,-90.));
#1176 = SURFACE_CURVE('',#1177,(#1181,#1188),.PCURVE_S1.);
#1177 = LINE('',#1178,#1179);
#1178 = CARTESIAN_POINT('',(66.3,-125.,-150.));
#1179 = VECTOR('',#1180,1.);
#1180 = DIRECTION('',(0.,-0.,1.));
#1181 = PCURVE('',#72,#1182);
#1182 = DEFINITIONAL_REPRESENTATION('',(#1183),#1187);
#1183 = LINE('',#1184,#1185);
#1184 = CARTESIAN_POINT('',(0.,216.3));
#1185 = VECTOR('',#1186,1.);
#1186 = DIRECTION('',(1.,0.));
#1187 = ( GEOMETRIC_REPRESENTATION_CONTEXT(2) 
PARAMETRIC_REPRESENTATION_CONTEXT() REPRESENTATION_CONTEXT('2D SPACE',''
  ) );
#1188 = PCURVE('',#711,#1189);
#1189 = DEFINITIONAL_REPRESENTATION('',(#1190),#1194);
#1190 = LINE('',#1191,#1192);
#1191 = CARTESIAN_POINT('',(0.,0.));
#1192 = VECTOR('',#1193,1.);
#1193 = DIRECTION('',(0.,-1.));
#1194 = ( GEOMETRIC_REPRESENTATION_CONTEXT(2) 
PARAMETRIC_REPRESENTATION_CONTEXT() REPRESENTATION_CONTEXT('2D SPACE',''
  ) );
#1195 = ORIENTED_EDGE('',*,*,#1196,.F.);
#1196 = EDGE_CURVE('',#1197,#1174,#1199,.T.);
#1197 = VERTEX_POINT('',#1198);
#1198 = CARTESIAN_POINT('',(-85.2,-125.,-90.));
#1199 = SURFACE_CURVE('',#1200,(#1204,#1211),.PCURVE_S1.);
#1200 = LINE('',#1201,#1202);
#1201 = CARTESIAN_POINT('',(-85.2,-125.,-90.));
#1202 = VECTOR('',#1203,1.);
#1203 = DIRECTION('',(1.,0.,0.));
#1204 = PCURVE('',#72,#1205);
#1205 = DEFINITIONAL_REPRESENTATION('',(#1206),#1210);
#1206 = LINE('',#1207,#1208);
#1207 = CARTESIAN_POINT('',(60.,64.8));
#1208 = VECTOR('',#1209,1.);
#1209 = DIRECTION('',(0.,1.));
#1210 = ( GEOMETRIC_REPRESENTATION_CONTEXT(2) 
PARAMETRIC_REPRESENTATION_CONTEXT() REPRESENTATION_CONTEXT('2D SPACE',''
  ) );
#1211 = PCURVE('',#739,#1212);
#1212 = DEFINITIONAL_REPRESENTATION('',(#1213),#1217);
#1213 = LINE('',#1214,#1215);
#1214 = CARTESIAN_POINT('',(-75.75,-125.));
#1215 = VECTOR('',#1216,1.);
#1216 = DIRECTION('',(1.,0.));
#1217 = ( GEOMETRIC_REPRESENTATION_CONTEXT(2) 
PARAMETRIC_REPRESENTATION_CONTEXT() REPRESENTATION_CONTEXT('2D SPACE',''
  ) );
#1218 = ORIENTED_EDGE('',*,*,#1219,.F.);
#1219 = EDGE_CURVE('',#1220,#1197,#1222,.T.);
#1220 = VERTEX_POINT('',#1221);
#1221 = CARTESIAN_POINT('',(-85.2,-125.,-150.));
#1222 = SURFACE_CURVE('',#1223,(#1227,#1234),.PCURVE_S1.);
#1223 = LINE('',#1224,#1225);
#1224 = CARTESIAN_POINT('',(-85.2,-125.,-150.));
#1225 = VECTOR('',#1226,1.);
#1226 = DIRECTION('',(0.,-0.,1.));
#1227 = PCURVE('',#72,#1228);
#1228 = DEFINITIONAL_REPRESENTATION('',(#1229),#1233);
#1229 = LINE('',#1230,#1231);
#1230 = CARTESIAN_POINT('',(0.,64.8));
#1231 = VECTOR('',#1232,1.);
#1232 = DIRECTION('',(1.,0.));
#1233 = ( GEOMETRIC_REPRESENTATION_CONTEXT(2) 
PARAMETRIC_REPRESENTATION_CONTEXT() REPRESENTATION_CONTEXT('2D SPACE',''
  ) );
#1234 = PCURVE('',#813,#1235);
#1235 = DEFINITIONAL_REPRESENTATION('',(#1236),#1240);
#1236 = LINE('',#1237,#1238);
#1237 = CARTESIAN_POINT('',(250.,0.));
#1238 = VECTOR('',#1239,1.);
#1239 = DIRECTION('',(0.,-1.));
#1240 = ( GEOMETRIC_REPRESENTATION_CONTEXT(2) 
PARAMETRIC_REPRESENTATION_CONTEXT() REPRESENTATION_CONTEXT('2D SPACE',''
  ) );
#1241 = ORIENTED_EDGE('',*,*,#1242,.F.);
#1242 = EDGE_CURVE('',#57,#1220,#1243,.T.);
#1243 = SURFACE_CURVE('',#1244,(#1248,#1255),.PCURVE_S1.);
#1244 = LINE('',#1245,#1246);
#1245 = CARTESIAN_POINT('',(-150.,-125.,-150.));
#1246 = VECTOR('',#1247,1.);
#1247 = DIRECTION('',(1.,0.,0.));
#1248 = PCURVE('',#72,#1249);
#1249 = DEFINITIONAL_REPRESENTATION('',(#1250),#1254);
#1250 = LINE('',#1251,#1252);
#1251 = CARTESIAN_POINT('',(0.,0.));
#1252 = VECTOR('',#1253,1.);
#1253 = DIRECTION('',(0.,1.));
#1254 = ( GEOMETRIC_REPRESENTATION_CONTEXT(2) 
PARAMETRIC_REPRESENTATION_CONTEXT() REPRESENTATION_CONTEXT('2D SPACE',''
  ) );
#1255 = PCURVE('',#100,#1256);
#1256 = DEFINITIONAL_REPRESENTATION('',(#1257),#1261);
#1257 = LINE('',#1258,#1259);
#1258 = CARTESIAN_POINT('',(0.,0.));
#1259 = VECTOR('',#1260,1.);
#1260 = DIRECTION('',(1.,0.));
#1261 = ( GEOMETRIC_REPRESENTATION_CONTEXT(2) 
PARAMETRIC_REPRESENTATION_CONTEXT() REPRESENTATION_CONTEXT('2D SPACE',''
  ) );
#1262 = ORIENTED_EDGE('',*,*,#56,.T.);
#1263 = ORIENTED_EDGE('',*,*,#366,.T.);
#1264 = ORIENTED_EDGE('',*,*,#1265,.T.);
#1265 = EDGE_CURVE('',#367,#1266,#1268,.T.);
#1266 = VERTEX_POINT('',#1267);
#1267 = CARTESIAN_POINT('',(-58.5,-125.,90.));
#1268 = SURFACE_CURVE('',#1269,(#1273,#1280),.PCURVE_S1.);
#1269 = LINE('',#1270,#1271);
#1270 = CARTESIAN_POINT('',(-58.5,-125.,150.));
#1271 = VECTOR('',#1272,1.);
#1272 = DIRECTION('',(-0.,0.,-1.));
#1273 = PCURVE('',#72,#1274);
#1274 = DEFINITIONAL_REPRESENTATION('',(#1275),#1279);
#1275 = LINE('',#1276,#1277);
#1276 = CARTESIAN_POINT('',(300.,91.5));
#1277 = VECTOR('',#1278,1.);
#1278 = DIRECTION('',(-1.,0.));
#1279 = ( GEOMETRIC_REPRESENTATION_CONTEXT(2) 
PARAMETRIC_REPRESENTATION_CONTEXT() REPRESENTATION_CONTEXT('2D SPACE',''
  ) );
#1280 = PCURVE('',#403,#1281);
#1281 = DEFINITIONAL_REPRESENTATION('',(#1282),#1286);
#1282 = LINE('',#1283,#1284);
#1283 = CARTESIAN_POINT('',(250.,0.));
#1284 = VECTOR('',#1285,1.);
#1285 = DIRECTION('',(0.,-1.));
#1286 = ( GEOMETRIC_REPRESENTATION_CONTEXT(2) 
PARAMETRIC_REPRESENTATION_CONTEXT() REPRESENTATION_CONTEXT('2D SPACE',''
  ) );
#1287 = ORIENTED_EDGE('',*,*,#1288,.T.);
#1288 = EDGE_CURVE('',#1266,#1289,#1291,.T.);
#1289 = VERTEX_POINT('',#1290);
#1290 = CARTESIAN_POINT('',(42.,-125.,90.));
#1291 = SURFACE_CURVE('',#1292,(#1296,#1303),.PCURVE_S1.);
#1292 = LINE('',#1293,#1294);
#1293 = CARTESIAN_POINT('',(-58.5,-125.,90.));
#1294 = VECTOR('',#1295,1.);
#1295 = DIRECTION('',(1.,0.,0.));
#1296 = PCURVE('',#72,#1297);
#1297 = DEFINITIONAL_REPRESENTATION('',(#1298),#1302);
#1298 = LINE('',#1299,#1300);
#1299 = CARTESIAN_POINT('',(240.,91.5));
#1300 = VECTOR('',#1301,1.);
#1301 = DIRECTION('',(0.,1.));
#1302 = ( GEOMETRIC_REPRESENTATION_CONTEXT(2) 
PARAMETRIC_REPRESENTATION_CONTEXT() REPRESENTATION_CONTEXT('2D SPACE',''
  ) );
#1303 = PCURVE('',#938,#1304);
#1304 = DEFINITIONAL_REPRESENTATION('',(#1305),#1309);
#1305 = LINE('',#1306,#1307);
#1306 = CARTESIAN_POINT('',(-50.25,-125.));
#1307 = VECTOR('',#1308,1.);
#1308 = DIRECTION('',(1.,0.));
#1309 = ( GEOMETRIC_REPRESENTATION_CONTEXT(2) 
PARAMETRIC_REPRESENTATION_CONTEXT() REPRESENTATION_CONTEXT('2D SPACE',''
  ) );
#1310 = ORIENTED_EDGE('',*,*,#1311,.F.);
#1311 = EDGE_CURVE('',#1103,#1289,#1312,.T.);
#1312 = SURFACE_CURVE('',#1313,(#1317,#1324),.PCURVE_S1.);
#1313 = LINE('',#1314,#1315);
#1314 = CARTESIAN_POINT('',(42.,-125.,150.));
#1315 = VECTOR('',#1316,1.);
#1316 = DIRECTION('',(-0.,0.,-1.));
#1317 = PCURVE('',#72,#1318);
#1318 = DEFINITIONAL_REPRESENTATION('',(#1319),#1323);
#1319 = LINE('',#1320,#1321);
#1320 = CARTESIAN_POINT('',(300.,192.));
#1321 = VECTOR('',#1322,1.);
#1322 = DIRECTION('',(-1.,0.));
#1323 = ( GEOMETRIC_REPRESENTATION_CONTEXT(2) 
PARAMETRIC_REPRESENTATION_CONTEXT() REPRESENTATION_CONTEXT('2D SPACE',''
  ) );
#1324 = PCURVE('',#436,#1325);
#1325 = DEFINITIONAL_REPRESENTATION('',(#1326),#1330);
#1326 = LINE('',#1327,#1328);
#1327 = CARTESIAN_POINT('',(0.,0.));
#1328 = VECTOR('',#1329,1.);
#1329 = DIRECTION('',(0.,-1.));
#1330 = ( GEOMETRIC_REPRESENTATION_CONTEXT(2) 
PARAMETRIC_REPRESENTATION_CONTEXT() REPRESENTATION_CONTEXT('2D SPACE',''
  ) );
#1331 = ADVANCED_FACE('',(#1332),#156,.T.);
#1332 = FACE_BOUND('',#1333,.T.);
#1333 = EDGE_LOOP('',(#1334,#1335,#1358,#1379));
#1334 = ORIENTED_EDGE('',*,*,#876,.T.);
#1335 = ORIENTED_EDGE('',*,*,#1336,.T.);
#1336 = EDGE_CURVE('',#849,#1337,#1339,.T.);
#1337 = VERTEX_POINT('',#1338);
#1338 = CARTESIAN_POINT('',(-118.,86.,-87.));
#1339 = SURFACE_CURVE('',#1340,(#1344,#1351),.PCURVE_S1.);
#1340 = LINE('',#1341,#1342);
#1341 = CARTESIAN_POINT('',(-118.,125.,-87.));
#1342 = VECTOR('',#1343,1.);
#1343 = DIRECTION('',(0.,-1.,0.));
#1344 = PCURVE('',#156,#1345);
#1345 = DEFINITIONAL_REPRESENTATION('',(#1346),#1350);
#1346 = LINE('',#1347,#1348);
#1347 = CARTESIAN_POINT('',(0.,-32.));
#1348 = VECTOR('',#1349,1.);
#1349 = DIRECTION('',(1.,0.));
#1350 = ( GEOMETRIC_REPRESENTATION_CONTEXT(2) 
PARAMETRIC_REPRESENTATION_CONTEXT() REPRESENTATION_CONTEXT('2D SPACE',''
  ) );
#1351 = PCURVE('',#864,#1352);
#1352 = DEFINITIONAL_REPRESENTATION('',(#1353),#1357);
#1353 = LINE('',#1354,#1355);
#1354 = CARTESIAN_POINT('',(31.5,-19.5));
#1355 = VECTOR('',#1356,1.);
#1356 = DIRECTION('',(0.,1.));
#1357 = ( GEOMETRIC_REPRESENTATION_CONTEXT(2) 
PARAMETRIC_REPRESENTATION_CONTEXT() REPRESENTATION_CONTEXT('2D SPACE',''
  ) );
#1358 = ORIENTED_EDGE('',*,*,#1359,.F.);
#1359 = EDGE_CURVE('',#113,#1337,#1360,.T.);
#1360 = SURFACE_CURVE('',#1361,(#1365,#1372),.PCURVE_S1.);
#1361 = LINE('',#1362,#1363);
#1362 = CARTESIAN_POINT('',(-150.,86.,-87.));
#1363 = VECTOR('',#1364,1.);
#1364 = DIRECTION('',(1.,0.,-0.));
#1365 = PCURVE('',#156,#1366);
#1366 = DEFINITIONAL_REPRESENTATION('',(#1367),#1371);
#1367 = LINE('',#1368,#1369);
#1368 = CARTESIAN_POINT('',(39.,0.));
#1369 = VECTOR('',#1370,1.);
#1370 = DIRECTION('',(0.,-1.));
#1371 = ( GEOMETRIC_REPRESENTATION_CONTEXT(2) 
PARAMETRIC_REPRESENTATION_CONTEXT() REPRESENTATION_CONTEXT('2D SPACE',''
  ) );
#1372 = PCURVE('',#128,#1373);
#1373 = DEFINITIONAL_REPRESENTATION('',(#1374),#1378);
#1374 = LINE('',#1375,#1376);
#1375 = CARTESIAN_POINT('',(0.,0.));
#1376 = VECTOR('',#1377,1.);
#1377 = DIRECTION('',(0.,-1.));
#1378 = ( GEOMETRIC_REPRESENTATION_CONTEXT(2) 
PARAMETRIC_REPRESENTATION_CONTEXT() REPRESENTATION_CONTEXT('2D SPACE',''
  ) );
#1379 = ORIENTED_EDGE('',*,*,#140,.F.);
#1380 = ADVANCED_FACE('',(#1381),#100,.F.);
#1381 = FACE_BOUND('',#1382,.F.);
#1382 = EDGE_LOOP('',(#1383,#1384,#1407,#1428,#1429,#1430));
#1383 = ORIENTED_EDGE('',*,*,#825,.F.);
#1384 = ORIENTED_EDGE('',*,*,#1385,.F.);
#1385 = EDGE_CURVE('',#1386,#826,#1388,.T.);
#1386 = VERTEX_POINT('',#1387);
#1387 = CARTESIAN_POINT('',(-118.,86.,-150.));
#1388 = SURFACE_CURVE('',#1389,(#1393,#1400),.PCURVE_S1.);
#1389 = LINE('',#1390,#1391);
#1390 = CARTESIAN_POINT('',(-118.,86.,-150.));
#1391 = VECTOR('',#1392,1.);
#1392 = DIRECTION('',(0.,1.,0.));
#1393 = PCURVE('',#100,#1394);
#1394 = DEFINITIONAL_REPRESENTATION('',(#1395),#1399);
#1395 = LINE('',#1396,#1397);
#1396 = CARTESIAN_POINT('',(32.,211.));
#1397 = VECTOR('',#1398,1.);
#1398 = DIRECTION('',(0.,1.));
#1399 = ( GEOMETRIC_REPRESENTATION_CONTEXT(2) 
PARAMETRIC_REPRESENTATION_CONTEXT() REPRESENTATION_CONTEXT('2D SPACE',''
  ) );
#1400 = PCURVE('',#864,#1401);
#1401 = DEFINITIONAL_REPRESENTATION('',(#1402),#1406);
#1402 = LINE('',#1403,#1404);
#1403 = CARTESIAN_POINT('',(-31.5,19.5));
#1404 = VECTOR('',#1405,1.);
#1405 = DIRECTION('',(0.,-1.));
#1406 = ( GEOMETRIC_REPRESENTATION_CONTEXT(2) 
PARAMETRIC_REPRESENTATION_CONTEXT() REPRESENTATION_CONTEXT('2D SPACE',''
  ) );
#1407 = ORIENTED_EDGE('',*,*,#1408,.F.);
#1408 = EDGE_CURVE('',#85,#1386,#1409,.T.);
#1409 = SURFACE_CURVE('',#1410,(#1414,#1421),.PCURVE_S1.);
#1410 = LINE('',#1411,#1412);
#1411 = CARTESIAN_POINT('',(-150.,86.,-150.));
#1412 = VECTOR('',#1413,1.);
#1413 = DIRECTION('',(1.,0.,-0.));
#1414 = PCURVE('',#100,#1415);
#1415 = DEFINITIONAL_REPRESENTATION('',(#1416),#1420);
#1416 = LINE('',#1417,#1418);
#1417 = CARTESIAN_POINT('',(0.,211.));
#1418 = VECTOR('',#1419,1.);
#1419 = DIRECTION('',(1.,0.));
#1420 = ( GEOMETRIC_REPRESENTATION_CONTEXT(2) 
PARAMETRIC_REPRESENTATION_CONTEXT() REPRESENTATION_CONTEXT('2D SPACE',''
  ) );
#1421 = PCURVE('',#128,#1422);
#1422 = DEFINITIONAL_REPRESENTATION('',(#1423),#1427);
#1423 = LINE('',#1424,#1425);
#1424 = CARTESIAN_POINT('',(63.,0.));
#1425 = VECTOR('',#1426,1.);
#1426 = DIRECTION('',(0.,-1.));
#1427 = ( GEOMETRIC_REPRESENTATION_CONTEXT(2) 
PARAMETRIC_REPRESENTATION_CONTEXT() REPRESENTATION_CONTEXT('2D SPACE',''
  ) );
#1428 = ORIENTED_EDGE('',*,*,#84,.F.);
#1429 = ORIENTED_EDGE('',*,*,#1242,.T.);
#1430 = ORIENTED_EDGE('',*,*,#1431,.F.);
#1431 = EDGE_CURVE('',#798,#1220,#1432,.T.);
#1432 = SURFACE_CURVE('',#1433,(#1437,#1444),.PCURVE_S1.);
#1433 = LINE('',#1434,#1435);
#1434 = CARTESIAN_POINT('',(-85.2,125.,-150.));
#1435 = VECTOR('',#1436,1.);
#1436 = DIRECTION('',(0.,-1.,0.));
#1437 = PCURVE('',#100,#1438);
#1438 = DEFINITIONAL_REPRESENTATION('',(#1439),#1443);
#1439 = LINE('',#1440,#1441);
#1440 = CARTESIAN_POINT('',(64.8,250.));
#1441 = VECTOR('',#1442,1.);
#1442 = DIRECTION('',(0.,-1.));
#1443 = ( GEOMETRIC_REPRESENTATION_CONTEXT(2) 
PARAMETRIC_REPRESENTATION_CONTEXT() REPRESENTATION_CONTEXT('2D SPACE',''
  ) );
#1444 = PCURVE('',#813,#1445);
#1445 = DEFINITIONAL_REPRESENTATION('',(#1446),#1450);
#1446 = LINE('',#1447,#1448);
#1447 = CARTESIAN_POINT('',(0.,0.));
#1448 = VECTOR('',#1449,1.);
#1449 = DIRECTION('',(1.,0.));
#1450 = ( GEOMETRIC_REPRESENTATION_CONTEXT(2) 
PARAMETRIC_REPRESENTATION_CONTEXT() REPRESENTATION_CONTEXT('2D SPACE',''
  ) );
#1451 = ADVANCED_FACE('',(#1452),#128,.T.);
#1452 = FACE_BOUND('',#1453,.T.);
#1453 = EDGE_LOOP('',(#1454,#1455,#1476,#1477));
#1454 = ORIENTED_EDGE('',*,*,#1359,.T.);
#1455 = ORIENTED_EDGE('',*,*,#1456,.T.);
#1456 = EDGE_CURVE('',#1337,#1386,#1457,.T.);
#1457 = SURFACE_CURVE('',#1458,(#1462,#1469),.PCURVE_S1.);
#1458 = LINE('',#1459,#1460);
#1459 = CARTESIAN_POINT('',(-118.,86.,-87.));
#1460 = VECTOR('',#1461,1.);
#1461 = DIRECTION('',(0.,0.,-1.));
#1462 = PCURVE('',#128,#1463);
#1463 = DEFINITIONAL_REPRESENTATION('',(#1464),#1468);
#1464 = LINE('',#1465,#1466);
#1465 = CARTESIAN_POINT('',(0.,-32.));
#1466 = VECTOR('',#1467,1.);
#1467 = DIRECTION('',(1.,0.));
#1468 = ( GEOMETRIC_REPRESENTATION_CONTEXT(2) 
PARAMETRIC_REPRESENTATION_CONTEXT() REPRESENTATION_CONTEXT('2D SPACE',''
  ) );
#1469 = PCURVE('',#864,#1470);
#1470 = DEFINITIONAL_REPRESENTATION('',(#1471),#1475);
#1471 = LINE('',#1472,#1473);
#1472 = CARTESIAN_POINT('',(31.5,19.5));
#1473 = VECTOR('',#1474,1.);
#1474 = DIRECTION('',(-1.,0.));
#1475 = ( GEOMETRIC_REPRESENTATION_CONTEXT(2) 
PARAMETRIC_REPRESENTATION_CONTEXT() REPRESENTATION_CONTEXT('2D SPACE',''
  ) );
#1476 = ORIENTED_EDGE('',*,*,#1408,.F.);
#1477 = ORIENTED_EDGE('',*,*,#112,.F.);
#1478 = ADVANCED_FACE('',(#1479),#213,.F.);
#1479 = FACE_BOUND('',#1480,.T.);
#1480 = EDGE_LOOP('',(#1481,#1504,#1531,#1532));
#1481 = ORIENTED_EDGE('',*,*,#1482,.T.);
#1482 = EDGE_CURVE('',#197,#1483,#1485,.T.);
#1483 = VERTEX_POINT('',#1484);
#1484 = CARTESIAN_POINT('',(-146.85,85.375,58.175));
#1485 = SEAM_CURVE('',#1486,(#1490,#1497),.PCURVE_S1.);
#1486 = LINE('',#1487,#1488);
#1487 = CARTESIAN_POINT('',(-150.,85.375,58.175));
#1488 = VECTOR('',#1489,1.);
#1489 = DIRECTION('',(1.,-0.,0.));
#1490 = PCURVE('',#213,#1491);
#1491 = DEFINITIONAL_REPRESENTATION('',(#1492),#1496);
#1492 = LINE('',#1493,#1494);
#1493 = CARTESIAN_POINT('',(-0.,0.));
#1494 = VECTOR('',#1495,1.);
#1495 = DIRECTION('',(-0.,-1.));
#1496 = ( GEOMETRIC_REPRESENTATION_CONTEXT(2) 
PARAMETRIC_REPRESENTATION_CONTEXT() REPRESENTATION_CONTEXT('2D SPACE',''
  ) );
#1497 = PCURVE('',#213,#1498);
#1498 = DEFINITIONAL_REPRESENTATION('',(#1499),#1503);
#1499 = LINE('',#1500,#1501);
#1500 = CARTESIAN_POINT('',(-6.28318530718,0.));
#1501 = VECTOR('',#1502,1.);
#1502 = DIRECTION('',(-0.,-1.));
#1503 = ( GEOMETRIC_REPRESENTATION_CONTEXT(2) 
PARAMETRIC_REPRESENTATION_CONTEXT() REPRESENTATION_CONTEXT('2D SPACE',''
  ) );
#1504 = ORIENTED_EDGE('',*,*,#1505,.T.);
#1505 = EDGE_CURVE('',#1483,#1483,#1506,.T.);
#1506 = SURFACE_CURVE('',#1507,(#1512,#1519),.PCURVE_S1.);
#1507 = CIRCLE('',#1508,5.6);
#1508 = AXIS2_PLACEMENT_3D('',#1509,#1510,#1511);
#1509 = CARTESIAN_POINT('',(-146.85,85.375,52.575));
#1510 = DIRECTION('',(1.,0.,-0.));
#1511 = DIRECTION('',(0.,0.,1.));
#1512 = PCURVE('',#213,#1513);
#1513 = DEFINITIONAL_REPRESENTATION('',(#1514),#1518);
#1514 = LINE('',#1515,#1516);
#1515 = CARTESIAN_POINT('',(-0.,-3.15));
#1516 = VECTOR('',#1517,1.);
#1517 = DIRECTION('',(-1.,0.));
#1518 = ( GEOMETRIC_REPRESENTATION_CONTEXT(2) 
PARAMETRIC_REPRESENTATION_CONTEXT() REPRESENTATION_CONTEXT('2D SPACE',''
  ) );
#1519 = PCURVE('',#1520,#1525);
#1520 = PLANE('',#1521);
#1521 = AXIS2_PLACEMENT_3D('',#1522,#1523,#1524);
#1522 = CARTESIAN_POINT('',(-146.85,85.375,52.575));
#1523 = DIRECTION('',(1.,0.,0.));
#1524 = DIRECTION('',(-0.,0.,1.));
#1525 = DEFINITIONAL_REPRESENTATION('',(#1526),#1530);
#1526 = CIRCLE('',#1527,5.6);
#1527 = AXIS2_PLACEMENT_2D('',#1528,#1529);
#1528 = CARTESIAN_POINT('',(0.,1.42108547152E-14));
#1529 = DIRECTION('',(1.,0.));
#1530 = ( GEOMETRIC_REPRESENTATION_CONTEXT(2) 
PARAMETRIC_REPRESENTATION_CONTEXT() REPRESENTATION_CONTEXT('2D SPACE',''
  ) );
#1531 = ORIENTED_EDGE('',*,*,#1482,.F.);
#1532 = ORIENTED_EDGE('',*,*,#196,.F.);
#1533 = ADVANCED_FACE('',(#1534),#245,.F.);
#1534 = FACE_BOUND('',#1535,.F.);
#1535 = EDGE_LOOP('',(#1536,#1559,#1587,#1608));
#1536 = ORIENTED_EDGE('',*,*,#1537,.T.);
#1537 = EDGE_CURVE('',#228,#1538,#1540,.T.);
#1538 = VERTEX_POINT('',#1539);
#1539 = CARTESIAN_POINT('',(-134.,74.75,92.1));
#1540 = SURFACE_CURVE('',#1541,(#1545,#1552),.PCURVE_S1.);
#1541 = LINE('',#1542,#1543);
#1542 = CARTESIAN_POINT('',(-150.,74.75,92.1));
#1543 = VECTOR('',#1544,1.);
#1544 = DIRECTION('',(1.,-0.,0.));
#1545 = PCURVE('',#245,#1546);
#1546 = DEFINITIONAL_REPRESENTATION('',(#1547),#1551);
#1547 = LINE('',#1548,#1549);
#1548 = CARTESIAN_POINT('',(0.,0.));
#1549 = VECTOR('',#1550,1.);
#1550 = DIRECTION('',(0.,-1.));
#1551 = ( GEOMETRIC_REPRESENTATION_CONTEXT(2) 
PARAMETRIC_REPRESENTATION_CONTEXT() REPRESENTATION_CONTEXT('2D SPACE',''
  ) );
#1552 = PCURVE('',#327,#1553);
#1553 = DEFINITIONAL_REPRESENTATION('',(#1554),#1558);
#1554 = LINE('',#1555,#1556);
#1555 = CARTESIAN_POINT('',(29.,0.));
#1556 = VECTOR('',#1557,1.);
#1557 = DIRECTION('',(0.,-1.));
#1558 = ( GEOMETRIC_REPRESENTATION_CONTEXT(2) 
PARAMETRIC_REPRESENTATION_CONTEXT() REPRESENTATION_CONTEXT('2D SPACE',''
  ) );
#1559 = ORIENTED_EDGE('',*,*,#1560,.T.);
#1560 = EDGE_CURVE('',#1538,#1561,#1563,.T.);
#1561 = VERTEX_POINT('',#1562);
#1562 = CARTESIAN_POINT('',(-134.,93.75,92.1));
#1563 = SURFACE_CURVE('',#1564,(#1568,#1575),.PCURVE_S1.);
#1564 = LINE('',#1565,#1566);
#1565 = CARTESIAN_POINT('',(-134.,74.75,92.1));
#1566 = VECTOR('',#1567,1.);
#1567 = DIRECTION('',(0.,1.,0.));
#1568 = PCURVE('',#245,#1569);
#1569 = DEFINITIONAL_REPRESENTATION('',(#1570),#1574);
#1570 = LINE('',#1571,#1572);
#1571 = CARTESIAN_POINT('',(0.,-16.));
#1572 = VECTOR('',#1573,1.);
#1573 = DIRECTION('',(1.,0.));
#1574 = ( GEOMETRIC_REPRESENTATION_CONTEXT(2) 
PARAMETRIC_REPRESENTATION_CONTEXT() REPRESENTATION_CONTEXT('2D SPACE',''
  ) );
#1575 = PCURVE('',#1576,#1581);
#1576 = PLANE('',#1577);
#1577 = AXIS2_PLACEMENT_3D('',#1578,#1579,#1580);
#1578 = CARTESIAN_POINT('',(-134.,84.25,77.6));
#1579 = DIRECTION('',(-1.,-0.,-0.));
#1580 = DIRECTION('',(0.,0.,-1.));
#1581 = DEFINITIONAL_REPRESENTATION('',(#1582),#1586);
#1582 = LINE('',#1583,#1584);
#1583 = CARTESIAN_POINT('',(-14.5,9.5));
#1584 = VECTOR('',#1585,1.);
#1585 = DIRECTION('',(0.,-1.));
#1586 = ( GEOMETRIC_REPRESENTATION_CONTEXT(2) 
PARAMETRIC_REPRESENTATION_CONTEXT() REPRESENTATION_CONTEXT('2D SPACE',''
  ) );
#1587 = ORIENTED_EDGE('',*,*,#1588,.F.);
#1588 = EDGE_CURVE('',#230,#1561,#1589,.T.);
#1589 = SURFACE_CURVE('',#1590,(#1594,#1601),.PCURVE_S1.);
#1590 = LINE('',#1591,#1592);
#1591 = CARTESIAN_POINT('',(-150.,93.75,92.1));
#1592 = VECTOR('',#1593,1.);
#1593 = DIRECTION('',(1.,-0.,0.));
#1594 = PCURVE('',#245,#1595);
#1595 = DEFINITIONAL_REPRESENTATION('',(#1596),#1600);
#1596 = LINE('',#1597,#1598);
#1597 = CARTESIAN_POINT('',(19.,0.));
#1598 = VECTOR('',#1599,1.);
#1599 = DIRECTION('',(0.,-1.));
#1600 = ( GEOMETRIC_REPRESENTATION_CONTEXT(2) 
PARAMETRIC_REPRESENTATION_CONTEXT() REPRESENTATION_CONTEXT('2D SPACE',''
  ) );
#1601 = PCURVE('',#273,#1602);
#1602 = DEFINITIONAL_REPRESENTATION('',(#1603),#1607);
#1603 = LINE('',#1604,#1605);
#1604 = CARTESIAN_POINT('',(0.,0.));
#1605 = VECTOR('',#1606,1.);
#1606 = DIRECTION('',(0.,-1.));
#1607 = ( GEOMETRIC_REPRESENTATION_CONTEXT(2) 
PARAMETRIC_REPRESENTATION_CONTEXT() REPRESENTATION_CONTEXT('2D SPACE',''
  ) );
#1608 = ORIENTED_EDGE('',*,*,#227,.F.);
#1609 = ADVANCED_FACE('',(#1610),#327,.F.);
#1610 = FACE_BOUND('',#1611,.F.);
#1611 = EDGE_LOOP('',(#1612,#1635,#1656,#1657));
#1612 = ORIENTED_EDGE('',*,*,#1613,.T.);
#1613 = EDGE_CURVE('',#286,#1614,#1616,.T.);
#1614 = VERTEX_POINT('',#1615);
#1615 = CARTESIAN_POINT('',(-134.,74.75,63.1));
#1616 = SURFACE_CURVE('',#1617,(#1621,#1628),.PCURVE_S1.);
#1617 = LINE('',#1618,#1619);
#1618 = CARTESIAN_POINT('',(-150.,74.75,63.1));
#1619 = VECTOR('',#1620,1.);
#1620 = DIRECTION('',(1.,-0.,0.));
#1621 = PCURVE('',#327,#1622);
#1622 = DEFINITIONAL_REPRESENTATION('',(#1623),#1627);
#1623 = LINE('',#1624,#1625);
#1624 = CARTESIAN_POINT('',(0.,0.));
#1625 = VECTOR('',#1626,1.);
#1626 = DIRECTION('',(0.,-1.));
#1627 = ( GEOMETRIC_REPRESENTATION_CONTEXT(2) 
PARAMETRIC_REPRESENTATION_CONTEXT() REPRESENTATION_CONTEXT('2D SPACE',''
  ) );
#1628 = PCURVE('',#301,#1629);
#1629 = DEFINITIONAL_REPRESENTATION('',(#1630),#1634);
#1630 = LINE('',#1631,#1632);
#1631 = CARTESIAN_POINT('',(19.,0.));
#1632 = VECTOR('',#1633,1.);
#1633 = DIRECTION('',(0.,-1.));
#1634 = ( GEOMETRIC_REPRESENTATION_CONTEXT(2) 
PARAMETRIC_REPRESENTATION_CONTEXT() REPRESENTATION_CONTEXT('2D SPACE',''
  ) );
#1635 = ORIENTED_EDGE('',*,*,#1636,.T.);
#1636 = EDGE_CURVE('',#1614,#1538,#1637,.T.);
#1637 = SURFACE_CURVE('',#1638,(#1642,#1649),.PCURVE_S1.);
#1638 = LINE('',#1639,#1640);
#1639 = CARTESIAN_POINT('',(-134.,74.75,63.1));
#1640 = VECTOR('',#1641,1.);
#1641 = DIRECTION('',(0.,0.,1.));
#1642 = PCURVE('',#327,#1643);
#1643 = DEFINITIONAL_REPRESENTATION('',(#1644),#1648);
#1644 = LINE('',#1645,#1646);
#1645 = CARTESIAN_POINT('',(0.,-16.));
#1646 = VECTOR('',#1647,1.);
#1647 = DIRECTION('',(1.,0.));
#1648 = ( GEOMETRIC_REPRESENTATION_CONTEXT(2) 
PARAMETRIC_REPRESENTATION_CONTEXT() REPRESENTATION_CONTEXT('2D SPACE',''
  ) );
#1649 = PCURVE('',#1576,#1650);
#1650 = DEFINITIONAL_REPRESENTATION('',(#1651),#1655);
#1651 = LINE('',#1652,#1653);
#1652 = CARTESIAN_POINT('',(14.5,9.5));
#1653 = VECTOR('',#1654,1.);
#1654 = DIRECTION('',(-1.,0.));
#1655 = ( GEOMETRIC_REPRESENTATION_CONTEXT(2) 
PARAMETRIC_REPRESENTATION_CONTEXT() REPRESENTATION_CONTEXT('2D SPACE',''
  ) );
#1656 = ORIENTED_EDGE('',*,*,#1537,.F.);
#1657 = ORIENTED_EDGE('',*,*,#313,.F.);
#1658 = ADVANCED_FACE('',(#1659),#273,.F.);
#1659 = FACE_BOUND('',#1660,.F.);
#1660 = EDGE_LOOP('',(#1661,#1662,#1663,#1686,#1715,#1739,#1762));
#1661 = ORIENTED_EDGE('',*,*,#257,.F.);
#1662 = ORIENTED_EDGE('',*,*,#1588,.T.);
#1663 = ORIENTED_EDGE('',*,*,#1664,.T.);
#1664 = EDGE_CURVE('',#1561,#1665,#1667,.T.);
#1665 = VERTEX_POINT('',#1666);
#1666 = CARTESIAN_POINT('',(-134.,93.75,90.979949748427));
#1667 = SURFACE_CURVE('',#1668,(#1672,#1679),.PCURVE_S1.);
#1668 = LINE('',#1669,#1670);
#1669 = CARTESIAN_POINT('',(-134.,93.75,92.1));
#1670 = VECTOR('',#1671,1.);
#1671 = DIRECTION('',(0.,0.,-1.));
#1672 = PCURVE('',#273,#1673);
#1673 = DEFINITIONAL_REPRESENTATION('',(#1674),#1678);
#1674 = LINE('',#1675,#1676);
#1675 = CARTESIAN_POINT('',(0.,-16.));
#1676 = VECTOR('',#1677,1.);
#1677 = DIRECTION('',(1.,0.));
#1678 = ( GEOMETRIC_REPRESENTATION_CONTEXT(2) 
PARAMETRIC_REPRESENTATION_CONTEXT() REPRESENTATION_CONTEXT('2D SPACE',''
  ) );
#1679 = PCURVE('',#1576,#1680);
#1680 = DEFINITIONAL_REPRESENTATION('',(#1681),#1685);
#1681 = LINE('',#1682,#1683);
#1682 = CARTESIAN_POINT('',(-14.5,-9.5));
#1683 = VECTOR('',#1684,1.);
#1684 = DIRECTION('',(1.,0.));
#1685 = ( GEOMETRIC_REPRESENTATION_CONTEXT(2) 
PARAMETRIC_REPRESENTATION_CONTEXT() REPRESENTATION_CONTEXT('2D SPACE',''
  ) );
#1686 = ORIENTED_EDGE('',*,*,#1687,.F.);
#1687 = EDGE_CURVE('',#1688,#1665,#1690,.T.);
#1688 = VERTEX_POINT('',#1689);
#1689 = CARTESIAN_POINT('',(-134.4,93.75,83.));
#1690 = SURFACE_CURVE('',#1691,(#1696,#1703),.PCURVE_S1.);
#1691 = CIRCLE('',#1692,4.);
#1692 = AXIS2_PLACEMENT_3D('',#1693,#1694,#1695);
#1693 = CARTESIAN_POINT('',(-134.4,93.75,87.));
#1694 = DIRECTION('',(-0.,1.,0.));
#1695 = DIRECTION('',(0.,0.,-1.));
#1696 = PCURVE('',#273,#1697);
#1697 = DEFINITIONAL_REPRESENTATION('',(#1698),#1702);
#1698 = CIRCLE('',#1699,4.);
#1699 = AXIS2_PLACEMENT_2D('',#1700,#1701);
#1700 = CARTESIAN_POINT('',(5.1,-15.6));
#1701 = DIRECTION('',(1.,0.));
#1702 = ( GEOMETRIC_REPRESENTATION_CONTEXT(2) 
PARAMETRIC_REPRESENTATION_CONTEXT() REPRESENTATION_CONTEXT('2D SPACE',''
  ) );
#1703 = PCURVE('',#1704,#1709);
#1704 = CYLINDRICAL_SURFACE('',#1705,4.);
#1705 = AXIS2_PLACEMENT_3D('',#1706,#1707,#1708);
#1706 = CARTESIAN_POINT('',(-134.4,123.71374761723,87.));
#1707 = DIRECTION('',(-0.,1.,-0.));
#1708 = DIRECTION('',(0.,0.,-1.));
#1709 = DEFINITIONAL_REPRESENTATION('',(#1710),#1714);
#1710 = LINE('',#1711,#1712);
#1711 = CARTESIAN_POINT('',(-6.28318530718,-29.96374761723));
#1712 = VECTOR('',#1713,1.);
#1713 = DIRECTION('',(1.,-0.));
#1714 = ( GEOMETRIC_REPRESENTATION_CONTEXT(2) 
PARAMETRIC_REPRESENTATION_CONTEXT() REPRESENTATION_CONTEXT('2D SPACE',''
  ) );
#1715 = ORIENTED_EDGE('',*,*,#1716,.F.);
#1716 = EDGE_CURVE('',#1717,#1688,#1719,.T.);
#1717 = VERTEX_POINT('',#1718);
#1718 = CARTESIAN_POINT('',(-134.,93.75,83.020050251573));
#1719 = SURFACE_CURVE('',#1720,(#1725,#1732),.PCURVE_S1.);
#1720 = CIRCLE('',#1721,4.);
#1721 = AXIS2_PLACEMENT_3D('',#1722,#1723,#1724);
#1722 = CARTESIAN_POINT('',(-134.4,93.75,87.));
#1723 = DIRECTION('',(-0.,1.,0.));
#1724 = DIRECTION('',(0.,0.,-1.));
#1725 = PCURVE('',#273,#1726);
#1726 = DEFINITIONAL_REPRESENTATION('',(#1727),#1731);
#1727 = CIRCLE('',#1728,4.);
#1728 = AXIS2_PLACEMENT_2D('',#1729,#1730);
#1729 = CARTESIAN_POINT('',(5.1,-15.6));
#1730 = DIRECTION('',(1.,0.));
#1731 = ( GEOMETRIC_REPRESENTATION_CONTEXT(2) 
PARAMETRIC_REPRESENTATION_CONTEXT() REPRESENTATION_CONTEXT('2D SPACE',''
  ) );
#1732 = PCURVE('',#1704,#1733);
#1733 = DEFINITIONAL_REPRESENTATION('',(#1734),#1738);
#1734 = LINE('',#1735,#1736);
#1735 = CARTESIAN_POINT('',(-6.28318530718,-29.96374761723));
#1736 = VECTOR('',#1737,1.);
#1737 = DIRECTION('',(1.,-0.));
#1738 = ( GEOMETRIC_REPRESENTATION_CONTEXT(2) 
PARAMETRIC_REPRESENTATION_CONTEXT() REPRESENTATION_CONTEXT('2D SPACE',''
  ) );
#1739 = ORIENTED_EDGE('',*,*,#1740,.T.);
#1740 = EDGE_CURVE('',#1717,#1741,#1743,.T.);
#1741 = VERTEX_POINT('',#1742);
#1742 = CARTESIAN_POINT('',(-134.,93.75,63.1));
#1743 = SURFACE_CURVE('',#1744,(#1748,#1755),.PCURVE_S1.);
#1744 = LINE('',#1745,#1746);
#1745 = CARTESIAN_POINT('',(-134.,93.75,92.1));
#1746 = VECTOR('',#1747,1.);
#1747 = DIRECTION('',(0.,0.,-1.));
#1748 = PCURVE('',#273,#1749);
#1749 = DEFINITIONAL_REPRESENTATION('',(#1750),#1754);
#1750 = LINE('',#1751,#1752);
#1751 = CARTESIAN_POINT('',(0.,-16.));
#1752 = VECTOR('',#1753,1.);
#1753 = DIRECTION('',(1.,0.));
#1754 = ( GEOMETRIC_REPRESENTATION_CONTEXT(2) 
PARAMETRIC_REPRESENTATION_CONTEXT() REPRESENTATION_CONTEXT('2D SPACE',''
  ) );
#1755 = PCURVE('',#1576,#1756);
#1756 = DEFINITIONAL_REPRESENTATION('',(#1757),#1761);
#1757 = LINE('',#1758,#1759);
#1758 = CARTESIAN_POINT('',(-14.5,-9.5));
#1759 = VECTOR('',#1760,1.);
#1760 = DIRECTION('',(1.,0.));
#1761 = ( GEOMETRIC_REPRESENTATION_CONTEXT(2) 
PARAMETRIC_REPRESENTATION_CONTEXT() REPRESENTATION_CONTEXT('2D SPACE',''
  ) );
#1762 = ORIENTED_EDGE('',*,*,#1763,.F.);
#1763 = EDGE_CURVE('',#258,#1741,#1764,.T.);
#1764 = SURFACE_CURVE('',#1765,(#1769,#1776),.PCURVE_S1.);
#1765 = LINE('',#1766,#1767);
#1766 = CARTESIAN_POINT('',(-150.,93.75,63.1));
#1767 = VECTOR('',#1768,1.);
#1768 = DIRECTION('',(1.,-0.,0.));
#1769 = PCURVE('',#273,#1770);
#1770 = DEFINITIONAL_REPRESENTATION('',(#1771),#1775);
#1771 = LINE('',#1772,#1773);
#1772 = CARTESIAN_POINT('',(29.,0.));
#1773 = VECTOR('',#1774,1.);
#1774 = DIRECTION('',(0.,-1.));
#1775 = ( GEOMETRIC_REPRESENTATION_CONTEXT(2) 
PARAMETRIC_REPRESENTATION_CONTEXT() REPRESENTATION_CONTEXT('2D SPACE',''
  ) );
#1776 = PCURVE('',#301,#1777);
#1777 = DEFINITIONAL_REPRESENTATION('',(#1778),#1782);
#1778 = LINE('',#1779,#1780);
#1779 = CARTESIAN_POINT('',(0.,-0.));
#1780 = VECTOR('',#1781,1.);
#1781 = DIRECTION('',(0.,-1.));
#1782 = ( GEOMETRIC_REPRESENTATION_CONTEXT(2) 
PARAMETRIC_REPRESENTATION_CONTEXT() REPRESENTATION_CONTEXT('2D SPACE',''
  ) );
#1783 = ADVANCED_FACE('',(#1784),#301,.F.);
#1784 = FACE_BOUND('',#1785,.F.);
#1785 = EDGE_LOOP('',(#1786,#1787,#1808,#1809));
#1786 = ORIENTED_EDGE('',*,*,#1763,.T.);
#1787 = ORIENTED_EDGE('',*,*,#1788,.T.);
#1788 = EDGE_CURVE('',#1741,#1614,#1789,.T.);
#1789 = SURFACE_CURVE('',#1790,(#1794,#1801),.PCURVE_S1.);
#1790 = LINE('',#1791,#1792);
#1791 = CARTESIAN_POINT('',(-134.,93.75,63.1));
#1792 = VECTOR('',#1793,1.);
#1793 = DIRECTION('',(0.,-1.,-0.));
#1794 = PCURVE('',#301,#1795);
#1795 = DEFINITIONAL_REPRESENTATION('',(#1796),#1800);
#1796 = LINE('',#1797,#1798);
#1797 = CARTESIAN_POINT('',(0.,-16.));
#1798 = VECTOR('',#1799,1.);
#1799 = DIRECTION('',(1.,0.));
#1800 = ( GEOMETRIC_REPRESENTATION_CONTEXT(2) 
PARAMETRIC_REPRESENTATION_CONTEXT() REPRESENTATION_CONTEXT('2D SPACE',''
  ) );
#1801 = PCURVE('',#1576,#1802);
#1802 = DEFINITIONAL_REPRESENTATION('',(#1803),#1807);
#1803 = LINE('',#1804,#1805);
#1804 = CARTESIAN_POINT('',(14.5,-9.5));
#1805 = VECTOR('',#1806,1.);
#1806 = DIRECTION('',(0.,1.));
#1807 = ( GEOMETRIC_REPRESENTATION_CONTEXT(2) 
PARAMETRIC_REPRESENTATION_CONTEXT() REPRESENTATION_CONTEXT('2D SPACE',''
  ) );
#1808 = ORIENTED_EDGE('',*,*,#1613,.F.);
#1809 = ORIENTED_EDGE('',*,*,#285,.F.);
#1810 = ADVANCED_FACE('',(#1811),#403,.F.);
#1811 = FACE_BOUND('',#1812,.F.);
#1812 = EDGE_LOOP('',(#1813,#1814,#1835,#1836));
#1813 = ORIENTED_EDGE('',*,*,#899,.T.);
#1814 = ORIENTED_EDGE('',*,*,#1815,.T.);
#1815 = EDGE_CURVE('',#900,#1266,#1816,.T.);
#1816 = SURFACE_CURVE('',#1817,(#1821,#1828),.PCURVE_S1.);
#1817 = LINE('',#1818,#1819);
#1818 = CARTESIAN_POINT('',(-58.5,125.,90.));
#1819 = VECTOR('',#1820,1.);
#1820 = DIRECTION('',(0.,-1.,0.));
#1821 = PCURVE('',#403,#1822);
#1822 = DEFINITIONAL_REPRESENTATION('',(#1823),#1827);
#1823 = LINE('',#1824,#1825);
#1824 = CARTESIAN_POINT('',(0.,-60.));
#1825 = VECTOR('',#1826,1.);
#1826 = DIRECTION('',(1.,0.));
#1827 = ( GEOMETRIC_REPRESENTATION_CONTEXT(2) 
PARAMETRIC_REPRESENTATION_CONTEXT() REPRESENTATION_CONTEXT('2D SPACE',''
  ) );
#1828 = PCURVE('',#938,#1829);
#1829 = DEFINITIONAL_REPRESENTATION('',(#1830),#1834);
#1830 = LINE('',#1831,#1832);
#1831 = CARTESIAN_POINT('',(-50.25,125.));
#1832 = VECTOR('',#1833,1.);
#1833 = DIRECTION('',(0.,-1.));
#1834 = ( GEOMETRIC_REPRESENTATION_CONTEXT(2) 
PARAMETRIC_REPRESENTATION_CONTEXT() REPRESENTATION_CONTEXT('2D SPACE',''
  ) );
#1835 = ORIENTED_EDGE('',*,*,#1265,.F.);
#1836 = ORIENTED_EDGE('',*,*,#389,.F.);
#1837 = ADVANCED_FACE('',(#1838),#436,.F.);
#1838 = FACE_BOUND('',#1839,.F.);
#1839 = EDGE_LOOP('',(#1840,#1841,#1862,#1863));
#1840 = ORIENTED_EDGE('',*,*,#1311,.T.);
#1841 = ORIENTED_EDGE('',*,*,#1842,.T.);
#1842 = EDGE_CURVE('',#1289,#421,#1843,.T.);
#1843 = SURFACE_CURVE('',#1844,(#1848,#1855),.PCURVE_S1.);
#1844 = LINE('',#1845,#1846);
#1845 = CARTESIAN_POINT('',(42.,-125.,90.));
#1846 = VECTOR('',#1847,1.);
#1847 = DIRECTION('',(0.,1.,0.));
#1848 = PCURVE('',#436,#1849);
#1849 = DEFINITIONAL_REPRESENTATION('',(#1850),#1854);
#1850 = LINE('',#1851,#1852);
#1851 = CARTESIAN_POINT('',(0.,-60.));
#1852 = VECTOR('',#1853,1.);
#1853 = DIRECTION('',(1.,0.));
#1854 = ( GEOMETRIC_REPRESENTATION_CONTEXT(2) 
PARAMETRIC_REPRESENTATION_CONTEXT() REPRESENTATION_CONTEXT('2D SPACE',''
  ) );
#1855 = PCURVE('',#938,#1856);
#1856 = DEFINITIONAL_REPRESENTATION('',(#1857),#1861);
#1857 = LINE('',#1858,#1859);
#1858 = CARTESIAN_POINT('',(50.25,-125.));
#1859 = VECTOR('',#1860,1.);
#1860 = DIRECTION('',(0.,1.));
#1861 = ( GEOMETRIC_REPRESENTATION_CONTEXT(2) 
PARAMETRIC_REPRESENTATION_CONTEXT() REPRESENTATION_CONTEXT('2D SPACE',''
  ) );
#1862 = ORIENTED_EDGE('',*,*,#418,.F.);
#1863 = ORIENTED_EDGE('',*,*,#1864,.F.);
#1864 = EDGE_CURVE('',#1103,#419,#1865,.T.);
#1865 = SURFACE_CURVE('',#1866,(#1870,#1877),.PCURVE_S1.);
#1866 = LINE('',#1867,#1868);
#1867 = CARTESIAN_POINT('',(42.,-125.,150.));
#1868 = VECTOR('',#1869,1.);
#1869 = DIRECTION('',(0.,1.,0.));
#1870 = PCURVE('',#436,#1871);
#1871 = DEFINITIONAL_REPRESENTATION('',(#1872),#1876);
#1872 = LINE('',#1873,#1874);
#1873 = CARTESIAN_POINT('',(0.,0.));
#1874 = VECTOR('',#1875,1.);
#1875 = DIRECTION('',(1.,0.));
#1876 = ( GEOMETRIC_REPRESENTATION_CONTEXT(2) 
PARAMETRIC_REPRESENTATION_CONTEXT() REPRESENTATION_CONTEXT('2D SPACE',''
  ) );
#1877 = PCURVE('',#464,#1878);
#1878 = DEFINITIONAL_REPRESENTATION('',(#1879),#1883);
#1879 = LINE('',#1880,#1881);
#1880 = CARTESIAN_POINT('',(192.,0.));
#1881 = VECTOR('',#1882,1.);
#1882 = DIRECTION('',(0.,1.));
#1883 = ( GEOMETRIC_REPRESENTATION_CONTEXT(2) 
PARAMETRIC_REPRESENTATION_CONTEXT() REPRESENTATION_CONTEXT('2D SPACE',''
  ) );
#1884 = ADVANCED_FACE('',(#1885),#464,.T.);
#1885 = FACE_BOUND('',#1886,.T.);
#1886 = EDGE_LOOP('',(#1887,#1888,#1889,#1890,#1913,#1941));
#1887 = ORIENTED_EDGE('',*,*,#448,.F.);
#1888 = ORIENTED_EDGE('',*,*,#1864,.F.);
#1889 = ORIENTED_EDGE('',*,*,#1102,.T.);
#1890 = ORIENTED_EDGE('',*,*,#1891,.T.);
#1891 = EDGE_CURVE('',#1105,#1892,#1894,.T.);
#1892 = VERTEX_POINT('',#1893);
#1893 = CARTESIAN_POINT('',(150.,-67.,150.));
#1894 = SURFACE_CURVE('',#1895,(#1899,#1906),.PCURVE_S1.);
#1895 = LINE('',#1896,#1897);
#1896 = CARTESIAN_POINT('',(150.,-125.,150.));
#1897 = VECTOR('',#1898,1.);
#1898 = DIRECTION('',(0.,1.,0.));
#1899 = PCURVE('',#464,#1900);
#1900 = DEFINITIONAL_REPRESENTATION('',(#1901),#1905);
#1901 = LINE('',#1902,#1903);
#1902 = CARTESIAN_POINT('',(300.,0.));
#1903 = VECTOR('',#1904,1.);
#1904 = DIRECTION('',(0.,1.));
#1905 = ( GEOMETRIC_REPRESENTATION_CONTEXT(2) 
PARAMETRIC_REPRESENTATION_CONTEXT() REPRESENTATION_CONTEXT('2D SPACE',''
  ) );
#1906 = PCURVE('',#548,#1907);
#1907 = DEFINITIONAL_REPRESENTATION('',(#1908),#1912);
#1908 = LINE('',#1909,#1910);
#1909 = CARTESIAN_POINT('',(300.,0.));
#1910 = VECTOR('',#1911,1.);
#1911 = DIRECTION('',(0.,-1.));
#1912 = ( GEOMETRIC_REPRESENTATION_CONTEXT(2) 
PARAMETRIC_REPRESENTATION_CONTEXT() REPRESENTATION_CONTEXT('2D SPACE',''
  ) );
#1913 = ORIENTED_EDGE('',*,*,#1914,.T.);
#1914 = EDGE_CURVE('',#1892,#1915,#1917,.T.);
#1915 = VERTEX_POINT('',#1916);
#1916 = CARTESIAN_POINT('',(91.,-67.,150.));
#1917 = SURFACE_CURVE('',#1918,(#1922,#1929),.PCURVE_S1.);
#1918 = LINE('',#1919,#1920);
#1919 = CARTESIAN_POINT('',(150.,-67.,150.));
#1920 = VECTOR('',#1921,1.);
#1921 = DIRECTION('',(-1.,0.,0.));
#1922 = PCURVE('',#464,#1923);
#1923 = DEFINITIONAL_REPRESENTATION('',(#1924),#1928);
#1924 = LINE('',#1925,#1926);
#1925 = CARTESIAN_POINT('',(300.,58.));
#1926 = VECTOR('',#1927,1.);
#1927 = DIRECTION('',(-1.,0.));
#1928 = ( GEOMETRIC_REPRESENTATION_CONTEXT(2) 
PARAMETRIC_REPRESENTATION_CONTEXT() REPRESENTATION_CONTEXT('2D SPACE',''
  ) );
#1929 = PCURVE('',#1930,#1935);
#1930 = PLANE('',#1931);
#1931 = AXIS2_PLACEMENT_3D('',#1932,#1933,#1934);
#1932 = CARTESIAN_POINT('',(150.,-67.,150.));
#1933 = DIRECTION('',(0.,1.,-0.));
#1934 = DIRECTION('',(-1.,0.,0.));
#1935 = DEFINITIONAL_REPRESENTATION('',(#1936),#1940);
#1936 = LINE('',#1937,#1938);
#1937 = CARTESIAN_POINT('',(0.,0.));
#1938 = VECTOR('',#1939,1.);
#1939 = DIRECTION('',(1.,0.));
#1940 = ( GEOMETRIC_REPRESENTATION_CONTEXT(2) 
PARAMETRIC_REPRESENTATION_CONTEXT() REPRESENTATION_CONTEXT('2D SPACE',''
  ) );
#1941 = ORIENTED_EDGE('',*,*,#1942,.T.);
#1942 = EDGE_CURVE('',#1915,#449,#1943,.T.);
#1943 = SURFACE_CURVE('',#1944,(#1948,#1955),.PCURVE_S1.);
#1944 = LINE('',#1945,#1946);
#1945 = CARTESIAN_POINT('',(91.,-67.,150.));
#1946 = VECTOR('',#1947,1.);
#1947 = DIRECTION('',(-0.,1.,0.));
#1948 = PCURVE('',#464,#1949);
#1949 = DEFINITIONAL_REPRESENTATION('',(#1950),#1954);
#1950 = LINE('',#1951,#1952);
#1951 = CARTESIAN_POINT('',(241.,58.));
#1952 = VECTOR('',#1953,1.);
#1953 = DIRECTION('',(0.,1.));
#1954 = ( GEOMETRIC_REPRESENTATION_CONTEXT(2) 
PARAMETRIC_REPRESENTATION_CONTEXT() REPRESENTATION_CONTEXT('2D SPACE',''
  ) );
#1955 = PCURVE('',#492,#1956);
#1956 = DEFINITIONAL_REPRESENTATION('',(#1957),#1961);
#1957 = LINE('',#1958,#1959);
#1958 = CARTESIAN_POINT('',(0.,0.));
#1959 = VECTOR('',#1960,1.);
#1960 = DIRECTION('',(1.,0.));
#1961 = ( GEOMETRIC_REPRESENTATION_CONTEXT(2) 
PARAMETRIC_REPRESENTATION_CONTEXT() REPRESENTATION_CONTEXT('2D SPACE',''
  ) );
#1962 = ADVANCED_FACE('',(#1963),#938,.T.);
#1963 = FACE_BOUND('',#1964,.T.);
#1964 = EDGE_LOOP('',(#1965,#1966,#1967,#1968,#1969,#1970));
#1965 = ORIENTED_EDGE('',*,*,#1842,.T.);
#1966 = ORIENTED_EDGE('',*,*,#973,.T.);
#1967 = ORIENTED_EDGE('',*,*,#950,.T.);
#1968 = ORIENTED_EDGE('',*,*,#922,.T.);
#1969 = ORIENTED_EDGE('',*,*,#1815,.T.);
#1970 = ORIENTED_EDGE('',*,*,#1288,.T.);
#1971 = ADVANCED_FACE('',(#1972),#492,.T.);
#1972 = FACE_BOUND('',#1973,.T.);
#1973 = EDGE_LOOP('',(#1974,#1997,#2018,#2019));
#1974 = ORIENTED_EDGE('',*,*,#1975,.T.);
#1975 = EDGE_CURVE('',#1915,#1976,#1978,.T.);
#1976 = VERTEX_POINT('',#1977);
#1977 = CARTESIAN_POINT('',(91.,-67.,119.));
#1978 = SURFACE_CURVE('',#1979,(#1983,#1990),.PCURVE_S1.);
#1979 = LINE('',#1980,#1981);
#1980 = CARTESIAN_POINT('',(91.,-67.,150.));
#1981 = VECTOR('',#1982,1.);
#1982 = DIRECTION('',(-0.,-0.,-1.));
#1983 = PCURVE('',#492,#1984);
#1984 = DEFINITIONAL_REPRESENTATION('',(#1985),#1989);
#1985 = LINE('',#1986,#1987);
#1986 = CARTESIAN_POINT('',(0.,0.));
#1987 = VECTOR('',#1988,1.);
#1988 = DIRECTION('',(-0.,-1.));
#1989 = ( GEOMETRIC_REPRESENTATION_CONTEXT(2) 
PARAMETRIC_REPRESENTATION_CONTEXT() REPRESENTATION_CONTEXT('2D SPACE',''
  ) );
#1990 = PCURVE('',#1930,#1991);
#1991 = DEFINITIONAL_REPRESENTATION('',(#1992),#1996);
#1992 = LINE('',#1993,#1994);
#1993 = CARTESIAN_POINT('',(59.,0.));
#1994 = VECTOR('',#1995,1.);
#1995 = DIRECTION('',(0.,-1.));
#1996 = ( GEOMETRIC_REPRESENTATION_CONTEXT(2) 
PARAMETRIC_REPRESENTATION_CONTEXT() REPRESENTATION_CONTEXT('2D SPACE',''
  ) );
#1997 = ORIENTED_EDGE('',*,*,#1998,.T.);
#1998 = EDGE_CURVE('',#1976,#477,#1999,.T.);
#1999 = SURFACE_CURVE('',#2000,(#2004,#2011),.PCURVE_S1.);
#2000 = LINE('',#2001,#2002);
#2001 = CARTESIAN_POINT('',(91.,-67.,119.));
#2002 = VECTOR('',#2003,1.);
#2003 = DIRECTION('',(-0.,1.,0.));
#2004 = PCURVE('',#492,#2005);
#2005 = DEFINITIONAL_REPRESENTATION('',(#2006),#2010);
#2006 = LINE('',#2007,#2008);
#2007 = CARTESIAN_POINT('',(0.,-31.));
#2008 = VECTOR('',#2009,1.);
#2009 = DIRECTION('',(1.,0.));
#2010 = ( GEOMETRIC_REPRESENTATION_CONTEXT(2) 
PARAMETRIC_REPRESENTATION_CONTEXT() REPRESENTATION_CONTEXT('2D SPACE',''
  ) );
#2011 = PCURVE('',#520,#2012);
#2012 = DEFINITIONAL_REPRESENTATION('',(#2013),#2017);
#2013 = LINE('',#2014,#2015);
#2014 = CARTESIAN_POINT('',(29.5,-96.));
#2015 = VECTOR('',#2016,1.);
#2016 = DIRECTION('',(0.,1.));
#2017 = ( GEOMETRIC_REPRESENTATION_CONTEXT(2) 
PARAMETRIC_REPRESENTATION_CONTEXT() REPRESENTATION_CONTEXT('2D SPACE',''
  ) );
#2018 = ORIENTED_EDGE('',*,*,#476,.F.);
#2019 = ORIENTED_EDGE('',*,*,#1942,.F.);
#2020 = ADVANCED_FACE('',(#2021),#520,.F.);
#2021 = FACE_BOUND('',#2022,.F.);
#2022 = EDGE_LOOP('',(#2023,#2046,#2067,#2068));
#2023 = ORIENTED_EDGE('',*,*,#2024,.T.);
#2024 = EDGE_CURVE('',#505,#2025,#2027,.T.);
#2025 = VERTEX_POINT('',#2026);
#2026 = CARTESIAN_POINT('',(150.,-67.,119.));
#2027 = SURFACE_CURVE('',#2028,(#2032,#2039),.PCURVE_S1.);
#2028 = LINE('',#2029,#2030);
#2029 = CARTESIAN_POINT('',(150.,125.,119.));
#2030 = VECTOR('',#2031,1.);
#2031 = DIRECTION('',(0.,-1.,0.));
#2032 = PCURVE('',#520,#2033);
#2033 = DEFINITIONAL_REPRESENTATION('',(#2034),#2038);
#2034 = LINE('',#2035,#2036);
#2035 = CARTESIAN_POINT('',(-29.5,96.));
#2036 = VECTOR('',#2037,1.);
#2037 = DIRECTION('',(0.,-1.));
#2038 = ( GEOMETRIC_REPRESENTATION_CONTEXT(2) 
PARAMETRIC_REPRESENTATION_CONTEXT() REPRESENTATION_CONTEXT('2D SPACE',''
  ) );
#2039 = PCURVE('',#548,#2040);
#2040 = DEFINITIONAL_REPRESENTATION('',(#2041),#2045);
#2041 = LINE('',#2042,#2043);
#2042 = CARTESIAN_POINT('',(269.,-250.));
#2043 = VECTOR('',#2044,1.);
#2044 = DIRECTION('',(0.,1.));
#2045 = ( GEOMETRIC_REPRESENTATION_CONTEXT(2) 
PARAMETRIC_REPRESENTATION_CONTEXT() REPRESENTATION_CONTEXT('2D SPACE',''
  ) );
#2046 = ORIENTED_EDGE('',*,*,#2047,.T.);
#2047 = EDGE_CURVE('',#2025,#1976,#2048,.T.);
#2048 = SURFACE_CURVE('',#2049,(#2053,#2060),.PCURVE_S1.);
#2049 = LINE('',#2050,#2051);
#2050 = CARTESIAN_POINT('',(150.,-67.,119.));
#2051 = VECTOR('',#2052,1.);
#2052 = DIRECTION('',(-1.,0.,0.));
#2053 = PCURVE('',#520,#2054);
#2054 = DEFINITIONAL_REPRESENTATION('',(#2055),#2059);
#2055 = LINE('',#2056,#2057);
#2056 = CARTESIAN_POINT('',(-29.5,-96.));
#2057 = VECTOR('',#2058,1.);
#2058 = DIRECTION('',(1.,0.));
#2059 = ( GEOMETRIC_REPRESENTATION_CONTEXT(2) 
PARAMETRIC_REPRESENTATION_CONTEXT() REPRESENTATION_CONTEXT('2D SPACE',''
  ) );
#2060 = PCURVE('',#1930,#2061);
#2061 = DEFINITIONAL_REPRESENTATION('',(#2062),#2066);
#2062 = LINE('',#2063,#2064);
#2063 = CARTESIAN_POINT('',(0.,-31.));
#2064 = VECTOR('',#2065,1.);
#2065 = DIRECTION('',(1.,0.));
#2066 = ( GEOMETRIC_REPRESENTATION_CONTEXT(2) 
PARAMETRIC_REPRESENTATION_CONTEXT() REPRESENTATION_CONTEXT('2D SPACE',''
  ) );
#2067 = ORIENTED_EDGE('',*,*,#1998,.T.);
#2068 = ORIENTED_EDGE('',*,*,#504,.T.);
#2069 = ADVANCED_FACE('',(#2070,#2201),#548,.T.);
#2070 = FACE_BOUND('',#2071,.T.);
#2071 = EDGE_LOOP('',(#2072,#2073,#2074,#2095,#2096,#2124,#2152,#2178,
    #2179,#2180));
#2072 = ORIENTED_EDGE('',*,*,#1891,.F.);
#2073 = ORIENTED_EDGE('',*,*,#1127,.F.);
#2074 = ORIENTED_EDGE('',*,*,#2075,.T.);
#2075 = EDGE_CURVE('',#1128,#645,#2076,.T.);
#2076 = SURFACE_CURVE('',#2077,(#2081,#2088),.PCURVE_S1.);
#2077 = LINE('',#2078,#2079);
#2078 = CARTESIAN_POINT('',(150.,-125.,-150.));
#2079 = VECTOR('',#2080,1.);
#2080 = DIRECTION('',(0.,1.,0.));
#2081 = PCURVE('',#548,#2082);
#2082 = DEFINITIONAL_REPRESENTATION('',(#2083),#2087);
#2083 = LINE('',#2084,#2085);
#2084 = CARTESIAN_POINT('',(0.,0.));
#2085 = VECTOR('',#2086,1.);
#2086 = DIRECTION('',(0.,-1.));
#2087 = ( GEOMETRIC_REPRESENTATION_CONTEXT(2) 
PARAMETRIC_REPRESENTATION_CONTEXT() REPRESENTATION_CONTEXT('2D SPACE',''
  ) );
#2088 = PCURVE('',#683,#2089);
#2089 = DEFINITIONAL_REPRESENTATION('',(#2090),#2094);
#2090 = LINE('',#2091,#2092);
#2091 = CARTESIAN_POINT('',(300.,0.));
#2092 = VECTOR('',#2093,1.);
#2093 = DIRECTION('',(0.,1.));
#2094 = ( GEOMETRIC_REPRESENTATION_CONTEXT(2) 
PARAMETRIC_REPRESENTATION_CONTEXT() REPRESENTATION_CONTEXT('2D SPACE',''
  ) );
#2095 = ORIENTED_EDGE('',*,*,#644,.T.);
#2096 = ORIENTED_EDGE('',*,*,#2097,.T.);
#2097 = EDGE_CURVE('',#617,#2098,#2100,.T.);
#2098 = VERTEX_POINT('',#2099);
#2099 = CARTESIAN_POINT('',(150.,71.,-24.6));
#2100 = SURFACE_CURVE('',#2101,(#2106,#2117),.PCURVE_S1.);
#2101 = CIRCLE('',#2102,54.);
#2102 = AXIS2_PLACEMENT_3D('',#2103,#2104,#2105);
#2103 = CARTESIAN_POINT('',(150.,125.,-24.6));
#2104 = DIRECTION('',(-1.,0.,-0.));
#2105 = DIRECTION('',(0.,1.224646799147E-16,-1.));
#2106 = PCURVE('',#548,#2107);
#2107 = DEFINITIONAL_REPRESENTATION('',(#2108),#2116);
#2108 = ( BOUNDED_CURVE() B_SPLINE_CURVE(2,(#2109,#2110,#2111,#2112,
#2113,#2114,#2115),.UNSPECIFIED.,.T.,.F.) B_SPLINE_CURVE_WITH_KNOTS((1,2
    ,2,2,2,1),(-2.094395102393,0.,2.094395102393,4.188790204786,
6.28318530718,8.377580409573),.UNSPECIFIED.) CURVE() 
GEOMETRIC_REPRESENTATION_ITEM() RATIONAL_B_SPLINE_CURVE((1.,0.5,1.,0.5,
1.,0.5,1.)) REPRESENTATION_ITEM('') );
#2109 = CARTESIAN_POINT('',(71.4,-250.));
#2110 = CARTESIAN_POINT('',(71.4,-156.4692563912));
#2111 = CARTESIAN_POINT('',(152.4,-203.2346281956));
#2112 = CARTESIAN_POINT('',(233.4,-250.));
#2113 = CARTESIAN_POINT('',(152.4,-296.7653718043));
#2114 = CARTESIAN_POINT('',(71.4,-343.5307436087));
#2115 = CARTESIAN_POINT('',(71.4,-250.));
#2116 = ( GEOMETRIC_REPRESENTATION_CONTEXT(2) 
PARAMETRIC_REPRESENTATION_CONTEXT() REPRESENTATION_CONTEXT('2D SPACE',''
  ) );
#2117 = PCURVE('',#632,#2118);
#2118 = DEFINITIONAL_REPRESENTATION('',(#2119),#2123);
#2119 = LINE('',#2120,#2121);
#2120 = CARTESIAN_POINT('',(-0.,0.));
#2121 = VECTOR('',#2122,1.);
#2122 = DIRECTION('',(-1.,0.));
#2123 = ( GEOMETRIC_REPRESENTATION_CONTEXT(2) 
PARAMETRIC_REPRESENTATION_CONTEXT() REPRESENTATION_CONTEXT('2D SPACE',''
  ) );
#2124 = ORIENTED_EDGE('',*,*,#2125,.T.);
#2125 = EDGE_CURVE('',#2098,#2126,#2128,.T.);
#2126 = VERTEX_POINT('',#2127);
#2127 = CARTESIAN_POINT('',(150.,71.,53.4));
#2128 = SURFACE_CURVE('',#2129,(#2133,#2140),.PCURVE_S1.);
#2129 = LINE('',#2130,#2131);
#2130 = CARTESIAN_POINT('',(150.,71.,-24.6));
#2131 = VECTOR('',#2132,1.);
#2132 = DIRECTION('',(0.,0.,1.));
#2133 = PCURVE('',#548,#2134);
#2134 = DEFINITIONAL_REPRESENTATION('',(#2135),#2139);
#2135 = LINE('',#2136,#2137);
#2136 = CARTESIAN_POINT('',(125.4,-196.));
#2137 = VECTOR('',#2138,1.);
#2138 = DIRECTION('',(1.,0.));
#2139 = ( GEOMETRIC_REPRESENTATION_CONTEXT(2) 
PARAMETRIC_REPRESENTATION_CONTEXT() REPRESENTATION_CONTEXT('2D SPACE',''
  ) );
#2140 = PCURVE('',#2141,#2146);
#2141 = PLANE('',#2142);
#2142 = AXIS2_PLACEMENT_3D('',#2143,#2144,#2145);
#2143 = CARTESIAN_POINT('',(150.,71.,-24.6));
#2144 = DIRECTION('',(0.,1.,-0.));
#2145 = DIRECTION('',(0.,0.,1.));
#2146 = DEFINITIONAL_REPRESENTATION('',(#2147),#2151);
#2147 = LINE('',#2148,#2149);
#2148 = CARTESIAN_POINT('',(0.,0.));
#2149 = VECTOR('',#2150,1.);
#2150 = DIRECTION('',(1.,0.));
#2151 = ( GEOMETRIC_REPRESENTATION_CONTEXT(2) 
PARAMETRIC_REPRESENTATION_CONTEXT() REPRESENTATION_CONTEXT('2D SPACE',''
  ) );
#2152 = ORIENTED_EDGE('',*,*,#2153,.T.);
#2153 = EDGE_CURVE('',#2126,#533,#2154,.T.);
#2154 = SURFACE_CURVE('',#2155,(#2160,#2171),.PCURVE_S1.);
#2155 = CIRCLE('',#2156,54.);
#2156 = AXIS2_PLACEMENT_3D('',#2157,#2158,#2159);
#2157 = CARTESIAN_POINT('',(150.,125.,53.4));
#2158 = DIRECTION('',(-1.,-0.,0.));
#2159 = DIRECTION('',(0.,-1.,-6.123233995737E-17));
#2160 = PCURVE('',#548,#2161);
#2161 = DEFINITIONAL_REPRESENTATION('',(#2162),#2170);
#2162 = ( BOUNDED_CURVE() B_SPLINE_CURVE(2,(#2163,#2164,#2165,#2166,
#2167,#2168,#2169),.UNSPECIFIED.,.T.,.F.) B_SPLINE_CURVE_WITH_KNOTS((1,2
    ,2,2,2,1),(-2.094395102393,0.,2.094395102393,4.188790204786,
6.28318530718,8.377580409573),.UNSPECIFIED.) CURVE() 
GEOMETRIC_REPRESENTATION_ITEM() RATIONAL_B_SPLINE_CURVE((1.,0.5,1.,0.5,
1.,0.5,1.)) REPRESENTATION_ITEM('') );
#2163 = CARTESIAN_POINT('',(203.4,-196.));
#2164 = CARTESIAN_POINT('',(296.93074360871,-196.));
#2165 = CARTESIAN_POINT('',(250.16537180436,-277.));
#2166 = CARTESIAN_POINT('',(203.4,-358.));
#2167 = CARTESIAN_POINT('',(156.63462819564,-277.));
#2168 = CARTESIAN_POINT('',(109.86925639128,-196.));
#2169 = CARTESIAN_POINT('',(203.4,-196.));
#2170 = ( GEOMETRIC_REPRESENTATION_CONTEXT(2) 
PARAMETRIC_REPRESENTATION_CONTEXT() REPRESENTATION_CONTEXT('2D SPACE',''
  ) );
#2171 = PCURVE('',#576,#2172);
#2172 = DEFINITIONAL_REPRESENTATION('',(#2173),#2177);
#2173 = LINE('',#2174,#2175);
#2174 = CARTESIAN_POINT('',(-0.,0.));
#2175 = VECTOR('',#2176,1.);
#2176 = DIRECTION('',(-1.,0.));
#2177 = ( GEOMETRIC_REPRESENTATION_CONTEXT(2) 
PARAMETRIC_REPRESENTATION_CONTEXT() REPRESENTATION_CONTEXT('2D SPACE',''
  ) );
#2178 = ORIENTED_EDGE('',*,*,#532,.T.);
#2179 = ORIENTED_EDGE('',*,*,#2024,.T.);
#2180 = ORIENTED_EDGE('',*,*,#2181,.F.);
#2181 = EDGE_CURVE('',#1892,#2025,#2182,.T.);
#2182 = SURFACE_CURVE('',#2183,(#2187,#2194),.PCURVE_S1.);
#2183 = LINE('',#2184,#2185);
#2184 = CARTESIAN_POINT('',(150.,-67.,150.));
#2185 = VECTOR('',#2186,1.);
#2186 = DIRECTION('',(-0.,-0.,-1.));
#2187 = PCURVE('',#548,#2188);
#2188 = DEFINITIONAL_REPRESENTATION('',(#2189),#2193);
#2189 = LINE('',#2190,#2191);
#2190 = CARTESIAN_POINT('',(300.,-58.));
#2191 = VECTOR('',#2192,1.);
#2192 = DIRECTION('',(-1.,0.));
#2193 = ( GEOMETRIC_REPRESENTATION_CONTEXT(2) 
PARAMETRIC_REPRESENTATION_CONTEXT() REPRESENTATION_CONTEXT('2D SPACE',''
  ) );
#2194 = PCURVE('',#1930,#2195);
#2195 = DEFINITIONAL_REPRESENTATION('',(#2196),#2200);
#2196 = LINE('',#2197,#2198);
#2197 = CARTESIAN_POINT('',(0.,0.));
#2198 = VECTOR('',#2199,1.);
#2199 = DIRECTION('',(0.,-1.));
#2200 = ( GEOMETRIC_REPRESENTATION_CONTEXT(2) 
PARAMETRIC_REPRESENTATION_CONTEXT() REPRESENTATION_CONTEXT('2D SPACE',''
  ) );
#2201 = FACE_BOUND('',#2202,.T.);
#2202 = EDGE_LOOP('',(#2203));
#2203 = ORIENTED_EDGE('',*,*,#2204,.F.);
#2204 = EDGE_CURVE('',#2205,#2205,#2207,.T.);
#2205 = VERTEX_POINT('',#2206);
#2206 = CARTESIAN_POINT('',(150.,58.375,-69.75));
#2207 = SURFACE_CURVE('',#2208,(#2213,#2220),.PCURVE_S1.);
#2208 = CIRCLE('',#2209,44.);
#2209 = AXIS2_PLACEMENT_3D('',#2210,#2211,#2212);
#2210 = CARTESIAN_POINT('',(150.,14.375,-69.75));
#2211 = DIRECTION('',(1.,-0.,0.));
#2212 = DIRECTION('',(0.,1.,-2.476837423129E-16));
#2213 = PCURVE('',#548,#2214);
#2214 = DEFINITIONAL_REPRESENTATION('',(#2215),#2219);
#2215 = CIRCLE('',#2216,44.);
#2216 = AXIS2_PLACEMENT_2D('',#2217,#2218);
#2217 = CARTESIAN_POINT('',(80.25,-139.375));
#2218 = DIRECTION('',(-2.476837423129E-16,-1.));
#2219 = ( GEOMETRIC_REPRESENTATION_CONTEXT(2) 
PARAMETRIC_REPRESENTATION_CONTEXT() REPRESENTATION_CONTEXT('2D SPACE',''
  ) );
#2220 = PCURVE('',#2221,#2226);
#2221 = CYLINDRICAL_SURFACE('',#2222,44.);
#2222 = AXIS2_PLACEMENT_3D('',#2223,#2224,#2225);
#2223 = CARTESIAN_POINT('',(150.,14.375,-69.75));
#2224 = DIRECTION('',(1.,-0.,0.));
#2225 = DIRECTION('',(0.,1.,-2.476837423129E-16));
#2226 = DEFINITIONAL_REPRESENTATION('',(#2227),#2231);
#2227 = LINE('',#2228,#2229);
#2228 = CARTESIAN_POINT('',(0.,0.));
#2229 = VECTOR('',#2230,1.);
#2230 = DIRECTION('',(1.,0.));
#2231 = ( GEOMETRIC_REPRESENTATION_CONTEXT(2) 
PARAMETRIC_REPRESENTATION_CONTEXT() REPRESENTATION_CONTEXT('2D SPACE',''
  ) );
#2232 = ADVANCED_FACE('',(#2233),#576,.F.);
#2233 = FACE_BOUND('',#2234,.T.);
#2234 = EDGE_LOOP('',(#2235,#2258,#2280,#2281));
#2235 = ORIENTED_EDGE('',*,*,#2236,.T.);
#2236 = EDGE_CURVE('',#2126,#2237,#2239,.T.);
#2237 = VERTEX_POINT('',#2238);
#2238 = CARTESIAN_POINT('',(107.,71.,53.4));
#2239 = SURFACE_CURVE('',#2240,(#2244,#2251),.PCURVE_S1.);
#2240 = LINE('',#2241,#2242);
#2241 = CARTESIAN_POINT('',(150.,71.,53.4));
#2242 = VECTOR('',#2243,1.);
#2243 = DIRECTION('',(-1.,0.,-0.));
#2244 = PCURVE('',#576,#2245);
#2245 = DEFINITIONAL_REPRESENTATION('',(#2246),#2250);
#2246 = LINE('',#2247,#2248);
#2247 = CARTESIAN_POINT('',(-9.41278369833E-17,0.));
#2248 = VECTOR('',#2249,1.);
#2249 = DIRECTION('',(-0.,-1.));
#2250 = ( GEOMETRIC_REPRESENTATION_CONTEXT(2) 
PARAMETRIC_REPRESENTATION_CONTEXT() REPRESENTATION_CONTEXT('2D SPACE',''
  ) );
#2251 = PCURVE('',#2141,#2252);
#2252 = DEFINITIONAL_REPRESENTATION('',(#2253),#2257);
#2253 = LINE('',#2254,#2255);
#2254 = CARTESIAN_POINT('',(78.,0.));
#2255 = VECTOR('',#2256,1.);
#2256 = DIRECTION('',(0.,-1.));
#2257 = ( GEOMETRIC_REPRESENTATION_CONTEXT(2) 
PARAMETRIC_REPRESENTATION_CONTEXT() REPRESENTATION_CONTEXT('2D SPACE',''
  ) );
#2258 = ORIENTED_EDGE('',*,*,#2259,.T.);
#2259 = EDGE_CURVE('',#2237,#561,#2260,.T.);
#2260 = SURFACE_CURVE('',#2261,(#2266,#2273),.PCURVE_S1.);
#2261 = CIRCLE('',#2262,54.);
#2262 = AXIS2_PLACEMENT_3D('',#2263,#2264,#2265);
#2263 = CARTESIAN_POINT('',(107.,125.,53.4));
#2264 = DIRECTION('',(-1.,-0.,0.));
#2265 = DIRECTION('',(0.,-1.,-6.123233995737E-17));
#2266 = PCURVE('',#576,#2267);
#2267 = DEFINITIONAL_REPRESENTATION('',(#2268),#2272);
#2268 = LINE('',#2269,#2270);
#2269 = CARTESIAN_POINT('',(-0.,-43.));
#2270 = VECTOR('',#2271,1.);
#2271 = DIRECTION('',(-1.,0.));
#2272 = ( GEOMETRIC_REPRESENTATION_CONTEXT(2) 
PARAMETRIC_REPRESENTATION_CONTEXT() REPRESENTATION_CONTEXT('2D SPACE',''
  ) );
#2273 = PCURVE('',#604,#2274);
#2274 = DEFINITIONAL_REPRESENTATION('',(#2275),#2279);
#2275 = CIRCLE('',#2276,54.);
#2276 = AXIS2_PLACEMENT_2D('',#2277,#2278);
#2277 = CARTESIAN_POINT('',(-22.80505731851,39.));
#2278 = DIRECTION('',(1.,-6.123233995737E-17));
#2279 = ( GEOMETRIC_REPRESENTATION_CONTEXT(2) 
PARAMETRIC_REPRESENTATION_CONTEXT() REPRESENTATION_CONTEXT('2D SPACE',''
  ) );
#2280 = ORIENTED_EDGE('',*,*,#560,.F.);
#2281 = ORIENTED_EDGE('',*,*,#2153,.F.);
#2282 = ADVANCED_FACE('',(#2283),#604,.F.);
#2283 = FACE_BOUND('',#2284,.F.);
#2284 = EDGE_LOOP('',(#2285,#2286,#2310,#2331));
#2285 = ORIENTED_EDGE('',*,*,#588,.F.);
#2286 = ORIENTED_EDGE('',*,*,#2287,.T.);
#2287 = EDGE_CURVE('',#589,#2288,#2290,.T.);
#2288 = VERTEX_POINT('',#2289);
#2289 = CARTESIAN_POINT('',(107.,71.,-24.6));
#2290 = SURFACE_CURVE('',#2291,(#2296,#2303),.PCURVE_S1.);
#2291 = CIRCLE('',#2292,54.);
#2292 = AXIS2_PLACEMENT_3D('',#2293,#2294,#2295);
#2293 = CARTESIAN_POINT('',(107.,125.,-24.6));
#2294 = DIRECTION('',(-1.,0.,-0.));
#2295 = DIRECTION('',(0.,1.224646799147E-16,-1.));
#2296 = PCURVE('',#604,#2297);
#2297 = DEFINITIONAL_REPRESENTATION('',(#2298),#2302);
#2298 = CIRCLE('',#2299,54.);
#2299 = AXIS2_PLACEMENT_2D('',#2300,#2301);
#2300 = CARTESIAN_POINT('',(-22.80505731851,-39.));
#2301 = DIRECTION('',(-1.224646799147E-16,-1.));
#2302 = ( GEOMETRIC_REPRESENTATION_CONTEXT(2) 
PARAMETRIC_REPRESENTATION_CONTEXT() REPRESENTATION_CONTEXT('2D SPACE',''
  ) );
#2303 = PCURVE('',#632,#2304);
#2304 = DEFINITIONAL_REPRESENTATION('',(#2305),#2309);
#2305 = LINE('',#2306,#2307);
#2306 = CARTESIAN_POINT('',(-0.,-43.));
#2307 = VECTOR('',#2308,1.);
#2308 = DIRECTION('',(-1.,0.));
#2309 = ( GEOMETRIC_REPRESENTATION_CONTEXT(2) 
PARAMETRIC_REPRESENTATION_CONTEXT() REPRESENTATION_CONTEXT('2D SPACE',''
  ) );
#2310 = ORIENTED_EDGE('',*,*,#2311,.T.);
#2311 = EDGE_CURVE('',#2288,#2237,#2312,.T.);
#2312 = SURFACE_CURVE('',#2313,(#2317,#2324),.PCURVE_S1.);
#2313 = LINE('',#2314,#2315);
#2314 = CARTESIAN_POINT('',(107.,71.,-24.6));
#2315 = VECTOR('',#2316,1.);
#2316 = DIRECTION('',(0.,0.,1.));
#2317 = PCURVE('',#604,#2318);
#2318 = DEFINITIONAL_REPRESENTATION('',(#2319),#2323);
#2319 = LINE('',#2320,#2321);
#2320 = CARTESIAN_POINT('',(31.194942681482,-39.));
#2321 = VECTOR('',#2322,1.);
#2322 = DIRECTION('',(0.,1.));
#2323 = ( GEOMETRIC_REPRESENTATION_CONTEXT(2) 
PARAMETRIC_REPRESENTATION_CONTEXT() REPRESENTATION_CONTEXT('2D SPACE',''
  ) );
#2324 = PCURVE('',#2141,#2325);
#2325 = DEFINITIONAL_REPRESENTATION('',(#2326),#2330);
#2326 = LINE('',#2327,#2328);
#2327 = CARTESIAN_POINT('',(0.,-43.));
#2328 = VECTOR('',#2329,1.);
#2329 = DIRECTION('',(1.,0.));
#2330 = ( GEOMETRIC_REPRESENTATION_CONTEXT(2) 
PARAMETRIC_REPRESENTATION_CONTEXT() REPRESENTATION_CONTEXT('2D SPACE',''
  ) );
#2331 = ORIENTED_EDGE('',*,*,#2259,.T.);
#2332 = ADVANCED_FACE('',(#2333),#632,.F.);
#2333 = FACE_BOUND('',#2334,.T.);
#2334 = EDGE_LOOP('',(#2335,#2336,#2337,#2358));
#2335 = ORIENTED_EDGE('',*,*,#616,.T.);
#2336 = ORIENTED_EDGE('',*,*,#2287,.T.);
#2337 = ORIENTED_EDGE('',*,*,#2338,.F.);
#2338 = EDGE_CURVE('',#2098,#2288,#2339,.T.);
#2339 = SURFACE_CURVE('',#2340,(#2344,#2351),.PCURVE_S1.);
#2340 = LINE('',#2341,#2342);
#2341 = CARTESIAN_POINT('',(150.,71.,-24.6));
#2342 = VECTOR('',#2343,1.);
#2343 = DIRECTION('',(-1.,0.,-0.));
#2344 = PCURVE('',#632,#2345);
#2345 = DEFINITIONAL_REPRESENTATION('',(#2346),#2350);
#2346 = LINE('',#2347,#2348);
#2347 = CARTESIAN_POINT('',(-1.570796326795,0.));
#2348 = VECTOR('',#2349,1.);
#2349 = DIRECTION('',(-0.,-1.));
#2350 = ( GEOMETRIC_REPRESENTATION_CONTEXT(2) 
PARAMETRIC_REPRESENTATION_CONTEXT() REPRESENTATION_CONTEXT('2D SPACE',''
  ) );
#2351 = PCURVE('',#2141,#2352);
#2352 = DEFINITIONAL_REPRESENTATION('',(#2353),#2357);
#2353 = LINE('',#2354,#2355);
#2354 = CARTESIAN_POINT('',(0.,0.));
#2355 = VECTOR('',#2356,1.);
#2356 = DIRECTION('',(0.,-1.));
#2357 = ( GEOMETRIC_REPRESENTATION_CONTEXT(2) 
PARAMETRIC_REPRESENTATION_CONTEXT() REPRESENTATION_CONTEXT('2D SPACE',''
  ) );
#2358 = ORIENTED_EDGE('',*,*,#2097,.F.);
#2359 = ADVANCED_FACE('',(#2360,#2366),#864,.F.);
#2360 = FACE_BOUND('',#2361,.F.);
#2361 = EDGE_LOOP('',(#2362,#2363,#2364,#2365));
#2362 = ORIENTED_EDGE('',*,*,#848,.T.);
#2363 = ORIENTED_EDGE('',*,*,#1336,.T.);
#2364 = ORIENTED_EDGE('',*,*,#1456,.T.);
#2365 = ORIENTED_EDGE('',*,*,#1385,.T.);
#2366 = FACE_BOUND('',#2367,.F.);
#2367 = EDGE_LOOP('',(#2368));
#2368 = ORIENTED_EDGE('',*,*,#2369,.F.);
#2369 = EDGE_CURVE('',#2370,#2370,#2372,.T.);
#2370 = VERTEX_POINT('',#2371);
#2371 = CARTESIAN_POINT('',(-118.,105.5,-104.9));
#2372 = SURFACE_CURVE('',#2373,(#2378,#2385),.PCURVE_S1.);
#2373 = CIRCLE('',#2374,13.6);
#2374 = AXIS2_PLACEMENT_3D('',#2375,#2376,#2377);
#2375 = CARTESIAN_POINT('',(-118.,105.5,-118.5));
#2376 = DIRECTION('',(1.,0.,-0.));
#2377 = DIRECTION('',(0.,0.,1.));
#2378 = PCURVE('',#864,#2379);
#2379 = DEFINITIONAL_REPRESENTATION('',(#2380),#2384);
#2380 = CIRCLE('',#2381,13.6);
#2381 = AXIS2_PLACEMENT_2D('',#2382,#2383);
#2382 = CARTESIAN_POINT('',(0.,0.));
#2383 = DIRECTION('',(1.,0.));
#2384 = ( GEOMETRIC_REPRESENTATION_CONTEXT(2) 
PARAMETRIC_REPRESENTATION_CONTEXT() REPRESENTATION_CONTEXT('2D SPACE',''
  ) );
#2385 = PCURVE('',#2386,#2391);
#2386 = CYLINDRICAL_SURFACE('',#2387,13.6);
#2387 = AXIS2_PLACEMENT_3D('',#2388,#2389,#2390);
#2388 = CARTESIAN_POINT('',(-118.,105.5,-118.5));
#2389 = DIRECTION('',(-1.,-0.,0.));
#2390 = DIRECTION('',(0.,0.,1.));
#2391 = DEFINITIONAL_REPRESENTATION('',(#2392),#2396);
#2392 = LINE('',#2393,#2394);
#2393 = CARTESIAN_POINT('',(-0.,0.));
#2394 = VECTOR('',#2395,1.);
#2395 = DIRECTION('',(-1.,0.));
#2396 = ( GEOMETRIC_REPRESENTATION_CONTEXT(2) 
PARAMETRIC_REPRESENTATION_CONTEXT() REPRESENTATION_CONTEXT('2D SPACE',''
  ) );
#2397 = ADVANCED_FACE('',(#2398),#683,.F.);
#2398 = FACE_BOUND('',#2399,.F.);
#2399 = EDGE_LOOP('',(#2400,#2401,#2422,#2423));
#2400 = ORIENTED_EDGE('',*,*,#667,.F.);
#2401 = ORIENTED_EDGE('',*,*,#2402,.F.);
#2402 = EDGE_CURVE('',#1151,#668,#2403,.T.);
#2403 = SURFACE_CURVE('',#2404,(#2408,#2415),.PCURVE_S1.);
#2404 = LINE('',#2405,#2406);
#2405 = CARTESIAN_POINT('',(66.3,-125.,-150.));
#2406 = VECTOR('',#2407,1.);
#2407 = DIRECTION('',(0.,1.,0.));
#2408 = PCURVE('',#683,#2409);
#2409 = DEFINITIONAL_REPRESENTATION('',(#2410),#2414);
#2410 = LINE('',#2411,#2412);
#2411 = CARTESIAN_POINT('',(216.3,0.));
#2412 = VECTOR('',#2413,1.);
#2413 = DIRECTION('',(0.,1.));
#2414 = ( GEOMETRIC_REPRESENTATION_CONTEXT(2) 
PARAMETRIC_REPRESENTATION_CONTEXT() REPRESENTATION_CONTEXT('2D SPACE',''
  ) );
#2415 = PCURVE('',#711,#2416);
#2416 = DEFINITIONAL_REPRESENTATION('',(#2417),#2421);
#2417 = LINE('',#2418,#2419);
#2418 = CARTESIAN_POINT('',(0.,0.));
#2419 = VECTOR('',#2420,1.);
#2420 = DIRECTION('',(1.,0.));
#2421 = ( GEOMETRIC_REPRESENTATION_CONTEXT(2) 
PARAMETRIC_REPRESENTATION_CONTEXT() REPRESENTATION_CONTEXT('2D SPACE',''
  ) );
#2422 = ORIENTED_EDGE('',*,*,#1150,.T.);
#2423 = ORIENTED_EDGE('',*,*,#2075,.T.);
#2424 = ADVANCED_FACE('',(#2425),#711,.T.);
#2425 = FACE_BOUND('',#2426,.T.);
#2426 = EDGE_LOOP('',(#2427,#2428,#2449,#2450));
#2427 = ORIENTED_EDGE('',*,*,#1173,.T.);
#2428 = ORIENTED_EDGE('',*,*,#2429,.T.);
#2429 = EDGE_CURVE('',#1174,#696,#2430,.T.);
#2430 = SURFACE_CURVE('',#2431,(#2435,#2442),.PCURVE_S1.);
#2431 = LINE('',#2432,#2433);
#2432 = CARTESIAN_POINT('',(66.3,-125.,-90.));
#2433 = VECTOR('',#2434,1.);
#2434 = DIRECTION('',(0.,1.,0.));
#2435 = PCURVE('',#711,#2436);
#2436 = DEFINITIONAL_REPRESENTATION('',(#2437),#2441);
#2437 = LINE('',#2438,#2439);
#2438 = CARTESIAN_POINT('',(0.,-60.));
#2439 = VECTOR('',#2440,1.);
#2440 = DIRECTION('',(1.,0.));
#2441 = ( GEOMETRIC_REPRESENTATION_CONTEXT(2) 
PARAMETRIC_REPRESENTATION_CONTEXT() REPRESENTATION_CONTEXT('2D SPACE',''
  ) );
#2442 = PCURVE('',#739,#2443);
#2443 = DEFINITIONAL_REPRESENTATION('',(#2444),#2448);
#2444 = LINE('',#2445,#2446);
#2445 = CARTESIAN_POINT('',(75.75,-125.));
#2446 = VECTOR('',#2447,1.);
#2447 = DIRECTION('',(0.,1.));
#2448 = ( GEOMETRIC_REPRESENTATION_CONTEXT(2) 
PARAMETRIC_REPRESENTATION_CONTEXT() REPRESENTATION_CONTEXT('2D SPACE',''
  ) );
#2449 = ORIENTED_EDGE('',*,*,#695,.F.);
#2450 = ORIENTED_EDGE('',*,*,#2402,.F.);
#2451 = ADVANCED_FACE('',(#2452,#2478),#813,.T.);
#2452 = FACE_BOUND('',#2453,.T.);
#2453 = EDGE_LOOP('',(#2454,#2455,#2476,#2477));
#2454 = ORIENTED_EDGE('',*,*,#797,.T.);
#2455 = ORIENTED_EDGE('',*,*,#2456,.T.);
#2456 = EDGE_CURVE('',#775,#1197,#2457,.T.);
#2457 = SURFACE_CURVE('',#2458,(#2462,#2469),.PCURVE_S1.);
#2458 = LINE('',#2459,#2460);
#2459 = CARTESIAN_POINT('',(-85.2,125.,-90.));
#2460 = VECTOR('',#2461,1.);
#2461 = DIRECTION('',(0.,-1.,0.));
#2462 = PCURVE('',#813,#2463);
#2463 = DEFINITIONAL_REPRESENTATION('',(#2464),#2468);
#2464 = LINE('',#2465,#2466);
#2465 = CARTESIAN_POINT('',(0.,-60.));
#2466 = VECTOR('',#2467,1.);
#2467 = DIRECTION('',(1.,0.));
#2468 = ( GEOMETRIC_REPRESENTATION_CONTEXT(2) 
PARAMETRIC_REPRESENTATION_CONTEXT() REPRESENTATION_CONTEXT('2D SPACE',''
  ) );
#2469 = PCURVE('',#739,#2470);
#2470 = DEFINITIONAL_REPRESENTATION('',(#2471),#2475);
#2471 = LINE('',#2472,#2473);
#2472 = CARTESIAN_POINT('',(-75.75,125.));
#2473 = VECTOR('',#2474,1.);
#2474 = DIRECTION('',(0.,-1.));
#2475 = ( GEOMETRIC_REPRESENTATION_CONTEXT(2) 
PARAMETRIC_REPRESENTATION_CONTEXT() REPRESENTATION_CONTEXT('2D SPACE',''
  ) );
#2476 = ORIENTED_EDGE('',*,*,#1219,.F.);
#2477 = ORIENTED_EDGE('',*,*,#1431,.F.);
#2478 = FACE_BOUND('',#2479,.T.);
#2479 = EDGE_LOOP('',(#2480));
#2480 = ORIENTED_EDGE('',*,*,#2481,.T.);
#2481 = EDGE_CURVE('',#2482,#2482,#2484,.T.);
#2482 = VERTEX_POINT('',#2483);
#2483 = CARTESIAN_POINT('',(-85.2,105.5,-110.));
#2484 = SURFACE_CURVE('',#2485,(#2490,#2501),.PCURVE_S1.);
#2485 = CIRCLE('',#2486,8.5);
#2486 = AXIS2_PLACEMENT_3D('',#2487,#2488,#2489);
#2487 = CARTESIAN_POINT('',(-85.2,105.5,-118.5));
#2488 = DIRECTION('',(-1.,-0.,0.));
#2489 = DIRECTION('',(0.,0.,1.));
#2490 = PCURVE('',#813,#2491);
#2491 = DEFINITIONAL_REPRESENTATION('',(#2492),#2500);
#2492 = ( BOUNDED_CURVE() B_SPLINE_CURVE(2,(#2493,#2494,#2495,#2496,
#2497,#2498,#2499),.UNSPECIFIED.,.T.,.F.) B_SPLINE_CURVE_WITH_KNOTS((1,2
    ,2,2,2,1),(-2.094395102393,0.,2.094395102393,4.188790204786,
6.28318530718,8.377580409573),.UNSPECIFIED.) CURVE() 
GEOMETRIC_REPRESENTATION_ITEM() RATIONAL_B_SPLINE_CURVE((1.,0.5,1.,0.5,
1.,0.5,1.)) REPRESENTATION_ITEM('') );
#2493 = CARTESIAN_POINT('',(19.5,-40.));
#2494 = CARTESIAN_POINT('',(4.777568135665,-40.));
#2495 = CARTESIAN_POINT('',(12.138784067832,-27.25));
#2496 = CARTESIAN_POINT('',(19.5,-14.5));
#2497 = CARTESIAN_POINT('',(26.861215932168,-27.25));
#2498 = CARTESIAN_POINT('',(34.222431864335,-40.));
#2499 = CARTESIAN_POINT('',(19.5,-40.));
#2500 = ( GEOMETRIC_REPRESENTATION_CONTEXT(2) 
PARAMETRIC_REPRESENTATION_CONTEXT() REPRESENTATION_CONTEXT('2D SPACE',''
  ) );
#2501 = PCURVE('',#2502,#2507);
#2502 = CYLINDRICAL_SURFACE('',#2503,8.5);
#2503 = AXIS2_PLACEMENT_3D('',#2504,#2505,#2506);
#2504 = CARTESIAN_POINT('',(-114.175,105.5,-118.5));
#2505 = DIRECTION('',(-1.,-0.,0.));
#2506 = DIRECTION('',(0.,0.,1.));
#2507 = DEFINITIONAL_REPRESENTATION('',(#2508),#2512);
#2508 = LINE('',#2509,#2510);
#2509 = CARTESIAN_POINT('',(-6.28318530718,-28.975));
#2510 = VECTOR('',#2511,1.);
#2511 = DIRECTION('',(1.,-0.));
#2512 = ( GEOMETRIC_REPRESENTATION_CONTEXT(2) 
PARAMETRIC_REPRESENTATION_CONTEXT() REPRESENTATION_CONTEXT('2D SPACE',''
  ) );
#2513 = ADVANCED_FACE('',(#2514),#739,.F.);
#2514 = FACE_BOUND('',#2515,.F.);
#2515 = EDGE_LOOP('',(#2516,#2517,#2518,#2519,#2520,#2521));
#2516 = ORIENTED_EDGE('',*,*,#2429,.T.);
#2517 = ORIENTED_EDGE('',*,*,#723,.T.);
#2518 = ORIENTED_EDGE('',*,*,#751,.T.);
#2519 = ORIENTED_EDGE('',*,*,#774,.T.);
#2520 = ORIENTED_EDGE('',*,*,#2456,.T.);
#2521 = ORIENTED_EDGE('',*,*,#1196,.T.);
#2522 = ADVANCED_FACE('',(#2523),#1017,.F.);
#2523 = FACE_BOUND('',#2524,.T.);
#2524 = EDGE_LOOP('',(#2525,#2548,#2575,#2576));
#2525 = ORIENTED_EDGE('',*,*,#2526,.T.);
#2526 = EDGE_CURVE('',#997,#2527,#2529,.T.);
#2527 = VERTEX_POINT('',#2528);
#2528 = CARTESIAN_POINT('',(-134.4,124.68,80.6));
#2529 = SEAM_CURVE('',#2530,(#2534,#2541),.PCURVE_S1.);
#2530 = LINE('',#2531,#2532);
#2531 = CARTESIAN_POINT('',(-134.4,125.,80.6));
#2532 = VECTOR('',#2533,1.);
#2533 = DIRECTION('',(0.,-1.,0.));
#2534 = PCURVE('',#1017,#2535);
#2535 = DEFINITIONAL_REPRESENTATION('',(#2536),#2540);
#2536 = LINE('',#2537,#2538);
#2537 = CARTESIAN_POINT('',(-0.,0.));
#2538 = VECTOR('',#2539,1.);
#2539 = DIRECTION('',(-0.,-1.));
#2540 = ( GEOMETRIC_REPRESENTATION_CONTEXT(2) 
PARAMETRIC_REPRESENTATION_CONTEXT() REPRESENTATION_CONTEXT('2D SPACE',''
  ) );
#2541 = PCURVE('',#1017,#2542);
#2542 = DEFINITIONAL_REPRESENTATION('',(#2543),#2547);
#2543 = LINE('',#2544,#2545);
#2544 = CARTESIAN_POINT('',(-6.28318530718,0.));
#2545 = VECTOR('',#2546,1.);
#2546 = DIRECTION('',(-0.,-1.));
#2547 = ( GEOMETRIC_REPRESENTATION_CONTEXT(2) 
PARAMETRIC_REPRESENTATION_CONTEXT() REPRESENTATION_CONTEXT('2D SPACE',''
  ) );
#2548 = ORIENTED_EDGE('',*,*,#2549,.T.);
#2549 = EDGE_CURVE('',#2527,#2527,#2550,.T.);
#2550 = SURFACE_CURVE('',#2551,(#2556,#2563),.PCURVE_S1.);
#2551 = CIRCLE('',#2552,6.4);
#2552 = AXIS2_PLACEMENT_3D('',#2553,#2554,#2555);
#2553 = CARTESIAN_POINT('',(-134.4,124.68,87.));
#2554 = DIRECTION('',(0.,-1.,9.244463733059E-30));
#2555 = DIRECTION('',(0.,-9.244463733059E-30,-1.));
#2556 = PCURVE('',#1017,#2557);
#2557 = DEFINITIONAL_REPRESENTATION('',(#2558),#2562);
#2558 = LINE('',#2559,#2560);
#2559 = CARTESIAN_POINT('',(-0.,-0.32));
#2560 = VECTOR('',#2561,1.);
#2561 = DIRECTION('',(-1.,0.));
#2562 = ( GEOMETRIC_REPRESENTATION_CONTEXT(2) 
PARAMETRIC_REPRESENTATION_CONTEXT() REPRESENTATION_CONTEXT('2D SPACE',''
  ) );
#2563 = PCURVE('',#2564,#2569);
#2564 = CONICAL_SURFACE('',#2565,6.4,0.785398163397);
#2565 = AXIS2_PLACEMENT_3D('',#2566,#2567,#2568);
#2566 = CARTESIAN_POINT('',(-134.4,124.68,87.));
#2567 = DIRECTION('',(-0.,1.,-9.244463733059E-30));
#2568 = DIRECTION('',(0.,-9.244463733059E-30,-1.));
#2569 = DEFINITIONAL_REPRESENTATION('',(#2570),#2574);
#2570 = LINE('',#2571,#2572);
#2571 = CARTESIAN_POINT('',(-0.,-0.));
#2572 = VECTOR('',#2573,1.);
#2573 = DIRECTION('',(-1.,-0.));
#2574 = ( GEOMETRIC_REPRESENTATION_CONTEXT(2) 
PARAMETRIC_REPRESENTATION_CONTEXT() REPRESENTATION_CONTEXT('2D SPACE',''
  ) );
#2575 = ORIENTED_EDGE('',*,*,#2526,.F.);
#2576 = ORIENTED_EDGE('',*,*,#996,.F.);
#2577 = ADVANCED_FACE('',(#2578),#1052,.F.);
#2578 = FACE_BOUND('',#2579,.T.);
#2579 = EDGE_LOOP('',(#2580,#2603,#2630,#2631));
#2580 = ORIENTED_EDGE('',*,*,#2581,.T.);
#2581 = EDGE_CURVE('',#1032,#2582,#2584,.T.);
#2582 = VERTEX_POINT('',#2583);
#2583 = CARTESIAN_POINT('',(-118.8,124.68,80.6));
#2584 = SEAM_CURVE('',#2585,(#2589,#2596),.PCURVE_S1.);
#2585 = LINE('',#2586,#2587);
#2586 = CARTESIAN_POINT('',(-118.8,125.,80.6));
#2587 = VECTOR('',#2588,1.);
#2588 = DIRECTION('',(0.,-1.,0.));
#2589 = PCURVE('',#1052,#2590);
#2590 = DEFINITIONAL_REPRESENTATION('',(#2591),#2595);
#2591 = LINE('',#2592,#2593);
#2592 = CARTESIAN_POINT('',(-0.,0.));
#2593 = VECTOR('',#2594,1.);
#2594 = DIRECTION('',(-0.,-1.));
#2595 = ( GEOMETRIC_REPRESENTATION_CONTEXT(2) 
PARAMETRIC_REPRESENTATION_CONTEXT() REPRESENTATION_CONTEXT('2D SPACE',''
  ) );
#2596 = PCURVE('',#1052,#2597);
#2597 = DEFINITIONAL_REPRESENTATION('',(#2598),#2602);
#2598 = LINE('',#2599,#2600);
#2599 = CARTESIAN_POINT('',(-6.28318530718,0.));
#2600 = VECTOR('',#2601,1.);
#2601 = DIRECTION('',(-0.,-1.));
#2602 = ( GEOMETRIC_REPRESENTATION_CONTEXT(2) 
PARAMETRIC_REPRESENTATION_CONTEXT() REPRESENTATION_CONTEXT('2D SPACE',''
  ) );
#2603 = ORIENTED_EDGE('',*,*,#2604,.T.);
#2604 = EDGE_CURVE('',#2582,#2582,#2605,.T.);
#2605 = SURFACE_CURVE('',#2606,(#2611,#2618),.PCURVE_S1.);
#2606 = CIRCLE('',#2607,6.4);
#2607 = AXIS2_PLACEMENT_3D('',#2608,#2609,#2610);
#2608 = CARTESIAN_POINT('',(-118.8,124.68,87.));
#2609 = DIRECTION('',(0.,-1.,9.244463733059E-30));
#2610 = DIRECTION('',(0.,-9.244463733059E-30,-1.));
#2611 = PCURVE('',#1052,#2612);
#2612 = DEFINITIONAL_REPRESENTATION('',(#2613),#2617);
#2613 = LINE('',#2614,#2615);
#2614 = CARTESIAN_POINT('',(-0.,-0.32));
#2615 = VECTOR('',#2616,1.);
#2616 = DIRECTION('',(-1.,0.));
#2617 = ( GEOMETRIC_REPRESENTATION_CONTEXT(2) 
PARAMETRIC_REPRESENTATION_CONTEXT() REPRESENTATION_CONTEXT('2D SPACE',''
  ) );
#2618 = PCURVE('',#2619,#2624);
#2619 = CONICAL_SURFACE('',#2620,6.4,0.785398163397);
#2620 = AXIS2_PLACEMENT_3D('',#2621,#2622,#2623);
#2621 = CARTESIAN_POINT('',(-118.8,124.68,87.));
#2622 = DIRECTION('',(-0.,1.,-9.244463733059E-30));
#2623 = DIRECTION('',(0.,-9.244463733059E-30,-1.));
#2624 = DEFINITIONAL_REPRESENTATION('',(#2625),#2629);
#2625 = LINE('',#2626,#2627);
#2626 = CARTESIAN_POINT('',(-0.,-0.));
#2627 = VECTOR('',#2628,1.);
#2628 = DIRECTION('',(-1.,-0.));
#2629 = ( GEOMETRIC_REPRESENTATION_CONTEXT(2) 
PARAMETRIC_REPRESENTATION_CONTEXT() REPRESENTATION_CONTEXT('2D SPACE',''
  ) );
#2630 = ORIENTED_EDGE('',*,*,#2581,.F.);
#2631 = ORIENTED_EDGE('',*,*,#1031,.F.);
#2632 = ADVANCED_FACE('',(#2633),#1087,.F.);
#2633 = FACE_BOUND('',#2634,.T.);
#2634 = EDGE_LOOP('',(#2635,#2658,#2685,#2686));
#2635 = ORIENTED_EDGE('',*,*,#2636,.T.);
#2636 = EDGE_CURVE('',#1067,#2637,#2639,.T.);
#2637 = VERTEX_POINT('',#2638);
#2638 = CARTESIAN_POINT('',(-103.2,124.68,80.6));
#2639 = SEAM_CURVE('',#2640,(#2644,#2651),.PCURVE_S1.);
#2640 = LINE('',#2641,#2642);
#2641 = CARTESIAN_POINT('',(-103.2,125.,80.6));
#2642 = VECTOR('',#2643,1.);
#2643 = DIRECTION('',(0.,-1.,0.));
#2644 = PCURVE('',#1087,#2645);
#2645 = DEFINITIONAL_REPRESENTATION('',(#2646),#2650);
#2646 = LINE('',#2647,#2648);
#2647 = CARTESIAN_POINT('',(-0.,0.));
#2648 = VECTOR('',#2649,1.);
#2649 = DIRECTION('',(-0.,-1.));
#2650 = ( GEOMETRIC_REPRESENTATION_CONTEXT(2) 
PARAMETRIC_REPRESENTATION_CONTEXT() REPRESENTATION_CONTEXT('2D SPACE',''
  ) );
#2651 = PCURVE('',#1087,#2652);
#2652 = DEFINITIONAL_REPRESENTATION('',(#2653),#2657);
#2653 = LINE('',#2654,#2655);
#2654 = CARTESIAN_POINT('',(-6.28318530718,0.));
#2655 = VECTOR('',#2656,1.);
#2656 = DIRECTION('',(-0.,-1.));
#2657 = ( GEOMETRIC_REPRESENTATION_CONTEXT(2) 
PARAMETRIC_REPRESENTATION_CONTEXT() REPRESENTATION_CONTEXT('2D SPACE',''
  ) );
#2658 = ORIENTED_EDGE('',*,*,#2659,.T.);
#2659 = EDGE_CURVE('',#2637,#2637,#2660,.T.);
#2660 = SURFACE_CURVE('',#2661,(#2666,#2673),.PCURVE_S1.);
#2661 = CIRCLE('',#2662,6.4);
#2662 = AXIS2_PLACEMENT_3D('',#2663,#2664,#2665);
#2663 = CARTESIAN_POINT('',(-103.2,124.68,87.));
#2664 = DIRECTION('',(0.,-1.,9.244463733059E-30));
#2665 = DIRECTION('',(0.,-9.244463733059E-30,-1.));
#2666 = PCURVE('',#1087,#2667);
#2667 = DEFINITIONAL_REPRESENTATION('',(#2668),#2672);
#2668 = LINE('',#2669,#2670);
#2669 = CARTESIAN_POINT('',(-0.,-0.32));
#2670 = VECTOR('',#2671,1.);
#2671 = DIRECTION('',(-1.,0.));
#2672 = ( GEOMETRIC_REPRESENTATION_CONTEXT(2) 
PARAMETRIC_REPRESENTATION_CONTEXT() REPRESENTATION_CONTEXT('2D SPACE',''
  ) );
#2673 = PCURVE('',#2674,#2679);
#2674 = CONICAL_SURFACE('',#2675,6.4,0.785398163397);
#2675 = AXIS2_PLACEMENT_3D('',#2676,#2677,#2678);
#2676 = CARTESIAN_POINT('',(-103.2,124.68,87.));
#2677 = DIRECTION('',(-0.,1.,-9.244463733059E-30));
#2678 = DIRECTION('',(0.,-9.244463733059E-30,-1.));
#2679 = DEFINITIONAL_REPRESENTATION('',(#2680),#2684);
#2680 = LINE('',#2681,#2682);
#2681 = CARTESIAN_POINT('',(-0.,-0.));
#2682 = VECTOR('',#2683,1.);
#2683 = DIRECTION('',(-1.,-0.));
#2684 = ( GEOMETRIC_REPRESENTATION_CONTEXT(2) 
PARAMETRIC_REPRESENTATION_CONTEXT() REPRESENTATION_CONTEXT('2D SPACE',''
  ) );
#2685 = ORIENTED_EDGE('',*,*,#2636,.F.);
#2686 = ORIENTED_EDGE('',*,*,#1066,.F.);
#2687 = ADVANCED_FACE('',(#2688,#2691),#1520,.F.);
#2688 = FACE_BOUND('',#2689,.F.);
#2689 = EDGE_LOOP('',(#2690));
#2690 = ORIENTED_EDGE('',*,*,#1505,.T.);
#2691 = FACE_BOUND('',#2692,.F.);
#2692 = EDGE_LOOP('',(#2693));
#2693 = ORIENTED_EDGE('',*,*,#2694,.T.);
#2694 = EDGE_CURVE('',#2695,#2695,#2697,.T.);
#2695 = VERTEX_POINT('',#2696);
#2696 = CARTESIAN_POINT('',(-146.85,85.375,56.075));
#2697 = SURFACE_CURVE('',#2698,(#2703,#2714),.PCURVE_S1.);
#2698 = CIRCLE('',#2699,3.5);
#2699 = AXIS2_PLACEMENT_3D('',#2700,#2701,#2702);
#2700 = CARTESIAN_POINT('',(-146.85,85.375,52.575));
#2701 = DIRECTION('',(-1.,-0.,0.));
#2702 = DIRECTION('',(0.,0.,1.));
#2703 = PCURVE('',#1520,#2704);
#2704 = DEFINITIONAL_REPRESENTATION('',(#2705),#2713);
#2705 = ( BOUNDED_CURVE() B_SPLINE_CURVE(2,(#2706,#2707,#2708,#2709,
#2710,#2711,#2712),.UNSPECIFIED.,.T.,.F.) B_SPLINE_CURVE_WITH_KNOTS((1,2
    ,2,2,2,1),(-2.094395102393,0.,2.094395102393,4.188790204786,
6.28318530718,8.377580409573),.UNSPECIFIED.) CURVE() 
GEOMETRIC_REPRESENTATION_ITEM() RATIONAL_B_SPLINE_CURVE((1.,0.5,1.,0.5,
1.,0.5,1.)) REPRESENTATION_ITEM('') );
#2706 = CARTESIAN_POINT('',(3.5,2.84217094304E-14));
#2707 = CARTESIAN_POINT('',(3.5,-6.062177826491));
#2708 = CARTESIAN_POINT('',(-1.75,-3.031088913246));
#2709 = CARTESIAN_POINT('',(-7.,2.7564456671E-14));
#2710 = CARTESIAN_POINT('',(-1.75,3.031088913246));
#2711 = CARTESIAN_POINT('',(3.5,6.062177826491));
#2712 = CARTESIAN_POINT('',(3.5,2.84217094304E-14));
#2713 = ( GEOMETRIC_REPRESENTATION_CONTEXT(2) 
PARAMETRIC_REPRESENTATION_CONTEXT() REPRESENTATION_CONTEXT('2D SPACE',''
  ) );
#2714 = PCURVE('',#2715,#2720);
#2715 = CYLINDRICAL_SURFACE('',#2716,3.5);
#2716 = AXIS2_PLACEMENT_3D('',#2717,#2718,#2719);
#2717 = CARTESIAN_POINT('',(-148.425,85.375,52.575));
#2718 = DIRECTION('',(-1.,-0.,0.));
#2719 = DIRECTION('',(0.,0.,1.));
#2720 = DEFINITIONAL_REPRESENTATION('',(#2721),#2725);
#2721 = LINE('',#2722,#2723);
#2722 = CARTESIAN_POINT('',(-6.28318530718,-1.575));
#2723 = VECTOR('',#2724,1.);
#2724 = DIRECTION('',(1.,-0.));
#2725 = ( GEOMETRIC_REPRESENTATION_CONTEXT(2) 
PARAMETRIC_REPRESENTATION_CONTEXT() REPRESENTATION_CONTEXT('2D SPACE',''
  ) );
#2726 = ADVANCED_FACE('',(#2727,#2800),#1576,.T.);
#2727 = FACE_BOUND('',#2728,.T.);
#2728 = EDGE_LOOP('',(#2729,#2730,#2731,#2752,#2778,#2797,#2798,#2799));
#2729 = ORIENTED_EDGE('',*,*,#1560,.T.);
#2730 = ORIENTED_EDGE('',*,*,#1664,.T.);
#2731 = ORIENTED_EDGE('',*,*,#2732,.F.);
#2732 = EDGE_CURVE('',#2733,#1665,#2735,.T.);
#2733 = VERTEX_POINT('',#2734);
#2734 = CARTESIAN_POINT('',(-134.,90.913747617232,90.979949748426));
#2735 = SURFACE_CURVE('',#2736,(#2740,#2746),.PCURVE_S1.);
#2736 = LINE('',#2737,#2738);
#2737 = CARTESIAN_POINT('',(-134.,123.71374761723,90.979949748426));
#2738 = VECTOR('',#2739,1.);
#2739 = DIRECTION('',(-0.,1.,-0.));
#2740 = PCURVE('',#1576,#2741);
#2741 = DEFINITIONAL_REPRESENTATION('',(#2742),#2745);
#2742 = B_SPLINE_CURVE_WITH_KNOTS('',1,(#2743,#2744),.UNSPECIFIED.,.F.,
  .F.,(2,2),(-32.8000006,-28.06374761723),.PIECEWISE_BEZIER_KNOTS.);
#2743 = CARTESIAN_POINT('',(-13.37994974842,-6.663747017232));
#2744 = CARTESIAN_POINT('',(-13.37994974842,-11.4));
#2745 = ( GEOMETRIC_REPRESENTATION_CONTEXT(2) 
PARAMETRIC_REPRESENTATION_CONTEXT() REPRESENTATION_CONTEXT('2D SPACE',''
  ) );
#2746 = PCURVE('',#1704,#2747);
#2747 = DEFINITIONAL_REPRESENTATION('',(#2748),#2751);
#2748 = B_SPLINE_CURVE_WITH_KNOTS('',1,(#2749,#2750),.UNSPECIFIED.,.F.,
  .F.,(2,2),(-32.8000006,-28.06374761723),.PIECEWISE_BEZIER_KNOTS.);
#2749 = CARTESIAN_POINT('',(-3.041425232428,-32.8000006));
#2750 = CARTESIAN_POINT('',(-3.041425232428,-28.06374761723));
#2751 = ( GEOMETRIC_REPRESENTATION_CONTEXT(2) 
PARAMETRIC_REPRESENTATION_CONTEXT() REPRESENTATION_CONTEXT('2D SPACE',''
  ) );
#2752 = ORIENTED_EDGE('',*,*,#2753,.F.);
#2753 = EDGE_CURVE('',#2754,#2733,#2756,.T.);
#2754 = VERTEX_POINT('',#2755);
#2755 = CARTESIAN_POINT('',(-134.,90.913747617232,83.020050251574));
#2756 = SURFACE_CURVE('',#2757,(#2761,#2767),.PCURVE_S1.);
#2757 = LINE('',#2758,#2759);
#2758 = CARTESIAN_POINT('',(-134.,90.913747617232,82.3));
#2759 = VECTOR('',#2760,1.);
#2760 = DIRECTION('',(0.,0.,1.));
#2761 = PCURVE('',#1576,#2762);
#2762 = DEFINITIONAL_REPRESENTATION('',(#2763),#2766);
#2763 = B_SPLINE_CURVE_WITH_KNOTS('',1,(#2764,#2765),.UNSPECIFIED.,.F.,
  .F.,(2,2),(0.7,8.7),.PIECEWISE_BEZIER_KNOTS.);
#2764 = CARTESIAN_POINT('',(-5.4,-6.663747617232));
#2765 = CARTESIAN_POINT('',(-13.4,-6.663747617232));
#2766 = ( GEOMETRIC_REPRESENTATION_CONTEXT(2) 
PARAMETRIC_REPRESENTATION_CONTEXT() REPRESENTATION_CONTEXT('2D SPACE',''
  ) );
#2767 = PCURVE('',#2768,#2773);
#2768 = PLANE('',#2769);
#2769 = AXIS2_PLACEMENT_3D('',#2770,#2771,#2772);
#2770 = CARTESIAN_POINT('',(-134.4,90.913747617232,87.));
#2771 = DIRECTION('',(-0.,-1.,-0.));
#2772 = DIRECTION('',(0.,0.,-1.));
#2773 = DEFINITIONAL_REPRESENTATION('',(#2774),#2777);
#2774 = B_SPLINE_CURVE_WITH_KNOTS('',1,(#2775,#2776),.UNSPECIFIED.,.F.,
  .F.,(2,2),(0.7,8.7),.PIECEWISE_BEZIER_KNOTS.);
#2775 = CARTESIAN_POINT('',(4.,0.4));
#2776 = CARTESIAN_POINT('',(-4.,0.4));
#2777 = ( GEOMETRIC_REPRESENTATION_CONTEXT(2) 
PARAMETRIC_REPRESENTATION_CONTEXT() REPRESENTATION_CONTEXT('2D SPACE',''
  ) );
#2778 = ORIENTED_EDGE('',*,*,#2779,.T.);
#2779 = EDGE_CURVE('',#2754,#1717,#2780,.T.);
#2780 = SURFACE_CURVE('',#2781,(#2785,#2791),.PCURVE_S1.);
#2781 = LINE('',#2782,#2783);
#2782 = CARTESIAN_POINT('',(-134.,123.71374761723,83.020050251574));
#2783 = VECTOR('',#2784,1.);
#2784 = DIRECTION('',(-0.,1.,-0.));
#2785 = PCURVE('',#1576,#2786);
#2786 = DEFINITIONAL_REPRESENTATION('',(#2787),#2790);
#2787 = B_SPLINE_CURVE_WITH_KNOTS('',1,(#2788,#2789),.UNSPECIFIED.,.F.,
  .F.,(2,2),(-32.8000006,-28.06374761723),.PIECEWISE_BEZIER_KNOTS.);
#2788 = CARTESIAN_POINT('',(-5.420050251573,-6.663747017232));
#2789 = CARTESIAN_POINT('',(-5.420050251573,-11.4));
#2790 = ( GEOMETRIC_REPRESENTATION_CONTEXT(2) 
PARAMETRIC_REPRESENTATION_CONTEXT() REPRESENTATION_CONTEXT('2D SPACE',''
  ) );
#2791 = PCURVE('',#1704,#2792);
#2792 = DEFINITIONAL_REPRESENTATION('',(#2793),#2796);
#2793 = B_SPLINE_CURVE_WITH_KNOTS('',1,(#2794,#2795),.UNSPECIFIED.,.F.,
  .F.,(2,2),(-32.8000006,-28.06374761723),.PIECEWISE_BEZIER_KNOTS.);
#2794 = CARTESIAN_POINT('',(-0.100167421162,-32.8000006));
#2795 = CARTESIAN_POINT('',(-0.100167421162,-28.06374761723));
#2796 = ( GEOMETRIC_REPRESENTATION_CONTEXT(2) 
PARAMETRIC_REPRESENTATION_CONTEXT() REPRESENTATION_CONTEXT('2D SPACE',''
  ) );
#2797 = ORIENTED_EDGE('',*,*,#1740,.T.);
#2798 = ORIENTED_EDGE('',*,*,#1788,.T.);
#2799 = ORIENTED_EDGE('',*,*,#1636,.T.);
#2800 = FACE_BOUND('',#2801,.T.);
#2801 = EDGE_LOOP('',(#2802));
#2802 = ORIENTED_EDGE('',*,*,#2803,.F.);
#2803 = EDGE_CURVE('',#2804,#2804,#2806,.T.);
#2804 = VERTEX_POINT('',#2805);
#2805 = CARTESIAN_POINT('',(-134.,84.25,71.2));
#2806 = SURFACE_CURVE('',#2807,(#2812,#2819),.PCURVE_S1.);
#2807 = CIRCLE('',#2808,6.4);
#2808 = AXIS2_PLACEMENT_3D('',#2809,#2810,#2811);
#2809 = CARTESIAN_POINT('',(-134.,84.25,77.6));
#2810 = DIRECTION('',(-1.,0.,0.));
#2811 = DIRECTION('',(0.,0.,-1.));
#2812 = PCURVE('',#1576,#2813);
#2813 = DEFINITIONAL_REPRESENTATION('',(#2814),#2818);
#2814 = CIRCLE('',#2815,6.4);
#2815 = AXIS2_PLACEMENT_2D('',#2816,#2817);
#2816 = CARTESIAN_POINT('',(1.42108547152E-14,0.));
#2817 = DIRECTION('',(1.,0.));
#2818 = ( GEOMETRIC_REPRESENTATION_CONTEXT(2) 
PARAMETRIC_REPRESENTATION_CONTEXT() REPRESENTATION_CONTEXT('2D SPACE',''
  ) );
#2819 = PCURVE('',#2820,#2825);
#2820 = CYLINDRICAL_SURFACE('',#2821,6.4);
#2821 = AXIS2_PLACEMENT_3D('',#2822,#2823,#2824);
#2822 = CARTESIAN_POINT('',(-134.,84.25,77.6));
#2823 = DIRECTION('',(-1.,0.,0.));
#2824 = DIRECTION('',(0.,0.,-1.));
#2825 = DEFINITIONAL_REPRESENTATION('',(#2826),#2830);
#2826 = LINE('',#2827,#2828);
#2827 = CARTESIAN_POINT('',(0.,0.));
#2828 = VECTOR('',#2829,1.);
#2829 = DIRECTION('',(1.,0.));
#2830 = ( GEOMETRIC_REPRESENTATION_CONTEXT(2) 
PARAMETRIC_REPRESENTATION_CONTEXT() REPRESENTATION_CONTEXT('2D SPACE',''
  ) );
#2831 = ADVANCED_FACE('',(#2832),#1704,.F.);
#2832 = FACE_BOUND('',#2833,.T.);
#2833 = EDGE_LOOP('',(#2834,#2857,#3991,#3992,#3993,#3994,#4016,#4017));
#2834 = ORIENTED_EDGE('',*,*,#2835,.F.);
#2835 = EDGE_CURVE('',#2836,#1688,#2838,.T.);
#2836 = VERTEX_POINT('',#2837);
#2837 = CARTESIAN_POINT('',(-134.4,122.28,83.));
#2838 = SEAM_CURVE('',#2839,(#2843,#2850),.PCURVE_S1.);
#2839 = LINE('',#2840,#2841);
#2840 = CARTESIAN_POINT('',(-134.4,123.71374761723,83.));
#2841 = VECTOR('',#2842,1.);
#2842 = DIRECTION('',(0.,-1.,0.));
#2843 = PCURVE('',#1704,#2844);
#2844 = DEFINITIONAL_REPRESENTATION('',(#2845),#2849);
#2845 = LINE('',#2846,#2847);
#2846 = CARTESIAN_POINT('',(-6.28318530718,0.));
#2847 = VECTOR('',#2848,1.);
#2848 = DIRECTION('',(-0.,-1.));
#2849 = ( GEOMETRIC_REPRESENTATION_CONTEXT(2) 
PARAMETRIC_REPRESENTATION_CONTEXT() REPRESENTATION_CONTEXT('2D SPACE',''
  ) );
#2850 = PCURVE('',#1704,#2851);
#2851 = DEFINITIONAL_REPRESENTATION('',(#2852),#2856);
#2852 = LINE('',#2853,#2854);
#2853 = CARTESIAN_POINT('',(-0.,0.));
#2854 = VECTOR('',#2855,1.);
#2855 = DIRECTION('',(-0.,-1.));
#2856 = ( GEOMETRIC_REPRESENTATION_CONTEXT(2) 
PARAMETRIC_REPRESENTATION_CONTEXT() REPRESENTATION_CONTEXT('2D SPACE',''
  ) );
#2857 = ORIENTED_EDGE('',*,*,#2858,.F.);
#2858 = EDGE_CURVE('',#2836,#2836,#2859,.T.);
#2859 = SURFACE_CURVE('',#2860,(#3235,#3613),.PCURVE_S1.);
#2860 = B_SPLINE_CURVE_WITH_KNOTS('',7,(#2861,#2862,#2863,#2864,#2865,
    #2866,#2867,#2868,#2869,#2870,#2871,#2872,#2873,#2874,#2875,#2876,
    #2877,#2878,#2879,#2880,#2881,#2882,#2883,#2884,#2885,#2886,#2887,
    #2888,#2889,#2890,#2891,#2892,#2893,#2894,#2895,#2896,#2897,#2898,
    #2899,#2900,#2901,#2902,#2903,#2904,#2905,#2906,#2907,#2908,#2909,
    #2910,#2911,#2912,#2913,#2914,#2915,#2916,#2917,#2918,#2919,#2920,
    #2921,#2922,#2923,#2924,#2925,#2926,#2927,#2928,#2929,#2930,#2931,
    #2932,#2933,#2934,#2935,#2936,#2937,#2938,#2939,#2940,#2941,#2942,
    #2943,#2944,#2945,#2946,#2947,#2948,#2949,#2950,#2951,#2952,#2953,
    #2954,#2955,#2956,#2957,#2958,#2959,#2960,#2961,#2962,#2963,#2964,
    #2965,#2966,#2967,#2968,#2969,#2970,#2971,#2972,#2973,#2974,#2975,
    #2976,#2977,#2978,#2979,#2980,#2981,#2982,#2983,#2984,#2985,#2986,
    #2987,#2988,#2989,#2990,#2991,#2992,#2993,#2994,#2995,#2996,#2997,
    #2998,#2999,#3000,#3001,#3002,#3003,#3004,#3005,#3006,#3007,#3008,
    #3009,#3010,#3011,#3012,#3013,#3014,#3015,#3016,#3017,#3018,#3019,
    #3020,#3021,#3022,#3023,#3024,#3025,#3026,#3027,#3028,#3029,#3030,
    #3031,#3032,#3033,#3034,#3035,#3036,#3037,#3038,#3039,#3040,#3041,
    #3042,#3043,#3044,#3045,#3046,#3047,#3048,#3049,#3050,#3051,#3052,
    #3053,#3054,#3055,#3056,#3057,#3058,#3059,#3060,#3061,#3062,#3063,
    #3064,#3065,#3066,#3067,#3068,#3069,#3070,#3071,#3072,#3073,#3074,
    #3075,#3076,#3077,#3078,#3079,#3080,#3081,#3082,#3083,#3084,#3085,
    #3086,#3087,#3088,#3089,#3090,#3091,#3092,#3093,#3094,#3095,#3096,
    #3097,#3098,#3099,#3100,#3101,#3102,#3103,#3104,#3105,#3106,#3107,
    #3108,#3109,#3110,#3111,#3112,#3113,#3114,#3115,#3116,#3117,#3118,
    #3119,#3120,#3121,#3122,#3123,#3124,#3125,#3126,#3127,#3128,#3129,
    #3130,#3131,#3132,#3133,#3134,#3135,#3136,#3137,#3138,#3139,#3140,
    #3141,#3142,#3143,#3144,#3145,#3146,#3147,#3148,#3149,#3150,#3151,
    #3152,#3153,#3154,#3155,#3156,#3157,#3158,#3159,#3160,#3161,#3162,
    #3163,#3164,#3165,#3166,#3167,#3168,#3169,#3170,#3171,#3172,#3173,
    #3174,#3175,#3176,#3177,#3178,#3179,#3180,#3181,#3182,#3183,#3184,
    #3185,#3186,#3187,#3188,#3189,#3190,#3191,#3192,#3193,#3194,#3195,
    #3196,#3197,#3198,#3199,#3200,#3201,#3202,#3203,#3204,#3205,#3206,
    #3207,#3208,#3209,#3210,#3211,#3212,#3213,#3214,#3215,#3216,#3217,
    #3218,#3219,#3220,#3221,#3222,#3223,#3224,#3225,#3226,#3227,#3228,
    #3229,#3230,#3231,#3232,#3233,#3234),.UNSPECIFIED.,.T.,.F.,(8,6,6,6,
    6,6,6,6,6,6,6,6,6,6,6,6,6,6,6,6,6,6,6,6,6,6,6,6,6,6,6,6,6,6,6,6,6,6,
    6,6,6,6,6,6,6,6,6,6,6,6,6,6,6,6,6,6,6,6,6,6,6,6,8),(0.,
    1.909547297468E-02,3.366853470424E-02,4.82415964338E-02,
    6.281465816336E-02,7.738771989291E-02,9.196078162247E-02,
    0.106533843352,0.120604385792,0.135177447521,0.149750509251,
    0.16432357098,0.17889663271,0.193469694439,0.208042756169,
    0.222113298608,0.236686360338,0.251259422068,0.265832483797,
    0.280405545527,0.294978607256,0.309551668986,0.324124730715,
    0.338697792445,0.353270854174,0.367843915904,0.382416977634,
    0.396990039363,0.411563101093,0.426136162822,0.440709224552,
    0.455282286282,0.469855348011,0.484428409741,0.49849895218,
    0.51307201391,0.52764507564,0.542218137369,0.556791199099,
    0.571364260829,0.585937322558,0.600510384288,0.615083446017,
    0.629656507747,0.644229569477,0.658802631206,0.673375692936,
    0.687948754666,0.702521816395,0.717094878125,0.731667939855,
    0.746241001584,0.760814063314,0.775387125044,0.789960186773,
    0.804533248503,0.819106310233,0.833679371962,0.848252433692,
    0.862825495422,0.877398557151,0.891971618881,1.),.UNSPECIFIED.);
#2861 = CARTESIAN_POINT('',(-134.4,122.28,83.));
#2862 = CARTESIAN_POINT('',(-134.331435681,122.28,83.));
#2863 = CARTESIAN_POINT('',(-134.2628753049,122.28,83.001371048739));
#2864 = CARTESIAN_POINT('',(-134.1943493203,122.28,83.004113086826));
#2865 = CARTESIAN_POINT('',(-134.1258890514,122.28,83.008225087385));
#2866 = CARTESIAN_POINT('',(-134.0575266981,122.28,83.013705056058));
#2867 = CARTESIAN_POINT('',(-133.9892953359,122.28,83.020550031004));
#2868 = CARTESIAN_POINT('',(-133.8692827745,122.28,83.035018682467));
#2869 = CARTESIAN_POINT('',(-133.8174321972,122.28,83.042074015872));
#2870 = CARTESIAN_POINT('',(-133.7656917143,122.28,83.049920331081));
#2871 = CARTESIAN_POINT('',(-133.7140758006,122.28,83.058555545885));
#2872 = CARTESIAN_POINT('',(-133.662598876,122.28,83.067977247902));
#2873 = CARTESIAN_POINT('',(-133.6112753049,122.28,83.07818269457));
#2874 = CARTESIAN_POINT('',(-133.5089634882,122.28,83.100154931743));
#2875 = CARTESIAN_POINT('',(-133.4579752281,122.28,83.111921725346));
#2876 = CARTESIAN_POINT('',(-133.4071689255,122.28,83.124466120686));
#2877 = CARTESIAN_POINT('',(-133.3565588043,122.28,83.137784720745));
#2878 = CARTESIAN_POINT('',(-133.3061590032,122.28,83.151873804761));
#2879 = CARTESIAN_POINT('',(-133.2559835758,122.28,83.166729328231));
#2880 = CARTESIAN_POINT('',(-133.156109405,122.28,83.197964517587));
#2881 = CARTESIAN_POINT('',(-133.1064106475,122.28,83.214344187879));
#2882 = CARTESIAN_POINT('',(-133.0569641861,122.28,83.23148156501));
#2883 = CARTESIAN_POINT('',(-133.0077838746,122.28,83.249371965608));
#2884 = CARTESIAN_POINT('',(-132.9588834522,122.28,83.268010391707));
#2885 = CARTESIAN_POINT('',(-132.9102765438,122.28,83.287391530747));
#2886 = CARTESIAN_POINT('',(-132.8136767758,122.28,83.32762798039));
#2887 = CARTESIAN_POINT('',(-132.7656839026,122.28,83.348483296669));
#2888 = CARTESIAN_POINT('',(-132.7180115505,122.28,83.370070076734));
#2889 = CARTESIAN_POINT('',(-132.6706730867,122.28,83.392382390101));
#2890 = CARTESIAN_POINT('',(-132.6236817362,122.28,83.415414003473));
#2891 = CARTESIAN_POINT('',(-132.5770505809,122.28,83.43915838074));
#2892 = CARTESIAN_POINT('',(-132.4845345394,122.28,83.488058985211));
#2893 = CARTESIAN_POINT('',(-132.4386496402,122.28,83.513215219312));
#2894 = CARTESIAN_POINT('',(-132.3931508014,122.28,83.539070545863));
#2895 = CARTESIAN_POINT('',(-132.3480507924,122.28,83.565617836951));
#2896 = CARTESIAN_POINT('',(-132.3033622126,122.28,83.592849676173));
#2897 = CARTESIAN_POINT('',(-132.2590974914,122.28,83.620758358628));
#2898 = CARTESIAN_POINT('',(-132.1714402861,122.28,83.677913423214));
#2899 = CARTESIAN_POINT('',(-132.1280477896,122.28,83.707159813405));
#2900 = CARTESIAN_POINT('',(-132.0851036587,122.28,83.737067067634));
#2901 = CARTESIAN_POINT('',(-132.0426199573,122.28,83.767626920281));
#2902 = CARTESIAN_POINT('',(-132.000608554,122.28,83.798830833968));
#2903 = CARTESIAN_POINT('',(-131.9590811217,122.28,83.83066999956));
#2904 = CARTESIAN_POINT('',(-131.8784320502,122.28,83.894481178573));
#2905 = CARTESIAN_POINT('',(-131.8392768209,122.28,83.92641076044));
#2906 = CARTESIAN_POINT('',(-131.8005937799,122.28,83.958915908375));
#2907 = CARTESIAN_POINT('',(-131.7623930666,122.28,83.991988229044));
#2908 = CARTESIAN_POINT('',(-131.7246846298,122.28,84.025619109169));
#2909 = CARTESIAN_POINT('',(-131.6874782281,122.28,84.059799715524));
#2910 = CARTESIAN_POINT('',(-131.6127781026,122.28,84.130482319848));
#2911 = CARTESIAN_POINT('',(-131.5753215643,122.28,84.1670236366));
#2912 = CARTESIAN_POINT('',(-131.5384244451,122.28,84.204134885996));
#2913 = CARTESIAN_POINT('',(-131.5020971346,122.28,84.241805776454));
#2914 = CARTESIAN_POINT('',(-131.4663497814,122.28,84.280025784015));
#2915 = CARTESIAN_POINT('',(-131.4311922931,122.28,84.318784152342));
#2916 = CARTESIAN_POINT('',(-131.3620763799,122.28,84.397355633103));
#2917 = CARTESIAN_POINT('',(-131.3281179452,122.28,84.437168756616));
#2918 = CARTESIAN_POINT('',(-131.2947686985,122.28,84.47749827418));
#2919 = CARTESIAN_POINT('',(-131.2620380451,122.28,84.518332987343));
#2920 = CARTESIAN_POINT('',(-131.2299351286,122.28,84.559661488284));
#2921 = CARTESIAN_POINT('',(-131.1984688317,122.28,84.601472159808));
#2922 = CARTESIAN_POINT('',(-131.1368267198,122.28,84.686034190894));
#2923 = CARTESIAN_POINT('',(-131.1066508962,122.28,84.728785562382));
#2924 = CARTESIAN_POINT('',(-131.0771289259,122.28,84.771995462922));
#2925 = CARTESIAN_POINT('',(-131.0482691505,122.28,84.815651881014));
#2926 = CARTESIAN_POINT('',(-131.0200796325,122.28,84.859742620548));
#2927 = CARTESIAN_POINT('',(-130.9925681551,122.28,84.904255300803));
#2928 = CARTESIAN_POINT('',(-130.9389162891,122.28,84.994099412096));
#2929 = CARTESIAN_POINT('',(-130.9127758931,122.28,85.039430855803));
#2930 = CARTESIAN_POINT('',(-130.8873285374,122.28,85.085159121958));
#2931 = CARTESIAN_POINT('',(-130.8625814305,122.28,85.131271486643));
#2932 = CARTESIAN_POINT('',(-130.8385414859,122.28,85.177755067641));
#2933 = CARTESIAN_POINT('',(-130.8152153222,122.28,85.224596824431));
#2934 = CARTESIAN_POINT('',(-130.7700032035,122.28,85.318970291954));
#2935 = CARTESIAN_POINT('',(-130.7481172421,122.28,85.366502015995));
#2936 = CARTESIAN_POINT('',(-130.7269577019,122.28,85.414365531254));
#2937 = CARTESIAN_POINT('',(-130.7065305975,122.28,85.462547508002));
#2938 = CARTESIAN_POINT('',(-130.6868416357,122.28,85.511034485842));
#2939 = CARTESIAN_POINT('',(-130.6678962148,122.28,85.559812873709));
#2940 = CARTESIAN_POINT('',(-130.6315026355,122.28,85.657925026035));
#2941 = CARTESIAN_POINT('',(-130.6140544719,122.28,85.707258804328));
#2942 = CARTESIAN_POINT('',(-130.597360024,122.28,85.756856562827));
#2943 = CARTESIAN_POINT('',(-130.5814240627,122.28,85.806704477668));
#2944 = CARTESIAN_POINT('',(-130.56625104,122.28,85.856788623047));
#2945 = CARTESIAN_POINT('',(-130.5518450888,122.28,85.907094971222));
#2946 = CARTESIAN_POINT('',(-130.5250451329,122.28,86.006381937485));
#2947 = CARTESIAN_POINT('',(-130.5125988768,122.28,86.055348465729));
#2948 = CARTESIAN_POINT('',(-130.5008746877,122.28,86.104496260082));
#2949 = CARTESIAN_POINT('',(-130.489875714,122.28,86.153812540056));
#2950 = CARTESIAN_POINT('',(-130.4796048203,122.28,86.203284461832));
#2951 = CARTESIAN_POINT('',(-130.4700645872,122.28,86.252899118264));
#2952 = CARTESIAN_POINT('',(-130.4521354902,122.28,86.35416454565));
#2953 = CARTESIAN_POINT('',(-130.4437999127,122.28,86.405824764798));
#2954 = CARTESIAN_POINT('',(-130.4362531303,122.28,86.45760978496));
#2955 = CARTESIAN_POINT('',(-130.4294973623,122.28,86.509505151562));
#2956 = CARTESIAN_POINT('',(-130.423534496,122.28,86.561496366811));
#2957 = CARTESIAN_POINT('',(-130.4183660867,122.28,86.613568889702));
#2958 = CARTESIAN_POINT('',(-130.4096206293,122.28,86.717847382326));
#2959 = CARTESIAN_POINT('',(-130.4060435797,122.28,86.770053366763));
#2960 = CARTESIAN_POINT('',(-130.4032634323,122.28,86.822311505058));
#2961 = CARTESIAN_POINT('',(-130.4012810754,122.28,86.874607200263));
#2962 = CARTESIAN_POINT('',(-130.4000970626,122.28,86.926925842748));
#2963 = CARTESIAN_POINT('',(-130.3997116134,122.28,86.979252810203));
#2964 = CARTESIAN_POINT('',(-130.4005376114,122.28,87.083894125074));
#2965 = CARTESIAN_POINT('',(-130.4017490588,122.28,87.136208487246));
#2966 = CARTESIAN_POINT('',(-130.4037588387,122.28,87.188501919168));
#2967 = CARTESIAN_POINT('',(-130.4065665012,122.28,87.240759803814));
#2968 = CARTESIAN_POINT('',(-130.4101712618,122.28,87.292967542117));
#2969 = CARTESIAN_POINT('',(-130.4145720019,122.28,87.345110552973));
#2970 = CARTESIAN_POINT('',(-130.4249625351,122.28,87.449237993494));
#2971 = CARTESIAN_POINT('',(-130.4309523297,122.28,87.501222437844));
#2972 = CARTESIAN_POINT('',(-130.4377351989,122.28,87.553113043193));
#2973 = CARTESIAN_POINT('',(-130.4453093579,122.28,87.604895294899));
#2974 = CARTESIAN_POINT('',(-130.4536726907,122.28,87.656554726772));
#2975 = CARTESIAN_POINT('',(-130.4628227502,122.28,87.708076921071));
#2976 = CARTESIAN_POINT('',(-130.4826907657,122.28,87.810818095943));
#2977 = CARTESIAN_POINT('',(-130.4934087244,122.28,87.862037091003));
#2978 = CARTESIAN_POINT('',(-130.5049078551,122.28,87.913090124504));
#2979 = CARTESIAN_POINT('',(-130.5171850535,122.28,87.963962905795));
#2980 = CARTESIAN_POINT('',(-130.5302368897,122.28,88.01464122276));
#2981 = CARTESIAN_POINT('',(-130.5440596084,122.28,88.065110941819));
#2982 = CARTESIAN_POINT('',(-130.5732386495,122.28,88.165605074029));
#2983 = CARTESIAN_POINT('',(-130.5885949761,122.28,88.215629501352));
#2984 = CARTESIAN_POINT('',(-130.6047140274,122.28,88.265417235001));
#2985 = CARTESIAN_POINT('',(-130.6215914054,122.28,88.314954328046));
#2986 = CARTESIAN_POINT('',(-130.6392223952,122.28,88.364226941517));
#2987 = CARTESIAN_POINT('',(-130.6576019648,122.28,88.413221344403));
#2988 = CARTESIAN_POINT('',(-130.6958475664,122.28,88.510626482913));
#2989 = CARTESIAN_POINT('',(-130.7157136038,122.28,88.559037232271));
#2990 = CARTESIAN_POINT('',(-130.7363175285,122.28,88.607142538889));
#2991 = CARTESIAN_POINT('',(-130.7576536856,122.28,88.654928916402));
#2992 = CARTESIAN_POINT('',(-130.7797161145,122.28,88.702383014931));
#2993 = CARTESIAN_POINT('',(-130.802498549,122.28,88.749491621079));
#2994 = CARTESIAN_POINT('',(-130.8494902852,122.28,88.842991694784));
#2995 = CARTESIAN_POINT('',(-130.8736995935,122.28,88.889383175525));
#2996 = CARTESIAN_POINT('',(-130.8986157696,122.28,88.935403023491));
#2997 = CARTESIAN_POINT('',(-130.9242319491,122.28,88.981038325876));
#2998 = CARTESIAN_POINT('',(-130.9505409757,122.28,89.026276333739));
#2999 = CARTESIAN_POINT('',(-130.9775354013,122.28,89.071104461996));
#3000 = CARTESIAN_POINT('',(-131.03287957,122.28,89.159916116858));
#3001 = CARTESIAN_POINT('',(-131.061229321,122.28,89.203899655987));
#3002 = CARTESIAN_POINT('',(-131.0902489979,122.28,89.247448485887));
#3003 = CARTESIAN_POINT('',(-131.1199305846,122.28,89.290550375496));
#3004 = CARTESIAN_POINT('',(-131.150265789,122.28,89.333193283621));
#3005 = CARTESIAN_POINT('',(-131.1812460433,122.28,89.375365358933));
#3006 = CARTESIAN_POINT('',(-131.244478965,122.28,89.458744521012));
#3007 = CARTESIAN_POINT('',(-131.2767316412,122.28,89.499951619536));
#3008 = CARTESIAN_POINT('',(-131.309611689,122.28,89.540664574419));
#3009 = CARTESIAN_POINT('',(-131.3431100072,122.28,89.580871938817));
#3010 = CARTESIAN_POINT('',(-131.3772172376,122.28,89.620562480168));
#3011 = CARTESIAN_POINT('',(-131.4119237647,122.28,89.65972518019));
#3012 = CARTESIAN_POINT('',(-131.4825156668,122.28,89.736973289573));
#3013 = CARTESIAN_POINT('',(-131.5184010519,122.28,89.775058709829));
#3014 = CARTESIAN_POINT('',(-131.5548659978,122.28,89.812594692023));
#3015 = CARTESIAN_POINT('',(-131.5919003949,122.28,89.849570669431));
#3016 = CARTESIAN_POINT('',(-131.6294938971,122.28,89.88597631223));
#3017 = CARTESIAN_POINT('',(-131.6676359218,122.28,89.921801527495));
#3018 = CARTESIAN_POINT('',(-131.7449953776,122.28,89.992271390915));
#3019 = CARTESIAN_POINT('',(-131.7842128196,122.28,90.026916049007));
#3020 = CARTESIAN_POINT('',(-131.8239571562,122.28,90.060960577871));
#3021 = CARTESIAN_POINT('',(-131.8642173539,122.28,90.094395379429));
#3022 = CARTESIAN_POINT('',(-131.9049821655,122.28,90.127211113143));
#3023 = CARTESIAN_POINT('',(-131.9462401296,122.28,90.159398696006));
#3024 = CARTESIAN_POINT('',(-132.0297190129,122.28,90.222499909094));
#3025 = CARTESIAN_POINT('',(-132.0719399438,122.28,90.253413548217));
#3026 = CARTESIAN_POINT('',(-132.1146306887,122.28,90.283681394893));
#3027 = CARTESIAN_POINT('',(-132.1577793826,122.28,90.313294900109));
#3028 = CARTESIAN_POINT('',(-132.2013739713,122.28,90.342245790864));
#3029 = CARTESIAN_POINT('',(-132.245402211,122.28,90.370526070169));
#3030 = CARTESIAN_POINT('',(-132.3343011264,122.28,90.425729963929));
#3031 = CARTESIAN_POINT('',(-132.3791718146,122.28,90.452653586169));
#3032 = CARTESIAN_POINT('',(-132.4244512999,122.28,90.478891163266));
#3033 = CARTESIAN_POINT('',(-132.4701269854,122.28,90.504435266892));
#3034 = CARTESIAN_POINT('',(-132.5161861109,122.28,90.529278760899));
#3035 = CARTESIAN_POINT('',(-132.5626157528,122.28,90.553414801315));
#3036 = CARTESIAN_POINT('',(-132.6561898954,122.28,90.600258871374));
#3037 = CARTESIAN_POINT('',(-132.7033344092,122.28,90.622966907624));
#3038 = CARTESIAN_POINT('',(-132.7508232783,122.28,90.644954393796));
#3039 = CARTESIAN_POINT('',(-132.7986432794,122.28,90.666215084486));
#3040 = CARTESIAN_POINT('',(-132.8467810533,122.28,90.686743040184));
#3041 = CARTESIAN_POINT('',(-132.8952231046,122.28,90.706532627274));
#3042 = CARTESIAN_POINT('',(-132.9926884997,122.28,90.744624408793));
#3043 = CARTESIAN_POINT('',(-133.0417118571,122.28,90.762926608594));
#3044 = CARTESIAN_POINT('',(-133.091012243,122.28,90.780479790232));
#3045 = CARTESIAN_POINT('',(-133.1405759185,122.28,90.79727894355));
#3046 = CARTESIAN_POINT('',(-133.1903890371,122.28,90.813319375439));
#3047 = CARTESIAN_POINT('',(-133.2404376449,122.28,90.828596709837));
#3048 = CARTESIAN_POINT('',(-133.3409777165,122.28,90.857617065626));
#3049 = CARTESIAN_POINT('',(-133.3914691945,122.28,90.871360091109));
#3050 = CARTESIAN_POINT('',(-133.4421680531,122.28,90.884331905701));
#3051 = CARTESIAN_POINT('',(-133.4930601529,122.28,90.896528776468));
#3052 = CARTESIAN_POINT('',(-133.5441312763,122.28,90.907947296022));
#3053 = CARTESIAN_POINT('',(-133.5953671279,122.28,90.918584382518));
#3054 = CARTESIAN_POINT('',(-133.6981395401,122.28,90.938290176802));
#3055 = CARTESIAN_POINT('',(-133.7496761153,122.28,90.947358887368));
#3056 = CARTESIAN_POINT('',(-133.8013486859,122.28,90.955640655606));
#3057 = CARTESIAN_POINT('',(-133.8531428303,122.28,90.96313305708));
#3058 = CARTESIAN_POINT('',(-133.9050440791,122.28,90.969833998669));
#3059 = CARTESIAN_POINT('',(-133.9570379147,122.28,90.975741718568));
#3060 = CARTESIAN_POINT('',(-134.0593860479,122.28,90.985791541354));
#3061 = CARTESIAN_POINT('',(-134.1097350704,122.28,90.989987504241));
#3062 = CARTESIAN_POINT('',(-134.1601437303,122.28,90.993441387947));
#3063 = CARTESIAN_POINT('',(-134.2105989026,122.28,90.996152195973));
#3064 = CARTESIAN_POINT('',(-134.2610874469,122.28,90.998119222324));
#3065 = CARTESIAN_POINT('',(-134.3115962072,122.28,90.999342051503));
#3066 = CARTESIAN_POINT('',(-134.4144319521,122.28,91.000316155071));
#3067 = CARTESIAN_POINT('',(-134.4667594629,122.28,91.000013314317));
#3068 = CARTESIAN_POINT('',(-134.5190799094,122.28,90.99891189791));
#3069 = CARTESIAN_POINT('',(-134.5713786689,122.28,90.997012102045));
#3070 = CARTESIAN_POINT('',(-134.6236411311,122.28,90.994314457459));
#3071 = CARTESIAN_POINT('',(-134.6758526975,122.28,90.990819829434));
#3072 = CARTESIAN_POINT('',(-134.7801448666,122.28,90.982239006156));
#3073 = CARTESIAN_POINT('',(-134.8322254839,122.28,90.977152809693));
#3074 = CARTESIAN_POINT('',(-134.8842260479,122.28,90.971272028785));
#3075 = CARTESIAN_POINT('',(-134.936132015,122.28,90.964598195841));
#3076 = CARTESIAN_POINT('',(-134.9879288847,122.28,90.957133175303));
#3077 = CARTESIAN_POINT('',(-135.0396021988,122.28,90.948879163642));
#3078 = CARTESIAN_POINT('',(-135.1426728849,122.28,90.930798215079));
#3079 = CARTESIAN_POINT('',(-135.1940702716,122.28,90.920971275627));
#3080 = CARTESIAN_POINT('',(-135.2453152865,122.28,90.910360400056));
#3081 = CARTESIAN_POINT('',(-135.2963935874,122.28,90.89896844415));
#3082 = CARTESIAN_POINT('',(-135.3472909046,122.28,90.886798590434));
#3083 = CARTESIAN_POINT('',(-135.3979930415,122.28,90.873854348166));
#3084 = CARTESIAN_POINT('',(-135.4989787071,122.28,90.84642475852));
#3085 = CARTESIAN_POINT('',(-135.5492622501,122.28,90.831939407274));
#3086 = CARTESIAN_POINT('',(-135.5993223796,122.28,90.816687336137));
#3087 = CARTESIAN_POINT('',(-135.6491450744,122.28,90.800672700345));
#3088 = CARTESIAN_POINT('',(-135.6987164157,122.28,90.783899973841));
#3089 = CARTESIAN_POINT('',(-135.7480225873,122.28,90.766373949271));
#3090 = CARTESIAN_POINT('',(-135.8460771632,122.28,90.729825526701));
#3091 = CARTESIAN_POINT('',(-135.8948255814,122.28,90.710803123547));
#3092 = CARTESIAN_POINT('',(-135.943281416,122.28,90.691037640396));
#3093 = CARTESIAN_POINT('',(-135.9914310847,122.28,90.670534497122));
#3094 = CARTESIAN_POINT('',(-136.039261136,122.28,90.649299421602));
#3095 = CARTESIAN_POINT('',(-136.0867582497,122.28,90.627338449716));
#3096 = CARTESIAN_POINT('',(-136.1810602237,122.28,90.581977400979));
#3097 = CARTESIAN_POINT('',(-136.2278650974,122.28,90.558577317731));
#3098 = CARTESIAN_POINT('',(-136.2743106688,122.28,90.534464019986));
#3099 = CARTESIAN_POINT('',(-136.3203839081,122.28,90.509644146848));
#3100 = CARTESIAN_POINT('',(-136.3660719438,122.28,90.484124632142));
#3101 = CARTESIAN_POINT('',(-136.4113620634,122.28,90.457912704411));
#3102 = CARTESIAN_POINT('',(-136.5011213632,122.28,90.404119069428));
#3103 = CARTESIAN_POINT('',(-136.5455905559,122.28,90.37653735459));
#3104 = CARTESIAN_POINT('',(-136.589636738,122.28,90.348278266147));
#3105 = CARTESIAN_POINT('',(-136.6332475411,122.28,90.319349606809));
#3106 = CARTESIAN_POINT('',(-136.6764107817,122.28,90.289759458254));
#3107 = CARTESIAN_POINT('',(-136.7191144617,122.28,90.259516181128));
#3108 = CARTESIAN_POINT('',(-136.8035790737,122.28,90.197740648968));
#3109 = CARTESIAN_POINT('',(-136.8453400176,122.28,90.166208385221));
#3110 = CARTESIAN_POINT('',(-136.8866177865,122.28,90.134040263873));
#3111 = CARTESIAN_POINT('',(-136.9274007773,122.28,90.101245185866));
#3112 = CARTESIAN_POINT('',(-136.9676775965,122.28,90.067832313023));
#3113 = CARTESIAN_POINT('',(-137.0074370606,122.28,90.03381106805));
#3114 = CARTESIAN_POINT('',(-137.0858993309,122.28,89.964571201004));
#3115 = CARTESIAN_POINT('',(-137.1246021482,122.28,89.929352569169));
#3116 = CARTESIAN_POINT('',(-137.1627656742,122.28,89.89354492302));
#3117 = CARTESIAN_POINT('',(-137.2003791681,122.28,89.857158187162));
#3118 = CARTESIAN_POINT('',(-137.2374321222,122.28,89.820202526805));
#3119 = CARTESIAN_POINT('',(-137.2739142612,122.28,89.782688347765));
#3120 = CARTESIAN_POINT('',(-137.3457168242,122.28,89.706564245157));
#3121 = CARTESIAN_POINT('',(-137.3810372583,122.28,89.667954310854));
#3122 = CARTESIAN_POINT('',(-137.4157668031,122.28,89.628807140354));
#3123 = CARTESIAN_POINT('',(-137.4498956703,122.28,89.589133598773));
#3124 = CARTESIAN_POINT('',(-137.4834143254,122.28,89.548944769543));
#3125 = CARTESIAN_POINT('',(-137.5163134879,122.28,89.508251954408));
#3126 = CARTESIAN_POINT('',(-137.5808547737,122.28,89.425881392452));
#3127 = CARTESIAN_POINT('',(-137.6124969061,122.28,89.384203634014));
#3128 = CARTESIAN_POINT('',(-137.6435015017,122.28,89.342044918521));
#3129 = CARTESIAN_POINT('',(-137.6738598066,122.28,89.299416960569));
#3130 = CARTESIAN_POINT('',(-137.7035633398,122.28,89.256331668955));
#3131 = CARTESIAN_POINT('',(-137.7326038929,122.28,89.212801146666));
#3132 = CARTESIAN_POINT('',(-137.7893431674,122.28,89.124874235108));
#3133 = CARTESIAN_POINT('',(-137.8170418969,122.28,89.08047783344));
#3134 = CARTESIAN_POINT('',(-137.8440617832,122.28,89.035660783369));
#3135 = CARTESIAN_POINT('',(-137.8703951806,122.28,88.99043555083));
#3136 = CARTESIAN_POINT('',(-137.8960347324,122.28,88.944814770205));
#3137 = CARTESIAN_POINT('',(-137.9209733711,122.28,88.898811244329));
#3138 = CARTESIAN_POINT('',(-137.9694352664,122.28,88.806064644634));
#3139 = CARTESIAN_POINT('',(-137.9929585298,122.28,88.759321557736));
#3140 = CARTESIAN_POINT('',(-138.0157673314,122.28,88.712221655327));
#3141 = CARTESIAN_POINT('',(-138.0378551971,122.28,88.664778050237));
#3142 = CARTESIAN_POINT('',(-138.0592159564,122.28,88.617003996587));
#3143 = CARTESIAN_POINT('',(-138.079843742,122.28,88.568912889789));
#3144 = CARTESIAN_POINT('',(-138.1196222389,122.28,88.472123643304));
#3145 = CARTESIAN_POINT('',(-138.1387729558,122.28,88.423425489968));
#3146 = CARTESIAN_POINT('',(-138.1571795779,122.28,88.374437343452));
#3147 = CARTESIAN_POINT('',(-138.1748368574,122.28,88.325172853622));
#3148 = CARTESIAN_POINT('',(-138.1917398613,122.28,88.275645783292));
#3149 = CARTESIAN_POINT('',(-138.207883972,122.28,88.225870008224));
#3150 = CARTESIAN_POINT('',(-138.2386458018,122.28,88.125849026042));
#3151 = CARTESIAN_POINT('',(-138.2532635253,122.28,88.075603804822));
#3152 = CARTESIAN_POINT('',(-138.2671137552,122.28,88.025137842351));
#3153 = CARTESIAN_POINT('',(-138.2801925138,122.28,87.974465211167));
#3154 = CARTESIAN_POINT('',(-138.2924961472,122.28,87.92360006747));
#3155 = CARTESIAN_POINT('',(-138.3040213258,122.28,87.872556651123));
#3156 = CARTESIAN_POINT('',(-138.3255087625,122.28,87.770141920179));
#3157 = CARTESIAN_POINT('',(-138.3354710236,122.28,87.718770591138));
#3158 = CARTESIAN_POINT('',(-138.3446488226,122.28,87.667249622168));
#3159 = CARTESIAN_POINT('',(-138.3530394849,122.28,87.615593390581));
#3160 = CARTESIAN_POINT('',(-138.3606406665,122.28,87.56381632736));
#3161 = CARTESIAN_POINT('',(-138.3674503538,122.28,87.511932917164));
#3162 = CARTESIAN_POINT('',(-138.3794833732,122.28,87.407982479486));
#3163 = CARTESIAN_POINT('',(-138.3847067071,122.28,87.355915437344));
#3164 = CARTESIAN_POINT('',(-138.3891351825,122.28,87.303771110295));
#3165 = CARTESIAN_POINT('',(-138.3927674507,122.28,87.251564059968));
#3166 = CARTESIAN_POINT('',(-138.395602497,122.28,87.199308871229));
#3167 = CARTESIAN_POINT('',(-138.3976396406,122.28,87.147020152177));
#3168 = CARTESIAN_POINT('',(-138.4001174288,122.28,87.042404916116));
#3169 = CARTESIAN_POINT('',(-138.4005580738,122.28,86.990078384354));
#3170 = CARTESIAN_POINT('',(-138.4002001233,122.28,86.937747570208));
#3171 = CARTESIAN_POINT('',(-138.3990435659,122.28,86.885427097628));
#3172 = CARTESIAN_POINT('',(-138.3970887245,122.28,86.833131583165));
#3173 = CARTESIAN_POINT('',(-138.3943362571,122.28,86.780875635971));
#3174 = CARTESIAN_POINT('',(-138.3872380549,122.28,86.676472079633));
#3175 = CARTESIAN_POINT('',(-138.3828923191,122.28,86.624324455765));
#3176 = CARTESIAN_POINT('',(-138.3777509418,122.28,86.572245587915));
#3177 = CARTESIAN_POINT('',(-138.3718152484,122.28,86.520250039831));
#3178 = CARTESIAN_POINT('',(-138.3650868973,122.28,86.468352337292));
#3179 = CARTESIAN_POINT('',(-138.3575678792,122.28,86.416566968106));
#3180 = CARTESIAN_POINT('',(-138.3409531561,122.28,86.313249796119));
#3181 = CARTESIAN_POINT('',(-138.3318574488,122.28,86.261717978749));
#3182 = CARTESIAN_POINT('',(-138.3219757195,122.28,86.210327379754));
#3183 = CARTESIAN_POINT('',(-138.3113106202,122.28,86.159092380663));
#3184 = CARTESIAN_POINT('',(-138.2998651302,122.28,86.108027294782));
#3185 = CARTESIAN_POINT('',(-138.2876425567,122.28,86.057146367198));
#3186 = CARTESIAN_POINT('',(-138.2616505127,122.28,85.955781182344));
#3187 = CARTESIAN_POINT('',(-138.2478810385,122.28,85.90529691078));
#3188 = CARTESIAN_POINT('',(-138.2333417477,122.28,85.855025136804));
#3189 = CARTESIAN_POINT('',(-138.2180365957,122.28,85.804979939237));
#3190 = CARTESIAN_POINT('',(-138.2019698584,122.28,85.755175298996));
#3191 = CARTESIAN_POINT('',(-138.1851461316,122.28,85.705625099094));
#3192 = CARTESIAN_POINT('',(-138.1499945309,122.28,85.607061150187));
#3193 = CARTESIAN_POINT('',(-138.1316666522,122.28,85.558047387283));
#3194 = CARTESIAN_POINT('',(-138.1125916115,122.28,85.509315620851));
#3195 = CARTESIAN_POINT('',(-138.0927746352,122.28,85.46087950905));
#3196 = CARTESIAN_POINT('',(-138.0722212594,122.28,85.412752583274));
#3197 = CARTESIAN_POINT('',(-138.0509373304,122.28,85.364948248151));
#3198 = CARTESIAN_POINT('',(-138.0069206771,122.28,85.270011314938));
#3199 = CARTESIAN_POINT('',(-137.9841879468,122.28,85.222878703461));
#3200 = CARTESIAN_POINT('',(-137.960736969,122.28,85.176095224743));
#3201 = CARTESIAN_POINT('',(-137.9365741972,122.28,85.129674001851));
#3202 = CARTESIAN_POINT('',(-137.9117063816,122.28,85.083628003287));
#3203 = CARTESIAN_POINT('',(-137.8861405693,122.28,85.03797004299));
#3204 = CARTESIAN_POINT('',(-137.8336276399,122.28,84.947455517678));
#3205 = CARTESIAN_POINT('',(-137.8066805153,122.28,84.902598939899));
#3206 = CARTESIAN_POINT('',(-137.7790500755,122.28,84.858155706093));
#3207 = CARTESIAN_POINT('',(-137.7507439465,122.28,84.814138294288));
#3208 = CARTESIAN_POINT('',(-137.7217700363,122.28,84.770559001443));
#3209 = CARTESIAN_POINT('',(-137.6921365342,122.28,84.727429943451));
#3210 = CARTESIAN_POINT('',(-137.6315672877,122.28,84.64209616682));
#3211 = CARTESIAN_POINT('',(-137.6006315349,122.28,84.599891436146));
#3212 = CARTESIAN_POINT('',(-137.5690531238,122.28,84.558160797618));
#3213 = CARTESIAN_POINT('',(-137.5368407897,122.28,84.516915979681));
#3214 = CARTESIAN_POINT('',(-137.5040035315,122.28,84.476168504727));
#3215 = CARTESIAN_POINT('',(-137.4705506122,122.28,84.435929689095));
#3216 = CARTESIAN_POINT('',(-137.4024325046,122.28,84.356491597033));
#3217 = CARTESIAN_POINT('',(-137.3677673068,122.28,84.317292309402));
#3218 = CARTESIAN_POINT('',(-137.3325054919,122.28,84.278623890091));
#3219 = CARTESIAN_POINT('',(-137.2966568311,122.28,84.240497219703));
#3220 = CARTESIAN_POINT('',(-137.2602313393,122.28,84.202922949527));
#3221 = CARTESIAN_POINT('',(-137.2232392751,122.28,84.165911501535));
#3222 = CARTESIAN_POINT('',(-137.1481430075,122.28,84.093034635231));
#3223 = CARTESIAN_POINT('',(-137.1100387934,122.28,84.057169206642));
#3224 = CARTESIAN_POINT('',(-137.0713890023,122.28,84.021886974874));
#3225 = CARTESIAN_POINT('',(-137.0322043589,122.28,83.987197881529));
#3226 = CARTESIAN_POINT('',(-136.9924958101,122.28,83.953111617553));
#3227 = CARTESIAN_POINT('',(-136.9522745247,122.28,83.919637623237));
#3228 = CARTESIAN_POINT('',(-136.6096798486,122.28,83.643253135931));
#3229 = CARTESIAN_POINT('',(-136.280143462,122.28,83.433778725092));
#3230 = CARTESIAN_POINT('',(-135.9277510036,122.28,83.262313208072));
#3231 = CARTESIAN_POINT('',(-135.5577942832,122.28,83.131687954493));
#3232 = CARTESIAN_POINT('',(-135.1758647832,122.28,83.043877219085));
#3233 = CARTESIAN_POINT('',(-134.7878589216,122.28,83.));
#3234 = CARTESIAN_POINT('',(-134.4,122.28,83.));
#3235 = PCURVE('',#1704,#3236);
#3236 = DEFINITIONAL_REPRESENTATION('',(#3237),#3612);
#3237 = B_SPLINE_CURVE_WITH_KNOTS('',7,(#3238,#3239,#3240,#3241,#3242,
    #3243,#3244,#3245,#3246,#3247,#3248,#3249,#3250,#3251,#3252,#3253,
    #3254,#3255,#3256,#3257,#3258,#3259,#3260,#3261,#3262,#3263,#3264,
    #3265,#3266,#3267,#3268,#3269,#3270,#3271,#3272,#3273,#3274,#3275,
    #3276,#3277,#3278,#3279,#3280,#3281,#3282,#3283,#3284,#3285,#3286,
    #3287,#3288,#3289,#3290,#3291,#3292,#3293,#3294,#3295,#3296,#3297,
    #3298,#3299,#3300,#3301,#3302,#3303,#3304,#3305,#3306,#3307,#3308,
    #3309,#3310,#3311,#3312,#3313,#3314,#3315,#3316,#3317,#3318,#3319,
    #3320,#3321,#3322,#3323,#3324,#3325,#3326,#3327,#3328,#3329,#3330,
    #3331,#3332,#3333,#3334,#3335,#3336,#3337,#3338,#3339,#3340,#3341,
    #3342,#3343,#3344,#3345,#3346,#3347,#3348,#3349,#3350,#3351,#3352,
    #3353,#3354,#3355,#3356,#3357,#3358,#3359,#3360,#3361,#3362,#3363,
    #3364,#3365,#3366,#3367,#3368,#3369,#3370,#3371,#3372,#3373,#3374,
    #3375,#3376,#3377,#3378,#3379,#3380,#3381,#3382,#3383,#3384,#3385,
    #3386,#3387,#3388,#3389,#3390,#3391,#3392,#3393,#3394,#3395,#3396,
    #3397,#3398,#3399,#3400,#3401,#3402,#3403,#3404,#3405,#3406,#3407,
    #3408,#3409,#3410,#3411,#3412,#3413,#3414,#3415,#3416,#3417,#3418,
    #3419,#3420,#3421,#3422,#3423,#3424,#3425,#3426,#3427,#3428,#3429,
    #3430,#3431,#3432,#3433,#3434,#3435,#3436,#3437,#3438,#3439,#3440,
    #3441,#3442,#3443,#3444,#3445,#3446,#3447,#3448,#3449,#3450,#3451,
    #3452,#3453,#3454,#3455,#3456,#3457,#3458,#3459,#3460,#3461,#3462,
    #3463,#3464,#3465,#3466,#3467,#3468,#3469,#3470,#3471,#3472,#3473,
    #3474,#3475,#3476,#3477,#3478,#3479,#3480,#3481,#3482,#3483,#3484,
    #3485,#3486,#3487,#3488,#3489,#3490,#3491,#3492,#3493,#3494,#3495,
    #3496,#3497,#3498,#3499,#3500,#3501,#3502,#3503,#3504,#3505,#3506,
    #3507,#3508,#3509,#3510,#3511,#3512,#3513,#3514,#3515,#3516,#3517,
    #3518,#3519,#3520,#3521,#3522,#3523,#3524,#3525,#3526,#3527,#3528,
    #3529,#3530,#3531,#3532,#3533,#3534,#3535,#3536,#3537,#3538,#3539,
    #3540,#3541,#3542,#3543,#3544,#3545,#3546,#3547,#3548,#3549,#3550,
    #3551,#3552,#3553,#3554,#3555,#3556,#3557,#3558,#3559,#3560,#3561,
    #3562,#3563,#3564,#3565,#3566,#3567,#3568,#3569,#3570,#3571,#3572,
    #3573,#3574,#3575,#3576,#3577,#3578,#3579,#3580,#3581,#3582,#3583,
    #3584,#3585,#3586,#3587,#3588,#3589,#3590,#3591,#3592,#3593,#3594,
    #3595,#3596,#3597,#3598,#3599,#3600,#3601,#3602,#3603,#3604,#3605,
    #3606,#3607,#3608,#3609,#3610,#3611),.UNSPECIFIED.,.F.,.F.,(8,6,6,6,
    6,6,6,6,6,6,6,6,6,6,6,6,6,6,6,6,6,6,6,6,6,6,6,6,6,6,6,6,6,6,6,6,6,6,
    6,6,6,6,6,6,6,6,6,6,6,6,6,6,6,6,6,6,6,6,6,6,6,6,8),(0.,
    1.909547297468E-02,3.366853470424E-02,4.82415964338E-02,
    6.281465816336E-02,7.738771989291E-02,9.196078162247E-02,
    0.106533843352,0.120604385792,0.135177447521,0.149750509251,
    0.16432357098,0.17889663271,0.193469694439,0.208042756169,
    0.222113298608,0.236686360338,0.251259422068,0.265832483797,
    0.280405545527,0.294978607256,0.309551668986,0.324124730715,
    0.338697792445,0.353270854174,0.367843915904,0.382416977634,
    0.396990039363,0.411563101093,0.426136162822,0.440709224552,
    0.455282286282,0.469855348011,0.484428409741,0.49849895218,
    0.51307201391,0.52764507564,0.542218137369,0.556791199099,
    0.571364260829,0.585937322558,0.600510384288,0.615083446017,
    0.629656507747,0.644229569477,0.658802631206,0.673375692936,
    0.687948754666,0.702521816395,0.717094878125,0.731667939855,
    0.746241001584,0.760814063314,0.775387125044,0.789960186773,
    0.804533248503,0.819106310233,0.833679371962,0.848252433692,
    0.862825495422,0.877398557151,0.891971618881,1.),.UNSPECIFIED.);
#3238 = CARTESIAN_POINT('',(0.,-1.433747617232));
#3239 = CARTESIAN_POINT('',(-1.714107974814E-02,-1.433747617232));
#3240 = CARTESIAN_POINT('',(-3.428116886434E-02,-1.433747617232));
#3241 = CARTESIAN_POINT('',(-5.1420891888E-02,-1.433747617232));
#3242 = CARTESIAN_POINT('',(-6.856063933299E-02,-1.433747617232));
#3243 = CARTESIAN_POINT('',(-8.570056768759E-02,-1.433747617232));
#3244 = CARTESIAN_POINT('',(-0.102840599415,-1.433747617232));
#3245 = CARTESIAN_POINT('',(-0.13306099481,-1.433747617232));
#3246 = CARTESIAN_POINT('',(-0.146141567237,-1.433747617232));
#3247 = CARTESIAN_POINT('',(-0.159222140005,-1.433747617232));
#3248 = CARTESIAN_POINT('',(-0.172302712886,-1.433747617232));
#3249 = CARTESIAN_POINT('',(-0.185383285654,-1.433747617232));
#3250 = CARTESIAN_POINT('',(-0.198463858081,-1.433747617232));
#3251 = CARTESIAN_POINT('',(-0.2246250018,-1.433747617232));
#3252 = CARTESIAN_POINT('',(-0.237705574227,-1.433747617232));
#3253 = CARTESIAN_POINT('',(-0.250786146994,-1.433747617232));
#3254 = CARTESIAN_POINT('',(-0.263866719875,-1.433747617232));
#3255 = CARTESIAN_POINT('',(-0.276947292643,-1.433747617232));
#3256 = CARTESIAN_POINT('',(-0.29002786507,-1.433747617232));
#3257 = CARTESIAN_POINT('',(-0.316189008789,-1.433747617232));
#3258 = CARTESIAN_POINT('',(-0.329269581216,-1.433747617232));
#3259 = CARTESIAN_POINT('',(-0.342350153983,-1.433747617232));
#3260 = CARTESIAN_POINT('',(-0.355430726864,-1.433747617232));
#3261 = CARTESIAN_POINT('',(-0.368511299632,-1.433747617232));
#3262 = CARTESIAN_POINT('',(-0.381591872059,-1.433747617232));
#3263 = CARTESIAN_POINT('',(-0.407753015778,-1.433747617232));
#3264 = CARTESIAN_POINT('',(-0.420833588205,-1.433747617232));
#3265 = CARTESIAN_POINT('',(-0.433914160972,-1.433747617232));
#3266 = CARTESIAN_POINT('',(-0.446994733853,-1.433747617232));
#3267 = CARTESIAN_POINT('',(-0.460075306621,-1.433747617232));
#3268 = CARTESIAN_POINT('',(-0.473155879048,-1.433747617232));
#3269 = CARTESIAN_POINT('',(-0.499317022767,-1.433747617232));
#3270 = CARTESIAN_POINT('',(-0.512397595194,-1.433747617232));
#3271 = CARTESIAN_POINT('',(-0.525478167961,-1.433747617232));
#3272 = CARTESIAN_POINT('',(-0.538558740842,-1.433747617232));
#3273 = CARTESIAN_POINT('',(-0.55163931361,-1.433747617232));
#3274 = CARTESIAN_POINT('',(-0.564719886037,-1.433747617232));
#3275 = CARTESIAN_POINT('',(-0.590881029756,-1.433747617232));
#3276 = CARTESIAN_POINT('',(-0.603961602183,-1.433747617232));
#3277 = CARTESIAN_POINT('',(-0.61704217495,-1.433747617232));
#3278 = CARTESIAN_POINT('',(-0.630122747832,-1.433747617232));
#3279 = CARTESIAN_POINT('',(-0.643203320599,-1.433747617232));
#3280 = CARTESIAN_POINT('',(-0.656283893026,-1.433747617232));
#3281 = CARTESIAN_POINT('',(-0.681993982615,-1.433747617232));
#3282 = CARTESIAN_POINT('',(-0.69462350082,-1.433747617232));
#3283 = CARTESIAN_POINT('',(-0.707253019311,-1.433747617232));
#3284 = CARTESIAN_POINT('',(-0.719882537898,-1.433747617232));
#3285 = CARTESIAN_POINT('',(-0.732512056389,-1.433747617232));
#3286 = CARTESIAN_POINT('',(-0.745141574594,-1.433747617232));
#3287 = CARTESIAN_POINT('',(-0.770851664182,-1.433747617232));
#3288 = CARTESIAN_POINT('',(-0.783932236609,-1.433747617232));
#3289 = CARTESIAN_POINT('',(-0.797012809377,-1.433747617232));
#3290 = CARTESIAN_POINT('',(-0.810093382258,-1.433747617232));
#3291 = CARTESIAN_POINT('',(-0.823173955026,-1.433747617232));
#3292 = CARTESIAN_POINT('',(-0.836254527453,-1.433747617232));
#3293 = CARTESIAN_POINT('',(-0.862415671171,-1.433747617232));
#3294 = CARTESIAN_POINT('',(-0.875496243599,-1.433747617232));
#3295 = CARTESIAN_POINT('',(-0.888576816366,-1.433747617232));
#3296 = CARTESIAN_POINT('',(-0.901657389247,-1.433747617232));
#3297 = CARTESIAN_POINT('',(-0.914737962015,-1.433747617232));
#3298 = CARTESIAN_POINT('',(-0.927818534442,-1.433747617232));
#3299 = CARTESIAN_POINT('',(-0.953979678161,-1.433747617232));
#3300 = CARTESIAN_POINT('',(-0.967060250588,-1.433747617232));
#3301 = CARTESIAN_POINT('',(-0.980140823355,-1.433747617232));
#3302 = CARTESIAN_POINT('',(-0.993221396236,-1.433747617232));
#3303 = CARTESIAN_POINT('',(-1.006301969004,-1.433747617232));
#3304 = CARTESIAN_POINT('',(-1.019382541431,-1.433747617232));
#3305 = CARTESIAN_POINT('',(-1.04554368515,-1.433747617232));
#3306 = CARTESIAN_POINT('',(-1.058624257577,-1.433747617232));
#3307 = CARTESIAN_POINT('',(-1.071704830344,-1.433747617232));
#3308 = CARTESIAN_POINT('',(-1.084785403225,-1.433747617232));
#3309 = CARTESIAN_POINT('',(-1.097865975993,-1.433747617232));
#3310 = CARTESIAN_POINT('',(-1.11094654842,-1.433747617232));
#3311 = CARTESIAN_POINT('',(-1.137107692139,-1.433747617232));
#3312 = CARTESIAN_POINT('',(-1.150188264566,-1.433747617232));
#3313 = CARTESIAN_POINT('',(-1.163268837333,-1.433747617232));
#3314 = CARTESIAN_POINT('',(-1.176349410214,-1.433747617232));
#3315 = CARTESIAN_POINT('',(-1.189429982982,-1.433747617232));
#3316 = CARTESIAN_POINT('',(-1.202510555409,-1.433747617232));
#3317 = CARTESIAN_POINT('',(-1.228671699128,-1.433747617232));
#3318 = CARTESIAN_POINT('',(-1.241752271555,-1.433747617232));
#3319 = CARTESIAN_POINT('',(-1.254832844322,-1.433747617232));
#3320 = CARTESIAN_POINT('',(-1.267913417204,-1.433747617232));
#3321 = CARTESIAN_POINT('',(-1.280993989971,-1.433747617232));
#3322 = CARTESIAN_POINT('',(-1.294074562398,-1.433747617232));
#3323 = CARTESIAN_POINT('',(-1.319784651986,-1.433747617232));
#3324 = CARTESIAN_POINT('',(-1.332414170192,-1.433747617232));
#3325 = CARTESIAN_POINT('',(-1.345043688683,-1.433747617232));
#3326 = CARTESIAN_POINT('',(-1.35767320727,-1.433747617232));
#3327 = CARTESIAN_POINT('',(-1.370302725761,-1.433747617232));
#3328 = CARTESIAN_POINT('',(-1.382932243966,-1.433747617232));
#3329 = CARTESIAN_POINT('',(-1.408642333554,-1.433747617232));
#3330 = CARTESIAN_POINT('',(-1.421722905981,-1.433747617232));
#3331 = CARTESIAN_POINT('',(-1.434803478749,-1.433747617232));
#3332 = CARTESIAN_POINT('',(-1.44788405163,-1.433747617232));
#3333 = CARTESIAN_POINT('',(-1.460964624398,-1.433747617232));
#3334 = CARTESIAN_POINT('',(-1.474045196825,-1.433747617232));
#3335 = CARTESIAN_POINT('',(-1.500206340543,-1.433747617232));
#3336 = CARTESIAN_POINT('',(-1.51328691297,-1.433747617232));
#3337 = CARTESIAN_POINT('',(-1.526367485738,-1.433747617232));
#3338 = CARTESIAN_POINT('',(-1.539448058619,-1.433747617232));
#3339 = CARTESIAN_POINT('',(-1.552528631387,-1.433747617232));
#3340 = CARTESIAN_POINT('',(-1.565609203814,-1.433747617232));
#3341 = CARTESIAN_POINT('',(-1.591770347533,-1.433747617232));
#3342 = CARTESIAN_POINT('',(-1.60485091996,-1.433747617232));
#3343 = CARTESIAN_POINT('',(-1.617931492727,-1.433747617232));
#3344 = CARTESIAN_POINT('',(-1.631012065608,-1.433747617232));
#3345 = CARTESIAN_POINT('',(-1.644092638376,-1.433747617232));
#3346 = CARTESIAN_POINT('',(-1.657173210803,-1.433747617232));
#3347 = CARTESIAN_POINT('',(-1.683334354522,-1.433747617232));
#3348 = CARTESIAN_POINT('',(-1.696414926949,-1.433747617232));
#3349 = CARTESIAN_POINT('',(-1.709495499716,-1.433747617232));
#3350 = CARTESIAN_POINT('',(-1.722576072597,-1.433747617232));
#3351 = CARTESIAN_POINT('',(-1.735656645365,-1.433747617232));
#3352 = CARTESIAN_POINT('',(-1.748737217792,-1.433747617232));
#3353 = CARTESIAN_POINT('',(-1.774898361511,-1.433747617232));
#3354 = CARTESIAN_POINT('',(-1.787978933938,-1.433747617232));
#3355 = CARTESIAN_POINT('',(-1.801059506705,-1.433747617232));
#3356 = CARTESIAN_POINT('',(-1.814140079586,-1.433747617232));
#3357 = CARTESIAN_POINT('',(-1.827220652354,-1.433747617232));
#3358 = CARTESIAN_POINT('',(-1.840301224781,-1.433747617232));
#3359 = CARTESIAN_POINT('',(-1.8664623685,-1.433747617232));
#3360 = CARTESIAN_POINT('',(-1.879542940927,-1.433747617232));
#3361 = CARTESIAN_POINT('',(-1.892623513694,-1.433747617232));
#3362 = CARTESIAN_POINT('',(-1.905704086576,-1.433747617232));
#3363 = CARTESIAN_POINT('',(-1.918784659343,-1.433747617232));
#3364 = CARTESIAN_POINT('',(-1.93186523177,-1.433747617232));
#3365 = CARTESIAN_POINT('',(-1.958026375489,-1.433747617232));
#3366 = CARTESIAN_POINT('',(-1.971106947916,-1.433747617232));
#3367 = CARTESIAN_POINT('',(-1.984187520683,-1.433747617232));
#3368 = CARTESIAN_POINT('',(-1.997268093565,-1.433747617232));
#3369 = CARTESIAN_POINT('',(-2.010348666332,-1.433747617232));
#3370 = CARTESIAN_POINT('',(-2.023429238759,-1.433747617232));
#3371 = CARTESIAN_POINT('',(-2.049590382478,-1.433747617232));
#3372 = CARTESIAN_POINT('',(-2.062670954905,-1.433747617232));
#3373 = CARTESIAN_POINT('',(-2.075751527672,-1.433747617232));
#3374 = CARTESIAN_POINT('',(-2.088832100554,-1.433747617232));
#3375 = CARTESIAN_POINT('',(-2.101912673321,-1.433747617232));
#3376 = CARTESIAN_POINT('',(-2.114993245748,-1.433747617232));
#3377 = CARTESIAN_POINT('',(-2.141154389467,-1.433747617232));
#3378 = CARTESIAN_POINT('',(-2.154234961894,-1.433747617232));
#3379 = CARTESIAN_POINT('',(-2.167315534661,-1.433747617232));
#3380 = CARTESIAN_POINT('',(-2.180396107543,-1.433747617232));
#3381 = CARTESIAN_POINT('',(-2.19347668031,-1.433747617232));
#3382 = CARTESIAN_POINT('',(-2.206557252737,-1.433747617232));
#3383 = CARTESIAN_POINT('',(-2.232718396456,-1.433747617232));
#3384 = CARTESIAN_POINT('',(-2.245798968883,-1.433747617232));
#3385 = CARTESIAN_POINT('',(-2.258879541651,-1.433747617232));
#3386 = CARTESIAN_POINT('',(-2.271960114532,-1.433747617232));
#3387 = CARTESIAN_POINT('',(-2.285040687299,-1.433747617232));
#3388 = CARTESIAN_POINT('',(-2.298121259726,-1.433747617232));
#3389 = CARTESIAN_POINT('',(-2.324282403445,-1.433747617232));
#3390 = CARTESIAN_POINT('',(-2.337362975872,-1.433747617232));
#3391 = CARTESIAN_POINT('',(-2.35044354864,-1.433747617232));
#3392 = CARTESIAN_POINT('',(-2.363524121521,-1.433747617232));
#3393 = CARTESIAN_POINT('',(-2.376604694288,-1.433747617232));
#3394 = CARTESIAN_POINT('',(-2.389685266715,-1.433747617232));
#3395 = CARTESIAN_POINT('',(-2.415846410434,-1.433747617232));
#3396 = CARTESIAN_POINT('',(-2.428926982861,-1.433747617232));
#3397 = CARTESIAN_POINT('',(-2.442007555629,-1.433747617232));
#3398 = CARTESIAN_POINT('',(-2.45508812851,-1.433747617232));
#3399 = CARTESIAN_POINT('',(-2.468168701277,-1.433747617232));
#3400 = CARTESIAN_POINT('',(-2.481249273704,-1.433747617232));
#3401 = CARTESIAN_POINT('',(-2.507410417423,-1.433747617232));
#3402 = CARTESIAN_POINT('',(-2.52049098985,-1.433747617232));
#3403 = CARTESIAN_POINT('',(-2.533571562618,-1.433747617232));
#3404 = CARTESIAN_POINT('',(-2.546652135499,-1.433747617232));
#3405 = CARTESIAN_POINT('',(-2.559732708267,-1.433747617232));
#3406 = CARTESIAN_POINT('',(-2.572813280694,-1.433747617232));
#3407 = CARTESIAN_POINT('',(-2.598974424412,-1.433747617232));
#3408 = CARTESIAN_POINT('',(-2.612054996839,-1.433747617232));
#3409 = CARTESIAN_POINT('',(-2.625135569607,-1.433747617232));
#3410 = CARTESIAN_POINT('',(-2.638216142488,-1.433747617232));
#3411 = CARTESIAN_POINT('',(-2.651296715256,-1.433747617232));
#3412 = CARTESIAN_POINT('',(-2.664377287683,-1.433747617232));
#3413 = CARTESIAN_POINT('',(-2.690538431401,-1.433747617232));
#3414 = CARTESIAN_POINT('',(-2.703619003828,-1.433747617232));
#3415 = CARTESIAN_POINT('',(-2.716699576596,-1.433747617232));
#3416 = CARTESIAN_POINT('',(-2.729780149477,-1.433747617232));
#3417 = CARTESIAN_POINT('',(-2.742860722245,-1.433747617232));
#3418 = CARTESIAN_POINT('',(-2.755941294672,-1.433747617232));
#3419 = CARTESIAN_POINT('',(-2.78210243839,-1.433747617232));
#3420 = CARTESIAN_POINT('',(-2.795183010817,-1.433747617232));
#3421 = CARTESIAN_POINT('',(-2.808263583585,-1.433747617232));
#3422 = CARTESIAN_POINT('',(-2.821344156466,-1.433747617232));
#3423 = CARTESIAN_POINT('',(-2.834424729234,-1.433747617232));
#3424 = CARTESIAN_POINT('',(-2.847505301661,-1.433747617232));
#3425 = CARTESIAN_POINT('',(-2.873666445379,-1.433747617232));
#3426 = CARTESIAN_POINT('',(-2.886747017806,-1.433747617232));
#3427 = CARTESIAN_POINT('',(-2.899827590574,-1.433747617232));
#3428 = CARTESIAN_POINT('',(-2.912908163455,-1.433747617232));
#3429 = CARTESIAN_POINT('',(-2.925988736223,-1.433747617232));
#3430 = CARTESIAN_POINT('',(-2.93906930865,-1.433747617232));
#3431 = CARTESIAN_POINT('',(-2.965230452368,-1.433747617232));
#3432 = CARTESIAN_POINT('',(-2.978311024795,-1.433747617232));
#3433 = CARTESIAN_POINT('',(-2.991391597563,-1.433747617232));
#3434 = CARTESIAN_POINT('',(-3.004472170444,-1.433747617232));
#3435 = CARTESIAN_POINT('',(-3.017552743212,-1.433747617232));
#3436 = CARTESIAN_POINT('',(-3.030633315639,-1.433747617232));
#3437 = CARTESIAN_POINT('',(-3.056343405227,-1.433747617232));
#3438 = CARTESIAN_POINT('',(-3.068972923432,-1.433747617232));
#3439 = CARTESIAN_POINT('',(-3.081602441924,-1.433747617232));
#3440 = CARTESIAN_POINT('',(-3.09423196051,-1.433747617232));
#3441 = CARTESIAN_POINT('',(-3.106861479001,-1.433747617232));
#3442 = CARTESIAN_POINT('',(-3.119490997207,-1.433747617232));
#3443 = CARTESIAN_POINT('',(-3.145201086795,-1.433747617232));
#3444 = CARTESIAN_POINT('',(-3.158281659222,-1.433747617232));
#3445 = CARTESIAN_POINT('',(-3.17136223199,-1.433747617232));
#3446 = CARTESIAN_POINT('',(-3.184442804871,-1.433747617232));
#3447 = CARTESIAN_POINT('',(-3.197523377639,-1.433747617232));
#3448 = CARTESIAN_POINT('',(-3.210603950066,-1.433747617232));
#3449 = CARTESIAN_POINT('',(-3.236765093784,-1.433747617232));
#3450 = CARTESIAN_POINT('',(-3.249845666211,-1.433747617232));
#3451 = CARTESIAN_POINT('',(-3.262926238979,-1.433747617232));
#3452 = CARTESIAN_POINT('',(-3.27600681186,-1.433747617232));
#3453 = CARTESIAN_POINT('',(-3.289087384628,-1.433747617232));
#3454 = CARTESIAN_POINT('',(-3.302167957055,-1.433747617232));
#3455 = CARTESIAN_POINT('',(-3.328329100773,-1.433747617232));
#3456 = CARTESIAN_POINT('',(-3.3414096732,-1.433747617232));
#3457 = CARTESIAN_POINT('',(-3.354490245968,-1.433747617232));
#3458 = CARTESIAN_POINT('',(-3.367570818849,-1.433747617232));
#3459 = CARTESIAN_POINT('',(-3.380651391617,-1.433747617232));
#3460 = CARTESIAN_POINT('',(-3.393731964044,-1.433747617232));
#3461 = CARTESIAN_POINT('',(-3.419893107762,-1.433747617232));
#3462 = CARTESIAN_POINT('',(-3.432973680189,-1.433747617232));
#3463 = CARTESIAN_POINT('',(-3.446054252957,-1.433747617232));
#3464 = CARTESIAN_POINT('',(-3.459134825838,-1.433747617232));
#3465 = CARTESIAN_POINT('',(-3.472215398606,-1.433747617232));
#3466 = CARTESIAN_POINT('',(-3.485295971033,-1.433747617232));
#3467 = CARTESIAN_POINT('',(-3.511457114751,-1.433747617232));
#3468 = CARTESIAN_POINT('',(-3.524537687178,-1.433747617232));
#3469 = CARTESIAN_POINT('',(-3.537618259946,-1.433747617232));
#3470 = CARTESIAN_POINT('',(-3.550698832827,-1.433747617232));
#3471 = CARTESIAN_POINT('',(-3.563779405595,-1.433747617232));
#3472 = CARTESIAN_POINT('',(-3.576859978022,-1.433747617232));
#3473 = CARTESIAN_POINT('',(-3.60302112174,-1.433747617232));
#3474 = CARTESIAN_POINT('',(-3.616101694167,-1.433747617232));
#3475 = CARTESIAN_POINT('',(-3.629182266935,-1.433747617232));
#3476 = CARTESIAN_POINT('',(-3.642262839816,-1.433747617232));
#3477 = CARTESIAN_POINT('',(-3.655343412584,-1.433747617232));
#3478 = CARTESIAN_POINT('',(-3.668423985011,-1.433747617232));
#3479 = CARTESIAN_POINT('',(-3.694585128729,-1.433747617232));
#3480 = CARTESIAN_POINT('',(-3.707665701156,-1.433747617232));
#3481 = CARTESIAN_POINT('',(-3.720746273924,-1.433747617232));
#3482 = CARTESIAN_POINT('',(-3.733826846805,-1.433747617232));
#3483 = CARTESIAN_POINT('',(-3.746907419573,-1.433747617232));
#3484 = CARTESIAN_POINT('',(-3.759987992,-1.433747617232));
#3485 = CARTESIAN_POINT('',(-3.786149135718,-1.433747617232));
#3486 = CARTESIAN_POINT('',(-3.799229708145,-1.433747617232));
#3487 = CARTESIAN_POINT('',(-3.812310280913,-1.433747617232));
#3488 = CARTESIAN_POINT('',(-3.825390853794,-1.433747617232));
#3489 = CARTESIAN_POINT('',(-3.838471426562,-1.433747617232));
#3490 = CARTESIAN_POINT('',(-3.851551998989,-1.433747617232));
#3491 = CARTESIAN_POINT('',(-3.877713142707,-1.433747617232));
#3492 = CARTESIAN_POINT('',(-3.890793715134,-1.433747617232));
#3493 = CARTESIAN_POINT('',(-3.903874287902,-1.433747617232));
#3494 = CARTESIAN_POINT('',(-3.916954860783,-1.433747617232));
#3495 = CARTESIAN_POINT('',(-3.930035433551,-1.433747617232));
#3496 = CARTESIAN_POINT('',(-3.943116005978,-1.433747617232));
#3497 = CARTESIAN_POINT('',(-3.969277149697,-1.433747617232));
#3498 = CARTESIAN_POINT('',(-3.982357722124,-1.433747617232));
#3499 = CARTESIAN_POINT('',(-3.995438294891,-1.433747617232));
#3500 = CARTESIAN_POINT('',(-4.008518867772,-1.433747617232));
#3501 = CARTESIAN_POINT('',(-4.02159944054,-1.433747617232));
#3502 = CARTESIAN_POINT('',(-4.034680012967,-1.433747617232));
#3503 = CARTESIAN_POINT('',(-4.060841156686,-1.433747617232));
#3504 = CARTESIAN_POINT('',(-4.073921729113,-1.433747617232));
#3505 = CARTESIAN_POINT('',(-4.08700230188,-1.433747617232));
#3506 = CARTESIAN_POINT('',(-4.100082874761,-1.433747617232));
#3507 = CARTESIAN_POINT('',(-4.113163447529,-1.433747617232));
#3508 = CARTESIAN_POINT('',(-4.126244019956,-1.433747617232));
#3509 = CARTESIAN_POINT('',(-4.152405163675,-1.433747617232));
#3510 = CARTESIAN_POINT('',(-4.165485736102,-1.433747617232));
#3511 = CARTESIAN_POINT('',(-4.178566308869,-1.433747617232));
#3512 = CARTESIAN_POINT('',(-4.19164688175,-1.433747617232));
#3513 = CARTESIAN_POINT('',(-4.204727454518,-1.433747617232));
#3514 = CARTESIAN_POINT('',(-4.217808026945,-1.433747617232));
#3515 = CARTESIAN_POINT('',(-4.243969170664,-1.433747617232));
#3516 = CARTESIAN_POINT('',(-4.257049743091,-1.433747617232));
#3517 = CARTESIAN_POINT('',(-4.270130315858,-1.433747617232));
#3518 = CARTESIAN_POINT('',(-4.28321088874,-1.433747617232));
#3519 = CARTESIAN_POINT('',(-4.296291461507,-1.433747617232));
#3520 = CARTESIAN_POINT('',(-4.309372033934,-1.433747617232));
#3521 = CARTESIAN_POINT('',(-4.335533177653,-1.433747617232));
#3522 = CARTESIAN_POINT('',(-4.34861375008,-1.433747617232));
#3523 = CARTESIAN_POINT('',(-4.361694322847,-1.433747617232));
#3524 = CARTESIAN_POINT('',(-4.374774895729,-1.433747617232));
#3525 = CARTESIAN_POINT('',(-4.387855468496,-1.433747617232));
#3526 = CARTESIAN_POINT('',(-4.400936040923,-1.433747617232));
#3527 = CARTESIAN_POINT('',(-4.427097184642,-1.433747617232));
#3528 = CARTESIAN_POINT('',(-4.440177757069,-1.433747617232));
#3529 = CARTESIAN_POINT('',(-4.453258329836,-1.433747617232));
#3530 = CARTESIAN_POINT('',(-4.466338902718,-1.433747617232));
#3531 = CARTESIAN_POINT('',(-4.479419475485,-1.433747617232));
#3532 = CARTESIAN_POINT('',(-4.492500047912,-1.433747617232));
#3533 = CARTESIAN_POINT('',(-4.518661191631,-1.433747617232));
#3534 = CARTESIAN_POINT('',(-4.531741764058,-1.433747617232));
#3535 = CARTESIAN_POINT('',(-4.544822336825,-1.433747617232));
#3536 = CARTESIAN_POINT('',(-4.557902909707,-1.433747617232));
#3537 = CARTESIAN_POINT('',(-4.570983482474,-1.433747617232));
#3538 = CARTESIAN_POINT('',(-4.584064054901,-1.433747617232));
#3539 = CARTESIAN_POINT('',(-4.61022519862,-1.433747617232));
#3540 = CARTESIAN_POINT('',(-4.623305771047,-1.433747617232));
#3541 = CARTESIAN_POINT('',(-4.636386343815,-1.433747617232));
#3542 = CARTESIAN_POINT('',(-4.649466916696,-1.433747617232));
#3543 = CARTESIAN_POINT('',(-4.662547489463,-1.433747617232));
#3544 = CARTESIAN_POINT('',(-4.67562806189,-1.433747617232));
#3545 = CARTESIAN_POINT('',(-4.701789205609,-1.433747617232));
#3546 = CARTESIAN_POINT('',(-4.714869778036,-1.433747617232));
#3547 = CARTESIAN_POINT('',(-4.727950350804,-1.433747617232));
#3548 = CARTESIAN_POINT('',(-4.741030923685,-1.433747617232));
#3549 = CARTESIAN_POINT('',(-4.754111496452,-1.433747617232));
#3550 = CARTESIAN_POINT('',(-4.767192068879,-1.433747617232));
#3551 = CARTESIAN_POINT('',(-4.793353212598,-1.433747617232));
#3552 = CARTESIAN_POINT('',(-4.806433785025,-1.433747617232));
#3553 = CARTESIAN_POINT('',(-4.819514357793,-1.433747617232));
#3554 = CARTESIAN_POINT('',(-4.832594930674,-1.433747617232));
#3555 = CARTESIAN_POINT('',(-4.845675503441,-1.433747617232));
#3556 = CARTESIAN_POINT('',(-4.858756075868,-1.433747617232));
#3557 = CARTESIAN_POINT('',(-4.884917219587,-1.433747617232));
#3558 = CARTESIAN_POINT('',(-4.897997792014,-1.433747617232));
#3559 = CARTESIAN_POINT('',(-4.911078364782,-1.433747617232));
#3560 = CARTESIAN_POINT('',(-4.924158937663,-1.433747617232));
#3561 = CARTESIAN_POINT('',(-4.937239510431,-1.433747617232));
#3562 = CARTESIAN_POINT('',(-4.950320082858,-1.433747617232));
#3563 = CARTESIAN_POINT('',(-4.976481226576,-1.433747617232));
#3564 = CARTESIAN_POINT('',(-4.989561799003,-1.433747617232));
#3565 = CARTESIAN_POINT('',(-5.002642371771,-1.433747617232));
#3566 = CARTESIAN_POINT('',(-5.015722944652,-1.433747617232));
#3567 = CARTESIAN_POINT('',(-5.02880351742,-1.433747617232));
#3568 = CARTESIAN_POINT('',(-5.041884089847,-1.433747617232));
#3569 = CARTESIAN_POINT('',(-5.068045233565,-1.433747617232));
#3570 = CARTESIAN_POINT('',(-5.081125805992,-1.433747617232));
#3571 = CARTESIAN_POINT('',(-5.09420637876,-1.433747617232));
#3572 = CARTESIAN_POINT('',(-5.107286951641,-1.433747617232));
#3573 = CARTESIAN_POINT('',(-5.120367524409,-1.433747617232));
#3574 = CARTESIAN_POINT('',(-5.133448096836,-1.433747617232));
#3575 = CARTESIAN_POINT('',(-5.159609240554,-1.433747617232));
#3576 = CARTESIAN_POINT('',(-5.172689812981,-1.433747617232));
#3577 = CARTESIAN_POINT('',(-5.185770385749,-1.433747617232));
#3578 = CARTESIAN_POINT('',(-5.19885095863,-1.433747617232));
#3579 = CARTESIAN_POINT('',(-5.211931531398,-1.433747617232));
#3580 = CARTESIAN_POINT('',(-5.225012103825,-1.433747617232));
#3581 = CARTESIAN_POINT('',(-5.251173247543,-1.433747617232));
#3582 = CARTESIAN_POINT('',(-5.26425381997,-1.433747617232));
#3583 = CARTESIAN_POINT('',(-5.277334392738,-1.433747617232));
#3584 = CARTESIAN_POINT('',(-5.290414965619,-1.433747617232));
#3585 = CARTESIAN_POINT('',(-5.303495538387,-1.433747617232));
#3586 = CARTESIAN_POINT('',(-5.316576110814,-1.433747617232));
#3587 = CARTESIAN_POINT('',(-5.342737254532,-1.433747617232));
#3588 = CARTESIAN_POINT('',(-5.355817826959,-1.433747617232));
#3589 = CARTESIAN_POINT('',(-5.368898399727,-1.433747617232));
#3590 = CARTESIAN_POINT('',(-5.381978972608,-1.433747617232));
#3591 = CARTESIAN_POINT('',(-5.395059545376,-1.433747617232));
#3592 = CARTESIAN_POINT('',(-5.408140117803,-1.433747617232));
#3593 = CARTESIAN_POINT('',(-5.434301261521,-1.433747617232));
#3594 = CARTESIAN_POINT('',(-5.447381833948,-1.433747617232));
#3595 = CARTESIAN_POINT('',(-5.460462406716,-1.433747617232));
#3596 = CARTESIAN_POINT('',(-5.473542979597,-1.433747617232));
#3597 = CARTESIAN_POINT('',(-5.486623552365,-1.433747617232));
#3598 = CARTESIAN_POINT('',(-5.499704124792,-1.433747617232));
#3599 = CARTESIAN_POINT('',(-5.52586526851,-1.433747617232));
#3600 = CARTESIAN_POINT('',(-5.538945840937,-1.433747617232));
#3601 = CARTESIAN_POINT('',(-5.552026413705,-1.433747617232));
#3602 = CARTESIAN_POINT('',(-5.565106986586,-1.433747617232));
#3603 = CARTESIAN_POINT('',(-5.578187559354,-1.433747617232));
#3604 = CARTESIAN_POINT('',(-5.591268131781,-1.433747617232));
#3605 = CARTESIAN_POINT('',(-5.701313434064,-1.433747617232));
#3606 = CARTESIAN_POINT('',(-5.798314918454,-1.433747617232));
#3607 = CARTESIAN_POINT('',(-5.895286309896,-1.433747617232));
#3608 = CARTESIAN_POINT('',(-5.992247700924,-1.433747617232));
#3609 = CARTESIAN_POINT('',(-6.089219092365,-1.433747617232));
#3610 = CARTESIAN_POINT('',(-6.186220576755,-1.433747617232));
#3611 = CARTESIAN_POINT('',(-6.28318530718,-1.433747617232));
#3612 = ( GEOMETRIC_REPRESENTATION_CONTEXT(2) 
PARAMETRIC_REPRESENTATION_CONTEXT() REPRESENTATION_CONTEXT('2D SPACE',''
  ) );
#3613 = PCURVE('',#2564,#3614);
#3614 = DEFINITIONAL_REPRESENTATION('',(#3615),#3990);
#3615 = B_SPLINE_CURVE_WITH_KNOTS('',7,(#3616,#3617,#3618,#3619,#3620,
    #3621,#3622,#3623,#3624,#3625,#3626,#3627,#3628,#3629,#3630,#3631,
    #3632,#3633,#3634,#3635,#3636,#3637,#3638,#3639,#3640,#3641,#3642,
    #3643,#3644,#3645,#3646,#3647,#3648,#3649,#3650,#3651,#3652,#3653,
    #3654,#3655,#3656,#3657,#3658,#3659,#3660,#3661,#3662,#3663,#3664,
    #3665,#3666,#3667,#3668,#3669,#3670,#3671,#3672,#3673,#3674,#3675,
    #3676,#3677,#3678,#3679,#3680,#3681,#3682,#3683,#3684,#3685,#3686,
    #3687,#3688,#3689,#3690,#3691,#3692,#3693,#3694,#3695,#3696,#3697,
    #3698,#3699,#3700,#3701,#3702,#3703,#3704,#3705,#3706,#3707,#3708,
    #3709,#3710,#3711,#3712,#3713,#3714,#3715,#3716,#3717,#3718,#3719,
    #3720,#3721,#3722,#3723,#3724,#3725,#3726,#3727,#3728,#3729,#3730,
    #3731,#3732,#3733,#3734,#3735,#3736,#3737,#3738,#3739,#3740,#3741,
    #3742,#3743,#3744,#3745,#3746,#3747,#3748,#3749,#3750,#3751,#3752,
    #3753,#3754,#3755,#3756,#3757,#3758,#3759,#3760,#3761,#3762,#3763,
    #3764,#3765,#3766,#3767,#3768,#3769,#3770,#3771,#3772,#3773,#3774,
    #3775,#3776,#3777,#3778,#3779,#3780,#3781,#3782,#3783,#3784,#3785,
    #3786,#3787,#3788,#3789,#3790,#3791,#3792,#3793,#3794,#3795,#3796,
    #3797,#3798,#3799,#3800,#3801,#3802,#3803,#3804,#3805,#3806,#3807,
    #3808,#3809,#3810,#3811,#3812,#3813,#3814,#3815,#3816,#3817,#3818,
    #3819,#3820,#3821,#3822,#3823,#3824,#3825,#3826,#3827,#3828,#3829,
    #3830,#3831,#3832,#3833,#3834,#3835,#3836,#3837,#3838,#3839,#3840,
    #3841,#3842,#3843,#3844,#3845,#3846,#3847,#3848,#3849,#3850,#3851,
    #3852,#3853,#3854,#3855,#3856,#3857,#3858,#3859,#3860,#3861,#3862,
    #3863,#3864,#3865,#3866,#3867,#3868,#3869,#3870,#3871,#3872,#3873,
    #3874,#3875,#3876,#3877,#3878,#3879,#3880,#3881,#3882,#3883,#3884,
    #3885,#3886,#3887,#3888,#3889,#3890,#3891,#3892,#3893,#3894,#3895,
    #3896,#3897,#3898,#3899,#3900,#3901,#3902,#3903,#3904,#3905,#3906,
    #3907,#3908,#3909,#3910,#3911,#3912,#3913,#3914,#3915,#3916,#3917,
    #3918,#3919,#3920,#3921,#3922,#3923,#3924,#3925,#3926,#3927,#3928,
    #3929,#3930,#3931,#3932,#3933,#3934,#3935,#3936,#3937,#3938,#3939,
    #3940,#3941,#3942,#3943,#3944,#3945,#3946,#3947,#3948,#3949,#3950,
    #3951,#3952,#3953,#3954,#3955,#3956,#3957,#3958,#3959,#3960,#3961,
    #3962,#3963,#3964,#3965,#3966,#3967,#3968,#3969,#3970,#3971,#3972,
    #3973,#3974,#3975,#3976,#3977,#3978,#3979,#3980,#3981,#3982,#3983,
    #3984,#3985,#3986,#3987,#3988,#3989),.UNSPECIFIED.,.F.,.F.,(8,6,6,6,
    6,6,6,6,6,6,6,6,6,6,6,6,6,6,6,6,6,6,6,6,6,6,6,6,6,6,6,6,6,6,6,6,6,6,
    6,6,6,6,6,6,6,6,6,6,6,6,6,6,6,6,6,6,6,6,6,6,6,6,8),(0.,
    1.909547297468E-02,3.366853470424E-02,4.82415964338E-02,
    6.281465816336E-02,7.738771989291E-02,9.196078162247E-02,
    0.106533843352,0.120604385792,0.135177447521,0.149750509251,
    0.16432357098,0.17889663271,0.193469694439,0.208042756169,
    0.222113298608,0.236686360338,0.251259422068,0.265832483797,
    0.280405545527,0.294978607256,0.309551668986,0.324124730715,
    0.338697792445,0.353270854174,0.367843915904,0.382416977634,
    0.396990039363,0.411563101093,0.426136162822,0.440709224552,
    0.455282286282,0.469855348011,0.484428409741,0.49849895218,
    0.51307201391,0.52764507564,0.542218137369,0.556791199099,
    0.571364260829,0.585937322558,0.600510384288,0.615083446017,
    0.629656507747,0.644229569477,0.658802631206,0.673375692936,
    0.687948754666,0.702521816395,0.717094878125,0.731667939855,
    0.746241001584,0.760814063314,0.775387125044,0.789960186773,
    0.804533248503,0.819106310233,0.833679371962,0.848252433692,
    0.862825495422,0.877398557151,0.891971618881,1.),.UNSPECIFIED.);
#3616 = CARTESIAN_POINT('',(0.,-2.4));
#3617 = CARTESIAN_POINT('',(-1.714107974814E-02,-2.4));
#3618 = CARTESIAN_POINT('',(-3.428116886434E-02,-2.4));
#3619 = CARTESIAN_POINT('',(-5.1420891888E-02,-2.4));
#3620 = CARTESIAN_POINT('',(-6.856063933299E-02,-2.4));
#3621 = CARTESIAN_POINT('',(-8.570056768759E-02,-2.4));
#3622 = CARTESIAN_POINT('',(-0.102840599415,-2.4));
#3623 = CARTESIAN_POINT('',(-0.13306099481,-2.4));
#3624 = CARTESIAN_POINT('',(-0.146141567237,-2.4));
#3625 = CARTESIAN_POINT('',(-0.159222140005,-2.4));
#3626 = CARTESIAN_POINT('',(-0.172302712886,-2.4));
#3627 = CARTESIAN_POINT('',(-0.185383285654,-2.4));
#3628 = CARTESIAN_POINT('',(-0.198463858081,-2.4));
#3629 = CARTESIAN_POINT('',(-0.2246250018,-2.4));
#3630 = CARTESIAN_POINT('',(-0.237705574227,-2.4));
#3631 = CARTESIAN_POINT('',(-0.250786146994,-2.4));
#3632 = CARTESIAN_POINT('',(-0.263866719875,-2.4));
#3633 = CARTESIAN_POINT('',(-0.276947292643,-2.4));
#3634 = CARTESIAN_POINT('',(-0.29002786507,-2.4));
#3635 = CARTESIAN_POINT('',(-0.316189008789,-2.4));
#3636 = CARTESIAN_POINT('',(-0.329269581216,-2.4));
#3637 = CARTESIAN_POINT('',(-0.342350153983,-2.4));
#3638 = CARTESIAN_POINT('',(-0.355430726864,-2.4));
#3639 = CARTESIAN_POINT('',(-0.368511299632,-2.4));
#3640 = CARTESIAN_POINT('',(-0.381591872059,-2.4));
#3641 = CARTESIAN_POINT('',(-0.407753015778,-2.4));
#3642 = CARTESIAN_POINT('',(-0.420833588205,-2.4));
#3643 = CARTESIAN_POINT('',(-0.433914160972,-2.4));
#3644 = CARTESIAN_POINT('',(-0.446994733853,-2.4));
#3645 = CARTESIAN_POINT('',(-0.460075306621,-2.4));
#3646 = CARTESIAN_POINT('',(-0.473155879048,-2.4));
#3647 = CARTESIAN_POINT('',(-0.499317022767,-2.4));
#3648 = CARTESIAN_POINT('',(-0.512397595194,-2.4));
#3649 = CARTESIAN_POINT('',(-0.525478167961,-2.4));
#3650 = CARTESIAN_POINT('',(-0.538558740842,-2.4));
#3651 = CARTESIAN_POINT('',(-0.55163931361,-2.4));
#3652 = CARTESIAN_POINT('',(-0.564719886037,-2.4));
#3653 = CARTESIAN_POINT('',(-0.590881029756,-2.4));
#3654 = CARTESIAN_POINT('',(-0.603961602183,-2.4));
#3655 = CARTESIAN_POINT('',(-0.61704217495,-2.4));
#3656 = CARTESIAN_POINT('',(-0.630122747832,-2.4));
#3657 = CARTESIAN_POINT('',(-0.643203320599,-2.4));
#3658 = CARTESIAN_POINT('',(-0.656283893026,-2.4));
#3659 = CARTESIAN_POINT('',(-0.681993982614,-2.4));
#3660 = CARTESIAN_POINT('',(-0.69462350082,-2.4));
#3661 = CARTESIAN_POINT('',(-0.707253019311,-2.4));
#3662 = CARTESIAN_POINT('',(-0.719882537898,-2.4));
#3663 = CARTESIAN_POINT('',(-0.732512056389,-2.4));
#3664 = CARTESIAN_POINT('',(-0.745141574594,-2.4));
#3665 = CARTESIAN_POINT('',(-0.770851664182,-2.4));
#3666 = CARTESIAN_POINT('',(-0.783932236609,-2.4));
#3667 = CARTESIAN_POINT('',(-0.797012809377,-2.4));
#3668 = CARTESIAN_POINT('',(-0.810093382258,-2.4));
#3669 = CARTESIAN_POINT('',(-0.823173955026,-2.4));
#3670 = CARTESIAN_POINT('',(-0.836254527453,-2.4));
#3671 = CARTESIAN_POINT('',(-0.862415671171,-2.4));
#3672 = CARTESIAN_POINT('',(-0.875496243599,-2.4));
#3673 = CARTESIAN_POINT('',(-0.888576816366,-2.4));
#3674 = CARTESIAN_POINT('',(-0.901657389247,-2.4));
#3675 = CARTESIAN_POINT('',(-0.914737962015,-2.4));
#3676 = CARTESIAN_POINT('',(-0.927818534442,-2.4));
#3677 = CARTESIAN_POINT('',(-0.953979678161,-2.4));
#3678 = CARTESIAN_POINT('',(-0.967060250588,-2.4));
#3679 = CARTESIAN_POINT('',(-0.980140823355,-2.4));
#3680 = CARTESIAN_POINT('',(-0.993221396236,-2.4));
#3681 = CARTESIAN_POINT('',(-1.006301969004,-2.4));
#3682 = CARTESIAN_POINT('',(-1.019382541431,-2.4));
#3683 = CARTESIAN_POINT('',(-1.04554368515,-2.4));
#3684 = CARTESIAN_POINT('',(-1.058624257577,-2.4));
#3685 = CARTESIAN_POINT('',(-1.071704830344,-2.4));
#3686 = CARTESIAN_POINT('',(-1.084785403225,-2.4));
#3687 = CARTESIAN_POINT('',(-1.097865975993,-2.4));
#3688 = CARTESIAN_POINT('',(-1.11094654842,-2.4));
#3689 = CARTESIAN_POINT('',(-1.137107692139,-2.4));
#3690 = CARTESIAN_POINT('',(-1.150188264566,-2.4));
#3691 = CARTESIAN_POINT('',(-1.163268837333,-2.4));
#3692 = CARTESIAN_POINT('',(-1.176349410214,-2.4));
#3693 = CARTESIAN_POINT('',(-1.189429982982,-2.4));
#3694 = CARTESIAN_POINT('',(-1.202510555409,-2.4));
#3695 = CARTESIAN_POINT('',(-1.228671699128,-2.4));
#3696 = CARTESIAN_POINT('',(-1.241752271555,-2.4));
#3697 = CARTESIAN_POINT('',(-1.254832844322,-2.4));
#3698 = CARTESIAN_POINT('',(-1.267913417204,-2.4));
#3699 = CARTESIAN_POINT('',(-1.280993989971,-2.4));
#3700 = CARTESIAN_POINT('',(-1.294074562398,-2.4));
#3701 = CARTESIAN_POINT('',(-1.319784651986,-2.4));
#3702 = CARTESIAN_POINT('',(-1.332414170192,-2.4));
#3703 = CARTESIAN_POINT('',(-1.345043688683,-2.4));
#3704 = CARTESIAN_POINT('',(-1.35767320727,-2.4));
#3705 = CARTESIAN_POINT('',(-1.370302725761,-2.4));
#3706 = CARTESIAN_POINT('',(-1.382932243966,-2.4));
#3707 = CARTESIAN_POINT('',(-1.408642333554,-2.4));
#3708 = CARTESIAN_POINT('',(-1.421722905981,-2.4));
#3709 = CARTESIAN_POINT('',(-1.434803478749,-2.4));
#3710 = CARTESIAN_POINT('',(-1.44788405163,-2.4));
#3711 = CARTESIAN_POINT('',(-1.460964624398,-2.4));
#3712 = CARTESIAN_POINT('',(-1.474045196825,-2.4));
#3713 = CARTESIAN_POINT('',(-1.500206340543,-2.4));
#3714 = CARTESIAN_POINT('',(-1.51328691297,-2.4));
#3715 = CARTESIAN_POINT('',(-1.526367485738,-2.4));
#3716 = CARTESIAN_POINT('',(-1.539448058619,-2.4));
#3717 = CARTESIAN_POINT('',(-1.552528631387,-2.4));
#3718 = CARTESIAN_POINT('',(-1.565609203814,-2.4));
#3719 = CARTESIAN_POINT('',(-1.591770347533,-2.4));
#3720 = CARTESIAN_POINT('',(-1.60485091996,-2.4));
#3721 = CARTESIAN_POINT('',(-1.617931492727,-2.4));
#3722 = CARTESIAN_POINT('',(-1.631012065608,-2.4));
#3723 = CARTESIAN_POINT('',(-1.644092638376,-2.4));
#3724 = CARTESIAN_POINT('',(-1.657173210803,-2.4));
#3725 = CARTESIAN_POINT('',(-1.683334354522,-2.4));
#3726 = CARTESIAN_POINT('',(-1.696414926949,-2.4));
#3727 = CARTESIAN_POINT('',(-1.709495499716,-2.4));
#3728 = CARTESIAN_POINT('',(-1.722576072597,-2.4));
#3729 = CARTESIAN_POINT('',(-1.735656645365,-2.4));
#3730 = CARTESIAN_POINT('',(-1.748737217792,-2.4));
#3731 = CARTESIAN_POINT('',(-1.774898361511,-2.4));
#3732 = CARTESIAN_POINT('',(-1.787978933938,-2.4));
#3733 = CARTESIAN_POINT('',(-1.801059506705,-2.4));
#3734 = CARTESIAN_POINT('',(-1.814140079586,-2.4));
#3735 = CARTESIAN_POINT('',(-1.827220652354,-2.4));
#3736 = CARTESIAN_POINT('',(-1.840301224781,-2.4));
#3737 = CARTESIAN_POINT('',(-1.8664623685,-2.4));
#3738 = CARTESIAN_POINT('',(-1.879542940927,-2.4));
#3739 = CARTESIAN_POINT('',(-1.892623513694,-2.4));
#3740 = CARTESIAN_POINT('',(-1.905704086576,-2.4));
#3741 = CARTESIAN_POINT('',(-1.918784659343,-2.4));
#3742 = CARTESIAN_POINT('',(-1.93186523177,-2.4));
#3743 = CARTESIAN_POINT('',(-1.958026375489,-2.4));
#3744 = CARTESIAN_POINT('',(-1.971106947916,-2.4));
#3745 = CARTESIAN_POINT('',(-1.984187520683,-2.4));
#3746 = CARTESIAN_POINT('',(-1.997268093565,-2.4));
#3747 = CARTESIAN_POINT('',(-2.010348666332,-2.4));
#3748 = CARTESIAN_POINT('',(-2.023429238759,-2.4));
#3749 = CARTESIAN_POINT('',(-2.049590382478,-2.4));
#3750 = CARTESIAN_POINT('',(-2.062670954905,-2.4));
#3751 = CARTESIAN_POINT('',(-2.075751527672,-2.4));
#3752 = CARTESIAN_POINT('',(-2.088832100554,-2.4));
#3753 = CARTESIAN_POINT('',(-2.101912673321,-2.4));
#3754 = CARTESIAN_POINT('',(-2.114993245748,-2.4));
#3755 = CARTESIAN_POINT('',(-2.141154389467,-2.4));
#3756 = CARTESIAN_POINT('',(-2.154234961894,-2.4));
#3757 = CARTESIAN_POINT('',(-2.167315534661,-2.4));
#3758 = CARTESIAN_POINT('',(-2.180396107543,-2.4));
#3759 = CARTESIAN_POINT('',(-2.19347668031,-2.4));
#3760 = CARTESIAN_POINT('',(-2.206557252737,-2.4));
#3761 = CARTESIAN_POINT('',(-2.232718396456,-2.4));
#3762 = CARTESIAN_POINT('',(-2.245798968883,-2.4));
#3763 = CARTESIAN_POINT('',(-2.258879541651,-2.4));
#3764 = CARTESIAN_POINT('',(-2.271960114532,-2.4));
#3765 = CARTESIAN_POINT('',(-2.285040687299,-2.4));
#3766 = CARTESIAN_POINT('',(-2.298121259726,-2.4));
#3767 = CARTESIAN_POINT('',(-2.324282403445,-2.4));
#3768 = CARTESIAN_POINT('',(-2.337362975872,-2.4));
#3769 = CARTESIAN_POINT('',(-2.35044354864,-2.4));
#3770 = CARTESIAN_POINT('',(-2.363524121521,-2.4));
#3771 = CARTESIAN_POINT('',(-2.376604694288,-2.4));
#3772 = CARTESIAN_POINT('',(-2.389685266715,-2.4));
#3773 = CARTESIAN_POINT('',(-2.415846410434,-2.4));
#3774 = CARTESIAN_POINT('',(-2.428926982861,-2.4));
#3775 = CARTESIAN_POINT('',(-2.442007555629,-2.4));
#3776 = CARTESIAN_POINT('',(-2.45508812851,-2.4));
#3777 = CARTESIAN_POINT('',(-2.468168701277,-2.4));
#3778 = CARTESIAN_POINT('',(-2.481249273704,-2.4));
#3779 = CARTESIAN_POINT('',(-2.507410417423,-2.4));
#3780 = CARTESIAN_POINT('',(-2.52049098985,-2.4));
#3781 = CARTESIAN_POINT('',(-2.533571562618,-2.4));
#3782 = CARTESIAN_POINT('',(-2.546652135499,-2.4));
#3783 = CARTESIAN_POINT('',(-2.559732708267,-2.4));
#3784 = CARTESIAN_POINT('',(-2.572813280694,-2.4));
#3785 = CARTESIAN_POINT('',(-2.598974424412,-2.4));
#3786 = CARTESIAN_POINT('',(-2.612054996839,-2.4));
#3787 = CARTESIAN_POINT('',(-2.625135569607,-2.4));
#3788 = CARTESIAN_POINT('',(-2.638216142488,-2.4));
#3789 = CARTESIAN_POINT('',(-2.651296715256,-2.4));
#3790 = CARTESIAN_POINT('',(-2.664377287683,-2.4));
#3791 = CARTESIAN_POINT('',(-2.690538431401,-2.4));
#3792 = CARTESIAN_POINT('',(-2.703619003828,-2.4));
#3793 = CARTESIAN_POINT('',(-2.716699576596,-2.4));
#3794 = CARTESIAN_POINT('',(-2.729780149477,-2.4));
#3795 = CARTESIAN_POINT('',(-2.742860722245,-2.4));
#3796 = CARTESIAN_POINT('',(-2.755941294672,-2.4));
#3797 = CARTESIAN_POINT('',(-2.78210243839,-2.4));
#3798 = CARTESIAN_POINT('',(-2.795183010817,-2.4));
#3799 = CARTESIAN_POINT('',(-2.808263583585,-2.4));
#3800 = CARTESIAN_POINT('',(-2.821344156466,-2.4));
#3801 = CARTESIAN_POINT('',(-2.834424729234,-2.4));
#3802 = CARTESIAN_POINT('',(-2.847505301661,-2.4));
#3803 = CARTESIAN_POINT('',(-2.873666445379,-2.4));
#3804 = CARTESIAN_POINT('',(-2.886747017806,-2.4));
#3805 = CARTESIAN_POINT('',(-2.899827590574,-2.4));
#3806 = CARTESIAN_POINT('',(-2.912908163455,-2.4));
#3807 = CARTESIAN_POINT('',(-2.925988736223,-2.4));
#3808 = CARTESIAN_POINT('',(-2.93906930865,-2.4));
#3809 = CARTESIAN_POINT('',(-2.965230452368,-2.4));
#3810 = CARTESIAN_POINT('',(-2.978311024795,-2.4));
#3811 = CARTESIAN_POINT('',(-2.991391597563,-2.4));
#3812 = CARTESIAN_POINT('',(-3.004472170444,-2.4));
#3813 = CARTESIAN_POINT('',(-3.017552743212,-2.4));
#3814 = CARTESIAN_POINT('',(-3.030633315639,-2.4));
#3815 = CARTESIAN_POINT('',(-3.056343405227,-2.4));
#3816 = CARTESIAN_POINT('',(-3.068972923432,-2.4));
#3817 = CARTESIAN_POINT('',(-3.081602441924,-2.4));
#3818 = CARTESIAN_POINT('',(-3.09423196051,-2.4));
#3819 = CARTESIAN_POINT('',(-3.106861479001,-2.4));
#3820 = CARTESIAN_POINT('',(-3.119490997207,-2.4));
#3821 = CARTESIAN_POINT('',(-3.145201086795,-2.4));
#3822 = CARTESIAN_POINT('',(-3.158281659222,-2.4));
#3823 = CARTESIAN_POINT('',(-3.17136223199,-2.4));
#3824 = CARTESIAN_POINT('',(-3.184442804871,-2.4));
#3825 = CARTESIAN_POINT('',(-3.197523377639,-2.4));
#3826 = CARTESIAN_POINT('',(-3.210603950066,-2.4));
#3827 = CARTESIAN_POINT('',(-3.236765093784,-2.4));
#3828 = CARTESIAN_POINT('',(-3.249845666211,-2.4));
#3829 = CARTESIAN_POINT('',(-3.262926238979,-2.4));
#3830 = CARTESIAN_POINT('',(-3.27600681186,-2.4));
#3831 = CARTESIAN_POINT('',(-3.289087384628,-2.4));
#3832 = CARTESIAN_POINT('',(-3.302167957055,-2.4));
#3833 = CARTESIAN_POINT('',(-3.328329100773,-2.4));
#3834 = CARTESIAN_POINT('',(-3.3414096732,-2.4));
#3835 = CARTESIAN_POINT('',(-3.354490245968,-2.4));
#3836 = CARTESIAN_POINT('',(-3.367570818849,-2.4));
#3837 = CARTESIAN_POINT('',(-3.380651391617,-2.4));
#3838 = CARTESIAN_POINT('',(-3.393731964044,-2.4));
#3839 = CARTESIAN_POINT('',(-3.419893107762,-2.4));
#3840 = CARTESIAN_POINT('',(-3.432973680189,-2.4));
#3841 = CARTESIAN_POINT('',(-3.446054252957,-2.4));
#3842 = CARTESIAN_POINT('',(-3.459134825838,-2.4));
#3843 = CARTESIAN_POINT('',(-3.472215398606,-2.4));
#3844 = CARTESIAN_POINT('',(-3.485295971033,-2.4));
#3845 = CARTESIAN_POINT('',(-3.511457114751,-2.4));
#3846 = CARTESIAN_POINT('',(-3.524537687178,-2.4));
#3847 = CARTESIAN_POINT('',(-3.537618259946,-2.4));
#3848 = CARTESIAN_POINT('',(-3.550698832827,-2.4));
#3849 = CARTESIAN_POINT('',(-3.563779405595,-2.4));
#3850 = CARTESIAN_POINT('',(-3.576859978022,-2.4));
#3851 = CARTESIAN_POINT('',(-3.60302112174,-2.4));
#3852 = CARTESIAN_POINT('',(-3.616101694167,-2.4));
#3853 = CARTESIAN_POINT('',(-3.629182266935,-2.4));
#3854 = CARTESIAN_POINT('',(-3.642262839816,-2.4));
#3855 = CARTESIAN_POINT('',(-3.655343412584,-2.4));
#3856 = CARTESIAN_POINT('',(-3.668423985011,-2.4));
#3857 = CARTESIAN_POINT('',(-3.694585128729,-2.4));
#3858 = CARTESIAN_POINT('',(-3.707665701156,-2.4));
#3859 = CARTESIAN_POINT('',(-3.720746273924,-2.4));
#3860 = CARTESIAN_POINT('',(-3.733826846805,-2.4));
#3861 = CARTESIAN_POINT('',(-3.746907419573,-2.4));
#3862 = CARTESIAN_POINT('',(-3.759987992,-2.4));
#3863 = CARTESIAN_POINT('',(-3.786149135718,-2.4));
#3864 = CARTESIAN_POINT('',(-3.799229708145,-2.4));
#3865 = CARTESIAN_POINT('',(-3.812310280913,-2.4));
#3866 = CARTESIAN_POINT('',(-3.825390853794,-2.4));
#3867 = CARTESIAN_POINT('',(-3.838471426562,-2.4));
#3868 = CARTESIAN_POINT('',(-3.851551998989,-2.4));
#3869 = CARTESIAN_POINT('',(-3.877713142707,-2.4));
#3870 = CARTESIAN_POINT('',(-3.890793715134,-2.4));
#3871 = CARTESIAN_POINT('',(-3.903874287902,-2.4));
#3872 = CARTESIAN_POINT('',(-3.916954860783,-2.4));
#3873 = CARTESIAN_POINT('',(-3.930035433551,-2.4));
#3874 = CARTESIAN_POINT('',(-3.943116005978,-2.4));
#3875 = CARTESIAN_POINT('',(-3.969277149697,-2.4));
#3876 = CARTESIAN_POINT('',(-3.982357722124,-2.4));
#3877 = CARTESIAN_POINT('',(-3.995438294891,-2.4));
#3878 = CARTESIAN_POINT('',(-4.008518867772,-2.4));
#3879 = CARTESIAN_POINT('',(-4.02159944054,-2.4));
#3880 = CARTESIAN_POINT('',(-4.034680012967,-2.4));
#3881 = CARTESIAN_POINT('',(-4.060841156686,-2.4));
#3882 = CARTESIAN_POINT('',(-4.073921729113,-2.4));
#3883 = CARTESIAN_POINT('',(-4.08700230188,-2.4));
#3884 = CARTESIAN_POINT('',(-4.100082874761,-2.4));
#3885 = CARTESIAN_POINT('',(-4.113163447529,-2.4));
#3886 = CARTESIAN_POINT('',(-4.126244019956,-2.4));
#3887 = CARTESIAN_POINT('',(-4.152405163675,-2.4));
#3888 = CARTESIAN_POINT('',(-4.165485736102,-2.4));
#3889 = CARTESIAN_POINT('',(-4.178566308869,-2.4));
#3890 = CARTESIAN_POINT('',(-4.19164688175,-2.4));
#3891 = CARTESIAN_POINT('',(-4.204727454518,-2.4));
#3892 = CARTESIAN_POINT('',(-4.217808026945,-2.4));
#3893 = CARTESIAN_POINT('',(-4.243969170664,-2.4));
#3894 = CARTESIAN_POINT('',(-4.257049743091,-2.4));
#3895 = CARTESIAN_POINT('',(-4.270130315858,-2.4));
#3896 = CARTESIAN_POINT('',(-4.28321088874,-2.4));
#3897 = CARTESIAN_POINT('',(-4.296291461507,-2.4));
#3898 = CARTESIAN_POINT('',(-4.309372033934,-2.4));
#3899 = CARTESIAN_POINT('',(-4.335533177653,-2.4));
#3900 = CARTESIAN_POINT('',(-4.34861375008,-2.4));
#3901 = CARTESIAN_POINT('',(-4.361694322847,-2.4));
#3902 = CARTESIAN_POINT('',(-4.374774895729,-2.4));
#3903 = CARTESIAN_POINT('',(-4.387855468496,-2.4));
#3904 = CARTESIAN_POINT('',(-4.400936040923,-2.4));
#3905 = CARTESIAN_POINT('',(-4.427097184642,-2.4));
#3906 = CARTESIAN_POINT('',(-4.440177757069,-2.4));
#3907 = CARTESIAN_POINT('',(-4.453258329836,-2.4));
#3908 = CARTESIAN_POINT('',(-4.466338902718,-2.4));
#3909 = CARTESIAN_POINT('',(-4.479419475485,-2.4));
#3910 = CARTESIAN_POINT('',(-4.492500047912,-2.4));
#3911 = CARTESIAN_POINT('',(-4.518661191631,-2.4));
#3912 = CARTESIAN_POINT('',(-4.531741764058,-2.4));
#3913 = CARTESIAN_POINT('',(-4.544822336826,-2.4));
#3914 = CARTESIAN_POINT('',(-4.557902909707,-2.4));
#3915 = CARTESIAN_POINT('',(-4.570983482474,-2.4));
#3916 = CARTESIAN_POINT('',(-4.584064054901,-2.4));
#3917 = CARTESIAN_POINT('',(-4.61022519862,-2.4));
#3918 = CARTESIAN_POINT('',(-4.623305771047,-2.4));
#3919 = CARTESIAN_POINT('',(-4.636386343815,-2.4));
#3920 = CARTESIAN_POINT('',(-4.649466916696,-2.4));
#3921 = CARTESIAN_POINT('',(-4.662547489463,-2.4));
#3922 = CARTESIAN_POINT('',(-4.67562806189,-2.4));
#3923 = CARTESIAN_POINT('',(-4.701789205609,-2.4));
#3924 = CARTESIAN_POINT('',(-4.714869778036,-2.4));
#3925 = CARTESIAN_POINT('',(-4.727950350804,-2.4));
#3926 = CARTESIAN_POINT('',(-4.741030923685,-2.4));
#3927 = CARTESIAN_POINT('',(-4.754111496452,-2.4));
#3928 = CARTESIAN_POINT('',(-4.767192068879,-2.4));
#3929 = CARTESIAN_POINT('',(-4.793353212598,-2.4));
#3930 = CARTESIAN_POINT('',(-4.806433785025,-2.4));
#3931 = CARTESIAN_POINT('',(-4.819514357793,-2.4));
#3932 = CARTESIAN_POINT('',(-4.832594930674,-2.4));
#3933 = CARTESIAN_POINT('',(-4.845675503441,-2.4));
#3934 = CARTESIAN_POINT('',(-4.858756075868,-2.4));
#3935 = CARTESIAN_POINT('',(-4.884917219587,-2.4));
#3936 = CARTESIAN_POINT('',(-4.897997792014,-2.4));
#3937 = CARTESIAN_POINT('',(-4.911078364782,-2.4));
#3938 = CARTESIAN_POINT('',(-4.924158937663,-2.4));
#3939 = CARTESIAN_POINT('',(-4.937239510431,-2.4));
#3940 = CARTESIAN_POINT('',(-4.950320082858,-2.4));
#3941 = CARTESIAN_POINT('',(-4.976481226576,-2.4));
#3942 = CARTESIAN_POINT('',(-4.989561799003,-2.4));
#3943 = CARTESIAN_POINT('',(-5.002642371771,-2.4));
#3944 = CARTESIAN_POINT('',(-5.015722944652,-2.4));
#3945 = CARTESIAN_POINT('',(-5.02880351742,-2.4));
#3946 = CARTESIAN_POINT('',(-5.041884089847,-2.4));
#3947 = CARTESIAN_POINT('',(-5.068045233565,-2.4));
#3948 = CARTESIAN_POINT('',(-5.081125805992,-2.4));
#3949 = CARTESIAN_POINT('',(-5.09420637876,-2.4));
#3950 = CARTESIAN_POINT('',(-5.107286951641,-2.4));
#3951 = CARTESIAN_POINT('',(-5.120367524409,-2.4));
#3952 = CARTESIAN_POINT('',(-5.133448096836,-2.4));
#3953 = CARTESIAN_POINT('',(-5.159609240554,-2.4));
#3954 = CARTESIAN_POINT('',(-5.172689812981,-2.4));
#3955 = CARTESIAN_POINT('',(-5.185770385749,-2.4));
#3956 = CARTESIAN_POINT('',(-5.19885095863,-2.4));
#3957 = CARTESIAN_POINT('',(-5.211931531398,-2.4));
#3958 = CARTESIAN_POINT('',(-5.225012103825,-2.4));
#3959 = CARTESIAN_POINT('',(-5.251173247543,-2.4));
#3960 = CARTESIAN_POINT('',(-5.26425381997,-2.4));
#3961 = CARTESIAN_POINT('',(-5.277334392738,-2.4));
#3962 = CARTESIAN_POINT('',(-5.290414965619,-2.4));
#3963 = CARTESIAN_POINT('',(-5.303495538387,-2.4));
#3964 = CARTESIAN_POINT('',(-5.316576110814,-2.4));
#3965 = CARTESIAN_POINT('',(-5.342737254532,-2.4));
#3966 = CARTESIAN_POINT('',(-5.355817826959,-2.4));
#3967 = CARTESIAN_POINT('',(-5.368898399727,-2.4));
#3968 = CARTESIAN_POINT('',(-5.381978972608,-2.4));
#3969 = CARTESIAN_POINT('',(-5.395059545376,-2.4));
#3970 = CARTESIAN_POINT('',(-5.408140117803,-2.4));
#3971 = CARTESIAN_POINT('',(-5.434301261521,-2.4));
#3972 = CARTESIAN_POINT('',(-5.447381833948,-2.4));
#3973 = CARTESIAN_POINT('',(-5.460462406716,-2.4));
#3974 = CARTESIAN_POINT('',(-5.473542979597,-2.4));
#3975 = CARTESIAN_POINT('',(-5.486623552365,-2.4));
#3976 = CARTESIAN_POINT('',(-5.499704124792,-2.4));
#3977 = CARTESIAN_POINT('',(-5.52586526851,-2.4));
#3978 = CARTESIAN_POINT('',(-5.538945840937,-2.4));
#3979 = CARTESIAN_POINT('',(-5.552026413705,-2.4));
#3980 = CARTESIAN_POINT('',(-5.565106986586,-2.4));
#3981 = CARTESIAN_POINT('',(-5.578187559354,-2.4));
#3982 = CARTESIAN_POINT('',(-5.591268131781,-2.4));
#3983 = CARTESIAN_POINT('',(-5.701313434064,-2.4));
#3984 = CARTESIAN_POINT('',(-5.798314918454,-2.4));
#3985 = CARTESIAN_POINT('',(-5.895286309896,-2.4));
#3986 = CARTESIAN_POINT('',(-5.992247700924,-2.4));
#3987 = CARTESIAN_POINT('',(-6.089219092365,-2.4));
#3988 = CARTESIAN_POINT('',(-6.186220576755,-2.4));
#3989 = CARTESIAN_POINT('',(-6.28318530718,-2.4));
#3990 = ( GEOMETRIC_REPRESENTATION_CONTEXT(2) 
PARAMETRIC_REPRESENTATION_CONTEXT() REPRESENTATION_CONTEXT('2D SPACE',''
  ) );
#3991 = ORIENTED_EDGE('',*,*,#2835,.T.);
#3992 = ORIENTED_EDGE('',*,*,#1716,.F.);
#3993 = ORIENTED_EDGE('',*,*,#2779,.F.);
#3994 = ORIENTED_EDGE('',*,*,#3995,.T.);
#3995 = EDGE_CURVE('',#2754,#2733,#3996,.T.);
#3996 = SURFACE_CURVE('',#3997,(#4002,#4009),.PCURVE_S1.);
#3997 = CIRCLE('',#3998,4.);
#3998 = AXIS2_PLACEMENT_3D('',#3999,#4000,#4001);
#3999 = CARTESIAN_POINT('',(-134.4,90.913747617232,87.));
#4000 = DIRECTION('',(0.,-1.,0.));
#4001 = DIRECTION('',(0.,0.,-1.));
#4002 = PCURVE('',#1704,#4003);
#4003 = DEFINITIONAL_REPRESENTATION('',(#4004),#4008);
#4004 = LINE('',#4005,#4006);
#4005 = CARTESIAN_POINT('',(-0.,-32.8));
#4006 = VECTOR('',#4007,1.);
#4007 = DIRECTION('',(-1.,0.));
#4008 = ( GEOMETRIC_REPRESENTATION_CONTEXT(2) 
PARAMETRIC_REPRESENTATION_CONTEXT() REPRESENTATION_CONTEXT('2D SPACE',''
  ) );
#4009 = PCURVE('',#2768,#4010);
#4010 = DEFINITIONAL_REPRESENTATION('',(#4011),#4015);
#4011 = CIRCLE('',#4012,4.);
#4012 = AXIS2_PLACEMENT_2D('',#4013,#4014);
#4013 = CARTESIAN_POINT('',(0.,0.));
#4014 = DIRECTION('',(1.,0.));
#4015 = ( GEOMETRIC_REPRESENTATION_CONTEXT(2) 
PARAMETRIC_REPRESENTATION_CONTEXT() REPRESENTATION_CONTEXT('2D SPACE',''
  ) );
#4016 = ORIENTED_EDGE('',*,*,#2732,.T.);
#4017 = ORIENTED_EDGE('',*,*,#1687,.F.);
#4018 = ADVANCED_FACE('',(#4019),#1930,.T.);
#4019 = FACE_BOUND('',#4020,.T.);
#4020 = EDGE_LOOP('',(#4021,#4022,#4023,#4024));
#4021 = ORIENTED_EDGE('',*,*,#2181,.T.);
#4022 = ORIENTED_EDGE('',*,*,#2047,.T.);
#4023 = ORIENTED_EDGE('',*,*,#1975,.F.);
#4024 = ORIENTED_EDGE('',*,*,#1914,.F.);
#4025 = ADVANCED_FACE('',(#4026),#2141,.T.);
#4026 = FACE_BOUND('',#4027,.T.);
#4027 = EDGE_LOOP('',(#4028,#4029,#4030,#4031));
#4028 = ORIENTED_EDGE('',*,*,#2338,.T.);
#4029 = ORIENTED_EDGE('',*,*,#2311,.T.);
#4030 = ORIENTED_EDGE('',*,*,#2236,.F.);
#4031 = ORIENTED_EDGE('',*,*,#2125,.F.);
#4032 = ADVANCED_FACE('',(#4033),#2221,.F.);
#4033 = FACE_BOUND('',#4034,.F.);
#4034 = EDGE_LOOP('',(#4035,#4058,#4085,#4086));
#4035 = ORIENTED_EDGE('',*,*,#4036,.T.);
#4036 = EDGE_CURVE('',#2205,#4037,#4039,.T.);
#4037 = VERTEX_POINT('',#4038);
#4038 = CARTESIAN_POINT('',(138.,58.375,-69.75));
#4039 = SEAM_CURVE('',#4040,(#4044,#4051),.PCURVE_S1.);
#4040 = LINE('',#4041,#4042);
#4041 = CARTESIAN_POINT('',(150.,58.375,-69.75));
#4042 = VECTOR('',#4043,1.);
#4043 = DIRECTION('',(-1.,0.,-0.));
#4044 = PCURVE('',#2221,#4045);
#4045 = DEFINITIONAL_REPRESENTATION('',(#4046),#4050);
#4046 = LINE('',#4047,#4048);
#4047 = CARTESIAN_POINT('',(0.,0.));
#4048 = VECTOR('',#4049,1.);
#4049 = DIRECTION('',(0.,-1.));
#4050 = ( GEOMETRIC_REPRESENTATION_CONTEXT(2) 
PARAMETRIC_REPRESENTATION_CONTEXT() REPRESENTATION_CONTEXT('2D SPACE',''
  ) );
#4051 = PCURVE('',#2221,#4052);
#4052 = DEFINITIONAL_REPRESENTATION('',(#4053),#4057);
#4053 = LINE('',#4054,#4055);
#4054 = CARTESIAN_POINT('',(6.28318530718,0.));
#4055 = VECTOR('',#4056,1.);
#4056 = DIRECTION('',(0.,-1.));
#4057 = ( GEOMETRIC_REPRESENTATION_CONTEXT(2) 
PARAMETRIC_REPRESENTATION_CONTEXT() REPRESENTATION_CONTEXT('2D SPACE',''
  ) );
#4058 = ORIENTED_EDGE('',*,*,#4059,.T.);
#4059 = EDGE_CURVE('',#4037,#4037,#4060,.T.);
#4060 = SURFACE_CURVE('',#4061,(#4066,#4073),.PCURVE_S1.);
#4061 = CIRCLE('',#4062,44.);
#4062 = AXIS2_PLACEMENT_3D('',#4063,#4064,#4065);
#4063 = CARTESIAN_POINT('',(138.,14.375,-69.75));
#4064 = DIRECTION('',(1.,-0.,0.));
#4065 = DIRECTION('',(0.,1.,-2.476837423129E-16));
#4066 = PCURVE('',#2221,#4067);
#4067 = DEFINITIONAL_REPRESENTATION('',(#4068),#4072);
#4068 = LINE('',#4069,#4070);
#4069 = CARTESIAN_POINT('',(0.,-12.));
#4070 = VECTOR('',#4071,1.);
#4071 = DIRECTION('',(1.,0.));
#4072 = ( GEOMETRIC_REPRESENTATION_CONTEXT(2) 
PARAMETRIC_REPRESENTATION_CONTEXT() REPRESENTATION_CONTEXT('2D SPACE',''
  ) );
#4073 = PCURVE('',#4074,#4079);
#4074 = PLANE('',#4075);
#4075 = AXIS2_PLACEMENT_3D('',#4076,#4077,#4078);
#4076 = CARTESIAN_POINT('',(138.,14.375,-69.75));
#4077 = DIRECTION('',(1.,0.,0.));
#4078 = DIRECTION('',(-0.,0.,1.));
#4079 = DEFINITIONAL_REPRESENTATION('',(#4080),#4084);
#4080 = CIRCLE('',#4081,44.);
#4081 = AXIS2_PLACEMENT_2D('',#4082,#4083);
#4082 = CARTESIAN_POINT('',(-1.42108547152E-14,-7.105427357601E-15));
#4083 = DIRECTION('',(-2.476837423129E-16,-1.));
#4084 = ( GEOMETRIC_REPRESENTATION_CONTEXT(2) 
PARAMETRIC_REPRESENTATION_CONTEXT() REPRESENTATION_CONTEXT('2D SPACE',''
  ) );
#4085 = ORIENTED_EDGE('',*,*,#4036,.F.);
#4086 = ORIENTED_EDGE('',*,*,#2204,.F.);
#4087 = ADVANCED_FACE('',(#4088),#2386,.F.);
#4088 = FACE_BOUND('',#4089,.T.);
#4089 = EDGE_LOOP('',(#4090,#4113,#4140,#4141));
#4090 = ORIENTED_EDGE('',*,*,#4091,.T.);
#4091 = EDGE_CURVE('',#2370,#4092,#4094,.T.);
#4092 = VERTEX_POINT('',#4093);
#4093 = CARTESIAN_POINT('',(-110.35,105.5,-104.9));
#4094 = SEAM_CURVE('',#4095,(#4099,#4106),.PCURVE_S1.);
#4095 = LINE('',#4096,#4097);
#4096 = CARTESIAN_POINT('',(-118.,105.5,-104.9));
#4097 = VECTOR('',#4098,1.);
#4098 = DIRECTION('',(1.,-0.,0.));
#4099 = PCURVE('',#2386,#4100);
#4100 = DEFINITIONAL_REPRESENTATION('',(#4101),#4105);
#4101 = LINE('',#4102,#4103);
#4102 = CARTESIAN_POINT('',(-0.,0.));
#4103 = VECTOR('',#4104,1.);
#4104 = DIRECTION('',(-0.,-1.));
#4105 = ( GEOMETRIC_REPRESENTATION_CONTEXT(2) 
PARAMETRIC_REPRESENTATION_CONTEXT() REPRESENTATION_CONTEXT('2D SPACE',''
  ) );
#4106 = PCURVE('',#2386,#4107);
#4107 = DEFINITIONAL_REPRESENTATION('',(#4108),#4112);
#4108 = LINE('',#4109,#4110);
#4109 = CARTESIAN_POINT('',(-6.28318530718,0.));
#4110 = VECTOR('',#4111,1.);
#4111 = DIRECTION('',(-0.,-1.));
#4112 = ( GEOMETRIC_REPRESENTATION_CONTEXT(2) 
PARAMETRIC_REPRESENTATION_CONTEXT() REPRESENTATION_CONTEXT('2D SPACE',''
  ) );
#4113 = ORIENTED_EDGE('',*,*,#4114,.T.);
#4114 = EDGE_CURVE('',#4092,#4092,#4115,.T.);
#4115 = SURFACE_CURVE('',#4116,(#4121,#4128),.PCURVE_S1.);
#4116 = CIRCLE('',#4117,13.6);
#4117 = AXIS2_PLACEMENT_3D('',#4118,#4119,#4120);
#4118 = CARTESIAN_POINT('',(-110.35,105.5,-118.5));
#4119 = DIRECTION('',(1.,0.,-0.));
#4120 = DIRECTION('',(0.,0.,1.));
#4121 = PCURVE('',#2386,#4122);
#4122 = DEFINITIONAL_REPRESENTATION('',(#4123),#4127);
#4123 = LINE('',#4124,#4125);
#4124 = CARTESIAN_POINT('',(-0.,-7.65));
#4125 = VECTOR('',#4126,1.);
#4126 = DIRECTION('',(-1.,0.));
#4127 = ( GEOMETRIC_REPRESENTATION_CONTEXT(2) 
PARAMETRIC_REPRESENTATION_CONTEXT() REPRESENTATION_CONTEXT('2D SPACE',''
  ) );
#4128 = PCURVE('',#4129,#4134);
#4129 = PLANE('',#4130);
#4130 = AXIS2_PLACEMENT_3D('',#4131,#4132,#4133);
#4131 = CARTESIAN_POINT('',(-110.35,105.5,-118.5));
#4132 = DIRECTION('',(1.,7.278993358441E-31,-1.501292380178E-30));
#4133 = DIRECTION('',(1.501292380178E-30,0.,1.));
#4134 = DEFINITIONAL_REPRESENTATION('',(#4135),#4139);
#4135 = CIRCLE('',#4136,13.6);
#4136 = AXIS2_PLACEMENT_2D('',#4137,#4138);
#4137 = CARTESIAN_POINT('',(1.42108547152E-14,-1.55294760367E-74));
#4138 = DIRECTION('',(1.,-1.09278972644E-60));
#4139 = ( GEOMETRIC_REPRESENTATION_CONTEXT(2) 
PARAMETRIC_REPRESENTATION_CONTEXT() REPRESENTATION_CONTEXT('2D SPACE',''
  ) );
#4140 = ORIENTED_EDGE('',*,*,#4091,.F.);
#4141 = ORIENTED_EDGE('',*,*,#2369,.F.);
#4142 = ADVANCED_FACE('',(#4143),#2502,.F.);
#4143 = FACE_BOUND('',#4144,.T.);
#4144 = EDGE_LOOP('',(#4145,#4168,#4194,#4195));
#4145 = ORIENTED_EDGE('',*,*,#4146,.F.);
#4146 = EDGE_CURVE('',#4147,#2482,#4149,.T.);
#4147 = VERTEX_POINT('',#4148);
#4148 = CARTESIAN_POINT('',(-110.35,105.5,-110.));
#4149 = SEAM_CURVE('',#4150,(#4154,#4161),.PCURVE_S1.);
#4150 = LINE('',#4151,#4152);
#4151 = CARTESIAN_POINT('',(-114.175,105.5,-110.));
#4152 = VECTOR('',#4153,1.);
#4153 = DIRECTION('',(1.,-0.,0.));
#4154 = PCURVE('',#2502,#4155);
#4155 = DEFINITIONAL_REPRESENTATION('',(#4156),#4160);
#4156 = LINE('',#4157,#4158);
#4157 = CARTESIAN_POINT('',(-6.28318530718,0.));
#4158 = VECTOR('',#4159,1.);
#4159 = DIRECTION('',(-0.,-1.));
#4160 = ( GEOMETRIC_REPRESENTATION_CONTEXT(2) 
PARAMETRIC_REPRESENTATION_CONTEXT() REPRESENTATION_CONTEXT('2D SPACE',''
  ) );
#4161 = PCURVE('',#2502,#4162);
#4162 = DEFINITIONAL_REPRESENTATION('',(#4163),#4167);
#4163 = LINE('',#4164,#4165);
#4164 = CARTESIAN_POINT('',(-0.,0.));
#4165 = VECTOR('',#4166,1.);
#4166 = DIRECTION('',(-0.,-1.));
#4167 = ( GEOMETRIC_REPRESENTATION_CONTEXT(2) 
PARAMETRIC_REPRESENTATION_CONTEXT() REPRESENTATION_CONTEXT('2D SPACE',''
  ) );
#4168 = ORIENTED_EDGE('',*,*,#4169,.T.);
#4169 = EDGE_CURVE('',#4147,#4147,#4170,.T.);
#4170 = SURFACE_CURVE('',#4171,(#4176,#4183),.PCURVE_S1.);
#4171 = CIRCLE('',#4172,8.5);
#4172 = AXIS2_PLACEMENT_3D('',#4173,#4174,#4175);
#4173 = CARTESIAN_POINT('',(-110.35,105.5,-118.5));
#4174 = DIRECTION('',(-1.,-0.,0.));
#4175 = DIRECTION('',(0.,0.,1.));
#4176 = PCURVE('',#2502,#4177);
#4177 = DEFINITIONAL_REPRESENTATION('',(#4178),#4182);
#4178 = LINE('',#4179,#4180);
#4179 = CARTESIAN_POINT('',(-6.28318530718,-3.825));
#4180 = VECTOR('',#4181,1.);
#4181 = DIRECTION('',(1.,-0.));
#4182 = ( GEOMETRIC_REPRESENTATION_CONTEXT(2) 
PARAMETRIC_REPRESENTATION_CONTEXT() REPRESENTATION_CONTEXT('2D SPACE',''
  ) );
#4183 = PCURVE('',#4129,#4184);
#4184 = DEFINITIONAL_REPRESENTATION('',(#4185),#4193);
#4185 = ( BOUNDED_CURVE() B_SPLINE_CURVE(2,(#4186,#4187,#4188,#4189,
#4190,#4191,#4192),.UNSPECIFIED.,.T.,.F.) B_SPLINE_CURVE_WITH_KNOTS((1,2
    ,2,2,2,1),(-2.094395102393,0.,2.094395102393,4.188790204786,
6.28318530718,8.377580409573),.UNSPECIFIED.) CURVE() 
GEOMETRIC_REPRESENTATION_ITEM() RATIONAL_B_SPLINE_CURVE((1.,0.5,1.,0.5,
1.,0.5,1.)) REPRESENTATION_ITEM('') );
#4186 = CARTESIAN_POINT('',(8.5,-9.288712674737E-60));
#4187 = CARTESIAN_POINT('',(8.5,-14.72243186433));
#4188 = CARTESIAN_POINT('',(-4.25,-7.361215932168));
#4189 = CARTESIAN_POINT('',(-17.,-2.08189955855E-15));
#4190 = CARTESIAN_POINT('',(-4.25,7.361215932168));
#4191 = CARTESIAN_POINT('',(8.5,14.722431864335));
#4192 = CARTESIAN_POINT('',(8.5,-9.288712674737E-60));
#4193 = ( GEOMETRIC_REPRESENTATION_CONTEXT(2) 
PARAMETRIC_REPRESENTATION_CONTEXT() REPRESENTATION_CONTEXT('2D SPACE',''
  ) );
#4194 = ORIENTED_EDGE('',*,*,#4146,.T.);
#4195 = ORIENTED_EDGE('',*,*,#2481,.F.);
#4196 = ADVANCED_FACE('',(#4197),#2564,.F.);
#4197 = FACE_BOUND('',#4198,.F.);
#4198 = EDGE_LOOP('',(#4199,#4200,#4219,#4220));
#4199 = ORIENTED_EDGE('',*,*,#2549,.T.);
#4200 = ORIENTED_EDGE('',*,*,#4201,.T.);
#4201 = EDGE_CURVE('',#2527,#2836,#4202,.T.);
#4202 = SEAM_CURVE('',#4203,(#4207,#4213),.PCURVE_S1.);
#4203 = LINE('',#4204,#4205);
#4204 = CARTESIAN_POINT('',(-134.4,124.68,80.6));
#4205 = VECTOR('',#4206,1.);
#4206 = DIRECTION('',(0.,-0.707106781187,0.707106781187));
#4207 = PCURVE('',#2564,#4208);
#4208 = DEFINITIONAL_REPRESENTATION('',(#4209),#4212);
#4209 = B_SPLINE_CURVE_WITH_KNOTS('',1,(#4210,#4211),.UNSPECIFIED.,.F.,
  .F.,(2,2),(0.,4.072935059635),.PIECEWISE_BEZIER_KNOTS.);
#4210 = CARTESIAN_POINT('',(0.,0.));
#4211 = CARTESIAN_POINT('',(0.,-2.88));
#4212 = ( GEOMETRIC_REPRESENTATION_CONTEXT(2) 
PARAMETRIC_REPRESENTATION_CONTEXT() REPRESENTATION_CONTEXT('2D SPACE',''
  ) );
#4213 = PCURVE('',#2564,#4214);
#4214 = DEFINITIONAL_REPRESENTATION('',(#4215),#4218);
#4215 = B_SPLINE_CURVE_WITH_KNOTS('',1,(#4216,#4217),.UNSPECIFIED.,.F.,
  .F.,(2,2),(0.,4.072935059635),.PIECEWISE_BEZIER_KNOTS.);
#4216 = CARTESIAN_POINT('',(-6.28318530718,0.));
#4217 = CARTESIAN_POINT('',(-6.28318530718,-2.88));
#4218 = ( GEOMETRIC_REPRESENTATION_CONTEXT(2) 
PARAMETRIC_REPRESENTATION_CONTEXT() REPRESENTATION_CONTEXT('2D SPACE',''
  ) );
#4219 = ORIENTED_EDGE('',*,*,#2858,.F.);
#4220 = ORIENTED_EDGE('',*,*,#4201,.F.);
#4221 = ADVANCED_FACE('',(#4222),#2619,.F.);
#4222 = FACE_BOUND('',#4223,.F.);
#4223 = EDGE_LOOP('',(#4224,#4225,#4246,#4273));
#4224 = ORIENTED_EDGE('',*,*,#2604,.T.);
#4225 = ORIENTED_EDGE('',*,*,#4226,.T.);
#4226 = EDGE_CURVE('',#2582,#4227,#4229,.T.);
#4227 = VERTEX_POINT('',#4228);
#4228 = CARTESIAN_POINT('',(-118.8,122.28,83.));
#4229 = SEAM_CURVE('',#4230,(#4234,#4240),.PCURVE_S1.);
#4230 = LINE('',#4231,#4232);
#4231 = CARTESIAN_POINT('',(-118.8,124.68,80.6));
#4232 = VECTOR('',#4233,1.);
#4233 = DIRECTION('',(0.,-0.707106781187,0.707106781187));
#4234 = PCURVE('',#2619,#4235);
#4235 = DEFINITIONAL_REPRESENTATION('',(#4236),#4239);
#4236 = B_SPLINE_CURVE_WITH_KNOTS('',1,(#4237,#4238),.UNSPECIFIED.,.F.,
  .F.,(2,2),(0.,4.072935059635),.PIECEWISE_BEZIER_KNOTS.);
#4237 = CARTESIAN_POINT('',(0.,0.));
#4238 = CARTESIAN_POINT('',(0.,-2.88));
#4239 = ( GEOMETRIC_REPRESENTATION_CONTEXT(2) 
PARAMETRIC_REPRESENTATION_CONTEXT() REPRESENTATION_CONTEXT('2D SPACE',''
  ) );
#4240 = PCURVE('',#2619,#4241);
#4241 = DEFINITIONAL_REPRESENTATION('',(#4242),#4245);
#4242 = B_SPLINE_CURVE_WITH_KNOTS('',1,(#4243,#4244),.UNSPECIFIED.,.F.,
  .F.,(2,2),(0.,4.072935059635),.PIECEWISE_BEZIER_KNOTS.);
#4243 = CARTESIAN_POINT('',(-6.28318530718,0.));
#4244 = CARTESIAN_POINT('',(-6.28318530718,-2.88));
#4245 = ( GEOMETRIC_REPRESENTATION_CONTEXT(2) 
PARAMETRIC_REPRESENTATION_CONTEXT() REPRESENTATION_CONTEXT('2D SPACE',''
  ) );
#4246 = ORIENTED_EDGE('',*,*,#4247,.T.);
#4247 = EDGE_CURVE('',#4227,#4227,#4248,.T.);
#4248 = SURFACE_CURVE('',#4249,(#4254,#4261),.PCURVE_S1.);
#4249 = CIRCLE('',#4250,4.);
#4250 = AXIS2_PLACEMENT_3D('',#4251,#4252,#4253);
#4251 = CARTESIAN_POINT('',(-118.8,122.28,87.));
#4252 = DIRECTION('',(-0.,1.,0.));
#4253 = DIRECTION('',(0.,0.,1.));
#4254 = PCURVE('',#2619,#4255);
#4255 = DEFINITIONAL_REPRESENTATION('',(#4256),#4260);
#4256 = LINE('',#4257,#4258);
#4257 = CARTESIAN_POINT('',(-9.424777960769,-2.4));
#4258 = VECTOR('',#4259,1.);
#4259 = DIRECTION('',(1.,-0.));
#4260 = ( GEOMETRIC_REPRESENTATION_CONTEXT(2) 
PARAMETRIC_REPRESENTATION_CONTEXT() REPRESENTATION_CONTEXT('2D SPACE',''
  ) );
#4261 = PCURVE('',#4262,#4267);
#4262 = CYLINDRICAL_SURFACE('',#4263,4.);
#4263 = AXIS2_PLACEMENT_3D('',#4264,#4265,#4266);
#4264 = CARTESIAN_POINT('',(-118.8,123.71374761723,87.));
#4265 = DIRECTION('',(-0.,1.,-0.));
#4266 = DIRECTION('',(0.,0.,-1.));
#4267 = DEFINITIONAL_REPRESENTATION('',(#4268),#4272);
#4268 = LINE('',#4269,#4270);
#4269 = CARTESIAN_POINT('',(-9.424777960769,-1.433747617232));
#4270 = VECTOR('',#4271,1.);
#4271 = DIRECTION('',(1.,-0.));
#4272 = ( GEOMETRIC_REPRESENTATION_CONTEXT(2) 
PARAMETRIC_REPRESENTATION_CONTEXT() REPRESENTATION_CONTEXT('2D SPACE',''
  ) );
#4273 = ORIENTED_EDGE('',*,*,#4226,.F.);
#4274 = ADVANCED_FACE('',(#4275),#2674,.F.);
#4275 = FACE_BOUND('',#4276,.F.);
#4276 = EDGE_LOOP('',(#4277,#4278,#4299,#5438));
#4277 = ORIENTED_EDGE('',*,*,#2659,.T.);
#4278 = ORIENTED_EDGE('',*,*,#4279,.T.);
#4279 = EDGE_CURVE('',#2637,#4280,#4282,.T.);
#4280 = VERTEX_POINT('',#4281);
#4281 = CARTESIAN_POINT('',(-103.2,122.28,83.));
#4282 = SEAM_CURVE('',#4283,(#4287,#4293),.PCURVE_S1.);
#4283 = LINE('',#4284,#4285);
#4284 = CARTESIAN_POINT('',(-103.2,124.68,80.6));
#4285 = VECTOR('',#4286,1.);
#4286 = DIRECTION('',(0.,-0.707106781187,0.707106781187));
#4287 = PCURVE('',#2674,#4288);
#4288 = DEFINITIONAL_REPRESENTATION('',(#4289),#4292);
#4289 = B_SPLINE_CURVE_WITH_KNOTS('',1,(#4290,#4291),.UNSPECIFIED.,.F.,
  .F.,(2,2),(0.,4.072935059635),.PIECEWISE_BEZIER_KNOTS.);
#4290 = CARTESIAN_POINT('',(0.,0.));
#4291 = CARTESIAN_POINT('',(0.,-2.88));
#4292 = ( GEOMETRIC_REPRESENTATION_CONTEXT(2) 
PARAMETRIC_REPRESENTATION_CONTEXT() REPRESENTATION_CONTEXT('2D SPACE',''
  ) );
#4293 = PCURVE('',#2674,#4294);
#4294 = DEFINITIONAL_REPRESENTATION('',(#4295),#4298);
#4295 = B_SPLINE_CURVE_WITH_KNOTS('',1,(#4296,#4297),.UNSPECIFIED.,.F.,
  .F.,(2,2),(0.,4.072935059635),.PIECEWISE_BEZIER_KNOTS.);
#4296 = CARTESIAN_POINT('',(-6.28318530718,0.));
#4297 = CARTESIAN_POINT('',(-6.28318530718,-2.88));
#4298 = ( GEOMETRIC_REPRESENTATION_CONTEXT(2) 
PARAMETRIC_REPRESENTATION_CONTEXT() REPRESENTATION_CONTEXT('2D SPACE',''
  ) );
#4299 = ORIENTED_EDGE('',*,*,#4300,.F.);
#4300 = EDGE_CURVE('',#4280,#4280,#4301,.T.);
#4301 = SURFACE_CURVE('',#4302,(#4677,#5055),.PCURVE_S1.);
#4302 = B_SPLINE_CURVE_WITH_KNOTS('',7,(#4303,#4304,#4305,#4306,#4307,
    #4308,#4309,#4310,#4311,#4312,#4313,#4314,#4315,#4316,#4317,#4318,
    #4319,#4320,#4321,#4322,#4323,#4324,#4325,#4326,#4327,#4328,#4329,
    #4330,#4331,#4332,#4333,#4334,#4335,#4336,#4337,#4338,#4339,#4340,
    #4341,#4342,#4343,#4344,#4345,#4346,#4347,#4348,#4349,#4350,#4351,
    #4352,#4353,#4354,#4355,#4356,#4357,#4358,#4359,#4360,#4361,#4362,
    #4363,#4364,#4365,#4366,#4367,#4368,#4369,#4370,#4371,#4372,#4373,
    #4374,#4375,#4376,#4377,#4378,#4379,#4380,#4381,#4382,#4383,#4384,
    #4385,#4386,#4387,#4388,#4389,#4390,#4391,#4392,#4393,#4394,#4395,
    #4396,#4397,#4398,#4399,#4400,#4401,#4402,#4403,#4404,#4405,#4406,
    #4407,#4408,#4409,#4410,#4411,#4412,#4413,#4414,#4415,#4416,#4417,
    #4418,#4419,#4420,#4421,#4422,#4423,#4424,#4425,#4426,#4427,#4428,
    #4429,#4430,#4431,#4432,#4433,#4434,#4435,#4436,#4437,#4438,#4439,
    #4440,#4441,#4442,#4443,#4444,#4445,#4446,#4447,#4448,#4449,#4450,
    #4451,#4452,#4453,#4454,#4455,#4456,#4457,#4458,#4459,#4460,#4461,
    #4462,#4463,#4464,#4465,#4466,#4467,#4468,#4469,#4470,#4471,#4472,
    #4473,#4474,#4475,#4476,#4477,#4478,#4479,#4480,#4481,#4482,#4483,
    #4484,#4485,#4486,#4487,#4488,#4489,#4490,#4491,#4492,#4493,#4494,
    #4495,#4496,#4497,#4498,#4499,#4500,#4501,#4502,#4503,#4504,#4505,
    #4506,#4507,#4508,#4509,#4510,#4511,#4512,#4513,#4514,#4515,#4516,
    #4517,#4518,#4519,#4520,#4521,#4522,#4523,#4524,#4525,#4526,#4527,
    #4528,#4529,#4530,#4531,#4532,#4533,#4534,#4535,#4536,#4537,#4538,
    #4539,#4540,#4541,#4542,#4543,#4544,#4545,#4546,#4547,#4548,#4549,
    #4550,#4551,#4552,#4553,#4554,#4555,#4556,#4557,#4558,#4559,#4560,
    #4561,#4562,#4563,#4564,#4565,#4566,#4567,#4568,#4569,#4570,#4571,
    #4572,#4573,#4574,#4575,#4576,#4577,#4578,#4579,#4580,#4581,#4582,
    #4583,#4584,#4585,#4586,#4587,#4588,#4589,#4590,#4591,#4592,#4593,
    #4594,#4595,#4596,#4597,#4598,#4599,#4600,#4601,#4602,#4603,#4604,
    #4605,#4606,#4607,#4608,#4609,#4610,#4611,#4612,#4613,#4614,#4615,
    #4616,#4617,#4618,#4619,#4620,#4621,#4622,#4623,#4624,#4625,#4626,
    #4627,#4628,#4629,#4630,#4631,#4632,#4633,#4634,#4635,#4636,#4637,
    #4638,#4639,#4640,#4641,#4642,#4643,#4644,#4645,#4646,#4647,#4648,
    #4649,#4650,#4651,#4652,#4653,#4654,#4655,#4656,#4657,#4658,#4659,
    #4660,#4661,#4662,#4663,#4664,#4665,#4666,#4667,#4668,#4669,#4670,
    #4671,#4672,#4673,#4674,#4675,#4676),.UNSPECIFIED.,.T.,.F.,(8,6,6,6,
    6,6,6,6,6,6,6,6,6,6,6,6,6,6,6,6,6,6,6,6,6,6,6,6,6,6,6,6,6,6,6,6,6,6,
    6,6,6,6,6,6,6,6,6,6,6,6,6,6,6,6,6,6,6,6,6,6,6,6,8),(0.,
    1.909547297472E-02,3.366853470431E-02,4.824159643391E-02,
    6.281465816351E-02,7.738771989312E-02,9.196078162274E-02,
    0.106031324062,0.120604385792,0.135177447522,0.149750509251,
    0.164323570981,0.17889663271,0.19346969444,0.20804275617,
    0.222615817899,0.237188879629,0.251761941358,0.266335003088,
    0.280908064817,0.295481126547,0.310054188277,0.324627250006,
    0.339200311736,0.353773373465,0.368346435195,0.382919496924,
    0.397492558654,0.412065620384,0.426638682113,0.441211743843,
    0.455784805572,0.470357867302,0.484930929032,0.499503990761,
    0.514077052491,0.52865011422,0.54322317595,0.55779623768,
    0.572369299409,0.586942361139,0.601515422868,0.616088484598,
    0.630159027038,0.644732088767,0.659305150497,0.673878212227,
    0.688451273956,0.703024335686,0.717597397416,0.732170459145,
    0.746743520875,0.760814063314,0.775387125044,0.789960186774,
    0.804533248503,0.819106310233,0.833679371963,0.848252433692,
    0.862825495422,0.877398557151,0.891971618881,1.),.UNSPECIFIED.);
#4303 = CARTESIAN_POINT('',(-103.2,122.28,83.));
#4304 = CARTESIAN_POINT('',(-103.131435681,122.28,83.));
#4305 = CARTESIAN_POINT('',(-103.0628753049,122.28,83.001371048739));
#4306 = CARTESIAN_POINT('',(-102.9943493203,122.28,83.004113086826));
#4307 = CARTESIAN_POINT('',(-102.9258890514,122.28,83.008225087385));
#4308 = CARTESIAN_POINT('',(-102.8575266981,122.28,83.013705056058));
#4309 = CARTESIAN_POINT('',(-102.7892953359,122.28,83.020550031004));
#4310 = CARTESIAN_POINT('',(-102.6692827745,122.28,83.035018682467));
#4311 = CARTESIAN_POINT('',(-102.6174321972,122.28,83.042074015872));
#4312 = CARTESIAN_POINT('',(-102.5656917143,122.28,83.049920331081));
#4313 = CARTESIAN_POINT('',(-102.5140758006,122.28,83.058555545885));
#4314 = CARTESIAN_POINT('',(-102.462598876,122.28,83.067977247902));
#4315 = CARTESIAN_POINT('',(-102.4112753049,122.28,83.07818269457));
#4316 = CARTESIAN_POINT('',(-102.3089634882,122.28,83.100154931743));
#4317 = CARTESIAN_POINT('',(-102.2579752281,122.28,83.111921725346));
#4318 = CARTESIAN_POINT('',(-102.2071689255,122.28,83.124466120686));
#4319 = CARTESIAN_POINT('',(-102.1565588043,122.28,83.137784720745));
#4320 = CARTESIAN_POINT('',(-102.1061590032,122.28,83.151873804761));
#4321 = CARTESIAN_POINT('',(-102.0559835758,122.28,83.166729328231));
#4322 = CARTESIAN_POINT('',(-101.956109405,122.28,83.197964517587));
#4323 = CARTESIAN_POINT('',(-101.9064106475,122.28,83.214344187879));
#4324 = CARTESIAN_POINT('',(-101.8569641861,122.28,83.23148156501));
#4325 = CARTESIAN_POINT('',(-101.8077838746,122.28,83.249371965608));
#4326 = CARTESIAN_POINT('',(-101.7588834522,122.28,83.268010391707));
#4327 = CARTESIAN_POINT('',(-101.7102765438,122.28,83.287391530747));
#4328 = CARTESIAN_POINT('',(-101.6136767758,122.28,83.32762798039));
#4329 = CARTESIAN_POINT('',(-101.5656839026,122.28,83.348483296669));
#4330 = CARTESIAN_POINT('',(-101.5180115505,122.28,83.370070076734));
#4331 = CARTESIAN_POINT('',(-101.4706730867,122.28,83.392382390101));
#4332 = CARTESIAN_POINT('',(-101.4236817362,122.28,83.415414003473));
#4333 = CARTESIAN_POINT('',(-101.3770505809,122.28,83.43915838074));
#4334 = CARTESIAN_POINT('',(-101.2845345394,122.28,83.488058985211));
#4335 = CARTESIAN_POINT('',(-101.2386496402,122.28,83.513215219312));
#4336 = CARTESIAN_POINT('',(-101.1931508014,122.28,83.539070545863));
#4337 = CARTESIAN_POINT('',(-101.1480507924,122.28,83.565617836951));
#4338 = CARTESIAN_POINT('',(-101.1033622126,122.28,83.592849676173));
#4339 = CARTESIAN_POINT('',(-101.0590974914,122.28,83.620758358628));
#4340 = CARTESIAN_POINT('',(-100.972951617,122.28,83.676927991223));
#4341 = CARTESIAN_POINT('',(-100.9310408942,122.28,83.705143616218));
#4342 = CARTESIAN_POINT('',(-100.8895477542,122.28,83.733975571268));
#4343 = CARTESIAN_POINT('',(-100.8484830612,122.28,83.763416425301));
#4344 = CARTESIAN_POINT('',(-100.8078575102,122.28,83.793458510809));
#4345 = CARTESIAN_POINT('',(-100.7676816263,122.28,83.824093923849));
#4346 = CARTESIAN_POINT('',(-100.686831481,122.28,83.887650145487));
#4347 = CARTESIAN_POINT('',(-100.6461906541,122.28,83.920613508256));
#4348 = CARTESIAN_POINT('',(-100.6060547905,122.28,83.9541955673));
#4349 = CARTESIAN_POINT('',(-100.5664351772,122.28,83.988387024134));
#4350 = CARTESIAN_POINT('',(-100.5273428826,122.28,84.023178326833));
#4351 = CARTESIAN_POINT('',(-100.4887887564,122.28,84.058559670035));
#4352 = CARTESIAN_POINT('',(-100.4127781026,122.28,84.130482319848));
#4353 = CARTESIAN_POINT('',(-100.3753215643,122.28,84.1670236366));
#4354 = CARTESIAN_POINT('',(-100.3384244451,122.28,84.204134885996));
#4355 = CARTESIAN_POINT('',(-100.3020971346,122.28,84.241805776454));
#4356 = CARTESIAN_POINT('',(-100.2663497814,122.28,84.280025784015));
#4357 = CARTESIAN_POINT('',(-100.2311922931,122.28,84.318784152342));
#4358 = CARTESIAN_POINT('',(-100.1620763799,122.28,84.397355633103));
#4359 = CARTESIAN_POINT('',(-100.1281179452,122.28,84.437168756616));
#4360 = CARTESIAN_POINT('',(-100.0947686985,122.28,84.47749827418));
#4361 = CARTESIAN_POINT('',(-100.0620380451,122.28,84.518332987343));
#4362 = CARTESIAN_POINT('',(-100.0299351286,122.28,84.559661488284));
#4363 = CARTESIAN_POINT('',(-99.9984688317,122.28,84.601472159808));
#4364 = CARTESIAN_POINT('',(-99.93682671988,122.28,84.686034190894));
#4365 = CARTESIAN_POINT('',(-99.90665089628,122.28,84.728785562382));
#4366 = CARTESIAN_POINT('',(-99.87712892593,122.28,84.771995462922));
#4367 = CARTESIAN_POINT('',(-99.84826915054,122.28,84.815651881014));
#4368 = CARTESIAN_POINT('',(-99.82007963255,122.28,84.859742620548));
#4369 = CARTESIAN_POINT('',(-99.79256815511,122.28,84.904255300803));
#4370 = CARTESIAN_POINT('',(-99.73891628919,122.28,84.994099412096));
#4371 = CARTESIAN_POINT('',(-99.71277589314,122.28,85.039430855803));
#4372 = CARTESIAN_POINT('',(-99.68732853744,122.28,85.085159121958));
#4373 = CARTESIAN_POINT('',(-99.66258143055,122.28,85.131271486643));
#4374 = CARTESIAN_POINT('',(-99.63854148597,122.28,85.177755067641));
#4375 = CARTESIAN_POINT('',(-99.61521532223,122.28,85.224596824431));
#4376 = CARTESIAN_POINT('',(-99.57000320352,122.28,85.318970291954));
#4377 = CARTESIAN_POINT('',(-99.54811724218,122.28,85.366502015995));
#4378 = CARTESIAN_POINT('',(-99.5269577019,122.28,85.414365531254));
#4379 = CARTESIAN_POINT('',(-99.50653059753,122.28,85.462547508002));
#4380 = CARTESIAN_POINT('',(-99.48684163571,122.28,85.511034485842));
#4381 = CARTESIAN_POINT('',(-99.46789621486,122.28,85.559812873709));
#4382 = CARTESIAN_POINT('',(-99.43150263553,122.28,85.657925026035));
#4383 = CARTESIAN_POINT('',(-99.41405447191,122.28,85.707258804328));
#4384 = CARTESIAN_POINT('',(-99.39736002405,122.28,85.756856562827));
#4385 = CARTESIAN_POINT('',(-99.38142406276,122.28,85.806704477668));
#4386 = CARTESIAN_POINT('',(-99.36625104001,122.28,85.856788623047));
#4387 = CARTESIAN_POINT('',(-99.35184508889,122.28,85.907094971222));
#4388 = CARTESIAN_POINT('',(-99.3245749584,122.28,86.008123813804));
#4389 = CARTESIAN_POINT('',(-99.31171077518,122.28,86.058846322458));
#4390 = CARTESIAN_POINT('',(-99.29962128766,122.28,86.109762788649));
#4391 = CARTESIAN_POINT('',(-99.28830998271,122.28,86.160859010197));
#4392 = CARTESIAN_POINT('',(-99.27778002031,122.28,86.212120712563));
#4393 = CARTESIAN_POINT('',(-99.2680342336,122.28,86.263533548855));
#4394 = CARTESIAN_POINT('',(-99.25011602414,122.28,86.366632650793));
#4395 = CARTESIAN_POINT('',(-99.24194359886,122.28,86.418318930978));
#4396 = CARTESIAN_POINT('',(-99.23456035878,122.28,86.470127521033));
#4397 = CARTESIAN_POINT('',(-99.22796847754,122.28,86.52204395945));
#4398 = CARTESIAN_POINT('',(-99.22216979669,122.28,86.574053742549));
#4399 = CARTESIAN_POINT('',(-99.21716582566,122.28,86.626142324486));
#4400 = CARTESIAN_POINT('',(-99.20874965799,122.28,86.730447910014));
#4401 = CARTESIAN_POINT('',(-99.20533746015,122.28,86.782664928314));
#4402 = CARTESIAN_POINT('',(-99.20272232511,122.28,86.834931584094));
#4403 = CARTESIAN_POINT('',(-99.20090509509,122.28,86.887233277672));
#4404 = CARTESIAN_POINT('',(-99.19988627778,122.28,86.939555397746));
#4405 = CARTESIAN_POINT('',(-99.19966604627,122.28,86.991883321384));
#4406 = CARTESIAN_POINT('',(-99.20082243198,122.28,87.096521506683));
#4407 = CARTESIAN_POINT('',(-99.20219904935,122.28,87.1488317831));
#4408 = CARTESIAN_POINT('',(-99.20437392924,122.28,87.201118608737));
#4409 = CARTESIAN_POINT('',(-99.20734657541,122.28,87.253367368061));
#4410 = CARTESIAN_POINT('',(-99.2111161574,122.28,87.305563464556));
#4411 = CARTESIAN_POINT('',(-99.21568151053,122.28,87.35769232072));
#4412 = CARTESIAN_POINT('',(-99.22640076129,122.28,87.461786435413));
#4413 = CARTESIAN_POINT('',(-99.23255466042,122.28,87.513751708622));
#4414 = CARTESIAN_POINT('',(-99.23950133385,122.28,87.565620639264));
#4415 = CARTESIAN_POINT('',(-99.24723895104,122.28,87.617378718405));
#4416 = CARTESIAN_POINT('',(-99.25576535036,122.28,87.669011486609));
#4417 = CARTESIAN_POINT('',(-99.2650780391,122.28,87.720504533932));
#4418 = CARTESIAN_POINT('',(-99.28527034783,122.28,87.823182465927));
#4419 = CARTESIAN_POINT('',(-99.29614997067,122.28,87.874367365078));
#4420 = CARTESIAN_POINT('',(-99.30781023764,122.28,87.925383837045));
#4421 = CARTESIAN_POINT('',(-99.32024799923,122.28,87.976217601048));
#4422 = CARTESIAN_POINT('',(-99.33345978075,122.28,88.026854455874));
#4423 = CARTESIAN_POINT('',(-99.34744178235,122.28,88.077280279869));
#4424 = CARTESIAN_POINT('',(-99.37693797564,122.28,88.177681782009));
#4425 = CARTESIAN_POINT('',(-99.39245217149,122.28,88.227657474313));
#4426 = CARTESIAN_POINT('',(-99.40872834098,122.28,88.277394065916));
#4427 = CARTESIAN_POINT('',(-99.42576204202,122.28,88.326877623843));
#4428 = CARTESIAN_POINT('',(-99.44354851597,122.28,88.376094324079));
#4429 = CARTESIAN_POINT('',(-99.46208268766,122.28,88.425030451572));
#4430 = CARTESIAN_POINT('',(-99.50063564312,122.28,88.522314348884));
#4431 = CARTESIAN_POINT('',(-99.52065443232,122.28,88.570662132422));
#4432 = CARTESIAN_POINT('',(-99.54141014077,122.28,88.618702144955));
#4433 = CARTESIAN_POINT('',(-99.56289707102,122.28,88.666420918042));
#4434 = CARTESIAN_POINT('',(-99.58510922033,122.28,88.713805120689));
#4435 = CARTESIAN_POINT('',(-99.60804028076,122.28,88.76084155935));
#4436 = CARTESIAN_POINT('',(-99.65532699742,122.28,88.854192796501));
#4437 = CARTESIAN_POINT('',(-99.67968266033,122.28,88.900507608156));
#4438 = CARTESIAN_POINT('',(-99.70474401411,122.28,88.94644855704));
#4439 = CARTESIAN_POINT('',(-99.73050415366,122.28,88.992002752089));
#4440 = CARTESIAN_POINT('',(-99.75695588248,122.28,89.037157467017));
#4441 = CARTESIAN_POINT('',(-99.78409171266,122.28,89.081900140322));
#4442 = CARTESIAN_POINT('',(-99.83971601715,122.28,89.170536610245));
#4443 = CARTESIAN_POINT('',(-99.86820449931,122.28,89.214430419362));
#4444 = CARTESIAN_POINT('',(-99.89736153159,122.28,89.257887406209));
#4445 = CARTESIAN_POINT('',(-99.92717905913,122.28,89.300895365096));
#4446 = CARTESIAN_POINT('',(-99.95764875192,122.28,89.343442281072));
#4447 = CARTESIAN_POINT('',(-99.98876200485,122.28,89.385516329918));
#4448 = CARTESIAN_POINT('',(-100.0522578705,122.28,89.46869542639));
#4449 = CARTESIAN_POINT('',(-100.0846404922,122.28,89.509800485745));
#4450 = CARTESIAN_POINT('',(-100.1176489222,122.28,89.550409423075));
#4451 = CARTESIAN_POINT('',(-100.1512740231,122.28,89.59051082033));
#4452 = CARTESIAN_POINT('',(-100.1855064014,122.28,89.63009347455));
#4453 = CARTESIAN_POINT('',(-100.2203364068,122.28,89.669146397867));
#4454 = CARTESIAN_POINT('',(-100.2911718582,122.28,89.746171237148));
#4455 = CARTESIAN_POINT('',(-100.3271773143,122.28,89.784143163974));
#4456 = CARTESIAN_POINT('',(-100.3637605936,122.28,89.821563825586));
#4457 = CARTESIAN_POINT('',(-100.4009115531,122.28,89.858422687233));
#4458 = CARTESIAN_POINT('',(-100.4386198142,122.28,89.894709451809));
#4459 = CARTESIAN_POINT('',(-100.4768747624,122.28,89.930414059854));
#4460 = CARTESIAN_POINT('',(-100.5544563323,122.28,90.000639319258));
#4461 = CARTESIAN_POINT('',(-100.593782965,122.28,90.035159980519));
#4462 = CARTESIAN_POINT('',(-100.6336345948,122.28,90.06907885194));
#4463 = CARTESIAN_POINT('',(-100.6740001581,122.28,90.102386370328));
#4464 = CARTESIAN_POINT('',(-100.7148683779,122.28,90.135073230703));
#4465 = CARTESIAN_POINT('',(-100.7562277647,122.28,90.167130386291));
#4466 = CARTESIAN_POINT('',(-100.839905466,122.28,90.229967710768));
#4467 = CARTESIAN_POINT('',(-100.8822237924,122.28,90.260747888519));
#4468 = CARTESIAN_POINT('',(-100.9250098914,122.28,90.290880793664));
#4469 = CARTESIAN_POINT('',(-100.9682518711,122.28,90.320357914693));
#4470 = CARTESIAN_POINT('',(-101.0119376513,122.28,90.349171016707));
#4471 = CARTESIAN_POINT('',(-101.0560549631,122.28,90.377312141416));
#4472 = CARTESIAN_POINT('',(-101.1451277347,122.28,90.43223507286));
#4473 = CARTESIAN_POINT('',(-101.1900832072,122.28,90.459016887341));
#4474 = CARTESIAN_POINT('',(-101.2354453086,122.28,90.485111369372));
#4475 = CARTESIAN_POINT('',(-101.2812014188,122.28,90.510511130438));
#4476 = CARTESIAN_POINT('',(-101.3273387549,122.28,90.535209074712));
#4477 = CARTESIAN_POINT('',(-101.3738443719,122.28,90.559198399063));
#4478 = CARTESIAN_POINT('',(-101.4675659523,122.28,90.605746787034));
#4479 = CARTESIAN_POINT('',(-101.5147819289,122.28,90.628305857219));
#4480 = CARTESIAN_POINT('',(-101.562339984,122.28,90.650143293658));
#4481 = CARTESIAN_POINT('',(-101.6102268747,122.28,90.671252892731));
#4482 = CARTESIAN_POINT('',(-101.6584292231,122.28,90.691628757137));
#4483 = CARTESIAN_POINT('',(-101.7069335161,122.28,90.711265295897));
#4484 = CARTESIAN_POINT('',(-101.8045186953,122.28,90.749049152813));
#4485 = CARTESIAN_POINT('',(-101.8535995953,122.28,90.767196476298));
#4486 = CARTESIAN_POINT('',(-101.9029551575,122.28,90.78459391067));
#4487 = CARTESIAN_POINT('',(-101.9525716271,122.28,90.801236489176));
#4488 = CARTESIAN_POINT('',(-102.002435143,122.28,90.817119562451));
#4489 = CARTESIAN_POINT('',(-102.0525317377,122.28,90.83223879851));
#4490 = CARTESIAN_POINT('',(-102.1531629363,122.28,90.860941567008));
#4491 = CARTESIAN_POINT('',(-102.2036975544,122.28,90.874525103494));
#4492 = CARTESIAN_POINT('',(-102.2544371172,122.28,90.887336778154));
#4493 = CARTESIAN_POINT('',(-102.3053674734,122.28,90.899372902717));
#4494 = CARTESIAN_POINT('',(-102.3564743948,122.28,90.910630114702));
#4495 = CARTESIAN_POINT('',(-102.4077435762,122.28,90.921105377417));
#4496 = CARTESIAN_POINT('',(-102.5105776948,122.28,90.940486582503));
#4497 = CARTESIAN_POINT('',(-102.5621426464,122.28,90.949392527607));
#4498 = CARTESIAN_POINT('',(-102.6138411081,122.28,90.957511104918));
#4499 = CARTESIAN_POINT('',(-102.6656586506,122.28,90.964839935545));
#4500 = CARTESIAN_POINT('',(-102.717580798,122.28,90.971376972064));
#4501 = CARTESIAN_POINT('',(-102.7695930274,122.28,90.977120498515));
#4502 = CARTESIAN_POINT('',(-102.8737685102,122.28,90.987017762294));
#4503 = CARTESIAN_POINT('',(-102.9259317784,122.28,90.991171501017));
#4504 = CARTESIAN_POINT('',(-102.9781560035,122.28,90.994528962633));
#4505 = CARTESIAN_POINT('',(-103.0304265993,122.28,90.997089097564));
#4506 = CARTESIAN_POINT('',(-103.0827289632,122.28,90.998851190596));
#4507 = CARTESIAN_POINT('',(-103.1350484761,122.28,90.999814860879));
#4508 = CARTESIAN_POINT('',(-103.2396925294,122.28,91.000145262971));
#4509 = CARTESIAN_POINT('',(-103.2920170845,122.28,90.999511994827));
#4510 = CARTESIAN_POINT('',(-103.3443295326,122.28,90.99808021156));
#4511 = CARTESIAN_POINT('',(-103.3966152528,122.28,90.9958502017));
#4512 = CARTESIAN_POINT('',(-103.4488596381,122.28,90.992822588234));
#4513 = CARTESIAN_POINT('',(-103.5010480959,122.28,90.988998328612));
#4514 = CARTESIAN_POINT('',(-103.6052840001,122.28,90.979759100872));
#4515 = CARTESIAN_POINT('',(-103.6573314612,122.28,90.974344131451));
#4516 = CARTESIAN_POINT('',(-103.7092938529,122.28,90.968135098942));
#4517 = CARTESIAN_POINT('',(-103.7611566418,122.28,90.961133627561));
#4518 = CARTESIAN_POINT('',(-103.8129053392,122.28,90.95334167328));
#4519 = CARTESIAN_POINT('',(-103.8645255013,122.28,90.944761523826));
#4520 = CARTESIAN_POINT('',(-103.9674799563,122.28,90.926030073534));
#4521 = CARTESIAN_POINT('',(-104.0188142639,122.28,90.915878770054));
#4522 = CARTESIAN_POINT('',(-104.0699912524,122.28,90.904944508268));
#4523 = CARTESIAN_POINT('',(-104.1209965979,122.28,90.893230234474));
#4524 = CARTESIAN_POINT('',(-104.1718160511,122.28,90.880739221239));
#4525 = CARTESIAN_POINT('',(-104.2224354379,122.28,90.867475067402));
#4526 = CARTESIAN_POINT('',(-104.32324588,122.28,90.839408328735));
#4527 = CARTESIAN_POINT('',(-104.3734369495,122.28,90.824605739947));
#4528 = CARTESIAN_POINT('',(-104.4233997684,122.28,90.809037857349));
#4529 = CARTESIAN_POINT('',(-104.4731203419,122.28,90.792708924633));
#4530 = CARTESIAN_POINT('',(-104.5225847799,122.28,90.775623503545));
#4531 = CARTESIAN_POINT('',(-104.5717792965,122.28,90.757786473883));
#4532 = CARTESIAN_POINT('',(-104.6696011245,122.28,90.720619593106));
#4533 = CARTESIAN_POINT('',(-104.7182284496,122.28,90.701289736749));
#4534 = CARTESIAN_POINT('',(-104.7665585047,122.28,90.681218662793));
#4535 = CARTESIAN_POINT('',(-104.8145777418,122.28,90.660411876774));
#4536 = CARTESIAN_POINT('',(-104.8622727459,122.28,90.638875191395));
#4537 = CARTESIAN_POINT('',(-104.9096302353,122.28,90.61661472653));
#4538 = CARTESIAN_POINT('',(-105.003643887,122.28,90.570659091911));
#4539 = CARTESIAN_POINT('',(-105.0503000625,122.28,90.546963915677));
#4540 = CARTESIAN_POINT('',(-105.0965924393,122.28,90.522557808058));
#4541 = CARTESIAN_POINT('',(-105.1425080294,122.28,90.497447490306));
#4542 = CARTESIAN_POINT('',(-105.1880340057,122.28,90.471639977386));
#4543 = CARTESIAN_POINT('',(-105.2331577015,122.28,90.445142577974));
#4544 = CARTESIAN_POINT('',(-105.32257552,122.28,90.390783210942));
#4545 = CARTESIAN_POINT('',(-105.3668696553,122.28,90.362921235656));
#4546 = CARTESIAN_POINT('',(-105.4107365111,122.28,90.334384571463));
#4547 = CARTESIAN_POINT('',(-105.4541637683,122.28,90.30518109902));
#4548 = CARTESIAN_POINT('',(-105.497139295,122.28,90.275318976778));
#4549 = CARTESIAN_POINT('',(-105.5396511458,122.28,90.244806640984));
#4550 = CARTESIAN_POINT('',(-105.6237239787,122.28,90.182498970373));
#4551 = CARTESIAN_POINT('',(-105.6652849727,122.28,90.15070362677));
#4552 = CARTESIAN_POINT('',(-105.706358786,122.28,90.118275489355));
#4553 = CARTESIAN_POINT('',(-105.746933872,122.28,90.085223532167));
#4554 = CARTESIAN_POINT('',(-105.7869988953,122.28,90.051556988791));
#4555 = CARTESIAN_POINT('',(-105.8265427322,122.28,90.017285352364));
#4556 = CARTESIAN_POINT('',(-105.9032209758,122.28,89.948753708136));
#4557 = CARTESIAN_POINT('',(-105.9403914561,122.28,89.914534041695));
#4558 = CARTESIAN_POINT('',(-105.9770560899,122.28,89.879768154247));
#4559 = CARTESIAN_POINT('',(-106.0132052593,122.28,89.844465031922));
#4560 = CARTESIAN_POINT('',(-106.0488295497,122.28,89.808633868985));
#4561 = CARTESIAN_POINT('',(-106.0839197497,122.28,89.772284067831));
#4562 = CARTESIAN_POINT('',(-106.1542477776,122.28,89.697250023625));
#4563 = CARTESIAN_POINT('',(-106.1894461297,122.28,89.658528761943));
#4564 = CARTESIAN_POINT('',(-106.2240518991,122.28,89.619272132401));
#4565 = CARTESIAN_POINT('',(-106.2580553319,122.28,89.579491030965));
#4566 = CARTESIAN_POINT('',(-106.2914469288,122.28,89.539196571116));
#4567 = CARTESIAN_POINT('',(-106.3242174448,122.28,89.498400083845));
#4568 = CARTESIAN_POINT('',(-106.3884983342,122.28,89.415826151469));
#4569 = CARTESIAN_POINT('',(-106.4200087167,122.28,89.374048694719));
#4570 = CARTESIAN_POINT('',(-106.4508800468,122.28,89.331792296253));
#4571 = CARTESIAN_POINT('',(-106.481103608,122.28,89.28906869825));
#4572 = CARTESIAN_POINT('',(-106.5106709567,122.28,89.245889836222));
#4573 = CARTESIAN_POINT('',(-106.5395739229,122.28,89.202267839016));
#4574 = CARTESIAN_POINT('',(-106.5960352965,122.28,89.114162218604));
#4575 = CARTESIAN_POINT('',(-106.6235937118,122.28,89.069678582974));
#4576 = CARTESIAN_POINT('',(-106.6504719593,122.28,89.0247764444));
#4577 = CARTESIAN_POINT('',(-106.6766624324,122.28,88.979468292894));
#4578 = CARTESIAN_POINT('',(-106.7021578145,122.28,88.933766786005));
#4579 = CARTESIAN_POINT('',(-106.7269510786,122.28,88.887684748817));
#4580 = CARTESIAN_POINT('',(-106.7751198966,122.28,88.794785599076));
#4581 = CARTESIAN_POINT('',(-106.7984954573,122.28,88.747968473423));
#4582 = CARTESIAN_POINT('',(-106.8211554332,122.28,88.70079678986));
#4583 = CARTESIAN_POINT('',(-106.8430933916,122.28,88.653283681594));
#4584 = CARTESIAN_POINT('',(-106.8643032038,122.28,88.605442422162));
#4585 = CARTESIAN_POINT('',(-106.884779045,122.28,88.557286425435));
#4586 = CARTESIAN_POINT('',(-106.9242517438,122.28,88.460372065793));
#4587 = CARTESIAN_POINT('',(-106.9432486068,122.28,88.411613689213));
#4588 = CARTESIAN_POINT('',(-106.9615004633,122.28,88.362567670284));
#4589 = CARTESIAN_POINT('',(-106.9790021083,122.28,88.313247675373));
#4590 = CARTESIAN_POINT('',(-106.9957486525,122.28,88.263667482801));
#4591 = CARTESIAN_POINT('',(-107.011735522,122.28,88.213840982841));
#4592 = CARTESIAN_POINT('',(-107.0421813948,122.28,88.113723372604));
#4593 = CARTESIAN_POINT('',(-107.0566404024,122.28,88.063432248209));
#4594 = CARTESIAN_POINT('',(-107.0703312234,122.28,88.012922806926));
#4595 = CARTESIAN_POINT('',(-107.0832499243,122.28,87.962209133784));
#4596 = CARTESIAN_POINT('',(-107.0953928961,122.28,87.911305396449));
#4597 = CARTESIAN_POINT('',(-107.106756854,122.28,87.860225845227));
#4598 = CARTESIAN_POINT('',(-107.127920822,122.28,87.75774378089));
#4599 = CARTESIAN_POINT('',(-107.137720835,122.28,87.706341253323));
#4600 = CARTESIAN_POINT('',(-107.1467359172,122.28,87.654791563414));
#4601 = CARTESIAN_POINT('',(-107.1549634397,122.28,87.603109096846));
#4602 = CARTESIAN_POINT('',(-107.1624011038,122.28,87.551308291933));
#4603 = CARTESIAN_POINT('',(-107.1690469418,122.28,87.49940363962));
#4604 = CARTESIAN_POINT('',(-107.1807516908,122.28,87.395415727338));
#4605 = CARTESIAN_POINT('',(-107.1858106035,122.28,87.343332452705));
#4606 = CARTESIAN_POINT('',(-107.1900744177,122.28,87.291174403216));
#4607 = CARTESIAN_POINT('',(-107.1935418306,122.28,87.238956144686));
#4608 = CARTESIAN_POINT('',(-107.1962118736,122.28,87.186692265112));
#4609 = CARTESIAN_POINT('',(-107.198083912,122.28,87.134397374669));
#4610 = CARTESIAN_POINT('',(-107.2001943531,122.28,87.031578673333));
#4611 = CARTESIAN_POINT('',(-107.2004868624,122.28,86.98105595945));
#4612 = CARTESIAN_POINT('',(-107.200034903,122.28,86.930531133535));
#4613 = CARTESIAN_POINT('',(-107.1988384957,122.28,86.880017358166));
#4614 = CARTESIAN_POINT('',(-107.1968979519,122.28,86.829527789034));
#4615 = CARTESIAN_POINT('',(-107.1942138743,122.28,86.779075574941));
#4616 = CARTESIAN_POINT('',(-107.1872380549,122.28,86.676472079633));
#4617 = CARTESIAN_POINT('',(-107.1828923191,122.28,86.624324455765));
#4618 = CARTESIAN_POINT('',(-107.1777509418,122.28,86.572245587915));
#4619 = CARTESIAN_POINT('',(-107.1718152484,122.28,86.520250039831));
#4620 = CARTESIAN_POINT('',(-107.1650868973,122.28,86.468352337292));
#4621 = CARTESIAN_POINT('',(-107.1575678792,122.28,86.416566968106));
#4622 = CARTESIAN_POINT('',(-107.1409531561,122.28,86.313249796119));
#4623 = CARTESIAN_POINT('',(-107.1318574488,122.28,86.261717978749));
#4624 = CARTESIAN_POINT('',(-107.1219757195,122.28,86.210327379754));
#4625 = CARTESIAN_POINT('',(-107.1113106202,122.28,86.159092380663));
#4626 = CARTESIAN_POINT('',(-107.0998651302,122.28,86.108027294782));
#4627 = CARTESIAN_POINT('',(-107.0876425567,122.28,86.057146367198));
#4628 = CARTESIAN_POINT('',(-107.0616505127,122.28,85.955781182344));
#4629 = CARTESIAN_POINT('',(-107.0478810385,122.28,85.90529691078));
#4630 = CARTESIAN_POINT('',(-107.0333417477,122.28,85.855025136804));
#4631 = CARTESIAN_POINT('',(-107.0180365957,122.28,85.804979939237));
#4632 = CARTESIAN_POINT('',(-107.0019698584,122.28,85.755175298996));
#4633 = CARTESIAN_POINT('',(-106.9851461316,122.28,85.705625099094));
#4634 = CARTESIAN_POINT('',(-106.9499945309,122.28,85.607061150187));
#4635 = CARTESIAN_POINT('',(-106.9316666522,122.28,85.558047387283));
#4636 = CARTESIAN_POINT('',(-106.9125916115,122.28,85.509315620851));
#4637 = CARTESIAN_POINT('',(-106.8927746352,122.28,85.46087950905));
#4638 = CARTESIAN_POINT('',(-106.8722212594,122.28,85.412752583274));
#4639 = CARTESIAN_POINT('',(-106.8509373304,122.28,85.364948248151));
#4640 = CARTESIAN_POINT('',(-106.8069206771,122.28,85.270011314938));
#4641 = CARTESIAN_POINT('',(-106.7841879468,122.28,85.222878703461));
#4642 = CARTESIAN_POINT('',(-106.760736969,122.28,85.176095224743));
#4643 = CARTESIAN_POINT('',(-106.7365741972,122.28,85.129674001851));
#4644 = CARTESIAN_POINT('',(-106.7117063816,122.28,85.083628003287));
#4645 = CARTESIAN_POINT('',(-106.6861405693,122.28,85.03797004299));
#4646 = CARTESIAN_POINT('',(-106.6336276399,122.28,84.947455517678));
#4647 = CARTESIAN_POINT('',(-106.6066805153,122.28,84.902598939899));
#4648 = CARTESIAN_POINT('',(-106.5790500754,122.28,84.858155706093));
#4649 = CARTESIAN_POINT('',(-106.5507439465,122.28,84.814138294288));
#4650 = CARTESIAN_POINT('',(-106.5217700363,122.28,84.770559001443));
#4651 = CARTESIAN_POINT('',(-106.4921365342,122.28,84.727429943451));
#4652 = CARTESIAN_POINT('',(-106.4315672877,122.28,84.64209616682));
#4653 = CARTESIAN_POINT('',(-106.4006315349,122.28,84.599891436146));
#4654 = CARTESIAN_POINT('',(-106.3690531238,122.28,84.558160797618));
#4655 = CARTESIAN_POINT('',(-106.3368407897,122.28,84.516915979681));
#4656 = CARTESIAN_POINT('',(-106.3040035315,122.28,84.476168504727));
#4657 = CARTESIAN_POINT('',(-106.2705506122,122.28,84.435929689095));
#4658 = CARTESIAN_POINT('',(-106.2024325046,122.28,84.356491597033));
#4659 = CARTESIAN_POINT('',(-106.1677673068,122.28,84.317292309402));
#4660 = CARTESIAN_POINT('',(-106.1325054919,122.28,84.278623890091));
#4661 = CARTESIAN_POINT('',(-106.0966568311,122.28,84.240497219703));
#4662 = CARTESIAN_POINT('',(-106.0602313393,122.28,84.202922949527));
#4663 = CARTESIAN_POINT('',(-106.0232392751,122.28,84.165911501535));
#4664 = CARTESIAN_POINT('',(-105.9481430075,122.28,84.093034635231));
#4665 = CARTESIAN_POINT('',(-105.9100387934,122.28,84.057169206642));
#4666 = CARTESIAN_POINT('',(-105.8713890023,122.28,84.021886974874));
#4667 = CARTESIAN_POINT('',(-105.8322043589,122.28,83.987197881529));
#4668 = CARTESIAN_POINT('',(-105.7924958101,122.28,83.953111617553));
#4669 = CARTESIAN_POINT('',(-105.7522745247,122.28,83.919637623237));
#4670 = CARTESIAN_POINT('',(-105.4096798486,122.28,83.643253135931));
#4671 = CARTESIAN_POINT('',(-105.080143462,122.28,83.433778725092));
#4672 = CARTESIAN_POINT('',(-104.7277510036,122.28,83.262313208071));
#4673 = CARTESIAN_POINT('',(-104.3577942832,122.28,83.131687954494));
#4674 = CARTESIAN_POINT('',(-103.9758647832,122.28,83.043877219085));
#4675 = CARTESIAN_POINT('',(-103.5878589216,122.28,83.));
#4676 = CARTESIAN_POINT('',(-103.2,122.28,83.));
#4677 = PCURVE('',#2674,#4678);
#4678 = DEFINITIONAL_REPRESENTATION('',(#4679),#5054);
#4679 = B_SPLINE_CURVE_WITH_KNOTS('',7,(#4680,#4681,#4682,#4683,#4684,
    #4685,#4686,#4687,#4688,#4689,#4690,#4691,#4692,#4693,#4694,#4695,
    #4696,#4697,#4698,#4699,#4700,#4701,#4702,#4703,#4704,#4705,#4706,
    #4707,#4708,#4709,#4710,#4711,#4712,#4713,#4714,#4715,#4716,#4717,
    #4718,#4719,#4720,#4721,#4722,#4723,#4724,#4725,#4726,#4727,#4728,
    #4729,#4730,#4731,#4732,#4733,#4734,#4735,#4736,#4737,#4738,#4739,
    #4740,#4741,#4742,#4743,#4744,#4745,#4746,#4747,#4748,#4749,#4750,
    #4751,#4752,#4753,#4754,#4755,#4756,#4757,#4758,#4759,#4760,#4761,
    #4762,#4763,#4764,#4765,#4766,#4767,#4768,#4769,#4770,#4771,#4772,
    #4773,#4774,#4775,#4776,#4777,#4778,#4779,#4780,#4781,#4782,#4783,
    #4784,#4785,#4786,#4787,#4788,#4789,#4790,#4791,#4792,#4793,#4794,
    #4795,#4796,#4797,#4798,#4799,#4800,#4801,#4802,#4803,#4804,#4805,
    #4806,#4807,#4808,#4809,#4810,#4811,#4812,#4813,#4814,#4815,#4816,
    #4817,#4818,#4819,#4820,#4821,#4822,#4823,#4824,#4825,#4826,#4827,
    #4828,#4829,#4830,#4831,#4832,#4833,#4834,#4835,#4836,#4837,#4838,
    #4839,#4840,#4841,#4842,#4843,#4844,#4845,#4846,#4847,#4848,#4849,
    #4850,#4851,#4852,#4853,#4854,#4855,#4856,#4857,#4858,#4859,#4860,
    #4861,#4862,#4863,#4864,#4865,#4866,#4867,#4868,#4869,#4870,#4871,
    #4872,#4873,#4874,#4875,#4876,#4877,#4878,#4879,#4880,#4881,#4882,
    #4883,#4884,#4885,#4886,#4887,#4888,#4889,#4890,#4891,#4892,#4893,
    #4894,#4895,#4896,#4897,#4898,#4899,#4900,#4901,#4902,#4903,#4904,
    #4905,#4906,#4907,#4908,#4909,#4910,#4911,#4912,#4913,#4914,#4915,
    #4916,#4917,#4918,#4919,#4920,#4921,#4922,#4923,#4924,#4925,#4926,
    #4927,#4928,#4929,#4930,#4931,#4932,#4933,#4934,#4935,#4936,#4937,
    #4938,#4939,#4940,#4941,#4942,#4943,#4944,#4945,#4946,#4947,#4948,
    #4949,#4950,#4951,#4952,#4953,#4954,#4955,#4956,#4957,#4958,#4959,
    #4960,#4961,#4962,#4963,#4964,#4965,#4966,#4967,#4968,#4969,#4970,
    #4971,#4972,#4973,#4974,#4975,#4976,#4977,#4978,#4979,#4980,#4981,
    #4982,#4983,#4984,#4985,#4986,#4987,#4988,#4989,#4990,#4991,#4992,
    #4993,#4994,#4995,#4996,#4997,#4998,#4999,#5000,#5001,#5002,#5003,
    #5004,#5005,#5006,#5007,#5008,#5009,#5010,#5011,#5012,#5013,#5014,
    #5015,#5016,#5017,#5018,#5019,#5020,#5021,#5022,#5023,#5024,#5025,
    #5026,#5027,#5028,#5029,#5030,#5031,#5032,#5033,#5034,#5035,#5036,
    #5037,#5038,#5039,#5040,#5041,#5042,#5043,#5044,#5045,#5046,#5047,
    #5048,#5049,#5050,#5051,#5052,#5053),.UNSPECIFIED.,.F.,.F.,(8,6,6,6,
    6,6,6,6,6,6,6,6,6,6,6,6,6,6,6,6,6,6,6,6,6,6,6,6,6,6,6,6,6,6,6,6,6,6,
    6,6,6,6,6,6,6,6,6,6,6,6,6,6,6,6,6,6,6,6,6,6,6,6,8),(0.,
    1.909547297472E-02,3.366853470431E-02,4.824159643391E-02,
    6.281465816351E-02,7.738771989312E-02,9.196078162274E-02,
    0.106031324062,0.120604385792,0.135177447522,0.149750509251,
    0.164323570981,0.17889663271,0.19346969444,0.20804275617,
    0.222615817899,0.237188879629,0.251761941358,0.266335003088,
    0.280908064817,0.295481126547,0.310054188277,0.324627250006,
    0.339200311736,0.353773373465,0.368346435195,0.382919496924,
    0.397492558654,0.412065620384,0.426638682113,0.441211743843,
    0.455784805572,0.470357867302,0.484930929032,0.499503990761,
    0.514077052491,0.52865011422,0.54322317595,0.55779623768,
    0.572369299409,0.586942361139,0.601515422868,0.616088484598,
    0.630159027038,0.644732088767,0.659305150497,0.673878212227,
    0.688451273956,0.703024335686,0.717597397416,0.732170459145,
    0.746743520875,0.760814063314,0.775387125044,0.789960186774,
    0.804533248503,0.819106310233,0.833679371963,0.848252433692,
    0.862825495422,0.877398557151,0.891971618881,1.),.UNSPECIFIED.);
#4680 = CARTESIAN_POINT('',(-3.552713678801E-15,-2.4));
#4681 = CARTESIAN_POINT('',(-1.714107974815E-02,-2.4));
#4682 = CARTESIAN_POINT('',(-3.428116886435E-02,-2.4));
#4683 = CARTESIAN_POINT('',(-5.142089188801E-02,-2.4));
#4684 = CARTESIAN_POINT('',(-6.856063933299E-02,-2.4));
#4685 = CARTESIAN_POINT('',(-8.57005676876E-02,-2.4));
#4686 = CARTESIAN_POINT('',(-0.102840599415,-2.4));
#4687 = CARTESIAN_POINT('',(-0.13306099481,-2.4));
#4688 = CARTESIAN_POINT('',(-0.146141567237,-2.4));
#4689 = CARTESIAN_POINT('',(-0.159222140005,-2.4));
#4690 = CARTESIAN_POINT('',(-0.172302712886,-2.4));
#4691 = CARTESIAN_POINT('',(-0.185383285654,-2.4));
#4692 = CARTESIAN_POINT('',(-0.198463858081,-2.4));
#4693 = CARTESIAN_POINT('',(-0.2246250018,-2.4));
#4694 = CARTESIAN_POINT('',(-0.237705574227,-2.4));
#4695 = CARTESIAN_POINT('',(-0.250786146994,-2.4));
#4696 = CARTESIAN_POINT('',(-0.263866719875,-2.4));
#4697 = CARTESIAN_POINT('',(-0.276947292643,-2.4));
#4698 = CARTESIAN_POINT('',(-0.29002786507,-2.4));
#4699 = CARTESIAN_POINT('',(-0.316189008789,-2.4));
#4700 = CARTESIAN_POINT('',(-0.329269581216,-2.4));
#4701 = CARTESIAN_POINT('',(-0.342350153983,-2.4));
#4702 = CARTESIAN_POINT('',(-0.355430726864,-2.4));
#4703 = CARTESIAN_POINT('',(-0.368511299632,-2.4));
#4704 = CARTESIAN_POINT('',(-0.381591872059,-2.4));
#4705 = CARTESIAN_POINT('',(-0.407753015778,-2.4));
#4706 = CARTESIAN_POINT('',(-0.420833588205,-2.4));
#4707 = CARTESIAN_POINT('',(-0.433914160972,-2.4));
#4708 = CARTESIAN_POINT('',(-0.446994733853,-2.4));
#4709 = CARTESIAN_POINT('',(-0.460075306621,-2.4));
#4710 = CARTESIAN_POINT('',(-0.473155879048,-2.4));
#4711 = CARTESIAN_POINT('',(-0.499317022767,-2.4));
#4712 = CARTESIAN_POINT('',(-0.512397595194,-2.4));
#4713 = CARTESIAN_POINT('',(-0.525478167961,-2.4));
#4714 = CARTESIAN_POINT('',(-0.538558740842,-2.4));
#4715 = CARTESIAN_POINT('',(-0.55163931361,-2.4));
#4716 = CARTESIAN_POINT('',(-0.564719886037,-2.4));
#4717 = CARTESIAN_POINT('',(-0.590429975625,-2.4));
#4718 = CARTESIAN_POINT('',(-0.603059493831,-2.4));
#4719 = CARTESIAN_POINT('',(-0.615689012322,-2.4));
#4720 = CARTESIAN_POINT('',(-0.628318530909,-2.4));
#4721 = CARTESIAN_POINT('',(-0.6409480494,-2.4));
#4722 = CARTESIAN_POINT('',(-0.653577567605,-2.4));
#4723 = CARTESIAN_POINT('',(-0.679287657193,-2.4));
#4724 = CARTESIAN_POINT('',(-0.69236822962,-2.4));
#4725 = CARTESIAN_POINT('',(-0.705448802388,-2.4));
#4726 = CARTESIAN_POINT('',(-0.718529375269,-2.4));
#4727 = CARTESIAN_POINT('',(-0.731609948037,-2.4));
#4728 = CARTESIAN_POINT('',(-0.744690520464,-2.4));
#4729 = CARTESIAN_POINT('',(-0.770851664182,-2.4));
#4730 = CARTESIAN_POINT('',(-0.783932236609,-2.4));
#4731 = CARTESIAN_POINT('',(-0.797012809377,-2.4));
#4732 = CARTESIAN_POINT('',(-0.810093382258,-2.4));
#4733 = CARTESIAN_POINT('',(-0.823173955026,-2.4));
#4734 = CARTESIAN_POINT('',(-0.836254527453,-2.4));
#4735 = CARTESIAN_POINT('',(-0.862415671172,-2.4));
#4736 = CARTESIAN_POINT('',(-0.875496243599,-2.4));
#4737 = CARTESIAN_POINT('',(-0.888576816366,-2.4));
#4738 = CARTESIAN_POINT('',(-0.901657389247,-2.4));
#4739 = CARTESIAN_POINT('',(-0.914737962015,-2.4));
#4740 = CARTESIAN_POINT('',(-0.927818534442,-2.4));
#4741 = CARTESIAN_POINT('',(-0.953979678161,-2.4));
#4742 = CARTESIAN_POINT('',(-0.967060250588,-2.4));
#4743 = CARTESIAN_POINT('',(-0.980140823355,-2.4));
#4744 = CARTESIAN_POINT('',(-0.993221396236,-2.4));
#4745 = CARTESIAN_POINT('',(-1.006301969004,-2.4));
#4746 = CARTESIAN_POINT('',(-1.019382541431,-2.4));
#4747 = CARTESIAN_POINT('',(-1.04554368515,-2.4));
#4748 = CARTESIAN_POINT('',(-1.058624257577,-2.4));
#4749 = CARTESIAN_POINT('',(-1.071704830344,-2.4));
#4750 = CARTESIAN_POINT('',(-1.084785403225,-2.4));
#4751 = CARTESIAN_POINT('',(-1.097865975993,-2.4));
#4752 = CARTESIAN_POINT('',(-1.11094654842,-2.4));
#4753 = CARTESIAN_POINT('',(-1.137107692139,-2.4));
#4754 = CARTESIAN_POINT('',(-1.150188264566,-2.4));
#4755 = CARTESIAN_POINT('',(-1.163268837333,-2.4));
#4756 = CARTESIAN_POINT('',(-1.176349410214,-2.4));
#4757 = CARTESIAN_POINT('',(-1.189429982982,-2.4));
#4758 = CARTESIAN_POINT('',(-1.202510555409,-2.4));
#4759 = CARTESIAN_POINT('',(-1.228671699128,-2.4));
#4760 = CARTESIAN_POINT('',(-1.241752271555,-2.4));
#4761 = CARTESIAN_POINT('',(-1.254832844322,-2.4));
#4762 = CARTESIAN_POINT('',(-1.267913417204,-2.4));
#4763 = CARTESIAN_POINT('',(-1.280993989971,-2.4));
#4764 = CARTESIAN_POINT('',(-1.294074562398,-2.4));
#4765 = CARTESIAN_POINT('',(-1.320235706117,-2.4));
#4766 = CARTESIAN_POINT('',(-1.333316278544,-2.4));
#4767 = CARTESIAN_POINT('',(-1.346396851311,-2.4));
#4768 = CARTESIAN_POINT('',(-1.359477424193,-2.4));
#4769 = CARTESIAN_POINT('',(-1.37255799696,-2.4));
#4770 = CARTESIAN_POINT('',(-1.385638569387,-2.4));
#4771 = CARTESIAN_POINT('',(-1.411799713106,-2.4));
#4772 = CARTESIAN_POINT('',(-1.424880285533,-2.4));
#4773 = CARTESIAN_POINT('',(-1.4379608583,-2.4));
#4774 = CARTESIAN_POINT('',(-1.451041431182,-2.4));
#4775 = CARTESIAN_POINT('',(-1.464122003949,-2.4));
#4776 = CARTESIAN_POINT('',(-1.477202576376,-2.4));
#4777 = CARTESIAN_POINT('',(-1.503363720095,-2.4));
#4778 = CARTESIAN_POINT('',(-1.516444292522,-2.4));
#4779 = CARTESIAN_POINT('',(-1.529524865289,-2.4));
#4780 = CARTESIAN_POINT('',(-1.542605438171,-2.4));
#4781 = CARTESIAN_POINT('',(-1.555686010938,-2.4));
#4782 = CARTESIAN_POINT('',(-1.568766583365,-2.4));
#4783 = CARTESIAN_POINT('',(-1.594927727084,-2.4));
#4784 = CARTESIAN_POINT('',(-1.608008299511,-2.4));
#4785 = CARTESIAN_POINT('',(-1.621088872279,-2.4));
#4786 = CARTESIAN_POINT('',(-1.63416944516,-2.4));
#4787 = CARTESIAN_POINT('',(-1.647250017927,-2.4));
#4788 = CARTESIAN_POINT('',(-1.660330590354,-2.4));
#4789 = CARTESIAN_POINT('',(-1.686491734073,-2.4));
#4790 = CARTESIAN_POINT('',(-1.6995723065,-2.4));
#4791 = CARTESIAN_POINT('',(-1.712652879268,-2.4));
#4792 = CARTESIAN_POINT('',(-1.725733452149,-2.4));
#4793 = CARTESIAN_POINT('',(-1.738814024916,-2.4));
#4794 = CARTESIAN_POINT('',(-1.751894597343,-2.4));
#4795 = CARTESIAN_POINT('',(-1.778055741062,-2.4));
#4796 = CARTESIAN_POINT('',(-1.791136313489,-2.4));
#4797 = CARTESIAN_POINT('',(-1.804216886257,-2.4));
#4798 = CARTESIAN_POINT('',(-1.817297459138,-2.4));
#4799 = CARTESIAN_POINT('',(-1.830378031905,-2.4));
#4800 = CARTESIAN_POINT('',(-1.843458604332,-2.4));
#4801 = CARTESIAN_POINT('',(-1.869619748051,-2.4));
#4802 = CARTESIAN_POINT('',(-1.882700320478,-2.4));
#4803 = CARTESIAN_POINT('',(-1.895780893246,-2.4));
#4804 = CARTESIAN_POINT('',(-1.908861466127,-2.4));
#4805 = CARTESIAN_POINT('',(-1.921942038894,-2.4));
#4806 = CARTESIAN_POINT('',(-1.935022611321,-2.4));
#4807 = CARTESIAN_POINT('',(-1.96118375504,-2.4));
#4808 = CARTESIAN_POINT('',(-1.974264327467,-2.4));
#4809 = CARTESIAN_POINT('',(-1.987344900235,-2.4));
#4810 = CARTESIAN_POINT('',(-2.000425473116,-2.4));
#4811 = CARTESIAN_POINT('',(-2.013506045884,-2.4));
#4812 = CARTESIAN_POINT('',(-2.026586618311,-2.4));
#4813 = CARTESIAN_POINT('',(-2.052747762029,-2.4));
#4814 = CARTESIAN_POINT('',(-2.065828334456,-2.4));
#4815 = CARTESIAN_POINT('',(-2.078908907224,-2.4));
#4816 = CARTESIAN_POINT('',(-2.091989480105,-2.4));
#4817 = CARTESIAN_POINT('',(-2.105070052873,-2.4));
#4818 = CARTESIAN_POINT('',(-2.1181506253,-2.4));
#4819 = CARTESIAN_POINT('',(-2.144311769018,-2.4));
#4820 = CARTESIAN_POINT('',(-2.157392341445,-2.4));
#4821 = CARTESIAN_POINT('',(-2.170472914213,-2.4));
#4822 = CARTESIAN_POINT('',(-2.183553487094,-2.4));
#4823 = CARTESIAN_POINT('',(-2.196634059862,-2.4));
#4824 = CARTESIAN_POINT('',(-2.209714632289,-2.4));
#4825 = CARTESIAN_POINT('',(-2.235875776007,-2.4));
#4826 = CARTESIAN_POINT('',(-2.248956348434,-2.4));
#4827 = CARTESIAN_POINT('',(-2.262036921202,-2.4));
#4828 = CARTESIAN_POINT('',(-2.275117494083,-2.4));
#4829 = CARTESIAN_POINT('',(-2.288198066851,-2.4));
#4830 = CARTESIAN_POINT('',(-2.301278639278,-2.4));
#4831 = CARTESIAN_POINT('',(-2.327439782996,-2.4));
#4832 = CARTESIAN_POINT('',(-2.340520355423,-2.4));
#4833 = CARTESIAN_POINT('',(-2.353600928191,-2.4));
#4834 = CARTESIAN_POINT('',(-2.366681501072,-2.4));
#4835 = CARTESIAN_POINT('',(-2.37976207384,-2.4));
#4836 = CARTESIAN_POINT('',(-2.392842646267,-2.4));
#4837 = CARTESIAN_POINT('',(-2.419003789985,-2.4));
#4838 = CARTESIAN_POINT('',(-2.432084362412,-2.4));
#4839 = CARTESIAN_POINT('',(-2.44516493518,-2.4));
#4840 = CARTESIAN_POINT('',(-2.458245508061,-2.4));
#4841 = CARTESIAN_POINT('',(-2.471326080829,-2.4));
#4842 = CARTESIAN_POINT('',(-2.484406653256,-2.4));
#4843 = CARTESIAN_POINT('',(-2.510567796974,-2.4));
#4844 = CARTESIAN_POINT('',(-2.523648369401,-2.4));
#4845 = CARTESIAN_POINT('',(-2.536728942169,-2.4));
#4846 = CARTESIAN_POINT('',(-2.54980951505,-2.4));
#4847 = CARTESIAN_POINT('',(-2.562890087818,-2.4));
#4848 = CARTESIAN_POINT('',(-2.575970660245,-2.4));
#4849 = CARTESIAN_POINT('',(-2.602131803963,-2.4));
#4850 = CARTESIAN_POINT('',(-2.61521237639,-2.4));
#4851 = CARTESIAN_POINT('',(-2.628292949158,-2.4));
#4852 = CARTESIAN_POINT('',(-2.641373522039,-2.4));
#4853 = CARTESIAN_POINT('',(-2.654454094807,-2.4));
#4854 = CARTESIAN_POINT('',(-2.667534667234,-2.4));
#4855 = CARTESIAN_POINT('',(-2.693695810952,-2.4));
#4856 = CARTESIAN_POINT('',(-2.706776383379,-2.4));
#4857 = CARTESIAN_POINT('',(-2.719856956147,-2.4));
#4858 = CARTESIAN_POINT('',(-2.732937529028,-2.4));
#4859 = CARTESIAN_POINT('',(-2.746018101796,-2.4));
#4860 = CARTESIAN_POINT('',(-2.759098674223,-2.4));
#4861 = CARTESIAN_POINT('',(-2.785259817942,-2.4));
#4862 = CARTESIAN_POINT('',(-2.798340390369,-2.4));
#4863 = CARTESIAN_POINT('',(-2.811420963136,-2.4));
#4864 = CARTESIAN_POINT('',(-2.824501536017,-2.4));
#4865 = CARTESIAN_POINT('',(-2.837582108785,-2.4));
#4866 = CARTESIAN_POINT('',(-2.850662681212,-2.4));
#4867 = CARTESIAN_POINT('',(-2.876823824931,-2.4));
#4868 = CARTESIAN_POINT('',(-2.889904397358,-2.4));
#4869 = CARTESIAN_POINT('',(-2.902984970125,-2.4));
#4870 = CARTESIAN_POINT('',(-2.916065543006,-2.4));
#4871 = CARTESIAN_POINT('',(-2.929146115774,-2.4));
#4872 = CARTESIAN_POINT('',(-2.942226688201,-2.4));
#4873 = CARTESIAN_POINT('',(-2.96838783192,-2.4));
#4874 = CARTESIAN_POINT('',(-2.981468404347,-2.4));
#4875 = CARTESIAN_POINT('',(-2.994548977114,-2.4));
#4876 = CARTESIAN_POINT('',(-3.007629549995,-2.4));
#4877 = CARTESIAN_POINT('',(-3.020710122763,-2.4));
#4878 = CARTESIAN_POINT('',(-3.03379069519,-2.4));
#4879 = CARTESIAN_POINT('',(-3.059951838909,-2.4));
#4880 = CARTESIAN_POINT('',(-3.073032411336,-2.4));
#4881 = CARTESIAN_POINT('',(-3.086112984103,-2.4));
#4882 = CARTESIAN_POINT('',(-3.099193556985,-2.4));
#4883 = CARTESIAN_POINT('',(-3.112274129752,-2.4));
#4884 = CARTESIAN_POINT('',(-3.125354702179,-2.4));
#4885 = CARTESIAN_POINT('',(-3.151515845898,-2.4));
#4886 = CARTESIAN_POINT('',(-3.164596418325,-2.4));
#4887 = CARTESIAN_POINT('',(-3.177676991092,-2.4));
#4888 = CARTESIAN_POINT('',(-3.190757563974,-2.4));
#4889 = CARTESIAN_POINT('',(-3.203838136741,-2.4));
#4890 = CARTESIAN_POINT('',(-3.216918709168,-2.4));
#4891 = CARTESIAN_POINT('',(-3.243079852887,-2.4));
#4892 = CARTESIAN_POINT('',(-3.256160425314,-2.4));
#4893 = CARTESIAN_POINT('',(-3.269240998081,-2.4));
#4894 = CARTESIAN_POINT('',(-3.282321570963,-2.4));
#4895 = CARTESIAN_POINT('',(-3.29540214373,-2.4));
#4896 = CARTESIAN_POINT('',(-3.308482716157,-2.4));
#4897 = CARTESIAN_POINT('',(-3.334643859876,-2.4));
#4898 = CARTESIAN_POINT('',(-3.347724432303,-2.4));
#4899 = CARTESIAN_POINT('',(-3.360805005071,-2.4));
#4900 = CARTESIAN_POINT('',(-3.373885577952,-2.4));
#4901 = CARTESIAN_POINT('',(-3.386966150719,-2.4));
#4902 = CARTESIAN_POINT('',(-3.400046723146,-2.4));
#4903 = CARTESIAN_POINT('',(-3.426207866865,-2.4));
#4904 = CARTESIAN_POINT('',(-3.439288439292,-2.4));
#4905 = CARTESIAN_POINT('',(-3.45236901206,-2.4));
#4906 = CARTESIAN_POINT('',(-3.465449584941,-2.4));
#4907 = CARTESIAN_POINT('',(-3.478530157708,-2.4));
#4908 = CARTESIAN_POINT('',(-3.491610730135,-2.4));
#4909 = CARTESIAN_POINT('',(-3.517771873854,-2.4));
#4910 = CARTESIAN_POINT('',(-3.530852446281,-2.4));
#4911 = CARTESIAN_POINT('',(-3.543933019049,-2.4));
#4912 = CARTESIAN_POINT('',(-3.55701359193,-2.4));
#4913 = CARTESIAN_POINT('',(-3.570094164697,-2.4));
#4914 = CARTESIAN_POINT('',(-3.583174737124,-2.4));
#4915 = CARTESIAN_POINT('',(-3.609335880843,-2.4));
#4916 = CARTESIAN_POINT('',(-3.62241645327,-2.4));
#4917 = CARTESIAN_POINT('',(-3.635497026038,-2.4));
#4918 = CARTESIAN_POINT('',(-3.648577598919,-2.4));
#4919 = CARTESIAN_POINT('',(-3.661658171686,-2.4));
#4920 = CARTESIAN_POINT('',(-3.674738744113,-2.4));
#4921 = CARTESIAN_POINT('',(-3.700899887832,-2.4));
#4922 = CARTESIAN_POINT('',(-3.713980460259,-2.4));
#4923 = CARTESIAN_POINT('',(-3.727061033027,-2.4));
#4924 = CARTESIAN_POINT('',(-3.740141605908,-2.4));
#4925 = CARTESIAN_POINT('',(-3.753222178676,-2.4));
#4926 = CARTESIAN_POINT('',(-3.766302751103,-2.4));
#4927 = CARTESIAN_POINT('',(-3.792463894821,-2.4));
#4928 = CARTESIAN_POINT('',(-3.805544467248,-2.4));
#4929 = CARTESIAN_POINT('',(-3.818625040016,-2.4));
#4930 = CARTESIAN_POINT('',(-3.831705612897,-2.4));
#4931 = CARTESIAN_POINT('',(-3.844786185665,-2.4));
#4932 = CARTESIAN_POINT('',(-3.857866758092,-2.4));
#4933 = CARTESIAN_POINT('',(-3.88357684768,-2.4));
#4934 = CARTESIAN_POINT('',(-3.896206365885,-2.4));
#4935 = CARTESIAN_POINT('',(-3.908835884377,-2.4));
#4936 = CARTESIAN_POINT('',(-3.921465402963,-2.4));
#4937 = CARTESIAN_POINT('',(-3.934094921454,-2.4));
#4938 = CARTESIAN_POINT('',(-3.94672443966,-2.4));
#4939 = CARTESIAN_POINT('',(-3.972434529248,-2.4));
#4940 = CARTESIAN_POINT('',(-3.985515101675,-2.4));
#4941 = CARTESIAN_POINT('',(-3.998595674443,-2.4));
#4942 = CARTESIAN_POINT('',(-4.011676247324,-2.4));
#4943 = CARTESIAN_POINT('',(-4.024756820091,-2.4));
#4944 = CARTESIAN_POINT('',(-4.037837392518,-2.4));
#4945 = CARTESIAN_POINT('',(-4.063998536237,-2.4));
#4946 = CARTESIAN_POINT('',(-4.077079108664,-2.4));
#4947 = CARTESIAN_POINT('',(-4.090159681432,-2.4));
#4948 = CARTESIAN_POINT('',(-4.103240254313,-2.4));
#4949 = CARTESIAN_POINT('',(-4.11632082708,-2.4));
#4950 = CARTESIAN_POINT('',(-4.129401399507,-2.4));
#4951 = CARTESIAN_POINT('',(-4.155562543226,-2.4));
#4952 = CARTESIAN_POINT('',(-4.168643115653,-2.4));
#4953 = CARTESIAN_POINT('',(-4.181723688421,-2.4));
#4954 = CARTESIAN_POINT('',(-4.194804261302,-2.4));
#4955 = CARTESIAN_POINT('',(-4.207884834069,-2.4));
#4956 = CARTESIAN_POINT('',(-4.220965406496,-2.4));
#4957 = CARTESIAN_POINT('',(-4.247126550215,-2.4));
#4958 = CARTESIAN_POINT('',(-4.260207122642,-2.4));
#4959 = CARTESIAN_POINT('',(-4.27328769541,-2.4));
#4960 = CARTESIAN_POINT('',(-4.286368268291,-2.4));
#4961 = CARTESIAN_POINT('',(-4.299448841059,-2.4));
#4962 = CARTESIAN_POINT('',(-4.312529413486,-2.4));
#4963 = CARTESIAN_POINT('',(-4.338690557204,-2.4));
#4964 = CARTESIAN_POINT('',(-4.351771129631,-2.4));
#4965 = CARTESIAN_POINT('',(-4.364851702399,-2.4));
#4966 = CARTESIAN_POINT('',(-4.37793227528,-2.4));
#4967 = CARTESIAN_POINT('',(-4.391012848048,-2.4));
#4968 = CARTESIAN_POINT('',(-4.404093420475,-2.4));
#4969 = CARTESIAN_POINT('',(-4.430254564193,-2.4));
#4970 = CARTESIAN_POINT('',(-4.44333513662,-2.4));
#4971 = CARTESIAN_POINT('',(-4.456415709388,-2.4));
#4972 = CARTESIAN_POINT('',(-4.469496282269,-2.4));
#4973 = CARTESIAN_POINT('',(-4.482576855037,-2.4));
#4974 = CARTESIAN_POINT('',(-4.495657427464,-2.4));
#4975 = CARTESIAN_POINT('',(-4.521818571182,-2.4));
#4976 = CARTESIAN_POINT('',(-4.534899143609,-2.4));
#4977 = CARTESIAN_POINT('',(-4.547979716377,-2.4));
#4978 = CARTESIAN_POINT('',(-4.561060289258,-2.4));
#4979 = CARTESIAN_POINT('',(-4.574140862026,-2.4));
#4980 = CARTESIAN_POINT('',(-4.587221434453,-2.4));
#4981 = CARTESIAN_POINT('',(-4.613382578171,-2.4));
#4982 = CARTESIAN_POINT('',(-4.626463150598,-2.4));
#4983 = CARTESIAN_POINT('',(-4.639543723366,-2.4));
#4984 = CARTESIAN_POINT('',(-4.652624296247,-2.4));
#4985 = CARTESIAN_POINT('',(-4.665704869015,-2.4));
#4986 = CARTESIAN_POINT('',(-4.678785441442,-2.4));
#4987 = CARTESIAN_POINT('',(-4.70449553103,-2.4));
#4988 = CARTESIAN_POINT('',(-4.717125049235,-2.4));
#4989 = CARTESIAN_POINT('',(-4.729754567727,-2.4));
#4990 = CARTESIAN_POINT('',(-4.742384086313,-2.4));
#4991 = CARTESIAN_POINT('',(-4.755013604804,-2.4));
#4992 = CARTESIAN_POINT('',(-4.76764312301,-2.4));
#4993 = CARTESIAN_POINT('',(-4.793353212598,-2.4));
#4994 = CARTESIAN_POINT('',(-4.806433785025,-2.4));
#4995 = CARTESIAN_POINT('',(-4.819514357793,-2.4));
#4996 = CARTESIAN_POINT('',(-4.832594930674,-2.4));
#4997 = CARTESIAN_POINT('',(-4.845675503441,-2.4));
#4998 = CARTESIAN_POINT('',(-4.858756075868,-2.4));
#4999 = CARTESIAN_POINT('',(-4.884917219587,-2.4));
#5000 = CARTESIAN_POINT('',(-4.897997792014,-2.4));
#5001 = CARTESIAN_POINT('',(-4.911078364782,-2.4));
#5002 = CARTESIAN_POINT('',(-4.924158937663,-2.4));
#5003 = CARTESIAN_POINT('',(-4.937239510431,-2.4));
#5004 = CARTESIAN_POINT('',(-4.950320082858,-2.4));
#5005 = CARTESIAN_POINT('',(-4.976481226576,-2.4));
#5006 = CARTESIAN_POINT('',(-4.989561799003,-2.4));
#5007 = CARTESIAN_POINT('',(-5.002642371771,-2.4));
#5008 = CARTESIAN_POINT('',(-5.015722944652,-2.4));
#5009 = CARTESIAN_POINT('',(-5.02880351742,-2.4));
#5010 = CARTESIAN_POINT('',(-5.041884089847,-2.4));
#5011 = CARTESIAN_POINT('',(-5.068045233565,-2.4));
#5012 = CARTESIAN_POINT('',(-5.081125805992,-2.4));
#5013 = CARTESIAN_POINT('',(-5.09420637876,-2.4));
#5014 = CARTESIAN_POINT('',(-5.107286951641,-2.4));
#5015 = CARTESIAN_POINT('',(-5.120367524409,-2.4));
#5016 = CARTESIAN_POINT('',(-5.133448096836,-2.4));
#5017 = CARTESIAN_POINT('',(-5.159609240554,-2.4));
#5018 = CARTESIAN_POINT('',(-5.172689812981,-2.4));
#5019 = CARTESIAN_POINT('',(-5.185770385749,-2.4));
#5020 = CARTESIAN_POINT('',(-5.19885095863,-2.4));
#5021 = CARTESIAN_POINT('',(-5.211931531398,-2.4));
#5022 = CARTESIAN_POINT('',(-5.225012103825,-2.4));
#5023 = CARTESIAN_POINT('',(-5.251173247543,-2.4));
#5024 = CARTESIAN_POINT('',(-5.26425381997,-2.4));
#5025 = CARTESIAN_POINT('',(-5.277334392738,-2.4));
#5026 = CARTESIAN_POINT('',(-5.290414965619,-2.4));
#5027 = CARTESIAN_POINT('',(-5.303495538387,-2.4));
#5028 = CARTESIAN_POINT('',(-5.316576110814,-2.4));
#5029 = CARTESIAN_POINT('',(-5.342737254532,-2.4));
#5030 = CARTESIAN_POINT('',(-5.355817826959,-2.4));
#5031 = CARTESIAN_POINT('',(-5.368898399727,-2.4));
#5032 = CARTESIAN_POINT('',(-5.381978972608,-2.4));
#5033 = CARTESIAN_POINT('',(-5.395059545376,-2.4));
#5034 = CARTESIAN_POINT('',(-5.408140117803,-2.4));
#5035 = CARTESIAN_POINT('',(-5.434301261521,-2.4));
#5036 = CARTESIAN_POINT('',(-5.447381833948,-2.4));
#5037 = CARTESIAN_POINT('',(-5.460462406716,-2.4));
#5038 = CARTESIAN_POINT('',(-5.473542979597,-2.4));
#5039 = CARTESIAN_POINT('',(-5.486623552365,-2.4));
#5040 = CARTESIAN_POINT('',(-5.499704124792,-2.4));
#5041 = CARTESIAN_POINT('',(-5.52586526851,-2.4));
#5042 = CARTESIAN_POINT('',(-5.538945840937,-2.4));
#5043 = CARTESIAN_POINT('',(-5.552026413705,-2.4));
#5044 = CARTESIAN_POINT('',(-5.565106986586,-2.4));
#5045 = CARTESIAN_POINT('',(-5.578187559354,-2.4));
#5046 = CARTESIAN_POINT('',(-5.591268131781,-2.4));
#5047 = CARTESIAN_POINT('',(-5.701313434064,-2.4));
#5048 = CARTESIAN_POINT('',(-5.798314918454,-2.4));
#5049 = CARTESIAN_POINT('',(-5.895286309896,-2.4));
#5050 = CARTESIAN_POINT('',(-5.992247700924,-2.4));
#5051 = CARTESIAN_POINT('',(-6.089219092365,-2.4));
#5052 = CARTESIAN_POINT('',(-6.186220576755,-2.4));
#5053 = CARTESIAN_POINT('',(-6.28318530718,-2.4));
#5054 = ( GEOMETRIC_REPRESENTATION_CONTEXT(2) 
PARAMETRIC_REPRESENTATION_CONTEXT() REPRESENTATION_CONTEXT('2D SPACE',''
  ) );
#5055 = PCURVE('',#5056,#5061);
#5056 = CYLINDRICAL_SURFACE('',#5057,4.);
#5057 = AXIS2_PLACEMENT_3D('',#5058,#5059,#5060);
#5058 = CARTESIAN_POINT('',(-103.2,123.71374761723,87.));
#5059 = DIRECTION('',(-0.,1.,-0.));
#5060 = DIRECTION('',(0.,0.,-1.));
#5061 = DEFINITIONAL_REPRESENTATION('',(#5062),#5437);
#5062 = B_SPLINE_CURVE_WITH_KNOTS('',7,(#5063,#5064,#5065,#5066,#5067,
    #5068,#5069,#5070,#5071,#5072,#5073,#5074,#5075,#5076,#5077,#5078,
    #5079,#5080,#5081,#5082,#5083,#5084,#5085,#5086,#5087,#5088,#5089,
    #5090,#5091,#5092,#5093,#5094,#5095,#5096,#5097,#5098,#5099,#5100,
    #5101,#5102,#5103,#5104,#5105,#5106,#5107,#5108,#5109,#5110,#5111,
    #5112,#5113,#5114,#5115,#5116,#5117,#5118,#5119,#5120,#5121,#5122,
    #5123,#5124,#5125,#5126,#5127,#5128,#5129,#5130,#5131,#5132,#5133,
    #5134,#5135,#5136,#5137,#5138,#5139,#5140,#5141,#5142,#5143,#5144,
    #5145,#5146,#5147,#5148,#5149,#5150,#5151,#5152,#5153,#5154,#5155,
    #5156,#5157,#5158,#5159,#5160,#5161,#5162,#5163,#5164,#5165,#5166,
    #5167,#5168,#5169,#5170,#5171,#5172,#5173,#5174,#5175,#5176,#5177,
    #5178,#5179,#5180,#5181,#5182,#5183,#5184,#5185,#5186,#5187,#5188,
    #5189,#5190,#5191,#5192,#5193,#5194,#5195,#5196,#5197,#5198,#5199,
    #5200,#5201,#5202,#5203,#5204,#5205,#5206,#5207,#5208,#5209,#5210,
    #5211,#5212,#5213,#5214,#5215,#5216,#5217,#5218,#5219,#5220,#5221,
    #5222,#5223,#5224,#5225,#5226,#5227,#5228,#5229,#5230,#5231,#5232,
    #5233,#5234,#5235,#5236,#5237,#5238,#5239,#5240,#5241,#5242,#5243,
    #5244,#5245,#5246,#5247,#5248,#5249,#5250,#5251,#5252,#5253,#5254,
    #5255,#5256,#5257,#5258,#5259,#5260,#5261,#5262,#5263,#5264,#5265,
    #5266,#5267,#5268,#5269,#5270,#5271,#5272,#5273,#5274,#5275,#5276,
    #5277,#5278,#5279,#5280,#5281,#5282,#5283,#5284,#5285,#5286,#5287,
    #5288,#5289,#5290,#5291,#5292,#5293,#5294,#5295,#5296,#5297,#5298,
    #5299,#5300,#5301,#5302,#5303,#5304,#5305,#5306,#5307,#5308,#5309,
    #5310,#5311,#5312,#5313,#5314,#5315,#5316,#5317,#5318,#5319,#5320,
    #5321,#5322,#5323,#5324,#5325,#5326,#5327,#5328,#5329,#5330,#5331,
    #5332,#5333,#5334,#5335,#5336,#5337,#5338,#5339,#5340,#5341,#5342,
    #5343,#5344,#5345,#5346,#5347,#5348,#5349,#5350,#5351,#5352,#5353,
    #5354,#5355,#5356,#5357,#5358,#5359,#5360,#5361,#5362,#5363,#5364,
    #5365,#5366,#5367,#5368,#5369,#5370,#5371,#5372,#5373,#5374,#5375,
    #5376,#5377,#5378,#5379,#5380,#5381,#5382,#5383,#5384,#5385,#5386,
    #5387,#5388,#5389,#5390,#5391,#5392,#5393,#5394,#5395,#5396,#5397,
    #5398,#5399,#5400,#5401,#5402,#5403,#5404,#5405,#5406,#5407,#5408,
    #5409,#5410,#5411,#5412,#5413,#5414,#5415,#5416,#5417,#5418,#5419,
    #5420,#5421,#5422,#5423,#5424,#5425,#5426,#5427,#5428,#5429,#5430,
    #5431,#5432,#5433,#5434,#5435,#5436),.UNSPECIFIED.,.F.,.F.,(8,6,6,6,
    6,6,6,6,6,6,6,6,6,6,6,6,6,6,6,6,6,6,6,6,6,6,6,6,6,6,6,6,6,6,6,6,6,6,
    6,6,6,6,6,6,6,6,6,6,6,6,6,6,6,6,6,6,6,6,6,6,6,6,8),(0.,
    1.909547297472E-02,3.366853470431E-02,4.824159643391E-02,
    6.281465816351E-02,7.738771989312E-02,9.196078162274E-02,
    0.106031324062,0.120604385792,0.135177447522,0.149750509251,
    0.164323570981,0.17889663271,0.19346969444,0.20804275617,
    0.222615817899,0.237188879629,0.251761941358,0.266335003088,
    0.280908064817,0.295481126547,0.310054188277,0.324627250006,
    0.339200311736,0.353773373465,0.368346435195,0.382919496924,
    0.397492558654,0.412065620384,0.426638682113,0.441211743843,
    0.455784805572,0.470357867302,0.484930929032,0.499503990761,
    0.514077052491,0.52865011422,0.54322317595,0.55779623768,
    0.572369299409,0.586942361139,0.601515422868,0.616088484598,
    0.630159027038,0.644732088767,0.659305150497,0.673878212227,
    0.688451273956,0.703024335686,0.717597397416,0.732170459145,
    0.746743520875,0.760814063314,0.775387125044,0.789960186774,
    0.804533248503,0.819106310233,0.833679371963,0.848252433692,
    0.862825495422,0.877398557151,0.891971618881,1.),.UNSPECIFIED.);
#5063 = CARTESIAN_POINT('',(0.,-1.433747617233));
#5064 = CARTESIAN_POINT('',(-1.714107974815E-02,-1.433747617233));
#5065 = CARTESIAN_POINT('',(-3.428116886434E-02,-1.433747617233));
#5066 = CARTESIAN_POINT('',(-5.1420891888E-02,-1.433747617233));
#5067 = CARTESIAN_POINT('',(-6.856063933299E-02,-1.433747617233));
#5068 = CARTESIAN_POINT('',(-8.57005676876E-02,-1.433747617233));
#5069 = CARTESIAN_POINT('',(-0.102840599415,-1.433747617233));
#5070 = CARTESIAN_POINT('',(-0.13306099481,-1.433747617233));
#5071 = CARTESIAN_POINT('',(-0.146141567237,-1.433747617233));
#5072 = CARTESIAN_POINT('',(-0.159222140005,-1.433747617233));
#5073 = CARTESIAN_POINT('',(-0.172302712886,-1.433747617233));
#5074 = CARTESIAN_POINT('',(-0.185383285654,-1.433747617233));
#5075 = CARTESIAN_POINT('',(-0.198463858081,-1.433747617233));
#5076 = CARTESIAN_POINT('',(-0.2246250018,-1.433747617233));
#5077 = CARTESIAN_POINT('',(-0.237705574227,-1.433747617233));
#5078 = CARTESIAN_POINT('',(-0.250786146994,-1.433747617233));
#5079 = CARTESIAN_POINT('',(-0.263866719875,-1.433747617233));
#5080 = CARTESIAN_POINT('',(-0.276947292643,-1.433747617233));
#5081 = CARTESIAN_POINT('',(-0.29002786507,-1.433747617233));
#5082 = CARTESIAN_POINT('',(-0.316189008789,-1.433747617233));
#5083 = CARTESIAN_POINT('',(-0.329269581216,-1.433747617233));
#5084 = CARTESIAN_POINT('',(-0.342350153983,-1.433747617233));
#5085 = CARTESIAN_POINT('',(-0.355430726864,-1.433747617233));
#5086 = CARTESIAN_POINT('',(-0.368511299632,-1.433747617233));
#5087 = CARTESIAN_POINT('',(-0.381591872059,-1.433747617233));
#5088 = CARTESIAN_POINT('',(-0.407753015778,-1.433747617233));
#5089 = CARTESIAN_POINT('',(-0.420833588205,-1.433747617233));
#5090 = CARTESIAN_POINT('',(-0.433914160972,-1.433747617233));
#5091 = CARTESIAN_POINT('',(-0.446994733853,-1.433747617233));
#5092 = CARTESIAN_POINT('',(-0.460075306621,-1.433747617233));
#5093 = CARTESIAN_POINT('',(-0.473155879048,-1.433747617233));
#5094 = CARTESIAN_POINT('',(-0.499317022767,-1.433747617233));
#5095 = CARTESIAN_POINT('',(-0.512397595194,-1.433747617233));
#5096 = CARTESIAN_POINT('',(-0.525478167961,-1.433747617233));
#5097 = CARTESIAN_POINT('',(-0.538558740842,-1.433747617233));
#5098 = CARTESIAN_POINT('',(-0.55163931361,-1.433747617233));
#5099 = CARTESIAN_POINT('',(-0.564719886037,-1.433747617233));
#5100 = CARTESIAN_POINT('',(-0.590429975625,-1.433747617233));
#5101 = CARTESIAN_POINT('',(-0.603059493831,-1.433747617233));
#5102 = CARTESIAN_POINT('',(-0.615689012322,-1.433747617233));
#5103 = CARTESIAN_POINT('',(-0.628318530909,-1.433747617233));
#5104 = CARTESIAN_POINT('',(-0.6409480494,-1.433747617233));
#5105 = CARTESIAN_POINT('',(-0.653577567605,-1.433747617233));
#5106 = CARTESIAN_POINT('',(-0.679287657193,-1.433747617233));
#5107 = CARTESIAN_POINT('',(-0.69236822962,-1.433747617233));
#5108 = CARTESIAN_POINT('',(-0.705448802388,-1.433747617233));
#5109 = CARTESIAN_POINT('',(-0.718529375269,-1.433747617233));
#5110 = CARTESIAN_POINT('',(-0.731609948037,-1.433747617233));
#5111 = CARTESIAN_POINT('',(-0.744690520464,-1.433747617233));
#5112 = CARTESIAN_POINT('',(-0.770851664182,-1.433747617233));
#5113 = CARTESIAN_POINT('',(-0.783932236609,-1.433747617233));
#5114 = CARTESIAN_POINT('',(-0.797012809377,-1.433747617233));
#5115 = CARTESIAN_POINT('',(-0.810093382258,-1.433747617233));
#5116 = CARTESIAN_POINT('',(-0.823173955026,-1.433747617233));
#5117 = CARTESIAN_POINT('',(-0.836254527453,-1.433747617233));
#5118 = CARTESIAN_POINT('',(-0.862415671172,-1.433747617233));
#5119 = CARTESIAN_POINT('',(-0.875496243599,-1.433747617233));
#5120 = CARTESIAN_POINT('',(-0.888576816366,-1.433747617233));
#5121 = CARTESIAN_POINT('',(-0.901657389247,-1.433747617233));
#5122 = CARTESIAN_POINT('',(-0.914737962015,-1.433747617233));
#5123 = CARTESIAN_POINT('',(-0.927818534442,-1.433747617233));
#5124 = CARTESIAN_POINT('',(-0.953979678161,-1.433747617233));
#5125 = CARTESIAN_POINT('',(-0.967060250588,-1.433747617233));
#5126 = CARTESIAN_POINT('',(-0.980140823355,-1.433747617233));
#5127 = CARTESIAN_POINT('',(-0.993221396236,-1.433747617233));
#5128 = CARTESIAN_POINT('',(-1.006301969004,-1.433747617233));
#5129 = CARTESIAN_POINT('',(-1.019382541431,-1.433747617233));
#5130 = CARTESIAN_POINT('',(-1.04554368515,-1.433747617233));
#5131 = CARTESIAN_POINT('',(-1.058624257577,-1.433747617233));
#5132 = CARTESIAN_POINT('',(-1.071704830344,-1.433747617233));
#5133 = CARTESIAN_POINT('',(-1.084785403225,-1.433747617233));
#5134 = CARTESIAN_POINT('',(-1.097865975993,-1.433747617233));
#5135 = CARTESIAN_POINT('',(-1.11094654842,-1.433747617233));
#5136 = CARTESIAN_POINT('',(-1.137107692139,-1.433747617233));
#5137 = CARTESIAN_POINT('',(-1.150188264566,-1.433747617233));
#5138 = CARTESIAN_POINT('',(-1.163268837333,-1.433747617233));
#5139 = CARTESIAN_POINT('',(-1.176349410214,-1.433747617233));
#5140 = CARTESIAN_POINT('',(-1.189429982982,-1.433747617233));
#5141 = CARTESIAN_POINT('',(-1.202510555409,-1.433747617233));
#5142 = CARTESIAN_POINT('',(-1.228671699128,-1.433747617233));
#5143 = CARTESIAN_POINT('',(-1.241752271555,-1.433747617233));
#5144 = CARTESIAN_POINT('',(-1.254832844322,-1.433747617233));
#5145 = CARTESIAN_POINT('',(-1.267913417204,-1.433747617233));
#5146 = CARTESIAN_POINT('',(-1.280993989971,-1.433747617233));
#5147 = CARTESIAN_POINT('',(-1.294074562398,-1.433747617233));
#5148 = CARTESIAN_POINT('',(-1.320235706117,-1.433747617233));
#5149 = CARTESIAN_POINT('',(-1.333316278544,-1.433747617233));
#5150 = CARTESIAN_POINT('',(-1.346396851311,-1.433747617233));
#5151 = CARTESIAN_POINT('',(-1.359477424193,-1.433747617233));
#5152 = CARTESIAN_POINT('',(-1.37255799696,-1.433747617233));
#5153 = CARTESIAN_POINT('',(-1.385638569387,-1.433747617233));
#5154 = CARTESIAN_POINT('',(-1.411799713106,-1.433747617233));
#5155 = CARTESIAN_POINT('',(-1.424880285533,-1.433747617233));
#5156 = CARTESIAN_POINT('',(-1.4379608583,-1.433747617233));
#5157 = CARTESIAN_POINT('',(-1.451041431182,-1.433747617233));
#5158 = CARTESIAN_POINT('',(-1.464122003949,-1.433747617233));
#5159 = CARTESIAN_POINT('',(-1.477202576376,-1.433747617233));
#5160 = CARTESIAN_POINT('',(-1.503363720095,-1.433747617233));
#5161 = CARTESIAN_POINT('',(-1.516444292522,-1.433747617233));
#5162 = CARTESIAN_POINT('',(-1.529524865289,-1.433747617233));
#5163 = CARTESIAN_POINT('',(-1.542605438171,-1.433747617233));
#5164 = CARTESIAN_POINT('',(-1.555686010938,-1.433747617233));
#5165 = CARTESIAN_POINT('',(-1.568766583365,-1.433747617233));
#5166 = CARTESIAN_POINT('',(-1.594927727084,-1.433747617233));
#5167 = CARTESIAN_POINT('',(-1.608008299511,-1.433747617233));
#5168 = CARTESIAN_POINT('',(-1.621088872279,-1.433747617233));
#5169 = CARTESIAN_POINT('',(-1.63416944516,-1.433747617233));
#5170 = CARTESIAN_POINT('',(-1.647250017927,-1.433747617233));
#5171 = CARTESIAN_POINT('',(-1.660330590354,-1.433747617233));
#5172 = CARTESIAN_POINT('',(-1.686491734073,-1.433747617233));
#5173 = CARTESIAN_POINT('',(-1.6995723065,-1.433747617233));
#5174 = CARTESIAN_POINT('',(-1.712652879268,-1.433747617233));
#5175 = CARTESIAN_POINT('',(-1.725733452149,-1.433747617233));
#5176 = CARTESIAN_POINT('',(-1.738814024916,-1.433747617233));
#5177 = CARTESIAN_POINT('',(-1.751894597343,-1.433747617233));
#5178 = CARTESIAN_POINT('',(-1.778055741062,-1.433747617233));
#5179 = CARTESIAN_POINT('',(-1.791136313489,-1.433747617233));
#5180 = CARTESIAN_POINT('',(-1.804216886257,-1.433747617233));
#5181 = CARTESIAN_POINT('',(-1.817297459138,-1.433747617233));
#5182 = CARTESIAN_POINT('',(-1.830378031905,-1.433747617233));
#5183 = CARTESIAN_POINT('',(-1.843458604332,-1.433747617233));
#5184 = CARTESIAN_POINT('',(-1.869619748051,-1.433747617233));
#5185 = CARTESIAN_POINT('',(-1.882700320478,-1.433747617233));
#5186 = CARTESIAN_POINT('',(-1.895780893246,-1.433747617233));
#5187 = CARTESIAN_POINT('',(-1.908861466127,-1.433747617233));
#5188 = CARTESIAN_POINT('',(-1.921942038894,-1.433747617233));
#5189 = CARTESIAN_POINT('',(-1.935022611321,-1.433747617233));
#5190 = CARTESIAN_POINT('',(-1.96118375504,-1.433747617233));
#5191 = CARTESIAN_POINT('',(-1.974264327467,-1.433747617233));
#5192 = CARTESIAN_POINT('',(-1.987344900235,-1.433747617233));
#5193 = CARTESIAN_POINT('',(-2.000425473116,-1.433747617233));
#5194 = CARTESIAN_POINT('',(-2.013506045884,-1.433747617233));
#5195 = CARTESIAN_POINT('',(-2.026586618311,-1.433747617233));
#5196 = CARTESIAN_POINT('',(-2.052747762029,-1.433747617233));
#5197 = CARTESIAN_POINT('',(-2.065828334456,-1.433747617233));
#5198 = CARTESIAN_POINT('',(-2.078908907224,-1.433747617233));
#5199 = CARTESIAN_POINT('',(-2.091989480105,-1.433747617233));
#5200 = CARTESIAN_POINT('',(-2.105070052873,-1.433747617233));
#5201 = CARTESIAN_POINT('',(-2.1181506253,-1.433747617233));
#5202 = CARTESIAN_POINT('',(-2.144311769018,-1.433747617233));
#5203 = CARTESIAN_POINT('',(-2.157392341445,-1.433747617233));
#5204 = CARTESIAN_POINT('',(-2.170472914213,-1.433747617233));
#5205 = CARTESIAN_POINT('',(-2.183553487094,-1.433747617233));
#5206 = CARTESIAN_POINT('',(-2.196634059862,-1.433747617233));
#5207 = CARTESIAN_POINT('',(-2.209714632289,-1.433747617233));
#5208 = CARTESIAN_POINT('',(-2.235875776007,-1.433747617233));
#5209 = CARTESIAN_POINT('',(-2.248956348434,-1.433747617233));
#5210 = CARTESIAN_POINT('',(-2.262036921202,-1.433747617233));
#5211 = CARTESIAN_POINT('',(-2.275117494083,-1.433747617233));
#5212 = CARTESIAN_POINT('',(-2.288198066851,-1.433747617233));
#5213 = CARTESIAN_POINT('',(-2.301278639278,-1.433747617233));
#5214 = CARTESIAN_POINT('',(-2.327439782996,-1.433747617233));
#5215 = CARTESIAN_POINT('',(-2.340520355423,-1.433747617233));
#5216 = CARTESIAN_POINT('',(-2.353600928191,-1.433747617233));
#5217 = CARTESIAN_POINT('',(-2.366681501072,-1.433747617233));
#5218 = CARTESIAN_POINT('',(-2.37976207384,-1.433747617233));
#5219 = CARTESIAN_POINT('',(-2.392842646267,-1.433747617233));
#5220 = CARTESIAN_POINT('',(-2.419003789985,-1.433747617233));
#5221 = CARTESIAN_POINT('',(-2.432084362412,-1.433747617233));
#5222 = CARTESIAN_POINT('',(-2.44516493518,-1.433747617233));
#5223 = CARTESIAN_POINT('',(-2.458245508061,-1.433747617233));
#5224 = CARTESIAN_POINT('',(-2.471326080829,-1.433747617233));
#5225 = CARTESIAN_POINT('',(-2.484406653256,-1.433747617233));
#5226 = CARTESIAN_POINT('',(-2.510567796974,-1.433747617233));
#5227 = CARTESIAN_POINT('',(-2.523648369401,-1.433747617233));
#5228 = CARTESIAN_POINT('',(-2.536728942169,-1.433747617233));
#5229 = CARTESIAN_POINT('',(-2.54980951505,-1.433747617233));
#5230 = CARTESIAN_POINT('',(-2.562890087818,-1.433747617233));
#5231 = CARTESIAN_POINT('',(-2.575970660245,-1.433747617233));
#5232 = CARTESIAN_POINT('',(-2.602131803963,-1.433747617233));
#5233 = CARTESIAN_POINT('',(-2.61521237639,-1.433747617233));
#5234 = CARTESIAN_POINT('',(-2.628292949158,-1.433747617233));
#5235 = CARTESIAN_POINT('',(-2.641373522039,-1.433747617233));
#5236 = CARTESIAN_POINT('',(-2.654454094807,-1.433747617233));
#5237 = CARTESIAN_POINT('',(-2.667534667234,-1.433747617233));
#5238 = CARTESIAN_POINT('',(-2.693695810952,-1.433747617233));
#5239 = CARTESIAN_POINT('',(-2.706776383379,-1.433747617233));
#5240 = CARTESIAN_POINT('',(-2.719856956147,-1.433747617233));
#5241 = CARTESIAN_POINT('',(-2.732937529028,-1.433747617233));
#5242 = CARTESIAN_POINT('',(-2.746018101796,-1.433747617233));
#5243 = CARTESIAN_POINT('',(-2.759098674223,-1.433747617233));
#5244 = CARTESIAN_POINT('',(-2.785259817942,-1.433747617233));
#5245 = CARTESIAN_POINT('',(-2.798340390369,-1.433747617233));
#5246 = CARTESIAN_POINT('',(-2.811420963136,-1.433747617233));
#5247 = CARTESIAN_POINT('',(-2.824501536017,-1.433747617233));
#5248 = CARTESIAN_POINT('',(-2.837582108785,-1.433747617233));
#5249 = CARTESIAN_POINT('',(-2.850662681212,-1.433747617233));
#5250 = CARTESIAN_POINT('',(-2.876823824931,-1.433747617233));
#5251 = CARTESIAN_POINT('',(-2.889904397358,-1.433747617233));
#5252 = CARTESIAN_POINT('',(-2.902984970125,-1.433747617233));
#5253 = CARTESIAN_POINT('',(-2.916065543006,-1.433747617233));
#5254 = CARTESIAN_POINT('',(-2.929146115774,-1.433747617233));
#5255 = CARTESIAN_POINT('',(-2.942226688201,-1.433747617233));
#5256 = CARTESIAN_POINT('',(-2.96838783192,-1.433747617233));
#5257 = CARTESIAN_POINT('',(-2.981468404347,-1.433747617233));
#5258 = CARTESIAN_POINT('',(-2.994548977114,-1.433747617233));
#5259 = CARTESIAN_POINT('',(-3.007629549995,-1.433747617233));
#5260 = CARTESIAN_POINT('',(-3.020710122763,-1.433747617233));
#5261 = CARTESIAN_POINT('',(-3.03379069519,-1.433747617233));
#5262 = CARTESIAN_POINT('',(-3.059951838909,-1.433747617233));
#5263 = CARTESIAN_POINT('',(-3.073032411336,-1.433747617233));
#5264 = CARTESIAN_POINT('',(-3.086112984103,-1.433747617233));
#5265 = CARTESIAN_POINT('',(-3.099193556985,-1.433747617233));
#5266 = CARTESIAN_POINT('',(-3.112274129752,-1.433747617233));
#5267 = CARTESIAN_POINT('',(-3.125354702179,-1.433747617233));
#5268 = CARTESIAN_POINT('',(-3.151515845898,-1.433747617233));
#5269 = CARTESIAN_POINT('',(-3.164596418325,-1.433747617233));
#5270 = CARTESIAN_POINT('',(-3.177676991092,-1.433747617233));
#5271 = CARTESIAN_POINT('',(-3.190757563974,-1.433747617233));
#5272 = CARTESIAN_POINT('',(-3.203838136741,-1.433747617233));
#5273 = CARTESIAN_POINT('',(-3.216918709168,-1.433747617233));
#5274 = CARTESIAN_POINT('',(-3.243079852887,-1.433747617233));
#5275 = CARTESIAN_POINT('',(-3.256160425314,-1.433747617233));
#5276 = CARTESIAN_POINT('',(-3.269240998081,-1.433747617233));
#5277 = CARTESIAN_POINT('',(-3.282321570963,-1.433747617233));
#5278 = CARTESIAN_POINT('',(-3.29540214373,-1.433747617233));
#5279 = CARTESIAN_POINT('',(-3.308482716157,-1.433747617233));
#5280 = CARTESIAN_POINT('',(-3.334643859876,-1.433747617233));
#5281 = CARTESIAN_POINT('',(-3.347724432303,-1.433747617233));
#5282 = CARTESIAN_POINT('',(-3.360805005071,-1.433747617233));
#5283 = CARTESIAN_POINT('',(-3.373885577952,-1.433747617233));
#5284 = CARTESIAN_POINT('',(-3.386966150719,-1.433747617233));
#5285 = CARTESIAN_POINT('',(-3.400046723146,-1.433747617233));
#5286 = CARTESIAN_POINT('',(-3.426207866865,-1.433747617233));
#5287 = CARTESIAN_POINT('',(-3.439288439292,-1.433747617233));
#5288 = CARTESIAN_POINT('',(-3.45236901206,-1.433747617233));
#5289 = CARTESIAN_POINT('',(-3.465449584941,-1.433747617233));
#5290 = CARTESIAN_POINT('',(-3.478530157708,-1.433747617233));
#5291 = CARTESIAN_POINT('',(-3.491610730135,-1.433747617233));
#5292 = CARTESIAN_POINT('',(-3.517771873854,-1.433747617233));
#5293 = CARTESIAN_POINT('',(-3.530852446281,-1.433747617233));
#5294 = CARTESIAN_POINT('',(-3.543933019049,-1.433747617233));
#5295 = CARTESIAN_POINT('',(-3.55701359193,-1.433747617233));
#5296 = CARTESIAN_POINT('',(-3.570094164697,-1.433747617233));
#5297 = CARTESIAN_POINT('',(-3.583174737124,-1.433747617233));
#5298 = CARTESIAN_POINT('',(-3.609335880843,-1.433747617233));
#5299 = CARTESIAN_POINT('',(-3.62241645327,-1.433747617233));
#5300 = CARTESIAN_POINT('',(-3.635497026038,-1.433747617233));
#5301 = CARTESIAN_POINT('',(-3.648577598919,-1.433747617233));
#5302 = CARTESIAN_POINT('',(-3.661658171686,-1.433747617233));
#5303 = CARTESIAN_POINT('',(-3.674738744113,-1.433747617233));
#5304 = CARTESIAN_POINT('',(-3.700899887832,-1.433747617233));
#5305 = CARTESIAN_POINT('',(-3.713980460259,-1.433747617233));
#5306 = CARTESIAN_POINT('',(-3.727061033027,-1.433747617233));
#5307 = CARTESIAN_POINT('',(-3.740141605908,-1.433747617233));
#5308 = CARTESIAN_POINT('',(-3.753222178676,-1.433747617233));
#5309 = CARTESIAN_POINT('',(-3.766302751103,-1.433747617233));
#5310 = CARTESIAN_POINT('',(-3.792463894821,-1.433747617233));
#5311 = CARTESIAN_POINT('',(-3.805544467248,-1.433747617233));
#5312 = CARTESIAN_POINT('',(-3.818625040016,-1.433747617233));
#5313 = CARTESIAN_POINT('',(-3.831705612897,-1.433747617233));
#5314 = CARTESIAN_POINT('',(-3.844786185665,-1.433747617233));
#5315 = CARTESIAN_POINT('',(-3.857866758092,-1.433747617233));
#5316 = CARTESIAN_POINT('',(-3.88357684768,-1.433747617233));
#5317 = CARTESIAN_POINT('',(-3.896206365885,-1.433747617233));
#5318 = CARTESIAN_POINT('',(-3.908835884377,-1.433747617233));
#5319 = CARTESIAN_POINT('',(-3.921465402963,-1.433747617233));
#5320 = CARTESIAN_POINT('',(-3.934094921454,-1.433747617233));
#5321 = CARTESIAN_POINT('',(-3.94672443966,-1.433747617233));
#5322 = CARTESIAN_POINT('',(-3.972434529248,-1.433747617233));
#5323 = CARTESIAN_POINT('',(-3.985515101675,-1.433747617233));
#5324 = CARTESIAN_POINT('',(-3.998595674443,-1.433747617233));
#5325 = CARTESIAN_POINT('',(-4.011676247324,-1.433747617233));
#5326 = CARTESIAN_POINT('',(-4.024756820091,-1.433747617233));
#5327 = CARTESIAN_POINT('',(-4.037837392518,-1.433747617233));
#5328 = CARTESIAN_POINT('',(-4.063998536237,-1.433747617233));
#5329 = CARTESIAN_POINT('',(-4.077079108664,-1.433747617233));
#5330 = CARTESIAN_POINT('',(-4.090159681432,-1.433747617233));
#5331 = CARTESIAN_POINT('',(-4.103240254313,-1.433747617233));
#5332 = CARTESIAN_POINT('',(-4.11632082708,-1.433747617233));
#5333 = CARTESIAN_POINT('',(-4.129401399507,-1.433747617233));
#5334 = CARTESIAN_POINT('',(-4.155562543226,-1.433747617233));
#5335 = CARTESIAN_POINT('',(-4.168643115653,-1.433747617233));
#5336 = CARTESIAN_POINT('',(-4.181723688421,-1.433747617233));
#5337 = CARTESIAN_POINT('',(-4.194804261302,-1.433747617233));
#5338 = CARTESIAN_POINT('',(-4.207884834069,-1.433747617233));
#5339 = CARTESIAN_POINT('',(-4.220965406496,-1.433747617233));
#5340 = CARTESIAN_POINT('',(-4.247126550215,-1.433747617233));
#5341 = CARTESIAN_POINT('',(-4.260207122642,-1.433747617233));
#5342 = CARTESIAN_POINT('',(-4.27328769541,-1.433747617233));
#5343 = CARTESIAN_POINT('',(-4.286368268291,-1.433747617233));
#5344 = CARTESIAN_POINT('',(-4.299448841059,-1.433747617233));
#5345 = CARTESIAN_POINT('',(-4.312529413486,-1.433747617233));
#5346 = CARTESIAN_POINT('',(-4.338690557204,-1.433747617233));
#5347 = CARTESIAN_POINT('',(-4.351771129631,-1.433747617233));
#5348 = CARTESIAN_POINT('',(-4.364851702399,-1.433747617233));
#5349 = CARTESIAN_POINT('',(-4.37793227528,-1.433747617233));
#5350 = CARTESIAN_POINT('',(-4.391012848048,-1.433747617233));
#5351 = CARTESIAN_POINT('',(-4.404093420475,-1.433747617233));
#5352 = CARTESIAN_POINT('',(-4.430254564193,-1.433747617233));
#5353 = CARTESIAN_POINT('',(-4.44333513662,-1.433747617233));
#5354 = CARTESIAN_POINT('',(-4.456415709388,-1.433747617233));
#5355 = CARTESIAN_POINT('',(-4.469496282269,-1.433747617233));
#5356 = CARTESIAN_POINT('',(-4.482576855037,-1.433747617233));
#5357 = CARTESIAN_POINT('',(-4.495657427464,-1.433747617233));
#5358 = CARTESIAN_POINT('',(-4.521818571182,-1.433747617233));
#5359 = CARTESIAN_POINT('',(-4.534899143609,-1.433747617233));
#5360 = CARTESIAN_POINT('',(-4.547979716377,-1.433747617233));
#5361 = CARTESIAN_POINT('',(-4.561060289258,-1.433747617233));
#5362 = CARTESIAN_POINT('',(-4.574140862026,-1.433747617233));
#5363 = CARTESIAN_POINT('',(-4.587221434453,-1.433747617233));
#5364 = CARTESIAN_POINT('',(-4.613382578171,-1.433747617233));
#5365 = CARTESIAN_POINT('',(-4.626463150598,-1.433747617233));
#5366 = CARTESIAN_POINT('',(-4.639543723366,-1.433747617233));
#5367 = CARTESIAN_POINT('',(-4.652624296247,-1.433747617233));
#5368 = CARTESIAN_POINT('',(-4.665704869015,-1.433747617233));
#5369 = CARTESIAN_POINT('',(-4.678785441442,-1.433747617233));
#5370 = CARTESIAN_POINT('',(-4.70449553103,-1.433747617233));
#5371 = CARTESIAN_POINT('',(-4.717125049235,-1.433747617233));
#5372 = CARTESIAN_POINT('',(-4.729754567727,-1.433747617233));
#5373 = CARTESIAN_POINT('',(-4.742384086313,-1.433747617233));
#5374 = CARTESIAN_POINT('',(-4.755013604804,-1.433747617233));
#5375 = CARTESIAN_POINT('',(-4.76764312301,-1.433747617233));
#5376 = CARTESIAN_POINT('',(-4.793353212598,-1.433747617233));
#5377 = CARTESIAN_POINT('',(-4.806433785025,-1.433747617233));
#5378 = CARTESIAN_POINT('',(-4.819514357793,-1.433747617233));
#5379 = CARTESIAN_POINT('',(-4.832594930674,-1.433747617233));
#5380 = CARTESIAN_POINT('',(-4.845675503441,-1.433747617233));
#5381 = CARTESIAN_POINT('',(-4.858756075868,-1.433747617233));
#5382 = CARTESIAN_POINT('',(-4.884917219587,-1.433747617233));
#5383 = CARTESIAN_POINT('',(-4.897997792014,-1.433747617233));
#5384 = CARTESIAN_POINT('',(-4.911078364782,-1.433747617233));
#5385 = CARTESIAN_POINT('',(-4.924158937663,-1.433747617233));
#5386 = CARTESIAN_POINT('',(-4.937239510431,-1.433747617233));
#5387 = CARTESIAN_POINT('',(-4.950320082858,-1.433747617233));
#5388 = CARTESIAN_POINT('',(-4.976481226576,-1.433747617233));
#5389 = CARTESIAN_POINT('',(-4.989561799003,-1.433747617233));
#5390 = CARTESIAN_POINT('',(-5.002642371771,-1.433747617233));
#5391 = CARTESIAN_POINT('',(-5.015722944652,-1.433747617233));
#5392 = CARTESIAN_POINT('',(-5.02880351742,-1.433747617233));
#5393 = CARTESIAN_POINT('',(-5.041884089847,-1.433747617233));
#5394 = CARTESIAN_POINT('',(-5.068045233565,-1.433747617233));
#5395 = CARTESIAN_POINT('',(-5.081125805992,-1.433747617233));
#5396 = CARTESIAN_POINT('',(-5.09420637876,-1.433747617233));
#5397 = CARTESIAN_POINT('',(-5.107286951641,-1.433747617233));
#5398 = CARTESIAN_POINT('',(-5.120367524409,-1.433747617233));
#5399 = CARTESIAN_POINT('',(-5.133448096836,-1.433747617233));
#5400 = CARTESIAN_POINT('',(-5.159609240554,-1.433747617233));
#5401 = CARTESIAN_POINT('',(-5.172689812981,-1.433747617233));
#5402 = CARTESIAN_POINT('',(-5.185770385749,-1.433747617233));
#5403 = CARTESIAN_POINT('',(-5.19885095863,-1.433747617233));
#5404 = CARTESIAN_POINT('',(-5.211931531398,-1.433747617233));
#5405 = CARTESIAN_POINT('',(-5.225012103825,-1.433747617233));
#5406 = CARTESIAN_POINT('',(-5.251173247543,-1.433747617233));
#5407 = CARTESIAN_POINT('',(-5.26425381997,-1.433747617233));
#5408 = CARTESIAN_POINT('',(-5.277334392738,-1.433747617233));
#5409 = CARTESIAN_POINT('',(-5.290414965619,-1.433747617233));
#5410 = CARTESIAN_POINT('',(-5.303495538387,-1.433747617233));
#5411 = CARTESIAN_POINT('',(-5.316576110814,-1.433747617233));
#5412 = CARTESIAN_POINT('',(-5.342737254532,-1.433747617233));
#5413 = CARTESIAN_POINT('',(-5.355817826959,-1.433747617233));
#5414 = CARTESIAN_POINT('',(-5.368898399727,-1.433747617233));
#5415 = CARTESIAN_POINT('',(-5.381978972608,-1.433747617233));
#5416 = CARTESIAN_POINT('',(-5.395059545376,-1.433747617233));
#5417 = CARTESIAN_POINT('',(-5.408140117803,-1.433747617233));
#5418 = CARTESIAN_POINT('',(-5.434301261521,-1.433747617233));
#5419 = CARTESIAN_POINT('',(-5.447381833948,-1.433747617233));
#5420 = CARTESIAN_POINT('',(-5.460462406716,-1.433747617233));
#5421 = CARTESIAN_POINT('',(-5.473542979597,-1.433747617233));
#5422 = CARTESIAN_POINT('',(-5.486623552365,-1.433747617233));
#5423 = CARTESIAN_POINT('',(-5.499704124792,-1.433747617233));
#5424 = CARTESIAN_POINT('',(-5.52586526851,-1.433747617233));
#5425 = CARTESIAN_POINT('',(-5.538945840937,-1.433747617233));
#5426 = CARTESIAN_POINT('',(-5.552026413705,-1.433747617233));
#5427 = CARTESIAN_POINT('',(-5.565106986586,-1.433747617233));
#5428 = CARTESIAN_POINT('',(-5.578187559354,-1.433747617233));
#5429 = CARTESIAN_POINT('',(-5.591268131781,-1.433747617233));
#5430 = CARTESIAN_POINT('',(-5.701313434064,-1.433747617233));
#5431 = CARTESIAN_POINT('',(-5.798314918454,-1.433747617233));
#5432 = CARTESIAN_POINT('',(-5.895286309896,-1.433747617233));
#5433 = CARTESIAN_POINT('',(-5.992247700924,-1.433747617233));
#5434 = CARTESIAN_POINT('',(-6.089219092365,-1.433747617233));
#5435 = CARTESIAN_POINT('',(-6.186220576755,-1.433747617233));
#5436 = CARTESIAN_POINT('',(-6.28318530718,-1.433747617233));
#5437 = ( GEOMETRIC_REPRESENTATION_CONTEXT(2) 
PARAMETRIC_REPRESENTATION_CONTEXT() REPRESENTATION_CONTEXT('2D SPACE',''
  ) );
#5438 = ORIENTED_EDGE('',*,*,#4279,.F.);
#5439 = ADVANCED_FACE('',(#5440),#2715,.F.);
#5440 = FACE_BOUND('',#5441,.T.);
#5441 = EDGE_LOOP('',(#5442,#5443,#5466,#5493));
#5442 = ORIENTED_EDGE('',*,*,#2694,.T.);
#5443 = ORIENTED_EDGE('',*,*,#5444,.T.);
#5444 = EDGE_CURVE('',#2695,#5445,#5447,.T.);
#5445 = VERTEX_POINT('',#5446);
#5446 = CARTESIAN_POINT('',(-116.575,85.375,56.075));
#5447 = SEAM_CURVE('',#5448,(#5452,#5459),.PCURVE_S1.);
#5448 = LINE('',#5449,#5450);
#5449 = CARTESIAN_POINT('',(-148.425,85.375,56.075));
#5450 = VECTOR('',#5451,1.);
#5451 = DIRECTION('',(1.,-0.,0.));
#5452 = PCURVE('',#2715,#5453);
#5453 = DEFINITIONAL_REPRESENTATION('',(#5454),#5458);
#5454 = LINE('',#5455,#5456);
#5455 = CARTESIAN_POINT('',(-6.28318530718,0.));
#5456 = VECTOR('',#5457,1.);
#5457 = DIRECTION('',(-0.,-1.));
#5458 = ( GEOMETRIC_REPRESENTATION_CONTEXT(2) 
PARAMETRIC_REPRESENTATION_CONTEXT() REPRESENTATION_CONTEXT('2D SPACE',''
  ) );
#5459 = PCURVE('',#2715,#5460);
#5460 = DEFINITIONAL_REPRESENTATION('',(#5461),#5465);
#5461 = LINE('',#5462,#5463);
#5462 = CARTESIAN_POINT('',(-0.,0.));
#5463 = VECTOR('',#5464,1.);
#5464 = DIRECTION('',(-0.,-1.));
#5465 = ( GEOMETRIC_REPRESENTATION_CONTEXT(2) 
PARAMETRIC_REPRESENTATION_CONTEXT() REPRESENTATION_CONTEXT('2D SPACE',''
  ) );
#5466 = ORIENTED_EDGE('',*,*,#5467,.T.);
#5467 = EDGE_CURVE('',#5445,#5445,#5468,.T.);
#5468 = SURFACE_CURVE('',#5469,(#5474,#5481),.PCURVE_S1.);
#5469 = CIRCLE('',#5470,3.5);
#5470 = AXIS2_PLACEMENT_3D('',#5471,#5472,#5473);
#5471 = CARTESIAN_POINT('',(-116.575,85.375,52.575));
#5472 = DIRECTION('',(1.,0.,-0.));
#5473 = DIRECTION('',(0.,0.,1.));
#5474 = PCURVE('',#2715,#5475);
#5475 = DEFINITIONAL_REPRESENTATION('',(#5476),#5480);
#5476 = LINE('',#5477,#5478);
#5477 = CARTESIAN_POINT('',(-0.,-31.85));
#5478 = VECTOR('',#5479,1.);
#5479 = DIRECTION('',(-1.,0.));
#5480 = ( GEOMETRIC_REPRESENTATION_CONTEXT(2) 
PARAMETRIC_REPRESENTATION_CONTEXT() REPRESENTATION_CONTEXT('2D SPACE',''
  ) );
#5481 = PCURVE('',#5482,#5487);
#5482 = PLANE('',#5483);
#5483 = AXIS2_PLACEMENT_3D('',#5484,#5485,#5486);
#5484 = CARTESIAN_POINT('',(-116.575,85.375,52.575));
#5485 = DIRECTION('',(1.,0.,0.));
#5486 = DIRECTION('',(-0.,0.,1.));
#5487 = DEFINITIONAL_REPRESENTATION('',(#5488),#5492);
#5488 = CIRCLE('',#5489,3.5);
#5489 = AXIS2_PLACEMENT_2D('',#5490,#5491);
#5490 = CARTESIAN_POINT('',(0.,0.));
#5491 = DIRECTION('',(1.,0.));
#5492 = ( GEOMETRIC_REPRESENTATION_CONTEXT(2) 
PARAMETRIC_REPRESENTATION_CONTEXT() REPRESENTATION_CONTEXT('2D SPACE',''
  ) );
#5493 = ORIENTED_EDGE('',*,*,#5444,.F.);
#5494 = ADVANCED_FACE('',(#5495),#2768,.F.);
#5495 = FACE_BOUND('',#5496,.F.);
#5496 = EDGE_LOOP('',(#5497,#5498));
#5497 = ORIENTED_EDGE('',*,*,#2753,.F.);
#5498 = ORIENTED_EDGE('',*,*,#3995,.T.);
#5499 = ADVANCED_FACE('',(#5500),#2820,.F.);
#5500 = FACE_BOUND('',#5501,.F.);
#5501 = EDGE_LOOP('',(#5502,#5525,#5552,#5553));
#5502 = ORIENTED_EDGE('',*,*,#5503,.T.);
#5503 = EDGE_CURVE('',#2804,#5504,#5506,.T.);
#5504 = VERTEX_POINT('',#5505);
#5505 = CARTESIAN_POINT('',(-130.4,84.25,71.2));
#5506 = SEAM_CURVE('',#5507,(#5511,#5518),.PCURVE_S1.);
#5507 = LINE('',#5508,#5509);
#5508 = CARTESIAN_POINT('',(-134.,84.25,71.2));
#5509 = VECTOR('',#5510,1.);
#5510 = DIRECTION('',(1.,-0.,-0.));
#5511 = PCURVE('',#2820,#5512);
#5512 = DEFINITIONAL_REPRESENTATION('',(#5513),#5517);
#5513 = LINE('',#5514,#5515);
#5514 = CARTESIAN_POINT('',(0.,0.));
#5515 = VECTOR('',#5516,1.);
#5516 = DIRECTION('',(0.,-1.));
#5517 = ( GEOMETRIC_REPRESENTATION_CONTEXT(2) 
PARAMETRIC_REPRESENTATION_CONTEXT() REPRESENTATION_CONTEXT('2D SPACE',''
  ) );
#5518 = PCURVE('',#2820,#5519);
#5519 = DEFINITIONAL_REPRESENTATION('',(#5520),#5524);
#5520 = LINE('',#5521,#5522);
#5521 = CARTESIAN_POINT('',(6.28318530718,0.));
#5522 = VECTOR('',#5523,1.);
#5523 = DIRECTION('',(0.,-1.));
#5524 = ( GEOMETRIC_REPRESENTATION_CONTEXT(2) 
PARAMETRIC_REPRESENTATION_CONTEXT() REPRESENTATION_CONTEXT('2D SPACE',''
  ) );
#5525 = ORIENTED_EDGE('',*,*,#5526,.T.);
#5526 = EDGE_CURVE('',#5504,#5504,#5527,.T.);
#5527 = SURFACE_CURVE('',#5528,(#5533,#5540),.PCURVE_S1.);
#5528 = CIRCLE('',#5529,6.4);
#5529 = AXIS2_PLACEMENT_3D('',#5530,#5531,#5532);
#5530 = CARTESIAN_POINT('',(-130.4,84.25,77.6));
#5531 = DIRECTION('',(-1.,0.,0.));
#5532 = DIRECTION('',(0.,0.,-1.));
#5533 = PCURVE('',#2820,#5534);
#5534 = DEFINITIONAL_REPRESENTATION('',(#5535),#5539);
#5535 = LINE('',#5536,#5537);
#5536 = CARTESIAN_POINT('',(0.,-3.6));
#5537 = VECTOR('',#5538,1.);
#5538 = DIRECTION('',(1.,0.));
#5539 = ( GEOMETRIC_REPRESENTATION_CONTEXT(2) 
PARAMETRIC_REPRESENTATION_CONTEXT() REPRESENTATION_CONTEXT('2D SPACE',''
  ) );
#5540 = PCURVE('',#5541,#5546);
#5541 = PLANE('',#5542);
#5542 = AXIS2_PLACEMENT_3D('',#5543,#5544,#5545);
#5543 = CARTESIAN_POINT('',(-130.4,84.25,77.6));
#5544 = DIRECTION('',(-1.,-0.,-0.));
#5545 = DIRECTION('',(0.,0.,-1.));
#5546 = DEFINITIONAL_REPRESENTATION('',(#5547),#5551);
#5547 = CIRCLE('',#5548,6.4);
#5548 = AXIS2_PLACEMENT_2D('',#5549,#5550);
#5549 = CARTESIAN_POINT('',(0.,1.42108547152E-14));
#5550 = DIRECTION('',(1.,0.));
#5551 = ( GEOMETRIC_REPRESENTATION_CONTEXT(2) 
PARAMETRIC_REPRESENTATION_CONTEXT() REPRESENTATION_CONTEXT('2D SPACE',''
  ) );
#5552 = ORIENTED_EDGE('',*,*,#5503,.F.);
#5553 = ORIENTED_EDGE('',*,*,#2803,.F.);
#5554 = ADVANCED_FACE('',(#5555,#5558),#4074,.T.);
#5555 = FACE_BOUND('',#5556,.T.);
#5556 = EDGE_LOOP('',(#5557));
#5557 = ORIENTED_EDGE('',*,*,#4059,.T.);
#5558 = FACE_BOUND('',#5559,.T.);
#5559 = EDGE_LOOP('',(#5560));
#5560 = ORIENTED_EDGE('',*,*,#5561,.F.);
#5561 = EDGE_CURVE('',#5562,#5562,#5564,.T.);
#5562 = VERTEX_POINT('',#5563);
#5563 = CARTESIAN_POINT('',(138.,43.375,-69.75));
#5564 = SURFACE_CURVE('',#5565,(#5570,#5577),.PCURVE_S1.);
#5565 = CIRCLE('',#5566,29.);
#5566 = AXIS2_PLACEMENT_3D('',#5567,#5568,#5569);
#5567 = CARTESIAN_POINT('',(138.,14.375,-69.75));
#5568 = DIRECTION('',(1.,-0.,0.));
#5569 = DIRECTION('',(0.,1.,-2.476837423129E-16));
#5570 = PCURVE('',#4074,#5571);
#5571 = DEFINITIONAL_REPRESENTATION('',(#5572),#5576);
#5572 = CIRCLE('',#5573,29.);
#5573 = AXIS2_PLACEMENT_2D('',#5574,#5575);
#5574 = CARTESIAN_POINT('',(-1.42108547152E-14,-7.105427357601E-15));
#5575 = DIRECTION('',(-2.476837423129E-16,-1.));
#5576 = ( GEOMETRIC_REPRESENTATION_CONTEXT(2) 
PARAMETRIC_REPRESENTATION_CONTEXT() REPRESENTATION_CONTEXT('2D SPACE',''
  ) );
#5577 = PCURVE('',#5578,#5583);
#5578 = CYLINDRICAL_SURFACE('',#5579,29.);
#5579 = AXIS2_PLACEMENT_3D('',#5580,#5581,#5582);
#5580 = CARTESIAN_POINT('',(150.,14.375,-69.75));
#5581 = DIRECTION('',(1.,-0.,0.));
#5582 = DIRECTION('',(0.,1.,-2.476837423129E-16));
#5583 = DEFINITIONAL_REPRESENTATION('',(#5584),#5588);
#5584 = LINE('',#5585,#5586);
#5585 = CARTESIAN_POINT('',(0.,-12.));
#5586 = VECTOR('',#5587,1.);
#5587 = DIRECTION('',(1.,0.));
#5588 = ( GEOMETRIC_REPRESENTATION_CONTEXT(2) 
PARAMETRIC_REPRESENTATION_CONTEXT() REPRESENTATION_CONTEXT('2D SPACE',''
  ) );
#5589 = ADVANCED_FACE('',(#5590,#5593),#4129,.F.);
#5590 = FACE_BOUND('',#5591,.F.);
#5591 = EDGE_LOOP('',(#5592));
#5592 = ORIENTED_EDGE('',*,*,#4114,.T.);
#5593 = FACE_BOUND('',#5594,.F.);
#5594 = EDGE_LOOP('',(#5595));
#5595 = ORIENTED_EDGE('',*,*,#4169,.T.);
#5596 = ADVANCED_FACE('',(#5597),#4262,.F.);
#5597 = FACE_BOUND('',#5598,.T.);
#5598 = EDGE_LOOP('',(#5599,#5600,#5623,#5650));
#5599 = ORIENTED_EDGE('',*,*,#4247,.T.);
#5600 = ORIENTED_EDGE('',*,*,#5601,.T.);
#5601 = EDGE_CURVE('',#4227,#5602,#5604,.T.);
#5602 = VERTEX_POINT('',#5603);
#5603 = CARTESIAN_POINT('',(-118.8,86.913747617232,83.));
#5604 = SEAM_CURVE('',#5605,(#5609,#5616),.PCURVE_S1.);
#5605 = LINE('',#5606,#5607);
#5606 = CARTESIAN_POINT('',(-118.8,123.71374761723,83.));
#5607 = VECTOR('',#5608,1.);
#5608 = DIRECTION('',(0.,-1.,0.));
#5609 = PCURVE('',#4262,#5610);
#5610 = DEFINITIONAL_REPRESENTATION('',(#5611),#5615);
#5611 = LINE('',#5612,#5613);
#5612 = CARTESIAN_POINT('',(-6.28318530718,0.));
#5613 = VECTOR('',#5614,1.);
#5614 = DIRECTION('',(-0.,-1.));
#5615 = ( GEOMETRIC_REPRESENTATION_CONTEXT(2) 
PARAMETRIC_REPRESENTATION_CONTEXT() REPRESENTATION_CONTEXT('2D SPACE',''
  ) );
#5616 = PCURVE('',#4262,#5617);
#5617 = DEFINITIONAL_REPRESENTATION('',(#5618),#5622);
#5618 = LINE('',#5619,#5620);
#5619 = CARTESIAN_POINT('',(-0.,0.));
#5620 = VECTOR('',#5621,1.);
#5621 = DIRECTION('',(-0.,-1.));
#5622 = ( GEOMETRIC_REPRESENTATION_CONTEXT(2) 
PARAMETRIC_REPRESENTATION_CONTEXT() REPRESENTATION_CONTEXT('2D SPACE',''
  ) );
#5623 = ORIENTED_EDGE('',*,*,#5624,.T.);
#5624 = EDGE_CURVE('',#5602,#5602,#5625,.T.);
#5625 = SURFACE_CURVE('',#5626,(#5631,#5638),.PCURVE_S1.);
#5626 = CIRCLE('',#5627,4.);
#5627 = AXIS2_PLACEMENT_3D('',#5628,#5629,#5630);
#5628 = CARTESIAN_POINT('',(-118.8,86.913747617232,87.));
#5629 = DIRECTION('',(0.,-1.,0.));
#5630 = DIRECTION('',(0.,0.,-1.));
#5631 = PCURVE('',#4262,#5632);
#5632 = DEFINITIONAL_REPRESENTATION('',(#5633),#5637);
#5633 = LINE('',#5634,#5635);
#5634 = CARTESIAN_POINT('',(-0.,-36.8));
#5635 = VECTOR('',#5636,1.);
#5636 = DIRECTION('',(-1.,0.));
#5637 = ( GEOMETRIC_REPRESENTATION_CONTEXT(2) 
PARAMETRIC_REPRESENTATION_CONTEXT() REPRESENTATION_CONTEXT('2D SPACE',''
  ) );
#5638 = PCURVE('',#5639,#5644);
#5639 = PLANE('',#5640);
#5640 = AXIS2_PLACEMENT_3D('',#5641,#5642,#5643);
#5641 = CARTESIAN_POINT('',(-118.8,86.913747617232,87.));
#5642 = DIRECTION('',(-0.,-1.,1.051814540295E-30));
#5643 = DIRECTION('',(0.,-1.051814540295E-30,-1.));
#5644 = DEFINITIONAL_REPRESENTATION('',(#5645),#5649);
#5645 = CIRCLE('',#5646,4.);
#5646 = AXIS2_PLACEMENT_2D('',#5647,#5648);
#5647 = CARTESIAN_POINT('',(0.,0.));
#5648 = DIRECTION('',(1.,0.));
#5649 = ( GEOMETRIC_REPRESENTATION_CONTEXT(2) 
PARAMETRIC_REPRESENTATION_CONTEXT() REPRESENTATION_CONTEXT('2D SPACE',''
  ) );
#5650 = ORIENTED_EDGE('',*,*,#5601,.F.);
#5651 = ADVANCED_FACE('',(#5652),#5056,.F.);
#5652 = FACE_BOUND('',#5653,.T.);
#5653 = EDGE_LOOP('',(#5654,#5655,#5678,#5705));
#5654 = ORIENTED_EDGE('',*,*,#4300,.F.);
#5655 = ORIENTED_EDGE('',*,*,#5656,.T.);
#5656 = EDGE_CURVE('',#4280,#5657,#5659,.T.);
#5657 = VERTEX_POINT('',#5658);
#5658 = CARTESIAN_POINT('',(-103.2,86.913747617232,83.));
#5659 = SEAM_CURVE('',#5660,(#5664,#5671),.PCURVE_S1.);
#5660 = LINE('',#5661,#5662);
#5661 = CARTESIAN_POINT('',(-103.2,123.71374761723,83.));
#5662 = VECTOR('',#5663,1.);
#5663 = DIRECTION('',(0.,-1.,0.));
#5664 = PCURVE('',#5056,#5665);
#5665 = DEFINITIONAL_REPRESENTATION('',(#5666),#5670);
#5666 = LINE('',#5667,#5668);
#5667 = CARTESIAN_POINT('',(-6.28318530718,0.));
#5668 = VECTOR('',#5669,1.);
#5669 = DIRECTION('',(-0.,-1.));
#5670 = ( GEOMETRIC_REPRESENTATION_CONTEXT(2) 
PARAMETRIC_REPRESENTATION_CONTEXT() REPRESENTATION_CONTEXT('2D SPACE',''
  ) );
#5671 = PCURVE('',#5056,#5672);
#5672 = DEFINITIONAL_REPRESENTATION('',(#5673),#5677);
#5673 = LINE('',#5674,#5675);
#5674 = CARTESIAN_POINT('',(-0.,0.));
#5675 = VECTOR('',#5676,1.);
#5676 = DIRECTION('',(-0.,-1.));
#5677 = ( GEOMETRIC_REPRESENTATION_CONTEXT(2) 
PARAMETRIC_REPRESENTATION_CONTEXT() REPRESENTATION_CONTEXT('2D SPACE',''
  ) );
#5678 = ORIENTED_EDGE('',*,*,#5679,.T.);
#5679 = EDGE_CURVE('',#5657,#5657,#5680,.T.);
#5680 = SURFACE_CURVE('',#5681,(#5686,#5693),.PCURVE_S1.);
#5681 = CIRCLE('',#5682,4.);
#5682 = AXIS2_PLACEMENT_3D('',#5683,#5684,#5685);
#5683 = CARTESIAN_POINT('',(-103.2,86.913747617232,87.));
#5684 = DIRECTION('',(0.,-1.,0.));
#5685 = DIRECTION('',(0.,0.,-1.));
#5686 = PCURVE('',#5056,#5687);
#5687 = DEFINITIONAL_REPRESENTATION('',(#5688),#5692);
#5688 = LINE('',#5689,#5690);
#5689 = CARTESIAN_POINT('',(-0.,-36.8));
#5690 = VECTOR('',#5691,1.);
#5691 = DIRECTION('',(-1.,0.));
#5692 = ( GEOMETRIC_REPRESENTATION_CONTEXT(2) 
PARAMETRIC_REPRESENTATION_CONTEXT() REPRESENTATION_CONTEXT('2D SPACE',''
  ) );
#5693 = PCURVE('',#5694,#5699);
#5694 = PLANE('',#5695);
#5695 = AXIS2_PLACEMENT_3D('',#5696,#5697,#5698);
#5696 = CARTESIAN_POINT('',(-103.2,86.913747617232,87.));
#5697 = DIRECTION('',(-2.524354896707E-29,-1.,1.051814540295E-30));
#5698 = DIRECTION('',(-1.,2.524354896707E-29,0.));
#5699 = DEFINITIONAL_REPRESENTATION('',(#5700),#5704);
#5700 = CIRCLE('',#5701,4.);
#5701 = AXIS2_PLACEMENT_2D('',#5702,#5703);
#5702 = CARTESIAN_POINT('',(-1.42108547152E-14,-3.773199616178E-73));
#5703 = DIRECTION('',(0.,1.));
#5704 = ( GEOMETRIC_REPRESENTATION_CONTEXT(2) 
PARAMETRIC_REPRESENTATION_CONTEXT() REPRESENTATION_CONTEXT('2D SPACE',''
  ) );
#5705 = ORIENTED_EDGE('',*,*,#5656,.F.);
#5706 = ADVANCED_FACE('',(#5707),#5482,.F.);
#5707 = FACE_BOUND('',#5708,.F.);
#5708 = EDGE_LOOP('',(#5709));
#5709 = ORIENTED_EDGE('',*,*,#5467,.T.);
#5710 = ADVANCED_FACE('',(#5711,#5714),#5541,.T.);
#5711 = FACE_BOUND('',#5712,.T.);
#5712 = EDGE_LOOP('',(#5713));
#5713 = ORIENTED_EDGE('',*,*,#5526,.T.);
#5714 = FACE_BOUND('',#5715,.T.);
#5715 = EDGE_LOOP('',(#5716));
#5716 = ORIENTED_EDGE('',*,*,#5717,.F.);
#5717 = EDGE_CURVE('',#5718,#5718,#5720,.T.);
#5718 = VERTEX_POINT('',#5719);
#5719 = CARTESIAN_POINT('',(-130.4,84.25,73.6));
#5720 = SURFACE_CURVE('',#5721,(#5726,#5733),.PCURVE_S1.);
#5721 = CIRCLE('',#5722,4.);
#5722 = AXIS2_PLACEMENT_3D('',#5723,#5724,#5725);
#5723 = CARTESIAN_POINT('',(-130.4,84.25,77.6));
#5724 = DIRECTION('',(-1.,0.,0.));
#5725 = DIRECTION('',(0.,0.,-1.));
#5726 = PCURVE('',#5541,#5727);
#5727 = DEFINITIONAL_REPRESENTATION('',(#5728),#5732);
#5728 = CIRCLE('',#5729,4.);
#5729 = AXIS2_PLACEMENT_2D('',#5730,#5731);
#5730 = CARTESIAN_POINT('',(0.,0.));
#5731 = DIRECTION('',(1.,0.));
#5732 = ( GEOMETRIC_REPRESENTATION_CONTEXT(2) 
PARAMETRIC_REPRESENTATION_CONTEXT() REPRESENTATION_CONTEXT('2D SPACE',''
  ) );
#5733 = PCURVE('',#5734,#5739);
#5734 = CYLINDRICAL_SURFACE('',#5735,4.);
#5735 = AXIS2_PLACEMENT_3D('',#5736,#5737,#5738);
#5736 = CARTESIAN_POINT('',(-132.2,84.25,77.6));
#5737 = DIRECTION('',(-1.,0.,0.));
#5738 = DIRECTION('',(0.,0.,-1.));
#5739 = DEFINITIONAL_REPRESENTATION('',(#5740),#5744);
#5740 = LINE('',#5741,#5742);
#5741 = CARTESIAN_POINT('',(0.,-1.8));
#5742 = VECTOR('',#5743,1.);
#5743 = DIRECTION('',(1.,0.));
#5744 = ( GEOMETRIC_REPRESENTATION_CONTEXT(2) 
PARAMETRIC_REPRESENTATION_CONTEXT() REPRESENTATION_CONTEXT('2D SPACE',''
  ) );
#5745 = ADVANCED_FACE('',(#5746),#5578,.T.);
#5746 = FACE_BOUND('',#5747,.T.);
#5747 = EDGE_LOOP('',(#5748,#5771,#5772,#5773));
#5748 = ORIENTED_EDGE('',*,*,#5749,.T.);
#5749 = EDGE_CURVE('',#5750,#5562,#5752,.T.);
#5750 = VERTEX_POINT('',#5751);
#5751 = CARTESIAN_POINT('',(150.,43.375,-69.75));
#5752 = SEAM_CURVE('',#5753,(#5757,#5764),.PCURVE_S1.);
#5753 = LINE('',#5754,#5755);
#5754 = CARTESIAN_POINT('',(150.,43.375,-69.75));
#5755 = VECTOR('',#5756,1.);
#5756 = DIRECTION('',(-1.,0.,-0.));
#5757 = PCURVE('',#5578,#5758);
#5758 = DEFINITIONAL_REPRESENTATION('',(#5759),#5763);
#5759 = LINE('',#5760,#5761);
#5760 = CARTESIAN_POINT('',(0.,0.));
#5761 = VECTOR('',#5762,1.);
#5762 = DIRECTION('',(0.,-1.));
#5763 = ( GEOMETRIC_REPRESENTATION_CONTEXT(2) 
PARAMETRIC_REPRESENTATION_CONTEXT() REPRESENTATION_CONTEXT('2D SPACE',''
  ) );
#5764 = PCURVE('',#5578,#5765);
#5765 = DEFINITIONAL_REPRESENTATION('',(#5766),#5770);
#5766 = LINE('',#5767,#5768);
#5767 = CARTESIAN_POINT('',(6.28318530718,0.));
#5768 = VECTOR('',#5769,1.);
#5769 = DIRECTION('',(0.,-1.));
#5770 = ( GEOMETRIC_REPRESENTATION_CONTEXT(2) 
PARAMETRIC_REPRESENTATION_CONTEXT() REPRESENTATION_CONTEXT('2D SPACE',''
  ) );
#5771 = ORIENTED_EDGE('',*,*,#5561,.T.);
#5772 = ORIENTED_EDGE('',*,*,#5749,.F.);
#5773 = ORIENTED_EDGE('',*,*,#5774,.F.);
#5774 = EDGE_CURVE('',#5750,#5750,#5775,.T.);
#5775 = SURFACE_CURVE('',#5776,(#5781,#5788),.PCURVE_S1.);
#5776 = CIRCLE('',#5777,29.);
#5777 = AXIS2_PLACEMENT_3D('',#5778,#5779,#5780);
#5778 = CARTESIAN_POINT('',(150.,14.375,-69.75));
#5779 = DIRECTION('',(1.,-0.,0.));
#5780 = DIRECTION('',(0.,1.,-2.476837423129E-16));
#5781 = PCURVE('',#5578,#5782);
#5782 = DEFINITIONAL_REPRESENTATION('',(#5783),#5787);
#5783 = LINE('',#5784,#5785);
#5784 = CARTESIAN_POINT('',(0.,0.));
#5785 = VECTOR('',#5786,1.);
#5786 = DIRECTION('',(1.,0.));
#5787 = ( GEOMETRIC_REPRESENTATION_CONTEXT(2) 
PARAMETRIC_REPRESENTATION_CONTEXT() REPRESENTATION_CONTEXT('2D SPACE',''
  ) );
#5788 = PCURVE('',#5789,#5794);
#5789 = PLANE('',#5790);
#5790 = AXIS2_PLACEMENT_3D('',#5791,#5792,#5793);
#5791 = CARTESIAN_POINT('',(150.,-125.,-150.));
#5792 = DIRECTION('',(1.,0.,0.));
#5793 = DIRECTION('',(0.,0.,1.));
#5794 = DEFINITIONAL_REPRESENTATION('',(#5795),#5799);
#5795 = CIRCLE('',#5796,29.);
#5796 = AXIS2_PLACEMENT_2D('',#5797,#5798);
#5797 = CARTESIAN_POINT('',(80.25,-139.375));
#5798 = DIRECTION('',(-2.476837423129E-16,-1.));
#5799 = ( GEOMETRIC_REPRESENTATION_CONTEXT(2) 
PARAMETRIC_REPRESENTATION_CONTEXT() REPRESENTATION_CONTEXT('2D SPACE',''
  ) );
#5800 = ADVANCED_FACE('',(#5801),#5639,.F.);
#5801 = FACE_BOUND('',#5802,.F.);
#5802 = EDGE_LOOP('',(#5803));
#5803 = ORIENTED_EDGE('',*,*,#5624,.T.);
#5804 = ADVANCED_FACE('',(#5805),#5694,.F.);
#5805 = FACE_BOUND('',#5806,.F.);
#5806 = EDGE_LOOP('',(#5807));
#5807 = ORIENTED_EDGE('',*,*,#5679,.T.);
#5808 = ADVANCED_FACE('',(#5809),#5734,.F.);
#5809 = FACE_BOUND('',#5810,.F.);
#5810 = EDGE_LOOP('',(#5811,#5812,#5835,#5862));
#5811 = ORIENTED_EDGE('',*,*,#5717,.F.);
#5812 = ORIENTED_EDGE('',*,*,#5813,.T.);
#5813 = EDGE_CURVE('',#5718,#5814,#5816,.T.);
#5814 = VERTEX_POINT('',#5815);
#5815 = CARTESIAN_POINT('',(-95.8,84.25,73.6));
#5816 = SEAM_CURVE('',#5817,(#5821,#5828),.PCURVE_S1.);
#5817 = LINE('',#5818,#5819);
#5818 = CARTESIAN_POINT('',(-132.2,84.25,73.6));
#5819 = VECTOR('',#5820,1.);
#5820 = DIRECTION('',(1.,-0.,-0.));
#5821 = PCURVE('',#5734,#5822);
#5822 = DEFINITIONAL_REPRESENTATION('',(#5823),#5827);
#5823 = LINE('',#5824,#5825);
#5824 = CARTESIAN_POINT('',(6.28318530718,0.));
#5825 = VECTOR('',#5826,1.);
#5826 = DIRECTION('',(0.,-1.));
#5827 = ( GEOMETRIC_REPRESENTATION_CONTEXT(2) 
PARAMETRIC_REPRESENTATION_CONTEXT() REPRESENTATION_CONTEXT('2D SPACE',''
  ) );
#5828 = PCURVE('',#5734,#5829);
#5829 = DEFINITIONAL_REPRESENTATION('',(#5830),#5834);
#5830 = LINE('',#5831,#5832);
#5831 = CARTESIAN_POINT('',(0.,0.));
#5832 = VECTOR('',#5833,1.);
#5833 = DIRECTION('',(0.,-1.));
#5834 = ( GEOMETRIC_REPRESENTATION_CONTEXT(2) 
PARAMETRIC_REPRESENTATION_CONTEXT() REPRESENTATION_CONTEXT('2D SPACE',''
  ) );
#5835 = ORIENTED_EDGE('',*,*,#5836,.T.);
#5836 = EDGE_CURVE('',#5814,#5814,#5837,.T.);
#5837 = SURFACE_CURVE('',#5838,(#5843,#5850),.PCURVE_S1.);
#5838 = CIRCLE('',#5839,4.);
#5839 = AXIS2_PLACEMENT_3D('',#5840,#5841,#5842);
#5840 = CARTESIAN_POINT('',(-95.8,84.25,77.6));
#5841 = DIRECTION('',(-1.,0.,0.));
#5842 = DIRECTION('',(0.,0.,-1.));
#5843 = PCURVE('',#5734,#5844);
#5844 = DEFINITIONAL_REPRESENTATION('',(#5845),#5849);
#5845 = LINE('',#5846,#5847);
#5846 = CARTESIAN_POINT('',(0.,-36.4));
#5847 = VECTOR('',#5848,1.);
#5848 = DIRECTION('',(1.,0.));
#5849 = ( GEOMETRIC_REPRESENTATION_CONTEXT(2) 
PARAMETRIC_REPRESENTATION_CONTEXT() REPRESENTATION_CONTEXT('2D SPACE',''
  ) );
#5850 = PCURVE('',#5851,#5856);
#5851 = PLANE('',#5852);
#5852 = AXIS2_PLACEMENT_3D('',#5853,#5854,#5855);
#5853 = CARTESIAN_POINT('',(-95.8,84.25,77.6));
#5854 = DIRECTION('',(-1.,-0.,-0.));
#5855 = DIRECTION('',(0.,0.,-1.));
#5856 = DEFINITIONAL_REPRESENTATION('',(#5857),#5861);
#5857 = CIRCLE('',#5858,4.);
#5858 = AXIS2_PLACEMENT_2D('',#5859,#5860);
#5859 = CARTESIAN_POINT('',(0.,0.));
#5860 = DIRECTION('',(1.,0.));
#5861 = ( GEOMETRIC_REPRESENTATION_CONTEXT(2) 
PARAMETRIC_REPRESENTATION_CONTEXT() REPRESENTATION_CONTEXT('2D SPACE',''
  ) );
#5862 = ORIENTED_EDGE('',*,*,#5813,.F.);
#5863 = ADVANCED_FACE('',(#5864),#5789,.T.);
#5864 = FACE_BOUND('',#5865,.T.);
#5865 = EDGE_LOOP('',(#5866));
#5866 = ORIENTED_EDGE('',*,*,#5774,.T.);
#5867 = ADVANCED_FACE('',(#5868),#5851,.T.);
#5868 = FACE_BOUND('',#5869,.T.);
#5869 = EDGE_LOOP('',(#5870));
#5870 = ORIENTED_EDGE('',*,*,#5836,.T.);
#5871 = MANIFOLD_SOLID_BREP('PartBody',#5872);
#5872 = CLOSED_SHELL('',(#5873,#5993,#6104,#6175,#6202,#6275,#6284,#6339
    ));
#5873 = ADVANCED_FACE('',(#5874),#5888,.F.);
#5874 = FACE_BOUND('',#5875,.F.);
#5875 = EDGE_LOOP('',(#5876,#5911,#5939,#5967));
#5876 = ORIENTED_EDGE('',*,*,#5877,.T.);
#5877 = EDGE_CURVE('',#5878,#5880,#5882,.T.);
#5878 = VERTEX_POINT('',#5879);
#5879 = CARTESIAN_POINT('',(-85.2,-125.,-150.));
#5880 = VERTEX_POINT('',#5881);
#5881 = CARTESIAN_POINT('',(-85.2,-125.,-90.));
#5882 = SURFACE_CURVE('',#5883,(#5887,#5899),.PCURVE_S1.);
#5883 = LINE('',#5884,#5885);
#5884 = CARTESIAN_POINT('',(-85.2,-125.,-150.));
#5885 = VECTOR('',#5886,1.);
#5886 = DIRECTION('',(0.,-0.,1.));
#5887 = PCURVE('',#5888,#5893);
#5888 = PLANE('',#5889);
#5889 = AXIS2_PLACEMENT_3D('',#5890,#5891,#5892);
#5890 = CARTESIAN_POINT('',(-85.2,-125.,-150.));
#5891 = DIRECTION('',(-0.,1.,0.));
#5892 = DIRECTION('',(1.,0.,0.));
#5893 = DEFINITIONAL_REPRESENTATION('',(#5894),#5898);
#5894 = LINE('',#5895,#5896);
#5895 = CARTESIAN_POINT('',(0.,0.));
#5896 = VECTOR('',#5897,1.);
#5897 = DIRECTION('',(0.,-1.));
#5898 = ( GEOMETRIC_REPRESENTATION_CONTEXT(2) 
PARAMETRIC_REPRESENTATION_CONTEXT() REPRESENTATION_CONTEXT('2D SPACE',''
  ) );
#5899 = PCURVE('',#5900,#5905);
#5900 = PLANE('',#5901);
#5901 = AXIS2_PLACEMENT_3D('',#5902,#5903,#5904);
#5902 = CARTESIAN_POINT('',(-85.2,125.,-150.));
#5903 = DIRECTION('',(1.,0.,0.));
#5904 = DIRECTION('',(0.,-1.,0.));
#5905 = DEFINITIONAL_REPRESENTATION('',(#5906),#5910);
#5906 = LINE('',#5907,#5908);
#5907 = CARTESIAN_POINT('',(250.,0.));
#5908 = VECTOR('',#5909,1.);
#5909 = DIRECTION('',(0.,-1.));
#5910 = ( GEOMETRIC_REPRESENTATION_CONTEXT(2) 
PARAMETRIC_REPRESENTATION_CONTEXT() REPRESENTATION_CONTEXT('2D SPACE',''
  ) );
#5911 = ORIENTED_EDGE('',*,*,#5912,.T.);
#5912 = EDGE_CURVE('',#5880,#5913,#5915,.T.);
#5913 = VERTEX_POINT('',#5914);
#5914 = CARTESIAN_POINT('',(66.3,-125.,-90.));
#5915 = SURFACE_CURVE('',#5916,(#5920,#5927),.PCURVE_S1.);
#5916 = LINE('',#5917,#5918);
#5917 = CARTESIAN_POINT('',(-85.2,-125.,-90.));
#5918 = VECTOR('',#5919,1.);
#5919 = DIRECTION('',(1.,0.,0.));
#5920 = PCURVE('',#5888,#5921);
#5921 = DEFINITIONAL_REPRESENTATION('',(#5922),#5926);
#5922 = LINE('',#5923,#5924);
#5923 = CARTESIAN_POINT('',(0.,-60.));
#5924 = VECTOR('',#5925,1.);
#5925 = DIRECTION('',(1.,0.));
#5926 = ( GEOMETRIC_REPRESENTATION_CONTEXT(2) 
PARAMETRIC_REPRESENTATION_CONTEXT() REPRESENTATION_CONTEXT('2D SPACE',''
  ) );
#5927 = PCURVE('',#5928,#5933);
#5928 = PLANE('',#5929);
#5929 = AXIS2_PLACEMENT_3D('',#5930,#5931,#5932);
#5930 = CARTESIAN_POINT('',(-9.45,0.,-90.));
#5931 = DIRECTION('',(0.,0.,1.));
#5932 = DIRECTION('',(1.,0.,-0.));
#5933 = DEFINITIONAL_REPRESENTATION('',(#5934),#5938);
#5934 = LINE('',#5935,#5936);
#5935 = CARTESIAN_POINT('',(-75.75,-125.));
#5936 = VECTOR('',#5937,1.);
#5937 = DIRECTION('',(1.,0.));
#5938 = ( GEOMETRIC_REPRESENTATION_CONTEXT(2) 
PARAMETRIC_REPRESENTATION_CONTEXT() REPRESENTATION_CONTEXT('2D SPACE',''
  ) );
#5939 = ORIENTED_EDGE('',*,*,#5940,.F.);
#5940 = EDGE_CURVE('',#5941,#5913,#5943,.T.);
#5941 = VERTEX_POINT('',#5942);
#5942 = CARTESIAN_POINT('',(66.3,-125.,-150.));
#5943 = SURFACE_CURVE('',#5944,(#5948,#5955),.PCURVE_S1.);
#5944 = LINE('',#5945,#5946);
#5945 = CARTESIAN_POINT('',(66.3,-125.,-150.));
#5946 = VECTOR('',#5947,1.);
#5947 = DIRECTION('',(0.,-0.,1.));
#5948 = PCURVE('',#5888,#5949);
#5949 = DEFINITIONAL_REPRESENTATION('',(#5950),#5954);
#5950 = LINE('',#5951,#5952);
#5951 = CARTESIAN_POINT('',(151.5,0.));
#5952 = VECTOR('',#5953,1.);
#5953 = DIRECTION('',(0.,-1.));
#5954 = ( GEOMETRIC_REPRESENTATION_CONTEXT(2) 
PARAMETRIC_REPRESENTATION_CONTEXT() REPRESENTATION_CONTEXT('2D SPACE',''
  ) );
#5955 = PCURVE('',#5956,#5961);
#5956 = PLANE('',#5957);
#5957 = AXIS2_PLACEMENT_3D('',#5958,#5959,#5960);
#5958 = CARTESIAN_POINT('',(66.3,-125.,-150.));
#5959 = DIRECTION('',(-1.,0.,0.));
#5960 = DIRECTION('',(0.,1.,0.));
#5961 = DEFINITIONAL_REPRESENTATION('',(#5962),#5966);
#5962 = LINE('',#5963,#5964);
#5963 = CARTESIAN_POINT('',(0.,0.));
#5964 = VECTOR('',#5965,1.);
#5965 = DIRECTION('',(0.,-1.));
#5966 = ( GEOMETRIC_REPRESENTATION_CONTEXT(2) 
PARAMETRIC_REPRESENTATION_CONTEXT() REPRESENTATION_CONTEXT('2D SPACE',''
  ) );
#5967 = ORIENTED_EDGE('',*,*,#5968,.F.);
#5968 = EDGE_CURVE('',#5878,#5941,#5969,.T.);
#5969 = SURFACE_CURVE('',#5970,(#5974,#5981),.PCURVE_S1.);
#5970 = LINE('',#5971,#5972);
#5971 = CARTESIAN_POINT('',(-85.2,-125.,-150.));
#5972 = VECTOR('',#5973,1.);
#5973 = DIRECTION('',(1.,0.,0.));
#5974 = PCURVE('',#5888,#5975);
#5975 = DEFINITIONAL_REPRESENTATION('',(#5976),#5980);
#5976 = LINE('',#5977,#5978);
#5977 = CARTESIAN_POINT('',(0.,0.));
#5978 = VECTOR('',#5979,1.);
#5979 = DIRECTION('',(1.,0.));
#5980 = ( GEOMETRIC_REPRESENTATION_CONTEXT(2) 
PARAMETRIC_REPRESENTATION_CONTEXT() REPRESENTATION_CONTEXT('2D SPACE',''
  ) );
#5981 = PCURVE('',#5982,#5987);
#5982 = PLANE('',#5983);
#5983 = AXIS2_PLACEMENT_3D('',#5984,#5985,#5986);
#5984 = CARTESIAN_POINT('',(-9.45,0.,-150.));
#5985 = DIRECTION('',(0.,0.,1.));
#5986 = DIRECTION('',(1.,0.,-0.));
#5987 = DEFINITIONAL_REPRESENTATION('',(#5988),#5992);
#5988 = LINE('',#5989,#5990);
#5989 = CARTESIAN_POINT('',(-75.75,-125.));
#5990 = VECTOR('',#5991,1.);
#5991 = DIRECTION('',(1.,0.));
#5992 = ( GEOMETRIC_REPRESENTATION_CONTEXT(2) 
PARAMETRIC_REPRESENTATION_CONTEXT() REPRESENTATION_CONTEXT('2D SPACE',''
  ) );
#5993 = ADVANCED_FACE('',(#5994,#6069),#5900,.F.);
#5994 = FACE_BOUND('',#5995,.F.);
#5995 = EDGE_LOOP('',(#5996,#6026,#6047,#6048));
#5996 = ORIENTED_EDGE('',*,*,#5997,.T.);
#5997 = EDGE_CURVE('',#5998,#6000,#6002,.T.);
#5998 = VERTEX_POINT('',#5999);
#5999 = CARTESIAN_POINT('',(-85.2,125.,-150.));
#6000 = VERTEX_POINT('',#6001);
#6001 = CARTESIAN_POINT('',(-85.2,125.,-90.));
#6002 = SURFACE_CURVE('',#6003,(#6007,#6014),.PCURVE_S1.);
#6003 = LINE('',#6004,#6005);
#6004 = CARTESIAN_POINT('',(-85.2,125.,-150.));
#6005 = VECTOR('',#6006,1.);
#6006 = DIRECTION('',(0.,-0.,1.));
#6007 = PCURVE('',#5900,#6008);
#6008 = DEFINITIONAL_REPRESENTATION('',(#6009),#6013);
#6009 = LINE('',#6010,#6011);
#6010 = CARTESIAN_POINT('',(0.,0.));
#6011 = VECTOR('',#6012,1.);
#6012 = DIRECTION('',(0.,-1.));
#6013 = ( GEOMETRIC_REPRESENTATION_CONTEXT(2) 
PARAMETRIC_REPRESENTATION_CONTEXT() REPRESENTATION_CONTEXT('2D SPACE',''
  ) );
#6014 = PCURVE('',#6015,#6020);
#6015 = PLANE('',#6016);
#6016 = AXIS2_PLACEMENT_3D('',#6017,#6018,#6019);
#6017 = CARTESIAN_POINT('',(-150.,125.,-150.));
#6018 = DIRECTION('',(0.,1.,0.));
#6019 = DIRECTION('',(0.,0.,1.));
#6020 = DEFINITIONAL_REPRESENTATION('',(#6021),#6025);
#6021 = LINE('',#6022,#6023);
#6022 = CARTESIAN_POINT('',(0.,64.8));
#6023 = VECTOR('',#6024,1.);
#6024 = DIRECTION('',(1.,0.));
#6025 = ( GEOMETRIC_REPRESENTATION_CONTEXT(2) 
PARAMETRIC_REPRESENTATION_CONTEXT() REPRESENTATION_CONTEXT('2D SPACE',''
  ) );
#6026 = ORIENTED_EDGE('',*,*,#6027,.T.);
#6027 = EDGE_CURVE('',#6000,#5880,#6028,.T.);
#6028 = SURFACE_CURVE('',#6029,(#6033,#6040),.PCURVE_S1.);
#6029 = LINE('',#6030,#6031);
#6030 = CARTESIAN_POINT('',(-85.2,125.,-90.));
#6031 = VECTOR('',#6032,1.);
#6032 = DIRECTION('',(0.,-1.,0.));
#6033 = PCURVE('',#5900,#6034);
#6034 = DEFINITIONAL_REPRESENTATION('',(#6035),#6039);
#6035 = LINE('',#6036,#6037);
#6036 = CARTESIAN_POINT('',(0.,-60.));
#6037 = VECTOR('',#6038,1.);
#6038 = DIRECTION('',(1.,0.));
#6039 = ( GEOMETRIC_REPRESENTATION_CONTEXT(2) 
PARAMETRIC_REPRESENTATION_CONTEXT() REPRESENTATION_CONTEXT('2D SPACE',''
  ) );
#6040 = PCURVE('',#5928,#6041);
#6041 = DEFINITIONAL_REPRESENTATION('',(#6042),#6046);
#6042 = LINE('',#6043,#6044);
#6043 = CARTESIAN_POINT('',(-75.75,125.));
#6044 = VECTOR('',#6045,1.);
#6045 = DIRECTION('',(0.,-1.));
#6046 = ( GEOMETRIC_REPRESENTATION_CONTEXT(2) 
PARAMETRIC_REPRESENTATION_CONTEXT() REPRESENTATION_CONTEXT('2D SPACE',''
  ) );
#6047 = ORIENTED_EDGE('',*,*,#5877,.F.);
#6048 = ORIENTED_EDGE('',*,*,#6049,.F.);
#6049 = EDGE_CURVE('',#5998,#5878,#6050,.T.);
#6050 = SURFACE_CURVE('',#6051,(#6055,#6062),.PCURVE_S1.);
#6051 = LINE('',#6052,#6053);
#6052 = CARTESIAN_POINT('',(-85.2,125.,-150.));
#6053 = VECTOR('',#6054,1.);
#6054 = DIRECTION('',(0.,-1.,0.));
#6055 = PCURVE('',#5900,#6056);
#6056 = DEFINITIONAL_REPRESENTATION('',(#6057),#6061);
#6057 = LINE('',#6058,#6059);
#6058 = CARTESIAN_POINT('',(0.,0.));
#6059 = VECTOR('',#6060,1.);
#6060 = DIRECTION('',(1.,0.));
#6061 = ( GEOMETRIC_REPRESENTATION_CONTEXT(2) 
PARAMETRIC_REPRESENTATION_CONTEXT() REPRESENTATION_CONTEXT('2D SPACE',''
  ) );
#6062 = PCURVE('',#5982,#6063);
#6063 = DEFINITIONAL_REPRESENTATION('',(#6064),#6068);
#6064 = LINE('',#6065,#6066);
#6065 = CARTESIAN_POINT('',(-75.75,125.));
#6066 = VECTOR('',#6067,1.);
#6067 = DIRECTION('',(0.,-1.));
#6068 = ( GEOMETRIC_REPRESENTATION_CONTEXT(2) 
PARAMETRIC_REPRESENTATION_CONTEXT() REPRESENTATION_CONTEXT('2D SPACE',''
  ) );
#6069 = FACE_BOUND('',#6070,.F.);
#6070 = EDGE_LOOP('',(#6071));
#6071 = ORIENTED_EDGE('',*,*,#6072,.T.);
#6072 = EDGE_CURVE('',#6073,#6073,#6075,.T.);
#6073 = VERTEX_POINT('',#6074);
#6074 = CARTESIAN_POINT('',(-85.2,105.5,-110.));
#6075 = SURFACE_CURVE('',#6076,(#6081,#6092),.PCURVE_S1.);
#6076 = CIRCLE('',#6077,8.5);
#6077 = AXIS2_PLACEMENT_3D('',#6078,#6079,#6080);
#6078 = CARTESIAN_POINT('',(-85.2,105.5,-118.5));
#6079 = DIRECTION('',(-1.,-0.,0.));
#6080 = DIRECTION('',(0.,0.,1.));
#6081 = PCURVE('',#5900,#6082);
#6082 = DEFINITIONAL_REPRESENTATION('',(#6083),#6091);
#6083 = ( BOUNDED_CURVE() B_SPLINE_CURVE(2,(#6084,#6085,#6086,#6087,
#6088,#6089,#6090),.UNSPECIFIED.,.T.,.F.) B_SPLINE_CURVE_WITH_KNOTS((1,2
    ,2,2,2,1),(-2.094395102393,0.,2.094395102393,4.188790204786,
6.28318530718,8.377580409573),.UNSPECIFIED.) CURVE() 
GEOMETRIC_REPRESENTATION_ITEM() RATIONAL_B_SPLINE_CURVE((1.,0.5,1.,0.5,
1.,0.5,1.)) REPRESENTATION_ITEM('') );
#6084 = CARTESIAN_POINT('',(19.5,-40.));
#6085 = CARTESIAN_POINT('',(4.777568135665,-40.));
#6086 = CARTESIAN_POINT('',(12.138784067832,-27.25));
#6087 = CARTESIAN_POINT('',(19.5,-14.5));
#6088 = CARTESIAN_POINT('',(26.861215932168,-27.25));
#6089 = CARTESIAN_POINT('',(34.222431864335,-40.));
#6090 = CARTESIAN_POINT('',(19.5,-40.));
#6091 = ( GEOMETRIC_REPRESENTATION_CONTEXT(2) 
PARAMETRIC_REPRESENTATION_CONTEXT() REPRESENTATION_CONTEXT('2D SPACE',''
  ) );
#6092 = PCURVE('',#6093,#6098);
#6093 = CYLINDRICAL_SURFACE('',#6094,8.5);
#6094 = AXIS2_PLACEMENT_3D('',#6095,#6096,#6097);
#6095 = CARTESIAN_POINT('',(-114.175,105.5,-118.5));
#6096 = DIRECTION('',(-1.,-0.,0.));
#6097 = DIRECTION('',(0.,0.,1.));
#6098 = DEFINITIONAL_REPRESENTATION('',(#6099),#6103);
#6099 = LINE('',#6100,#6101);
#6100 = CARTESIAN_POINT('',(-6.28318530718,-28.975));
#6101 = VECTOR('',#6102,1.);
#6102 = DIRECTION('',(1.,-0.));
#6103 = ( GEOMETRIC_REPRESENTATION_CONTEXT(2) 
PARAMETRIC_REPRESENTATION_CONTEXT() REPRESENTATION_CONTEXT('2D SPACE',''
  ) );
#6104 = ADVANCED_FACE('',(#6105),#5956,.F.);
#6105 = FACE_BOUND('',#6106,.F.);
#6106 = EDGE_LOOP('',(#6107,#6108,#6131,#6154));
#6107 = ORIENTED_EDGE('',*,*,#5940,.T.);
#6108 = ORIENTED_EDGE('',*,*,#6109,.T.);
#6109 = EDGE_CURVE('',#5913,#6110,#6112,.T.);
#6110 = VERTEX_POINT('',#6111);
#6111 = CARTESIAN_POINT('',(66.3,125.,-90.));
#6112 = SURFACE_CURVE('',#6113,(#6117,#6124),.PCURVE_S1.);
#6113 = LINE('',#6114,#6115);
#6114 = CARTESIAN_POINT('',(66.3,-125.,-90.));
#6115 = VECTOR('',#6116,1.);
#6116 = DIRECTION('',(0.,1.,0.));
#6117 = PCURVE('',#5956,#6118);
#6118 = DEFINITIONAL_REPRESENTATION('',(#6119),#6123);
#6119 = LINE('',#6120,#6121);
#6120 = CARTESIAN_POINT('',(0.,-60.));
#6121 = VECTOR('',#6122,1.);
#6122 = DIRECTION('',(1.,0.));
#6123 = ( GEOMETRIC_REPRESENTATION_CONTEXT(2) 
PARAMETRIC_REPRESENTATION_CONTEXT() REPRESENTATION_CONTEXT('2D SPACE',''
  ) );
#6124 = PCURVE('',#5928,#6125);
#6125 = DEFINITIONAL_REPRESENTATION('',(#6126),#6130);
#6126 = LINE('',#6127,#6128);
#6127 = CARTESIAN_POINT('',(75.75,-125.));
#6128 = VECTOR('',#6129,1.);
#6129 = DIRECTION('',(0.,1.));
#6130 = ( GEOMETRIC_REPRESENTATION_CONTEXT(2) 
PARAMETRIC_REPRESENTATION_CONTEXT() REPRESENTATION_CONTEXT('2D SPACE',''
  ) );
#6131 = ORIENTED_EDGE('',*,*,#6132,.F.);
#6132 = EDGE_CURVE('',#6133,#6110,#6135,.T.);
#6133 = VERTEX_POINT('',#6134);
#6134 = CARTESIAN_POINT('',(66.3,125.,-150.));
#6135 = SURFACE_CURVE('',#6136,(#6140,#6147),.PCURVE_S1.);
#6136 = LINE('',#6137,#6138);
#6137 = CARTESIAN_POINT('',(66.3,125.,-150.));
#6138 = VECTOR('',#6139,1.);
#6139 = DIRECTION('',(0.,-0.,1.));
#6140 = PCURVE('',#5956,#6141);
#6141 = DEFINITIONAL_REPRESENTATION('',(#6142),#6146);
#6142 = LINE('',#6143,#6144);
#6143 = CARTESIAN_POINT('',(250.,0.));
#6144 = VECTOR('',#6145,1.);
#6145 = DIRECTION('',(0.,-1.));
#6146 = ( GEOMETRIC_REPRESENTATION_CONTEXT(2) 
PARAMETRIC_REPRESENTATION_CONTEXT() REPRESENTATION_CONTEXT('2D SPACE',''
  ) );
#6147 = PCURVE('',#6015,#6148);
#6148 = DEFINITIONAL_REPRESENTATION('',(#6149),#6153);
#6149 = LINE('',#6150,#6151);
#6150 = CARTESIAN_POINT('',(0.,216.3));
#6151 = VECTOR('',#6152,1.);
#6152 = DIRECTION('',(1.,0.));
#6153 = ( GEOMETRIC_REPRESENTATION_CONTEXT(2) 
PARAMETRIC_REPRESENTATION_CONTEXT() REPRESENTATION_CONTEXT('2D SPACE',''
  ) );
#6154 = ORIENTED_EDGE('',*,*,#6155,.F.);
#6155 = EDGE_CURVE('',#5941,#6133,#6156,.T.);
#6156 = SURFACE_CURVE('',#6157,(#6161,#6168),.PCURVE_S1.);
#6157 = LINE('',#6158,#6159);
#6158 = CARTESIAN_POINT('',(66.3,-125.,-150.));
#6159 = VECTOR('',#6160,1.);
#6160 = DIRECTION('',(0.,1.,0.));
#6161 = PCURVE('',#5956,#6162);
#6162 = DEFINITIONAL_REPRESENTATION('',(#6163),#6167);
#6163 = LINE('',#6164,#6165);
#6164 = CARTESIAN_POINT('',(0.,0.));
#6165 = VECTOR('',#6166,1.);
#6166 = DIRECTION('',(1.,0.));
#6167 = ( GEOMETRIC_REPRESENTATION_CONTEXT(2) 
PARAMETRIC_REPRESENTATION_CONTEXT() REPRESENTATION_CONTEXT('2D SPACE',''
  ) );
#6168 = PCURVE('',#5982,#6169);
#6169 = DEFINITIONAL_REPRESENTATION('',(#6170),#6174);
#6170 = LINE('',#6171,#6172);
#6171 = CARTESIAN_POINT('',(75.75,-125.));
#6172 = VECTOR('',#6173,1.);
#6173 = DIRECTION('',(0.,1.));
#6174 = ( GEOMETRIC_REPRESENTATION_CONTEXT(2) 
PARAMETRIC_REPRESENTATION_CONTEXT() REPRESENTATION_CONTEXT('2D SPACE',''
  ) );
#6175 = ADVANCED_FACE('',(#6176),#5982,.F.);
#6176 = FACE_BOUND('',#6177,.F.);
#6177 = EDGE_LOOP('',(#6178,#6179,#6200,#6201));
#6178 = ORIENTED_EDGE('',*,*,#6155,.T.);
#6179 = ORIENTED_EDGE('',*,*,#6180,.T.);
#6180 = EDGE_CURVE('',#6133,#5998,#6181,.T.);
#6181 = SURFACE_CURVE('',#6182,(#6186,#6193),.PCURVE_S1.);
#6182 = LINE('',#6183,#6184);
#6183 = CARTESIAN_POINT('',(66.3,125.,-150.));
#6184 = VECTOR('',#6185,1.);
#6185 = DIRECTION('',(-1.,0.,0.));
#6186 = PCURVE('',#5982,#6187);
#6187 = DEFINITIONAL_REPRESENTATION('',(#6188),#6192);
#6188 = LINE('',#6189,#6190);
#6189 = CARTESIAN_POINT('',(75.75,125.));
#6190 = VECTOR('',#6191,1.);
#6191 = DIRECTION('',(-1.,0.));
#6192 = ( GEOMETRIC_REPRESENTATION_CONTEXT(2) 
PARAMETRIC_REPRESENTATION_CONTEXT() REPRESENTATION_CONTEXT('2D SPACE',''
  ) );
#6193 = PCURVE('',#6015,#6194);
#6194 = DEFINITIONAL_REPRESENTATION('',(#6195),#6199);
#6195 = LINE('',#6196,#6197);
#6196 = CARTESIAN_POINT('',(0.,216.3));
#6197 = VECTOR('',#6198,1.);
#6198 = DIRECTION('',(0.,-1.));
#6199 = ( GEOMETRIC_REPRESENTATION_CONTEXT(2) 
PARAMETRIC_REPRESENTATION_CONTEXT() REPRESENTATION_CONTEXT('2D SPACE',''
  ) );
#6200 = ORIENTED_EDGE('',*,*,#6049,.T.);
#6201 = ORIENTED_EDGE('',*,*,#5968,.T.);
#6202 = ADVANCED_FACE('',(#6203),#5928,.T.);
#6203 = FACE_BOUND('',#6204,.T.);
#6204 = EDGE_LOOP('',(#6205,#6206,#6229,#6252,#6273,#6274));
#6205 = ORIENTED_EDGE('',*,*,#6109,.T.);
#6206 = ORIENTED_EDGE('',*,*,#6207,.T.);
#6207 = EDGE_CURVE('',#6110,#6208,#6210,.T.);
#6208 = VERTEX_POINT('',#6209);
#6209 = CARTESIAN_POINT('',(23.430749027718,125.,-90.));
#6210 = SURFACE_CURVE('',#6211,(#6215,#6222),.PCURVE_S1.);
#6211 = LINE('',#6212,#6213);
#6212 = CARTESIAN_POINT('',(66.3,125.,-90.));
#6213 = VECTOR('',#6214,1.);
#6214 = DIRECTION('',(-1.,0.,0.));
#6215 = PCURVE('',#5928,#6216);
#6216 = DEFINITIONAL_REPRESENTATION('',(#6217),#6221);
#6217 = LINE('',#6218,#6219);
#6218 = CARTESIAN_POINT('',(75.75,125.));
#6219 = VECTOR('',#6220,1.);
#6220 = DIRECTION('',(-1.,0.));
#6221 = ( GEOMETRIC_REPRESENTATION_CONTEXT(2) 
PARAMETRIC_REPRESENTATION_CONTEXT() REPRESENTATION_CONTEXT('2D SPACE',''
  ) );
#6222 = PCURVE('',#6015,#6223);
#6223 = DEFINITIONAL_REPRESENTATION('',(#6224),#6228);
#6224 = LINE('',#6225,#6226);
#6225 = CARTESIAN_POINT('',(60.,216.3));
#6226 = VECTOR('',#6227,1.);
#6227 = DIRECTION('',(0.,-1.));
#6228 = ( GEOMETRIC_REPRESENTATION_CONTEXT(2) 
PARAMETRIC_REPRESENTATION_CONTEXT() REPRESENTATION_CONTEXT('2D SPACE',''
  ) );
#6229 = ORIENTED_EDGE('',*,*,#6230,.T.);
#6230 = EDGE_CURVE('',#6208,#6231,#6233,.T.);
#6231 = VERTEX_POINT('',#6232);
#6232 = CARTESIAN_POINT('',(-23.43074902772,125.,-90.));
#6233 = SURFACE_CURVE('',#6234,(#6238,#6245),.PCURVE_S1.);
#6234 = LINE('',#6235,#6236);
#6235 = CARTESIAN_POINT('',(66.3,125.,-90.));
#6236 = VECTOR('',#6237,1.);
#6237 = DIRECTION('',(-1.,0.,0.));
#6238 = PCURVE('',#5928,#6239);
#6239 = DEFINITIONAL_REPRESENTATION('',(#6240),#6244);
#6240 = LINE('',#6241,#6242);
#6241 = CARTESIAN_POINT('',(75.75,125.));
#6242 = VECTOR('',#6243,1.);
#6243 = DIRECTION('',(-1.,0.));
#6244 = ( GEOMETRIC_REPRESENTATION_CONTEXT(2) 
PARAMETRIC_REPRESENTATION_CONTEXT() REPRESENTATION_CONTEXT('2D SPACE',''
  ) );
#6245 = PCURVE('',#6015,#6246);
#6246 = DEFINITIONAL_REPRESENTATION('',(#6247),#6251);
#6247 = LINE('',#6248,#6249);
#6248 = CARTESIAN_POINT('',(60.,216.3));
#6249 = VECTOR('',#6250,1.);
#6250 = DIRECTION('',(0.,-1.));
#6251 = ( GEOMETRIC_REPRESENTATION_CONTEXT(2) 
PARAMETRIC_REPRESENTATION_CONTEXT() REPRESENTATION_CONTEXT('2D SPACE',''
  ) );
#6252 = ORIENTED_EDGE('',*,*,#6253,.T.);
#6253 = EDGE_CURVE('',#6231,#6000,#6254,.T.);
#6254 = SURFACE_CURVE('',#6255,(#6259,#6266),.PCURVE_S1.);
#6255 = LINE('',#6256,#6257);
#6256 = CARTESIAN_POINT('',(66.3,125.,-90.));
#6257 = VECTOR('',#6258,1.);
#6258 = DIRECTION('',(-1.,0.,0.));
#6259 = PCURVE('',#5928,#6260);
#6260 = DEFINITIONAL_REPRESENTATION('',(#6261),#6265);
#6261 = LINE('',#6262,#6263);
#6262 = CARTESIAN_POINT('',(75.75,125.));
#6263 = VECTOR('',#6264,1.);
#6264 = DIRECTION('',(-1.,0.));
#6265 = ( GEOMETRIC_REPRESENTATION_CONTEXT(2) 
PARAMETRIC_REPRESENTATION_CONTEXT() REPRESENTATION_CONTEXT('2D SPACE',''
  ) );
#6266 = PCURVE('',#6015,#6267);
#6267 = DEFINITIONAL_REPRESENTATION('',(#6268),#6272);
#6268 = LINE('',#6269,#6270);
#6269 = CARTESIAN_POINT('',(60.,216.3));
#6270 = VECTOR('',#6271,1.);
#6271 = DIRECTION('',(0.,-1.));
#6272 = ( GEOMETRIC_REPRESENTATION_CONTEXT(2) 
PARAMETRIC_REPRESENTATION_CONTEXT() REPRESENTATION_CONTEXT('2D SPACE',''
  ) );
#6273 = ORIENTED_EDGE('',*,*,#6027,.T.);
#6274 = ORIENTED_EDGE('',*,*,#5912,.T.);
#6275 = ADVANCED_FACE('',(#6276),#6015,.T.);
#6276 = FACE_BOUND('',#6277,.T.);
#6277 = EDGE_LOOP('',(#6278,#6279,#6280,#6281,#6282,#6283));
#6278 = ORIENTED_EDGE('',*,*,#6132,.F.);
#6279 = ORIENTED_EDGE('',*,*,#6180,.T.);
#6280 = ORIENTED_EDGE('',*,*,#5997,.T.);
#6281 = ORIENTED_EDGE('',*,*,#6253,.F.);
#6282 = ORIENTED_EDGE('',*,*,#6230,.F.);
#6283 = ORIENTED_EDGE('',*,*,#6207,.F.);
#6284 = ADVANCED_FACE('',(#6285),#6093,.F.);
#6285 = FACE_BOUND('',#6286,.T.);
#6286 = EDGE_LOOP('',(#6287,#6288,#6311,#6338));
#6287 = ORIENTED_EDGE('',*,*,#6072,.T.);
#6288 = ORIENTED_EDGE('',*,*,#6289,.T.);
#6289 = EDGE_CURVE('',#6073,#6290,#6292,.T.);
#6290 = VERTEX_POINT('',#6291);
#6291 = CARTESIAN_POINT('',(-84.825,105.5,-110.));
#6292 = SEAM_CURVE('',#6293,(#6297,#6304),.PCURVE_S1.);
#6293 = LINE('',#6294,#6295);
#6294 = CARTESIAN_POINT('',(-114.175,105.5,-110.));
#6295 = VECTOR('',#6296,1.);
#6296 = DIRECTION('',(1.,-0.,0.));
#6297 = PCURVE('',#6093,#6298);
#6298 = DEFINITIONAL_REPRESENTATION('',(#6299),#6303);
#6299 = LINE('',#6300,#6301);
#6300 = CARTESIAN_POINT('',(-6.28318530718,0.));
#6301 = VECTOR('',#6302,1.);
#6302 = DIRECTION('',(-0.,-1.));
#6303 = ( GEOMETRIC_REPRESENTATION_CONTEXT(2) 
PARAMETRIC_REPRESENTATION_CONTEXT() REPRESENTATION_CONTEXT('2D SPACE',''
  ) );
#6304 = PCURVE('',#6093,#6305);
#6305 = DEFINITIONAL_REPRESENTATION('',(#6306),#6310);
#6306 = LINE('',#6307,#6308);
#6307 = CARTESIAN_POINT('',(-0.,0.));
#6308 = VECTOR('',#6309,1.);
#6309 = DIRECTION('',(-0.,-1.));
#6310 = ( GEOMETRIC_REPRESENTATION_CONTEXT(2) 
PARAMETRIC_REPRESENTATION_CONTEXT() REPRESENTATION_CONTEXT('2D SPACE',''
  ) );
#6311 = ORIENTED_EDGE('',*,*,#6312,.T.);
#6312 = EDGE_CURVE('',#6290,#6290,#6313,.T.);
#6313 = SURFACE_CURVE('',#6314,(#6319,#6326),.PCURVE_S1.);
#6314 = CIRCLE('',#6315,8.5);
#6315 = AXIS2_PLACEMENT_3D('',#6316,#6317,#6318);
#6316 = CARTESIAN_POINT('',(-84.825,105.5,-118.5));
#6317 = DIRECTION('',(1.,0.,-0.));
#6318 = DIRECTION('',(0.,0.,1.));
#6319 = PCURVE('',#6093,#6320);
#6320 = DEFINITIONAL_REPRESENTATION('',(#6321),#6325);
#6321 = LINE('',#6322,#6323);
#6322 = CARTESIAN_POINT('',(-0.,-29.35));
#6323 = VECTOR('',#6324,1.);
#6324 = DIRECTION('',(-1.,0.));
#6325 = ( GEOMETRIC_REPRESENTATION_CONTEXT(2) 
PARAMETRIC_REPRESENTATION_CONTEXT() REPRESENTATION_CONTEXT('2D SPACE',''
  ) );
#6326 = PCURVE('',#6327,#6332);
#6327 = PLANE('',#6328);
#6328 = AXIS2_PLACEMENT_3D('',#6329,#6330,#6331);
#6329 = CARTESIAN_POINT('',(-84.825,105.5,-118.5));
#6330 = DIRECTION('',(1.,0.,0.));
#6331 = DIRECTION('',(-0.,0.,1.));
#6332 = DEFINITIONAL_REPRESENTATION('',(#6333),#6337);
#6333 = CIRCLE('',#6334,8.5);
#6334 = AXIS2_PLACEMENT_2D('',#6335,#6336);
#6335 = CARTESIAN_POINT('',(1.42108547152E-14,0.));
#6336 = DIRECTION('',(1.,0.));
#6337 = ( GEOMETRIC_REPRESENTATION_CONTEXT(2) 
PARAMETRIC_REPRESENTATION_CONTEXT() REPRESENTATION_CONTEXT('2D SPACE',''
  ) );
#6338 = ORIENTED_EDGE('',*,*,#6289,.F.);
#6339 = ADVANCED_FACE('',(#6340),#6327,.F.);
#6340 = FACE_BOUND('',#6341,.F.);
#6341 = EDGE_LOOP('',(#6342));
#6342 = ORIENTED_EDGE('',*,*,#6312,.T.);
#6343 = MANIFOLD_SOLID_BREP('PartBody',#6344);
#6344 = CLOSED_SHELL('',(#6345,#6465,#6541,#6612,#6639,#6712));
#6345 = ADVANCED_FACE('',(#6346),#6360,.T.);
#6346 = FACE_BOUND('',#6347,.T.);
#6347 = EDGE_LOOP('',(#6348,#6383,#6411,#6439));
#6348 = ORIENTED_EDGE('',*,*,#6349,.T.);
#6349 = EDGE_CURVE('',#6350,#6352,#6354,.T.);
#6350 = VERTEX_POINT('',#6351);
#6351 = CARTESIAN_POINT('',(-58.5,-125.,150.));
#6352 = VERTEX_POINT('',#6353);
#6353 = CARTESIAN_POINT('',(-58.5,-125.,90.));
#6354 = SURFACE_CURVE('',#6355,(#6359,#6371),.PCURVE_S1.);
#6355 = LINE('',#6356,#6357);
#6356 = CARTESIAN_POINT('',(-58.5,-125.,150.));
#6357 = VECTOR('',#6358,1.);
#6358 = DIRECTION('',(-0.,0.,-1.));
#6359 = PCURVE('',#6360,#6365);
#6360 = PLANE('',#6361);
#6361 = AXIS2_PLACEMENT_3D('',#6362,#6363,#6364);
#6362 = CARTESIAN_POINT('',(-58.5,-125.,150.));
#6363 = DIRECTION('',(0.,-1.,-0.));
#6364 = DIRECTION('',(1.,0.,0.));
#6365 = DEFINITIONAL_REPRESENTATION('',(#6366),#6370);
#6366 = LINE('',#6367,#6368);
#6367 = CARTESIAN_POINT('',(0.,0.));
#6368 = VECTOR('',#6369,1.);
#6369 = DIRECTION('',(0.,-1.));
#6370 = ( GEOMETRIC_REPRESENTATION_CONTEXT(2) 
PARAMETRIC_REPRESENTATION_CONTEXT() REPRESENTATION_CONTEXT('2D SPACE',''
  ) );
#6371 = PCURVE('',#6372,#6377);
#6372 = PLANE('',#6373);
#6373 = AXIS2_PLACEMENT_3D('',#6374,#6375,#6376);
#6374 = CARTESIAN_POINT('',(-58.5,125.,150.));
#6375 = DIRECTION('',(-1.,0.,0.));
#6376 = DIRECTION('',(0.,-1.,0.));
#6377 = DEFINITIONAL_REPRESENTATION('',(#6378),#6382);
#6378 = LINE('',#6379,#6380);
#6379 = CARTESIAN_POINT('',(250.,0.));
#6380 = VECTOR('',#6381,1.);
#6381 = DIRECTION('',(0.,-1.));
#6382 = ( GEOMETRIC_REPRESENTATION_CONTEXT(2) 
PARAMETRIC_REPRESENTATION_CONTEXT() REPRESENTATION_CONTEXT('2D SPACE',''
  ) );
#6383 = ORIENTED_EDGE('',*,*,#6384,.T.);
#6384 = EDGE_CURVE('',#6352,#6385,#6387,.T.);
#6385 = VERTEX_POINT('',#6386);
#6386 = CARTESIAN_POINT('',(42.,-125.,90.));
#6387 = SURFACE_CURVE('',#6388,(#6392,#6399),.PCURVE_S1.);
#6388 = LINE('',#6389,#6390);
#6389 = CARTESIAN_POINT('',(-58.5,-125.,90.));
#6390 = VECTOR('',#6391,1.);
#6391 = DIRECTION('',(1.,0.,0.));
#6392 = PCURVE('',#6360,#6393);
#6393 = DEFINITIONAL_REPRESENTATION('',(#6394),#6398);
#6394 = LINE('',#6395,#6396);
#6395 = CARTESIAN_POINT('',(0.,-60.));
#6396 = VECTOR('',#6397,1.);
#6397 = DIRECTION('',(1.,0.));
#6398 = ( GEOMETRIC_REPRESENTATION_CONTEXT(2) 
PARAMETRIC_REPRESENTATION_CONTEXT() REPRESENTATION_CONTEXT('2D SPACE',''
  ) );
#6399 = PCURVE('',#6400,#6405);
#6400 = PLANE('',#6401);
#6401 = AXIS2_PLACEMENT_3D('',#6402,#6403,#6404);
#6402 = CARTESIAN_POINT('',(-8.25,0.,90.));
#6403 = DIRECTION('',(0.,0.,1.));
#6404 = DIRECTION('',(1.,0.,-0.));
#6405 = DEFINITIONAL_REPRESENTATION('',(#6406),#6410);
#6406 = LINE('',#6407,#6408);
#6407 = CARTESIAN_POINT('',(-50.25,-125.));
#6408 = VECTOR('',#6409,1.);
#6409 = DIRECTION('',(1.,0.));
#6410 = ( GEOMETRIC_REPRESENTATION_CONTEXT(2) 
PARAMETRIC_REPRESENTATION_CONTEXT() REPRESENTATION_CONTEXT('2D SPACE',''
  ) );
#6411 = ORIENTED_EDGE('',*,*,#6412,.F.);
#6412 = EDGE_CURVE('',#6413,#6385,#6415,.T.);
#6413 = VERTEX_POINT('',#6414);
#6414 = CARTESIAN_POINT('',(42.,-125.,150.));
#6415 = SURFACE_CURVE('',#6416,(#6420,#6427),.PCURVE_S1.);
#6416 = LINE('',#6417,#6418);
#6417 = CARTESIAN_POINT('',(42.,-125.,150.));
#6418 = VECTOR('',#6419,1.);
#6419 = DIRECTION('',(-0.,0.,-1.));
#6420 = PCURVE('',#6360,#6421);
#6421 = DEFINITIONAL_REPRESENTATION('',(#6422),#6426);
#6422 = LINE('',#6423,#6424);
#6423 = CARTESIAN_POINT('',(100.5,0.));
#6424 = VECTOR('',#6425,1.);
#6425 = DIRECTION('',(0.,-1.));
#6426 = ( GEOMETRIC_REPRESENTATION_CONTEXT(2) 
PARAMETRIC_REPRESENTATION_CONTEXT() REPRESENTATION_CONTEXT('2D SPACE',''
  ) );
#6427 = PCURVE('',#6428,#6433);
#6428 = PLANE('',#6429);
#6429 = AXIS2_PLACEMENT_3D('',#6430,#6431,#6432);
#6430 = CARTESIAN_POINT('',(42.,-125.,150.));
#6431 = DIRECTION('',(1.,0.,-0.));
#6432 = DIRECTION('',(0.,1.,0.));
#6433 = DEFINITIONAL_REPRESENTATION('',(#6434),#6438);
#6434 = LINE('',#6435,#6436);
#6435 = CARTESIAN_POINT('',(0.,0.));
#6436 = VECTOR('',#6437,1.);
#6437 = DIRECTION('',(0.,-1.));
#6438 = ( GEOMETRIC_REPRESENTATION_CONTEXT(2) 
PARAMETRIC_REPRESENTATION_CONTEXT() REPRESENTATION_CONTEXT('2D SPACE',''
  ) );
#6439 = ORIENTED_EDGE('',*,*,#6440,.F.);
#6440 = EDGE_CURVE('',#6350,#6413,#6441,.T.);
#6441 = SURFACE_CURVE('',#6442,(#6446,#6453),.PCURVE_S1.);
#6442 = LINE('',#6443,#6444);
#6443 = CARTESIAN_POINT('',(-58.5,-125.,150.));
#6444 = VECTOR('',#6445,1.);
#6445 = DIRECTION('',(1.,0.,0.));
#6446 = PCURVE('',#6360,#6447);
#6447 = DEFINITIONAL_REPRESENTATION('',(#6448),#6452);
#6448 = LINE('',#6449,#6450);
#6449 = CARTESIAN_POINT('',(0.,0.));
#6450 = VECTOR('',#6451,1.);
#6451 = DIRECTION('',(1.,0.));
#6452 = ( GEOMETRIC_REPRESENTATION_CONTEXT(2) 
PARAMETRIC_REPRESENTATION_CONTEXT() REPRESENTATION_CONTEXT('2D SPACE',''
  ) );
#6453 = PCURVE('',#6454,#6459);
#6454 = PLANE('',#6455);
#6455 = AXIS2_PLACEMENT_3D('',#6456,#6457,#6458);
#6456 = CARTESIAN_POINT('',(-8.25,0.,150.));
#6457 = DIRECTION('',(0.,0.,1.));
#6458 = DIRECTION('',(1.,0.,-0.));
#6459 = DEFINITIONAL_REPRESENTATION('',(#6460),#6464);
#6460 = LINE('',#6461,#6462);
#6461 = CARTESIAN_POINT('',(-50.25,-125.));
#6462 = VECTOR('',#6463,1.);
#6463 = DIRECTION('',(1.,0.));
#6464 = ( GEOMETRIC_REPRESENTATION_CONTEXT(2) 
PARAMETRIC_REPRESENTATION_CONTEXT() REPRESENTATION_CONTEXT('2D SPACE',''
  ) );
#6465 = ADVANCED_FACE('',(#6466),#6372,.T.);
#6466 = FACE_BOUND('',#6467,.T.);
#6467 = EDGE_LOOP('',(#6468,#6498,#6519,#6520));
#6468 = ORIENTED_EDGE('',*,*,#6469,.T.);
#6469 = EDGE_CURVE('',#6470,#6472,#6474,.T.);
#6470 = VERTEX_POINT('',#6471);
#6471 = CARTESIAN_POINT('',(-58.5,125.,150.));
#6472 = VERTEX_POINT('',#6473);
#6473 = CARTESIAN_POINT('',(-58.5,125.,90.));
#6474 = SURFACE_CURVE('',#6475,(#6479,#6486),.PCURVE_S1.);
#6475 = LINE('',#6476,#6477);
#6476 = CARTESIAN_POINT('',(-58.5,125.,150.));
#6477 = VECTOR('',#6478,1.);
#6478 = DIRECTION('',(-0.,0.,-1.));
#6479 = PCURVE('',#6372,#6480);
#6480 = DEFINITIONAL_REPRESENTATION('',(#6481),#6485);
#6481 = LINE('',#6482,#6483);
#6482 = CARTESIAN_POINT('',(0.,0.));
#6483 = VECTOR('',#6484,1.);
#6484 = DIRECTION('',(0.,-1.));
#6485 = ( GEOMETRIC_REPRESENTATION_CONTEXT(2) 
PARAMETRIC_REPRESENTATION_CONTEXT() REPRESENTATION_CONTEXT('2D SPACE',''
  ) );
#6486 = PCURVE('',#6487,#6492);
#6487 = PLANE('',#6488);
#6488 = AXIS2_PLACEMENT_3D('',#6489,#6490,#6491);
#6489 = CARTESIAN_POINT('',(-150.,125.,-150.));
#6490 = DIRECTION('',(0.,1.,0.));
#6491 = DIRECTION('',(0.,0.,1.));
#6492 = DEFINITIONAL_REPRESENTATION('',(#6493),#6497);
#6493 = LINE('',#6494,#6495);
#6494 = CARTESIAN_POINT('',(300.,91.5));
#6495 = VECTOR('',#6496,1.);
#6496 = DIRECTION('',(-1.,0.));
#6497 = ( GEOMETRIC_REPRESENTATION_CONTEXT(2) 
PARAMETRIC_REPRESENTATION_CONTEXT() REPRESENTATION_CONTEXT('2D SPACE',''
  ) );
#6498 = ORIENTED_EDGE('',*,*,#6499,.T.);
#6499 = EDGE_CURVE('',#6472,#6352,#6500,.T.);
#6500 = SURFACE_CURVE('',#6501,(#6505,#6512),.PCURVE_S1.);
#6501 = LINE('',#6502,#6503);
#6502 = CARTESIAN_POINT('',(-58.5,125.,90.));
#6503 = VECTOR('',#6504,1.);
#6504 = DIRECTION('',(0.,-1.,0.));
#6505 = PCURVE('',#6372,#6506);
#6506 = DEFINITIONAL_REPRESENTATION('',(#6507),#6511);
#6507 = LINE('',#6508,#6509);
#6508 = CARTESIAN_POINT('',(0.,-60.));
#6509 = VECTOR('',#6510,1.);
#6510 = DIRECTION('',(1.,0.));
#6511 = ( GEOMETRIC_REPRESENTATION_CONTEXT(2) 
PARAMETRIC_REPRESENTATION_CONTEXT() REPRESENTATION_CONTEXT('2D SPACE',''
  ) );
#6512 = PCURVE('',#6400,#6513);
#6513 = DEFINITIONAL_REPRESENTATION('',(#6514),#6518);
#6514 = LINE('',#6515,#6516);
#6515 = CARTESIAN_POINT('',(-50.25,125.));
#6516 = VECTOR('',#6517,1.);
#6517 = DIRECTION('',(0.,-1.));
#6518 = ( GEOMETRIC_REPRESENTATION_CONTEXT(2) 
PARAMETRIC_REPRESENTATION_CONTEXT() REPRESENTATION_CONTEXT('2D SPACE',''
  ) );
#6519 = ORIENTED_EDGE('',*,*,#6349,.F.);
#6520 = ORIENTED_EDGE('',*,*,#6521,.F.);
#6521 = EDGE_CURVE('',#6470,#6350,#6522,.T.);
#6522 = SURFACE_CURVE('',#6523,(#6527,#6534),.PCURVE_S1.);
#6523 = LINE('',#6524,#6525);
#6524 = CARTESIAN_POINT('',(-58.5,125.,150.));
#6525 = VECTOR('',#6526,1.);
#6526 = DIRECTION('',(0.,-1.,0.));
#6527 = PCURVE('',#6372,#6528);
#6528 = DEFINITIONAL_REPRESENTATION('',(#6529),#6533);
#6529 = LINE('',#6530,#6531);
#6530 = CARTESIAN_POINT('',(0.,0.));
#6531 = VECTOR('',#6532,1.);
#6532 = DIRECTION('',(1.,0.));
#6533 = ( GEOMETRIC_REPRESENTATION_CONTEXT(2) 
PARAMETRIC_REPRESENTATION_CONTEXT() REPRESENTATION_CONTEXT('2D SPACE',''
  ) );
#6534 = PCURVE('',#6454,#6535);
#6535 = DEFINITIONAL_REPRESENTATION('',(#6536),#6540);
#6536 = LINE('',#6537,#6538);
#6537 = CARTESIAN_POINT('',(-50.25,125.));
#6538 = VECTOR('',#6539,1.);
#6539 = DIRECTION('',(0.,-1.));
#6540 = ( GEOMETRIC_REPRESENTATION_CONTEXT(2) 
PARAMETRIC_REPRESENTATION_CONTEXT() REPRESENTATION_CONTEXT('2D SPACE',''
  ) );
#6541 = ADVANCED_FACE('',(#6542),#6428,.T.);
#6542 = FACE_BOUND('',#6543,.T.);
#6543 = EDGE_LOOP('',(#6544,#6545,#6568,#6591));
#6544 = ORIENTED_EDGE('',*,*,#6412,.T.);
#6545 = ORIENTED_EDGE('',*,*,#6546,.T.);
#6546 = EDGE_CURVE('',#6385,#6547,#6549,.T.);
#6547 = VERTEX_POINT('',#6548);
#6548 = CARTESIAN_POINT('',(42.,125.,90.));
#6549 = SURFACE_CURVE('',#6550,(#6554,#6561),.PCURVE_S1.);
#6550 = LINE('',#6551,#6552);
#6551 = CARTESIAN_POINT('',(42.,-125.,90.));
#6552 = VECTOR('',#6553,1.);
#6553 = DIRECTION('',(0.,1.,0.));
#6554 = PCURVE('',#6428,#6555);
#6555 = DEFINITIONAL_REPRESENTATION('',(#6556),#6560);
#6556 = LINE('',#6557,#6558);
#6557 = CARTESIAN_POINT('',(0.,-60.));
#6558 = VECTOR('',#6559,1.);
#6559 = DIRECTION('',(1.,0.));
#6560 = ( GEOMETRIC_REPRESENTATION_CONTEXT(2) 
PARAMETRIC_REPRESENTATION_CONTEXT() REPRESENTATION_CONTEXT('2D SPACE',''
  ) );
#6561 = PCURVE('',#6400,#6562);
#6562 = DEFINITIONAL_REPRESENTATION('',(#6563),#6567);
#6563 = LINE('',#6564,#6565);
#6564 = CARTESIAN_POINT('',(50.25,-125.));
#6565 = VECTOR('',#6566,1.);
#6566 = DIRECTION('',(0.,1.));
#6567 = ( GEOMETRIC_REPRESENTATION_CONTEXT(2) 
PARAMETRIC_REPRESENTATION_CONTEXT() REPRESENTATION_CONTEXT('2D SPACE',''
  ) );
#6568 = ORIENTED_EDGE('',*,*,#6569,.F.);
#6569 = EDGE_CURVE('',#6570,#6547,#6572,.T.);
#6570 = VERTEX_POINT('',#6571);
#6571 = CARTESIAN_POINT('',(42.,125.,150.));
#6572 = SURFACE_CURVE('',#6573,(#6577,#6584),.PCURVE_S1.);
#6573 = LINE('',#6574,#6575);
#6574 = CARTESIAN_POINT('',(42.,125.,150.));
#6575 = VECTOR('',#6576,1.);
#6576 = DIRECTION('',(-0.,0.,-1.));
#6577 = PCURVE('',#6428,#6578);
#6578 = DEFINITIONAL_REPRESENTATION('',(#6579),#6583);
#6579 = LINE('',#6580,#6581);
#6580 = CARTESIAN_POINT('',(250.,0.));
#6581 = VECTOR('',#6582,1.);
#6582 = DIRECTION('',(0.,-1.));
#6583 = ( GEOMETRIC_REPRESENTATION_CONTEXT(2) 
PARAMETRIC_REPRESENTATION_CONTEXT() REPRESENTATION_CONTEXT('2D SPACE',''
  ) );
#6584 = PCURVE('',#6487,#6585);
#6585 = DEFINITIONAL_REPRESENTATION('',(#6586),#6590);
#6586 = LINE('',#6587,#6588);
#6587 = CARTESIAN_POINT('',(300.,192.));
#6588 = VECTOR('',#6589,1.);
#6589 = DIRECTION('',(-1.,0.));
#6590 = ( GEOMETRIC_REPRESENTATION_CONTEXT(2) 
PARAMETRIC_REPRESENTATION_CONTEXT() REPRESENTATION_CONTEXT('2D SPACE',''
  ) );
#6591 = ORIENTED_EDGE('',*,*,#6592,.F.);
#6592 = EDGE_CURVE('',#6413,#6570,#6593,.T.);
#6593 = SURFACE_CURVE('',#6594,(#6598,#6605),.PCURVE_S1.);
#6594 = LINE('',#6595,#6596);
#6595 = CARTESIAN_POINT('',(42.,-125.,150.));
#6596 = VECTOR('',#6597,1.);
#6597 = DIRECTION('',(0.,1.,0.));
#6598 = PCURVE('',#6428,#6599);
#6599 = DEFINITIONAL_REPRESENTATION('',(#6600),#6604);
#6600 = LINE('',#6601,#6602);
#6601 = CARTESIAN_POINT('',(0.,0.));
#6602 = VECTOR('',#6603,1.);
#6603 = DIRECTION('',(1.,0.));
#6604 = ( GEOMETRIC_REPRESENTATION_CONTEXT(2) 
PARAMETRIC_REPRESENTATION_CONTEXT() REPRESENTATION_CONTEXT('2D SPACE',''
  ) );
#6605 = PCURVE('',#6454,#6606);
#6606 = DEFINITIONAL_REPRESENTATION('',(#6607),#6611);
#6607 = LINE('',#6608,#6609);
#6608 = CARTESIAN_POINT('',(50.25,-125.));
#6609 = VECTOR('',#6610,1.);
#6610 = DIRECTION('',(0.,1.));
#6611 = ( GEOMETRIC_REPRESENTATION_CONTEXT(2) 
PARAMETRIC_REPRESENTATION_CONTEXT() REPRESENTATION_CONTEXT('2D SPACE',''
  ) );
#6612 = ADVANCED_FACE('',(#6613),#6454,.T.);
#6613 = FACE_BOUND('',#6614,.T.);
#6614 = EDGE_LOOP('',(#6615,#6616,#6637,#6638));
#6615 = ORIENTED_EDGE('',*,*,#6592,.T.);
#6616 = ORIENTED_EDGE('',*,*,#6617,.T.);
#6617 = EDGE_CURVE('',#6570,#6470,#6618,.T.);
#6618 = SURFACE_CURVE('',#6619,(#6623,#6630),.PCURVE_S1.);
#6619 = LINE('',#6620,#6621);
#6620 = CARTESIAN_POINT('',(42.,125.,150.));
#6621 = VECTOR('',#6622,1.);
#6622 = DIRECTION('',(-1.,0.,0.));
#6623 = PCURVE('',#6454,#6624);
#6624 = DEFINITIONAL_REPRESENTATION('',(#6625),#6629);
#6625 = LINE('',#6626,#6627);
#6626 = CARTESIAN_POINT('',(50.25,125.));
#6627 = VECTOR('',#6628,1.);
#6628 = DIRECTION('',(-1.,0.));
#6629 = ( GEOMETRIC_REPRESENTATION_CONTEXT(2) 
PARAMETRIC_REPRESENTATION_CONTEXT() REPRESENTATION_CONTEXT('2D SPACE',''
  ) );
#6630 = PCURVE('',#6487,#6631);
#6631 = DEFINITIONAL_REPRESENTATION('',(#6632),#6636);
#6632 = LINE('',#6633,#6634);
#6633 = CARTESIAN_POINT('',(300.,192.));
#6634 = VECTOR('',#6635,1.);
#6635 = DIRECTION('',(0.,-1.));
#6636 = ( GEOMETRIC_REPRESENTATION_CONTEXT(2) 
PARAMETRIC_REPRESENTATION_CONTEXT() REPRESENTATION_CONTEXT('2D SPACE',''
  ) );
#6637 = ORIENTED_EDGE('',*,*,#6521,.T.);
#6638 = ORIENTED_EDGE('',*,*,#6440,.T.);
#6639 = ADVANCED_FACE('',(#6640),#6400,.F.);
#6640 = FACE_BOUND('',#6641,.F.);
#6641 = EDGE_LOOP('',(#6642,#6643,#6666,#6689,#6710,#6711));
#6642 = ORIENTED_EDGE('',*,*,#6546,.T.);
#6643 = ORIENTED_EDGE('',*,*,#6644,.T.);
#6644 = EDGE_CURVE('',#6547,#6645,#6647,.T.);
#6645 = VERTEX_POINT('',#6646);
#6646 = CARTESIAN_POINT('',(23.430749027723,125.,90.));
#6647 = SURFACE_CURVE('',#6648,(#6652,#6659),.PCURVE_S1.);
#6648 = LINE('',#6649,#6650);
#6649 = CARTESIAN_POINT('',(42.,125.,90.));
#6650 = VECTOR('',#6651,1.);
#6651 = DIRECTION('',(-1.,0.,0.));
#6652 = PCURVE('',#6400,#6653);
#6653 = DEFINITIONAL_REPRESENTATION('',(#6654),#6658);
#6654 = LINE('',#6655,#6656);
#6655 = CARTESIAN_POINT('',(50.25,125.));
#6656 = VECTOR('',#6657,1.);
#6657 = DIRECTION('',(-1.,0.));
#6658 = ( GEOMETRIC_REPRESENTATION_CONTEXT(2) 
PARAMETRIC_REPRESENTATION_CONTEXT() REPRESENTATION_CONTEXT('2D SPACE',''
  ) );
#6659 = PCURVE('',#6487,#6660);
#6660 = DEFINITIONAL_REPRESENTATION('',(#6661),#6665);
#6661 = LINE('',#6662,#6663);
#6662 = CARTESIAN_POINT('',(240.,192.));
#6663 = VECTOR('',#6664,1.);
#6664 = DIRECTION('',(0.,-1.));
#6665 = ( GEOMETRIC_REPRESENTATION_CONTEXT(2) 
PARAMETRIC_REPRESENTATION_CONTEXT() REPRESENTATION_CONTEXT('2D SPACE',''
  ) );
#6666 = ORIENTED_EDGE('',*,*,#6667,.T.);
#6667 = EDGE_CURVE('',#6645,#6668,#6670,.T.);
#6668 = VERTEX_POINT('',#6669);
#6669 = CARTESIAN_POINT('',(-23.43074902772,125.,90.));
#6670 = SURFACE_CURVE('',#6671,(#6675,#6682),.PCURVE_S1.);
#6671 = LINE('',#6672,#6673);
#6672 = CARTESIAN_POINT('',(42.,125.,90.));
#6673 = VECTOR('',#6674,1.);
#6674 = DIRECTION('',(-1.,0.,0.));
#6675 = PCURVE('',#6400,#6676);
#6676 = DEFINITIONAL_REPRESENTATION('',(#6677),#6681);
#6677 = LINE('',#6678,#6679);
#6678 = CARTESIAN_POINT('',(50.25,125.));
#6679 = VECTOR('',#6680,1.);
#6680 = DIRECTION('',(-1.,0.));
#6681 = ( GEOMETRIC_REPRESENTATION_CONTEXT(2) 
PARAMETRIC_REPRESENTATION_CONTEXT() REPRESENTATION_CONTEXT('2D SPACE',''
  ) );
#6682 = PCURVE('',#6487,#6683);
#6683 = DEFINITIONAL_REPRESENTATION('',(#6684),#6688);
#6684 = LINE('',#6685,#6686);
#6685 = CARTESIAN_POINT('',(240.,192.));
#6686 = VECTOR('',#6687,1.);
#6687 = DIRECTION('',(0.,-1.));
#6688 = ( GEOMETRIC_REPRESENTATION_CONTEXT(2) 
PARAMETRIC_REPRESENTATION_CONTEXT() REPRESENTATION_CONTEXT('2D SPACE',''
  ) );
#6689 = ORIENTED_EDGE('',*,*,#6690,.T.);
#6690 = EDGE_CURVE('',#6668,#6472,#6691,.T.);
#6691 = SURFACE_CURVE('',#6692,(#6696,#6703),.PCURVE_S1.);
#6692 = LINE('',#6693,#6694);
#6693 = CARTESIAN_POINT('',(42.,125.,90.));
#6694 = VECTOR('',#6695,1.);
#6695 = DIRECTION('',(-1.,0.,0.));
#6696 = PCURVE('',#6400,#6697);
#6697 = DEFINITIONAL_REPRESENTATION('',(#6698),#6702);
#6698 = LINE('',#6699,#6700);
#6699 = CARTESIAN_POINT('',(50.25,125.));
#6700 = VECTOR('',#6701,1.);
#6701 = DIRECTION('',(-1.,0.));
#6702 = ( GEOMETRIC_REPRESENTATION_CONTEXT(2) 
PARAMETRIC_REPRESENTATION_CONTEXT() REPRESENTATION_CONTEXT('2D SPACE',''
  ) );
#6703 = PCURVE('',#6487,#6704);
#6704 = DEFINITIONAL_REPRESENTATION('',(#6705),#6709);
#6705 = LINE('',#6706,#6707);
#6706 = CARTESIAN_POINT('',(240.,192.));
#6707 = VECTOR('',#6708,1.);
#6708 = DIRECTION('',(0.,-1.));
#6709 = ( GEOMETRIC_REPRESENTATION_CONTEXT(2) 
PARAMETRIC_REPRESENTATION_CONTEXT() REPRESENTATION_CONTEXT('2D SPACE',''
  ) );
#6710 = ORIENTED_EDGE('',*,*,#6499,.T.);
#6711 = ORIENTED_EDGE('',*,*,#6384,.T.);
#6712 = ADVANCED_FACE('',(#6713),#6487,.T.);
#6713 = FACE_BOUND('',#6714,.T.);
#6714 = EDGE_LOOP('',(#6715,#6716,#6717,#6718,#6719,#6720));
#6715 = ORIENTED_EDGE('',*,*,#6617,.F.);
#6716 = ORIENTED_EDGE('',*,*,#6569,.T.);
#6717 = ORIENTED_EDGE('',*,*,#6644,.T.);
#6718 = ORIENTED_EDGE('',*,*,#6667,.T.);
#6719 = ORIENTED_EDGE('',*,*,#6690,.T.);
#6720 = ORIENTED_EDGE('',*,*,#6469,.F.);
#6721 = MANIFOLD_SOLID_BREP('PartBody',#6722);
#6722 = CLOSED_SHELL('',(#6723,#6917,#6921,#6969,#6974));
#6723 = ADVANCED_FACE('',(#6724),#6739,.T.);
#6724 = FACE_BOUND('',#6725,.T.);
#6725 = EDGE_LOOP('',(#6726,#6762,#6785,#6812,#6813,#6837,#6866,#6890));
#6726 = ORIENTED_EDGE('',*,*,#6727,.T.);
#6727 = EDGE_CURVE('',#6728,#6730,#6732,.T.);
#6728 = VERTEX_POINT('',#6729);
#6729 = CARTESIAN_POINT('',(23.430749027723,125.,90.));
#6730 = VERTEX_POINT('',#6731);
#6731 = CARTESIAN_POINT('',(93.,125.,0.));
#6732 = SURFACE_CURVE('',#6733,(#6738,#6750),.PCURVE_S1.);
#6733 = CIRCLE('',#6734,93.);
#6734 = AXIS2_PLACEMENT_3D('',#6735,#6736,#6737);
#6735 = CARTESIAN_POINT('',(0.,125.,0.));
#6736 = DIRECTION('',(-0.,1.,0.));
#6737 = DIRECTION('',(1.,0.,0.));
#6738 = PCURVE('',#6739,#6744);
#6739 = CONICAL_SURFACE('',#6740,93.,0.174532925199);
#6740 = AXIS2_PLACEMENT_3D('',#6741,#6742,#6743);
#6741 = CARTESIAN_POINT('',(0.,125.,0.));
#6742 = DIRECTION('',(-0.,-1.,-0.));
#6743 = DIRECTION('',(1.,0.,0.));
#6744 = DEFINITIONAL_REPRESENTATION('',(#6745),#6749);
#6745 = LINE('',#6746,#6747);
#6746 = CARTESIAN_POINT('',(-0.,-0.));
#6747 = VECTOR('',#6748,1.);
#6748 = DIRECTION('',(-1.,-0.));
#6749 = ( GEOMETRIC_REPRESENTATION_CONTEXT(2) 
PARAMETRIC_REPRESENTATION_CONTEXT() REPRESENTATION_CONTEXT('2D SPACE',''
  ) );
#6750 = PCURVE('',#6751,#6756);
#6751 = PLANE('',#6752);
#6752 = AXIS2_PLACEMENT_3D('',#6753,#6754,#6755);
#6753 = CARTESIAN_POINT('',(0.,125.,0.));
#6754 = DIRECTION('',(0.,1.,0.));
#6755 = DIRECTION('',(1.,-0.,0.));
#6756 = DEFINITIONAL_REPRESENTATION('',(#6757),#6761);
#6757 = CIRCLE('',#6758,93.);
#6758 = AXIS2_PLACEMENT_2D('',#6759,#6760);
#6759 = CARTESIAN_POINT('',(0.,0.));
#6760 = DIRECTION('',(1.,-0.));
#6761 = ( GEOMETRIC_REPRESENTATION_CONTEXT(2) 
PARAMETRIC_REPRESENTATION_CONTEXT() REPRESENTATION_CONTEXT('2D SPACE',''
  ) );
#6762 = ORIENTED_EDGE('',*,*,#6763,.T.);
#6763 = EDGE_CURVE('',#6730,#6764,#6766,.T.);
#6764 = VERTEX_POINT('',#6765);
#6765 = CARTESIAN_POINT('',(62.319105356727,299.,0.));
#6766 = SEAM_CURVE('',#6767,(#6771,#6778),.PCURVE_S1.);
#6767 = LINE('',#6768,#6769);
#6768 = CARTESIAN_POINT('',(93.,125.,0.));
#6769 = VECTOR('',#6770,1.);
#6770 = DIRECTION('',(-0.173648177667,0.984807753012,0.));
#6771 = PCURVE('',#6739,#6772);
#6772 = DEFINITIONAL_REPRESENTATION('',(#6773),#6777);
#6773 = LINE('',#6774,#6775);
#6774 = CARTESIAN_POINT('',(-0.,-0.));
#6775 = VECTOR('',#6776,1.);
#6776 = DIRECTION('',(-0.,-1.));
#6777 = ( GEOMETRIC_REPRESENTATION_CONTEXT(2) 
PARAMETRIC_REPRESENTATION_CONTEXT() REPRESENTATION_CONTEXT('2D SPACE',''
  ) );
#6778 = PCURVE('',#6739,#6779);
#6779 = DEFINITIONAL_REPRESENTATION('',(#6780),#6784);
#6780 = LINE('',#6781,#6782);
#6781 = CARTESIAN_POINT('',(-6.28318530718,-0.));
#6782 = VECTOR('',#6783,1.);
#6783 = DIRECTION('',(-0.,-1.));
#6784 = ( GEOMETRIC_REPRESENTATION_CONTEXT(2) 
PARAMETRIC_REPRESENTATION_CONTEXT() REPRESENTATION_CONTEXT('2D SPACE',''
  ) );
#6785 = ORIENTED_EDGE('',*,*,#6786,.F.);
#6786 = EDGE_CURVE('',#6764,#6764,#6787,.T.);
#6787 = SURFACE_CURVE('',#6788,(#6793,#6800),.PCURVE_S1.);
#6788 = CIRCLE('',#6789,62.319105356727);
#6789 = AXIS2_PLACEMENT_3D('',#6790,#6791,#6792);
#6790 = CARTESIAN_POINT('',(0.,299.,0.));
#6791 = DIRECTION('',(-0.,1.,0.));
#6792 = DIRECTION('',(1.,0.,0.));
#6793 = PCURVE('',#6739,#6794);
#6794 = DEFINITIONAL_REPRESENTATION('',(#6795),#6799);
#6795 = LINE('',#6796,#6797);
#6796 = CARTESIAN_POINT('',(-0.,-174.));
#6797 = VECTOR('',#6798,1.);
#6798 = DIRECTION('',(-1.,-0.));
#6799 = ( GEOMETRIC_REPRESENTATION_CONTEXT(2) 
PARAMETRIC_REPRESENTATION_CONTEXT() REPRESENTATION_CONTEXT('2D SPACE',''
  ) );
#6800 = PCURVE('',#6801,#6806);
#6801 = PLANE('',#6802);
#6802 = AXIS2_PLACEMENT_3D('',#6803,#6804,#6805);
#6803 = CARTESIAN_POINT('',(0.,299.,0.));
#6804 = DIRECTION('',(0.,1.,0.));
#6805 = DIRECTION('',(1.,0.,0.));
#6806 = DEFINITIONAL_REPRESENTATION('',(#6807),#6811);
#6807 = CIRCLE('',#6808,62.319105356727);
#6808 = AXIS2_PLACEMENT_2D('',#6809,#6810);
#6809 = CARTESIAN_POINT('',(0.,0.));
#6810 = DIRECTION('',(1.,0.));
#6811 = ( GEOMETRIC_REPRESENTATION_CONTEXT(2) 
PARAMETRIC_REPRESENTATION_CONTEXT() REPRESENTATION_CONTEXT('2D SPACE',''
  ) );
#6812 = ORIENTED_EDGE('',*,*,#6763,.F.);
#6813 = ORIENTED_EDGE('',*,*,#6814,.T.);
#6814 = EDGE_CURVE('',#6730,#6815,#6817,.T.);
#6815 = VERTEX_POINT('',#6816);
#6816 = CARTESIAN_POINT('',(23.430749027718,125.,-90.));
#6817 = SURFACE_CURVE('',#6818,(#6823,#6830),.PCURVE_S1.);
#6818 = CIRCLE('',#6819,93.);
#6819 = AXIS2_PLACEMENT_3D('',#6820,#6821,#6822);
#6820 = CARTESIAN_POINT('',(0.,125.,0.));
#6821 = DIRECTION('',(-0.,1.,0.));
#6822 = DIRECTION('',(1.,0.,0.));
#6823 = PCURVE('',#6739,#6824);
#6824 = DEFINITIONAL_REPRESENTATION('',(#6825),#6829);
#6825 = LINE('',#6826,#6827);
#6826 = CARTESIAN_POINT('',(-0.,-0.));
#6827 = VECTOR('',#6828,1.);
#6828 = DIRECTION('',(-1.,-0.));
#6829 = ( GEOMETRIC_REPRESENTATION_CONTEXT(2) 
PARAMETRIC_REPRESENTATION_CONTEXT() REPRESENTATION_CONTEXT('2D SPACE',''
  ) );
#6830 = PCURVE('',#6751,#6831);
#6831 = DEFINITIONAL_REPRESENTATION('',(#6832),#6836);
#6832 = CIRCLE('',#6833,93.);
#6833 = AXIS2_PLACEMENT_2D('',#6834,#6835);
#6834 = CARTESIAN_POINT('',(0.,0.));
#6835 = DIRECTION('',(1.,-0.));
#6836 = ( GEOMETRIC_REPRESENTATION_CONTEXT(2) 
PARAMETRIC_REPRESENTATION_CONTEXT() REPRESENTATION_CONTEXT('2D SPACE',''
  ) );
#6837 = ORIENTED_EDGE('',*,*,#6838,.T.);
#6838 = EDGE_CURVE('',#6815,#6839,#6841,.T.);
#6839 = VERTEX_POINT('',#6840);
#6840 = CARTESIAN_POINT('',(-23.43074902772,125.,-90.));
#6841 = SURFACE_CURVE('',#6842,(#6847,#6854),.PCURVE_S1.);
#6842 = CIRCLE('',#6843,93.);
#6843 = AXIS2_PLACEMENT_3D('',#6844,#6845,#6846);
#6844 = CARTESIAN_POINT('',(0.,125.,0.));
#6845 = DIRECTION('',(-0.,1.,0.));
#6846 = DIRECTION('',(1.,0.,0.));
#6847 = PCURVE('',#6739,#6848);
#6848 = DEFINITIONAL_REPRESENTATION('',(#6849),#6853);
#6849 = LINE('',#6850,#6851);
#6850 = CARTESIAN_POINT('',(-0.,-0.));
#6851 = VECTOR('',#6852,1.);
#6852 = DIRECTION('',(-1.,-0.));
#6853 = ( GEOMETRIC_REPRESENTATION_CONTEXT(2) 
PARAMETRIC_REPRESENTATION_CONTEXT() REPRESENTATION_CONTEXT('2D SPACE',''
  ) );
#6854 = PCURVE('',#6855,#6860);
#6855 = PLANE('',#6856);
#6856 = AXIS2_PLACEMENT_3D('',#6857,#6858,#6859);
#6857 = CARTESIAN_POINT('',(0.,125.,0.));
#6858 = DIRECTION('',(0.,1.,0.));
#6859 = DIRECTION('',(1.,-0.,0.));
#6860 = DEFINITIONAL_REPRESENTATION('',(#6861),#6865);
#6861 = CIRCLE('',#6862,93.);
#6862 = AXIS2_PLACEMENT_2D('',#6863,#6864);
#6863 = CARTESIAN_POINT('',(0.,0.));
#6864 = DIRECTION('',(1.,-0.));
#6865 = ( GEOMETRIC_REPRESENTATION_CONTEXT(2) 
PARAMETRIC_REPRESENTATION_CONTEXT() REPRESENTATION_CONTEXT('2D SPACE',''
  ) );
#6866 = ORIENTED_EDGE('',*,*,#6867,.T.);
#6867 = EDGE_CURVE('',#6839,#6868,#6870,.T.);
#6868 = VERTEX_POINT('',#6869);
#6869 = CARTESIAN_POINT('',(-23.43074902772,125.,90.));
#6870 = SURFACE_CURVE('',#6871,(#6876,#6883),.PCURVE_S1.);
#6871 = CIRCLE('',#6872,93.);
#6872 = AXIS2_PLACEMENT_3D('',#6873,#6874,#6875);
#6873 = CARTESIAN_POINT('',(0.,125.,0.));
#6874 = DIRECTION('',(-0.,1.,0.));
#6875 = DIRECTION('',(1.,0.,0.));
#6876 = PCURVE('',#6739,#6877);
#6877 = DEFINITIONAL_REPRESENTATION('',(#6878),#6882);
#6878 = LINE('',#6879,#6880);
#6879 = CARTESIAN_POINT('',(-0.,-0.));
#6880 = VECTOR('',#6881,1.);
#6881 = DIRECTION('',(-1.,-0.));
#6882 = ( GEOMETRIC_REPRESENTATION_CONTEXT(2) 
PARAMETRIC_REPRESENTATION_CONTEXT() REPRESENTATION_CONTEXT('2D SPACE',''
  ) );
#6883 = PCURVE('',#6751,#6884);
#6884 = DEFINITIONAL_REPRESENTATION('',(#6885),#6889);
#6885 = CIRCLE('',#6886,93.);
#6886 = AXIS2_PLACEMENT_2D('',#6887,#6888);
#6887 = CARTESIAN_POINT('',(0.,0.));
#6888 = DIRECTION('',(1.,-0.));
#6889 = ( GEOMETRIC_REPRESENTATION_CONTEXT(2) 
PARAMETRIC_REPRESENTATION_CONTEXT() REPRESENTATION_CONTEXT('2D SPACE',''
  ) );
#6890 = ORIENTED_EDGE('',*,*,#6891,.T.);
#6891 = EDGE_CURVE('',#6868,#6728,#6892,.T.);
#6892 = SURFACE_CURVE('',#6893,(#6898,#6905),.PCURVE_S1.);
#6893 = CIRCLE('',#6894,93.);
#6894 = AXIS2_PLACEMENT_3D('',#6895,#6896,#6897);
#6895 = CARTESIAN_POINT('',(0.,125.,0.));
#6896 = DIRECTION('',(-0.,1.,0.));
#6897 = DIRECTION('',(1.,0.,0.));
#6898 = PCURVE('',#6739,#6899);
#6899 = DEFINITIONAL_REPRESENTATION('',(#6900),#6904);
#6900 = LINE('',#6901,#6902);
#6901 = CARTESIAN_POINT('',(-0.,-0.));
#6902 = VECTOR('',#6903,1.);
#6903 = DIRECTION('',(-1.,-0.));
#6904 = ( GEOMETRIC_REPRESENTATION_CONTEXT(2) 
PARAMETRIC_REPRESENTATION_CONTEXT() REPRESENTATION_CONTEXT('2D SPACE',''
  ) );
#6905 = PCURVE('',#6906,#6911);
#6906 = PLANE('',#6907);
#6907 = AXIS2_PLACEMENT_3D('',#6908,#6909,#6910);
#6908 = CARTESIAN_POINT('',(0.,125.,0.));
#6909 = DIRECTION('',(0.,1.,0.));
#6910 = DIRECTION('',(1.,-0.,0.));
#6911 = DEFINITIONAL_REPRESENTATION('',(#6912),#6916);
#6912 = CIRCLE('',#6913,93.);
#6913 = AXIS2_PLACEMENT_2D('',#6914,#6915);
#6914 = CARTESIAN_POINT('',(0.,0.));
#6915 = DIRECTION('',(1.,-0.));
#6916 = ( GEOMETRIC_REPRESENTATION_CONTEXT(2) 
PARAMETRIC_REPRESENTATION_CONTEXT() REPRESENTATION_CONTEXT('2D SPACE',''
  ) );
#6917 = ADVANCED_FACE('',(#6918),#6801,.T.);
#6918 = FACE_BOUND('',#6919,.T.);
#6919 = EDGE_LOOP('',(#6920));
#6920 = ORIENTED_EDGE('',*,*,#6786,.T.);
#6921 = ADVANCED_FACE('',(#6922),#6751,.F.);
#6922 = FACE_BOUND('',#6923,.T.);
#6923 = EDGE_LOOP('',(#6924,#6925,#6926,#6947,#6948));
#6924 = ORIENTED_EDGE('',*,*,#6814,.F.);
#6925 = ORIENTED_EDGE('',*,*,#6727,.F.);
#6926 = ORIENTED_EDGE('',*,*,#6927,.T.);
#6927 = EDGE_CURVE('',#6728,#6868,#6928,.T.);
#6928 = SURFACE_CURVE('',#6929,(#6933,#6940),.PCURVE_S1.);
#6929 = LINE('',#6930,#6931);
#6930 = CARTESIAN_POINT('',(42.,125.,90.));
#6931 = VECTOR('',#6932,1.);
#6932 = DIRECTION('',(-1.,0.,0.));
#6933 = PCURVE('',#6751,#6934);
#6934 = DEFINITIONAL_REPRESENTATION('',(#6935),#6939);
#6935 = LINE('',#6936,#6937);
#6936 = CARTESIAN_POINT('',(42.,-90.));
#6937 = VECTOR('',#6938,1.);
#6938 = DIRECTION('',(-1.,0.));
#6939 = ( GEOMETRIC_REPRESENTATION_CONTEXT(2) 
PARAMETRIC_REPRESENTATION_CONTEXT() REPRESENTATION_CONTEXT('2D SPACE',''
  ) );
#6940 = PCURVE('',#6906,#6941);
#6941 = DEFINITIONAL_REPRESENTATION('',(#6942),#6946);
#6942 = LINE('',#6943,#6944);
#6943 = CARTESIAN_POINT('',(42.,-90.));
#6944 = VECTOR('',#6945,1.);
#6945 = DIRECTION('',(-1.,0.));
#6946 = ( GEOMETRIC_REPRESENTATION_CONTEXT(2) 
PARAMETRIC_REPRESENTATION_CONTEXT() REPRESENTATION_CONTEXT('2D SPACE',''
  ) );
#6947 = ORIENTED_EDGE('',*,*,#6867,.F.);
#6948 = ORIENTED_EDGE('',*,*,#6949,.F.);
#6949 = EDGE_CURVE('',#6815,#6839,#6950,.T.);
#6950 = SURFACE_CURVE('',#6951,(#6955,#6962),.PCURVE_S1.);
#6951 = LINE('',#6952,#6953);
#6952 = CARTESIAN_POINT('',(66.3,125.,-90.));
#6953 = VECTOR('',#6954,1.);
#6954 = DIRECTION('',(-1.,0.,0.));
#6955 = PCURVE('',#6751,#6956);
#6956 = DEFINITIONAL_REPRESENTATION('',(#6957),#6961);
#6957 = LINE('',#6958,#6959);
#6958 = CARTESIAN_POINT('',(66.3,90.));
#6959 = VECTOR('',#6960,1.);
#6960 = DIRECTION('',(-1.,0.));
#6961 = ( GEOMETRIC_REPRESENTATION_CONTEXT(2) 
PARAMETRIC_REPRESENTATION_CONTEXT() REPRESENTATION_CONTEXT('2D SPACE',''
  ) );
#6962 = PCURVE('',#6855,#6963);
#6963 = DEFINITIONAL_REPRESENTATION('',(#6964),#6968);
#6964 = LINE('',#6965,#6966);
#6965 = CARTESIAN_POINT('',(66.3,90.));
#6966 = VECTOR('',#6967,1.);
#6967 = DIRECTION('',(-1.,0.));
#6968 = ( GEOMETRIC_REPRESENTATION_CONTEXT(2) 
PARAMETRIC_REPRESENTATION_CONTEXT() REPRESENTATION_CONTEXT('2D SPACE',''
  ) );
#6969 = ADVANCED_FACE('',(#6970),#6855,.F.);
#6970 = FACE_BOUND('',#6971,.T.);
#6971 = EDGE_LOOP('',(#6972,#6973));
#6972 = ORIENTED_EDGE('',*,*,#6838,.F.);
#6973 = ORIENTED_EDGE('',*,*,#6949,.T.);
#6974 = ADVANCED_FACE('',(#6975),#6906,.F.);
#6975 = FACE_BOUND('',#6976,.T.);
#6976 = EDGE_LOOP('',(#6977,#6978));
#6977 = ORIENTED_EDGE('',*,*,#6891,.F.);
#6978 = ORIENTED_EDGE('',*,*,#6927,.F.);
#6979 = MANIFOLD_SOLID_BREP('PartBody',#6980);
#6980 = CLOSED_SHELL('',(#6981,#7101,#7177,#7255,#7326,#7373,#7381));
#6981 = ADVANCED_FACE('',(#6982),#6996,.F.);
#6982 = FACE_BOUND('',#6983,.F.);
#6983 = EDGE_LOOP('',(#6984,#7019,#7047,#7075));
#6984 = ORIENTED_EDGE('',*,*,#6985,.T.);
#6985 = EDGE_CURVE('',#6986,#6988,#6990,.T.);
#6986 = VERTEX_POINT('',#6987);
#6987 = CARTESIAN_POINT('',(-2.027869751516E-06,-124.9999811443,-0.));
#6988 = VERTEX_POINT('',#6989);
#6989 = CARTESIAN_POINT('',(-2.027869751516E-06,-124.9999811443,-81.));
#6990 = SURFACE_CURVE('',#6991,(#6995,#7007),.PCURVE_S1.);
#6991 = LINE('',#6992,#6993);
#6992 = CARTESIAN_POINT('',(-2.027869751516E-06,-124.9999811443,-0.));
#6993 = VECTOR('',#6994,1.);
#6994 = DIRECTION('',(-0.,-0.,-1.));
#6995 = PCURVE('',#6996,#7001);
#6996 = PLANE('',#6997);
#6997 = AXIS2_PLACEMENT_3D('',#6998,#6999,#7000);
#6998 = CARTESIAN_POINT('',(-2.027869751516E-06,-124.9999811443,0.));
#6999 = DIRECTION('',(0.,-1.,0.));
#7000 = DIRECTION('',(1.,0.,0.));
#7001 = DEFINITIONAL_REPRESENTATION('',(#7002),#7006);
#7002 = LINE('',#7003,#7004);
#7003 = CARTESIAN_POINT('',(0.,0.));
#7004 = VECTOR('',#7005,1.);
#7005 = DIRECTION('',(0.,-1.));
#7006 = ( GEOMETRIC_REPRESENTATION_CONTEXT(2) 
PARAMETRIC_REPRESENTATION_CONTEXT() REPRESENTATION_CONTEXT('2D SPACE',''
  ) );
#7007 = PCURVE('',#7008,#7013);
#7008 = PLANE('',#7009);
#7009 = AXIS2_PLACEMENT_3D('',#7010,#7011,#7012);
#7010 = CARTESIAN_POINT('',(-124.5,-125.,0.));
#7011 = DIRECTION('',(1.514507992294E-07,-1.,0.));
#7012 = DIRECTION('',(1.,1.514507992294E-07,0.));
#7013 = DEFINITIONAL_REPRESENTATION('',(#7014),#7018);
#7014 = LINE('',#7015,#7016);
#7015 = CARTESIAN_POINT('',(124.49999797213,0.));
#7016 = VECTOR('',#7017,1.);
#7017 = DIRECTION('',(0.,-1.));
#7018 = ( GEOMETRIC_REPRESENTATION_CONTEXT(2) 
PARAMETRIC_REPRESENTATION_CONTEXT() REPRESENTATION_CONTEXT('2D SPACE',''
  ) );
#7019 = ORIENTED_EDGE('',*,*,#7020,.T.);
#7020 = EDGE_CURVE('',#6988,#7021,#7023,.T.);
#7021 = VERTEX_POINT('',#7022);
#7022 = CARTESIAN_POINT('',(124.49999797213,-124.9999811443,-81.));
#7023 = SURFACE_CURVE('',#7024,(#7028,#7035),.PCURVE_S1.);
#7024 = LINE('',#7025,#7026);
#7025 = CARTESIAN_POINT('',(-2.027869751516E-06,-124.9999811443,-81.));
#7026 = VECTOR('',#7027,1.);
#7027 = DIRECTION('',(1.,0.,0.));
#7028 = PCURVE('',#6996,#7029);
#7029 = DEFINITIONAL_REPRESENTATION('',(#7030),#7034);
#7030 = LINE('',#7031,#7032);
#7031 = CARTESIAN_POINT('',(0.,-81.));
#7032 = VECTOR('',#7033,1.);
#7033 = DIRECTION('',(1.,0.));
#7034 = ( GEOMETRIC_REPRESENTATION_CONTEXT(2) 
PARAMETRIC_REPRESENTATION_CONTEXT() REPRESENTATION_CONTEXT('2D SPACE',''
  ) );
#7035 = PCURVE('',#7036,#7041);
#7036 = PLANE('',#7037);
#7037 = AXIS2_PLACEMENT_3D('',#7038,#7039,#7040);
#7038 = CARTESIAN_POINT('',(4.357451505646E-05,-260.0184195212,-81.));
#7039 = DIRECTION('',(-0.,-0.,-1.));
#7040 = DIRECTION('',(-1.,0.,0.));
#7041 = DEFINITIONAL_REPRESENTATION('',(#7042),#7046);
#7042 = LINE('',#7043,#7044);
#7043 = CARTESIAN_POINT('',(4.560238480797E-05,135.0184383769));
#7044 = VECTOR('',#7045,1.);
#7045 = DIRECTION('',(-1.,0.));
#7046 = ( GEOMETRIC_REPRESENTATION_CONTEXT(2) 
PARAMETRIC_REPRESENTATION_CONTEXT() REPRESENTATION_CONTEXT('2D SPACE',''
  ) );
#7047 = ORIENTED_EDGE('',*,*,#7048,.F.);
#7048 = EDGE_CURVE('',#7049,#7021,#7051,.T.);
#7049 = VERTEX_POINT('',#7050);
#7050 = CARTESIAN_POINT('',(124.49999797213,-124.9999811443,0.));
#7051 = SURFACE_CURVE('',#7052,(#7056,#7063),.PCURVE_S1.);
#7052 = LINE('',#7053,#7054);
#7053 = CARTESIAN_POINT('',(124.49999797213,-124.9999811443,0.));
#7054 = VECTOR('',#7055,1.);
#7055 = DIRECTION('',(-0.,-0.,-1.));
#7056 = PCURVE('',#6996,#7057);
#7057 = DEFINITIONAL_REPRESENTATION('',(#7058),#7062);
#7058 = LINE('',#7059,#7060);
#7059 = CARTESIAN_POINT('',(124.5,0.));
#7060 = VECTOR('',#7061,1.);
#7061 = DIRECTION('',(0.,-1.));
#7062 = ( GEOMETRIC_REPRESENTATION_CONTEXT(2) 
PARAMETRIC_REPRESENTATION_CONTEXT() REPRESENTATION_CONTEXT('2D SPACE',''
  ) );
#7063 = PCURVE('',#7064,#7069);
#7064 = PLANE('',#7065);
#7065 = AXIS2_PLACEMENT_3D('',#7066,#7067,#7068);
#7066 = CARTESIAN_POINT('',(124.49999797213,-124.9999811443,0.));
#7067 = DIRECTION('',(-0.994114712973,0.108332531824,0.));
#7068 = DIRECTION('',(-0.108332531824,-0.994114712973,0.));
#7069 = DEFINITIONAL_REPRESENTATION('',(#7070),#7074);
#7070 = LINE('',#7071,#7072);
#7071 = CARTESIAN_POINT('',(0.,0.));
#7072 = VECTOR('',#7073,1.);
#7073 = DIRECTION('',(0.,-1.));
#7074 = ( GEOMETRIC_REPRESENTATION_CONTEXT(2) 
PARAMETRIC_REPRESENTATION_CONTEXT() REPRESENTATION_CONTEXT('2D SPACE',''
  ) );
#7075 = ORIENTED_EDGE('',*,*,#7076,.F.);
#7076 = EDGE_CURVE('',#6986,#7049,#7077,.T.);
#7077 = SURFACE_CURVE('',#7078,(#7082,#7089),.PCURVE_S1.);
#7078 = LINE('',#7079,#7080);
#7079 = CARTESIAN_POINT('',(-2.027869751516E-06,-124.9999811443,-0.));
#7080 = VECTOR('',#7081,1.);
#7081 = DIRECTION('',(1.,0.,0.));
#7082 = PCURVE('',#6996,#7083);
#7083 = DEFINITIONAL_REPRESENTATION('',(#7084),#7088);
#7084 = LINE('',#7085,#7086);
#7085 = CARTESIAN_POINT('',(0.,0.));
#7086 = VECTOR('',#7087,1.);
#7087 = DIRECTION('',(1.,0.));
#7088 = ( GEOMETRIC_REPRESENTATION_CONTEXT(2) 
PARAMETRIC_REPRESENTATION_CONTEXT() REPRESENTATION_CONTEXT('2D SPACE',''
  ) );
#7089 = PCURVE('',#7090,#7095);
#7090 = PLANE('',#7091);
#7091 = AXIS2_PLACEMENT_3D('',#7092,#7093,#7094);
#7092 = CARTESIAN_POINT('',(4.357451505646E-05,-260.0184195212,0.));
#7093 = DIRECTION('',(-0.,-0.,-1.));
#7094 = DIRECTION('',(-1.,0.,0.));
#7095 = DEFINITIONAL_REPRESENTATION('',(#7096),#7100);
#7096 = LINE('',#7097,#7098);
#7097 = CARTESIAN_POINT('',(4.560238480797E-05,135.0184383769));
#7098 = VECTOR('',#7099,1.);
#7099 = DIRECTION('',(-1.,0.));
#7100 = ( GEOMETRIC_REPRESENTATION_CONTEXT(2) 
PARAMETRIC_REPRESENTATION_CONTEXT() REPRESENTATION_CONTEXT('2D SPACE',''
  ) );
#7101 = ADVANCED_FACE('',(#7102),#7064,.F.);
#7102 = FACE_BOUND('',#7103,.F.);
#7103 = EDGE_LOOP('',(#7104,#7105,#7128,#7156));
#7104 = ORIENTED_EDGE('',*,*,#7048,.T.);
#7105 = ORIENTED_EDGE('',*,*,#7106,.T.);
#7106 = EDGE_CURVE('',#7021,#7107,#7109,.T.);
#7107 = VERTEX_POINT('',#7108);
#7108 = CARTESIAN_POINT('',(99.000109318702,-359.,-81.));
#7109 = SURFACE_CURVE('',#7110,(#7114,#7121),.PCURVE_S1.);
#7110 = LINE('',#7111,#7112);
#7111 = CARTESIAN_POINT('',(124.49999797213,-124.9999811443,-81.));
#7112 = VECTOR('',#7113,1.);
#7113 = DIRECTION('',(-0.108332531824,-0.994114712973,0.));
#7114 = PCURVE('',#7064,#7115);
#7115 = DEFINITIONAL_REPRESENTATION('',(#7116),#7120);
#7116 = LINE('',#7117,#7118);
#7117 = CARTESIAN_POINT('',(-0.,-81.));
#7118 = VECTOR('',#7119,1.);
#7119 = DIRECTION('',(1.,0.));
#7120 = ( GEOMETRIC_REPRESENTATION_CONTEXT(2) 
PARAMETRIC_REPRESENTATION_CONTEXT() REPRESENTATION_CONTEXT('2D SPACE',''
  ) );
#7121 = PCURVE('',#7036,#7122);
#7122 = DEFINITIONAL_REPRESENTATION('',(#7123),#7127);
#7123 = LINE('',#7124,#7125);
#7124 = CARTESIAN_POINT('',(-124.4999543976,135.0184383769));
#7125 = VECTOR('',#7126,1.);
#7126 = DIRECTION('',(0.108332531824,-0.994114712973));
#7127 = ( GEOMETRIC_REPRESENTATION_CONTEXT(2) 
PARAMETRIC_REPRESENTATION_CONTEXT() REPRESENTATION_CONTEXT('2D SPACE',''
  ) );
#7128 = ORIENTED_EDGE('',*,*,#7129,.F.);
#7129 = EDGE_CURVE('',#7130,#7107,#7132,.T.);
#7130 = VERTEX_POINT('',#7131);
#7131 = CARTESIAN_POINT('',(99.000109318702,-359.,0.));
#7132 = SURFACE_CURVE('',#7133,(#7137,#7144),.PCURVE_S1.);
#7133 = LINE('',#7134,#7135);
#7134 = CARTESIAN_POINT('',(99.000109318702,-359.,0.));
#7135 = VECTOR('',#7136,1.);
#7136 = DIRECTION('',(-0.,-0.,-1.));
#7137 = PCURVE('',#7064,#7138);
#7138 = DEFINITIONAL_REPRESENTATION('',(#7139),#7143);
#7139 = LINE('',#7140,#7141);
#7140 = CARTESIAN_POINT('',(235.38532907929,0.));
#7141 = VECTOR('',#7142,1.);
#7142 = DIRECTION('',(0.,-1.));
#7143 = ( GEOMETRIC_REPRESENTATION_CONTEXT(2) 
PARAMETRIC_REPRESENTATION_CONTEXT() REPRESENTATION_CONTEXT('2D SPACE',''
  ) );
#7144 = PCURVE('',#7145,#7150);
#7145 = CYLINDRICAL_SURFACE('',#7146,99.586116728374);
#7146 = AXIS2_PLACEMENT_3D('',#7147,#7148,#7149);
#7147 = CARTESIAN_POINT('',(8.54712196088E-05,-348.2115838402,0.));
#7148 = DIRECTION('',(-0.,0.,1.));
#7149 = DIRECTION('',(0.994114712973,-0.108332531824,0.));
#7150 = DEFINITIONAL_REPRESENTATION('',(#7151),#7155);
#7151 = LINE('',#7152,#7153);
#7152 = CARTESIAN_POINT('',(-5.551115123126E-17,0.));
#7153 = VECTOR('',#7154,1.);
#7154 = DIRECTION('',(-0.,-1.));
#7155 = ( GEOMETRIC_REPRESENTATION_CONTEXT(2) 
PARAMETRIC_REPRESENTATION_CONTEXT() REPRESENTATION_CONTEXT('2D SPACE',''
  ) );
#7156 = ORIENTED_EDGE('',*,*,#7157,.F.);
#7157 = EDGE_CURVE('',#7049,#7130,#7158,.T.);
#7158 = SURFACE_CURVE('',#7159,(#7163,#7170),.PCURVE_S1.);
#7159 = LINE('',#7160,#7161);
#7160 = CARTESIAN_POINT('',(124.49999797213,-124.9999811443,0.));
#7161 = VECTOR('',#7162,1.);
#7162 = DIRECTION('',(-0.108332531824,-0.994114712973,0.));
#7163 = PCURVE('',#7064,#7164);
#7164 = DEFINITIONAL_REPRESENTATION('',(#7165),#7169);
#7165 = LINE('',#7166,#7167);
#7166 = CARTESIAN_POINT('',(0.,0.));
#7167 = VECTOR('',#7168,1.);
#7168 = DIRECTION('',(1.,0.));
#7169 = ( GEOMETRIC_REPRESENTATION_CONTEXT(2) 
PARAMETRIC_REPRESENTATION_CONTEXT() REPRESENTATION_CONTEXT('2D SPACE',''
  ) );
#7170 = PCURVE('',#7090,#7171);
#7171 = DEFINITIONAL_REPRESENTATION('',(#7172),#7176);
#7172 = LINE('',#7173,#7174);
#7173 = CARTESIAN_POINT('',(-124.4999543976,135.0184383769));
#7174 = VECTOR('',#7175,1.);
#7175 = DIRECTION('',(0.108332531824,-0.994114712973));
#7176 = ( GEOMETRIC_REPRESENTATION_CONTEXT(2) 
PARAMETRIC_REPRESENTATION_CONTEXT() REPRESENTATION_CONTEXT('2D SPACE',''
  ) );
#7177 = ADVANCED_FACE('',(#7178),#7145,.T.);
#7178 = FACE_BOUND('',#7179,.F.);
#7179 = EDGE_LOOP('',(#7180,#7181,#7205,#7233));
#7180 = ORIENTED_EDGE('',*,*,#7129,.T.);
#7181 = ORIENTED_EDGE('',*,*,#7182,.T.);
#7182 = EDGE_CURVE('',#7107,#7183,#7185,.T.);
#7183 = VERTEX_POINT('',#7184);
#7184 = CARTESIAN_POINT('',(-98.99993847845,-358.9999990622,-81.));
#7185 = SURFACE_CURVE('',#7186,(#7191,#7198),.PCURVE_S1.);
#7186 = CIRCLE('',#7187,99.586116728374);
#7187 = AXIS2_PLACEMENT_3D('',#7188,#7189,#7190);
#7188 = CARTESIAN_POINT('',(8.54712196088E-05,-348.2115838402,-81.));
#7189 = DIRECTION('',(0.,-0.,-1.));
#7190 = DIRECTION('',(0.994114712973,-0.108332531824,0.));
#7191 = PCURVE('',#7145,#7192);
#7192 = DEFINITIONAL_REPRESENTATION('',(#7193),#7197);
#7193 = LINE('',#7194,#7195);
#7194 = CARTESIAN_POINT('',(-0.,-81.));
#7195 = VECTOR('',#7196,1.);
#7196 = DIRECTION('',(-1.,0.));
#7197 = ( GEOMETRIC_REPRESENTATION_CONTEXT(2) 
PARAMETRIC_REPRESENTATION_CONTEXT() REPRESENTATION_CONTEXT('2D SPACE',''
  ) );
#7198 = PCURVE('',#7036,#7199);
#7199 = DEFINITIONAL_REPRESENTATION('',(#7200),#7204);
#7200 = CIRCLE('',#7201,99.586116728374);
#7201 = AXIS2_PLACEMENT_2D('',#7202,#7203);
#7202 = CARTESIAN_POINT('',(-4.189670455235E-05,-88.19316431899));
#7203 = DIRECTION('',(-0.994114712973,-0.108332531824));
#7204 = ( GEOMETRIC_REPRESENTATION_CONTEXT(2) 
PARAMETRIC_REPRESENTATION_CONTEXT() REPRESENTATION_CONTEXT('2D SPACE',''
  ) );
#7205 = ORIENTED_EDGE('',*,*,#7206,.F.);
#7206 = EDGE_CURVE('',#7207,#7183,#7209,.T.);
#7207 = VERTEX_POINT('',#7208);
#7208 = CARTESIAN_POINT('',(-98.99993847845,-358.9999990622,0.));
#7209 = SURFACE_CURVE('',#7210,(#7214,#7221),.PCURVE_S1.);
#7210 = LINE('',#7211,#7212);
#7211 = CARTESIAN_POINT('',(-98.99993847845,-358.9999990622,0.));
#7212 = VECTOR('',#7213,1.);
#7213 = DIRECTION('',(-0.,-0.,-1.));
#7214 = PCURVE('',#7145,#7215);
#7215 = DEFINITIONAL_REPRESENTATION('',(#7216),#7220);
#7216 = LINE('',#7217,#7218);
#7217 = CARTESIAN_POINT('',(-2.924501550915,0.));
#7218 = VECTOR('',#7219,1.);
#7219 = DIRECTION('',(-0.,-1.));
#7220 = ( GEOMETRIC_REPRESENTATION_CONTEXT(2) 
PARAMETRIC_REPRESENTATION_CONTEXT() REPRESENTATION_CONTEXT('2D SPACE',''
  ) );
#7221 = PCURVE('',#7222,#7227);
#7222 = PLANE('',#7223);
#7223 = AXIS2_PLACEMENT_3D('',#7224,#7225,#7226);
#7224 = CARTESIAN_POINT('',(-98.99993847845,-358.9999990622,0.));
#7225 = DIRECTION('',(0.994114632894,0.108333266666,-0.));
#7226 = DIRECTION('',(-0.108333266666,0.994114632894,-0.));
#7227 = DEFINITIONAL_REPRESENTATION('',(#7228),#7232);
#7228 = LINE('',#7229,#7230);
#7229 = CARTESIAN_POINT('',(0.,0.));
#7230 = VECTOR('',#7231,1.);
#7231 = DIRECTION('',(0.,-1.));
#7232 = ( GEOMETRIC_REPRESENTATION_CONTEXT(2) 
PARAMETRIC_REPRESENTATION_CONTEXT() REPRESENTATION_CONTEXT('2D SPACE',''
  ) );
#7233 = ORIENTED_EDGE('',*,*,#7234,.F.);
#7234 = EDGE_CURVE('',#7130,#7207,#7235,.T.);
#7235 = SURFACE_CURVE('',#7236,(#7241,#7248),.PCURVE_S1.);
#7236 = CIRCLE('',#7237,99.586116728374);
#7237 = AXIS2_PLACEMENT_3D('',#7238,#7239,#7240);
#7238 = CARTESIAN_POINT('',(8.54712196088E-05,-348.2115838402,0.));
#7239 = DIRECTION('',(0.,-0.,-1.));
#7240 = DIRECTION('',(0.994114712973,-0.108332531824,0.));
#7241 = PCURVE('',#7145,#7242);
#7242 = DEFINITIONAL_REPRESENTATION('',(#7243),#7247);
#7243 = LINE('',#7244,#7245);
#7244 = CARTESIAN_POINT('',(-0.,0.));
#7245 = VECTOR('',#7246,1.);
#7246 = DIRECTION('',(-1.,0.));
#7247 = ( GEOMETRIC_REPRESENTATION_CONTEXT(2) 
PARAMETRIC_REPRESENTATION_CONTEXT() REPRESENTATION_CONTEXT('2D SPACE',''
  ) );
#7248 = PCURVE('',#7090,#7249);
#7249 = DEFINITIONAL_REPRESENTATION('',(#7250),#7254);
#7250 = CIRCLE('',#7251,99.586116728374);
#7251 = AXIS2_PLACEMENT_2D('',#7252,#7253);
#7252 = CARTESIAN_POINT('',(-4.189670455235E-05,-88.19316431899));
#7253 = DIRECTION('',(-0.994114712973,-0.108332531824));
#7254 = ( GEOMETRIC_REPRESENTATION_CONTEXT(2) 
PARAMETRIC_REPRESENTATION_CONTEXT() REPRESENTATION_CONTEXT('2D SPACE',''
  ) );
#7255 = ADVANCED_FACE('',(#7256),#7222,.F.);
#7256 = FACE_BOUND('',#7257,.F.);
#7257 = EDGE_LOOP('',(#7258,#7259,#7282,#7305));
#7258 = ORIENTED_EDGE('',*,*,#7206,.T.);
#7259 = ORIENTED_EDGE('',*,*,#7260,.T.);
#7260 = EDGE_CURVE('',#7183,#7261,#7263,.T.);
#7261 = VERTEX_POINT('',#7262);
#7262 = CARTESIAN_POINT('',(-124.5,-125.,-81.));
#7263 = SURFACE_CURVE('',#7264,(#7268,#7275),.PCURVE_S1.);
#7264 = LINE('',#7265,#7266);
#7265 = CARTESIAN_POINT('',(-98.99993847845,-358.9999990622,-81.));
#7266 = VECTOR('',#7267,1.);
#7267 = DIRECTION('',(-0.108333266666,0.994114632894,-0.));
#7268 = PCURVE('',#7222,#7269);
#7269 = DEFINITIONAL_REPRESENTATION('',(#7270),#7274);
#7270 = LINE('',#7271,#7272);
#7271 = CARTESIAN_POINT('',(0.,-81.));
#7272 = VECTOR('',#7273,1.);
#7273 = DIRECTION('',(1.,0.));
#7274 = ( GEOMETRIC_REPRESENTATION_CONTEXT(2) 
PARAMETRIC_REPRESENTATION_CONTEXT() REPRESENTATION_CONTEXT('2D SPACE',''
  ) );
#7275 = PCURVE('',#7036,#7276);
#7276 = DEFINITIONAL_REPRESENTATION('',(#7277),#7281);
#7277 = LINE('',#7278,#7279);
#7278 = CARTESIAN_POINT('',(98.999982052969,-98.98157954095));
#7279 = VECTOR('',#7280,1.);
#7280 = DIRECTION('',(0.108333266666,0.994114632894));
#7281 = ( GEOMETRIC_REPRESENTATION_CONTEXT(2) 
PARAMETRIC_REPRESENTATION_CONTEXT() REPRESENTATION_CONTEXT('2D SPACE',''
  ) );
#7282 = ORIENTED_EDGE('',*,*,#7283,.F.);
#7283 = EDGE_CURVE('',#7284,#7261,#7286,.T.);
#7284 = VERTEX_POINT('',#7285);
#7285 = CARTESIAN_POINT('',(-124.5,-125.,0.));
#7286 = SURFACE_CURVE('',#7287,(#7291,#7298),.PCURVE_S1.);
#7287 = LINE('',#7288,#7289);
#7288 = CARTESIAN_POINT('',(-124.5,-125.,0.));
#7289 = VECTOR('',#7290,1.);
#7290 = DIRECTION('',(-0.,-0.,-1.));
#7291 = PCURVE('',#7222,#7292);
#7292 = DEFINITIONAL_REPRESENTATION('',(#7293),#7297);
#7293 = LINE('',#7294,#7295);
#7294 = CARTESIAN_POINT('',(235.3853281297,0.));
#7295 = VECTOR('',#7296,1.);
#7296 = DIRECTION('',(0.,-1.));
#7297 = ( GEOMETRIC_REPRESENTATION_CONTEXT(2) 
PARAMETRIC_REPRESENTATION_CONTEXT() REPRESENTATION_CONTEXT('2D SPACE',''
  ) );
#7298 = PCURVE('',#7008,#7299);
#7299 = DEFINITIONAL_REPRESENTATION('',(#7300),#7304);
#7300 = LINE('',#7301,#7302);
#7301 = CARTESIAN_POINT('',(0.,0.));
#7302 = VECTOR('',#7303,1.);
#7303 = DIRECTION('',(0.,-1.));
#7304 = ( GEOMETRIC_REPRESENTATION_CONTEXT(2) 
PARAMETRIC_REPRESENTATION_CONTEXT() REPRESENTATION_CONTEXT('2D SPACE',''
  ) );
#7305 = ORIENTED_EDGE('',*,*,#7306,.F.);
#7306 = EDGE_CURVE('',#7207,#7284,#7307,.T.);
#7307 = SURFACE_CURVE('',#7308,(#7312,#7319),.PCURVE_S1.);
#7308 = LINE('',#7309,#7310);
#7309 = CARTESIAN_POINT('',(-98.99993847845,-358.9999990622,0.));
#7310 = VECTOR('',#7311,1.);
#7311 = DIRECTION('',(-0.108333266666,0.994114632894,-0.));
#7312 = PCURVE('',#7222,#7313);
#7313 = DEFINITIONAL_REPRESENTATION('',(#7314),#7318);
#7314 = LINE('',#7315,#7316);
#7315 = CARTESIAN_POINT('',(0.,0.));
#7316 = VECTOR('',#7317,1.);
#7317 = DIRECTION('',(1.,0.));
#7318 = ( GEOMETRIC_REPRESENTATION_CONTEXT(2) 
PARAMETRIC_REPRESENTATION_CONTEXT() REPRESENTATION_CONTEXT('2D SPACE',''
  ) );
#7319 = PCURVE('',#7090,#7320);
#7320 = DEFINITIONAL_REPRESENTATION('',(#7321),#7325);
#7321 = LINE('',#7322,#7323);
#7322 = CARTESIAN_POINT('',(98.999982052969,-98.98157954095));
#7323 = VECTOR('',#7324,1.);
#7324 = DIRECTION('',(0.108333266666,0.994114632894));
#7325 = ( GEOMETRIC_REPRESENTATION_CONTEXT(2) 
PARAMETRIC_REPRESENTATION_CONTEXT() REPRESENTATION_CONTEXT('2D SPACE',''
  ) );
#7326 = ADVANCED_FACE('',(#7327),#7008,.F.);
#7327 = FACE_BOUND('',#7328,.F.);
#7328 = EDGE_LOOP('',(#7329,#7330,#7351,#7352));
#7329 = ORIENTED_EDGE('',*,*,#7283,.T.);
#7330 = ORIENTED_EDGE('',*,*,#7331,.T.);
#7331 = EDGE_CURVE('',#7261,#6988,#7332,.T.);
#7332 = SURFACE_CURVE('',#7333,(#7337,#7344),.PCURVE_S1.);
#7333 = LINE('',#7334,#7335);
#7334 = CARTESIAN_POINT('',(-124.5,-125.,-81.));
#7335 = VECTOR('',#7336,1.);
#7336 = DIRECTION('',(1.,1.514507992294E-07,0.));
#7337 = PCURVE('',#7008,#7338);
#7338 = DEFINITIONAL_REPRESENTATION('',(#7339),#7343);
#7339 = LINE('',#7340,#7341);
#7340 = CARTESIAN_POINT('',(0.,-81.));
#7341 = VECTOR('',#7342,1.);
#7342 = DIRECTION('',(1.,0.));
#7343 = ( GEOMETRIC_REPRESENTATION_CONTEXT(2) 
PARAMETRIC_REPRESENTATION_CONTEXT() REPRESENTATION_CONTEXT('2D SPACE',''
  ) );
#7344 = PCURVE('',#7036,#7345);
#7345 = DEFINITIONAL_REPRESENTATION('',(#7346),#7350);
#7346 = LINE('',#7347,#7348);
#7347 = CARTESIAN_POINT('',(124.50004357451,135.01841952128));
#7348 = VECTOR('',#7349,1.);
#7349 = DIRECTION('',(-1.,1.514507992294E-07));
#7350 = ( GEOMETRIC_REPRESENTATION_CONTEXT(2) 
PARAMETRIC_REPRESENTATION_CONTEXT() REPRESENTATION_CONTEXT('2D SPACE',''
  ) );
#7351 = ORIENTED_EDGE('',*,*,#6985,.F.);
#7352 = ORIENTED_EDGE('',*,*,#7353,.F.);
#7353 = EDGE_CURVE('',#7284,#6986,#7354,.T.);
#7354 = SURFACE_CURVE('',#7355,(#7359,#7366),.PCURVE_S1.);
#7355 = LINE('',#7356,#7357);
#7356 = CARTESIAN_POINT('',(-124.5,-125.,0.));
#7357 = VECTOR('',#7358,1.);
#7358 = DIRECTION('',(1.,1.514507992294E-07,0.));
#7359 = PCURVE('',#7008,#7360);
#7360 = DEFINITIONAL_REPRESENTATION('',(#7361),#7365);
#7361 = LINE('',#7362,#7363);
#7362 = CARTESIAN_POINT('',(0.,0.));
#7363 = VECTOR('',#7364,1.);
#7364 = DIRECTION('',(1.,0.));
#7365 = ( GEOMETRIC_REPRESENTATION_CONTEXT(2) 
PARAMETRIC_REPRESENTATION_CONTEXT() REPRESENTATION_CONTEXT('2D SPACE',''
  ) );
#7366 = PCURVE('',#7090,#7367);
#7367 = DEFINITIONAL_REPRESENTATION('',(#7368),#7372);
#7368 = LINE('',#7369,#7370);
#7369 = CARTESIAN_POINT('',(124.50004357451,135.01841952128));
#7370 = VECTOR('',#7371,1.);
#7371 = DIRECTION('',(-1.,1.514507992294E-07));
#7372 = ( GEOMETRIC_REPRESENTATION_CONTEXT(2) 
PARAMETRIC_REPRESENTATION_CONTEXT() REPRESENTATION_CONTEXT('2D SPACE',''
  ) );
#7373 = ADVANCED_FACE('',(#7374),#7090,.F.);
#7374 = FACE_BOUND('',#7375,.F.);
#7375 = EDGE_LOOP('',(#7376,#7377,#7378,#7379,#7380));
#7376 = ORIENTED_EDGE('',*,*,#7076,.T.);
#7377 = ORIENTED_EDGE('',*,*,#7157,.T.);
#7378 = ORIENTED_EDGE('',*,*,#7234,.T.);
#7379 = ORIENTED_EDGE('',*,*,#7306,.T.);
#7380 = ORIENTED_EDGE('',*,*,#7353,.T.);
#7381 = ADVANCED_FACE('',(#7382),#7036,.T.);
#7382 = FACE_BOUND('',#7383,.T.);
#7383 = EDGE_LOOP('',(#7384,#7385,#7386,#7387,#7388));
#7384 = ORIENTED_EDGE('',*,*,#7020,.T.);
#7385 = ORIENTED_EDGE('',*,*,#7106,.T.);
#7386 = ORIENTED_EDGE('',*,*,#7182,.T.);
#7387 = ORIENTED_EDGE('',*,*,#7260,.T.);
#7388 = ORIENTED_EDGE('',*,*,#7331,.T.);
#7389 = ( GEOMETRIC_REPRESENTATION_CONTEXT(3) 
GLOBAL_UNCERTAINTY_ASSIGNED_CONTEXT((#7393)) 
GLOBAL_UNIT_ASSIGNED_CONTEXT((#7390,#7391,#7392)) REPRESENTATION_CONTEXT
('Context #1','3D Context with UNIT and UNCERTAINTY') );
#7390 = ( LENGTH_UNIT() NAMED_UNIT(*) SI_UNIT(.MILLI.,.METRE.) );
#7391 = ( NAMED_UNIT(*) PLANE_ANGLE_UNIT() SI_UNIT($,.RADIAN.) );
#7392 = ( NAMED_UNIT(*) SI_UNIT($,.STERADIAN.) SOLID_ANGLE_UNIT() );
#7393 = UNCERTAINTY_MEASURE_WITH_UNIT(LENGTH_MEASURE(1.E-07),#7390,
  'distance_accuracy_value','confusion accuracy');
#7394 = PRODUCT_RELATED_PRODUCT_CATEGORY('part',$,(#7));
ENDSEC;
END-ISO-10303-21;
