ISO-10303-21;
HEADER;
FILE_DESCRIPTION(('Open CASCADE Model'),'2;1');
FILE_NAME('Open CASCADE Shape Model','2025-08-06T14:42:42',('Author'),(
    'Open CASCADE'),'Open CASCADE STEP processor 7.7','Open CASCADE 7.7'
  ,'Unknown');
FILE_SCHEMA(('AUTOMOTIVE_DESIGN { 1 0 10303 214 1 1 1 1 }'));
ENDSEC;
DATA;
#1 = APPLICATION_PROTOCOL_DEFINITION('international standard',
  'automotive_design',2000,#2);
#2 = APPLICATION_CONTEXT(
  'core data for automotive mechanical design processes');
#3 = SHAPE_DEFINITION_REPRESENTATION(#4,#10);
#4 = PRODUCT_DEFINITION_SHAPE('','',#5);
#5 = PRODUCT_DEFINITION('design','',#6,#9);
#6 = PRODUCT_DEFINITION_FORMATION('','',#7);
#7 = PRODUCT('substep_5.6','substep_5.6','',(#8));
#8 = PRODUCT_CONTEXT('',#2,'mechanical');
#9 = PRODUCT_DEFINITION_CONTEXT('part definition',#2,'design');
#10 = SHAPE_REPRESENTATION('',(#11,#15,#4421,#4893,#5271,#5529),#5939);
#11 = AXIS2_PLACEMENT_3D('',#12,#13,#14);
#12 = CARTESIAN_POINT('',(0.,0.,0.));
#13 = DIRECTION('',(0.,0.,1.));
#14 = DIRECTION('',(1.,0.,-0.));
#15 = MANIFOLD_SOLID_BREP('PartBody',#16);
#16 = CLOSED_SHELL('',(#17,#338,#414,#1063,#1296,#1345,#1416,#1443,#1498
    ,#1574,#1623,#1672,#1699,#1726,#1773,#1851,#1860,#1909,#1958,#2121,
    #2171,#2221,#2248,#2286,#2313,#2340,#2402,#2411,#2466,#2521,#2560,
    #2598,#2605,#2612,#2667,#2722,#2776,#2829,#3994,#4049,#4104,#4139,
    #4146,#4201,#4256,#4260,#4295,#4350,#4354,#4358,#4413,#4417));
#17 = ADVANCED_FACE('',(#18,#193,#224),#32,.F.);
#18 = FACE_BOUND('',#19,.F.);
#19 = EDGE_LOOP('',(#20,#55,#83,#111,#139,#167));
#20 = ORIENTED_EDGE('',*,*,#21,.F.);
#21 = EDGE_CURVE('',#22,#24,#26,.T.);
#22 = VERTEX_POINT('',#23);
#23 = CARTESIAN_POINT('',(-150.,-125.,150.));
#24 = VERTEX_POINT('',#25);
#25 = CARTESIAN_POINT('',(-150.,125.,150.));
#26 = SURFACE_CURVE('',#27,(#31,#43),.PCURVE_S1.);
#27 = LINE('',#28,#29);
#28 = CARTESIAN_POINT('',(-150.,-125.,150.));
#29 = VECTOR('',#30,1.);
#30 = DIRECTION('',(0.,1.,0.));
#31 = PCURVE('',#32,#37);
#32 = PLANE('',#33);
#33 = AXIS2_PLACEMENT_3D('',#34,#35,#36);
#34 = CARTESIAN_POINT('',(-150.,-125.,-150.));
#35 = DIRECTION('',(1.,0.,0.));
#36 = DIRECTION('',(0.,0.,1.));
#37 = DEFINITIONAL_REPRESENTATION('',(#38),#42);
#38 = LINE('',#39,#40);
#39 = CARTESIAN_POINT('',(300.,0.));
#40 = VECTOR('',#41,1.);
#41 = DIRECTION('',(0.,-1.));
#42 = ( GEOMETRIC_REPRESENTATION_CONTEXT(2) 
PARAMETRIC_REPRESENTATION_CONTEXT() REPRESENTATION_CONTEXT('2D SPACE',''
  ) );
#43 = PCURVE('',#44,#49);
#44 = PLANE('',#45);
#45 = AXIS2_PLACEMENT_3D('',#46,#47,#48);
#46 = CARTESIAN_POINT('',(-150.,-125.,150.));
#47 = DIRECTION('',(0.,0.,1.));
#48 = DIRECTION('',(1.,0.,0.));
#49 = DEFINITIONAL_REPRESENTATION('',(#50),#54);
#50 = LINE('',#51,#52);
#51 = CARTESIAN_POINT('',(0.,0.));
#52 = VECTOR('',#53,1.);
#53 = DIRECTION('',(0.,1.));
#54 = ( GEOMETRIC_REPRESENTATION_CONTEXT(2) 
PARAMETRIC_REPRESENTATION_CONTEXT() REPRESENTATION_CONTEXT('2D SPACE',''
  ) );
#55 = ORIENTED_EDGE('',*,*,#56,.F.);
#56 = EDGE_CURVE('',#57,#22,#59,.T.);
#57 = VERTEX_POINT('',#58);
#58 = CARTESIAN_POINT('',(-150.,-125.,-150.));
#59 = SURFACE_CURVE('',#60,(#64,#71),.PCURVE_S1.);
#60 = LINE('',#61,#62);
#61 = CARTESIAN_POINT('',(-150.,-125.,-150.));
#62 = VECTOR('',#63,1.);
#63 = DIRECTION('',(0.,0.,1.));
#64 = PCURVE('',#32,#65);
#65 = DEFINITIONAL_REPRESENTATION('',(#66),#70);
#66 = LINE('',#67,#68);
#67 = CARTESIAN_POINT('',(0.,0.));
#68 = VECTOR('',#69,1.);
#69 = DIRECTION('',(1.,0.));
#70 = ( GEOMETRIC_REPRESENTATION_CONTEXT(2) 
PARAMETRIC_REPRESENTATION_CONTEXT() REPRESENTATION_CONTEXT('2D SPACE',''
  ) );
#71 = PCURVE('',#72,#77);
#72 = PLANE('',#73);
#73 = AXIS2_PLACEMENT_3D('',#74,#75,#76);
#74 = CARTESIAN_POINT('',(-150.,-125.,-150.));
#75 = DIRECTION('',(0.,1.,0.));
#76 = DIRECTION('',(0.,0.,1.));
#77 = DEFINITIONAL_REPRESENTATION('',(#78),#82);
#78 = LINE('',#79,#80);
#79 = CARTESIAN_POINT('',(0.,0.));
#80 = VECTOR('',#81,1.);
#81 = DIRECTION('',(1.,0.));
#82 = ( GEOMETRIC_REPRESENTATION_CONTEXT(2) 
PARAMETRIC_REPRESENTATION_CONTEXT() REPRESENTATION_CONTEXT('2D SPACE',''
  ) );
#83 = ORIENTED_EDGE('',*,*,#84,.T.);
#84 = EDGE_CURVE('',#57,#85,#87,.T.);
#85 = VERTEX_POINT('',#86);
#86 = CARTESIAN_POINT('',(-150.,86.,-150.));
#87 = SURFACE_CURVE('',#88,(#92,#99),.PCURVE_S1.);
#88 = LINE('',#89,#90);
#89 = CARTESIAN_POINT('',(-150.,-125.,-150.));
#90 = VECTOR('',#91,1.);
#91 = DIRECTION('',(0.,1.,0.));
#92 = PCURVE('',#32,#93);
#93 = DEFINITIONAL_REPRESENTATION('',(#94),#98);
#94 = LINE('',#95,#96);
#95 = CARTESIAN_POINT('',(0.,0.));
#96 = VECTOR('',#97,1.);
#97 = DIRECTION('',(0.,-1.));
#98 = ( GEOMETRIC_REPRESENTATION_CONTEXT(2) 
PARAMETRIC_REPRESENTATION_CONTEXT() REPRESENTATION_CONTEXT('2D SPACE',''
  ) );
#99 = PCURVE('',#100,#105);
#100 = PLANE('',#101);
#101 = AXIS2_PLACEMENT_3D('',#102,#103,#104);
#102 = CARTESIAN_POINT('',(-150.,-125.,-150.));
#103 = DIRECTION('',(0.,0.,1.));
#104 = DIRECTION('',(1.,0.,0.));
#105 = DEFINITIONAL_REPRESENTATION('',(#106),#110);
#106 = LINE('',#107,#108);
#107 = CARTESIAN_POINT('',(0.,0.));
#108 = VECTOR('',#109,1.);
#109 = DIRECTION('',(0.,1.));
#110 = ( GEOMETRIC_REPRESENTATION_CONTEXT(2) 
PARAMETRIC_REPRESENTATION_CONTEXT() REPRESENTATION_CONTEXT('2D SPACE',''
  ) );
#111 = ORIENTED_EDGE('',*,*,#112,.F.);
#112 = EDGE_CURVE('',#113,#85,#115,.T.);
#113 = VERTEX_POINT('',#114);
#114 = CARTESIAN_POINT('',(-150.,86.,-87.));
#115 = SURFACE_CURVE('',#116,(#120,#127),.PCURVE_S1.);
#116 = LINE('',#117,#118);
#117 = CARTESIAN_POINT('',(-150.,86.,-87.));
#118 = VECTOR('',#119,1.);
#119 = DIRECTION('',(0.,0.,-1.));
#120 = PCURVE('',#32,#121);
#121 = DEFINITIONAL_REPRESENTATION('',(#122),#126);
#122 = LINE('',#123,#124);
#123 = CARTESIAN_POINT('',(63.,-211.));
#124 = VECTOR('',#125,1.);
#125 = DIRECTION('',(-1.,0.));
#126 = ( GEOMETRIC_REPRESENTATION_CONTEXT(2) 
PARAMETRIC_REPRESENTATION_CONTEXT() REPRESENTATION_CONTEXT('2D SPACE',''
  ) );
#127 = PCURVE('',#128,#133);
#128 = PLANE('',#129);
#129 = AXIS2_PLACEMENT_3D('',#130,#131,#132);
#130 = CARTESIAN_POINT('',(-150.,86.,-87.));
#131 = DIRECTION('',(0.,1.,0.));
#132 = DIRECTION('',(0.,0.,-1.));
#133 = DEFINITIONAL_REPRESENTATION('',(#134),#138);
#134 = LINE('',#135,#136);
#135 = CARTESIAN_POINT('',(0.,0.));
#136 = VECTOR('',#137,1.);
#137 = DIRECTION('',(1.,0.));
#138 = ( GEOMETRIC_REPRESENTATION_CONTEXT(2) 
PARAMETRIC_REPRESENTATION_CONTEXT() REPRESENTATION_CONTEXT('2D SPACE',''
  ) );
#139 = ORIENTED_EDGE('',*,*,#140,.F.);
#140 = EDGE_CURVE('',#141,#113,#143,.T.);
#141 = VERTEX_POINT('',#142);
#142 = CARTESIAN_POINT('',(-150.,125.,-87.));
#143 = SURFACE_CURVE('',#144,(#148,#155),.PCURVE_S1.);
#144 = LINE('',#145,#146);
#145 = CARTESIAN_POINT('',(-150.,125.,-87.));
#146 = VECTOR('',#147,1.);
#147 = DIRECTION('',(0.,-1.,0.));
#148 = PCURVE('',#32,#149);
#149 = DEFINITIONAL_REPRESENTATION('',(#150),#154);
#150 = LINE('',#151,#152);
#151 = CARTESIAN_POINT('',(63.,-250.));
#152 = VECTOR('',#153,1.);
#153 = DIRECTION('',(0.,1.));
#154 = ( GEOMETRIC_REPRESENTATION_CONTEXT(2) 
PARAMETRIC_REPRESENTATION_CONTEXT() REPRESENTATION_CONTEXT('2D SPACE',''
  ) );
#155 = PCURVE('',#156,#161);
#156 = PLANE('',#157);
#157 = AXIS2_PLACEMENT_3D('',#158,#159,#160);
#158 = CARTESIAN_POINT('',(-150.,125.,-87.));
#159 = DIRECTION('',(0.,-0.,-1.));
#160 = DIRECTION('',(0.,-1.,0.));
#161 = DEFINITIONAL_REPRESENTATION('',(#162),#166);
#162 = LINE('',#163,#164);
#163 = CARTESIAN_POINT('',(0.,0.));
#164 = VECTOR('',#165,1.);
#165 = DIRECTION('',(1.,0.));
#166 = ( GEOMETRIC_REPRESENTATION_CONTEXT(2) 
PARAMETRIC_REPRESENTATION_CONTEXT() REPRESENTATION_CONTEXT('2D SPACE',''
  ) );
#167 = ORIENTED_EDGE('',*,*,#168,.T.);
#168 = EDGE_CURVE('',#141,#24,#169,.T.);
#169 = SURFACE_CURVE('',#170,(#174,#181),.PCURVE_S1.);
#170 = LINE('',#171,#172);
#171 = CARTESIAN_POINT('',(-150.,125.,-150.));
#172 = VECTOR('',#173,1.);
#173 = DIRECTION('',(0.,0.,1.));
#174 = PCURVE('',#32,#175);
#175 = DEFINITIONAL_REPRESENTATION('',(#176),#180);
#176 = LINE('',#177,#178);
#177 = CARTESIAN_POINT('',(0.,-250.));
#178 = VECTOR('',#179,1.);
#179 = DIRECTION('',(1.,0.));
#180 = ( GEOMETRIC_REPRESENTATION_CONTEXT(2) 
PARAMETRIC_REPRESENTATION_CONTEXT() REPRESENTATION_CONTEXT('2D SPACE',''
  ) );
#181 = PCURVE('',#182,#187);
#182 = PLANE('',#183);
#183 = AXIS2_PLACEMENT_3D('',#184,#185,#186);
#184 = CARTESIAN_POINT('',(-150.,125.,-150.));
#185 = DIRECTION('',(0.,1.,0.));
#186 = DIRECTION('',(0.,0.,1.));
#187 = DEFINITIONAL_REPRESENTATION('',(#188),#192);
#188 = LINE('',#189,#190);
#189 = CARTESIAN_POINT('',(0.,0.));
#190 = VECTOR('',#191,1.);
#191 = DIRECTION('',(1.,0.));
#192 = ( GEOMETRIC_REPRESENTATION_CONTEXT(2) 
PARAMETRIC_REPRESENTATION_CONTEXT() REPRESENTATION_CONTEXT('2D SPACE',''
  ) );
#193 = FACE_BOUND('',#194,.F.);
#194 = EDGE_LOOP('',(#195));
#195 = ORIENTED_EDGE('',*,*,#196,.F.);
#196 = EDGE_CURVE('',#197,#197,#199,.T.);
#197 = VERTEX_POINT('',#198);
#198 = CARTESIAN_POINT('',(-150.,85.375,58.175));
#199 = SURFACE_CURVE('',#200,(#205,#212),.PCURVE_S1.);
#200 = CIRCLE('',#201,5.6);
#201 = AXIS2_PLACEMENT_3D('',#202,#203,#204);
#202 = CARTESIAN_POINT('',(-150.,85.375,52.575));
#203 = DIRECTION('',(1.,0.,-0.));
#204 = DIRECTION('',(0.,0.,1.));
#205 = PCURVE('',#32,#206);
#206 = DEFINITIONAL_REPRESENTATION('',(#207),#211);
#207 = CIRCLE('',#208,5.6);
#208 = AXIS2_PLACEMENT_2D('',#209,#210);
#209 = CARTESIAN_POINT('',(202.575,-210.375));
#210 = DIRECTION('',(1.,0.));
#211 = ( GEOMETRIC_REPRESENTATION_CONTEXT(2) 
PARAMETRIC_REPRESENTATION_CONTEXT() REPRESENTATION_CONTEXT('2D SPACE',''
  ) );
#212 = PCURVE('',#213,#218);
#213 = CYLINDRICAL_SURFACE('',#214,5.6);
#214 = AXIS2_PLACEMENT_3D('',#215,#216,#217);
#215 = CARTESIAN_POINT('',(-150.,85.375,52.575));
#216 = DIRECTION('',(-1.,-0.,0.));
#217 = DIRECTION('',(0.,0.,1.));
#218 = DEFINITIONAL_REPRESENTATION('',(#219),#223);
#219 = LINE('',#220,#221);
#220 = CARTESIAN_POINT('',(-0.,0.));
#221 = VECTOR('',#222,1.);
#222 = DIRECTION('',(-1.,0.));
#223 = ( GEOMETRIC_REPRESENTATION_CONTEXT(2) 
PARAMETRIC_REPRESENTATION_CONTEXT() REPRESENTATION_CONTEXT('2D SPACE',''
  ) );
#224 = FACE_BOUND('',#225,.F.);
#225 = EDGE_LOOP('',(#226,#256,#284,#312));
#226 = ORIENTED_EDGE('',*,*,#227,.T.);
#227 = EDGE_CURVE('',#228,#230,#232,.T.);
#228 = VERTEX_POINT('',#229);
#229 = CARTESIAN_POINT('',(-150.,74.75,92.1));
#230 = VERTEX_POINT('',#231);
#231 = CARTESIAN_POINT('',(-150.,93.75,92.1));
#232 = SURFACE_CURVE('',#233,(#237,#244),.PCURVE_S1.);
#233 = LINE('',#234,#235);
#234 = CARTESIAN_POINT('',(-150.,74.75,92.1));
#235 = VECTOR('',#236,1.);
#236 = DIRECTION('',(0.,1.,0.));
#237 = PCURVE('',#32,#238);
#238 = DEFINITIONAL_REPRESENTATION('',(#239),#243);
#239 = LINE('',#240,#241);
#240 = CARTESIAN_POINT('',(242.1,-199.75));
#241 = VECTOR('',#242,1.);
#242 = DIRECTION('',(0.,-1.));
#243 = ( GEOMETRIC_REPRESENTATION_CONTEXT(2) 
PARAMETRIC_REPRESENTATION_CONTEXT() REPRESENTATION_CONTEXT('2D SPACE',''
  ) );
#244 = PCURVE('',#245,#250);
#245 = PLANE('',#246);
#246 = AXIS2_PLACEMENT_3D('',#247,#248,#249);
#247 = CARTESIAN_POINT('',(-150.,74.75,92.1));
#248 = DIRECTION('',(-0.,0.,1.));
#249 = DIRECTION('',(0.,1.,0.));
#250 = DEFINITIONAL_REPRESENTATION('',(#251),#255);
#251 = LINE('',#252,#253);
#252 = CARTESIAN_POINT('',(0.,0.));
#253 = VECTOR('',#254,1.);
#254 = DIRECTION('',(1.,0.));
#255 = ( GEOMETRIC_REPRESENTATION_CONTEXT(2) 
PARAMETRIC_REPRESENTATION_CONTEXT() REPRESENTATION_CONTEXT('2D SPACE',''
  ) );
#256 = ORIENTED_EDGE('',*,*,#257,.T.);
#257 = EDGE_CURVE('',#230,#258,#260,.T.);
#258 = VERTEX_POINT('',#259);
#259 = CARTESIAN_POINT('',(-150.,93.75,63.1));
#260 = SURFACE_CURVE('',#261,(#265,#272),.PCURVE_S1.);
#261 = LINE('',#262,#263);
#262 = CARTESIAN_POINT('',(-150.,93.75,92.1));
#263 = VECTOR('',#264,1.);
#264 = DIRECTION('',(0.,0.,-1.));
#265 = PCURVE('',#32,#266);
#266 = DEFINITIONAL_REPRESENTATION('',(#267),#271);
#267 = LINE('',#268,#269);
#268 = CARTESIAN_POINT('',(242.1,-218.75));
#269 = VECTOR('',#270,1.);
#270 = DIRECTION('',(-1.,0.));
#271 = ( GEOMETRIC_REPRESENTATION_CONTEXT(2) 
PARAMETRIC_REPRESENTATION_CONTEXT() REPRESENTATION_CONTEXT('2D SPACE',''
  ) );
#272 = PCURVE('',#273,#278);
#273 = PLANE('',#274);
#274 = AXIS2_PLACEMENT_3D('',#275,#276,#277);
#275 = CARTESIAN_POINT('',(-150.,93.75,92.1));
#276 = DIRECTION('',(0.,1.,0.));
#277 = DIRECTION('',(0.,0.,-1.));
#278 = DEFINITIONAL_REPRESENTATION('',(#279),#283);
#279 = LINE('',#280,#281);
#280 = CARTESIAN_POINT('',(0.,0.));
#281 = VECTOR('',#282,1.);
#282 = DIRECTION('',(1.,0.));
#283 = ( GEOMETRIC_REPRESENTATION_CONTEXT(2) 
PARAMETRIC_REPRESENTATION_CONTEXT() REPRESENTATION_CONTEXT('2D SPACE',''
  ) );
#284 = ORIENTED_EDGE('',*,*,#285,.T.);
#285 = EDGE_CURVE('',#258,#286,#288,.T.);
#286 = VERTEX_POINT('',#287);
#287 = CARTESIAN_POINT('',(-150.,74.75,63.1));
#288 = SURFACE_CURVE('',#289,(#293,#300),.PCURVE_S1.);
#289 = LINE('',#290,#291);
#290 = CARTESIAN_POINT('',(-150.,93.75,63.1));
#291 = VECTOR('',#292,1.);
#292 = DIRECTION('',(0.,-1.,-0.));
#293 = PCURVE('',#32,#294);
#294 = DEFINITIONAL_REPRESENTATION('',(#295),#299);
#295 = LINE('',#296,#297);
#296 = CARTESIAN_POINT('',(213.1,-218.75));
#297 = VECTOR('',#298,1.);
#298 = DIRECTION('',(0.,1.));
#299 = ( GEOMETRIC_REPRESENTATION_CONTEXT(2) 
PARAMETRIC_REPRESENTATION_CONTEXT() REPRESENTATION_CONTEXT('2D SPACE',''
  ) );
#300 = PCURVE('',#301,#306);
#301 = PLANE('',#302);
#302 = AXIS2_PLACEMENT_3D('',#303,#304,#305);
#303 = CARTESIAN_POINT('',(-150.,93.75,63.1));
#304 = DIRECTION('',(0.,0.,-1.));
#305 = DIRECTION('',(0.,-1.,0.));
#306 = DEFINITIONAL_REPRESENTATION('',(#307),#311);
#307 = LINE('',#308,#309);
#308 = CARTESIAN_POINT('',(0.,-0.));
#309 = VECTOR('',#310,1.);
#310 = DIRECTION('',(1.,0.));
#311 = ( GEOMETRIC_REPRESENTATION_CONTEXT(2) 
PARAMETRIC_REPRESENTATION_CONTEXT() REPRESENTATION_CONTEXT('2D SPACE',''
  ) );
#312 = ORIENTED_EDGE('',*,*,#313,.T.);
#313 = EDGE_CURVE('',#286,#228,#314,.T.);
#314 = SURFACE_CURVE('',#315,(#319,#326),.PCURVE_S1.);
#315 = LINE('',#316,#317);
#316 = CARTESIAN_POINT('',(-150.,74.75,63.1));
#317 = VECTOR('',#318,1.);
#318 = DIRECTION('',(0.,0.,1.));
#319 = PCURVE('',#32,#320);
#320 = DEFINITIONAL_REPRESENTATION('',(#321),#325);
#321 = LINE('',#322,#323);
#322 = CARTESIAN_POINT('',(213.1,-199.75));
#323 = VECTOR('',#324,1.);
#324 = DIRECTION('',(1.,0.));
#325 = ( GEOMETRIC_REPRESENTATION_CONTEXT(2) 
PARAMETRIC_REPRESENTATION_CONTEXT() REPRESENTATION_CONTEXT('2D SPACE',''
  ) );
#326 = PCURVE('',#327,#332);
#327 = PLANE('',#328);
#328 = AXIS2_PLACEMENT_3D('',#329,#330,#331);
#329 = CARTESIAN_POINT('',(-150.,74.75,63.1));
#330 = DIRECTION('',(-0.,-1.,0.));
#331 = DIRECTION('',(0.,0.,1.));
#332 = DEFINITIONAL_REPRESENTATION('',(#333),#337);
#333 = LINE('',#334,#335);
#334 = CARTESIAN_POINT('',(0.,0.));
#335 = VECTOR('',#336,1.);
#336 = DIRECTION('',(1.,0.));
#337 = ( GEOMETRIC_REPRESENTATION_CONTEXT(2) 
PARAMETRIC_REPRESENTATION_CONTEXT() REPRESENTATION_CONTEXT('2D SPACE',''
  ) );
#338 = ADVANCED_FACE('',(#339),#44,.T.);
#339 = FACE_BOUND('',#340,.T.);
#340 = EDGE_LOOP('',(#341,#364,#365,#388));
#341 = ORIENTED_EDGE('',*,*,#342,.F.);
#342 = EDGE_CURVE('',#24,#343,#345,.T.);
#343 = VERTEX_POINT('',#344);
#344 = CARTESIAN_POINT('',(-58.5,125.,150.));
#345 = SURFACE_CURVE('',#346,(#350,#357),.PCURVE_S1.);
#346 = LINE('',#347,#348);
#347 = CARTESIAN_POINT('',(-150.,125.,150.));
#348 = VECTOR('',#349,1.);
#349 = DIRECTION('',(1.,0.,0.));
#350 = PCURVE('',#44,#351);
#351 = DEFINITIONAL_REPRESENTATION('',(#352),#356);
#352 = LINE('',#353,#354);
#353 = CARTESIAN_POINT('',(0.,250.));
#354 = VECTOR('',#355,1.);
#355 = DIRECTION('',(1.,0.));
#356 = ( GEOMETRIC_REPRESENTATION_CONTEXT(2) 
PARAMETRIC_REPRESENTATION_CONTEXT() REPRESENTATION_CONTEXT('2D SPACE',''
  ) );
#357 = PCURVE('',#182,#358);
#358 = DEFINITIONAL_REPRESENTATION('',(#359),#363);
#359 = LINE('',#360,#361);
#360 = CARTESIAN_POINT('',(300.,0.));
#361 = VECTOR('',#362,1.);
#362 = DIRECTION('',(0.,1.));
#363 = ( GEOMETRIC_REPRESENTATION_CONTEXT(2) 
PARAMETRIC_REPRESENTATION_CONTEXT() REPRESENTATION_CONTEXT('2D SPACE',''
  ) );
#364 = ORIENTED_EDGE('',*,*,#21,.F.);
#365 = ORIENTED_EDGE('',*,*,#366,.T.);
#366 = EDGE_CURVE('',#22,#367,#369,.T.);
#367 = VERTEX_POINT('',#368);
#368 = CARTESIAN_POINT('',(-58.5,-125.,150.));
#369 = SURFACE_CURVE('',#370,(#374,#381),.PCURVE_S1.);
#370 = LINE('',#371,#372);
#371 = CARTESIAN_POINT('',(-150.,-125.,150.));
#372 = VECTOR('',#373,1.);
#373 = DIRECTION('',(1.,0.,0.));
#374 = PCURVE('',#44,#375);
#375 = DEFINITIONAL_REPRESENTATION('',(#376),#380);
#376 = LINE('',#377,#378);
#377 = CARTESIAN_POINT('',(0.,0.));
#378 = VECTOR('',#379,1.);
#379 = DIRECTION('',(1.,0.));
#380 = ( GEOMETRIC_REPRESENTATION_CONTEXT(2) 
PARAMETRIC_REPRESENTATION_CONTEXT() REPRESENTATION_CONTEXT('2D SPACE',''
  ) );
#381 = PCURVE('',#72,#382);
#382 = DEFINITIONAL_REPRESENTATION('',(#383),#387);
#383 = LINE('',#384,#385);
#384 = CARTESIAN_POINT('',(300.,0.));
#385 = VECTOR('',#386,1.);
#386 = DIRECTION('',(0.,1.));
#387 = ( GEOMETRIC_REPRESENTATION_CONTEXT(2) 
PARAMETRIC_REPRESENTATION_CONTEXT() REPRESENTATION_CONTEXT('2D SPACE',''
  ) );
#388 = ORIENTED_EDGE('',*,*,#389,.F.);
#389 = EDGE_CURVE('',#343,#367,#390,.T.);
#390 = SURFACE_CURVE('',#391,(#395,#402),.PCURVE_S1.);
#391 = LINE('',#392,#393);
#392 = CARTESIAN_POINT('',(-58.5,125.,150.));
#393 = VECTOR('',#394,1.);
#394 = DIRECTION('',(0.,-1.,0.));
#395 = PCURVE('',#44,#396);
#396 = DEFINITIONAL_REPRESENTATION('',(#397),#401);
#397 = LINE('',#398,#399);
#398 = CARTESIAN_POINT('',(91.5,250.));
#399 = VECTOR('',#400,1.);
#400 = DIRECTION('',(0.,-1.));
#401 = ( GEOMETRIC_REPRESENTATION_CONTEXT(2) 
PARAMETRIC_REPRESENTATION_CONTEXT() REPRESENTATION_CONTEXT('2D SPACE',''
  ) );
#402 = PCURVE('',#403,#408);
#403 = PLANE('',#404);
#404 = AXIS2_PLACEMENT_3D('',#405,#406,#407);
#405 = CARTESIAN_POINT('',(-58.5,125.,150.));
#406 = DIRECTION('',(-1.,0.,0.));
#407 = DIRECTION('',(0.,-1.,0.));
#408 = DEFINITIONAL_REPRESENTATION('',(#409),#413);
#409 = LINE('',#410,#411);
#410 = CARTESIAN_POINT('',(0.,0.));
#411 = VECTOR('',#412,1.);
#412 = DIRECTION('',(1.,0.));
#413 = ( GEOMETRIC_REPRESENTATION_CONTEXT(2) 
PARAMETRIC_REPRESENTATION_CONTEXT() REPRESENTATION_CONTEXT('2D SPACE',''
  ) );
#414 = ADVANCED_FACE('',(#415,#993,#1028),#182,.T.);
#415 = FACE_BOUND('',#416,.T.);
#416 = EDGE_LOOP('',(#417,#447,#475,#503,#531,#559,#587,#615,#643,#666,
    #694,#722,#750,#773,#796,#824,#847,#875,#896,#897,#898,#921,#949,
    #972));
#417 = ORIENTED_EDGE('',*,*,#418,.F.);
#418 = EDGE_CURVE('',#419,#421,#423,.T.);
#419 = VERTEX_POINT('',#420);
#420 = CARTESIAN_POINT('',(42.,125.,150.));
#421 = VERTEX_POINT('',#422);
#422 = CARTESIAN_POINT('',(42.,125.,90.));
#423 = SURFACE_CURVE('',#424,(#428,#435),.PCURVE_S1.);
#424 = LINE('',#425,#426);
#425 = CARTESIAN_POINT('',(42.,125.,150.));
#426 = VECTOR('',#427,1.);
#427 = DIRECTION('',(-0.,0.,-1.));
#428 = PCURVE('',#182,#429);
#429 = DEFINITIONAL_REPRESENTATION('',(#430),#434);
#430 = LINE('',#431,#432);
#431 = CARTESIAN_POINT('',(300.,192.));
#432 = VECTOR('',#433,1.);
#433 = DIRECTION('',(-1.,0.));
#434 = ( GEOMETRIC_REPRESENTATION_CONTEXT(2) 
PARAMETRIC_REPRESENTATION_CONTEXT() REPRESENTATION_CONTEXT('2D SPACE',''
  ) );
#435 = PCURVE('',#436,#441);
#436 = PLANE('',#437);
#437 = AXIS2_PLACEMENT_3D('',#438,#439,#440);
#438 = CARTESIAN_POINT('',(42.,-125.,150.));
#439 = DIRECTION('',(1.,0.,-0.));
#440 = DIRECTION('',(0.,1.,0.));
#441 = DEFINITIONAL_REPRESENTATION('',(#442),#446);
#442 = LINE('',#443,#444);
#443 = CARTESIAN_POINT('',(250.,0.));
#444 = VECTOR('',#445,1.);
#445 = DIRECTION('',(0.,-1.));
#446 = ( GEOMETRIC_REPRESENTATION_CONTEXT(2) 
PARAMETRIC_REPRESENTATION_CONTEXT() REPRESENTATION_CONTEXT('2D SPACE',''
  ) );
#447 = ORIENTED_EDGE('',*,*,#448,.T.);
#448 = EDGE_CURVE('',#419,#449,#451,.T.);
#449 = VERTEX_POINT('',#450);
#450 = CARTESIAN_POINT('',(91.,125.,150.));
#451 = SURFACE_CURVE('',#452,(#456,#463),.PCURVE_S1.);
#452 = LINE('',#453,#454);
#453 = CARTESIAN_POINT('',(-150.,125.,150.));
#454 = VECTOR('',#455,1.);
#455 = DIRECTION('',(1.,0.,0.));
#456 = PCURVE('',#182,#457);
#457 = DEFINITIONAL_REPRESENTATION('',(#458),#462);
#458 = LINE('',#459,#460);
#459 = CARTESIAN_POINT('',(300.,0.));
#460 = VECTOR('',#461,1.);
#461 = DIRECTION('',(0.,1.));
#462 = ( GEOMETRIC_REPRESENTATION_CONTEXT(2) 
PARAMETRIC_REPRESENTATION_CONTEXT() REPRESENTATION_CONTEXT('2D SPACE',''
  ) );
#463 = PCURVE('',#464,#469);
#464 = PLANE('',#465);
#465 = AXIS2_PLACEMENT_3D('',#466,#467,#468);
#466 = CARTESIAN_POINT('',(-150.,-125.,150.));
#467 = DIRECTION('',(0.,0.,1.));
#468 = DIRECTION('',(1.,0.,0.));
#469 = DEFINITIONAL_REPRESENTATION('',(#470),#474);
#470 = LINE('',#471,#472);
#471 = CARTESIAN_POINT('',(0.,250.));
#472 = VECTOR('',#473,1.);
#473 = DIRECTION('',(1.,0.));
#474 = ( GEOMETRIC_REPRESENTATION_CONTEXT(2) 
PARAMETRIC_REPRESENTATION_CONTEXT() REPRESENTATION_CONTEXT('2D SPACE',''
  ) );
#475 = ORIENTED_EDGE('',*,*,#476,.T.);
#476 = EDGE_CURVE('',#449,#477,#479,.T.);
#477 = VERTEX_POINT('',#478);
#478 = CARTESIAN_POINT('',(91.,125.,119.));
#479 = SURFACE_CURVE('',#480,(#484,#491),.PCURVE_S1.);
#480 = LINE('',#481,#482);
#481 = CARTESIAN_POINT('',(91.,125.,150.));
#482 = VECTOR('',#483,1.);
#483 = DIRECTION('',(-0.,-0.,-1.));
#484 = PCURVE('',#182,#485);
#485 = DEFINITIONAL_REPRESENTATION('',(#486),#490);
#486 = LINE('',#487,#488);
#487 = CARTESIAN_POINT('',(300.,241.));
#488 = VECTOR('',#489,1.);
#489 = DIRECTION('',(-1.,0.));
#490 = ( GEOMETRIC_REPRESENTATION_CONTEXT(2) 
PARAMETRIC_REPRESENTATION_CONTEXT() REPRESENTATION_CONTEXT('2D SPACE',''
  ) );
#491 = PCURVE('',#492,#497);
#492 = PLANE('',#493);
#493 = AXIS2_PLACEMENT_3D('',#494,#495,#496);
#494 = CARTESIAN_POINT('',(91.,-67.,150.));
#495 = DIRECTION('',(1.,0.,-0.));
#496 = DIRECTION('',(0.,1.,0.));
#497 = DEFINITIONAL_REPRESENTATION('',(#498),#502);
#498 = LINE('',#499,#500);
#499 = CARTESIAN_POINT('',(192.,0.));
#500 = VECTOR('',#501,1.);
#501 = DIRECTION('',(-0.,-1.));
#502 = ( GEOMETRIC_REPRESENTATION_CONTEXT(2) 
PARAMETRIC_REPRESENTATION_CONTEXT() REPRESENTATION_CONTEXT('2D SPACE',''
  ) );
#503 = ORIENTED_EDGE('',*,*,#504,.T.);
#504 = EDGE_CURVE('',#477,#505,#507,.T.);
#505 = VERTEX_POINT('',#506);
#506 = CARTESIAN_POINT('',(150.,125.,119.));
#507 = SURFACE_CURVE('',#508,(#512,#519),.PCURVE_S1.);
#508 = LINE('',#509,#510);
#509 = CARTESIAN_POINT('',(91.,125.,119.));
#510 = VECTOR('',#511,1.);
#511 = DIRECTION('',(1.,-0.,0.));
#512 = PCURVE('',#182,#513);
#513 = DEFINITIONAL_REPRESENTATION('',(#514),#518);
#514 = LINE('',#515,#516);
#515 = CARTESIAN_POINT('',(269.,241.));
#516 = VECTOR('',#517,1.);
#517 = DIRECTION('',(0.,1.));
#518 = ( GEOMETRIC_REPRESENTATION_CONTEXT(2) 
PARAMETRIC_REPRESENTATION_CONTEXT() REPRESENTATION_CONTEXT('2D SPACE',''
  ) );
#519 = PCURVE('',#520,#525);
#520 = PLANE('',#521);
#521 = AXIS2_PLACEMENT_3D('',#522,#523,#524);
#522 = CARTESIAN_POINT('',(120.5,29.,119.));
#523 = DIRECTION('',(-0.,-0.,-1.));
#524 = DIRECTION('',(-1.,0.,0.));
#525 = DEFINITIONAL_REPRESENTATION('',(#526),#530);
#526 = LINE('',#527,#528);
#527 = CARTESIAN_POINT('',(29.5,96.));
#528 = VECTOR('',#529,1.);
#529 = DIRECTION('',(-1.,0.));
#530 = ( GEOMETRIC_REPRESENTATION_CONTEXT(2) 
PARAMETRIC_REPRESENTATION_CONTEXT() REPRESENTATION_CONTEXT('2D SPACE',''
  ) );
#531 = ORIENTED_EDGE('',*,*,#532,.F.);
#532 = EDGE_CURVE('',#533,#505,#535,.T.);
#533 = VERTEX_POINT('',#534);
#534 = CARTESIAN_POINT('',(150.,125.,107.4));
#535 = SURFACE_CURVE('',#536,(#540,#547),.PCURVE_S1.);
#536 = LINE('',#537,#538);
#537 = CARTESIAN_POINT('',(150.,125.,-150.));
#538 = VECTOR('',#539,1.);
#539 = DIRECTION('',(0.,0.,1.));
#540 = PCURVE('',#182,#541);
#541 = DEFINITIONAL_REPRESENTATION('',(#542),#546);
#542 = LINE('',#543,#544);
#543 = CARTESIAN_POINT('',(0.,300.));
#544 = VECTOR('',#545,1.);
#545 = DIRECTION('',(1.,0.));
#546 = ( GEOMETRIC_REPRESENTATION_CONTEXT(2) 
PARAMETRIC_REPRESENTATION_CONTEXT() REPRESENTATION_CONTEXT('2D SPACE',''
  ) );
#547 = PCURVE('',#548,#553);
#548 = PLANE('',#549);
#549 = AXIS2_PLACEMENT_3D('',#550,#551,#552);
#550 = CARTESIAN_POINT('',(150.,-125.,-150.));
#551 = DIRECTION('',(1.,0.,0.));
#552 = DIRECTION('',(0.,0.,1.));
#553 = DEFINITIONAL_REPRESENTATION('',(#554),#558);
#554 = LINE('',#555,#556);
#555 = CARTESIAN_POINT('',(0.,-250.));
#556 = VECTOR('',#557,1.);
#557 = DIRECTION('',(1.,0.));
#558 = ( GEOMETRIC_REPRESENTATION_CONTEXT(2) 
PARAMETRIC_REPRESENTATION_CONTEXT() REPRESENTATION_CONTEXT('2D SPACE',''
  ) );
#559 = ORIENTED_EDGE('',*,*,#560,.T.);
#560 = EDGE_CURVE('',#533,#561,#563,.T.);
#561 = VERTEX_POINT('',#562);
#562 = CARTESIAN_POINT('',(107.,125.,107.4));
#563 = SURFACE_CURVE('',#564,(#568,#575),.PCURVE_S1.);
#564 = LINE('',#565,#566);
#565 = CARTESIAN_POINT('',(150.,125.,107.4));
#566 = VECTOR('',#567,1.);
#567 = DIRECTION('',(-1.,0.,-0.));
#568 = PCURVE('',#182,#569);
#569 = DEFINITIONAL_REPRESENTATION('',(#570),#574);
#570 = LINE('',#571,#572);
#571 = CARTESIAN_POINT('',(257.4,300.));
#572 = VECTOR('',#573,1.);
#573 = DIRECTION('',(0.,-1.));
#574 = ( GEOMETRIC_REPRESENTATION_CONTEXT(2) 
PARAMETRIC_REPRESENTATION_CONTEXT() REPRESENTATION_CONTEXT('2D SPACE',''
  ) );
#575 = PCURVE('',#576,#581);
#576 = CYLINDRICAL_SURFACE('',#577,54.);
#577 = AXIS2_PLACEMENT_3D('',#578,#579,#580);
#578 = CARTESIAN_POINT('',(150.,125.,53.4));
#579 = DIRECTION('',(1.,0.,-0.));
#580 = DIRECTION('',(0.,-1.,-6.123233995737E-17));
#581 = DEFINITIONAL_REPRESENTATION('',(#582),#586);
#582 = LINE('',#583,#584);
#583 = CARTESIAN_POINT('',(-1.570796326795,0.));
#584 = VECTOR('',#585,1.);
#585 = DIRECTION('',(-0.,-1.));
#586 = ( GEOMETRIC_REPRESENTATION_CONTEXT(2) 
PARAMETRIC_REPRESENTATION_CONTEXT() REPRESENTATION_CONTEXT('2D SPACE',''
  ) );
#587 = ORIENTED_EDGE('',*,*,#588,.F.);
#588 = EDGE_CURVE('',#589,#561,#591,.T.);
#589 = VERTEX_POINT('',#590);
#590 = CARTESIAN_POINT('',(107.,125.,-78.6));
#591 = SURFACE_CURVE('',#592,(#596,#603),.PCURVE_S1.);
#592 = LINE('',#593,#594);
#593 = CARTESIAN_POINT('',(107.,125.,-78.6));
#594 = VECTOR('',#595,1.);
#595 = DIRECTION('',(0.,0.,1.));
#596 = PCURVE('',#182,#597);
#597 = DEFINITIONAL_REPRESENTATION('',(#598),#602);
#598 = LINE('',#599,#600);
#599 = CARTESIAN_POINT('',(71.4,257.));
#600 = VECTOR('',#601,1.);
#601 = DIRECTION('',(1.,0.));
#602 = ( GEOMETRIC_REPRESENTATION_CONTEXT(2) 
PARAMETRIC_REPRESENTATION_CONTEXT() REPRESENTATION_CONTEXT('2D SPACE',''
  ) );
#603 = PCURVE('',#604,#609);
#604 = PLANE('',#605);
#605 = AXIS2_PLACEMENT_3D('',#606,#607,#608);
#606 = CARTESIAN_POINT('',(107.,102.19494268148,14.4));
#607 = DIRECTION('',(-1.,1.713820510011E-30,1.255761287278E-32));
#608 = DIRECTION('',(-1.713820510011E-30,-1.,0.));
#609 = DEFINITIONAL_REPRESENTATION('',(#610),#614);
#610 = LINE('',#611,#612);
#611 = CARTESIAN_POINT('',(-22.80505731851,-93.));
#612 = VECTOR('',#613,1.);
#613 = DIRECTION('',(0.,1.));
#614 = ( GEOMETRIC_REPRESENTATION_CONTEXT(2) 
PARAMETRIC_REPRESENTATION_CONTEXT() REPRESENTATION_CONTEXT('2D SPACE',''
  ) );
#615 = ORIENTED_EDGE('',*,*,#616,.F.);
#616 = EDGE_CURVE('',#617,#589,#619,.T.);
#617 = VERTEX_POINT('',#618);
#618 = CARTESIAN_POINT('',(150.,125.,-78.6));
#619 = SURFACE_CURVE('',#620,(#624,#631),.PCURVE_S1.);
#620 = LINE('',#621,#622);
#621 = CARTESIAN_POINT('',(150.,125.,-78.6));
#622 = VECTOR('',#623,1.);
#623 = DIRECTION('',(-1.,0.,-0.));
#624 = PCURVE('',#182,#625);
#625 = DEFINITIONAL_REPRESENTATION('',(#626),#630);
#626 = LINE('',#627,#628);
#627 = CARTESIAN_POINT('',(71.4,300.));
#628 = VECTOR('',#629,1.);
#629 = DIRECTION('',(0.,-1.));
#630 = ( GEOMETRIC_REPRESENTATION_CONTEXT(2) 
PARAMETRIC_REPRESENTATION_CONTEXT() REPRESENTATION_CONTEXT('2D SPACE',''
  ) );
#631 = PCURVE('',#632,#637);
#632 = CYLINDRICAL_SURFACE('',#633,54.);
#633 = AXIS2_PLACEMENT_3D('',#634,#635,#636);
#634 = CARTESIAN_POINT('',(150.,125.,-24.6));
#635 = DIRECTION('',(1.,-0.,0.));
#636 = DIRECTION('',(0.,1.224646799147E-16,-1.));
#637 = DEFINITIONAL_REPRESENTATION('',(#638),#642);
#638 = LINE('',#639,#640);
#639 = CARTESIAN_POINT('',(-6.123233995737E-17,0.));
#640 = VECTOR('',#641,1.);
#641 = DIRECTION('',(-0.,-1.));
#642 = ( GEOMETRIC_REPRESENTATION_CONTEXT(2) 
PARAMETRIC_REPRESENTATION_CONTEXT() REPRESENTATION_CONTEXT('2D SPACE',''
  ) );
#643 = ORIENTED_EDGE('',*,*,#644,.F.);
#644 = EDGE_CURVE('',#645,#617,#647,.T.);
#645 = VERTEX_POINT('',#646);
#646 = CARTESIAN_POINT('',(150.,125.,-150.));
#647 = SURFACE_CURVE('',#648,(#652,#659),.PCURVE_S1.);
#648 = LINE('',#649,#650);
#649 = CARTESIAN_POINT('',(150.,125.,-150.));
#650 = VECTOR('',#651,1.);
#651 = DIRECTION('',(0.,0.,1.));
#652 = PCURVE('',#182,#653);
#653 = DEFINITIONAL_REPRESENTATION('',(#654),#658);
#654 = LINE('',#655,#656);
#655 = CARTESIAN_POINT('',(0.,300.));
#656 = VECTOR('',#657,1.);
#657 = DIRECTION('',(1.,0.));
#658 = ( GEOMETRIC_REPRESENTATION_CONTEXT(2) 
PARAMETRIC_REPRESENTATION_CONTEXT() REPRESENTATION_CONTEXT('2D SPACE',''
  ) );
#659 = PCURVE('',#548,#660);
#660 = DEFINITIONAL_REPRESENTATION('',(#661),#665);
#661 = LINE('',#662,#663);
#662 = CARTESIAN_POINT('',(0.,-250.));
#663 = VECTOR('',#664,1.);
#664 = DIRECTION('',(1.,0.));
#665 = ( GEOMETRIC_REPRESENTATION_CONTEXT(2) 
PARAMETRIC_REPRESENTATION_CONTEXT() REPRESENTATION_CONTEXT('2D SPACE',''
  ) );
#666 = ORIENTED_EDGE('',*,*,#667,.F.);
#667 = EDGE_CURVE('',#668,#645,#670,.T.);
#668 = VERTEX_POINT('',#669);
#669 = CARTESIAN_POINT('',(66.3,125.,-150.));
#670 = SURFACE_CURVE('',#671,(#675,#682),.PCURVE_S1.);
#671 = LINE('',#672,#673);
#672 = CARTESIAN_POINT('',(-150.,125.,-150.));
#673 = VECTOR('',#674,1.);
#674 = DIRECTION('',(1.,0.,0.));
#675 = PCURVE('',#182,#676);
#676 = DEFINITIONAL_REPRESENTATION('',(#677),#681);
#677 = LINE('',#678,#679);
#678 = CARTESIAN_POINT('',(0.,0.));
#679 = VECTOR('',#680,1.);
#680 = DIRECTION('',(0.,1.));
#681 = ( GEOMETRIC_REPRESENTATION_CONTEXT(2) 
PARAMETRIC_REPRESENTATION_CONTEXT() REPRESENTATION_CONTEXT('2D SPACE',''
  ) );
#682 = PCURVE('',#683,#688);
#683 = PLANE('',#684);
#684 = AXIS2_PLACEMENT_3D('',#685,#686,#687);
#685 = CARTESIAN_POINT('',(-150.,-125.,-150.));
#686 = DIRECTION('',(0.,0.,1.));
#687 = DIRECTION('',(1.,0.,0.));
#688 = DEFINITIONAL_REPRESENTATION('',(#689),#693);
#689 = LINE('',#690,#691);
#690 = CARTESIAN_POINT('',(0.,250.));
#691 = VECTOR('',#692,1.);
#692 = DIRECTION('',(1.,0.));
#693 = ( GEOMETRIC_REPRESENTATION_CONTEXT(2) 
PARAMETRIC_REPRESENTATION_CONTEXT() REPRESENTATION_CONTEXT('2D SPACE',''
  ) );
#694 = ORIENTED_EDGE('',*,*,#695,.T.);
#695 = EDGE_CURVE('',#668,#696,#698,.T.);
#696 = VERTEX_POINT('',#697);
#697 = CARTESIAN_POINT('',(66.3,125.,-90.));
#698 = SURFACE_CURVE('',#699,(#703,#710),.PCURVE_S1.);
#699 = LINE('',#700,#701);
#700 = CARTESIAN_POINT('',(66.3,125.,-150.));
#701 = VECTOR('',#702,1.);
#702 = DIRECTION('',(0.,-0.,1.));
#703 = PCURVE('',#182,#704);
#704 = DEFINITIONAL_REPRESENTATION('',(#705),#709);
#705 = LINE('',#706,#707);
#706 = CARTESIAN_POINT('',(0.,216.3));
#707 = VECTOR('',#708,1.);
#708 = DIRECTION('',(1.,0.));
#709 = ( GEOMETRIC_REPRESENTATION_CONTEXT(2) 
PARAMETRIC_REPRESENTATION_CONTEXT() REPRESENTATION_CONTEXT('2D SPACE',''
  ) );
#710 = PCURVE('',#711,#716);
#711 = PLANE('',#712);
#712 = AXIS2_PLACEMENT_3D('',#713,#714,#715);
#713 = CARTESIAN_POINT('',(66.3,-125.,-150.));
#714 = DIRECTION('',(-1.,0.,0.));
#715 = DIRECTION('',(0.,1.,0.));
#716 = DEFINITIONAL_REPRESENTATION('',(#717),#721);
#717 = LINE('',#718,#719);
#718 = CARTESIAN_POINT('',(250.,0.));
#719 = VECTOR('',#720,1.);
#720 = DIRECTION('',(0.,-1.));
#721 = ( GEOMETRIC_REPRESENTATION_CONTEXT(2) 
PARAMETRIC_REPRESENTATION_CONTEXT() REPRESENTATION_CONTEXT('2D SPACE',''
  ) );
#722 = ORIENTED_EDGE('',*,*,#723,.T.);
#723 = EDGE_CURVE('',#696,#724,#726,.T.);
#724 = VERTEX_POINT('',#725);
#725 = CARTESIAN_POINT('',(23.430749027718,125.,-90.));
#726 = SURFACE_CURVE('',#727,(#731,#738),.PCURVE_S1.);
#727 = LINE('',#728,#729);
#728 = CARTESIAN_POINT('',(66.3,125.,-90.));
#729 = VECTOR('',#730,1.);
#730 = DIRECTION('',(-1.,0.,0.));
#731 = PCURVE('',#182,#732);
#732 = DEFINITIONAL_REPRESENTATION('',(#733),#737);
#733 = LINE('',#734,#735);
#734 = CARTESIAN_POINT('',(60.,216.3));
#735 = VECTOR('',#736,1.);
#736 = DIRECTION('',(0.,-1.));
#737 = ( GEOMETRIC_REPRESENTATION_CONTEXT(2) 
PARAMETRIC_REPRESENTATION_CONTEXT() REPRESENTATION_CONTEXT('2D SPACE',''
  ) );
#738 = PCURVE('',#739,#744);
#739 = PLANE('',#740);
#740 = AXIS2_PLACEMENT_3D('',#741,#742,#743);
#741 = CARTESIAN_POINT('',(-9.45,0.,-90.));
#742 = DIRECTION('',(0.,0.,1.));
#743 = DIRECTION('',(1.,0.,-0.));
#744 = DEFINITIONAL_REPRESENTATION('',(#745),#749);
#745 = LINE('',#746,#747);
#746 = CARTESIAN_POINT('',(75.75,125.));
#747 = VECTOR('',#748,1.);
#748 = DIRECTION('',(-1.,0.));
#749 = ( GEOMETRIC_REPRESENTATION_CONTEXT(2) 
PARAMETRIC_REPRESENTATION_CONTEXT() REPRESENTATION_CONTEXT('2D SPACE',''
  ) );
#750 = ORIENTED_EDGE('',*,*,#751,.T.);
#751 = EDGE_CURVE('',#724,#752,#754,.T.);
#752 = VERTEX_POINT('',#753);
#753 = CARTESIAN_POINT('',(-23.43074902772,125.,-90.));
#754 = SURFACE_CURVE('',#755,(#759,#766),.PCURVE_S1.);
#755 = LINE('',#756,#757);
#756 = CARTESIAN_POINT('',(66.3,125.,-90.));
#757 = VECTOR('',#758,1.);
#758 = DIRECTION('',(-1.,0.,0.));
#759 = PCURVE('',#182,#760);
#760 = DEFINITIONAL_REPRESENTATION('',(#761),#765);
#761 = LINE('',#762,#763);
#762 = CARTESIAN_POINT('',(60.,216.3));
#763 = VECTOR('',#764,1.);
#764 = DIRECTION('',(0.,-1.));
#765 = ( GEOMETRIC_REPRESENTATION_CONTEXT(2) 
PARAMETRIC_REPRESENTATION_CONTEXT() REPRESENTATION_CONTEXT('2D SPACE',''
  ) );
#766 = PCURVE('',#739,#767);
#767 = DEFINITIONAL_REPRESENTATION('',(#768),#772);
#768 = LINE('',#769,#770);
#769 = CARTESIAN_POINT('',(75.75,125.));
#770 = VECTOR('',#771,1.);
#771 = DIRECTION('',(-1.,0.));
#772 = ( GEOMETRIC_REPRESENTATION_CONTEXT(2) 
PARAMETRIC_REPRESENTATION_CONTEXT() REPRESENTATION_CONTEXT('2D SPACE',''
  ) );
#773 = ORIENTED_EDGE('',*,*,#774,.T.);
#774 = EDGE_CURVE('',#752,#775,#777,.T.);
#775 = VERTEX_POINT('',#776);
#776 = CARTESIAN_POINT('',(-85.2,125.,-90.));
#777 = SURFACE_CURVE('',#778,(#782,#789),.PCURVE_S1.);
#778 = LINE('',#779,#780);
#779 = CARTESIAN_POINT('',(66.3,125.,-90.));
#780 = VECTOR('',#781,1.);
#781 = DIRECTION('',(-1.,0.,0.));
#782 = PCURVE('',#182,#783);
#783 = DEFINITIONAL_REPRESENTATION('',(#784),#788);
#784 = LINE('',#785,#786);
#785 = CARTESIAN_POINT('',(60.,216.3));
#786 = VECTOR('',#787,1.);
#787 = DIRECTION('',(0.,-1.));
#788 = ( GEOMETRIC_REPRESENTATION_CONTEXT(2) 
PARAMETRIC_REPRESENTATION_CONTEXT() REPRESENTATION_CONTEXT('2D SPACE',''
  ) );
#789 = PCURVE('',#739,#790);
#790 = DEFINITIONAL_REPRESENTATION('',(#791),#795);
#791 = LINE('',#792,#793);
#792 = CARTESIAN_POINT('',(75.75,125.));
#793 = VECTOR('',#794,1.);
#794 = DIRECTION('',(-1.,0.));
#795 = ( GEOMETRIC_REPRESENTATION_CONTEXT(2) 
PARAMETRIC_REPRESENTATION_CONTEXT() REPRESENTATION_CONTEXT('2D SPACE',''
  ) );
#796 = ORIENTED_EDGE('',*,*,#797,.F.);
#797 = EDGE_CURVE('',#798,#775,#800,.T.);
#798 = VERTEX_POINT('',#799);
#799 = CARTESIAN_POINT('',(-85.2,125.,-150.));
#800 = SURFACE_CURVE('',#801,(#805,#812),.PCURVE_S1.);
#801 = LINE('',#802,#803);
#802 = CARTESIAN_POINT('',(-85.2,125.,-150.));
#803 = VECTOR('',#804,1.);
#804 = DIRECTION('',(0.,-0.,1.));
#805 = PCURVE('',#182,#806);
#806 = DEFINITIONAL_REPRESENTATION('',(#807),#811);
#807 = LINE('',#808,#809);
#808 = CARTESIAN_POINT('',(0.,64.8));
#809 = VECTOR('',#810,1.);
#810 = DIRECTION('',(1.,0.));
#811 = ( GEOMETRIC_REPRESENTATION_CONTEXT(2) 
PARAMETRIC_REPRESENTATION_CONTEXT() REPRESENTATION_CONTEXT('2D SPACE',''
  ) );
#812 = PCURVE('',#813,#818);
#813 = PLANE('',#814);
#814 = AXIS2_PLACEMENT_3D('',#815,#816,#817);
#815 = CARTESIAN_POINT('',(-85.2,125.,-150.));
#816 = DIRECTION('',(1.,0.,0.));
#817 = DIRECTION('',(0.,-1.,0.));
#818 = DEFINITIONAL_REPRESENTATION('',(#819),#823);
#819 = LINE('',#820,#821);
#820 = CARTESIAN_POINT('',(0.,0.));
#821 = VECTOR('',#822,1.);
#822 = DIRECTION('',(0.,-1.));
#823 = ( GEOMETRIC_REPRESENTATION_CONTEXT(2) 
PARAMETRIC_REPRESENTATION_CONTEXT() REPRESENTATION_CONTEXT('2D SPACE',''
  ) );
#824 = ORIENTED_EDGE('',*,*,#825,.F.);
#825 = EDGE_CURVE('',#826,#798,#828,.T.);
#826 = VERTEX_POINT('',#827);
#827 = CARTESIAN_POINT('',(-118.,125.,-150.));
#828 = SURFACE_CURVE('',#829,(#833,#840),.PCURVE_S1.);
#829 = LINE('',#830,#831);
#830 = CARTESIAN_POINT('',(-150.,125.,-150.));
#831 = VECTOR('',#832,1.);
#832 = DIRECTION('',(1.,0.,0.));
#833 = PCURVE('',#182,#834);
#834 = DEFINITIONAL_REPRESENTATION('',(#835),#839);
#835 = LINE('',#836,#837);
#836 = CARTESIAN_POINT('',(0.,0.));
#837 = VECTOR('',#838,1.);
#838 = DIRECTION('',(0.,1.));
#839 = ( GEOMETRIC_REPRESENTATION_CONTEXT(2) 
PARAMETRIC_REPRESENTATION_CONTEXT() REPRESENTATION_CONTEXT('2D SPACE',''
  ) );
#840 = PCURVE('',#100,#841);
#841 = DEFINITIONAL_REPRESENTATION('',(#842),#846);
#842 = LINE('',#843,#844);
#843 = CARTESIAN_POINT('',(0.,250.));
#844 = VECTOR('',#845,1.);
#845 = DIRECTION('',(1.,0.));
#846 = ( GEOMETRIC_REPRESENTATION_CONTEXT(2) 
PARAMETRIC_REPRESENTATION_CONTEXT() REPRESENTATION_CONTEXT('2D SPACE',''
  ) );
#847 = ORIENTED_EDGE('',*,*,#848,.T.);
#848 = EDGE_CURVE('',#826,#849,#851,.T.);
#849 = VERTEX_POINT('',#850);
#850 = CARTESIAN_POINT('',(-118.,125.,-87.));
#851 = SURFACE_CURVE('',#852,(#856,#863),.PCURVE_S1.);
#852 = LINE('',#853,#854);
#853 = CARTESIAN_POINT('',(-118.,125.,-150.));
#854 = VECTOR('',#855,1.);
#855 = DIRECTION('',(0.,0.,1.));
#856 = PCURVE('',#182,#857);
#857 = DEFINITIONAL_REPRESENTATION('',(#858),#862);
#858 = LINE('',#859,#860);
#859 = CARTESIAN_POINT('',(0.,32.));
#860 = VECTOR('',#861,1.);
#861 = DIRECTION('',(1.,0.));
#862 = ( GEOMETRIC_REPRESENTATION_CONTEXT(2) 
PARAMETRIC_REPRESENTATION_CONTEXT() REPRESENTATION_CONTEXT('2D SPACE',''
  ) );
#863 = PCURVE('',#864,#869);
#864 = PLANE('',#865);
#865 = AXIS2_PLACEMENT_3D('',#866,#867,#868);
#866 = CARTESIAN_POINT('',(-118.,105.5,-118.5));
#867 = DIRECTION('',(1.,0.,0.));
#868 = DIRECTION('',(-0.,0.,1.));
#869 = DEFINITIONAL_REPRESENTATION('',(#870),#874);
#870 = LINE('',#871,#872);
#871 = CARTESIAN_POINT('',(-31.5,-19.5));
#872 = VECTOR('',#873,1.);
#873 = DIRECTION('',(1.,0.));
#874 = ( GEOMETRIC_REPRESENTATION_CONTEXT(2) 
PARAMETRIC_REPRESENTATION_CONTEXT() REPRESENTATION_CONTEXT('2D SPACE',''
  ) );
#875 = ORIENTED_EDGE('',*,*,#876,.F.);
#876 = EDGE_CURVE('',#141,#849,#877,.T.);
#877 = SURFACE_CURVE('',#878,(#882,#889),.PCURVE_S1.);
#878 = LINE('',#879,#880);
#879 = CARTESIAN_POINT('',(-150.,125.,-87.));
#880 = VECTOR('',#881,1.);
#881 = DIRECTION('',(1.,0.,-0.));
#882 = PCURVE('',#182,#883);
#883 = DEFINITIONAL_REPRESENTATION('',(#884),#888);
#884 = LINE('',#885,#886);
#885 = CARTESIAN_POINT('',(63.,0.));
#886 = VECTOR('',#887,1.);
#887 = DIRECTION('',(0.,1.));
#888 = ( GEOMETRIC_REPRESENTATION_CONTEXT(2) 
PARAMETRIC_REPRESENTATION_CONTEXT() REPRESENTATION_CONTEXT('2D SPACE',''
  ) );
#889 = PCURVE('',#156,#890);
#890 = DEFINITIONAL_REPRESENTATION('',(#891),#895);
#891 = LINE('',#892,#893);
#892 = CARTESIAN_POINT('',(0.,0.));
#893 = VECTOR('',#894,1.);
#894 = DIRECTION('',(0.,-1.));
#895 = ( GEOMETRIC_REPRESENTATION_CONTEXT(2) 
PARAMETRIC_REPRESENTATION_CONTEXT() REPRESENTATION_CONTEXT('2D SPACE',''
  ) );
#896 = ORIENTED_EDGE('',*,*,#168,.T.);
#897 = ORIENTED_EDGE('',*,*,#342,.T.);
#898 = ORIENTED_EDGE('',*,*,#899,.T.);
#899 = EDGE_CURVE('',#343,#900,#902,.T.);
#900 = VERTEX_POINT('',#901);
#901 = CARTESIAN_POINT('',(-58.5,125.,90.));
#902 = SURFACE_CURVE('',#903,(#907,#914),.PCURVE_S1.);
#903 = LINE('',#904,#905);
#904 = CARTESIAN_POINT('',(-58.5,125.,150.));
#905 = VECTOR('',#906,1.);
#906 = DIRECTION('',(-0.,0.,-1.));
#907 = PCURVE('',#182,#908);
#908 = DEFINITIONAL_REPRESENTATION('',(#909),#913);
#909 = LINE('',#910,#911);
#910 = CARTESIAN_POINT('',(300.,91.5));
#911 = VECTOR('',#912,1.);
#912 = DIRECTION('',(-1.,0.));
#913 = ( GEOMETRIC_REPRESENTATION_CONTEXT(2) 
PARAMETRIC_REPRESENTATION_CONTEXT() REPRESENTATION_CONTEXT('2D SPACE',''
  ) );
#914 = PCURVE('',#403,#915);
#915 = DEFINITIONAL_REPRESENTATION('',(#916),#920);
#916 = LINE('',#917,#918);
#917 = CARTESIAN_POINT('',(0.,0.));
#918 = VECTOR('',#919,1.);
#919 = DIRECTION('',(0.,-1.));
#920 = ( GEOMETRIC_REPRESENTATION_CONTEXT(2) 
PARAMETRIC_REPRESENTATION_CONTEXT() REPRESENTATION_CONTEXT('2D SPACE',''
  ) );
#921 = ORIENTED_EDGE('',*,*,#922,.F.);
#922 = EDGE_CURVE('',#923,#900,#925,.T.);
#923 = VERTEX_POINT('',#924);
#924 = CARTESIAN_POINT('',(-23.43074902772,125.,90.));
#925 = SURFACE_CURVE('',#926,(#930,#937),.PCURVE_S1.);
#926 = LINE('',#927,#928);
#927 = CARTESIAN_POINT('',(42.,125.,90.));
#928 = VECTOR('',#929,1.);
#929 = DIRECTION('',(-1.,0.,0.));
#930 = PCURVE('',#182,#931);
#931 = DEFINITIONAL_REPRESENTATION('',(#932),#936);
#932 = LINE('',#933,#934);
#933 = CARTESIAN_POINT('',(240.,192.));
#934 = VECTOR('',#935,1.);
#935 = DIRECTION('',(0.,-1.));
#936 = ( GEOMETRIC_REPRESENTATION_CONTEXT(2) 
PARAMETRIC_REPRESENTATION_CONTEXT() REPRESENTATION_CONTEXT('2D SPACE',''
  ) );
#937 = PCURVE('',#938,#943);
#938 = PLANE('',#939);
#939 = AXIS2_PLACEMENT_3D('',#940,#941,#942);
#940 = CARTESIAN_POINT('',(-8.25,0.,90.));
#941 = DIRECTION('',(0.,0.,1.));
#942 = DIRECTION('',(1.,0.,-0.));
#943 = DEFINITIONAL_REPRESENTATION('',(#944),#948);
#944 = LINE('',#945,#946);
#945 = CARTESIAN_POINT('',(50.25,125.));
#946 = VECTOR('',#947,1.);
#947 = DIRECTION('',(-1.,0.));
#948 = ( GEOMETRIC_REPRESENTATION_CONTEXT(2) 
PARAMETRIC_REPRESENTATION_CONTEXT() REPRESENTATION_CONTEXT('2D SPACE',''
  ) );
#949 = ORIENTED_EDGE('',*,*,#950,.F.);
#950 = EDGE_CURVE('',#951,#923,#953,.T.);
#951 = VERTEX_POINT('',#952);
#952 = CARTESIAN_POINT('',(23.430749027723,125.,90.));
#953 = SURFACE_CURVE('',#954,(#958,#965),.PCURVE_S1.);
#954 = LINE('',#955,#956);
#955 = CARTESIAN_POINT('',(42.,125.,90.));
#956 = VECTOR('',#957,1.);
#957 = DIRECTION('',(-1.,0.,0.));
#958 = PCURVE('',#182,#959);
#959 = DEFINITIONAL_REPRESENTATION('',(#960),#964);
#960 = LINE('',#961,#962);
#961 = CARTESIAN_POINT('',(240.,192.));
#962 = VECTOR('',#963,1.);
#963 = DIRECTION('',(0.,-1.));
#964 = ( GEOMETRIC_REPRESENTATION_CONTEXT(2) 
PARAMETRIC_REPRESENTATION_CONTEXT() REPRESENTATION_CONTEXT('2D SPACE',''
  ) );
#965 = PCURVE('',#938,#966);
#966 = DEFINITIONAL_REPRESENTATION('',(#967),#971);
#967 = LINE('',#968,#969);
#968 = CARTESIAN_POINT('',(50.25,125.));
#969 = VECTOR('',#970,1.);
#970 = DIRECTION('',(-1.,0.));
#971 = ( GEOMETRIC_REPRESENTATION_CONTEXT(2) 
PARAMETRIC_REPRESENTATION_CONTEXT() REPRESENTATION_CONTEXT('2D SPACE',''
  ) );
#972 = ORIENTED_EDGE('',*,*,#973,.F.);
#973 = EDGE_CURVE('',#421,#951,#974,.T.);
#974 = SURFACE_CURVE('',#975,(#979,#986),.PCURVE_S1.);
#975 = LINE('',#976,#977);
#976 = CARTESIAN_POINT('',(42.,125.,90.));
#977 = VECTOR('',#978,1.);
#978 = DIRECTION('',(-1.,0.,0.));
#979 = PCURVE('',#182,#980);
#980 = DEFINITIONAL_REPRESENTATION('',(#981),#985);
#981 = LINE('',#982,#983);
#982 = CARTESIAN_POINT('',(240.,192.));
#983 = VECTOR('',#984,1.);
#984 = DIRECTION('',(0.,-1.));
#985 = ( GEOMETRIC_REPRESENTATION_CONTEXT(2) 
PARAMETRIC_REPRESENTATION_CONTEXT() REPRESENTATION_CONTEXT('2D SPACE',''
  ) );
#986 = PCURVE('',#938,#987);
#987 = DEFINITIONAL_REPRESENTATION('',(#988),#992);
#988 = LINE('',#989,#990);
#989 = CARTESIAN_POINT('',(50.25,125.));
#990 = VECTOR('',#991,1.);
#991 = DIRECTION('',(-1.,0.));
#992 = ( GEOMETRIC_REPRESENTATION_CONTEXT(2) 
PARAMETRIC_REPRESENTATION_CONTEXT() REPRESENTATION_CONTEXT('2D SPACE',''
  ) );
#993 = FACE_BOUND('',#994,.T.);
#994 = EDGE_LOOP('',(#995));
#995 = ORIENTED_EDGE('',*,*,#996,.T.);
#996 = EDGE_CURVE('',#997,#997,#999,.T.);
#997 = VERTEX_POINT('',#998);
#998 = CARTESIAN_POINT('',(-118.8,125.,80.6));
#999 = SURFACE_CURVE('',#1000,(#1005,#1016),.PCURVE_S1.);
#1000 = CIRCLE('',#1001,6.4);
#1001 = AXIS2_PLACEMENT_3D('',#1002,#1003,#1004);
#1002 = CARTESIAN_POINT('',(-118.8,125.,87.));
#1003 = DIRECTION('',(0.,-1.,0.));
#1004 = DIRECTION('',(0.,0.,-1.));
#1005 = PCURVE('',#182,#1006);
#1006 = DEFINITIONAL_REPRESENTATION('',(#1007),#1015);
#1007 = ( BOUNDED_CURVE() B_SPLINE_CURVE(2,(#1008,#1009,#1010,#1011,
#1012,#1013,#1014),.UNSPECIFIED.,.T.,.F.) B_SPLINE_CURVE_WITH_KNOTS((1,2
    ,2,2,2,1),(-2.094395102393,0.,2.094395102393,4.188790204786,
6.28318530718,8.377580409573),.UNSPECIFIED.) CURVE() 
GEOMETRIC_REPRESENTATION_ITEM() RATIONAL_B_SPLINE_CURVE((1.,0.5,1.,0.5,
1.,0.5,1.)) REPRESENTATION_ITEM('') );
#1008 = CARTESIAN_POINT('',(230.6,31.2));
#1009 = CARTESIAN_POINT('',(230.6,42.285125168441));
#1010 = CARTESIAN_POINT('',(240.2,36.74256258422));
#1011 = CARTESIAN_POINT('',(249.8,31.2));
#1012 = CARTESIAN_POINT('',(240.2,25.65743741578));
#1013 = CARTESIAN_POINT('',(230.6,20.114874831559));
#1014 = CARTESIAN_POINT('',(230.6,31.2));
#1015 = ( GEOMETRIC_REPRESENTATION_CONTEXT(2) 
PARAMETRIC_REPRESENTATION_CONTEXT() REPRESENTATION_CONTEXT('2D SPACE',''
  ) );
#1016 = PCURVE('',#1017,#1022);
#1017 = CYLINDRICAL_SURFACE('',#1018,6.4);
#1018 = AXIS2_PLACEMENT_3D('',#1019,#1020,#1021);
#1019 = CARTESIAN_POINT('',(-118.8,125.,87.));
#1020 = DIRECTION('',(-0.,1.,-0.));
#1021 = DIRECTION('',(0.,0.,-1.));
#1022 = DEFINITIONAL_REPRESENTATION('',(#1023),#1027);
#1023 = LINE('',#1024,#1025);
#1024 = CARTESIAN_POINT('',(-0.,0.));
#1025 = VECTOR('',#1026,1.);
#1026 = DIRECTION('',(-1.,0.));
#1027 = ( GEOMETRIC_REPRESENTATION_CONTEXT(2) 
PARAMETRIC_REPRESENTATION_CONTEXT() REPRESENTATION_CONTEXT('2D SPACE',''
  ) );
#1028 = FACE_BOUND('',#1029,.T.);
#1029 = EDGE_LOOP('',(#1030));
#1030 = ORIENTED_EDGE('',*,*,#1031,.T.);
#1031 = EDGE_CURVE('',#1032,#1032,#1034,.T.);
#1032 = VERTEX_POINT('',#1033);
#1033 = CARTESIAN_POINT('',(-103.2,125.,80.6));
#1034 = SURFACE_CURVE('',#1035,(#1040,#1051),.PCURVE_S1.);
#1035 = CIRCLE('',#1036,6.4);
#1036 = AXIS2_PLACEMENT_3D('',#1037,#1038,#1039);
#1037 = CARTESIAN_POINT('',(-103.2,125.,87.));
#1038 = DIRECTION('',(0.,-1.,0.));
#1039 = DIRECTION('',(0.,0.,-1.));
#1040 = PCURVE('',#182,#1041);
#1041 = DEFINITIONAL_REPRESENTATION('',(#1042),#1050);
#1042 = ( BOUNDED_CURVE() B_SPLINE_CURVE(2,(#1043,#1044,#1045,#1046,
#1047,#1048,#1049),.UNSPECIFIED.,.T.,.F.) B_SPLINE_CURVE_WITH_KNOTS((1,2
    ,2,2,2,1),(-2.094395102393,0.,2.094395102393,4.188790204786,
6.28318530718,8.377580409573),.UNSPECIFIED.) CURVE() 
GEOMETRIC_REPRESENTATION_ITEM() RATIONAL_B_SPLINE_CURVE((1.,0.5,1.,0.5,
1.,0.5,1.)) REPRESENTATION_ITEM('') );
#1043 = CARTESIAN_POINT('',(230.6,46.8));
#1044 = CARTESIAN_POINT('',(230.6,57.885125168441));
#1045 = CARTESIAN_POINT('',(240.2,52.34256258422));
#1046 = CARTESIAN_POINT('',(249.8,46.8));
#1047 = CARTESIAN_POINT('',(240.2,41.25743741578));
#1048 = CARTESIAN_POINT('',(230.6,35.714874831559));
#1049 = CARTESIAN_POINT('',(230.6,46.8));
#1050 = ( GEOMETRIC_REPRESENTATION_CONTEXT(2) 
PARAMETRIC_REPRESENTATION_CONTEXT() REPRESENTATION_CONTEXT('2D SPACE',''
  ) );
#1051 = PCURVE('',#1052,#1057);
#1052 = CYLINDRICAL_SURFACE('',#1053,6.4);
#1053 = AXIS2_PLACEMENT_3D('',#1054,#1055,#1056);
#1054 = CARTESIAN_POINT('',(-103.2,125.,87.));
#1055 = DIRECTION('',(-0.,1.,-0.));
#1056 = DIRECTION('',(0.,0.,-1.));
#1057 = DEFINITIONAL_REPRESENTATION('',(#1058),#1062);
#1058 = LINE('',#1059,#1060);
#1059 = CARTESIAN_POINT('',(-0.,0.));
#1060 = VECTOR('',#1061,1.);
#1061 = DIRECTION('',(-1.,0.));
#1062 = ( GEOMETRIC_REPRESENTATION_CONTEXT(2) 
PARAMETRIC_REPRESENTATION_CONTEXT() REPRESENTATION_CONTEXT('2D SPACE',''
  ) );
#1063 = ADVANCED_FACE('',(#1064),#72,.F.);
#1064 = FACE_BOUND('',#1065,.F.);
#1065 = EDGE_LOOP('',(#1066,#1091,#1114,#1137,#1160,#1183,#1206,#1227,
    #1228,#1229,#1252,#1275));
#1066 = ORIENTED_EDGE('',*,*,#1067,.T.);
#1067 = EDGE_CURVE('',#1068,#1070,#1072,.T.);
#1068 = VERTEX_POINT('',#1069);
#1069 = CARTESIAN_POINT('',(42.,-125.,150.));
#1070 = VERTEX_POINT('',#1071);
#1071 = CARTESIAN_POINT('',(150.,-125.,150.));
#1072 = SURFACE_CURVE('',#1073,(#1077,#1084),.PCURVE_S1.);
#1073 = LINE('',#1074,#1075);
#1074 = CARTESIAN_POINT('',(-150.,-125.,150.));
#1075 = VECTOR('',#1076,1.);
#1076 = DIRECTION('',(1.,0.,0.));
#1077 = PCURVE('',#72,#1078);
#1078 = DEFINITIONAL_REPRESENTATION('',(#1079),#1083);
#1079 = LINE('',#1080,#1081);
#1080 = CARTESIAN_POINT('',(300.,0.));
#1081 = VECTOR('',#1082,1.);
#1082 = DIRECTION('',(0.,1.));
#1083 = ( GEOMETRIC_REPRESENTATION_CONTEXT(2) 
PARAMETRIC_REPRESENTATION_CONTEXT() REPRESENTATION_CONTEXT('2D SPACE',''
  ) );
#1084 = PCURVE('',#464,#1085);
#1085 = DEFINITIONAL_REPRESENTATION('',(#1086),#1090);
#1086 = LINE('',#1087,#1088);
#1087 = CARTESIAN_POINT('',(0.,0.));
#1088 = VECTOR('',#1089,1.);
#1089 = DIRECTION('',(1.,0.));
#1090 = ( GEOMETRIC_REPRESENTATION_CONTEXT(2) 
PARAMETRIC_REPRESENTATION_CONTEXT() REPRESENTATION_CONTEXT('2D SPACE',''
  ) );
#1091 = ORIENTED_EDGE('',*,*,#1092,.F.);
#1092 = EDGE_CURVE('',#1093,#1070,#1095,.T.);
#1093 = VERTEX_POINT('',#1094);
#1094 = CARTESIAN_POINT('',(150.,-125.,-150.));
#1095 = SURFACE_CURVE('',#1096,(#1100,#1107),.PCURVE_S1.);
#1096 = LINE('',#1097,#1098);
#1097 = CARTESIAN_POINT('',(150.,-125.,-150.));
#1098 = VECTOR('',#1099,1.);
#1099 = DIRECTION('',(0.,0.,1.));
#1100 = PCURVE('',#72,#1101);
#1101 = DEFINITIONAL_REPRESENTATION('',(#1102),#1106);
#1102 = LINE('',#1103,#1104);
#1103 = CARTESIAN_POINT('',(0.,300.));
#1104 = VECTOR('',#1105,1.);
#1105 = DIRECTION('',(1.,0.));
#1106 = ( GEOMETRIC_REPRESENTATION_CONTEXT(2) 
PARAMETRIC_REPRESENTATION_CONTEXT() REPRESENTATION_CONTEXT('2D SPACE',''
  ) );
#1107 = PCURVE('',#548,#1108);
#1108 = DEFINITIONAL_REPRESENTATION('',(#1109),#1113);
#1109 = LINE('',#1110,#1111);
#1110 = CARTESIAN_POINT('',(0.,0.));
#1111 = VECTOR('',#1112,1.);
#1112 = DIRECTION('',(1.,0.));
#1113 = ( GEOMETRIC_REPRESENTATION_CONTEXT(2) 
PARAMETRIC_REPRESENTATION_CONTEXT() REPRESENTATION_CONTEXT('2D SPACE',''
  ) );
#1114 = ORIENTED_EDGE('',*,*,#1115,.F.);
#1115 = EDGE_CURVE('',#1116,#1093,#1118,.T.);
#1116 = VERTEX_POINT('',#1117);
#1117 = CARTESIAN_POINT('',(66.3,-125.,-150.));
#1118 = SURFACE_CURVE('',#1119,(#1123,#1130),.PCURVE_S1.);
#1119 = LINE('',#1120,#1121);
#1120 = CARTESIAN_POINT('',(-150.,-125.,-150.));
#1121 = VECTOR('',#1122,1.);
#1122 = DIRECTION('',(1.,0.,0.));
#1123 = PCURVE('',#72,#1124);
#1124 = DEFINITIONAL_REPRESENTATION('',(#1125),#1129);
#1125 = LINE('',#1126,#1127);
#1126 = CARTESIAN_POINT('',(0.,0.));
#1127 = VECTOR('',#1128,1.);
#1128 = DIRECTION('',(0.,1.));
#1129 = ( GEOMETRIC_REPRESENTATION_CONTEXT(2) 
PARAMETRIC_REPRESENTATION_CONTEXT() REPRESENTATION_CONTEXT('2D SPACE',''
  ) );
#1130 = PCURVE('',#683,#1131);
#1131 = DEFINITIONAL_REPRESENTATION('',(#1132),#1136);
#1132 = LINE('',#1133,#1134);
#1133 = CARTESIAN_POINT('',(0.,0.));
#1134 = VECTOR('',#1135,1.);
#1135 = DIRECTION('',(1.,0.));
#1136 = ( GEOMETRIC_REPRESENTATION_CONTEXT(2) 
PARAMETRIC_REPRESENTATION_CONTEXT() REPRESENTATION_CONTEXT('2D SPACE',''
  ) );
#1137 = ORIENTED_EDGE('',*,*,#1138,.T.);
#1138 = EDGE_CURVE('',#1116,#1139,#1141,.T.);
#1139 = VERTEX_POINT('',#1140);
#1140 = CARTESIAN_POINT('',(66.3,-125.,-90.));
#1141 = SURFACE_CURVE('',#1142,(#1146,#1153),.PCURVE_S1.);
#1142 = LINE('',#1143,#1144);
#1143 = CARTESIAN_POINT('',(66.3,-125.,-150.));
#1144 = VECTOR('',#1145,1.);
#1145 = DIRECTION('',(0.,-0.,1.));
#1146 = PCURVE('',#72,#1147);
#1147 = DEFINITIONAL_REPRESENTATION('',(#1148),#1152);
#1148 = LINE('',#1149,#1150);
#1149 = CARTESIAN_POINT('',(0.,216.3));
#1150 = VECTOR('',#1151,1.);
#1151 = DIRECTION('',(1.,0.));
#1152 = ( GEOMETRIC_REPRESENTATION_CONTEXT(2) 
PARAMETRIC_REPRESENTATION_CONTEXT() REPRESENTATION_CONTEXT('2D SPACE',''
  ) );
#1153 = PCURVE('',#711,#1154);
#1154 = DEFINITIONAL_REPRESENTATION('',(#1155),#1159);
#1155 = LINE('',#1156,#1157);
#1156 = CARTESIAN_POINT('',(0.,0.));
#1157 = VECTOR('',#1158,1.);
#1158 = DIRECTION('',(0.,-1.));
#1159 = ( GEOMETRIC_REPRESENTATION_CONTEXT(2) 
PARAMETRIC_REPRESENTATION_CONTEXT() REPRESENTATION_CONTEXT('2D SPACE',''
  ) );
#1160 = ORIENTED_EDGE('',*,*,#1161,.F.);
#1161 = EDGE_CURVE('',#1162,#1139,#1164,.T.);
#1162 = VERTEX_POINT('',#1163);
#1163 = CARTESIAN_POINT('',(-85.2,-125.,-90.));
#1164 = SURFACE_CURVE('',#1165,(#1169,#1176),.PCURVE_S1.);
#1165 = LINE('',#1166,#1167);
#1166 = CARTESIAN_POINT('',(-85.2,-125.,-90.));
#1167 = VECTOR('',#1168,1.);
#1168 = DIRECTION('',(1.,0.,0.));
#1169 = PCURVE('',#72,#1170);
#1170 = DEFINITIONAL_REPRESENTATION('',(#1171),#1175);
#1171 = LINE('',#1172,#1173);
#1172 = CARTESIAN_POINT('',(60.,64.8));
#1173 = VECTOR('',#1174,1.);
#1174 = DIRECTION('',(0.,1.));
#1175 = ( GEOMETRIC_REPRESENTATION_CONTEXT(2) 
PARAMETRIC_REPRESENTATION_CONTEXT() REPRESENTATION_CONTEXT('2D SPACE',''
  ) );
#1176 = PCURVE('',#739,#1177);
#1177 = DEFINITIONAL_REPRESENTATION('',(#1178),#1182);
#1178 = LINE('',#1179,#1180);
#1179 = CARTESIAN_POINT('',(-75.75,-125.));
#1180 = VECTOR('',#1181,1.);
#1181 = DIRECTION('',(1.,0.));
#1182 = ( GEOMETRIC_REPRESENTATION_CONTEXT(2) 
PARAMETRIC_REPRESENTATION_CONTEXT() REPRESENTATION_CONTEXT('2D SPACE',''
  ) );
#1183 = ORIENTED_EDGE('',*,*,#1184,.F.);
#1184 = EDGE_CURVE('',#1185,#1162,#1187,.T.);
#1185 = VERTEX_POINT('',#1186);
#1186 = CARTESIAN_POINT('',(-85.2,-125.,-150.));
#1187 = SURFACE_CURVE('',#1188,(#1192,#1199),.PCURVE_S1.);
#1188 = LINE('',#1189,#1190);
#1189 = CARTESIAN_POINT('',(-85.2,-125.,-150.));
#1190 = VECTOR('',#1191,1.);
#1191 = DIRECTION('',(0.,-0.,1.));
#1192 = PCURVE('',#72,#1193);
#1193 = DEFINITIONAL_REPRESENTATION('',(#1194),#1198);
#1194 = LINE('',#1195,#1196);
#1195 = CARTESIAN_POINT('',(0.,64.8));
#1196 = VECTOR('',#1197,1.);
#1197 = DIRECTION('',(1.,0.));
#1198 = ( GEOMETRIC_REPRESENTATION_CONTEXT(2) 
PARAMETRIC_REPRESENTATION_CONTEXT() REPRESENTATION_CONTEXT('2D SPACE',''
  ) );
#1199 = PCURVE('',#813,#1200);
#1200 = DEFINITIONAL_REPRESENTATION('',(#1201),#1205);
#1201 = LINE('',#1202,#1203);
#1202 = CARTESIAN_POINT('',(250.,0.));
#1203 = VECTOR('',#1204,1.);
#1204 = DIRECTION('',(0.,-1.));
#1205 = ( GEOMETRIC_REPRESENTATION_CONTEXT(2) 
PARAMETRIC_REPRESENTATION_CONTEXT() REPRESENTATION_CONTEXT('2D SPACE',''
  ) );
#1206 = ORIENTED_EDGE('',*,*,#1207,.F.);
#1207 = EDGE_CURVE('',#57,#1185,#1208,.T.);
#1208 = SURFACE_CURVE('',#1209,(#1213,#1220),.PCURVE_S1.);
#1209 = LINE('',#1210,#1211);
#1210 = CARTESIAN_POINT('',(-150.,-125.,-150.));
#1211 = VECTOR('',#1212,1.);
#1212 = DIRECTION('',(1.,0.,0.));
#1213 = PCURVE('',#72,#1214);
#1214 = DEFINITIONAL_REPRESENTATION('',(#1215),#1219);
#1215 = LINE('',#1216,#1217);
#1216 = CARTESIAN_POINT('',(0.,0.));
#1217 = VECTOR('',#1218,1.);
#1218 = DIRECTION('',(0.,1.));
#1219 = ( GEOMETRIC_REPRESENTATION_CONTEXT(2) 
PARAMETRIC_REPRESENTATION_CONTEXT() REPRESENTATION_CONTEXT('2D SPACE',''
  ) );
#1220 = PCURVE('',#100,#1221);
#1221 = DEFINITIONAL_REPRESENTATION('',(#1222),#1226);
#1222 = LINE('',#1223,#1224);
#1223 = CARTESIAN_POINT('',(0.,0.));
#1224 = VECTOR('',#1225,1.);
#1225 = DIRECTION('',(1.,0.));
#1226 = ( GEOMETRIC_REPRESENTATION_CONTEXT(2) 
PARAMETRIC_REPRESENTATION_CONTEXT() REPRESENTATION_CONTEXT('2D SPACE',''
  ) );
#1227 = ORIENTED_EDGE('',*,*,#56,.T.);
#1228 = ORIENTED_EDGE('',*,*,#366,.T.);
#1229 = ORIENTED_EDGE('',*,*,#1230,.T.);
#1230 = EDGE_CURVE('',#367,#1231,#1233,.T.);
#1231 = VERTEX_POINT('',#1232);
#1232 = CARTESIAN_POINT('',(-58.5,-125.,90.));
#1233 = SURFACE_CURVE('',#1234,(#1238,#1245),.PCURVE_S1.);
#1234 = LINE('',#1235,#1236);
#1235 = CARTESIAN_POINT('',(-58.5,-125.,150.));
#1236 = VECTOR('',#1237,1.);
#1237 = DIRECTION('',(-0.,0.,-1.));
#1238 = PCURVE('',#72,#1239);
#1239 = DEFINITIONAL_REPRESENTATION('',(#1240),#1244);
#1240 = LINE('',#1241,#1242);
#1241 = CARTESIAN_POINT('',(300.,91.5));
#1242 = VECTOR('',#1243,1.);
#1243 = DIRECTION('',(-1.,0.));
#1244 = ( GEOMETRIC_REPRESENTATION_CONTEXT(2) 
PARAMETRIC_REPRESENTATION_CONTEXT() REPRESENTATION_CONTEXT('2D SPACE',''
  ) );
#1245 = PCURVE('',#403,#1246);
#1246 = DEFINITIONAL_REPRESENTATION('',(#1247),#1251);
#1247 = LINE('',#1248,#1249);
#1248 = CARTESIAN_POINT('',(250.,0.));
#1249 = VECTOR('',#1250,1.);
#1250 = DIRECTION('',(0.,-1.));
#1251 = ( GEOMETRIC_REPRESENTATION_CONTEXT(2) 
PARAMETRIC_REPRESENTATION_CONTEXT() REPRESENTATION_CONTEXT('2D SPACE',''
  ) );
#1252 = ORIENTED_EDGE('',*,*,#1253,.T.);
#1253 = EDGE_CURVE('',#1231,#1254,#1256,.T.);
#1254 = VERTEX_POINT('',#1255);
#1255 = CARTESIAN_POINT('',(42.,-125.,90.));
#1256 = SURFACE_CURVE('',#1257,(#1261,#1268),.PCURVE_S1.);
#1257 = LINE('',#1258,#1259);
#1258 = CARTESIAN_POINT('',(-58.5,-125.,90.));
#1259 = VECTOR('',#1260,1.);
#1260 = DIRECTION('',(1.,0.,0.));
#1261 = PCURVE('',#72,#1262);
#1262 = DEFINITIONAL_REPRESENTATION('',(#1263),#1267);
#1263 = LINE('',#1264,#1265);
#1264 = CARTESIAN_POINT('',(240.,91.5));
#1265 = VECTOR('',#1266,1.);
#1266 = DIRECTION('',(0.,1.));
#1267 = ( GEOMETRIC_REPRESENTATION_CONTEXT(2) 
PARAMETRIC_REPRESENTATION_CONTEXT() REPRESENTATION_CONTEXT('2D SPACE',''
  ) );
#1268 = PCURVE('',#938,#1269);
#1269 = DEFINITIONAL_REPRESENTATION('',(#1270),#1274);
#1270 = LINE('',#1271,#1272);
#1271 = CARTESIAN_POINT('',(-50.25,-125.));
#1272 = VECTOR('',#1273,1.);
#1273 = DIRECTION('',(1.,0.));
#1274 = ( GEOMETRIC_REPRESENTATION_CONTEXT(2) 
PARAMETRIC_REPRESENTATION_CONTEXT() REPRESENTATION_CONTEXT('2D SPACE',''
  ) );
#1275 = ORIENTED_EDGE('',*,*,#1276,.F.);
#1276 = EDGE_CURVE('',#1068,#1254,#1277,.T.);
#1277 = SURFACE_CURVE('',#1278,(#1282,#1289),.PCURVE_S1.);
#1278 = LINE('',#1279,#1280);
#1279 = CARTESIAN_POINT('',(42.,-125.,150.));
#1280 = VECTOR('',#1281,1.);
#1281 = DIRECTION('',(-0.,0.,-1.));
#1282 = PCURVE('',#72,#1283);
#1283 = DEFINITIONAL_REPRESENTATION('',(#1284),#1288);
#1284 = LINE('',#1285,#1286);
#1285 = CARTESIAN_POINT('',(300.,192.));
#1286 = VECTOR('',#1287,1.);
#1287 = DIRECTION('',(-1.,0.));
#1288 = ( GEOMETRIC_REPRESENTATION_CONTEXT(2) 
PARAMETRIC_REPRESENTATION_CONTEXT() REPRESENTATION_CONTEXT('2D SPACE',''
  ) );
#1289 = PCURVE('',#436,#1290);
#1290 = DEFINITIONAL_REPRESENTATION('',(#1291),#1295);
#1291 = LINE('',#1292,#1293);
#1292 = CARTESIAN_POINT('',(0.,0.));
#1293 = VECTOR('',#1294,1.);
#1294 = DIRECTION('',(0.,-1.));
#1295 = ( GEOMETRIC_REPRESENTATION_CONTEXT(2) 
PARAMETRIC_REPRESENTATION_CONTEXT() REPRESENTATION_CONTEXT('2D SPACE',''
  ) );
#1296 = ADVANCED_FACE('',(#1297),#156,.T.);
#1297 = FACE_BOUND('',#1298,.T.);
#1298 = EDGE_LOOP('',(#1299,#1300,#1323,#1344));
#1299 = ORIENTED_EDGE('',*,*,#876,.T.);
#1300 = ORIENTED_EDGE('',*,*,#1301,.T.);
#1301 = EDGE_CURVE('',#849,#1302,#1304,.T.);
#1302 = VERTEX_POINT('',#1303);
#1303 = CARTESIAN_POINT('',(-118.,86.,-87.));
#1304 = SURFACE_CURVE('',#1305,(#1309,#1316),.PCURVE_S1.);
#1305 = LINE('',#1306,#1307);
#1306 = CARTESIAN_POINT('',(-118.,125.,-87.));
#1307 = VECTOR('',#1308,1.);
#1308 = DIRECTION('',(0.,-1.,0.));
#1309 = PCURVE('',#156,#1310);
#1310 = DEFINITIONAL_REPRESENTATION('',(#1311),#1315);
#1311 = LINE('',#1312,#1313);
#1312 = CARTESIAN_POINT('',(0.,-32.));
#1313 = VECTOR('',#1314,1.);
#1314 = DIRECTION('',(1.,0.));
#1315 = ( GEOMETRIC_REPRESENTATION_CONTEXT(2) 
PARAMETRIC_REPRESENTATION_CONTEXT() REPRESENTATION_CONTEXT('2D SPACE',''
  ) );
#1316 = PCURVE('',#864,#1317);
#1317 = DEFINITIONAL_REPRESENTATION('',(#1318),#1322);
#1318 = LINE('',#1319,#1320);
#1319 = CARTESIAN_POINT('',(31.5,-19.5));
#1320 = VECTOR('',#1321,1.);
#1321 = DIRECTION('',(0.,1.));
#1322 = ( GEOMETRIC_REPRESENTATION_CONTEXT(2) 
PARAMETRIC_REPRESENTATION_CONTEXT() REPRESENTATION_CONTEXT('2D SPACE',''
  ) );
#1323 = ORIENTED_EDGE('',*,*,#1324,.F.);
#1324 = EDGE_CURVE('',#113,#1302,#1325,.T.);
#1325 = SURFACE_CURVE('',#1326,(#1330,#1337),.PCURVE_S1.);
#1326 = LINE('',#1327,#1328);
#1327 = CARTESIAN_POINT('',(-150.,86.,-87.));
#1328 = VECTOR('',#1329,1.);
#1329 = DIRECTION('',(1.,0.,-0.));
#1330 = PCURVE('',#156,#1331);
#1331 = DEFINITIONAL_REPRESENTATION('',(#1332),#1336);
#1332 = LINE('',#1333,#1334);
#1333 = CARTESIAN_POINT('',(39.,0.));
#1334 = VECTOR('',#1335,1.);
#1335 = DIRECTION('',(0.,-1.));
#1336 = ( GEOMETRIC_REPRESENTATION_CONTEXT(2) 
PARAMETRIC_REPRESENTATION_CONTEXT() REPRESENTATION_CONTEXT('2D SPACE',''
  ) );
#1337 = PCURVE('',#128,#1338);
#1338 = DEFINITIONAL_REPRESENTATION('',(#1339),#1343);
#1339 = LINE('',#1340,#1341);
#1340 = CARTESIAN_POINT('',(0.,0.));
#1341 = VECTOR('',#1342,1.);
#1342 = DIRECTION('',(0.,-1.));
#1343 = ( GEOMETRIC_REPRESENTATION_CONTEXT(2) 
PARAMETRIC_REPRESENTATION_CONTEXT() REPRESENTATION_CONTEXT('2D SPACE',''
  ) );
#1344 = ORIENTED_EDGE('',*,*,#140,.F.);
#1345 = ADVANCED_FACE('',(#1346),#100,.F.);
#1346 = FACE_BOUND('',#1347,.F.);
#1347 = EDGE_LOOP('',(#1348,#1349,#1372,#1393,#1394,#1395));
#1348 = ORIENTED_EDGE('',*,*,#825,.F.);
#1349 = ORIENTED_EDGE('',*,*,#1350,.F.);
#1350 = EDGE_CURVE('',#1351,#826,#1353,.T.);
#1351 = VERTEX_POINT('',#1352);
#1352 = CARTESIAN_POINT('',(-118.,86.,-150.));
#1353 = SURFACE_CURVE('',#1354,(#1358,#1365),.PCURVE_S1.);
#1354 = LINE('',#1355,#1356);
#1355 = CARTESIAN_POINT('',(-118.,86.,-150.));
#1356 = VECTOR('',#1357,1.);
#1357 = DIRECTION('',(0.,1.,0.));
#1358 = PCURVE('',#100,#1359);
#1359 = DEFINITIONAL_REPRESENTATION('',(#1360),#1364);
#1360 = LINE('',#1361,#1362);
#1361 = CARTESIAN_POINT('',(32.,211.));
#1362 = VECTOR('',#1363,1.);
#1363 = DIRECTION('',(0.,1.));
#1364 = ( GEOMETRIC_REPRESENTATION_CONTEXT(2) 
PARAMETRIC_REPRESENTATION_CONTEXT() REPRESENTATION_CONTEXT('2D SPACE',''
  ) );
#1365 = PCURVE('',#864,#1366);
#1366 = DEFINITIONAL_REPRESENTATION('',(#1367),#1371);
#1367 = LINE('',#1368,#1369);
#1368 = CARTESIAN_POINT('',(-31.5,19.5));
#1369 = VECTOR('',#1370,1.);
#1370 = DIRECTION('',(0.,-1.));
#1371 = ( GEOMETRIC_REPRESENTATION_CONTEXT(2) 
PARAMETRIC_REPRESENTATION_CONTEXT() REPRESENTATION_CONTEXT('2D SPACE',''
  ) );
#1372 = ORIENTED_EDGE('',*,*,#1373,.F.);
#1373 = EDGE_CURVE('',#85,#1351,#1374,.T.);
#1374 = SURFACE_CURVE('',#1375,(#1379,#1386),.PCURVE_S1.);
#1375 = LINE('',#1376,#1377);
#1376 = CARTESIAN_POINT('',(-150.,86.,-150.));
#1377 = VECTOR('',#1378,1.);
#1378 = DIRECTION('',(1.,0.,-0.));
#1379 = PCURVE('',#100,#1380);
#1380 = DEFINITIONAL_REPRESENTATION('',(#1381),#1385);
#1381 = LINE('',#1382,#1383);
#1382 = CARTESIAN_POINT('',(0.,211.));
#1383 = VECTOR('',#1384,1.);
#1384 = DIRECTION('',(1.,0.));
#1385 = ( GEOMETRIC_REPRESENTATION_CONTEXT(2) 
PARAMETRIC_REPRESENTATION_CONTEXT() REPRESENTATION_CONTEXT('2D SPACE',''
  ) );
#1386 = PCURVE('',#128,#1387);
#1387 = DEFINITIONAL_REPRESENTATION('',(#1388),#1392);
#1388 = LINE('',#1389,#1390);
#1389 = CARTESIAN_POINT('',(63.,0.));
#1390 = VECTOR('',#1391,1.);
#1391 = DIRECTION('',(0.,-1.));
#1392 = ( GEOMETRIC_REPRESENTATION_CONTEXT(2) 
PARAMETRIC_REPRESENTATION_CONTEXT() REPRESENTATION_CONTEXT('2D SPACE',''
  ) );
#1393 = ORIENTED_EDGE('',*,*,#84,.F.);
#1394 = ORIENTED_EDGE('',*,*,#1207,.T.);
#1395 = ORIENTED_EDGE('',*,*,#1396,.F.);
#1396 = EDGE_CURVE('',#798,#1185,#1397,.T.);
#1397 = SURFACE_CURVE('',#1398,(#1402,#1409),.PCURVE_S1.);
#1398 = LINE('',#1399,#1400);
#1399 = CARTESIAN_POINT('',(-85.2,125.,-150.));
#1400 = VECTOR('',#1401,1.);
#1401 = DIRECTION('',(0.,-1.,0.));
#1402 = PCURVE('',#100,#1403);
#1403 = DEFINITIONAL_REPRESENTATION('',(#1404),#1408);
#1404 = LINE('',#1405,#1406);
#1405 = CARTESIAN_POINT('',(64.8,250.));
#1406 = VECTOR('',#1407,1.);
#1407 = DIRECTION('',(0.,-1.));
#1408 = ( GEOMETRIC_REPRESENTATION_CONTEXT(2) 
PARAMETRIC_REPRESENTATION_CONTEXT() REPRESENTATION_CONTEXT('2D SPACE',''
  ) );
#1409 = PCURVE('',#813,#1410);
#1410 = DEFINITIONAL_REPRESENTATION('',(#1411),#1415);
#1411 = LINE('',#1412,#1413);
#1412 = CARTESIAN_POINT('',(0.,0.));
#1413 = VECTOR('',#1414,1.);
#1414 = DIRECTION('',(1.,0.));
#1415 = ( GEOMETRIC_REPRESENTATION_CONTEXT(2) 
PARAMETRIC_REPRESENTATION_CONTEXT() REPRESENTATION_CONTEXT('2D SPACE',''
  ) );
#1416 = ADVANCED_FACE('',(#1417),#128,.T.);
#1417 = FACE_BOUND('',#1418,.T.);
#1418 = EDGE_LOOP('',(#1419,#1420,#1441,#1442));
#1419 = ORIENTED_EDGE('',*,*,#1324,.T.);
#1420 = ORIENTED_EDGE('',*,*,#1421,.T.);
#1421 = EDGE_CURVE('',#1302,#1351,#1422,.T.);
#1422 = SURFACE_CURVE('',#1423,(#1427,#1434),.PCURVE_S1.);
#1423 = LINE('',#1424,#1425);
#1424 = CARTESIAN_POINT('',(-118.,86.,-87.));
#1425 = VECTOR('',#1426,1.);
#1426 = DIRECTION('',(0.,0.,-1.));
#1427 = PCURVE('',#128,#1428);
#1428 = DEFINITIONAL_REPRESENTATION('',(#1429),#1433);
#1429 = LINE('',#1430,#1431);
#1430 = CARTESIAN_POINT('',(0.,-32.));
#1431 = VECTOR('',#1432,1.);
#1432 = DIRECTION('',(1.,0.));
#1433 = ( GEOMETRIC_REPRESENTATION_CONTEXT(2) 
PARAMETRIC_REPRESENTATION_CONTEXT() REPRESENTATION_CONTEXT('2D SPACE',''
  ) );
#1434 = PCURVE('',#864,#1435);
#1435 = DEFINITIONAL_REPRESENTATION('',(#1436),#1440);
#1436 = LINE('',#1437,#1438);
#1437 = CARTESIAN_POINT('',(31.5,19.5));
#1438 = VECTOR('',#1439,1.);
#1439 = DIRECTION('',(-1.,0.));
#1440 = ( GEOMETRIC_REPRESENTATION_CONTEXT(2) 
PARAMETRIC_REPRESENTATION_CONTEXT() REPRESENTATION_CONTEXT('2D SPACE',''
  ) );
#1441 = ORIENTED_EDGE('',*,*,#1373,.F.);
#1442 = ORIENTED_EDGE('',*,*,#112,.F.);
#1443 = ADVANCED_FACE('',(#1444),#213,.F.);
#1444 = FACE_BOUND('',#1445,.T.);
#1445 = EDGE_LOOP('',(#1446,#1469,#1496,#1497));
#1446 = ORIENTED_EDGE('',*,*,#1447,.T.);
#1447 = EDGE_CURVE('',#197,#1448,#1450,.T.);
#1448 = VERTEX_POINT('',#1449);
#1449 = CARTESIAN_POINT('',(-146.85,85.375,58.175));
#1450 = SEAM_CURVE('',#1451,(#1455,#1462),.PCURVE_S1.);
#1451 = LINE('',#1452,#1453);
#1452 = CARTESIAN_POINT('',(-150.,85.375,58.175));
#1453 = VECTOR('',#1454,1.);
#1454 = DIRECTION('',(1.,-0.,0.));
#1455 = PCURVE('',#213,#1456);
#1456 = DEFINITIONAL_REPRESENTATION('',(#1457),#1461);
#1457 = LINE('',#1458,#1459);
#1458 = CARTESIAN_POINT('',(-0.,0.));
#1459 = VECTOR('',#1460,1.);
#1460 = DIRECTION('',(-0.,-1.));
#1461 = ( GEOMETRIC_REPRESENTATION_CONTEXT(2) 
PARAMETRIC_REPRESENTATION_CONTEXT() REPRESENTATION_CONTEXT('2D SPACE',''
  ) );
#1462 = PCURVE('',#213,#1463);
#1463 = DEFINITIONAL_REPRESENTATION('',(#1464),#1468);
#1464 = LINE('',#1465,#1466);
#1465 = CARTESIAN_POINT('',(-6.28318530718,0.));
#1466 = VECTOR('',#1467,1.);
#1467 = DIRECTION('',(-0.,-1.));
#1468 = ( GEOMETRIC_REPRESENTATION_CONTEXT(2) 
PARAMETRIC_REPRESENTATION_CONTEXT() REPRESENTATION_CONTEXT('2D SPACE',''
  ) );
#1469 = ORIENTED_EDGE('',*,*,#1470,.T.);
#1470 = EDGE_CURVE('',#1448,#1448,#1471,.T.);
#1471 = SURFACE_CURVE('',#1472,(#1477,#1484),.PCURVE_S1.);
#1472 = CIRCLE('',#1473,5.6);
#1473 = AXIS2_PLACEMENT_3D('',#1474,#1475,#1476);
#1474 = CARTESIAN_POINT('',(-146.85,85.375,52.575));
#1475 = DIRECTION('',(1.,0.,-0.));
#1476 = DIRECTION('',(0.,0.,1.));
#1477 = PCURVE('',#213,#1478);
#1478 = DEFINITIONAL_REPRESENTATION('',(#1479),#1483);
#1479 = LINE('',#1480,#1481);
#1480 = CARTESIAN_POINT('',(-0.,-3.15));
#1481 = VECTOR('',#1482,1.);
#1482 = DIRECTION('',(-1.,0.));
#1483 = ( GEOMETRIC_REPRESENTATION_CONTEXT(2) 
PARAMETRIC_REPRESENTATION_CONTEXT() REPRESENTATION_CONTEXT('2D SPACE',''
  ) );
#1484 = PCURVE('',#1485,#1490);
#1485 = PLANE('',#1486);
#1486 = AXIS2_PLACEMENT_3D('',#1487,#1488,#1489);
#1487 = CARTESIAN_POINT('',(-146.85,85.375,52.575));
#1488 = DIRECTION('',(1.,0.,0.));
#1489 = DIRECTION('',(-0.,0.,1.));
#1490 = DEFINITIONAL_REPRESENTATION('',(#1491),#1495);
#1491 = CIRCLE('',#1492,5.6);
#1492 = AXIS2_PLACEMENT_2D('',#1493,#1494);
#1493 = CARTESIAN_POINT('',(0.,1.42108547152E-14));
#1494 = DIRECTION('',(1.,0.));
#1495 = ( GEOMETRIC_REPRESENTATION_CONTEXT(2) 
PARAMETRIC_REPRESENTATION_CONTEXT() REPRESENTATION_CONTEXT('2D SPACE',''
  ) );
#1496 = ORIENTED_EDGE('',*,*,#1447,.F.);
#1497 = ORIENTED_EDGE('',*,*,#196,.F.);
#1498 = ADVANCED_FACE('',(#1499),#245,.F.);
#1499 = FACE_BOUND('',#1500,.F.);
#1500 = EDGE_LOOP('',(#1501,#1524,#1552,#1573));
#1501 = ORIENTED_EDGE('',*,*,#1502,.T.);
#1502 = EDGE_CURVE('',#228,#1503,#1505,.T.);
#1503 = VERTEX_POINT('',#1504);
#1504 = CARTESIAN_POINT('',(-134.,74.75,92.1));
#1505 = SURFACE_CURVE('',#1506,(#1510,#1517),.PCURVE_S1.);
#1506 = LINE('',#1507,#1508);
#1507 = CARTESIAN_POINT('',(-150.,74.75,92.1));
#1508 = VECTOR('',#1509,1.);
#1509 = DIRECTION('',(1.,-0.,0.));
#1510 = PCURVE('',#245,#1511);
#1511 = DEFINITIONAL_REPRESENTATION('',(#1512),#1516);
#1512 = LINE('',#1513,#1514);
#1513 = CARTESIAN_POINT('',(0.,0.));
#1514 = VECTOR('',#1515,1.);
#1515 = DIRECTION('',(0.,-1.));
#1516 = ( GEOMETRIC_REPRESENTATION_CONTEXT(2) 
PARAMETRIC_REPRESENTATION_CONTEXT() REPRESENTATION_CONTEXT('2D SPACE',''
  ) );
#1517 = PCURVE('',#327,#1518);
#1518 = DEFINITIONAL_REPRESENTATION('',(#1519),#1523);
#1519 = LINE('',#1520,#1521);
#1520 = CARTESIAN_POINT('',(29.,0.));
#1521 = VECTOR('',#1522,1.);
#1522 = DIRECTION('',(0.,-1.));
#1523 = ( GEOMETRIC_REPRESENTATION_CONTEXT(2) 
PARAMETRIC_REPRESENTATION_CONTEXT() REPRESENTATION_CONTEXT('2D SPACE',''
  ) );
#1524 = ORIENTED_EDGE('',*,*,#1525,.T.);
#1525 = EDGE_CURVE('',#1503,#1526,#1528,.T.);
#1526 = VERTEX_POINT('',#1527);
#1527 = CARTESIAN_POINT('',(-134.,93.75,92.1));
#1528 = SURFACE_CURVE('',#1529,(#1533,#1540),.PCURVE_S1.);
#1529 = LINE('',#1530,#1531);
#1530 = CARTESIAN_POINT('',(-134.,74.75,92.1));
#1531 = VECTOR('',#1532,1.);
#1532 = DIRECTION('',(0.,1.,0.));
#1533 = PCURVE('',#245,#1534);
#1534 = DEFINITIONAL_REPRESENTATION('',(#1535),#1539);
#1535 = LINE('',#1536,#1537);
#1536 = CARTESIAN_POINT('',(0.,-16.));
#1537 = VECTOR('',#1538,1.);
#1538 = DIRECTION('',(1.,0.));
#1539 = ( GEOMETRIC_REPRESENTATION_CONTEXT(2) 
PARAMETRIC_REPRESENTATION_CONTEXT() REPRESENTATION_CONTEXT('2D SPACE',''
  ) );
#1540 = PCURVE('',#1541,#1546);
#1541 = PLANE('',#1542);
#1542 = AXIS2_PLACEMENT_3D('',#1543,#1544,#1545);
#1543 = CARTESIAN_POINT('',(-134.,84.25,77.6));
#1544 = DIRECTION('',(-1.,-0.,-0.));
#1545 = DIRECTION('',(0.,0.,-1.));
#1546 = DEFINITIONAL_REPRESENTATION('',(#1547),#1551);
#1547 = LINE('',#1548,#1549);
#1548 = CARTESIAN_POINT('',(-14.5,9.5));
#1549 = VECTOR('',#1550,1.);
#1550 = DIRECTION('',(0.,-1.));
#1551 = ( GEOMETRIC_REPRESENTATION_CONTEXT(2) 
PARAMETRIC_REPRESENTATION_CONTEXT() REPRESENTATION_CONTEXT('2D SPACE',''
  ) );
#1552 = ORIENTED_EDGE('',*,*,#1553,.F.);
#1553 = EDGE_CURVE('',#230,#1526,#1554,.T.);
#1554 = SURFACE_CURVE('',#1555,(#1559,#1566),.PCURVE_S1.);
#1555 = LINE('',#1556,#1557);
#1556 = CARTESIAN_POINT('',(-150.,93.75,92.1));
#1557 = VECTOR('',#1558,1.);
#1558 = DIRECTION('',(1.,-0.,0.));
#1559 = PCURVE('',#245,#1560);
#1560 = DEFINITIONAL_REPRESENTATION('',(#1561),#1565);
#1561 = LINE('',#1562,#1563);
#1562 = CARTESIAN_POINT('',(19.,0.));
#1563 = VECTOR('',#1564,1.);
#1564 = DIRECTION('',(0.,-1.));
#1565 = ( GEOMETRIC_REPRESENTATION_CONTEXT(2) 
PARAMETRIC_REPRESENTATION_CONTEXT() REPRESENTATION_CONTEXT('2D SPACE',''
  ) );
#1566 = PCURVE('',#273,#1567);
#1567 = DEFINITIONAL_REPRESENTATION('',(#1568),#1572);
#1568 = LINE('',#1569,#1570);
#1569 = CARTESIAN_POINT('',(0.,0.));
#1570 = VECTOR('',#1571,1.);
#1571 = DIRECTION('',(0.,-1.));
#1572 = ( GEOMETRIC_REPRESENTATION_CONTEXT(2) 
PARAMETRIC_REPRESENTATION_CONTEXT() REPRESENTATION_CONTEXT('2D SPACE',''
  ) );
#1573 = ORIENTED_EDGE('',*,*,#227,.F.);
#1574 = ADVANCED_FACE('',(#1575),#327,.F.);
#1575 = FACE_BOUND('',#1576,.F.);
#1576 = EDGE_LOOP('',(#1577,#1600,#1621,#1622));
#1577 = ORIENTED_EDGE('',*,*,#1578,.T.);
#1578 = EDGE_CURVE('',#286,#1579,#1581,.T.);
#1579 = VERTEX_POINT('',#1580);
#1580 = CARTESIAN_POINT('',(-134.,74.75,63.1));
#1581 = SURFACE_CURVE('',#1582,(#1586,#1593),.PCURVE_S1.);
#1582 = LINE('',#1583,#1584);
#1583 = CARTESIAN_POINT('',(-150.,74.75,63.1));
#1584 = VECTOR('',#1585,1.);
#1585 = DIRECTION('',(1.,-0.,0.));
#1586 = PCURVE('',#327,#1587);
#1587 = DEFINITIONAL_REPRESENTATION('',(#1588),#1592);
#1588 = LINE('',#1589,#1590);
#1589 = CARTESIAN_POINT('',(0.,0.));
#1590 = VECTOR('',#1591,1.);
#1591 = DIRECTION('',(0.,-1.));
#1592 = ( GEOMETRIC_REPRESENTATION_CONTEXT(2) 
PARAMETRIC_REPRESENTATION_CONTEXT() REPRESENTATION_CONTEXT('2D SPACE',''
  ) );
#1593 = PCURVE('',#301,#1594);
#1594 = DEFINITIONAL_REPRESENTATION('',(#1595),#1599);
#1595 = LINE('',#1596,#1597);
#1596 = CARTESIAN_POINT('',(19.,0.));
#1597 = VECTOR('',#1598,1.);
#1598 = DIRECTION('',(0.,-1.));
#1599 = ( GEOMETRIC_REPRESENTATION_CONTEXT(2) 
PARAMETRIC_REPRESENTATION_CONTEXT() REPRESENTATION_CONTEXT('2D SPACE',''
  ) );
#1600 = ORIENTED_EDGE('',*,*,#1601,.T.);
#1601 = EDGE_CURVE('',#1579,#1503,#1602,.T.);
#1602 = SURFACE_CURVE('',#1603,(#1607,#1614),.PCURVE_S1.);
#1603 = LINE('',#1604,#1605);
#1604 = CARTESIAN_POINT('',(-134.,74.75,63.1));
#1605 = VECTOR('',#1606,1.);
#1606 = DIRECTION('',(0.,0.,1.));
#1607 = PCURVE('',#327,#1608);
#1608 = DEFINITIONAL_REPRESENTATION('',(#1609),#1613);
#1609 = LINE('',#1610,#1611);
#1610 = CARTESIAN_POINT('',(0.,-16.));
#1611 = VECTOR('',#1612,1.);
#1612 = DIRECTION('',(1.,0.));
#1613 = ( GEOMETRIC_REPRESENTATION_CONTEXT(2) 
PARAMETRIC_REPRESENTATION_CONTEXT() REPRESENTATION_CONTEXT('2D SPACE',''
  ) );
#1614 = PCURVE('',#1541,#1615);
#1615 = DEFINITIONAL_REPRESENTATION('',(#1616),#1620);
#1616 = LINE('',#1617,#1618);
#1617 = CARTESIAN_POINT('',(14.5,9.5));
#1618 = VECTOR('',#1619,1.);
#1619 = DIRECTION('',(-1.,0.));
#1620 = ( GEOMETRIC_REPRESENTATION_CONTEXT(2) 
PARAMETRIC_REPRESENTATION_CONTEXT() REPRESENTATION_CONTEXT('2D SPACE',''
  ) );
#1621 = ORIENTED_EDGE('',*,*,#1502,.F.);
#1622 = ORIENTED_EDGE('',*,*,#313,.F.);
#1623 = ADVANCED_FACE('',(#1624),#273,.F.);
#1624 = FACE_BOUND('',#1625,.F.);
#1625 = EDGE_LOOP('',(#1626,#1627,#1650,#1671));
#1626 = ORIENTED_EDGE('',*,*,#1553,.T.);
#1627 = ORIENTED_EDGE('',*,*,#1628,.T.);
#1628 = EDGE_CURVE('',#1526,#1629,#1631,.T.);
#1629 = VERTEX_POINT('',#1630);
#1630 = CARTESIAN_POINT('',(-134.,93.75,63.1));
#1631 = SURFACE_CURVE('',#1632,(#1636,#1643),.PCURVE_S1.);
#1632 = LINE('',#1633,#1634);
#1633 = CARTESIAN_POINT('',(-134.,93.75,92.1));
#1634 = VECTOR('',#1635,1.);
#1635 = DIRECTION('',(0.,0.,-1.));
#1636 = PCURVE('',#273,#1637);
#1637 = DEFINITIONAL_REPRESENTATION('',(#1638),#1642);
#1638 = LINE('',#1639,#1640);
#1639 = CARTESIAN_POINT('',(0.,-16.));
#1640 = VECTOR('',#1641,1.);
#1641 = DIRECTION('',(1.,0.));
#1642 = ( GEOMETRIC_REPRESENTATION_CONTEXT(2) 
PARAMETRIC_REPRESENTATION_CONTEXT() REPRESENTATION_CONTEXT('2D SPACE',''
  ) );
#1643 = PCURVE('',#1541,#1644);
#1644 = DEFINITIONAL_REPRESENTATION('',(#1645),#1649);
#1645 = LINE('',#1646,#1647);
#1646 = CARTESIAN_POINT('',(-14.5,-9.5));
#1647 = VECTOR('',#1648,1.);
#1648 = DIRECTION('',(1.,0.));
#1649 = ( GEOMETRIC_REPRESENTATION_CONTEXT(2) 
PARAMETRIC_REPRESENTATION_CONTEXT() REPRESENTATION_CONTEXT('2D SPACE',''
  ) );
#1650 = ORIENTED_EDGE('',*,*,#1651,.F.);
#1651 = EDGE_CURVE('',#258,#1629,#1652,.T.);
#1652 = SURFACE_CURVE('',#1653,(#1657,#1664),.PCURVE_S1.);
#1653 = LINE('',#1654,#1655);
#1654 = CARTESIAN_POINT('',(-150.,93.75,63.1));
#1655 = VECTOR('',#1656,1.);
#1656 = DIRECTION('',(1.,-0.,0.));
#1657 = PCURVE('',#273,#1658);
#1658 = DEFINITIONAL_REPRESENTATION('',(#1659),#1663);
#1659 = LINE('',#1660,#1661);
#1660 = CARTESIAN_POINT('',(29.,0.));
#1661 = VECTOR('',#1662,1.);
#1662 = DIRECTION('',(0.,-1.));
#1663 = ( GEOMETRIC_REPRESENTATION_CONTEXT(2) 
PARAMETRIC_REPRESENTATION_CONTEXT() REPRESENTATION_CONTEXT('2D SPACE',''
  ) );
#1664 = PCURVE('',#301,#1665);
#1665 = DEFINITIONAL_REPRESENTATION('',(#1666),#1670);
#1666 = LINE('',#1667,#1668);
#1667 = CARTESIAN_POINT('',(0.,-0.));
#1668 = VECTOR('',#1669,1.);
#1669 = DIRECTION('',(0.,-1.));
#1670 = ( GEOMETRIC_REPRESENTATION_CONTEXT(2) 
PARAMETRIC_REPRESENTATION_CONTEXT() REPRESENTATION_CONTEXT('2D SPACE',''
  ) );
#1671 = ORIENTED_EDGE('',*,*,#257,.F.);
#1672 = ADVANCED_FACE('',(#1673),#301,.F.);
#1673 = FACE_BOUND('',#1674,.F.);
#1674 = EDGE_LOOP('',(#1675,#1676,#1697,#1698));
#1675 = ORIENTED_EDGE('',*,*,#1651,.T.);
#1676 = ORIENTED_EDGE('',*,*,#1677,.T.);
#1677 = EDGE_CURVE('',#1629,#1579,#1678,.T.);
#1678 = SURFACE_CURVE('',#1679,(#1683,#1690),.PCURVE_S1.);
#1679 = LINE('',#1680,#1681);
#1680 = CARTESIAN_POINT('',(-134.,93.75,63.1));
#1681 = VECTOR('',#1682,1.);
#1682 = DIRECTION('',(0.,-1.,-0.));
#1683 = PCURVE('',#301,#1684);
#1684 = DEFINITIONAL_REPRESENTATION('',(#1685),#1689);
#1685 = LINE('',#1686,#1687);
#1686 = CARTESIAN_POINT('',(0.,-16.));
#1687 = VECTOR('',#1688,1.);
#1688 = DIRECTION('',(1.,0.));
#1689 = ( GEOMETRIC_REPRESENTATION_CONTEXT(2) 
PARAMETRIC_REPRESENTATION_CONTEXT() REPRESENTATION_CONTEXT('2D SPACE',''
  ) );
#1690 = PCURVE('',#1541,#1691);
#1691 = DEFINITIONAL_REPRESENTATION('',(#1692),#1696);
#1692 = LINE('',#1693,#1694);
#1693 = CARTESIAN_POINT('',(14.5,-9.5));
#1694 = VECTOR('',#1695,1.);
#1695 = DIRECTION('',(0.,1.));
#1696 = ( GEOMETRIC_REPRESENTATION_CONTEXT(2) 
PARAMETRIC_REPRESENTATION_CONTEXT() REPRESENTATION_CONTEXT('2D SPACE',''
  ) );
#1697 = ORIENTED_EDGE('',*,*,#1578,.F.);
#1698 = ORIENTED_EDGE('',*,*,#285,.F.);
#1699 = ADVANCED_FACE('',(#1700),#403,.F.);
#1700 = FACE_BOUND('',#1701,.F.);
#1701 = EDGE_LOOP('',(#1702,#1703,#1724,#1725));
#1702 = ORIENTED_EDGE('',*,*,#899,.T.);
#1703 = ORIENTED_EDGE('',*,*,#1704,.T.);
#1704 = EDGE_CURVE('',#900,#1231,#1705,.T.);
#1705 = SURFACE_CURVE('',#1706,(#1710,#1717),.PCURVE_S1.);
#1706 = LINE('',#1707,#1708);
#1707 = CARTESIAN_POINT('',(-58.5,125.,90.));
#1708 = VECTOR('',#1709,1.);
#1709 = DIRECTION('',(0.,-1.,0.));
#1710 = PCURVE('',#403,#1711);
#1711 = DEFINITIONAL_REPRESENTATION('',(#1712),#1716);
#1712 = LINE('',#1713,#1714);
#1713 = CARTESIAN_POINT('',(0.,-60.));
#1714 = VECTOR('',#1715,1.);
#1715 = DIRECTION('',(1.,0.));
#1716 = ( GEOMETRIC_REPRESENTATION_CONTEXT(2) 
PARAMETRIC_REPRESENTATION_CONTEXT() REPRESENTATION_CONTEXT('2D SPACE',''
  ) );
#1717 = PCURVE('',#938,#1718);
#1718 = DEFINITIONAL_REPRESENTATION('',(#1719),#1723);
#1719 = LINE('',#1720,#1721);
#1720 = CARTESIAN_POINT('',(-50.25,125.));
#1721 = VECTOR('',#1722,1.);
#1722 = DIRECTION('',(0.,-1.));
#1723 = ( GEOMETRIC_REPRESENTATION_CONTEXT(2) 
PARAMETRIC_REPRESENTATION_CONTEXT() REPRESENTATION_CONTEXT('2D SPACE',''
  ) );
#1724 = ORIENTED_EDGE('',*,*,#1230,.F.);
#1725 = ORIENTED_EDGE('',*,*,#389,.F.);
#1726 = ADVANCED_FACE('',(#1727),#436,.F.);
#1727 = FACE_BOUND('',#1728,.F.);
#1728 = EDGE_LOOP('',(#1729,#1730,#1751,#1752));
#1729 = ORIENTED_EDGE('',*,*,#1276,.T.);
#1730 = ORIENTED_EDGE('',*,*,#1731,.T.);
#1731 = EDGE_CURVE('',#1254,#421,#1732,.T.);
#1732 = SURFACE_CURVE('',#1733,(#1737,#1744),.PCURVE_S1.);
#1733 = LINE('',#1734,#1735);
#1734 = CARTESIAN_POINT('',(42.,-125.,90.));
#1735 = VECTOR('',#1736,1.);
#1736 = DIRECTION('',(0.,1.,0.));
#1737 = PCURVE('',#436,#1738);
#1738 = DEFINITIONAL_REPRESENTATION('',(#1739),#1743);
#1739 = LINE('',#1740,#1741);
#1740 = CARTESIAN_POINT('',(0.,-60.));
#1741 = VECTOR('',#1742,1.);
#1742 = DIRECTION('',(1.,0.));
#1743 = ( GEOMETRIC_REPRESENTATION_CONTEXT(2) 
PARAMETRIC_REPRESENTATION_CONTEXT() REPRESENTATION_CONTEXT('2D SPACE',''
  ) );
#1744 = PCURVE('',#938,#1745);
#1745 = DEFINITIONAL_REPRESENTATION('',(#1746),#1750);
#1746 = LINE('',#1747,#1748);
#1747 = CARTESIAN_POINT('',(50.25,-125.));
#1748 = VECTOR('',#1749,1.);
#1749 = DIRECTION('',(0.,1.));
#1750 = ( GEOMETRIC_REPRESENTATION_CONTEXT(2) 
PARAMETRIC_REPRESENTATION_CONTEXT() REPRESENTATION_CONTEXT('2D SPACE',''
  ) );
#1751 = ORIENTED_EDGE('',*,*,#418,.F.);
#1752 = ORIENTED_EDGE('',*,*,#1753,.F.);
#1753 = EDGE_CURVE('',#1068,#419,#1754,.T.);
#1754 = SURFACE_CURVE('',#1755,(#1759,#1766),.PCURVE_S1.);
#1755 = LINE('',#1756,#1757);
#1756 = CARTESIAN_POINT('',(42.,-125.,150.));
#1757 = VECTOR('',#1758,1.);
#1758 = DIRECTION('',(0.,1.,0.));
#1759 = PCURVE('',#436,#1760);
#1760 = DEFINITIONAL_REPRESENTATION('',(#1761),#1765);
#1761 = LINE('',#1762,#1763);
#1762 = CARTESIAN_POINT('',(0.,0.));
#1763 = VECTOR('',#1764,1.);
#1764 = DIRECTION('',(1.,0.));
#1765 = ( GEOMETRIC_REPRESENTATION_CONTEXT(2) 
PARAMETRIC_REPRESENTATION_CONTEXT() REPRESENTATION_CONTEXT('2D SPACE',''
  ) );
#1766 = PCURVE('',#464,#1767);
#1767 = DEFINITIONAL_REPRESENTATION('',(#1768),#1772);
#1768 = LINE('',#1769,#1770);
#1769 = CARTESIAN_POINT('',(192.,0.));
#1770 = VECTOR('',#1771,1.);
#1771 = DIRECTION('',(0.,1.));
#1772 = ( GEOMETRIC_REPRESENTATION_CONTEXT(2) 
PARAMETRIC_REPRESENTATION_CONTEXT() REPRESENTATION_CONTEXT('2D SPACE',''
  ) );
#1773 = ADVANCED_FACE('',(#1774),#464,.T.);
#1774 = FACE_BOUND('',#1775,.T.);
#1775 = EDGE_LOOP('',(#1776,#1777,#1778,#1779,#1802,#1830));
#1776 = ORIENTED_EDGE('',*,*,#448,.F.);
#1777 = ORIENTED_EDGE('',*,*,#1753,.F.);
#1778 = ORIENTED_EDGE('',*,*,#1067,.T.);
#1779 = ORIENTED_EDGE('',*,*,#1780,.T.);
#1780 = EDGE_CURVE('',#1070,#1781,#1783,.T.);
#1781 = VERTEX_POINT('',#1782);
#1782 = CARTESIAN_POINT('',(150.,-67.,150.));
#1783 = SURFACE_CURVE('',#1784,(#1788,#1795),.PCURVE_S1.);
#1784 = LINE('',#1785,#1786);
#1785 = CARTESIAN_POINT('',(150.,-125.,150.));
#1786 = VECTOR('',#1787,1.);
#1787 = DIRECTION('',(0.,1.,0.));
#1788 = PCURVE('',#464,#1789);
#1789 = DEFINITIONAL_REPRESENTATION('',(#1790),#1794);
#1790 = LINE('',#1791,#1792);
#1791 = CARTESIAN_POINT('',(300.,0.));
#1792 = VECTOR('',#1793,1.);
#1793 = DIRECTION('',(0.,1.));
#1794 = ( GEOMETRIC_REPRESENTATION_CONTEXT(2) 
PARAMETRIC_REPRESENTATION_CONTEXT() REPRESENTATION_CONTEXT('2D SPACE',''
  ) );
#1795 = PCURVE('',#548,#1796);
#1796 = DEFINITIONAL_REPRESENTATION('',(#1797),#1801);
#1797 = LINE('',#1798,#1799);
#1798 = CARTESIAN_POINT('',(300.,0.));
#1799 = VECTOR('',#1800,1.);
#1800 = DIRECTION('',(0.,-1.));
#1801 = ( GEOMETRIC_REPRESENTATION_CONTEXT(2) 
PARAMETRIC_REPRESENTATION_CONTEXT() REPRESENTATION_CONTEXT('2D SPACE',''
  ) );
#1802 = ORIENTED_EDGE('',*,*,#1803,.T.);
#1803 = EDGE_CURVE('',#1781,#1804,#1806,.T.);
#1804 = VERTEX_POINT('',#1805);
#1805 = CARTESIAN_POINT('',(91.,-67.,150.));
#1806 = SURFACE_CURVE('',#1807,(#1811,#1818),.PCURVE_S1.);
#1807 = LINE('',#1808,#1809);
#1808 = CARTESIAN_POINT('',(150.,-67.,150.));
#1809 = VECTOR('',#1810,1.);
#1810 = DIRECTION('',(-1.,0.,0.));
#1811 = PCURVE('',#464,#1812);
#1812 = DEFINITIONAL_REPRESENTATION('',(#1813),#1817);
#1813 = LINE('',#1814,#1815);
#1814 = CARTESIAN_POINT('',(300.,58.));
#1815 = VECTOR('',#1816,1.);
#1816 = DIRECTION('',(-1.,0.));
#1817 = ( GEOMETRIC_REPRESENTATION_CONTEXT(2) 
PARAMETRIC_REPRESENTATION_CONTEXT() REPRESENTATION_CONTEXT('2D SPACE',''
  ) );
#1818 = PCURVE('',#1819,#1824);
#1819 = PLANE('',#1820);
#1820 = AXIS2_PLACEMENT_3D('',#1821,#1822,#1823);
#1821 = CARTESIAN_POINT('',(150.,-67.,150.));
#1822 = DIRECTION('',(0.,1.,-0.));
#1823 = DIRECTION('',(-1.,0.,0.));
#1824 = DEFINITIONAL_REPRESENTATION('',(#1825),#1829);
#1825 = LINE('',#1826,#1827);
#1826 = CARTESIAN_POINT('',(0.,0.));
#1827 = VECTOR('',#1828,1.);
#1828 = DIRECTION('',(1.,0.));
#1829 = ( GEOMETRIC_REPRESENTATION_CONTEXT(2) 
PARAMETRIC_REPRESENTATION_CONTEXT() REPRESENTATION_CONTEXT('2D SPACE',''
  ) );
#1830 = ORIENTED_EDGE('',*,*,#1831,.T.);
#1831 = EDGE_CURVE('',#1804,#449,#1832,.T.);
#1832 = SURFACE_CURVE('',#1833,(#1837,#1844),.PCURVE_S1.);
#1833 = LINE('',#1834,#1835);
#1834 = CARTESIAN_POINT('',(91.,-67.,150.));
#1835 = VECTOR('',#1836,1.);
#1836 = DIRECTION('',(-0.,1.,0.));
#1837 = PCURVE('',#464,#1838);
#1838 = DEFINITIONAL_REPRESENTATION('',(#1839),#1843);
#1839 = LINE('',#1840,#1841);
#1840 = CARTESIAN_POINT('',(241.,58.));
#1841 = VECTOR('',#1842,1.);
#1842 = DIRECTION('',(0.,1.));
#1843 = ( GEOMETRIC_REPRESENTATION_CONTEXT(2) 
PARAMETRIC_REPRESENTATION_CONTEXT() REPRESENTATION_CONTEXT('2D SPACE',''
  ) );
#1844 = PCURVE('',#492,#1845);
#1845 = DEFINITIONAL_REPRESENTATION('',(#1846),#1850);
#1846 = LINE('',#1847,#1848);
#1847 = CARTESIAN_POINT('',(0.,0.));
#1848 = VECTOR('',#1849,1.);
#1849 = DIRECTION('',(1.,0.));
#1850 = ( GEOMETRIC_REPRESENTATION_CONTEXT(2) 
PARAMETRIC_REPRESENTATION_CONTEXT() REPRESENTATION_CONTEXT('2D SPACE',''
  ) );
#1851 = ADVANCED_FACE('',(#1852),#938,.T.);
#1852 = FACE_BOUND('',#1853,.T.);
#1853 = EDGE_LOOP('',(#1854,#1855,#1856,#1857,#1858,#1859));
#1854 = ORIENTED_EDGE('',*,*,#1731,.T.);
#1855 = ORIENTED_EDGE('',*,*,#973,.T.);
#1856 = ORIENTED_EDGE('',*,*,#950,.T.);
#1857 = ORIENTED_EDGE('',*,*,#922,.T.);
#1858 = ORIENTED_EDGE('',*,*,#1704,.T.);
#1859 = ORIENTED_EDGE('',*,*,#1253,.T.);
#1860 = ADVANCED_FACE('',(#1861),#492,.T.);
#1861 = FACE_BOUND('',#1862,.T.);
#1862 = EDGE_LOOP('',(#1863,#1886,#1907,#1908));
#1863 = ORIENTED_EDGE('',*,*,#1864,.T.);
#1864 = EDGE_CURVE('',#1804,#1865,#1867,.T.);
#1865 = VERTEX_POINT('',#1866);
#1866 = CARTESIAN_POINT('',(91.,-67.,119.));
#1867 = SURFACE_CURVE('',#1868,(#1872,#1879),.PCURVE_S1.);
#1868 = LINE('',#1869,#1870);
#1869 = CARTESIAN_POINT('',(91.,-67.,150.));
#1870 = VECTOR('',#1871,1.);
#1871 = DIRECTION('',(-0.,-0.,-1.));
#1872 = PCURVE('',#492,#1873);
#1873 = DEFINITIONAL_REPRESENTATION('',(#1874),#1878);
#1874 = LINE('',#1875,#1876);
#1875 = CARTESIAN_POINT('',(0.,0.));
#1876 = VECTOR('',#1877,1.);
#1877 = DIRECTION('',(-0.,-1.));
#1878 = ( GEOMETRIC_REPRESENTATION_CONTEXT(2) 
PARAMETRIC_REPRESENTATION_CONTEXT() REPRESENTATION_CONTEXT('2D SPACE',''
  ) );
#1879 = PCURVE('',#1819,#1880);
#1880 = DEFINITIONAL_REPRESENTATION('',(#1881),#1885);
#1881 = LINE('',#1882,#1883);
#1882 = CARTESIAN_POINT('',(59.,0.));
#1883 = VECTOR('',#1884,1.);
#1884 = DIRECTION('',(0.,-1.));
#1885 = ( GEOMETRIC_REPRESENTATION_CONTEXT(2) 
PARAMETRIC_REPRESENTATION_CONTEXT() REPRESENTATION_CONTEXT('2D SPACE',''
  ) );
#1886 = ORIENTED_EDGE('',*,*,#1887,.T.);
#1887 = EDGE_CURVE('',#1865,#477,#1888,.T.);
#1888 = SURFACE_CURVE('',#1889,(#1893,#1900),.PCURVE_S1.);
#1889 = LINE('',#1890,#1891);
#1890 = CARTESIAN_POINT('',(91.,-67.,119.));
#1891 = VECTOR('',#1892,1.);
#1892 = DIRECTION('',(-0.,1.,0.));
#1893 = PCURVE('',#492,#1894);
#1894 = DEFINITIONAL_REPRESENTATION('',(#1895),#1899);
#1895 = LINE('',#1896,#1897);
#1896 = CARTESIAN_POINT('',(0.,-31.));
#1897 = VECTOR('',#1898,1.);
#1898 = DIRECTION('',(1.,0.));
#1899 = ( GEOMETRIC_REPRESENTATION_CONTEXT(2) 
PARAMETRIC_REPRESENTATION_CONTEXT() REPRESENTATION_CONTEXT('2D SPACE',''
  ) );
#1900 = PCURVE('',#520,#1901);
#1901 = DEFINITIONAL_REPRESENTATION('',(#1902),#1906);
#1902 = LINE('',#1903,#1904);
#1903 = CARTESIAN_POINT('',(29.5,-96.));
#1904 = VECTOR('',#1905,1.);
#1905 = DIRECTION('',(0.,1.));
#1906 = ( GEOMETRIC_REPRESENTATION_CONTEXT(2) 
PARAMETRIC_REPRESENTATION_CONTEXT() REPRESENTATION_CONTEXT('2D SPACE',''
  ) );
#1907 = ORIENTED_EDGE('',*,*,#476,.F.);
#1908 = ORIENTED_EDGE('',*,*,#1831,.F.);
#1909 = ADVANCED_FACE('',(#1910),#520,.F.);
#1910 = FACE_BOUND('',#1911,.F.);
#1911 = EDGE_LOOP('',(#1912,#1935,#1956,#1957));
#1912 = ORIENTED_EDGE('',*,*,#1913,.T.);
#1913 = EDGE_CURVE('',#505,#1914,#1916,.T.);
#1914 = VERTEX_POINT('',#1915);
#1915 = CARTESIAN_POINT('',(150.,-67.,119.));
#1916 = SURFACE_CURVE('',#1917,(#1921,#1928),.PCURVE_S1.);
#1917 = LINE('',#1918,#1919);
#1918 = CARTESIAN_POINT('',(150.,125.,119.));
#1919 = VECTOR('',#1920,1.);
#1920 = DIRECTION('',(0.,-1.,0.));
#1921 = PCURVE('',#520,#1922);
#1922 = DEFINITIONAL_REPRESENTATION('',(#1923),#1927);
#1923 = LINE('',#1924,#1925);
#1924 = CARTESIAN_POINT('',(-29.5,96.));
#1925 = VECTOR('',#1926,1.);
#1926 = DIRECTION('',(0.,-1.));
#1927 = ( GEOMETRIC_REPRESENTATION_CONTEXT(2) 
PARAMETRIC_REPRESENTATION_CONTEXT() REPRESENTATION_CONTEXT('2D SPACE',''
  ) );
#1928 = PCURVE('',#548,#1929);
#1929 = DEFINITIONAL_REPRESENTATION('',(#1930),#1934);
#1930 = LINE('',#1931,#1932);
#1931 = CARTESIAN_POINT('',(269.,-250.));
#1932 = VECTOR('',#1933,1.);
#1933 = DIRECTION('',(0.,1.));
#1934 = ( GEOMETRIC_REPRESENTATION_CONTEXT(2) 
PARAMETRIC_REPRESENTATION_CONTEXT() REPRESENTATION_CONTEXT('2D SPACE',''
  ) );
#1935 = ORIENTED_EDGE('',*,*,#1936,.T.);
#1936 = EDGE_CURVE('',#1914,#1865,#1937,.T.);
#1937 = SURFACE_CURVE('',#1938,(#1942,#1949),.PCURVE_S1.);
#1938 = LINE('',#1939,#1940);
#1939 = CARTESIAN_POINT('',(150.,-67.,119.));
#1940 = VECTOR('',#1941,1.);
#1941 = DIRECTION('',(-1.,0.,0.));
#1942 = PCURVE('',#520,#1943);
#1943 = DEFINITIONAL_REPRESENTATION('',(#1944),#1948);
#1944 = LINE('',#1945,#1946);
#1945 = CARTESIAN_POINT('',(-29.5,-96.));
#1946 = VECTOR('',#1947,1.);
#1947 = DIRECTION('',(1.,0.));
#1948 = ( GEOMETRIC_REPRESENTATION_CONTEXT(2) 
PARAMETRIC_REPRESENTATION_CONTEXT() REPRESENTATION_CONTEXT('2D SPACE',''
  ) );
#1949 = PCURVE('',#1819,#1950);
#1950 = DEFINITIONAL_REPRESENTATION('',(#1951),#1955);
#1951 = LINE('',#1952,#1953);
#1952 = CARTESIAN_POINT('',(0.,-31.));
#1953 = VECTOR('',#1954,1.);
#1954 = DIRECTION('',(1.,0.));
#1955 = ( GEOMETRIC_REPRESENTATION_CONTEXT(2) 
PARAMETRIC_REPRESENTATION_CONTEXT() REPRESENTATION_CONTEXT('2D SPACE',''
  ) );
#1956 = ORIENTED_EDGE('',*,*,#1887,.T.);
#1957 = ORIENTED_EDGE('',*,*,#504,.T.);
#1958 = ADVANCED_FACE('',(#1959,#2090),#548,.T.);
#1959 = FACE_BOUND('',#1960,.T.);
#1960 = EDGE_LOOP('',(#1961,#1962,#1963,#1984,#1985,#2013,#2041,#2067,
    #2068,#2069));
#1961 = ORIENTED_EDGE('',*,*,#1780,.F.);
#1962 = ORIENTED_EDGE('',*,*,#1092,.F.);
#1963 = ORIENTED_EDGE('',*,*,#1964,.T.);
#1964 = EDGE_CURVE('',#1093,#645,#1965,.T.);
#1965 = SURFACE_CURVE('',#1966,(#1970,#1977),.PCURVE_S1.);
#1966 = LINE('',#1967,#1968);
#1967 = CARTESIAN_POINT('',(150.,-125.,-150.));
#1968 = VECTOR('',#1969,1.);
#1969 = DIRECTION('',(0.,1.,0.));
#1970 = PCURVE('',#548,#1971);
#1971 = DEFINITIONAL_REPRESENTATION('',(#1972),#1976);
#1972 = LINE('',#1973,#1974);
#1973 = CARTESIAN_POINT('',(0.,0.));
#1974 = VECTOR('',#1975,1.);
#1975 = DIRECTION('',(0.,-1.));
#1976 = ( GEOMETRIC_REPRESENTATION_CONTEXT(2) 
PARAMETRIC_REPRESENTATION_CONTEXT() REPRESENTATION_CONTEXT('2D SPACE',''
  ) );
#1977 = PCURVE('',#683,#1978);
#1978 = DEFINITIONAL_REPRESENTATION('',(#1979),#1983);
#1979 = LINE('',#1980,#1981);
#1980 = CARTESIAN_POINT('',(300.,0.));
#1981 = VECTOR('',#1982,1.);
#1982 = DIRECTION('',(0.,1.));
#1983 = ( GEOMETRIC_REPRESENTATION_CONTEXT(2) 
PARAMETRIC_REPRESENTATION_CONTEXT() REPRESENTATION_CONTEXT('2D SPACE',''
  ) );
#1984 = ORIENTED_EDGE('',*,*,#644,.T.);
#1985 = ORIENTED_EDGE('',*,*,#1986,.T.);
#1986 = EDGE_CURVE('',#617,#1987,#1989,.T.);
#1987 = VERTEX_POINT('',#1988);
#1988 = CARTESIAN_POINT('',(150.,71.,-24.6));
#1989 = SURFACE_CURVE('',#1990,(#1995,#2006),.PCURVE_S1.);
#1990 = CIRCLE('',#1991,54.);
#1991 = AXIS2_PLACEMENT_3D('',#1992,#1993,#1994);
#1992 = CARTESIAN_POINT('',(150.,125.,-24.6));
#1993 = DIRECTION('',(-1.,0.,-0.));
#1994 = DIRECTION('',(0.,1.224646799147E-16,-1.));
#1995 = PCURVE('',#548,#1996);
#1996 = DEFINITIONAL_REPRESENTATION('',(#1997),#2005);
#1997 = ( BOUNDED_CURVE() B_SPLINE_CURVE(2,(#1998,#1999,#2000,#2001,
#2002,#2003,#2004),.UNSPECIFIED.,.T.,.F.) B_SPLINE_CURVE_WITH_KNOTS((1,2
    ,2,2,2,1),(-2.094395102393,0.,2.094395102393,4.188790204786,
6.28318530718,8.377580409573),.UNSPECIFIED.) CURVE() 
GEOMETRIC_REPRESENTATION_ITEM() RATIONAL_B_SPLINE_CURVE((1.,0.5,1.,0.5,
1.,0.5,1.)) REPRESENTATION_ITEM('') );
#1998 = CARTESIAN_POINT('',(71.4,-250.));
#1999 = CARTESIAN_POINT('',(71.4,-156.4692563912));
#2000 = CARTESIAN_POINT('',(152.4,-203.2346281956));
#2001 = CARTESIAN_POINT('',(233.4,-250.));
#2002 = CARTESIAN_POINT('',(152.4,-296.7653718043));
#2003 = CARTESIAN_POINT('',(71.4,-343.5307436087));
#2004 = CARTESIAN_POINT('',(71.4,-250.));
#2005 = ( GEOMETRIC_REPRESENTATION_CONTEXT(2) 
PARAMETRIC_REPRESENTATION_CONTEXT() REPRESENTATION_CONTEXT('2D SPACE',''
  ) );
#2006 = PCURVE('',#632,#2007);
#2007 = DEFINITIONAL_REPRESENTATION('',(#2008),#2012);
#2008 = LINE('',#2009,#2010);
#2009 = CARTESIAN_POINT('',(-0.,0.));
#2010 = VECTOR('',#2011,1.);
#2011 = DIRECTION('',(-1.,0.));
#2012 = ( GEOMETRIC_REPRESENTATION_CONTEXT(2) 
PARAMETRIC_REPRESENTATION_CONTEXT() REPRESENTATION_CONTEXT('2D SPACE',''
  ) );
#2013 = ORIENTED_EDGE('',*,*,#2014,.T.);
#2014 = EDGE_CURVE('',#1987,#2015,#2017,.T.);
#2015 = VERTEX_POINT('',#2016);
#2016 = CARTESIAN_POINT('',(150.,71.,53.4));
#2017 = SURFACE_CURVE('',#2018,(#2022,#2029),.PCURVE_S1.);
#2018 = LINE('',#2019,#2020);
#2019 = CARTESIAN_POINT('',(150.,71.,-24.6));
#2020 = VECTOR('',#2021,1.);
#2021 = DIRECTION('',(0.,0.,1.));
#2022 = PCURVE('',#548,#2023);
#2023 = DEFINITIONAL_REPRESENTATION('',(#2024),#2028);
#2024 = LINE('',#2025,#2026);
#2025 = CARTESIAN_POINT('',(125.4,-196.));
#2026 = VECTOR('',#2027,1.);
#2027 = DIRECTION('',(1.,0.));
#2028 = ( GEOMETRIC_REPRESENTATION_CONTEXT(2) 
PARAMETRIC_REPRESENTATION_CONTEXT() REPRESENTATION_CONTEXT('2D SPACE',''
  ) );
#2029 = PCURVE('',#2030,#2035);
#2030 = PLANE('',#2031);
#2031 = AXIS2_PLACEMENT_3D('',#2032,#2033,#2034);
#2032 = CARTESIAN_POINT('',(150.,71.,-24.6));
#2033 = DIRECTION('',(0.,1.,-0.));
#2034 = DIRECTION('',(0.,0.,1.));
#2035 = DEFINITIONAL_REPRESENTATION('',(#2036),#2040);
#2036 = LINE('',#2037,#2038);
#2037 = CARTESIAN_POINT('',(0.,0.));
#2038 = VECTOR('',#2039,1.);
#2039 = DIRECTION('',(1.,0.));
#2040 = ( GEOMETRIC_REPRESENTATION_CONTEXT(2) 
PARAMETRIC_REPRESENTATION_CONTEXT() REPRESENTATION_CONTEXT('2D SPACE',''
  ) );
#2041 = ORIENTED_EDGE('',*,*,#2042,.T.);
#2042 = EDGE_CURVE('',#2015,#533,#2043,.T.);
#2043 = SURFACE_CURVE('',#2044,(#2049,#2060),.PCURVE_S1.);
#2044 = CIRCLE('',#2045,54.);
#2045 = AXIS2_PLACEMENT_3D('',#2046,#2047,#2048);
#2046 = CARTESIAN_POINT('',(150.,125.,53.4));
#2047 = DIRECTION('',(-1.,-0.,0.));
#2048 = DIRECTION('',(0.,-1.,-6.123233995737E-17));
#2049 = PCURVE('',#548,#2050);
#2050 = DEFINITIONAL_REPRESENTATION('',(#2051),#2059);
#2051 = ( BOUNDED_CURVE() B_SPLINE_CURVE(2,(#2052,#2053,#2054,#2055,
#2056,#2057,#2058),.UNSPECIFIED.,.T.,.F.) B_SPLINE_CURVE_WITH_KNOTS((1,2
    ,2,2,2,1),(-2.094395102393,0.,2.094395102393,4.188790204786,
6.28318530718,8.377580409573),.UNSPECIFIED.) CURVE() 
GEOMETRIC_REPRESENTATION_ITEM() RATIONAL_B_SPLINE_CURVE((1.,0.5,1.,0.5,
1.,0.5,1.)) REPRESENTATION_ITEM('') );
#2052 = CARTESIAN_POINT('',(203.4,-196.));
#2053 = CARTESIAN_POINT('',(296.93074360871,-196.));
#2054 = CARTESIAN_POINT('',(250.16537180436,-277.));
#2055 = CARTESIAN_POINT('',(203.4,-358.));
#2056 = CARTESIAN_POINT('',(156.63462819564,-277.));
#2057 = CARTESIAN_POINT('',(109.86925639128,-196.));
#2058 = CARTESIAN_POINT('',(203.4,-196.));
#2059 = ( GEOMETRIC_REPRESENTATION_CONTEXT(2) 
PARAMETRIC_REPRESENTATION_CONTEXT() REPRESENTATION_CONTEXT('2D SPACE',''
  ) );
#2060 = PCURVE('',#576,#2061);
#2061 = DEFINITIONAL_REPRESENTATION('',(#2062),#2066);
#2062 = LINE('',#2063,#2064);
#2063 = CARTESIAN_POINT('',(-0.,0.));
#2064 = VECTOR('',#2065,1.);
#2065 = DIRECTION('',(-1.,0.));
#2066 = ( GEOMETRIC_REPRESENTATION_CONTEXT(2) 
PARAMETRIC_REPRESENTATION_CONTEXT() REPRESENTATION_CONTEXT('2D SPACE',''
  ) );
#2067 = ORIENTED_EDGE('',*,*,#532,.T.);
#2068 = ORIENTED_EDGE('',*,*,#1913,.T.);
#2069 = ORIENTED_EDGE('',*,*,#2070,.F.);
#2070 = EDGE_CURVE('',#1781,#1914,#2071,.T.);
#2071 = SURFACE_CURVE('',#2072,(#2076,#2083),.PCURVE_S1.);
#2072 = LINE('',#2073,#2074);
#2073 = CARTESIAN_POINT('',(150.,-67.,150.));
#2074 = VECTOR('',#2075,1.);
#2075 = DIRECTION('',(-0.,-0.,-1.));
#2076 = PCURVE('',#548,#2077);
#2077 = DEFINITIONAL_REPRESENTATION('',(#2078),#2082);
#2078 = LINE('',#2079,#2080);
#2079 = CARTESIAN_POINT('',(300.,-58.));
#2080 = VECTOR('',#2081,1.);
#2081 = DIRECTION('',(-1.,0.));
#2082 = ( GEOMETRIC_REPRESENTATION_CONTEXT(2) 
PARAMETRIC_REPRESENTATION_CONTEXT() REPRESENTATION_CONTEXT('2D SPACE',''
  ) );
#2083 = PCURVE('',#1819,#2084);
#2084 = DEFINITIONAL_REPRESENTATION('',(#2085),#2089);
#2085 = LINE('',#2086,#2087);
#2086 = CARTESIAN_POINT('',(0.,0.));
#2087 = VECTOR('',#2088,1.);
#2088 = DIRECTION('',(0.,-1.));
#2089 = ( GEOMETRIC_REPRESENTATION_CONTEXT(2) 
PARAMETRIC_REPRESENTATION_CONTEXT() REPRESENTATION_CONTEXT('2D SPACE',''
  ) );
#2090 = FACE_BOUND('',#2091,.T.);
#2091 = EDGE_LOOP('',(#2092));
#2092 = ORIENTED_EDGE('',*,*,#2093,.F.);
#2093 = EDGE_CURVE('',#2094,#2094,#2096,.T.);
#2094 = VERTEX_POINT('',#2095);
#2095 = CARTESIAN_POINT('',(150.,58.375,-69.75));
#2096 = SURFACE_CURVE('',#2097,(#2102,#2109),.PCURVE_S1.);
#2097 = CIRCLE('',#2098,44.);
#2098 = AXIS2_PLACEMENT_3D('',#2099,#2100,#2101);
#2099 = CARTESIAN_POINT('',(150.,14.375,-69.75));
#2100 = DIRECTION('',(1.,-0.,0.));
#2101 = DIRECTION('',(0.,1.,-2.476837423129E-16));
#2102 = PCURVE('',#548,#2103);
#2103 = DEFINITIONAL_REPRESENTATION('',(#2104),#2108);
#2104 = CIRCLE('',#2105,44.);
#2105 = AXIS2_PLACEMENT_2D('',#2106,#2107);
#2106 = CARTESIAN_POINT('',(80.25,-139.375));
#2107 = DIRECTION('',(-2.476837423129E-16,-1.));
#2108 = ( GEOMETRIC_REPRESENTATION_CONTEXT(2) 
PARAMETRIC_REPRESENTATION_CONTEXT() REPRESENTATION_CONTEXT('2D SPACE',''
  ) );
#2109 = PCURVE('',#2110,#2115);
#2110 = CYLINDRICAL_SURFACE('',#2111,44.);
#2111 = AXIS2_PLACEMENT_3D('',#2112,#2113,#2114);
#2112 = CARTESIAN_POINT('',(150.,14.375,-69.75));
#2113 = DIRECTION('',(1.,-0.,0.));
#2114 = DIRECTION('',(0.,1.,-2.476837423129E-16));
#2115 = DEFINITIONAL_REPRESENTATION('',(#2116),#2120);
#2116 = LINE('',#2117,#2118);
#2117 = CARTESIAN_POINT('',(0.,0.));
#2118 = VECTOR('',#2119,1.);
#2119 = DIRECTION('',(1.,0.));
#2120 = ( GEOMETRIC_REPRESENTATION_CONTEXT(2) 
PARAMETRIC_REPRESENTATION_CONTEXT() REPRESENTATION_CONTEXT('2D SPACE',''
  ) );
#2121 = ADVANCED_FACE('',(#2122),#576,.F.);
#2122 = FACE_BOUND('',#2123,.T.);
#2123 = EDGE_LOOP('',(#2124,#2147,#2169,#2170));
#2124 = ORIENTED_EDGE('',*,*,#2125,.T.);
#2125 = EDGE_CURVE('',#2015,#2126,#2128,.T.);
#2126 = VERTEX_POINT('',#2127);
#2127 = CARTESIAN_POINT('',(107.,71.,53.4));
#2128 = SURFACE_CURVE('',#2129,(#2133,#2140),.PCURVE_S1.);
#2129 = LINE('',#2130,#2131);
#2130 = CARTESIAN_POINT('',(150.,71.,53.4));
#2131 = VECTOR('',#2132,1.);
#2132 = DIRECTION('',(-1.,0.,-0.));
#2133 = PCURVE('',#576,#2134);
#2134 = DEFINITIONAL_REPRESENTATION('',(#2135),#2139);
#2135 = LINE('',#2136,#2137);
#2136 = CARTESIAN_POINT('',(-9.41278369833E-17,0.));
#2137 = VECTOR('',#2138,1.);
#2138 = DIRECTION('',(-0.,-1.));
#2139 = ( GEOMETRIC_REPRESENTATION_CONTEXT(2) 
PARAMETRIC_REPRESENTATION_CONTEXT() REPRESENTATION_CONTEXT('2D SPACE',''
  ) );
#2140 = PCURVE('',#2030,#2141);
#2141 = DEFINITIONAL_REPRESENTATION('',(#2142),#2146);
#2142 = LINE('',#2143,#2144);
#2143 = CARTESIAN_POINT('',(78.,0.));
#2144 = VECTOR('',#2145,1.);
#2145 = DIRECTION('',(0.,-1.));
#2146 = ( GEOMETRIC_REPRESENTATION_CONTEXT(2) 
PARAMETRIC_REPRESENTATION_CONTEXT() REPRESENTATION_CONTEXT('2D SPACE',''
  ) );
#2147 = ORIENTED_EDGE('',*,*,#2148,.T.);
#2148 = EDGE_CURVE('',#2126,#561,#2149,.T.);
#2149 = SURFACE_CURVE('',#2150,(#2155,#2162),.PCURVE_S1.);
#2150 = CIRCLE('',#2151,54.);
#2151 = AXIS2_PLACEMENT_3D('',#2152,#2153,#2154);
#2152 = CARTESIAN_POINT('',(107.,125.,53.4));
#2153 = DIRECTION('',(-1.,-0.,0.));
#2154 = DIRECTION('',(0.,-1.,-6.123233995737E-17));
#2155 = PCURVE('',#576,#2156);
#2156 = DEFINITIONAL_REPRESENTATION('',(#2157),#2161);
#2157 = LINE('',#2158,#2159);
#2158 = CARTESIAN_POINT('',(-0.,-43.));
#2159 = VECTOR('',#2160,1.);
#2160 = DIRECTION('',(-1.,0.));
#2161 = ( GEOMETRIC_REPRESENTATION_CONTEXT(2) 
PARAMETRIC_REPRESENTATION_CONTEXT() REPRESENTATION_CONTEXT('2D SPACE',''
  ) );
#2162 = PCURVE('',#604,#2163);
#2163 = DEFINITIONAL_REPRESENTATION('',(#2164),#2168);
#2164 = CIRCLE('',#2165,54.);
#2165 = AXIS2_PLACEMENT_2D('',#2166,#2167);
#2166 = CARTESIAN_POINT('',(-22.80505731851,39.));
#2167 = DIRECTION('',(1.,-6.123233995737E-17));
#2168 = ( GEOMETRIC_REPRESENTATION_CONTEXT(2) 
PARAMETRIC_REPRESENTATION_CONTEXT() REPRESENTATION_CONTEXT('2D SPACE',''
  ) );
#2169 = ORIENTED_EDGE('',*,*,#560,.F.);
#2170 = ORIENTED_EDGE('',*,*,#2042,.F.);
#2171 = ADVANCED_FACE('',(#2172),#604,.F.);
#2172 = FACE_BOUND('',#2173,.F.);
#2173 = EDGE_LOOP('',(#2174,#2175,#2199,#2220));
#2174 = ORIENTED_EDGE('',*,*,#588,.F.);
#2175 = ORIENTED_EDGE('',*,*,#2176,.T.);
#2176 = EDGE_CURVE('',#589,#2177,#2179,.T.);
#2177 = VERTEX_POINT('',#2178);
#2178 = CARTESIAN_POINT('',(107.,71.,-24.6));
#2179 = SURFACE_CURVE('',#2180,(#2185,#2192),.PCURVE_S1.);
#2180 = CIRCLE('',#2181,54.);
#2181 = AXIS2_PLACEMENT_3D('',#2182,#2183,#2184);
#2182 = CARTESIAN_POINT('',(107.,125.,-24.6));
#2183 = DIRECTION('',(-1.,0.,-0.));
#2184 = DIRECTION('',(0.,1.224646799147E-16,-1.));
#2185 = PCURVE('',#604,#2186);
#2186 = DEFINITIONAL_REPRESENTATION('',(#2187),#2191);
#2187 = CIRCLE('',#2188,54.);
#2188 = AXIS2_PLACEMENT_2D('',#2189,#2190);
#2189 = CARTESIAN_POINT('',(-22.80505731851,-39.));
#2190 = DIRECTION('',(-1.224646799147E-16,-1.));
#2191 = ( GEOMETRIC_REPRESENTATION_CONTEXT(2) 
PARAMETRIC_REPRESENTATION_CONTEXT() REPRESENTATION_CONTEXT('2D SPACE',''
  ) );
#2192 = PCURVE('',#632,#2193);
#2193 = DEFINITIONAL_REPRESENTATION('',(#2194),#2198);
#2194 = LINE('',#2195,#2196);
#2195 = CARTESIAN_POINT('',(-0.,-43.));
#2196 = VECTOR('',#2197,1.);
#2197 = DIRECTION('',(-1.,0.));
#2198 = ( GEOMETRIC_REPRESENTATION_CONTEXT(2) 
PARAMETRIC_REPRESENTATION_CONTEXT() REPRESENTATION_CONTEXT('2D SPACE',''
  ) );
#2199 = ORIENTED_EDGE('',*,*,#2200,.T.);
#2200 = EDGE_CURVE('',#2177,#2126,#2201,.T.);
#2201 = SURFACE_CURVE('',#2202,(#2206,#2213),.PCURVE_S1.);
#2202 = LINE('',#2203,#2204);
#2203 = CARTESIAN_POINT('',(107.,71.,-24.6));
#2204 = VECTOR('',#2205,1.);
#2205 = DIRECTION('',(0.,0.,1.));
#2206 = PCURVE('',#604,#2207);
#2207 = DEFINITIONAL_REPRESENTATION('',(#2208),#2212);
#2208 = LINE('',#2209,#2210);
#2209 = CARTESIAN_POINT('',(31.194942681482,-39.));
#2210 = VECTOR('',#2211,1.);
#2211 = DIRECTION('',(0.,1.));
#2212 = ( GEOMETRIC_REPRESENTATION_CONTEXT(2) 
PARAMETRIC_REPRESENTATION_CONTEXT() REPRESENTATION_CONTEXT('2D SPACE',''
  ) );
#2213 = PCURVE('',#2030,#2214);
#2214 = DEFINITIONAL_REPRESENTATION('',(#2215),#2219);
#2215 = LINE('',#2216,#2217);
#2216 = CARTESIAN_POINT('',(0.,-43.));
#2217 = VECTOR('',#2218,1.);
#2218 = DIRECTION('',(1.,0.));
#2219 = ( GEOMETRIC_REPRESENTATION_CONTEXT(2) 
PARAMETRIC_REPRESENTATION_CONTEXT() REPRESENTATION_CONTEXT('2D SPACE',''
  ) );
#2220 = ORIENTED_EDGE('',*,*,#2148,.T.);
#2221 = ADVANCED_FACE('',(#2222),#632,.F.);
#2222 = FACE_BOUND('',#2223,.T.);
#2223 = EDGE_LOOP('',(#2224,#2225,#2226,#2247));
#2224 = ORIENTED_EDGE('',*,*,#616,.T.);
#2225 = ORIENTED_EDGE('',*,*,#2176,.T.);
#2226 = ORIENTED_EDGE('',*,*,#2227,.F.);
#2227 = EDGE_CURVE('',#1987,#2177,#2228,.T.);
#2228 = SURFACE_CURVE('',#2229,(#2233,#2240),.PCURVE_S1.);
#2229 = LINE('',#2230,#2231);
#2230 = CARTESIAN_POINT('',(150.,71.,-24.6));
#2231 = VECTOR('',#2232,1.);
#2232 = DIRECTION('',(-1.,0.,-0.));
#2233 = PCURVE('',#632,#2234);
#2234 = DEFINITIONAL_REPRESENTATION('',(#2235),#2239);
#2235 = LINE('',#2236,#2237);
#2236 = CARTESIAN_POINT('',(-1.570796326795,0.));
#2237 = VECTOR('',#2238,1.);
#2238 = DIRECTION('',(-0.,-1.));
#2239 = ( GEOMETRIC_REPRESENTATION_CONTEXT(2) 
PARAMETRIC_REPRESENTATION_CONTEXT() REPRESENTATION_CONTEXT('2D SPACE',''
  ) );
#2240 = PCURVE('',#2030,#2241);
#2241 = DEFINITIONAL_REPRESENTATION('',(#2242),#2246);
#2242 = LINE('',#2243,#2244);
#2243 = CARTESIAN_POINT('',(0.,0.));
#2244 = VECTOR('',#2245,1.);
#2245 = DIRECTION('',(0.,-1.));
#2246 = ( GEOMETRIC_REPRESENTATION_CONTEXT(2) 
PARAMETRIC_REPRESENTATION_CONTEXT() REPRESENTATION_CONTEXT('2D SPACE',''
  ) );
#2247 = ORIENTED_EDGE('',*,*,#1986,.F.);
#2248 = ADVANCED_FACE('',(#2249,#2255),#864,.F.);
#2249 = FACE_BOUND('',#2250,.F.);
#2250 = EDGE_LOOP('',(#2251,#2252,#2253,#2254));
#2251 = ORIENTED_EDGE('',*,*,#848,.T.);
#2252 = ORIENTED_EDGE('',*,*,#1301,.T.);
#2253 = ORIENTED_EDGE('',*,*,#1421,.T.);
#2254 = ORIENTED_EDGE('',*,*,#1350,.T.);
#2255 = FACE_BOUND('',#2256,.F.);
#2256 = EDGE_LOOP('',(#2257));
#2257 = ORIENTED_EDGE('',*,*,#2258,.F.);
#2258 = EDGE_CURVE('',#2259,#2259,#2261,.T.);
#2259 = VERTEX_POINT('',#2260);
#2260 = CARTESIAN_POINT('',(-118.,105.5,-104.9));
#2261 = SURFACE_CURVE('',#2262,(#2267,#2274),.PCURVE_S1.);
#2262 = CIRCLE('',#2263,13.6);
#2263 = AXIS2_PLACEMENT_3D('',#2264,#2265,#2266);
#2264 = CARTESIAN_POINT('',(-118.,105.5,-118.5));
#2265 = DIRECTION('',(1.,0.,-0.));
#2266 = DIRECTION('',(0.,0.,1.));
#2267 = PCURVE('',#864,#2268);
#2268 = DEFINITIONAL_REPRESENTATION('',(#2269),#2273);
#2269 = CIRCLE('',#2270,13.6);
#2270 = AXIS2_PLACEMENT_2D('',#2271,#2272);
#2271 = CARTESIAN_POINT('',(0.,0.));
#2272 = DIRECTION('',(1.,0.));
#2273 = ( GEOMETRIC_REPRESENTATION_CONTEXT(2) 
PARAMETRIC_REPRESENTATION_CONTEXT() REPRESENTATION_CONTEXT('2D SPACE',''
  ) );
#2274 = PCURVE('',#2275,#2280);
#2275 = CYLINDRICAL_SURFACE('',#2276,13.6);
#2276 = AXIS2_PLACEMENT_3D('',#2277,#2278,#2279);
#2277 = CARTESIAN_POINT('',(-118.,105.5,-118.5));
#2278 = DIRECTION('',(-1.,-0.,0.));
#2279 = DIRECTION('',(0.,0.,1.));
#2280 = DEFINITIONAL_REPRESENTATION('',(#2281),#2285);
#2281 = LINE('',#2282,#2283);
#2282 = CARTESIAN_POINT('',(-0.,0.));
#2283 = VECTOR('',#2284,1.);
#2284 = DIRECTION('',(-1.,0.));
#2285 = ( GEOMETRIC_REPRESENTATION_CONTEXT(2) 
PARAMETRIC_REPRESENTATION_CONTEXT() REPRESENTATION_CONTEXT('2D SPACE',''
  ) );
#2286 = ADVANCED_FACE('',(#2287),#683,.F.);
#2287 = FACE_BOUND('',#2288,.F.);
#2288 = EDGE_LOOP('',(#2289,#2290,#2311,#2312));
#2289 = ORIENTED_EDGE('',*,*,#667,.F.);
#2290 = ORIENTED_EDGE('',*,*,#2291,.F.);
#2291 = EDGE_CURVE('',#1116,#668,#2292,.T.);
#2292 = SURFACE_CURVE('',#2293,(#2297,#2304),.PCURVE_S1.);
#2293 = LINE('',#2294,#2295);
#2294 = CARTESIAN_POINT('',(66.3,-125.,-150.));
#2295 = VECTOR('',#2296,1.);
#2296 = DIRECTION('',(0.,1.,0.));
#2297 = PCURVE('',#683,#2298);
#2298 = DEFINITIONAL_REPRESENTATION('',(#2299),#2303);
#2299 = LINE('',#2300,#2301);
#2300 = CARTESIAN_POINT('',(216.3,0.));
#2301 = VECTOR('',#2302,1.);
#2302 = DIRECTION('',(0.,1.));
#2303 = ( GEOMETRIC_REPRESENTATION_CONTEXT(2) 
PARAMETRIC_REPRESENTATION_CONTEXT() REPRESENTATION_CONTEXT('2D SPACE',''
  ) );
#2304 = PCURVE('',#711,#2305);
#2305 = DEFINITIONAL_REPRESENTATION('',(#2306),#2310);
#2306 = LINE('',#2307,#2308);
#2307 = CARTESIAN_POINT('',(0.,0.));
#2308 = VECTOR('',#2309,1.);
#2309 = DIRECTION('',(1.,0.));
#2310 = ( GEOMETRIC_REPRESENTATION_CONTEXT(2) 
PARAMETRIC_REPRESENTATION_CONTEXT() REPRESENTATION_CONTEXT('2D SPACE',''
  ) );
#2311 = ORIENTED_EDGE('',*,*,#1115,.T.);
#2312 = ORIENTED_EDGE('',*,*,#1964,.T.);
#2313 = ADVANCED_FACE('',(#2314),#711,.T.);
#2314 = FACE_BOUND('',#2315,.T.);
#2315 = EDGE_LOOP('',(#2316,#2317,#2338,#2339));
#2316 = ORIENTED_EDGE('',*,*,#1138,.T.);
#2317 = ORIENTED_EDGE('',*,*,#2318,.T.);
#2318 = EDGE_CURVE('',#1139,#696,#2319,.T.);
#2319 = SURFACE_CURVE('',#2320,(#2324,#2331),.PCURVE_S1.);
#2320 = LINE('',#2321,#2322);
#2321 = CARTESIAN_POINT('',(66.3,-125.,-90.));
#2322 = VECTOR('',#2323,1.);
#2323 = DIRECTION('',(0.,1.,0.));
#2324 = PCURVE('',#711,#2325);
#2325 = DEFINITIONAL_REPRESENTATION('',(#2326),#2330);
#2326 = LINE('',#2327,#2328);
#2327 = CARTESIAN_POINT('',(0.,-60.));
#2328 = VECTOR('',#2329,1.);
#2329 = DIRECTION('',(1.,0.));
#2330 = ( GEOMETRIC_REPRESENTATION_CONTEXT(2) 
PARAMETRIC_REPRESENTATION_CONTEXT() REPRESENTATION_CONTEXT('2D SPACE',''
  ) );
#2331 = PCURVE('',#739,#2332);
#2332 = DEFINITIONAL_REPRESENTATION('',(#2333),#2337);
#2333 = LINE('',#2334,#2335);
#2334 = CARTESIAN_POINT('',(75.75,-125.));
#2335 = VECTOR('',#2336,1.);
#2336 = DIRECTION('',(0.,1.));
#2337 = ( GEOMETRIC_REPRESENTATION_CONTEXT(2) 
PARAMETRIC_REPRESENTATION_CONTEXT() REPRESENTATION_CONTEXT('2D SPACE',''
  ) );
#2338 = ORIENTED_EDGE('',*,*,#695,.F.);
#2339 = ORIENTED_EDGE('',*,*,#2291,.F.);
#2340 = ADVANCED_FACE('',(#2341,#2367),#813,.T.);
#2341 = FACE_BOUND('',#2342,.T.);
#2342 = EDGE_LOOP('',(#2343,#2344,#2365,#2366));
#2343 = ORIENTED_EDGE('',*,*,#797,.T.);
#2344 = ORIENTED_EDGE('',*,*,#2345,.T.);
#2345 = EDGE_CURVE('',#775,#1162,#2346,.T.);
#2346 = SURFACE_CURVE('',#2347,(#2351,#2358),.PCURVE_S1.);
#2347 = LINE('',#2348,#2349);
#2348 = CARTESIAN_POINT('',(-85.2,125.,-90.));
#2349 = VECTOR('',#2350,1.);
#2350 = DIRECTION('',(0.,-1.,0.));
#2351 = PCURVE('',#813,#2352);
#2352 = DEFINITIONAL_REPRESENTATION('',(#2353),#2357);
#2353 = LINE('',#2354,#2355);
#2354 = CARTESIAN_POINT('',(0.,-60.));
#2355 = VECTOR('',#2356,1.);
#2356 = DIRECTION('',(1.,0.));
#2357 = ( GEOMETRIC_REPRESENTATION_CONTEXT(2) 
PARAMETRIC_REPRESENTATION_CONTEXT() REPRESENTATION_CONTEXT('2D SPACE',''
  ) );
#2358 = PCURVE('',#739,#2359);
#2359 = DEFINITIONAL_REPRESENTATION('',(#2360),#2364);
#2360 = LINE('',#2361,#2362);
#2361 = CARTESIAN_POINT('',(-75.75,125.));
#2362 = VECTOR('',#2363,1.);
#2363 = DIRECTION('',(0.,-1.));
#2364 = ( GEOMETRIC_REPRESENTATION_CONTEXT(2) 
PARAMETRIC_REPRESENTATION_CONTEXT() REPRESENTATION_CONTEXT('2D SPACE',''
  ) );
#2365 = ORIENTED_EDGE('',*,*,#1184,.F.);
#2366 = ORIENTED_EDGE('',*,*,#1396,.F.);
#2367 = FACE_BOUND('',#2368,.T.);
#2368 = EDGE_LOOP('',(#2369));
#2369 = ORIENTED_EDGE('',*,*,#2370,.T.);
#2370 = EDGE_CURVE('',#2371,#2371,#2373,.T.);
#2371 = VERTEX_POINT('',#2372);
#2372 = CARTESIAN_POINT('',(-85.2,105.5,-110.));
#2373 = SURFACE_CURVE('',#2374,(#2379,#2390),.PCURVE_S1.);
#2374 = CIRCLE('',#2375,8.5);
#2375 = AXIS2_PLACEMENT_3D('',#2376,#2377,#2378);
#2376 = CARTESIAN_POINT('',(-85.2,105.5,-118.5));
#2377 = DIRECTION('',(-1.,-0.,0.));
#2378 = DIRECTION('',(0.,0.,1.));
#2379 = PCURVE('',#813,#2380);
#2380 = DEFINITIONAL_REPRESENTATION('',(#2381),#2389);
#2381 = ( BOUNDED_CURVE() B_SPLINE_CURVE(2,(#2382,#2383,#2384,#2385,
#2386,#2387,#2388),.UNSPECIFIED.,.T.,.F.) B_SPLINE_CURVE_WITH_KNOTS((1,2
    ,2,2,2,1),(-2.094395102393,0.,2.094395102393,4.188790204786,
6.28318530718,8.377580409573),.UNSPECIFIED.) CURVE() 
GEOMETRIC_REPRESENTATION_ITEM() RATIONAL_B_SPLINE_CURVE((1.,0.5,1.,0.5,
1.,0.5,1.)) REPRESENTATION_ITEM('') );
#2382 = CARTESIAN_POINT('',(19.5,-40.));
#2383 = CARTESIAN_POINT('',(4.777568135665,-40.));
#2384 = CARTESIAN_POINT('',(12.138784067832,-27.25));
#2385 = CARTESIAN_POINT('',(19.5,-14.5));
#2386 = CARTESIAN_POINT('',(26.861215932168,-27.25));
#2387 = CARTESIAN_POINT('',(34.222431864335,-40.));
#2388 = CARTESIAN_POINT('',(19.5,-40.));
#2389 = ( GEOMETRIC_REPRESENTATION_CONTEXT(2) 
PARAMETRIC_REPRESENTATION_CONTEXT() REPRESENTATION_CONTEXT('2D SPACE',''
  ) );
#2390 = PCURVE('',#2391,#2396);
#2391 = CYLINDRICAL_SURFACE('',#2392,8.5);
#2392 = AXIS2_PLACEMENT_3D('',#2393,#2394,#2395);
#2393 = CARTESIAN_POINT('',(-114.175,105.5,-118.5));
#2394 = DIRECTION('',(-1.,-0.,0.));
#2395 = DIRECTION('',(0.,0.,1.));
#2396 = DEFINITIONAL_REPRESENTATION('',(#2397),#2401);
#2397 = LINE('',#2398,#2399);
#2398 = CARTESIAN_POINT('',(-6.28318530718,-28.975));
#2399 = VECTOR('',#2400,1.);
#2400 = DIRECTION('',(1.,-0.));
#2401 = ( GEOMETRIC_REPRESENTATION_CONTEXT(2) 
PARAMETRIC_REPRESENTATION_CONTEXT() REPRESENTATION_CONTEXT('2D SPACE',''
  ) );
#2402 = ADVANCED_FACE('',(#2403),#739,.F.);
#2403 = FACE_BOUND('',#2404,.F.);
#2404 = EDGE_LOOP('',(#2405,#2406,#2407,#2408,#2409,#2410));
#2405 = ORIENTED_EDGE('',*,*,#2318,.T.);
#2406 = ORIENTED_EDGE('',*,*,#723,.T.);
#2407 = ORIENTED_EDGE('',*,*,#751,.T.);
#2408 = ORIENTED_EDGE('',*,*,#774,.T.);
#2409 = ORIENTED_EDGE('',*,*,#2345,.T.);
#2410 = ORIENTED_EDGE('',*,*,#1161,.T.);
#2411 = ADVANCED_FACE('',(#2412),#1017,.F.);
#2412 = FACE_BOUND('',#2413,.T.);
#2413 = EDGE_LOOP('',(#2414,#2437,#2464,#2465));
#2414 = ORIENTED_EDGE('',*,*,#2415,.T.);
#2415 = EDGE_CURVE('',#997,#2416,#2418,.T.);
#2416 = VERTEX_POINT('',#2417);
#2417 = CARTESIAN_POINT('',(-118.8,124.68,80.6));
#2418 = SEAM_CURVE('',#2419,(#2423,#2430),.PCURVE_S1.);
#2419 = LINE('',#2420,#2421);
#2420 = CARTESIAN_POINT('',(-118.8,125.,80.6));
#2421 = VECTOR('',#2422,1.);
#2422 = DIRECTION('',(0.,-1.,0.));
#2423 = PCURVE('',#1017,#2424);
#2424 = DEFINITIONAL_REPRESENTATION('',(#2425),#2429);
#2425 = LINE('',#2426,#2427);
#2426 = CARTESIAN_POINT('',(-0.,0.));
#2427 = VECTOR('',#2428,1.);
#2428 = DIRECTION('',(-0.,-1.));
#2429 = ( GEOMETRIC_REPRESENTATION_CONTEXT(2) 
PARAMETRIC_REPRESENTATION_CONTEXT() REPRESENTATION_CONTEXT('2D SPACE',''
  ) );
#2430 = PCURVE('',#1017,#2431);
#2431 = DEFINITIONAL_REPRESENTATION('',(#2432),#2436);
#2432 = LINE('',#2433,#2434);
#2433 = CARTESIAN_POINT('',(-6.28318530718,0.));
#2434 = VECTOR('',#2435,1.);
#2435 = DIRECTION('',(-0.,-1.));
#2436 = ( GEOMETRIC_REPRESENTATION_CONTEXT(2) 
PARAMETRIC_REPRESENTATION_CONTEXT() REPRESENTATION_CONTEXT('2D SPACE',''
  ) );
#2437 = ORIENTED_EDGE('',*,*,#2438,.T.);
#2438 = EDGE_CURVE('',#2416,#2416,#2439,.T.);
#2439 = SURFACE_CURVE('',#2440,(#2445,#2452),.PCURVE_S1.);
#2440 = CIRCLE('',#2441,6.4);
#2441 = AXIS2_PLACEMENT_3D('',#2442,#2443,#2444);
#2442 = CARTESIAN_POINT('',(-118.8,124.68,87.));
#2443 = DIRECTION('',(0.,-1.,9.244463733059E-30));
#2444 = DIRECTION('',(0.,-9.244463733059E-30,-1.));
#2445 = PCURVE('',#1017,#2446);
#2446 = DEFINITIONAL_REPRESENTATION('',(#2447),#2451);
#2447 = LINE('',#2448,#2449);
#2448 = CARTESIAN_POINT('',(-0.,-0.32));
#2449 = VECTOR('',#2450,1.);
#2450 = DIRECTION('',(-1.,0.));
#2451 = ( GEOMETRIC_REPRESENTATION_CONTEXT(2) 
PARAMETRIC_REPRESENTATION_CONTEXT() REPRESENTATION_CONTEXT('2D SPACE',''
  ) );
#2452 = PCURVE('',#2453,#2458);
#2453 = CONICAL_SURFACE('',#2454,6.4,0.785398163397);
#2454 = AXIS2_PLACEMENT_3D('',#2455,#2456,#2457);
#2455 = CARTESIAN_POINT('',(-118.8,124.68,87.));
#2456 = DIRECTION('',(-0.,1.,-9.244463733059E-30));
#2457 = DIRECTION('',(0.,-9.244463733059E-30,-1.));
#2458 = DEFINITIONAL_REPRESENTATION('',(#2459),#2463);
#2459 = LINE('',#2460,#2461);
#2460 = CARTESIAN_POINT('',(-0.,-0.));
#2461 = VECTOR('',#2462,1.);
#2462 = DIRECTION('',(-1.,-0.));
#2463 = ( GEOMETRIC_REPRESENTATION_CONTEXT(2) 
PARAMETRIC_REPRESENTATION_CONTEXT() REPRESENTATION_CONTEXT('2D SPACE',''
  ) );
#2464 = ORIENTED_EDGE('',*,*,#2415,.F.);
#2465 = ORIENTED_EDGE('',*,*,#996,.F.);
#2466 = ADVANCED_FACE('',(#2467),#1052,.F.);
#2467 = FACE_BOUND('',#2468,.T.);
#2468 = EDGE_LOOP('',(#2469,#2492,#2519,#2520));
#2469 = ORIENTED_EDGE('',*,*,#2470,.T.);
#2470 = EDGE_CURVE('',#1032,#2471,#2473,.T.);
#2471 = VERTEX_POINT('',#2472);
#2472 = CARTESIAN_POINT('',(-103.2,124.68,80.6));
#2473 = SEAM_CURVE('',#2474,(#2478,#2485),.PCURVE_S1.);
#2474 = LINE('',#2475,#2476);
#2475 = CARTESIAN_POINT('',(-103.2,125.,80.6));
#2476 = VECTOR('',#2477,1.);
#2477 = DIRECTION('',(0.,-1.,0.));
#2478 = PCURVE('',#1052,#2479);
#2479 = DEFINITIONAL_REPRESENTATION('',(#2480),#2484);
#2480 = LINE('',#2481,#2482);
#2481 = CARTESIAN_POINT('',(-0.,0.));
#2482 = VECTOR('',#2483,1.);
#2483 = DIRECTION('',(-0.,-1.));
#2484 = ( GEOMETRIC_REPRESENTATION_CONTEXT(2) 
PARAMETRIC_REPRESENTATION_CONTEXT() REPRESENTATION_CONTEXT('2D SPACE',''
  ) );
#2485 = PCURVE('',#1052,#2486);
#2486 = DEFINITIONAL_REPRESENTATION('',(#2487),#2491);
#2487 = LINE('',#2488,#2489);
#2488 = CARTESIAN_POINT('',(-6.28318530718,0.));
#2489 = VECTOR('',#2490,1.);
#2490 = DIRECTION('',(-0.,-1.));
#2491 = ( GEOMETRIC_REPRESENTATION_CONTEXT(2) 
PARAMETRIC_REPRESENTATION_CONTEXT() REPRESENTATION_CONTEXT('2D SPACE',''
  ) );
#2492 = ORIENTED_EDGE('',*,*,#2493,.T.);
#2493 = EDGE_CURVE('',#2471,#2471,#2494,.T.);
#2494 = SURFACE_CURVE('',#2495,(#2500,#2507),.PCURVE_S1.);
#2495 = CIRCLE('',#2496,6.4);
#2496 = AXIS2_PLACEMENT_3D('',#2497,#2498,#2499);
#2497 = CARTESIAN_POINT('',(-103.2,124.68,87.));
#2498 = DIRECTION('',(0.,-1.,9.244463733059E-30));
#2499 = DIRECTION('',(0.,-9.244463733059E-30,-1.));
#2500 = PCURVE('',#1052,#2501);
#2501 = DEFINITIONAL_REPRESENTATION('',(#2502),#2506);
#2502 = LINE('',#2503,#2504);
#2503 = CARTESIAN_POINT('',(-0.,-0.32));
#2504 = VECTOR('',#2505,1.);
#2505 = DIRECTION('',(-1.,0.));
#2506 = ( GEOMETRIC_REPRESENTATION_CONTEXT(2) 
PARAMETRIC_REPRESENTATION_CONTEXT() REPRESENTATION_CONTEXT('2D SPACE',''
  ) );
#2507 = PCURVE('',#2508,#2513);
#2508 = CONICAL_SURFACE('',#2509,6.4,0.785398163397);
#2509 = AXIS2_PLACEMENT_3D('',#2510,#2511,#2512);
#2510 = CARTESIAN_POINT('',(-103.2,124.68,87.));
#2511 = DIRECTION('',(-0.,1.,-9.244463733059E-30));
#2512 = DIRECTION('',(0.,-9.244463733059E-30,-1.));
#2513 = DEFINITIONAL_REPRESENTATION('',(#2514),#2518);
#2514 = LINE('',#2515,#2516);
#2515 = CARTESIAN_POINT('',(-0.,-0.));
#2516 = VECTOR('',#2517,1.);
#2517 = DIRECTION('',(-1.,-0.));
#2518 = ( GEOMETRIC_REPRESENTATION_CONTEXT(2) 
PARAMETRIC_REPRESENTATION_CONTEXT() REPRESENTATION_CONTEXT('2D SPACE',''
  ) );
#2519 = ORIENTED_EDGE('',*,*,#2470,.F.);
#2520 = ORIENTED_EDGE('',*,*,#1031,.F.);
#2521 = ADVANCED_FACE('',(#2522,#2525),#1485,.F.);
#2522 = FACE_BOUND('',#2523,.F.);
#2523 = EDGE_LOOP('',(#2524));
#2524 = ORIENTED_EDGE('',*,*,#1470,.T.);
#2525 = FACE_BOUND('',#2526,.F.);
#2526 = EDGE_LOOP('',(#2527));
#2527 = ORIENTED_EDGE('',*,*,#2528,.T.);
#2528 = EDGE_CURVE('',#2529,#2529,#2531,.T.);
#2529 = VERTEX_POINT('',#2530);
#2530 = CARTESIAN_POINT('',(-146.85,85.375,56.075));
#2531 = SURFACE_CURVE('',#2532,(#2537,#2548),.PCURVE_S1.);
#2532 = CIRCLE('',#2533,3.5);
#2533 = AXIS2_PLACEMENT_3D('',#2534,#2535,#2536);
#2534 = CARTESIAN_POINT('',(-146.85,85.375,52.575));
#2535 = DIRECTION('',(-1.,-0.,0.));
#2536 = DIRECTION('',(0.,0.,1.));
#2537 = PCURVE('',#1485,#2538);
#2538 = DEFINITIONAL_REPRESENTATION('',(#2539),#2547);
#2539 = ( BOUNDED_CURVE() B_SPLINE_CURVE(2,(#2540,#2541,#2542,#2543,
#2544,#2545,#2546),.UNSPECIFIED.,.T.,.F.) B_SPLINE_CURVE_WITH_KNOTS((1,2
    ,2,2,2,1),(-2.094395102393,0.,2.094395102393,4.188790204786,
6.28318530718,8.377580409573),.UNSPECIFIED.) CURVE() 
GEOMETRIC_REPRESENTATION_ITEM() RATIONAL_B_SPLINE_CURVE((1.,0.5,1.,0.5,
1.,0.5,1.)) REPRESENTATION_ITEM('') );
#2540 = CARTESIAN_POINT('',(3.5,2.84217094304E-14));
#2541 = CARTESIAN_POINT('',(3.5,-6.062177826491));
#2542 = CARTESIAN_POINT('',(-1.75,-3.031088913246));
#2543 = CARTESIAN_POINT('',(-7.,2.7564456671E-14));
#2544 = CARTESIAN_POINT('',(-1.75,3.031088913246));
#2545 = CARTESIAN_POINT('',(3.5,6.062177826491));
#2546 = CARTESIAN_POINT('',(3.5,2.84217094304E-14));
#2547 = ( GEOMETRIC_REPRESENTATION_CONTEXT(2) 
PARAMETRIC_REPRESENTATION_CONTEXT() REPRESENTATION_CONTEXT('2D SPACE',''
  ) );
#2548 = PCURVE('',#2549,#2554);
#2549 = CYLINDRICAL_SURFACE('',#2550,3.5);
#2550 = AXIS2_PLACEMENT_3D('',#2551,#2552,#2553);
#2551 = CARTESIAN_POINT('',(-148.425,85.375,52.575));
#2552 = DIRECTION('',(-1.,-0.,0.));
#2553 = DIRECTION('',(0.,0.,1.));
#2554 = DEFINITIONAL_REPRESENTATION('',(#2555),#2559);
#2555 = LINE('',#2556,#2557);
#2556 = CARTESIAN_POINT('',(-6.28318530718,-1.575));
#2557 = VECTOR('',#2558,1.);
#2558 = DIRECTION('',(1.,-0.));
#2559 = ( GEOMETRIC_REPRESENTATION_CONTEXT(2) 
PARAMETRIC_REPRESENTATION_CONTEXT() REPRESENTATION_CONTEXT('2D SPACE',''
  ) );
#2560 = ADVANCED_FACE('',(#2561,#2567),#1541,.T.);
#2561 = FACE_BOUND('',#2562,.T.);
#2562 = EDGE_LOOP('',(#2563,#2564,#2565,#2566));
#2563 = ORIENTED_EDGE('',*,*,#1628,.T.);
#2564 = ORIENTED_EDGE('',*,*,#1677,.T.);
#2565 = ORIENTED_EDGE('',*,*,#1601,.T.);
#2566 = ORIENTED_EDGE('',*,*,#1525,.T.);
#2567 = FACE_BOUND('',#2568,.T.);
#2568 = EDGE_LOOP('',(#2569));
#2569 = ORIENTED_EDGE('',*,*,#2570,.F.);
#2570 = EDGE_CURVE('',#2571,#2571,#2573,.T.);
#2571 = VERTEX_POINT('',#2572);
#2572 = CARTESIAN_POINT('',(-134.,84.25,71.2));
#2573 = SURFACE_CURVE('',#2574,(#2579,#2586),.PCURVE_S1.);
#2574 = CIRCLE('',#2575,6.4);
#2575 = AXIS2_PLACEMENT_3D('',#2576,#2577,#2578);
#2576 = CARTESIAN_POINT('',(-134.,84.25,77.6));
#2577 = DIRECTION('',(-1.,0.,0.));
#2578 = DIRECTION('',(0.,0.,-1.));
#2579 = PCURVE('',#1541,#2580);
#2580 = DEFINITIONAL_REPRESENTATION('',(#2581),#2585);
#2581 = CIRCLE('',#2582,6.4);
#2582 = AXIS2_PLACEMENT_2D('',#2583,#2584);
#2583 = CARTESIAN_POINT('',(1.42108547152E-14,0.));
#2584 = DIRECTION('',(1.,0.));
#2585 = ( GEOMETRIC_REPRESENTATION_CONTEXT(2) 
PARAMETRIC_REPRESENTATION_CONTEXT() REPRESENTATION_CONTEXT('2D SPACE',''
  ) );
#2586 = PCURVE('',#2587,#2592);
#2587 = CYLINDRICAL_SURFACE('',#2588,6.4);
#2588 = AXIS2_PLACEMENT_3D('',#2589,#2590,#2591);
#2589 = CARTESIAN_POINT('',(-134.,84.25,77.6));
#2590 = DIRECTION('',(-1.,0.,0.));
#2591 = DIRECTION('',(0.,0.,-1.));
#2592 = DEFINITIONAL_REPRESENTATION('',(#2593),#2597);
#2593 = LINE('',#2594,#2595);
#2594 = CARTESIAN_POINT('',(0.,0.));
#2595 = VECTOR('',#2596,1.);
#2596 = DIRECTION('',(1.,0.));
#2597 = ( GEOMETRIC_REPRESENTATION_CONTEXT(2) 
PARAMETRIC_REPRESENTATION_CONTEXT() REPRESENTATION_CONTEXT('2D SPACE',''
  ) );
#2598 = ADVANCED_FACE('',(#2599),#1819,.T.);
#2599 = FACE_BOUND('',#2600,.T.);
#2600 = EDGE_LOOP('',(#2601,#2602,#2603,#2604));
#2601 = ORIENTED_EDGE('',*,*,#2070,.T.);
#2602 = ORIENTED_EDGE('',*,*,#1936,.T.);
#2603 = ORIENTED_EDGE('',*,*,#1864,.F.);
#2604 = ORIENTED_EDGE('',*,*,#1803,.F.);
#2605 = ADVANCED_FACE('',(#2606),#2030,.T.);
#2606 = FACE_BOUND('',#2607,.T.);
#2607 = EDGE_LOOP('',(#2608,#2609,#2610,#2611));
#2608 = ORIENTED_EDGE('',*,*,#2227,.T.);
#2609 = ORIENTED_EDGE('',*,*,#2200,.T.);
#2610 = ORIENTED_EDGE('',*,*,#2125,.F.);
#2611 = ORIENTED_EDGE('',*,*,#2014,.F.);
#2612 = ADVANCED_FACE('',(#2613),#2110,.F.);
#2613 = FACE_BOUND('',#2614,.F.);
#2614 = EDGE_LOOP('',(#2615,#2638,#2665,#2666));
#2615 = ORIENTED_EDGE('',*,*,#2616,.T.);
#2616 = EDGE_CURVE('',#2094,#2617,#2619,.T.);
#2617 = VERTEX_POINT('',#2618);
#2618 = CARTESIAN_POINT('',(138.,58.375,-69.75));
#2619 = SEAM_CURVE('',#2620,(#2624,#2631),.PCURVE_S1.);
#2620 = LINE('',#2621,#2622);
#2621 = CARTESIAN_POINT('',(150.,58.375,-69.75));
#2622 = VECTOR('',#2623,1.);
#2623 = DIRECTION('',(-1.,0.,-0.));
#2624 = PCURVE('',#2110,#2625);
#2625 = DEFINITIONAL_REPRESENTATION('',(#2626),#2630);
#2626 = LINE('',#2627,#2628);
#2627 = CARTESIAN_POINT('',(0.,0.));
#2628 = VECTOR('',#2629,1.);
#2629 = DIRECTION('',(0.,-1.));
#2630 = ( GEOMETRIC_REPRESENTATION_CONTEXT(2) 
PARAMETRIC_REPRESENTATION_CONTEXT() REPRESENTATION_CONTEXT('2D SPACE',''
  ) );
#2631 = PCURVE('',#2110,#2632);
#2632 = DEFINITIONAL_REPRESENTATION('',(#2633),#2637);
#2633 = LINE('',#2634,#2635);
#2634 = CARTESIAN_POINT('',(6.28318530718,0.));
#2635 = VECTOR('',#2636,1.);
#2636 = DIRECTION('',(0.,-1.));
#2637 = ( GEOMETRIC_REPRESENTATION_CONTEXT(2) 
PARAMETRIC_REPRESENTATION_CONTEXT() REPRESENTATION_CONTEXT('2D SPACE',''
  ) );
#2638 = ORIENTED_EDGE('',*,*,#2639,.T.);
#2639 = EDGE_CURVE('',#2617,#2617,#2640,.T.);
#2640 = SURFACE_CURVE('',#2641,(#2646,#2653),.PCURVE_S1.);
#2641 = CIRCLE('',#2642,44.);
#2642 = AXIS2_PLACEMENT_3D('',#2643,#2644,#2645);
#2643 = CARTESIAN_POINT('',(138.,14.375,-69.75));
#2644 = DIRECTION('',(1.,-0.,0.));
#2645 = DIRECTION('',(0.,1.,-2.476837423129E-16));
#2646 = PCURVE('',#2110,#2647);
#2647 = DEFINITIONAL_REPRESENTATION('',(#2648),#2652);
#2648 = LINE('',#2649,#2650);
#2649 = CARTESIAN_POINT('',(0.,-12.));
#2650 = VECTOR('',#2651,1.);
#2651 = DIRECTION('',(1.,0.));
#2652 = ( GEOMETRIC_REPRESENTATION_CONTEXT(2) 
PARAMETRIC_REPRESENTATION_CONTEXT() REPRESENTATION_CONTEXT('2D SPACE',''
  ) );
#2653 = PCURVE('',#2654,#2659);
#2654 = PLANE('',#2655);
#2655 = AXIS2_PLACEMENT_3D('',#2656,#2657,#2658);
#2656 = CARTESIAN_POINT('',(138.,14.375,-69.75));
#2657 = DIRECTION('',(1.,0.,0.));
#2658 = DIRECTION('',(-0.,0.,1.));
#2659 = DEFINITIONAL_REPRESENTATION('',(#2660),#2664);
#2660 = CIRCLE('',#2661,44.);
#2661 = AXIS2_PLACEMENT_2D('',#2662,#2663);
#2662 = CARTESIAN_POINT('',(-1.42108547152E-14,-7.105427357601E-15));
#2663 = DIRECTION('',(-2.476837423129E-16,-1.));
#2664 = ( GEOMETRIC_REPRESENTATION_CONTEXT(2) 
PARAMETRIC_REPRESENTATION_CONTEXT() REPRESENTATION_CONTEXT('2D SPACE',''
  ) );
#2665 = ORIENTED_EDGE('',*,*,#2616,.F.);
#2666 = ORIENTED_EDGE('',*,*,#2093,.F.);
#2667 = ADVANCED_FACE('',(#2668),#2275,.F.);
#2668 = FACE_BOUND('',#2669,.T.);
#2669 = EDGE_LOOP('',(#2670,#2693,#2720,#2721));
#2670 = ORIENTED_EDGE('',*,*,#2671,.T.);
#2671 = EDGE_CURVE('',#2259,#2672,#2674,.T.);
#2672 = VERTEX_POINT('',#2673);
#2673 = CARTESIAN_POINT('',(-110.35,105.5,-104.9));
#2674 = SEAM_CURVE('',#2675,(#2679,#2686),.PCURVE_S1.);
#2675 = LINE('',#2676,#2677);
#2676 = CARTESIAN_POINT('',(-118.,105.5,-104.9));
#2677 = VECTOR('',#2678,1.);
#2678 = DIRECTION('',(1.,-0.,0.));
#2679 = PCURVE('',#2275,#2680);
#2680 = DEFINITIONAL_REPRESENTATION('',(#2681),#2685);
#2681 = LINE('',#2682,#2683);
#2682 = CARTESIAN_POINT('',(-0.,0.));
#2683 = VECTOR('',#2684,1.);
#2684 = DIRECTION('',(-0.,-1.));
#2685 = ( GEOMETRIC_REPRESENTATION_CONTEXT(2) 
PARAMETRIC_REPRESENTATION_CONTEXT() REPRESENTATION_CONTEXT('2D SPACE',''
  ) );
#2686 = PCURVE('',#2275,#2687);
#2687 = DEFINITIONAL_REPRESENTATION('',(#2688),#2692);
#2688 = LINE('',#2689,#2690);
#2689 = CARTESIAN_POINT('',(-6.28318530718,0.));
#2690 = VECTOR('',#2691,1.);
#2691 = DIRECTION('',(-0.,-1.));
#2692 = ( GEOMETRIC_REPRESENTATION_CONTEXT(2) 
PARAMETRIC_REPRESENTATION_CONTEXT() REPRESENTATION_CONTEXT('2D SPACE',''
  ) );
#2693 = ORIENTED_EDGE('',*,*,#2694,.T.);
#2694 = EDGE_CURVE('',#2672,#2672,#2695,.T.);
#2695 = SURFACE_CURVE('',#2696,(#2701,#2708),.PCURVE_S1.);
#2696 = CIRCLE('',#2697,13.6);
#2697 = AXIS2_PLACEMENT_3D('',#2698,#2699,#2700);
#2698 = CARTESIAN_POINT('',(-110.35,105.5,-118.5));
#2699 = DIRECTION('',(1.,0.,-0.));
#2700 = DIRECTION('',(0.,0.,1.));
#2701 = PCURVE('',#2275,#2702);
#2702 = DEFINITIONAL_REPRESENTATION('',(#2703),#2707);
#2703 = LINE('',#2704,#2705);
#2704 = CARTESIAN_POINT('',(-0.,-7.65));
#2705 = VECTOR('',#2706,1.);
#2706 = DIRECTION('',(-1.,0.));
#2707 = ( GEOMETRIC_REPRESENTATION_CONTEXT(2) 
PARAMETRIC_REPRESENTATION_CONTEXT() REPRESENTATION_CONTEXT('2D SPACE',''
  ) );
#2708 = PCURVE('',#2709,#2714);
#2709 = PLANE('',#2710);
#2710 = AXIS2_PLACEMENT_3D('',#2711,#2712,#2713);
#2711 = CARTESIAN_POINT('',(-110.35,105.5,-118.5));
#2712 = DIRECTION('',(1.,7.278993358441E-31,-1.501292380178E-30));
#2713 = DIRECTION('',(1.501292380178E-30,0.,1.));
#2714 = DEFINITIONAL_REPRESENTATION('',(#2715),#2719);
#2715 = CIRCLE('',#2716,13.6);
#2716 = AXIS2_PLACEMENT_2D('',#2717,#2718);
#2717 = CARTESIAN_POINT('',(1.42108547152E-14,-1.55294760367E-74));
#2718 = DIRECTION('',(1.,-1.09278972644E-60));
#2719 = ( GEOMETRIC_REPRESENTATION_CONTEXT(2) 
PARAMETRIC_REPRESENTATION_CONTEXT() REPRESENTATION_CONTEXT('2D SPACE',''
  ) );
#2720 = ORIENTED_EDGE('',*,*,#2671,.F.);
#2721 = ORIENTED_EDGE('',*,*,#2258,.F.);
#2722 = ADVANCED_FACE('',(#2723),#2391,.F.);
#2723 = FACE_BOUND('',#2724,.T.);
#2724 = EDGE_LOOP('',(#2725,#2748,#2774,#2775));
#2725 = ORIENTED_EDGE('',*,*,#2726,.F.);
#2726 = EDGE_CURVE('',#2727,#2371,#2729,.T.);
#2727 = VERTEX_POINT('',#2728);
#2728 = CARTESIAN_POINT('',(-110.35,105.5,-110.));
#2729 = SEAM_CURVE('',#2730,(#2734,#2741),.PCURVE_S1.);
#2730 = LINE('',#2731,#2732);
#2731 = CARTESIAN_POINT('',(-114.175,105.5,-110.));
#2732 = VECTOR('',#2733,1.);
#2733 = DIRECTION('',(1.,-0.,0.));
#2734 = PCURVE('',#2391,#2735);
#2735 = DEFINITIONAL_REPRESENTATION('',(#2736),#2740);
#2736 = LINE('',#2737,#2738);
#2737 = CARTESIAN_POINT('',(-6.28318530718,0.));
#2738 = VECTOR('',#2739,1.);
#2739 = DIRECTION('',(-0.,-1.));
#2740 = ( GEOMETRIC_REPRESENTATION_CONTEXT(2) 
PARAMETRIC_REPRESENTATION_CONTEXT() REPRESENTATION_CONTEXT('2D SPACE',''
  ) );
#2741 = PCURVE('',#2391,#2742);
#2742 = DEFINITIONAL_REPRESENTATION('',(#2743),#2747);
#2743 = LINE('',#2744,#2745);
#2744 = CARTESIAN_POINT('',(-0.,0.));
#2745 = VECTOR('',#2746,1.);
#2746 = DIRECTION('',(-0.,-1.));
#2747 = ( GEOMETRIC_REPRESENTATION_CONTEXT(2) 
PARAMETRIC_REPRESENTATION_CONTEXT() REPRESENTATION_CONTEXT('2D SPACE',''
  ) );
#2748 = ORIENTED_EDGE('',*,*,#2749,.T.);
#2749 = EDGE_CURVE('',#2727,#2727,#2750,.T.);
#2750 = SURFACE_CURVE('',#2751,(#2756,#2763),.PCURVE_S1.);
#2751 = CIRCLE('',#2752,8.5);
#2752 = AXIS2_PLACEMENT_3D('',#2753,#2754,#2755);
#2753 = CARTESIAN_POINT('',(-110.35,105.5,-118.5));
#2754 = DIRECTION('',(-1.,-0.,0.));
#2755 = DIRECTION('',(0.,0.,1.));
#2756 = PCURVE('',#2391,#2757);
#2757 = DEFINITIONAL_REPRESENTATION('',(#2758),#2762);
#2758 = LINE('',#2759,#2760);
#2759 = CARTESIAN_POINT('',(-6.28318530718,-3.825));
#2760 = VECTOR('',#2761,1.);
#2761 = DIRECTION('',(1.,-0.));
#2762 = ( GEOMETRIC_REPRESENTATION_CONTEXT(2) 
PARAMETRIC_REPRESENTATION_CONTEXT() REPRESENTATION_CONTEXT('2D SPACE',''
  ) );
#2763 = PCURVE('',#2709,#2764);
#2764 = DEFINITIONAL_REPRESENTATION('',(#2765),#2773);
#2765 = ( BOUNDED_CURVE() B_SPLINE_CURVE(2,(#2766,#2767,#2768,#2769,
#2770,#2771,#2772),.UNSPECIFIED.,.T.,.F.) B_SPLINE_CURVE_WITH_KNOTS((1,2
    ,2,2,2,1),(-2.094395102393,0.,2.094395102393,4.188790204786,
6.28318530718,8.377580409573),.UNSPECIFIED.) CURVE() 
GEOMETRIC_REPRESENTATION_ITEM() RATIONAL_B_SPLINE_CURVE((1.,0.5,1.,0.5,
1.,0.5,1.)) REPRESENTATION_ITEM('') );
#2766 = CARTESIAN_POINT('',(8.5,-9.288712674737E-60));
#2767 = CARTESIAN_POINT('',(8.5,-14.72243186433));
#2768 = CARTESIAN_POINT('',(-4.25,-7.361215932168));
#2769 = CARTESIAN_POINT('',(-17.,-2.08189955855E-15));
#2770 = CARTESIAN_POINT('',(-4.25,7.361215932168));
#2771 = CARTESIAN_POINT('',(8.5,14.722431864335));
#2772 = CARTESIAN_POINT('',(8.5,-9.288712674737E-60));
#2773 = ( GEOMETRIC_REPRESENTATION_CONTEXT(2) 
PARAMETRIC_REPRESENTATION_CONTEXT() REPRESENTATION_CONTEXT('2D SPACE',''
  ) );
#2774 = ORIENTED_EDGE('',*,*,#2726,.T.);
#2775 = ORIENTED_EDGE('',*,*,#2370,.F.);
#2776 = ADVANCED_FACE('',(#2777),#2453,.F.);
#2777 = FACE_BOUND('',#2778,.F.);
#2778 = EDGE_LOOP('',(#2779,#2780,#2801,#2828));
#2779 = ORIENTED_EDGE('',*,*,#2438,.T.);
#2780 = ORIENTED_EDGE('',*,*,#2781,.T.);
#2781 = EDGE_CURVE('',#2416,#2782,#2784,.T.);
#2782 = VERTEX_POINT('',#2783);
#2783 = CARTESIAN_POINT('',(-118.8,122.28,83.));
#2784 = SEAM_CURVE('',#2785,(#2789,#2795),.PCURVE_S1.);
#2785 = LINE('',#2786,#2787);
#2786 = CARTESIAN_POINT('',(-118.8,124.68,80.6));
#2787 = VECTOR('',#2788,1.);
#2788 = DIRECTION('',(0.,-0.707106781187,0.707106781187));
#2789 = PCURVE('',#2453,#2790);
#2790 = DEFINITIONAL_REPRESENTATION('',(#2791),#2794);
#2791 = B_SPLINE_CURVE_WITH_KNOTS('',1,(#2792,#2793),.UNSPECIFIED.,.F.,
  .F.,(2,2),(0.,4.072935059635),.PIECEWISE_BEZIER_KNOTS.);
#2792 = CARTESIAN_POINT('',(0.,0.));
#2793 = CARTESIAN_POINT('',(0.,-2.88));
#2794 = ( GEOMETRIC_REPRESENTATION_CONTEXT(2) 
PARAMETRIC_REPRESENTATION_CONTEXT() REPRESENTATION_CONTEXT('2D SPACE',''
  ) );
#2795 = PCURVE('',#2453,#2796);
#2796 = DEFINITIONAL_REPRESENTATION('',(#2797),#2800);
#2797 = B_SPLINE_CURVE_WITH_KNOTS('',1,(#2798,#2799),.UNSPECIFIED.,.F.,
  .F.,(2,2),(0.,4.072935059635),.PIECEWISE_BEZIER_KNOTS.);
#2798 = CARTESIAN_POINT('',(-6.28318530718,0.));
#2799 = CARTESIAN_POINT('',(-6.28318530718,-2.88));
#2800 = ( GEOMETRIC_REPRESENTATION_CONTEXT(2) 
PARAMETRIC_REPRESENTATION_CONTEXT() REPRESENTATION_CONTEXT('2D SPACE',''
  ) );
#2801 = ORIENTED_EDGE('',*,*,#2802,.T.);
#2802 = EDGE_CURVE('',#2782,#2782,#2803,.T.);
#2803 = SURFACE_CURVE('',#2804,(#2809,#2816),.PCURVE_S1.);
#2804 = CIRCLE('',#2805,4.);
#2805 = AXIS2_PLACEMENT_3D('',#2806,#2807,#2808);
#2806 = CARTESIAN_POINT('',(-118.8,122.28,87.));
#2807 = DIRECTION('',(-0.,1.,0.));
#2808 = DIRECTION('',(0.,0.,1.));
#2809 = PCURVE('',#2453,#2810);
#2810 = DEFINITIONAL_REPRESENTATION('',(#2811),#2815);
#2811 = LINE('',#2812,#2813);
#2812 = CARTESIAN_POINT('',(-9.424777960769,-2.4));
#2813 = VECTOR('',#2814,1.);
#2814 = DIRECTION('',(1.,-0.));
#2815 = ( GEOMETRIC_REPRESENTATION_CONTEXT(2) 
PARAMETRIC_REPRESENTATION_CONTEXT() REPRESENTATION_CONTEXT('2D SPACE',''
  ) );
#2816 = PCURVE('',#2817,#2822);
#2817 = CYLINDRICAL_SURFACE('',#2818,4.);
#2818 = AXIS2_PLACEMENT_3D('',#2819,#2820,#2821);
#2819 = CARTESIAN_POINT('',(-118.8,123.71374761723,87.));
#2820 = DIRECTION('',(-0.,1.,-0.));
#2821 = DIRECTION('',(0.,0.,-1.));
#2822 = DEFINITIONAL_REPRESENTATION('',(#2823),#2827);
#2823 = LINE('',#2824,#2825);
#2824 = CARTESIAN_POINT('',(-9.424777960769,-1.433747617232));
#2825 = VECTOR('',#2826,1.);
#2826 = DIRECTION('',(1.,-0.));
#2827 = ( GEOMETRIC_REPRESENTATION_CONTEXT(2) 
PARAMETRIC_REPRESENTATION_CONTEXT() REPRESENTATION_CONTEXT('2D SPACE',''
  ) );
#2828 = ORIENTED_EDGE('',*,*,#2781,.F.);
#2829 = ADVANCED_FACE('',(#2830),#2508,.F.);
#2830 = FACE_BOUND('',#2831,.F.);
#2831 = EDGE_LOOP('',(#2832,#2833,#2854,#3993));
#2832 = ORIENTED_EDGE('',*,*,#2493,.T.);
#2833 = ORIENTED_EDGE('',*,*,#2834,.T.);
#2834 = EDGE_CURVE('',#2471,#2835,#2837,.T.);
#2835 = VERTEX_POINT('',#2836);
#2836 = CARTESIAN_POINT('',(-103.2,122.28,83.));
#2837 = SEAM_CURVE('',#2838,(#2842,#2848),.PCURVE_S1.);
#2838 = LINE('',#2839,#2840);
#2839 = CARTESIAN_POINT('',(-103.2,124.68,80.6));
#2840 = VECTOR('',#2841,1.);
#2841 = DIRECTION('',(0.,-0.707106781187,0.707106781187));
#2842 = PCURVE('',#2508,#2843);
#2843 = DEFINITIONAL_REPRESENTATION('',(#2844),#2847);
#2844 = B_SPLINE_CURVE_WITH_KNOTS('',1,(#2845,#2846),.UNSPECIFIED.,.F.,
  .F.,(2,2),(0.,4.072935059635),.PIECEWISE_BEZIER_KNOTS.);
#2845 = CARTESIAN_POINT('',(0.,0.));
#2846 = CARTESIAN_POINT('',(0.,-2.88));
#2847 = ( GEOMETRIC_REPRESENTATION_CONTEXT(2) 
PARAMETRIC_REPRESENTATION_CONTEXT() REPRESENTATION_CONTEXT('2D SPACE',''
  ) );
#2848 = PCURVE('',#2508,#2849);
#2849 = DEFINITIONAL_REPRESENTATION('',(#2850),#2853);
#2850 = B_SPLINE_CURVE_WITH_KNOTS('',1,(#2851,#2852),.UNSPECIFIED.,.F.,
  .F.,(2,2),(0.,4.072935059635),.PIECEWISE_BEZIER_KNOTS.);
#2851 = CARTESIAN_POINT('',(-6.28318530718,0.));
#2852 = CARTESIAN_POINT('',(-6.28318530718,-2.88));
#2853 = ( GEOMETRIC_REPRESENTATION_CONTEXT(2) 
PARAMETRIC_REPRESENTATION_CONTEXT() REPRESENTATION_CONTEXT('2D SPACE',''
  ) );
#2854 = ORIENTED_EDGE('',*,*,#2855,.F.);
#2855 = EDGE_CURVE('',#2835,#2835,#2856,.T.);
#2856 = SURFACE_CURVE('',#2857,(#3232,#3610),.PCURVE_S1.);
#2857 = B_SPLINE_CURVE_WITH_KNOTS('',7,(#2858,#2859,#2860,#2861,#2862,
    #2863,#2864,#2865,#2866,#2867,#2868,#2869,#2870,#2871,#2872,#2873,
    #2874,#2875,#2876,#2877,#2878,#2879,#2880,#2881,#2882,#2883,#2884,
    #2885,#2886,#2887,#2888,#2889,#2890,#2891,#2892,#2893,#2894,#2895,
    #2896,#2897,#2898,#2899,#2900,#2901,#2902,#2903,#2904,#2905,#2906,
    #2907,#2908,#2909,#2910,#2911,#2912,#2913,#2914,#2915,#2916,#2917,
    #2918,#2919,#2920,#2921,#2922,#2923,#2924,#2925,#2926,#2927,#2928,
    #2929,#2930,#2931,#2932,#2933,#2934,#2935,#2936,#2937,#2938,#2939,
    #2940,#2941,#2942,#2943,#2944,#2945,#2946,#2947,#2948,#2949,#2950,
    #2951,#2952,#2953,#2954,#2955,#2956,#2957,#2958,#2959,#2960,#2961,
    #2962,#2963,#2964,#2965,#2966,#2967,#2968,#2969,#2970,#2971,#2972,
    #2973,#2974,#2975,#2976,#2977,#2978,#2979,#2980,#2981,#2982,#2983,
    #2984,#2985,#2986,#2987,#2988,#2989,#2990,#2991,#2992,#2993,#2994,
    #2995,#2996,#2997,#2998,#2999,#3000,#3001,#3002,#3003,#3004,#3005,
    #3006,#3007,#3008,#3009,#3010,#3011,#3012,#3013,#3014,#3015,#3016,
    #3017,#3018,#3019,#3020,#3021,#3022,#3023,#3024,#3025,#3026,#3027,
    #3028,#3029,#3030,#3031,#3032,#3033,#3034,#3035,#3036,#3037,#3038,
    #3039,#3040,#3041,#3042,#3043,#3044,#3045,#3046,#3047,#3048,#3049,
    #3050,#3051,#3052,#3053,#3054,#3055,#3056,#3057,#3058,#3059,#3060,
    #3061,#3062,#3063,#3064,#3065,#3066,#3067,#3068,#3069,#3070,#3071,
    #3072,#3073,#3074,#3075,#3076,#3077,#3078,#3079,#3080,#3081,#3082,
    #3083,#3084,#3085,#3086,#3087,#3088,#3089,#3090,#3091,#3092,#3093,
    #3094,#3095,#3096,#3097,#3098,#3099,#3100,#3101,#3102,#3103,#3104,
    #3105,#3106,#3107,#3108,#3109,#3110,#3111,#3112,#3113,#3114,#3115,
    #3116,#3117,#3118,#3119,#3120,#3121,#3122,#3123,#3124,#3125,#3126,
    #3127,#3128,#3129,#3130,#3131,#3132,#3133,#3134,#3135,#3136,#3137,
    #3138,#3139,#3140,#3141,#3142,#3143,#3144,#3145,#3146,#3147,#3148,
    #3149,#3150,#3151,#3152,#3153,#3154,#3155,#3156,#3157,#3158,#3159,
    #3160,#3161,#3162,#3163,#3164,#3165,#3166,#3167,#3168,#3169,#3170,
    #3171,#3172,#3173,#3174,#3175,#3176,#3177,#3178,#3179,#3180,#3181,
    #3182,#3183,#3184,#3185,#3186,#3187,#3188,#3189,#3190,#3191,#3192,
    #3193,#3194,#3195,#3196,#3197,#3198,#3199,#3200,#3201,#3202,#3203,
    #3204,#3205,#3206,#3207,#3208,#3209,#3210,#3211,#3212,#3213,#3214,
    #3215,#3216,#3217,#3218,#3219,#3220,#3221,#3222,#3223,#3224,#3225,
    #3226,#3227,#3228,#3229,#3230,#3231),.UNSPECIFIED.,.T.,.F.,(8,6,6,6,
    6,6,6,6,6,6,6,6,6,6,6,6,6,6,6,6,6,6,6,6,6,6,6,6,6,6,6,6,6,6,6,6,6,6,
    6,6,6,6,6,6,6,6,6,6,6,6,6,6,6,6,6,6,6,6,6,6,6,6,8),(0.,
    1.909547297472E-02,3.366853470431E-02,4.824159643391E-02,
    6.281465816351E-02,7.738771989312E-02,9.196078162274E-02,
    0.106031324062,0.120604385792,0.135177447522,0.149750509251,
    0.164323570981,0.17889663271,0.19346969444,0.20804275617,
    0.222615817899,0.237188879629,0.251761941358,0.266335003088,
    0.280908064817,0.295481126547,0.310054188277,0.324627250006,
    0.339200311736,0.353773373465,0.368346435195,0.382919496924,
    0.397492558654,0.412065620384,0.426638682113,0.441211743843,
    0.455784805572,0.470357867302,0.484930929032,0.499503990761,
    0.514077052491,0.52865011422,0.54322317595,0.55779623768,
    0.572369299409,0.586942361139,0.601515422868,0.616088484598,
    0.630159027038,0.644732088767,0.659305150497,0.673878212227,
    0.688451273956,0.703024335686,0.717597397416,0.732170459145,
    0.746743520875,0.760814063314,0.775387125044,0.789960186774,
    0.804533248503,0.819106310233,0.833679371963,0.848252433692,
    0.862825495422,0.877398557151,0.891971618881,1.),.UNSPECIFIED.);
#2858 = CARTESIAN_POINT('',(-103.2,122.28,83.));
#2859 = CARTESIAN_POINT('',(-103.131435681,122.28,83.));
#2860 = CARTESIAN_POINT('',(-103.0628753049,122.28,83.001371048739));
#2861 = CARTESIAN_POINT('',(-102.9943493203,122.28,83.004113086826));
#2862 = CARTESIAN_POINT('',(-102.9258890514,122.28,83.008225087385));
#2863 = CARTESIAN_POINT('',(-102.8575266981,122.28,83.013705056058));
#2864 = CARTESIAN_POINT('',(-102.7892953359,122.28,83.020550031004));
#2865 = CARTESIAN_POINT('',(-102.6692827745,122.28,83.035018682467));
#2866 = CARTESIAN_POINT('',(-102.6174321972,122.28,83.042074015872));
#2867 = CARTESIAN_POINT('',(-102.5656917143,122.28,83.049920331081));
#2868 = CARTESIAN_POINT('',(-102.5140758006,122.28,83.058555545885));
#2869 = CARTESIAN_POINT('',(-102.462598876,122.28,83.067977247902));
#2870 = CARTESIAN_POINT('',(-102.4112753049,122.28,83.07818269457));
#2871 = CARTESIAN_POINT('',(-102.3089634882,122.28,83.100154931743));
#2872 = CARTESIAN_POINT('',(-102.2579752281,122.28,83.111921725346));
#2873 = CARTESIAN_POINT('',(-102.2071689255,122.28,83.124466120686));
#2874 = CARTESIAN_POINT('',(-102.1565588043,122.28,83.137784720745));
#2875 = CARTESIAN_POINT('',(-102.1061590032,122.28,83.151873804761));
#2876 = CARTESIAN_POINT('',(-102.0559835758,122.28,83.166729328231));
#2877 = CARTESIAN_POINT('',(-101.956109405,122.28,83.197964517587));
#2878 = CARTESIAN_POINT('',(-101.9064106475,122.28,83.214344187879));
#2879 = CARTESIAN_POINT('',(-101.8569641861,122.28,83.23148156501));
#2880 = CARTESIAN_POINT('',(-101.8077838746,122.28,83.249371965608));
#2881 = CARTESIAN_POINT('',(-101.7588834522,122.28,83.268010391707));
#2882 = CARTESIAN_POINT('',(-101.7102765438,122.28,83.287391530747));
#2883 = CARTESIAN_POINT('',(-101.6136767758,122.28,83.32762798039));
#2884 = CARTESIAN_POINT('',(-101.5656839026,122.28,83.348483296669));
#2885 = CARTESIAN_POINT('',(-101.5180115505,122.28,83.370070076734));
#2886 = CARTESIAN_POINT('',(-101.4706730867,122.28,83.392382390101));
#2887 = CARTESIAN_POINT('',(-101.4236817362,122.28,83.415414003473));
#2888 = CARTESIAN_POINT('',(-101.3770505809,122.28,83.43915838074));
#2889 = CARTESIAN_POINT('',(-101.2845345394,122.28,83.488058985211));
#2890 = CARTESIAN_POINT('',(-101.2386496402,122.28,83.513215219312));
#2891 = CARTESIAN_POINT('',(-101.1931508014,122.28,83.539070545863));
#2892 = CARTESIAN_POINT('',(-101.1480507924,122.28,83.565617836951));
#2893 = CARTESIAN_POINT('',(-101.1033622126,122.28,83.592849676173));
#2894 = CARTESIAN_POINT('',(-101.0590974914,122.28,83.620758358628));
#2895 = CARTESIAN_POINT('',(-100.972951617,122.28,83.676927991223));
#2896 = CARTESIAN_POINT('',(-100.9310408942,122.28,83.705143616218));
#2897 = CARTESIAN_POINT('',(-100.8895477542,122.28,83.733975571268));
#2898 = CARTESIAN_POINT('',(-100.8484830612,122.28,83.763416425301));
#2899 = CARTESIAN_POINT('',(-100.8078575102,122.28,83.793458510809));
#2900 = CARTESIAN_POINT('',(-100.7676816263,122.28,83.824093923849));
#2901 = CARTESIAN_POINT('',(-100.686831481,122.28,83.887650145487));
#2902 = CARTESIAN_POINT('',(-100.6461906541,122.28,83.920613508256));
#2903 = CARTESIAN_POINT('',(-100.6060547905,122.28,83.9541955673));
#2904 = CARTESIAN_POINT('',(-100.5664351772,122.28,83.988387024134));
#2905 = CARTESIAN_POINT('',(-100.5273428826,122.28,84.023178326833));
#2906 = CARTESIAN_POINT('',(-100.4887887564,122.28,84.058559670035));
#2907 = CARTESIAN_POINT('',(-100.4127781026,122.28,84.130482319848));
#2908 = CARTESIAN_POINT('',(-100.3753215643,122.28,84.1670236366));
#2909 = CARTESIAN_POINT('',(-100.3384244451,122.28,84.204134885996));
#2910 = CARTESIAN_POINT('',(-100.3020971346,122.28,84.241805776454));
#2911 = CARTESIAN_POINT('',(-100.2663497814,122.28,84.280025784015));
#2912 = CARTESIAN_POINT('',(-100.2311922931,122.28,84.318784152342));
#2913 = CARTESIAN_POINT('',(-100.1620763799,122.28,84.397355633103));
#2914 = CARTESIAN_POINT('',(-100.1281179452,122.28,84.437168756616));
#2915 = CARTESIAN_POINT('',(-100.0947686985,122.28,84.47749827418));
#2916 = CARTESIAN_POINT('',(-100.0620380451,122.28,84.518332987343));
#2917 = CARTESIAN_POINT('',(-100.0299351286,122.28,84.559661488284));
#2918 = CARTESIAN_POINT('',(-99.9984688317,122.28,84.601472159808));
#2919 = CARTESIAN_POINT('',(-99.93682671988,122.28,84.686034190894));
#2920 = CARTESIAN_POINT('',(-99.90665089628,122.28,84.728785562382));
#2921 = CARTESIAN_POINT('',(-99.87712892593,122.28,84.771995462922));
#2922 = CARTESIAN_POINT('',(-99.84826915054,122.28,84.815651881014));
#2923 = CARTESIAN_POINT('',(-99.82007963255,122.28,84.859742620548));
#2924 = CARTESIAN_POINT('',(-99.79256815511,122.28,84.904255300803));
#2925 = CARTESIAN_POINT('',(-99.73891628919,122.28,84.994099412096));
#2926 = CARTESIAN_POINT('',(-99.71277589314,122.28,85.039430855803));
#2927 = CARTESIAN_POINT('',(-99.68732853744,122.28,85.085159121958));
#2928 = CARTESIAN_POINT('',(-99.66258143055,122.28,85.131271486643));
#2929 = CARTESIAN_POINT('',(-99.63854148597,122.28,85.177755067641));
#2930 = CARTESIAN_POINT('',(-99.61521532223,122.28,85.224596824431));
#2931 = CARTESIAN_POINT('',(-99.57000320352,122.28,85.318970291954));
#2932 = CARTESIAN_POINT('',(-99.54811724218,122.28,85.366502015995));
#2933 = CARTESIAN_POINT('',(-99.5269577019,122.28,85.414365531254));
#2934 = CARTESIAN_POINT('',(-99.50653059753,122.28,85.462547508002));
#2935 = CARTESIAN_POINT('',(-99.48684163571,122.28,85.511034485842));
#2936 = CARTESIAN_POINT('',(-99.46789621486,122.28,85.559812873709));
#2937 = CARTESIAN_POINT('',(-99.43150263553,122.28,85.657925026035));
#2938 = CARTESIAN_POINT('',(-99.41405447191,122.28,85.707258804328));
#2939 = CARTESIAN_POINT('',(-99.39736002405,122.28,85.756856562827));
#2940 = CARTESIAN_POINT('',(-99.38142406276,122.28,85.806704477668));
#2941 = CARTESIAN_POINT('',(-99.36625104001,122.28,85.856788623047));
#2942 = CARTESIAN_POINT('',(-99.35184508889,122.28,85.907094971222));
#2943 = CARTESIAN_POINT('',(-99.3245749584,122.28,86.008123813804));
#2944 = CARTESIAN_POINT('',(-99.31171077518,122.28,86.058846322458));
#2945 = CARTESIAN_POINT('',(-99.29962128766,122.28,86.109762788649));
#2946 = CARTESIAN_POINT('',(-99.28830998271,122.28,86.160859010197));
#2947 = CARTESIAN_POINT('',(-99.27778002031,122.28,86.212120712563));
#2948 = CARTESIAN_POINT('',(-99.2680342336,122.28,86.263533548855));
#2949 = CARTESIAN_POINT('',(-99.25011602414,122.28,86.366632650793));
#2950 = CARTESIAN_POINT('',(-99.24194359886,122.28,86.418318930978));
#2951 = CARTESIAN_POINT('',(-99.23456035878,122.28,86.470127521033));
#2952 = CARTESIAN_POINT('',(-99.22796847754,122.28,86.52204395945));
#2953 = CARTESIAN_POINT('',(-99.22216979669,122.28,86.574053742549));
#2954 = CARTESIAN_POINT('',(-99.21716582566,122.28,86.626142324486));
#2955 = CARTESIAN_POINT('',(-99.20874965799,122.28,86.730447910014));
#2956 = CARTESIAN_POINT('',(-99.20533746015,122.28,86.782664928314));
#2957 = CARTESIAN_POINT('',(-99.20272232511,122.28,86.834931584094));
#2958 = CARTESIAN_POINT('',(-99.20090509509,122.28,86.887233277672));
#2959 = CARTESIAN_POINT('',(-99.19988627778,122.28,86.939555397746));
#2960 = CARTESIAN_POINT('',(-99.19966604627,122.28,86.991883321384));
#2961 = CARTESIAN_POINT('',(-99.20082243198,122.28,87.096521506683));
#2962 = CARTESIAN_POINT('',(-99.20219904935,122.28,87.1488317831));
#2963 = CARTESIAN_POINT('',(-99.20437392924,122.28,87.201118608737));
#2964 = CARTESIAN_POINT('',(-99.20734657541,122.28,87.253367368061));
#2965 = CARTESIAN_POINT('',(-99.2111161574,122.28,87.305563464556));
#2966 = CARTESIAN_POINT('',(-99.21568151053,122.28,87.35769232072));
#2967 = CARTESIAN_POINT('',(-99.22640076129,122.28,87.461786435413));
#2968 = CARTESIAN_POINT('',(-99.23255466042,122.28,87.513751708622));
#2969 = CARTESIAN_POINT('',(-99.23950133385,122.28,87.565620639264));
#2970 = CARTESIAN_POINT('',(-99.24723895104,122.28,87.617378718405));
#2971 = CARTESIAN_POINT('',(-99.25576535036,122.28,87.669011486609));
#2972 = CARTESIAN_POINT('',(-99.2650780391,122.28,87.720504533932));
#2973 = CARTESIAN_POINT('',(-99.28527034783,122.28,87.823182465927));
#2974 = CARTESIAN_POINT('',(-99.29614997067,122.28,87.874367365078));
#2975 = CARTESIAN_POINT('',(-99.30781023764,122.28,87.925383837045));
#2976 = CARTESIAN_POINT('',(-99.32024799923,122.28,87.976217601048));
#2977 = CARTESIAN_POINT('',(-99.33345978075,122.28,88.026854455874));
#2978 = CARTESIAN_POINT('',(-99.34744178235,122.28,88.077280279869));
#2979 = CARTESIAN_POINT('',(-99.37693797564,122.28,88.177681782009));
#2980 = CARTESIAN_POINT('',(-99.39245217149,122.28,88.227657474313));
#2981 = CARTESIAN_POINT('',(-99.40872834098,122.28,88.277394065916));
#2982 = CARTESIAN_POINT('',(-99.42576204202,122.28,88.326877623843));
#2983 = CARTESIAN_POINT('',(-99.44354851597,122.28,88.376094324079));
#2984 = CARTESIAN_POINT('',(-99.46208268766,122.28,88.425030451572));
#2985 = CARTESIAN_POINT('',(-99.50063564312,122.28,88.522314348884));
#2986 = CARTESIAN_POINT('',(-99.52065443232,122.28,88.570662132422));
#2987 = CARTESIAN_POINT('',(-99.54141014077,122.28,88.618702144955));
#2988 = CARTESIAN_POINT('',(-99.56289707102,122.28,88.666420918042));
#2989 = CARTESIAN_POINT('',(-99.58510922033,122.28,88.713805120689));
#2990 = CARTESIAN_POINT('',(-99.60804028076,122.28,88.76084155935));
#2991 = CARTESIAN_POINT('',(-99.65532699742,122.28,88.854192796501));
#2992 = CARTESIAN_POINT('',(-99.67968266033,122.28,88.900507608156));
#2993 = CARTESIAN_POINT('',(-99.70474401411,122.28,88.94644855704));
#2994 = CARTESIAN_POINT('',(-99.73050415366,122.28,88.992002752089));
#2995 = CARTESIAN_POINT('',(-99.75695588248,122.28,89.037157467017));
#2996 = CARTESIAN_POINT('',(-99.78409171266,122.28,89.081900140322));
#2997 = CARTESIAN_POINT('',(-99.83971601715,122.28,89.170536610245));
#2998 = CARTESIAN_POINT('',(-99.86820449931,122.28,89.214430419362));
#2999 = CARTESIAN_POINT('',(-99.89736153159,122.28,89.257887406209));
#3000 = CARTESIAN_POINT('',(-99.92717905913,122.28,89.300895365096));
#3001 = CARTESIAN_POINT('',(-99.95764875192,122.28,89.343442281072));
#3002 = CARTESIAN_POINT('',(-99.98876200485,122.28,89.385516329918));
#3003 = CARTESIAN_POINT('',(-100.0522578705,122.28,89.46869542639));
#3004 = CARTESIAN_POINT('',(-100.0846404922,122.28,89.509800485745));
#3005 = CARTESIAN_POINT('',(-100.1176489222,122.28,89.550409423075));
#3006 = CARTESIAN_POINT('',(-100.1512740231,122.28,89.59051082033));
#3007 = CARTESIAN_POINT('',(-100.1855064014,122.28,89.63009347455));
#3008 = CARTESIAN_POINT('',(-100.2203364068,122.28,89.669146397867));
#3009 = CARTESIAN_POINT('',(-100.2911718582,122.28,89.746171237148));
#3010 = CARTESIAN_POINT('',(-100.3271773143,122.28,89.784143163974));
#3011 = CARTESIAN_POINT('',(-100.3637605936,122.28,89.821563825586));
#3012 = CARTESIAN_POINT('',(-100.4009115531,122.28,89.858422687233));
#3013 = CARTESIAN_POINT('',(-100.4386198142,122.28,89.894709451809));
#3014 = CARTESIAN_POINT('',(-100.4768747624,122.28,89.930414059854));
#3015 = CARTESIAN_POINT('',(-100.5544563323,122.28,90.000639319258));
#3016 = CARTESIAN_POINT('',(-100.593782965,122.28,90.035159980519));
#3017 = CARTESIAN_POINT('',(-100.6336345948,122.28,90.06907885194));
#3018 = CARTESIAN_POINT('',(-100.6740001581,122.28,90.102386370328));
#3019 = CARTESIAN_POINT('',(-100.7148683779,122.28,90.135073230703));
#3020 = CARTESIAN_POINT('',(-100.7562277647,122.28,90.167130386291));
#3021 = CARTESIAN_POINT('',(-100.839905466,122.28,90.229967710768));
#3022 = CARTESIAN_POINT('',(-100.8822237924,122.28,90.260747888519));
#3023 = CARTESIAN_POINT('',(-100.9250098914,122.28,90.290880793664));
#3024 = CARTESIAN_POINT('',(-100.9682518711,122.28,90.320357914693));
#3025 = CARTESIAN_POINT('',(-101.0119376513,122.28,90.349171016707));
#3026 = CARTESIAN_POINT('',(-101.0560549631,122.28,90.377312141416));
#3027 = CARTESIAN_POINT('',(-101.1451277347,122.28,90.43223507286));
#3028 = CARTESIAN_POINT('',(-101.1900832072,122.28,90.459016887341));
#3029 = CARTESIAN_POINT('',(-101.2354453086,122.28,90.485111369372));
#3030 = CARTESIAN_POINT('',(-101.2812014188,122.28,90.510511130438));
#3031 = CARTESIAN_POINT('',(-101.3273387549,122.28,90.535209074712));
#3032 = CARTESIAN_POINT('',(-101.3738443719,122.28,90.559198399063));
#3033 = CARTESIAN_POINT('',(-101.4675659523,122.28,90.605746787034));
#3034 = CARTESIAN_POINT('',(-101.5147819289,122.28,90.628305857219));
#3035 = CARTESIAN_POINT('',(-101.562339984,122.28,90.650143293658));
#3036 = CARTESIAN_POINT('',(-101.6102268747,122.28,90.671252892731));
#3037 = CARTESIAN_POINT('',(-101.6584292231,122.28,90.691628757137));
#3038 = CARTESIAN_POINT('',(-101.7069335161,122.28,90.711265295897));
#3039 = CARTESIAN_POINT('',(-101.8045186953,122.28,90.749049152813));
#3040 = CARTESIAN_POINT('',(-101.8535995953,122.28,90.767196476298));
#3041 = CARTESIAN_POINT('',(-101.9029551575,122.28,90.78459391067));
#3042 = CARTESIAN_POINT('',(-101.9525716271,122.28,90.801236489176));
#3043 = CARTESIAN_POINT('',(-102.002435143,122.28,90.817119562451));
#3044 = CARTESIAN_POINT('',(-102.0525317377,122.28,90.83223879851));
#3045 = CARTESIAN_POINT('',(-102.1531629363,122.28,90.860941567008));
#3046 = CARTESIAN_POINT('',(-102.2036975544,122.28,90.874525103494));
#3047 = CARTESIAN_POINT('',(-102.2544371172,122.28,90.887336778154));
#3048 = CARTESIAN_POINT('',(-102.3053674734,122.28,90.899372902717));
#3049 = CARTESIAN_POINT('',(-102.3564743948,122.28,90.910630114702));
#3050 = CARTESIAN_POINT('',(-102.4077435762,122.28,90.921105377417));
#3051 = CARTESIAN_POINT('',(-102.5105776948,122.28,90.940486582503));
#3052 = CARTESIAN_POINT('',(-102.5621426464,122.28,90.949392527607));
#3053 = CARTESIAN_POINT('',(-102.6138411081,122.28,90.957511104918));
#3054 = CARTESIAN_POINT('',(-102.6656586506,122.28,90.964839935545));
#3055 = CARTESIAN_POINT('',(-102.717580798,122.28,90.971376972064));
#3056 = CARTESIAN_POINT('',(-102.7695930274,122.28,90.977120498515));
#3057 = CARTESIAN_POINT('',(-102.8737685102,122.28,90.987017762294));
#3058 = CARTESIAN_POINT('',(-102.9259317784,122.28,90.991171501017));
#3059 = CARTESIAN_POINT('',(-102.9781560035,122.28,90.994528962633));
#3060 = CARTESIAN_POINT('',(-103.0304265993,122.28,90.997089097564));
#3061 = CARTESIAN_POINT('',(-103.0827289632,122.28,90.998851190596));
#3062 = CARTESIAN_POINT('',(-103.1350484761,122.28,90.999814860879));
#3063 = CARTESIAN_POINT('',(-103.2396925294,122.28,91.000145262971));
#3064 = CARTESIAN_POINT('',(-103.2920170845,122.28,90.999511994827));
#3065 = CARTESIAN_POINT('',(-103.3443295326,122.28,90.99808021156));
#3066 = CARTESIAN_POINT('',(-103.3966152528,122.28,90.9958502017));
#3067 = CARTESIAN_POINT('',(-103.4488596381,122.28,90.992822588234));
#3068 = CARTESIAN_POINT('',(-103.5010480959,122.28,90.988998328612));
#3069 = CARTESIAN_POINT('',(-103.6052840001,122.28,90.979759100872));
#3070 = CARTESIAN_POINT('',(-103.6573314612,122.28,90.974344131451));
#3071 = CARTESIAN_POINT('',(-103.7092938529,122.28,90.968135098942));
#3072 = CARTESIAN_POINT('',(-103.7611566418,122.28,90.961133627561));
#3073 = CARTESIAN_POINT('',(-103.8129053392,122.28,90.95334167328));
#3074 = CARTESIAN_POINT('',(-103.8645255013,122.28,90.944761523826));
#3075 = CARTESIAN_POINT('',(-103.9674799563,122.28,90.926030073534));
#3076 = CARTESIAN_POINT('',(-104.0188142639,122.28,90.915878770054));
#3077 = CARTESIAN_POINT('',(-104.0699912524,122.28,90.904944508268));
#3078 = CARTESIAN_POINT('',(-104.1209965979,122.28,90.893230234474));
#3079 = CARTESIAN_POINT('',(-104.1718160511,122.28,90.880739221239));
#3080 = CARTESIAN_POINT('',(-104.2224354379,122.28,90.867475067402));
#3081 = CARTESIAN_POINT('',(-104.32324588,122.28,90.839408328735));
#3082 = CARTESIAN_POINT('',(-104.3734369495,122.28,90.824605739947));
#3083 = CARTESIAN_POINT('',(-104.4233997684,122.28,90.809037857349));
#3084 = CARTESIAN_POINT('',(-104.4731203419,122.28,90.792708924633));
#3085 = CARTESIAN_POINT('',(-104.5225847799,122.28,90.775623503545));
#3086 = CARTESIAN_POINT('',(-104.5717792965,122.28,90.757786473883));
#3087 = CARTESIAN_POINT('',(-104.6696011245,122.28,90.720619593106));
#3088 = CARTESIAN_POINT('',(-104.7182284496,122.28,90.701289736749));
#3089 = CARTESIAN_POINT('',(-104.7665585047,122.28,90.681218662793));
#3090 = CARTESIAN_POINT('',(-104.8145777418,122.28,90.660411876774));
#3091 = CARTESIAN_POINT('',(-104.8622727459,122.28,90.638875191395));
#3092 = CARTESIAN_POINT('',(-104.9096302353,122.28,90.61661472653));
#3093 = CARTESIAN_POINT('',(-105.003643887,122.28,90.570659091911));
#3094 = CARTESIAN_POINT('',(-105.0503000625,122.28,90.546963915677));
#3095 = CARTESIAN_POINT('',(-105.0965924393,122.28,90.522557808058));
#3096 = CARTESIAN_POINT('',(-105.1425080294,122.28,90.497447490306));
#3097 = CARTESIAN_POINT('',(-105.1880340057,122.28,90.471639977386));
#3098 = CARTESIAN_POINT('',(-105.2331577015,122.28,90.445142577974));
#3099 = CARTESIAN_POINT('',(-105.32257552,122.28,90.390783210942));
#3100 = CARTESIAN_POINT('',(-105.3668696553,122.28,90.362921235656));
#3101 = CARTESIAN_POINT('',(-105.4107365111,122.28,90.334384571463));
#3102 = CARTESIAN_POINT('',(-105.4541637683,122.28,90.30518109902));
#3103 = CARTESIAN_POINT('',(-105.497139295,122.28,90.275318976778));
#3104 = CARTESIAN_POINT('',(-105.5396511458,122.28,90.244806640984));
#3105 = CARTESIAN_POINT('',(-105.6237239787,122.28,90.182498970373));
#3106 = CARTESIAN_POINT('',(-105.6652849727,122.28,90.15070362677));
#3107 = CARTESIAN_POINT('',(-105.706358786,122.28,90.118275489355));
#3108 = CARTESIAN_POINT('',(-105.746933872,122.28,90.085223532167));
#3109 = CARTESIAN_POINT('',(-105.7869988953,122.28,90.051556988791));
#3110 = CARTESIAN_POINT('',(-105.8265427322,122.28,90.017285352364));
#3111 = CARTESIAN_POINT('',(-105.9032209758,122.28,89.948753708136));
#3112 = CARTESIAN_POINT('',(-105.9403914561,122.28,89.914534041695));
#3113 = CARTESIAN_POINT('',(-105.9770560899,122.28,89.879768154247));
#3114 = CARTESIAN_POINT('',(-106.0132052593,122.28,89.844465031922));
#3115 = CARTESIAN_POINT('',(-106.0488295497,122.28,89.808633868985));
#3116 = CARTESIAN_POINT('',(-106.0839197497,122.28,89.772284067831));
#3117 = CARTESIAN_POINT('',(-106.1542477776,122.28,89.697250023625));
#3118 = CARTESIAN_POINT('',(-106.1894461297,122.28,89.658528761943));
#3119 = CARTESIAN_POINT('',(-106.2240518991,122.28,89.619272132401));
#3120 = CARTESIAN_POINT('',(-106.2580553319,122.28,89.579491030965));
#3121 = CARTESIAN_POINT('',(-106.2914469288,122.28,89.539196571116));
#3122 = CARTESIAN_POINT('',(-106.3242174448,122.28,89.498400083845));
#3123 = CARTESIAN_POINT('',(-106.3884983342,122.28,89.415826151469));
#3124 = CARTESIAN_POINT('',(-106.4200087167,122.28,89.374048694719));
#3125 = CARTESIAN_POINT('',(-106.4508800468,122.28,89.331792296253));
#3126 = CARTESIAN_POINT('',(-106.481103608,122.28,89.28906869825));
#3127 = CARTESIAN_POINT('',(-106.5106709567,122.28,89.245889836222));
#3128 = CARTESIAN_POINT('',(-106.5395739229,122.28,89.202267839016));
#3129 = CARTESIAN_POINT('',(-106.5960352965,122.28,89.114162218604));
#3130 = CARTESIAN_POINT('',(-106.6235937118,122.28,89.069678582974));
#3131 = CARTESIAN_POINT('',(-106.6504719593,122.28,89.0247764444));
#3132 = CARTESIAN_POINT('',(-106.6766624324,122.28,88.979468292894));
#3133 = CARTESIAN_POINT('',(-106.7021578145,122.28,88.933766786005));
#3134 = CARTESIAN_POINT('',(-106.7269510786,122.28,88.887684748817));
#3135 = CARTESIAN_POINT('',(-106.7751198966,122.28,88.794785599076));
#3136 = CARTESIAN_POINT('',(-106.7984954573,122.28,88.747968473423));
#3137 = CARTESIAN_POINT('',(-106.8211554332,122.28,88.70079678986));
#3138 = CARTESIAN_POINT('',(-106.8430933916,122.28,88.653283681594));
#3139 = CARTESIAN_POINT('',(-106.8643032038,122.28,88.605442422162));
#3140 = CARTESIAN_POINT('',(-106.884779045,122.28,88.557286425435));
#3141 = CARTESIAN_POINT('',(-106.9242517438,122.28,88.460372065793));
#3142 = CARTESIAN_POINT('',(-106.9432486068,122.28,88.411613689213));
#3143 = CARTESIAN_POINT('',(-106.9615004633,122.28,88.362567670284));
#3144 = CARTESIAN_POINT('',(-106.9790021083,122.28,88.313247675373));
#3145 = CARTESIAN_POINT('',(-106.9957486525,122.28,88.263667482801));
#3146 = CARTESIAN_POINT('',(-107.011735522,122.28,88.213840982841));
#3147 = CARTESIAN_POINT('',(-107.0421813948,122.28,88.113723372604));
#3148 = CARTESIAN_POINT('',(-107.0566404024,122.28,88.063432248209));
#3149 = CARTESIAN_POINT('',(-107.0703312234,122.28,88.012922806926));
#3150 = CARTESIAN_POINT('',(-107.0832499243,122.28,87.962209133784));
#3151 = CARTESIAN_POINT('',(-107.0953928961,122.28,87.911305396449));
#3152 = CARTESIAN_POINT('',(-107.106756854,122.28,87.860225845227));
#3153 = CARTESIAN_POINT('',(-107.127920822,122.28,87.75774378089));
#3154 = CARTESIAN_POINT('',(-107.137720835,122.28,87.706341253323));
#3155 = CARTESIAN_POINT('',(-107.1467359172,122.28,87.654791563414));
#3156 = CARTESIAN_POINT('',(-107.1549634397,122.28,87.603109096846));
#3157 = CARTESIAN_POINT('',(-107.1624011038,122.28,87.551308291933));
#3158 = CARTESIAN_POINT('',(-107.1690469418,122.28,87.49940363962));
#3159 = CARTESIAN_POINT('',(-107.1807516908,122.28,87.395415727338));
#3160 = CARTESIAN_POINT('',(-107.1858106035,122.28,87.343332452705));
#3161 = CARTESIAN_POINT('',(-107.1900744177,122.28,87.291174403216));
#3162 = CARTESIAN_POINT('',(-107.1935418306,122.28,87.238956144686));
#3163 = CARTESIAN_POINT('',(-107.1962118736,122.28,87.186692265112));
#3164 = CARTESIAN_POINT('',(-107.198083912,122.28,87.134397374669));
#3165 = CARTESIAN_POINT('',(-107.2001943531,122.28,87.031578673333));
#3166 = CARTESIAN_POINT('',(-107.2004868624,122.28,86.98105595945));
#3167 = CARTESIAN_POINT('',(-107.200034903,122.28,86.930531133535));
#3168 = CARTESIAN_POINT('',(-107.1988384957,122.28,86.880017358166));
#3169 = CARTESIAN_POINT('',(-107.1968979519,122.28,86.829527789034));
#3170 = CARTESIAN_POINT('',(-107.1942138743,122.28,86.779075574941));
#3171 = CARTESIAN_POINT('',(-107.1872380549,122.28,86.676472079633));
#3172 = CARTESIAN_POINT('',(-107.1828923191,122.28,86.624324455765));
#3173 = CARTESIAN_POINT('',(-107.1777509418,122.28,86.572245587915));
#3174 = CARTESIAN_POINT('',(-107.1718152484,122.28,86.520250039831));
#3175 = CARTESIAN_POINT('',(-107.1650868973,122.28,86.468352337292));
#3176 = CARTESIAN_POINT('',(-107.1575678792,122.28,86.416566968106));
#3177 = CARTESIAN_POINT('',(-107.1409531561,122.28,86.313249796119));
#3178 = CARTESIAN_POINT('',(-107.1318574488,122.28,86.261717978749));
#3179 = CARTESIAN_POINT('',(-107.1219757195,122.28,86.210327379754));
#3180 = CARTESIAN_POINT('',(-107.1113106202,122.28,86.159092380663));
#3181 = CARTESIAN_POINT('',(-107.0998651302,122.28,86.108027294782));
#3182 = CARTESIAN_POINT('',(-107.0876425567,122.28,86.057146367198));
#3183 = CARTESIAN_POINT('',(-107.0616505127,122.28,85.955781182344));
#3184 = CARTESIAN_POINT('',(-107.0478810385,122.28,85.90529691078));
#3185 = CARTESIAN_POINT('',(-107.0333417477,122.28,85.855025136804));
#3186 = CARTESIAN_POINT('',(-107.0180365957,122.28,85.804979939237));
#3187 = CARTESIAN_POINT('',(-107.0019698584,122.28,85.755175298996));
#3188 = CARTESIAN_POINT('',(-106.9851461316,122.28,85.705625099094));
#3189 = CARTESIAN_POINT('',(-106.9499945309,122.28,85.607061150187));
#3190 = CARTESIAN_POINT('',(-106.9316666522,122.28,85.558047387283));
#3191 = CARTESIAN_POINT('',(-106.9125916115,122.28,85.509315620851));
#3192 = CARTESIAN_POINT('',(-106.8927746352,122.28,85.46087950905));
#3193 = CARTESIAN_POINT('',(-106.8722212594,122.28,85.412752583274));
#3194 = CARTESIAN_POINT('',(-106.8509373304,122.28,85.364948248151));
#3195 = CARTESIAN_POINT('',(-106.8069206771,122.28,85.270011314938));
#3196 = CARTESIAN_POINT('',(-106.7841879468,122.28,85.222878703461));
#3197 = CARTESIAN_POINT('',(-106.760736969,122.28,85.176095224743));
#3198 = CARTESIAN_POINT('',(-106.7365741972,122.28,85.129674001851));
#3199 = CARTESIAN_POINT('',(-106.7117063816,122.28,85.083628003287));
#3200 = CARTESIAN_POINT('',(-106.6861405693,122.28,85.03797004299));
#3201 = CARTESIAN_POINT('',(-106.6336276399,122.28,84.947455517678));
#3202 = CARTESIAN_POINT('',(-106.6066805153,122.28,84.902598939899));
#3203 = CARTESIAN_POINT('',(-106.5790500754,122.28,84.858155706093));
#3204 = CARTESIAN_POINT('',(-106.5507439465,122.28,84.814138294288));
#3205 = CARTESIAN_POINT('',(-106.5217700363,122.28,84.770559001443));
#3206 = CARTESIAN_POINT('',(-106.4921365342,122.28,84.727429943451));
#3207 = CARTESIAN_POINT('',(-106.4315672877,122.28,84.64209616682));
#3208 = CARTESIAN_POINT('',(-106.4006315349,122.28,84.599891436146));
#3209 = CARTESIAN_POINT('',(-106.3690531238,122.28,84.558160797618));
#3210 = CARTESIAN_POINT('',(-106.3368407897,122.28,84.516915979681));
#3211 = CARTESIAN_POINT('',(-106.3040035315,122.28,84.476168504727));
#3212 = CARTESIAN_POINT('',(-106.2705506122,122.28,84.435929689095));
#3213 = CARTESIAN_POINT('',(-106.2024325046,122.28,84.356491597033));
#3214 = CARTESIAN_POINT('',(-106.1677673068,122.28,84.317292309402));
#3215 = CARTESIAN_POINT('',(-106.1325054919,122.28,84.278623890091));
#3216 = CARTESIAN_POINT('',(-106.0966568311,122.28,84.240497219703));
#3217 = CARTESIAN_POINT('',(-106.0602313393,122.28,84.202922949527));
#3218 = CARTESIAN_POINT('',(-106.0232392751,122.28,84.165911501535));
#3219 = CARTESIAN_POINT('',(-105.9481430075,122.28,84.093034635231));
#3220 = CARTESIAN_POINT('',(-105.9100387934,122.28,84.057169206642));
#3221 = CARTESIAN_POINT('',(-105.8713890023,122.28,84.021886974874));
#3222 = CARTESIAN_POINT('',(-105.8322043589,122.28,83.987197881529));
#3223 = CARTESIAN_POINT('',(-105.7924958101,122.28,83.953111617553));
#3224 = CARTESIAN_POINT('',(-105.7522745247,122.28,83.919637623237));
#3225 = CARTESIAN_POINT('',(-105.4096798486,122.28,83.643253135931));
#3226 = CARTESIAN_POINT('',(-105.080143462,122.28,83.433778725092));
#3227 = CARTESIAN_POINT('',(-104.7277510036,122.28,83.262313208071));
#3228 = CARTESIAN_POINT('',(-104.3577942832,122.28,83.131687954494));
#3229 = CARTESIAN_POINT('',(-103.9758647832,122.28,83.043877219085));
#3230 = CARTESIAN_POINT('',(-103.5878589216,122.28,83.));
#3231 = CARTESIAN_POINT('',(-103.2,122.28,83.));
#3232 = PCURVE('',#2508,#3233);
#3233 = DEFINITIONAL_REPRESENTATION('',(#3234),#3609);
#3234 = B_SPLINE_CURVE_WITH_KNOTS('',7,(#3235,#3236,#3237,#3238,#3239,
    #3240,#3241,#3242,#3243,#3244,#3245,#3246,#3247,#3248,#3249,#3250,
    #3251,#3252,#3253,#3254,#3255,#3256,#3257,#3258,#3259,#3260,#3261,
    #3262,#3263,#3264,#3265,#3266,#3267,#3268,#3269,#3270,#3271,#3272,
    #3273,#3274,#3275,#3276,#3277,#3278,#3279,#3280,#3281,#3282,#3283,
    #3284,#3285,#3286,#3287,#3288,#3289,#3290,#3291,#3292,#3293,#3294,
    #3295,#3296,#3297,#3298,#3299,#3300,#3301,#3302,#3303,#3304,#3305,
    #3306,#3307,#3308,#3309,#3310,#3311,#3312,#3313,#3314,#3315,#3316,
    #3317,#3318,#3319,#3320,#3321,#3322,#3323,#3324,#3325,#3326,#3327,
    #3328,#3329,#3330,#3331,#3332,#3333,#3334,#3335,#3336,#3337,#3338,
    #3339,#3340,#3341,#3342,#3343,#3344,#3345,#3346,#3347,#3348,#3349,
    #3350,#3351,#3352,#3353,#3354,#3355,#3356,#3357,#3358,#3359,#3360,
    #3361,#3362,#3363,#3364,#3365,#3366,#3367,#3368,#3369,#3370,#3371,
    #3372,#3373,#3374,#3375,#3376,#3377,#3378,#3379,#3380,#3381,#3382,
    #3383,#3384,#3385,#3386,#3387,#3388,#3389,#3390,#3391,#3392,#3393,
    #3394,#3395,#3396,#3397,#3398,#3399,#3400,#3401,#3402,#3403,#3404,
    #3405,#3406,#3407,#3408,#3409,#3410,#3411,#3412,#3413,#3414,#3415,
    #3416,#3417,#3418,#3419,#3420,#3421,#3422,#3423,#3424,#3425,#3426,
    #3427,#3428,#3429,#3430,#3431,#3432,#3433,#3434,#3435,#3436,#3437,
    #3438,#3439,#3440,#3441,#3442,#3443,#3444,#3445,#3446,#3447,#3448,
    #3449,#3450,#3451,#3452,#3453,#3454,#3455,#3456,#3457,#3458,#3459,
    #3460,#3461,#3462,#3463,#3464,#3465,#3466,#3467,#3468,#3469,#3470,
    #3471,#3472,#3473,#3474,#3475,#3476,#3477,#3478,#3479,#3480,#3481,
    #3482,#3483,#3484,#3485,#3486,#3487,#3488,#3489,#3490,#3491,#3492,
    #3493,#3494,#3495,#3496,#3497,#3498,#3499,#3500,#3501,#3502,#3503,
    #3504,#3505,#3506,#3507,#3508,#3509,#3510,#3511,#3512,#3513,#3514,
    #3515,#3516,#3517,#3518,#3519,#3520,#3521,#3522,#3523,#3524,#3525,
    #3526,#3527,#3528,#3529,#3530,#3531,#3532,#3533,#3534,#3535,#3536,
    #3537,#3538,#3539,#3540,#3541,#3542,#3543,#3544,#3545,#3546,#3547,
    #3548,#3549,#3550,#3551,#3552,#3553,#3554,#3555,#3556,#3557,#3558,
    #3559,#3560,#3561,#3562,#3563,#3564,#3565,#3566,#3567,#3568,#3569,
    #3570,#3571,#3572,#3573,#3574,#3575,#3576,#3577,#3578,#3579,#3580,
    #3581,#3582,#3583,#3584,#3585,#3586,#3587,#3588,#3589,#3590,#3591,
    #3592,#3593,#3594,#3595,#3596,#3597,#3598,#3599,#3600,#3601,#3602,
    #3603,#3604,#3605,#3606,#3607,#3608),.UNSPECIFIED.,.F.,.F.,(8,6,6,6,
    6,6,6,6,6,6,6,6,6,6,6,6,6,6,6,6,6,6,6,6,6,6,6,6,6,6,6,6,6,6,6,6,6,6,
    6,6,6,6,6,6,6,6,6,6,6,6,6,6,6,6,6,6,6,6,6,6,6,6,8),(0.,
    1.909547297472E-02,3.366853470431E-02,4.824159643391E-02,
    6.281465816351E-02,7.738771989312E-02,9.196078162274E-02,
    0.106031324062,0.120604385792,0.135177447522,0.149750509251,
    0.164323570981,0.17889663271,0.19346969444,0.20804275617,
    0.222615817899,0.237188879629,0.251761941358,0.266335003088,
    0.280908064817,0.295481126547,0.310054188277,0.324627250006,
    0.339200311736,0.353773373465,0.368346435195,0.382919496924,
    0.397492558654,0.412065620384,0.426638682113,0.441211743843,
    0.455784805572,0.470357867302,0.484930929032,0.499503990761,
    0.514077052491,0.52865011422,0.54322317595,0.55779623768,
    0.572369299409,0.586942361139,0.601515422868,0.616088484598,
    0.630159027038,0.644732088767,0.659305150497,0.673878212227,
    0.688451273956,0.703024335686,0.717597397416,0.732170459145,
    0.746743520875,0.760814063314,0.775387125044,0.789960186774,
    0.804533248503,0.819106310233,0.833679371963,0.848252433692,
    0.862825495422,0.877398557151,0.891971618881,1.),.UNSPECIFIED.);
#3235 = CARTESIAN_POINT('',(-3.552713678801E-15,-2.4));
#3236 = CARTESIAN_POINT('',(-1.714107974815E-02,-2.4));
#3237 = CARTESIAN_POINT('',(-3.428116886435E-02,-2.4));
#3238 = CARTESIAN_POINT('',(-5.142089188801E-02,-2.4));
#3239 = CARTESIAN_POINT('',(-6.856063933299E-02,-2.4));
#3240 = CARTESIAN_POINT('',(-8.57005676876E-02,-2.4));
#3241 = CARTESIAN_POINT('',(-0.102840599415,-2.4));
#3242 = CARTESIAN_POINT('',(-0.13306099481,-2.4));
#3243 = CARTESIAN_POINT('',(-0.146141567237,-2.4));
#3244 = CARTESIAN_POINT('',(-0.159222140005,-2.4));
#3245 = CARTESIAN_POINT('',(-0.172302712886,-2.4));
#3246 = CARTESIAN_POINT('',(-0.185383285654,-2.4));
#3247 = CARTESIAN_POINT('',(-0.198463858081,-2.4));
#3248 = CARTESIAN_POINT('',(-0.2246250018,-2.4));
#3249 = CARTESIAN_POINT('',(-0.237705574227,-2.4));
#3250 = CARTESIAN_POINT('',(-0.250786146994,-2.4));
#3251 = CARTESIAN_POINT('',(-0.263866719875,-2.4));
#3252 = CARTESIAN_POINT('',(-0.276947292643,-2.4));
#3253 = CARTESIAN_POINT('',(-0.29002786507,-2.4));
#3254 = CARTESIAN_POINT('',(-0.316189008789,-2.4));
#3255 = CARTESIAN_POINT('',(-0.329269581216,-2.4));
#3256 = CARTESIAN_POINT('',(-0.342350153983,-2.4));
#3257 = CARTESIAN_POINT('',(-0.355430726864,-2.4));
#3258 = CARTESIAN_POINT('',(-0.368511299632,-2.4));
#3259 = CARTESIAN_POINT('',(-0.381591872059,-2.4));
#3260 = CARTESIAN_POINT('',(-0.407753015778,-2.4));
#3261 = CARTESIAN_POINT('',(-0.420833588205,-2.4));
#3262 = CARTESIAN_POINT('',(-0.433914160972,-2.4));
#3263 = CARTESIAN_POINT('',(-0.446994733853,-2.4));
#3264 = CARTESIAN_POINT('',(-0.460075306621,-2.4));
#3265 = CARTESIAN_POINT('',(-0.473155879048,-2.4));
#3266 = CARTESIAN_POINT('',(-0.499317022767,-2.4));
#3267 = CARTESIAN_POINT('',(-0.512397595194,-2.4));
#3268 = CARTESIAN_POINT('',(-0.525478167961,-2.4));
#3269 = CARTESIAN_POINT('',(-0.538558740842,-2.4));
#3270 = CARTESIAN_POINT('',(-0.55163931361,-2.4));
#3271 = CARTESIAN_POINT('',(-0.564719886037,-2.4));
#3272 = CARTESIAN_POINT('',(-0.590429975625,-2.4));
#3273 = CARTESIAN_POINT('',(-0.603059493831,-2.4));
#3274 = CARTESIAN_POINT('',(-0.615689012322,-2.4));
#3275 = CARTESIAN_POINT('',(-0.628318530909,-2.4));
#3276 = CARTESIAN_POINT('',(-0.6409480494,-2.4));
#3277 = CARTESIAN_POINT('',(-0.653577567605,-2.4));
#3278 = CARTESIAN_POINT('',(-0.679287657193,-2.4));
#3279 = CARTESIAN_POINT('',(-0.69236822962,-2.4));
#3280 = CARTESIAN_POINT('',(-0.705448802388,-2.4));
#3281 = CARTESIAN_POINT('',(-0.718529375269,-2.4));
#3282 = CARTESIAN_POINT('',(-0.731609948037,-2.4));
#3283 = CARTESIAN_POINT('',(-0.744690520464,-2.4));
#3284 = CARTESIAN_POINT('',(-0.770851664182,-2.4));
#3285 = CARTESIAN_POINT('',(-0.783932236609,-2.4));
#3286 = CARTESIAN_POINT('',(-0.797012809377,-2.4));
#3287 = CARTESIAN_POINT('',(-0.810093382258,-2.4));
#3288 = CARTESIAN_POINT('',(-0.823173955026,-2.4));
#3289 = CARTESIAN_POINT('',(-0.836254527453,-2.4));
#3290 = CARTESIAN_POINT('',(-0.862415671172,-2.4));
#3291 = CARTESIAN_POINT('',(-0.875496243599,-2.4));
#3292 = CARTESIAN_POINT('',(-0.888576816366,-2.4));
#3293 = CARTESIAN_POINT('',(-0.901657389247,-2.4));
#3294 = CARTESIAN_POINT('',(-0.914737962015,-2.4));
#3295 = CARTESIAN_POINT('',(-0.927818534442,-2.4));
#3296 = CARTESIAN_POINT('',(-0.953979678161,-2.4));
#3297 = CARTESIAN_POINT('',(-0.967060250588,-2.4));
#3298 = CARTESIAN_POINT('',(-0.980140823355,-2.4));
#3299 = CARTESIAN_POINT('',(-0.993221396236,-2.4));
#3300 = CARTESIAN_POINT('',(-1.006301969004,-2.4));
#3301 = CARTESIAN_POINT('',(-1.019382541431,-2.4));
#3302 = CARTESIAN_POINT('',(-1.04554368515,-2.4));
#3303 = CARTESIAN_POINT('',(-1.058624257577,-2.4));
#3304 = CARTESIAN_POINT('',(-1.071704830344,-2.4));
#3305 = CARTESIAN_POINT('',(-1.084785403225,-2.4));
#3306 = CARTESIAN_POINT('',(-1.097865975993,-2.4));
#3307 = CARTESIAN_POINT('',(-1.11094654842,-2.4));
#3308 = CARTESIAN_POINT('',(-1.137107692139,-2.4));
#3309 = CARTESIAN_POINT('',(-1.150188264566,-2.4));
#3310 = CARTESIAN_POINT('',(-1.163268837333,-2.4));
#3311 = CARTESIAN_POINT('',(-1.176349410214,-2.4));
#3312 = CARTESIAN_POINT('',(-1.189429982982,-2.4));
#3313 = CARTESIAN_POINT('',(-1.202510555409,-2.4));
#3314 = CARTESIAN_POINT('',(-1.228671699128,-2.4));
#3315 = CARTESIAN_POINT('',(-1.241752271555,-2.4));
#3316 = CARTESIAN_POINT('',(-1.254832844322,-2.4));
#3317 = CARTESIAN_POINT('',(-1.267913417204,-2.4));
#3318 = CARTESIAN_POINT('',(-1.280993989971,-2.4));
#3319 = CARTESIAN_POINT('',(-1.294074562398,-2.4));
#3320 = CARTESIAN_POINT('',(-1.320235706117,-2.4));
#3321 = CARTESIAN_POINT('',(-1.333316278544,-2.4));
#3322 = CARTESIAN_POINT('',(-1.346396851311,-2.4));
#3323 = CARTESIAN_POINT('',(-1.359477424193,-2.4));
#3324 = CARTESIAN_POINT('',(-1.37255799696,-2.4));
#3325 = CARTESIAN_POINT('',(-1.385638569387,-2.4));
#3326 = CARTESIAN_POINT('',(-1.411799713106,-2.4));
#3327 = CARTESIAN_POINT('',(-1.424880285533,-2.4));
#3328 = CARTESIAN_POINT('',(-1.4379608583,-2.4));
#3329 = CARTESIAN_POINT('',(-1.451041431182,-2.4));
#3330 = CARTESIAN_POINT('',(-1.464122003949,-2.4));
#3331 = CARTESIAN_POINT('',(-1.477202576376,-2.4));
#3332 = CARTESIAN_POINT('',(-1.503363720095,-2.4));
#3333 = CARTESIAN_POINT('',(-1.516444292522,-2.4));
#3334 = CARTESIAN_POINT('',(-1.529524865289,-2.4));
#3335 = CARTESIAN_POINT('',(-1.542605438171,-2.4));
#3336 = CARTESIAN_POINT('',(-1.555686010938,-2.4));
#3337 = CARTESIAN_POINT('',(-1.568766583365,-2.4));
#3338 = CARTESIAN_POINT('',(-1.594927727084,-2.4));
#3339 = CARTESIAN_POINT('',(-1.608008299511,-2.4));
#3340 = CARTESIAN_POINT('',(-1.621088872279,-2.4));
#3341 = CARTESIAN_POINT('',(-1.63416944516,-2.4));
#3342 = CARTESIAN_POINT('',(-1.647250017927,-2.4));
#3343 = CARTESIAN_POINT('',(-1.660330590354,-2.4));
#3344 = CARTESIAN_POINT('',(-1.686491734073,-2.4));
#3345 = CARTESIAN_POINT('',(-1.6995723065,-2.4));
#3346 = CARTESIAN_POINT('',(-1.712652879268,-2.4));
#3347 = CARTESIAN_POINT('',(-1.725733452149,-2.4));
#3348 = CARTESIAN_POINT('',(-1.738814024916,-2.4));
#3349 = CARTESIAN_POINT('',(-1.751894597343,-2.4));
#3350 = CARTESIAN_POINT('',(-1.778055741062,-2.4));
#3351 = CARTESIAN_POINT('',(-1.791136313489,-2.4));
#3352 = CARTESIAN_POINT('',(-1.804216886257,-2.4));
#3353 = CARTESIAN_POINT('',(-1.817297459138,-2.4));
#3354 = CARTESIAN_POINT('',(-1.830378031905,-2.4));
#3355 = CARTESIAN_POINT('',(-1.843458604332,-2.4));
#3356 = CARTESIAN_POINT('',(-1.869619748051,-2.4));
#3357 = CARTESIAN_POINT('',(-1.882700320478,-2.4));
#3358 = CARTESIAN_POINT('',(-1.895780893246,-2.4));
#3359 = CARTESIAN_POINT('',(-1.908861466127,-2.4));
#3360 = CARTESIAN_POINT('',(-1.921942038894,-2.4));
#3361 = CARTESIAN_POINT('',(-1.935022611321,-2.4));
#3362 = CARTESIAN_POINT('',(-1.96118375504,-2.4));
#3363 = CARTESIAN_POINT('',(-1.974264327467,-2.4));
#3364 = CARTESIAN_POINT('',(-1.987344900235,-2.4));
#3365 = CARTESIAN_POINT('',(-2.000425473116,-2.4));
#3366 = CARTESIAN_POINT('',(-2.013506045884,-2.4));
#3367 = CARTESIAN_POINT('',(-2.026586618311,-2.4));
#3368 = CARTESIAN_POINT('',(-2.052747762029,-2.4));
#3369 = CARTESIAN_POINT('',(-2.065828334456,-2.4));
#3370 = CARTESIAN_POINT('',(-2.078908907224,-2.4));
#3371 = CARTESIAN_POINT('',(-2.091989480105,-2.4));
#3372 = CARTESIAN_POINT('',(-2.105070052873,-2.4));
#3373 = CARTESIAN_POINT('',(-2.1181506253,-2.4));
#3374 = CARTESIAN_POINT('',(-2.144311769018,-2.4));
#3375 = CARTESIAN_POINT('',(-2.157392341445,-2.4));
#3376 = CARTESIAN_POINT('',(-2.170472914213,-2.4));
#3377 = CARTESIAN_POINT('',(-2.183553487094,-2.4));
#3378 = CARTESIAN_POINT('',(-2.196634059862,-2.4));
#3379 = CARTESIAN_POINT('',(-2.209714632289,-2.4));
#3380 = CARTESIAN_POINT('',(-2.235875776007,-2.4));
#3381 = CARTESIAN_POINT('',(-2.248956348434,-2.4));
#3382 = CARTESIAN_POINT('',(-2.262036921202,-2.4));
#3383 = CARTESIAN_POINT('',(-2.275117494083,-2.4));
#3384 = CARTESIAN_POINT('',(-2.288198066851,-2.4));
#3385 = CARTESIAN_POINT('',(-2.301278639278,-2.4));
#3386 = CARTESIAN_POINT('',(-2.327439782996,-2.4));
#3387 = CARTESIAN_POINT('',(-2.340520355423,-2.4));
#3388 = CARTESIAN_POINT('',(-2.353600928191,-2.4));
#3389 = CARTESIAN_POINT('',(-2.366681501072,-2.4));
#3390 = CARTESIAN_POINT('',(-2.37976207384,-2.4));
#3391 = CARTESIAN_POINT('',(-2.392842646267,-2.4));
#3392 = CARTESIAN_POINT('',(-2.419003789985,-2.4));
#3393 = CARTESIAN_POINT('',(-2.432084362412,-2.4));
#3394 = CARTESIAN_POINT('',(-2.44516493518,-2.4));
#3395 = CARTESIAN_POINT('',(-2.458245508061,-2.4));
#3396 = CARTESIAN_POINT('',(-2.471326080829,-2.4));
#3397 = CARTESIAN_POINT('',(-2.484406653256,-2.4));
#3398 = CARTESIAN_POINT('',(-2.510567796974,-2.4));
#3399 = CARTESIAN_POINT('',(-2.523648369401,-2.4));
#3400 = CARTESIAN_POINT('',(-2.536728942169,-2.4));
#3401 = CARTESIAN_POINT('',(-2.54980951505,-2.4));
#3402 = CARTESIAN_POINT('',(-2.562890087818,-2.4));
#3403 = CARTESIAN_POINT('',(-2.575970660245,-2.4));
#3404 = CARTESIAN_POINT('',(-2.602131803963,-2.4));
#3405 = CARTESIAN_POINT('',(-2.61521237639,-2.4));
#3406 = CARTESIAN_POINT('',(-2.628292949158,-2.4));
#3407 = CARTESIAN_POINT('',(-2.641373522039,-2.4));
#3408 = CARTESIAN_POINT('',(-2.654454094807,-2.4));
#3409 = CARTESIAN_POINT('',(-2.667534667234,-2.4));
#3410 = CARTESIAN_POINT('',(-2.693695810952,-2.4));
#3411 = CARTESIAN_POINT('',(-2.706776383379,-2.4));
#3412 = CARTESIAN_POINT('',(-2.719856956147,-2.4));
#3413 = CARTESIAN_POINT('',(-2.732937529028,-2.4));
#3414 = CARTESIAN_POINT('',(-2.746018101796,-2.4));
#3415 = CARTESIAN_POINT('',(-2.759098674223,-2.4));
#3416 = CARTESIAN_POINT('',(-2.785259817942,-2.4));
#3417 = CARTESIAN_POINT('',(-2.798340390369,-2.4));
#3418 = CARTESIAN_POINT('',(-2.811420963136,-2.4));
#3419 = CARTESIAN_POINT('',(-2.824501536017,-2.4));
#3420 = CARTESIAN_POINT('',(-2.837582108785,-2.4));
#3421 = CARTESIAN_POINT('',(-2.850662681212,-2.4));
#3422 = CARTESIAN_POINT('',(-2.876823824931,-2.4));
#3423 = CARTESIAN_POINT('',(-2.889904397358,-2.4));
#3424 = CARTESIAN_POINT('',(-2.902984970125,-2.4));
#3425 = CARTESIAN_POINT('',(-2.916065543006,-2.4));
#3426 = CARTESIAN_POINT('',(-2.929146115774,-2.4));
#3427 = CARTESIAN_POINT('',(-2.942226688201,-2.4));
#3428 = CARTESIAN_POINT('',(-2.96838783192,-2.4));
#3429 = CARTESIAN_POINT('',(-2.981468404347,-2.4));
#3430 = CARTESIAN_POINT('',(-2.994548977114,-2.4));
#3431 = CARTESIAN_POINT('',(-3.007629549995,-2.4));
#3432 = CARTESIAN_POINT('',(-3.020710122763,-2.4));
#3433 = CARTESIAN_POINT('',(-3.03379069519,-2.4));
#3434 = CARTESIAN_POINT('',(-3.059951838909,-2.4));
#3435 = CARTESIAN_POINT('',(-3.073032411336,-2.4));
#3436 = CARTESIAN_POINT('',(-3.086112984103,-2.4));
#3437 = CARTESIAN_POINT('',(-3.099193556985,-2.4));
#3438 = CARTESIAN_POINT('',(-3.112274129752,-2.4));
#3439 = CARTESIAN_POINT('',(-3.125354702179,-2.4));
#3440 = CARTESIAN_POINT('',(-3.151515845898,-2.4));
#3441 = CARTESIAN_POINT('',(-3.164596418325,-2.4));
#3442 = CARTESIAN_POINT('',(-3.177676991092,-2.4));
#3443 = CARTESIAN_POINT('',(-3.190757563974,-2.4));
#3444 = CARTESIAN_POINT('',(-3.203838136741,-2.4));
#3445 = CARTESIAN_POINT('',(-3.216918709168,-2.4));
#3446 = CARTESIAN_POINT('',(-3.243079852887,-2.4));
#3447 = CARTESIAN_POINT('',(-3.256160425314,-2.4));
#3448 = CARTESIAN_POINT('',(-3.269240998081,-2.4));
#3449 = CARTESIAN_POINT('',(-3.282321570963,-2.4));
#3450 = CARTESIAN_POINT('',(-3.29540214373,-2.4));
#3451 = CARTESIAN_POINT('',(-3.308482716157,-2.4));
#3452 = CARTESIAN_POINT('',(-3.334643859876,-2.4));
#3453 = CARTESIAN_POINT('',(-3.347724432303,-2.4));
#3454 = CARTESIAN_POINT('',(-3.360805005071,-2.4));
#3455 = CARTESIAN_POINT('',(-3.373885577952,-2.4));
#3456 = CARTESIAN_POINT('',(-3.386966150719,-2.4));
#3457 = CARTESIAN_POINT('',(-3.400046723146,-2.4));
#3458 = CARTESIAN_POINT('',(-3.426207866865,-2.4));
#3459 = CARTESIAN_POINT('',(-3.439288439292,-2.4));
#3460 = CARTESIAN_POINT('',(-3.45236901206,-2.4));
#3461 = CARTESIAN_POINT('',(-3.465449584941,-2.4));
#3462 = CARTESIAN_POINT('',(-3.478530157708,-2.4));
#3463 = CARTESIAN_POINT('',(-3.491610730135,-2.4));
#3464 = CARTESIAN_POINT('',(-3.517771873854,-2.4));
#3465 = CARTESIAN_POINT('',(-3.530852446281,-2.4));
#3466 = CARTESIAN_POINT('',(-3.543933019049,-2.4));
#3467 = CARTESIAN_POINT('',(-3.55701359193,-2.4));
#3468 = CARTESIAN_POINT('',(-3.570094164697,-2.4));
#3469 = CARTESIAN_POINT('',(-3.583174737124,-2.4));
#3470 = CARTESIAN_POINT('',(-3.609335880843,-2.4));
#3471 = CARTESIAN_POINT('',(-3.62241645327,-2.4));
#3472 = CARTESIAN_POINT('',(-3.635497026038,-2.4));
#3473 = CARTESIAN_POINT('',(-3.648577598919,-2.4));
#3474 = CARTESIAN_POINT('',(-3.661658171686,-2.4));
#3475 = CARTESIAN_POINT('',(-3.674738744113,-2.4));
#3476 = CARTESIAN_POINT('',(-3.700899887832,-2.4));
#3477 = CARTESIAN_POINT('',(-3.713980460259,-2.4));
#3478 = CARTESIAN_POINT('',(-3.727061033027,-2.4));
#3479 = CARTESIAN_POINT('',(-3.740141605908,-2.4));
#3480 = CARTESIAN_POINT('',(-3.753222178676,-2.4));
#3481 = CARTESIAN_POINT('',(-3.766302751103,-2.4));
#3482 = CARTESIAN_POINT('',(-3.792463894821,-2.4));
#3483 = CARTESIAN_POINT('',(-3.805544467248,-2.4));
#3484 = CARTESIAN_POINT('',(-3.818625040016,-2.4));
#3485 = CARTESIAN_POINT('',(-3.831705612897,-2.4));
#3486 = CARTESIAN_POINT('',(-3.844786185665,-2.4));
#3487 = CARTESIAN_POINT('',(-3.857866758092,-2.4));
#3488 = CARTESIAN_POINT('',(-3.88357684768,-2.4));
#3489 = CARTESIAN_POINT('',(-3.896206365885,-2.4));
#3490 = CARTESIAN_POINT('',(-3.908835884377,-2.4));
#3491 = CARTESIAN_POINT('',(-3.921465402963,-2.4));
#3492 = CARTESIAN_POINT('',(-3.934094921454,-2.4));
#3493 = CARTESIAN_POINT('',(-3.94672443966,-2.4));
#3494 = CARTESIAN_POINT('',(-3.972434529248,-2.4));
#3495 = CARTESIAN_POINT('',(-3.985515101675,-2.4));
#3496 = CARTESIAN_POINT('',(-3.998595674443,-2.4));
#3497 = CARTESIAN_POINT('',(-4.011676247324,-2.4));
#3498 = CARTESIAN_POINT('',(-4.024756820091,-2.4));
#3499 = CARTESIAN_POINT('',(-4.037837392518,-2.4));
#3500 = CARTESIAN_POINT('',(-4.063998536237,-2.4));
#3501 = CARTESIAN_POINT('',(-4.077079108664,-2.4));
#3502 = CARTESIAN_POINT('',(-4.090159681432,-2.4));
#3503 = CARTESIAN_POINT('',(-4.103240254313,-2.4));
#3504 = CARTESIAN_POINT('',(-4.11632082708,-2.4));
#3505 = CARTESIAN_POINT('',(-4.129401399507,-2.4));
#3506 = CARTESIAN_POINT('',(-4.155562543226,-2.4));
#3507 = CARTESIAN_POINT('',(-4.168643115653,-2.4));
#3508 = CARTESIAN_POINT('',(-4.181723688421,-2.4));
#3509 = CARTESIAN_POINT('',(-4.194804261302,-2.4));
#3510 = CARTESIAN_POINT('',(-4.207884834069,-2.4));
#3511 = CARTESIAN_POINT('',(-4.220965406496,-2.4));
#3512 = CARTESIAN_POINT('',(-4.247126550215,-2.4));
#3513 = CARTESIAN_POINT('',(-4.260207122642,-2.4));
#3514 = CARTESIAN_POINT('',(-4.27328769541,-2.4));
#3515 = CARTESIAN_POINT('',(-4.286368268291,-2.4));
#3516 = CARTESIAN_POINT('',(-4.299448841059,-2.4));
#3517 = CARTESIAN_POINT('',(-4.312529413486,-2.4));
#3518 = CARTESIAN_POINT('',(-4.338690557204,-2.4));
#3519 = CARTESIAN_POINT('',(-4.351771129631,-2.4));
#3520 = CARTESIAN_POINT('',(-4.364851702399,-2.4));
#3521 = CARTESIAN_POINT('',(-4.37793227528,-2.4));
#3522 = CARTESIAN_POINT('',(-4.391012848048,-2.4));
#3523 = CARTESIAN_POINT('',(-4.404093420475,-2.4));
#3524 = CARTESIAN_POINT('',(-4.430254564193,-2.4));
#3525 = CARTESIAN_POINT('',(-4.44333513662,-2.4));
#3526 = CARTESIAN_POINT('',(-4.456415709388,-2.4));
#3527 = CARTESIAN_POINT('',(-4.469496282269,-2.4));
#3528 = CARTESIAN_POINT('',(-4.482576855037,-2.4));
#3529 = CARTESIAN_POINT('',(-4.495657427464,-2.4));
#3530 = CARTESIAN_POINT('',(-4.521818571182,-2.4));
#3531 = CARTESIAN_POINT('',(-4.534899143609,-2.4));
#3532 = CARTESIAN_POINT('',(-4.547979716377,-2.4));
#3533 = CARTESIAN_POINT('',(-4.561060289258,-2.4));
#3534 = CARTESIAN_POINT('',(-4.574140862026,-2.4));
#3535 = CARTESIAN_POINT('',(-4.587221434453,-2.4));
#3536 = CARTESIAN_POINT('',(-4.613382578171,-2.4));
#3537 = CARTESIAN_POINT('',(-4.626463150598,-2.4));
#3538 = CARTESIAN_POINT('',(-4.639543723366,-2.4));
#3539 = CARTESIAN_POINT('',(-4.652624296247,-2.4));
#3540 = CARTESIAN_POINT('',(-4.665704869015,-2.4));
#3541 = CARTESIAN_POINT('',(-4.678785441442,-2.4));
#3542 = CARTESIAN_POINT('',(-4.70449553103,-2.4));
#3543 = CARTESIAN_POINT('',(-4.717125049235,-2.4));
#3544 = CARTESIAN_POINT('',(-4.729754567727,-2.4));
#3545 = CARTESIAN_POINT('',(-4.742384086313,-2.4));
#3546 = CARTESIAN_POINT('',(-4.755013604804,-2.4));
#3547 = CARTESIAN_POINT('',(-4.76764312301,-2.4));
#3548 = CARTESIAN_POINT('',(-4.793353212598,-2.4));
#3549 = CARTESIAN_POINT('',(-4.806433785025,-2.4));
#3550 = CARTESIAN_POINT('',(-4.819514357793,-2.4));
#3551 = CARTESIAN_POINT('',(-4.832594930674,-2.4));
#3552 = CARTESIAN_POINT('',(-4.845675503441,-2.4));
#3553 = CARTESIAN_POINT('',(-4.858756075868,-2.4));
#3554 = CARTESIAN_POINT('',(-4.884917219587,-2.4));
#3555 = CARTESIAN_POINT('',(-4.897997792014,-2.4));
#3556 = CARTESIAN_POINT('',(-4.911078364782,-2.4));
#3557 = CARTESIAN_POINT('',(-4.924158937663,-2.4));
#3558 = CARTESIAN_POINT('',(-4.937239510431,-2.4));
#3559 = CARTESIAN_POINT('',(-4.950320082858,-2.4));
#3560 = CARTESIAN_POINT('',(-4.976481226576,-2.4));
#3561 = CARTESIAN_POINT('',(-4.989561799003,-2.4));
#3562 = CARTESIAN_POINT('',(-5.002642371771,-2.4));
#3563 = CARTESIAN_POINT('',(-5.015722944652,-2.4));
#3564 = CARTESIAN_POINT('',(-5.02880351742,-2.4));
#3565 = CARTESIAN_POINT('',(-5.041884089847,-2.4));
#3566 = CARTESIAN_POINT('',(-5.068045233565,-2.4));
#3567 = CARTESIAN_POINT('',(-5.081125805992,-2.4));
#3568 = CARTESIAN_POINT('',(-5.09420637876,-2.4));
#3569 = CARTESIAN_POINT('',(-5.107286951641,-2.4));
#3570 = CARTESIAN_POINT('',(-5.120367524409,-2.4));
#3571 = CARTESIAN_POINT('',(-5.133448096836,-2.4));
#3572 = CARTESIAN_POINT('',(-5.159609240554,-2.4));
#3573 = CARTESIAN_POINT('',(-5.172689812981,-2.4));
#3574 = CARTESIAN_POINT('',(-5.185770385749,-2.4));
#3575 = CARTESIAN_POINT('',(-5.19885095863,-2.4));
#3576 = CARTESIAN_POINT('',(-5.211931531398,-2.4));
#3577 = CARTESIAN_POINT('',(-5.225012103825,-2.4));
#3578 = CARTESIAN_POINT('',(-5.251173247543,-2.4));
#3579 = CARTESIAN_POINT('',(-5.26425381997,-2.4));
#3580 = CARTESIAN_POINT('',(-5.277334392738,-2.4));
#3581 = CARTESIAN_POINT('',(-5.290414965619,-2.4));
#3582 = CARTESIAN_POINT('',(-5.303495538387,-2.4));
#3583 = CARTESIAN_POINT('',(-5.316576110814,-2.4));
#3584 = CARTESIAN_POINT('',(-5.342737254532,-2.4));
#3585 = CARTESIAN_POINT('',(-5.355817826959,-2.4));
#3586 = CARTESIAN_POINT('',(-5.368898399727,-2.4));
#3587 = CARTESIAN_POINT('',(-5.381978972608,-2.4));
#3588 = CARTESIAN_POINT('',(-5.395059545376,-2.4));
#3589 = CARTESIAN_POINT('',(-5.408140117803,-2.4));
#3590 = CARTESIAN_POINT('',(-5.434301261521,-2.4));
#3591 = CARTESIAN_POINT('',(-5.447381833948,-2.4));
#3592 = CARTESIAN_POINT('',(-5.460462406716,-2.4));
#3593 = CARTESIAN_POINT('',(-5.473542979597,-2.4));
#3594 = CARTESIAN_POINT('',(-5.486623552365,-2.4));
#3595 = CARTESIAN_POINT('',(-5.499704124792,-2.4));
#3596 = CARTESIAN_POINT('',(-5.52586526851,-2.4));
#3597 = CARTESIAN_POINT('',(-5.538945840937,-2.4));
#3598 = CARTESIAN_POINT('',(-5.552026413705,-2.4));
#3599 = CARTESIAN_POINT('',(-5.565106986586,-2.4));
#3600 = CARTESIAN_POINT('',(-5.578187559354,-2.4));
#3601 = CARTESIAN_POINT('',(-5.591268131781,-2.4));
#3602 = CARTESIAN_POINT('',(-5.701313434064,-2.4));
#3603 = CARTESIAN_POINT('',(-5.798314918454,-2.4));
#3604 = CARTESIAN_POINT('',(-5.895286309896,-2.4));
#3605 = CARTESIAN_POINT('',(-5.992247700924,-2.4));
#3606 = CARTESIAN_POINT('',(-6.089219092365,-2.4));
#3607 = CARTESIAN_POINT('',(-6.186220576755,-2.4));
#3608 = CARTESIAN_POINT('',(-6.28318530718,-2.4));
#3609 = ( GEOMETRIC_REPRESENTATION_CONTEXT(2) 
PARAMETRIC_REPRESENTATION_CONTEXT() REPRESENTATION_CONTEXT('2D SPACE',''
  ) );
#3610 = PCURVE('',#3611,#3616);
#3611 = CYLINDRICAL_SURFACE('',#3612,4.);
#3612 = AXIS2_PLACEMENT_3D('',#3613,#3614,#3615);
#3613 = CARTESIAN_POINT('',(-103.2,123.71374761723,87.));
#3614 = DIRECTION('',(-0.,1.,-0.));
#3615 = DIRECTION('',(0.,0.,-1.));
#3616 = DEFINITIONAL_REPRESENTATION('',(#3617),#3992);
#3617 = B_SPLINE_CURVE_WITH_KNOTS('',7,(#3618,#3619,#3620,#3621,#3622,
    #3623,#3624,#3625,#3626,#3627,#3628,#3629,#3630,#3631,#3632,#3633,
    #3634,#3635,#3636,#3637,#3638,#3639,#3640,#3641,#3642,#3643,#3644,
    #3645,#3646,#3647,#3648,#3649,#3650,#3651,#3652,#3653,#3654,#3655,
    #3656,#3657,#3658,#3659,#3660,#3661,#3662,#3663,#3664,#3665,#3666,
    #3667,#3668,#3669,#3670,#3671,#3672,#3673,#3674,#3675,#3676,#3677,
    #3678,#3679,#3680,#3681,#3682,#3683,#3684,#3685,#3686,#3687,#3688,
    #3689,#3690,#3691,#3692,#3693,#3694,#3695,#3696,#3697,#3698,#3699,
    #3700,#3701,#3702,#3703,#3704,#3705,#3706,#3707,#3708,#3709,#3710,
    #3711,#3712,#3713,#3714,#3715,#3716,#3717,#3718,#3719,#3720,#3721,
    #3722,#3723,#3724,#3725,#3726,#3727,#3728,#3729,#3730,#3731,#3732,
    #3733,#3734,#3735,#3736,#3737,#3738,#3739,#3740,#3741,#3742,#3743,
    #3744,#3745,#3746,#3747,#3748,#3749,#3750,#3751,#3752,#3753,#3754,
    #3755,#3756,#3757,#3758,#3759,#3760,#3761,#3762,#3763,#3764,#3765,
    #3766,#3767,#3768,#3769,#3770,#3771,#3772,#3773,#3774,#3775,#3776,
    #3777,#3778,#3779,#3780,#3781,#3782,#3783,#3784,#3785,#3786,#3787,
    #3788,#3789,#3790,#3791,#3792,#3793,#3794,#3795,#3796,#3797,#3798,
    #3799,#3800,#3801,#3802,#3803,#3804,#3805,#3806,#3807,#3808,#3809,
    #3810,#3811,#3812,#3813,#3814,#3815,#3816,#3817,#3818,#3819,#3820,
    #3821,#3822,#3823,#3824,#3825,#3826,#3827,#3828,#3829,#3830,#3831,
    #3832,#3833,#3834,#3835,#3836,#3837,#3838,#3839,#3840,#3841,#3842,
    #3843,#3844,#3845,#3846,#3847,#3848,#3849,#3850,#3851,#3852,#3853,
    #3854,#3855,#3856,#3857,#3858,#3859,#3860,#3861,#3862,#3863,#3864,
    #3865,#3866,#3867,#3868,#3869,#3870,#3871,#3872,#3873,#3874,#3875,
    #3876,#3877,#3878,#3879,#3880,#3881,#3882,#3883,#3884,#3885,#3886,
    #3887,#3888,#3889,#3890,#3891,#3892,#3893,#3894,#3895,#3896,#3897,
    #3898,#3899,#3900,#3901,#3902,#3903,#3904,#3905,#3906,#3907,#3908,
    #3909,#3910,#3911,#3912,#3913,#3914,#3915,#3916,#3917,#3918,#3919,
    #3920,#3921,#3922,#3923,#3924,#3925,#3926,#3927,#3928,#3929,#3930,
    #3931,#3932,#3933,#3934,#3935,#3936,#3937,#3938,#3939,#3940,#3941,
    #3942,#3943,#3944,#3945,#3946,#3947,#3948,#3949,#3950,#3951,#3952,
    #3953,#3954,#3955,#3956,#3957,#3958,#3959,#3960,#3961,#3962,#3963,
    #3964,#3965,#3966,#3967,#3968,#3969,#3970,#3971,#3972,#3973,#3974,
    #3975,#3976,#3977,#3978,#3979,#3980,#3981,#3982,#3983,#3984,#3985,
    #3986,#3987,#3988,#3989,#3990,#3991),.UNSPECIFIED.,.F.,.F.,(8,6,6,6,
    6,6,6,6,6,6,6,6,6,6,6,6,6,6,6,6,6,6,6,6,6,6,6,6,6,6,6,6,6,6,6,6,6,6,
    6,6,6,6,6,6,6,6,6,6,6,6,6,6,6,6,6,6,6,6,6,6,6,6,8),(0.,
    1.909547297472E-02,3.366853470431E-02,4.824159643391E-02,
    6.281465816351E-02,7.738771989312E-02,9.196078162274E-02,
    0.106031324062,0.120604385792,0.135177447522,0.149750509251,
    0.164323570981,0.17889663271,0.19346969444,0.20804275617,
    0.222615817899,0.237188879629,0.251761941358,0.266335003088,
    0.280908064817,0.295481126547,0.310054188277,0.324627250006,
    0.339200311736,0.353773373465,0.368346435195,0.382919496924,
    0.397492558654,0.412065620384,0.426638682113,0.441211743843,
    0.455784805572,0.470357867302,0.484930929032,0.499503990761,
    0.514077052491,0.52865011422,0.54322317595,0.55779623768,
    0.572369299409,0.586942361139,0.601515422868,0.616088484598,
    0.630159027038,0.644732088767,0.659305150497,0.673878212227,
    0.688451273956,0.703024335686,0.717597397416,0.732170459145,
    0.746743520875,0.760814063314,0.775387125044,0.789960186774,
    0.804533248503,0.819106310233,0.833679371963,0.848252433692,
    0.862825495422,0.877398557151,0.891971618881,1.),.UNSPECIFIED.);
#3618 = CARTESIAN_POINT('',(0.,-1.433747617233));
#3619 = CARTESIAN_POINT('',(-1.714107974815E-02,-1.433747617233));
#3620 = CARTESIAN_POINT('',(-3.428116886434E-02,-1.433747617233));
#3621 = CARTESIAN_POINT('',(-5.1420891888E-02,-1.433747617233));
#3622 = CARTESIAN_POINT('',(-6.856063933299E-02,-1.433747617233));
#3623 = CARTESIAN_POINT('',(-8.57005676876E-02,-1.433747617233));
#3624 = CARTESIAN_POINT('',(-0.102840599415,-1.433747617233));
#3625 = CARTESIAN_POINT('',(-0.13306099481,-1.433747617233));
#3626 = CARTESIAN_POINT('',(-0.146141567237,-1.433747617233));
#3627 = CARTESIAN_POINT('',(-0.159222140005,-1.433747617233));
#3628 = CARTESIAN_POINT('',(-0.172302712886,-1.433747617233));
#3629 = CARTESIAN_POINT('',(-0.185383285654,-1.433747617233));
#3630 = CARTESIAN_POINT('',(-0.198463858081,-1.433747617233));
#3631 = CARTESIAN_POINT('',(-0.2246250018,-1.433747617233));
#3632 = CARTESIAN_POINT('',(-0.237705574227,-1.433747617233));
#3633 = CARTESIAN_POINT('',(-0.250786146994,-1.433747617233));
#3634 = CARTESIAN_POINT('',(-0.263866719875,-1.433747617233));
#3635 = CARTESIAN_POINT('',(-0.276947292643,-1.433747617233));
#3636 = CARTESIAN_POINT('',(-0.29002786507,-1.433747617233));
#3637 = CARTESIAN_POINT('',(-0.316189008789,-1.433747617233));
#3638 = CARTESIAN_POINT('',(-0.329269581216,-1.433747617233));
#3639 = CARTESIAN_POINT('',(-0.342350153983,-1.433747617233));
#3640 = CARTESIAN_POINT('',(-0.355430726864,-1.433747617233));
#3641 = CARTESIAN_POINT('',(-0.368511299632,-1.433747617233));
#3642 = CARTESIAN_POINT('',(-0.381591872059,-1.433747617233));
#3643 = CARTESIAN_POINT('',(-0.407753015778,-1.433747617233));
#3644 = CARTESIAN_POINT('',(-0.420833588205,-1.433747617233));
#3645 = CARTESIAN_POINT('',(-0.433914160972,-1.433747617233));
#3646 = CARTESIAN_POINT('',(-0.446994733853,-1.433747617233));
#3647 = CARTESIAN_POINT('',(-0.460075306621,-1.433747617233));
#3648 = CARTESIAN_POINT('',(-0.473155879048,-1.433747617233));
#3649 = CARTESIAN_POINT('',(-0.499317022767,-1.433747617233));
#3650 = CARTESIAN_POINT('',(-0.512397595194,-1.433747617233));
#3651 = CARTESIAN_POINT('',(-0.525478167961,-1.433747617233));
#3652 = CARTESIAN_POINT('',(-0.538558740842,-1.433747617233));
#3653 = CARTESIAN_POINT('',(-0.55163931361,-1.433747617233));
#3654 = CARTESIAN_POINT('',(-0.564719886037,-1.433747617233));
#3655 = CARTESIAN_POINT('',(-0.590429975625,-1.433747617233));
#3656 = CARTESIAN_POINT('',(-0.603059493831,-1.433747617233));
#3657 = CARTESIAN_POINT('',(-0.615689012322,-1.433747617233));
#3658 = CARTESIAN_POINT('',(-0.628318530909,-1.433747617233));
#3659 = CARTESIAN_POINT('',(-0.6409480494,-1.433747617233));
#3660 = CARTESIAN_POINT('',(-0.653577567605,-1.433747617233));
#3661 = CARTESIAN_POINT('',(-0.679287657193,-1.433747617233));
#3662 = CARTESIAN_POINT('',(-0.69236822962,-1.433747617233));
#3663 = CARTESIAN_POINT('',(-0.705448802388,-1.433747617233));
#3664 = CARTESIAN_POINT('',(-0.718529375269,-1.433747617233));
#3665 = CARTESIAN_POINT('',(-0.731609948037,-1.433747617233));
#3666 = CARTESIAN_POINT('',(-0.744690520464,-1.433747617233));
#3667 = CARTESIAN_POINT('',(-0.770851664182,-1.433747617233));
#3668 = CARTESIAN_POINT('',(-0.783932236609,-1.433747617233));
#3669 = CARTESIAN_POINT('',(-0.797012809377,-1.433747617233));
#3670 = CARTESIAN_POINT('',(-0.810093382258,-1.433747617233));
#3671 = CARTESIAN_POINT('',(-0.823173955026,-1.433747617233));
#3672 = CARTESIAN_POINT('',(-0.836254527453,-1.433747617233));
#3673 = CARTESIAN_POINT('',(-0.862415671172,-1.433747617233));
#3674 = CARTESIAN_POINT('',(-0.875496243599,-1.433747617233));
#3675 = CARTESIAN_POINT('',(-0.888576816366,-1.433747617233));
#3676 = CARTESIAN_POINT('',(-0.901657389247,-1.433747617233));
#3677 = CARTESIAN_POINT('',(-0.914737962015,-1.433747617233));
#3678 = CARTESIAN_POINT('',(-0.927818534442,-1.433747617233));
#3679 = CARTESIAN_POINT('',(-0.953979678161,-1.433747617233));
#3680 = CARTESIAN_POINT('',(-0.967060250588,-1.433747617233));
#3681 = CARTESIAN_POINT('',(-0.980140823355,-1.433747617233));
#3682 = CARTESIAN_POINT('',(-0.993221396236,-1.433747617233));
#3683 = CARTESIAN_POINT('',(-1.006301969004,-1.433747617233));
#3684 = CARTESIAN_POINT('',(-1.019382541431,-1.433747617233));
#3685 = CARTESIAN_POINT('',(-1.04554368515,-1.433747617233));
#3686 = CARTESIAN_POINT('',(-1.058624257577,-1.433747617233));
#3687 = CARTESIAN_POINT('',(-1.071704830344,-1.433747617233));
#3688 = CARTESIAN_POINT('',(-1.084785403225,-1.433747617233));
#3689 = CARTESIAN_POINT('',(-1.097865975993,-1.433747617233));
#3690 = CARTESIAN_POINT('',(-1.11094654842,-1.433747617233));
#3691 = CARTESIAN_POINT('',(-1.137107692139,-1.433747617233));
#3692 = CARTESIAN_POINT('',(-1.150188264566,-1.433747617233));
#3693 = CARTESIAN_POINT('',(-1.163268837333,-1.433747617233));
#3694 = CARTESIAN_POINT('',(-1.176349410214,-1.433747617233));
#3695 = CARTESIAN_POINT('',(-1.189429982982,-1.433747617233));
#3696 = CARTESIAN_POINT('',(-1.202510555409,-1.433747617233));
#3697 = CARTESIAN_POINT('',(-1.228671699128,-1.433747617233));
#3698 = CARTESIAN_POINT('',(-1.241752271555,-1.433747617233));
#3699 = CARTESIAN_POINT('',(-1.254832844322,-1.433747617233));
#3700 = CARTESIAN_POINT('',(-1.267913417204,-1.433747617233));
#3701 = CARTESIAN_POINT('',(-1.280993989971,-1.433747617233));
#3702 = CARTESIAN_POINT('',(-1.294074562398,-1.433747617233));
#3703 = CARTESIAN_POINT('',(-1.320235706117,-1.433747617233));
#3704 = CARTESIAN_POINT('',(-1.333316278544,-1.433747617233));
#3705 = CARTESIAN_POINT('',(-1.346396851311,-1.433747617233));
#3706 = CARTESIAN_POINT('',(-1.359477424193,-1.433747617233));
#3707 = CARTESIAN_POINT('',(-1.37255799696,-1.433747617233));
#3708 = CARTESIAN_POINT('',(-1.385638569387,-1.433747617233));
#3709 = CARTESIAN_POINT('',(-1.411799713106,-1.433747617233));
#3710 = CARTESIAN_POINT('',(-1.424880285533,-1.433747617233));
#3711 = CARTESIAN_POINT('',(-1.4379608583,-1.433747617233));
#3712 = CARTESIAN_POINT('',(-1.451041431182,-1.433747617233));
#3713 = CARTESIAN_POINT('',(-1.464122003949,-1.433747617233));
#3714 = CARTESIAN_POINT('',(-1.477202576376,-1.433747617233));
#3715 = CARTESIAN_POINT('',(-1.503363720095,-1.433747617233));
#3716 = CARTESIAN_POINT('',(-1.516444292522,-1.433747617233));
#3717 = CARTESIAN_POINT('',(-1.529524865289,-1.433747617233));
#3718 = CARTESIAN_POINT('',(-1.542605438171,-1.433747617233));
#3719 = CARTESIAN_POINT('',(-1.555686010938,-1.433747617233));
#3720 = CARTESIAN_POINT('',(-1.568766583365,-1.433747617233));
#3721 = CARTESIAN_POINT('',(-1.594927727084,-1.433747617233));
#3722 = CARTESIAN_POINT('',(-1.608008299511,-1.433747617233));
#3723 = CARTESIAN_POINT('',(-1.621088872279,-1.433747617233));
#3724 = CARTESIAN_POINT('',(-1.63416944516,-1.433747617233));
#3725 = CARTESIAN_POINT('',(-1.647250017927,-1.433747617233));
#3726 = CARTESIAN_POINT('',(-1.660330590354,-1.433747617233));
#3727 = CARTESIAN_POINT('',(-1.686491734073,-1.433747617233));
#3728 = CARTESIAN_POINT('',(-1.6995723065,-1.433747617233));
#3729 = CARTESIAN_POINT('',(-1.712652879268,-1.433747617233));
#3730 = CARTESIAN_POINT('',(-1.725733452149,-1.433747617233));
#3731 = CARTESIAN_POINT('',(-1.738814024916,-1.433747617233));
#3732 = CARTESIAN_POINT('',(-1.751894597343,-1.433747617233));
#3733 = CARTESIAN_POINT('',(-1.778055741062,-1.433747617233));
#3734 = CARTESIAN_POINT('',(-1.791136313489,-1.433747617233));
#3735 = CARTESIAN_POINT('',(-1.804216886257,-1.433747617233));
#3736 = CARTESIAN_POINT('',(-1.817297459138,-1.433747617233));
#3737 = CARTESIAN_POINT('',(-1.830378031905,-1.433747617233));
#3738 = CARTESIAN_POINT('',(-1.843458604332,-1.433747617233));
#3739 = CARTESIAN_POINT('',(-1.869619748051,-1.433747617233));
#3740 = CARTESIAN_POINT('',(-1.882700320478,-1.433747617233));
#3741 = CARTESIAN_POINT('',(-1.895780893246,-1.433747617233));
#3742 = CARTESIAN_POINT('',(-1.908861466127,-1.433747617233));
#3743 = CARTESIAN_POINT('',(-1.921942038894,-1.433747617233));
#3744 = CARTESIAN_POINT('',(-1.935022611321,-1.433747617233));
#3745 = CARTESIAN_POINT('',(-1.96118375504,-1.433747617233));
#3746 = CARTESIAN_POINT('',(-1.974264327467,-1.433747617233));
#3747 = CARTESIAN_POINT('',(-1.987344900235,-1.433747617233));
#3748 = CARTESIAN_POINT('',(-2.000425473116,-1.433747617233));
#3749 = CARTESIAN_POINT('',(-2.013506045884,-1.433747617233));
#3750 = CARTESIAN_POINT('',(-2.026586618311,-1.433747617233));
#3751 = CARTESIAN_POINT('',(-2.052747762029,-1.433747617233));
#3752 = CARTESIAN_POINT('',(-2.065828334456,-1.433747617233));
#3753 = CARTESIAN_POINT('',(-2.078908907224,-1.433747617233));
#3754 = CARTESIAN_POINT('',(-2.091989480105,-1.433747617233));
#3755 = CARTESIAN_POINT('',(-2.105070052873,-1.433747617233));
#3756 = CARTESIAN_POINT('',(-2.1181506253,-1.433747617233));
#3757 = CARTESIAN_POINT('',(-2.144311769018,-1.433747617233));
#3758 = CARTESIAN_POINT('',(-2.157392341445,-1.433747617233));
#3759 = CARTESIAN_POINT('',(-2.170472914213,-1.433747617233));
#3760 = CARTESIAN_POINT('',(-2.183553487094,-1.433747617233));
#3761 = CARTESIAN_POINT('',(-2.196634059862,-1.433747617233));
#3762 = CARTESIAN_POINT('',(-2.209714632289,-1.433747617233));
#3763 = CARTESIAN_POINT('',(-2.235875776007,-1.433747617233));
#3764 = CARTESIAN_POINT('',(-2.248956348434,-1.433747617233));
#3765 = CARTESIAN_POINT('',(-2.262036921202,-1.433747617233));
#3766 = CARTESIAN_POINT('',(-2.275117494083,-1.433747617233));
#3767 = CARTESIAN_POINT('',(-2.288198066851,-1.433747617233));
#3768 = CARTESIAN_POINT('',(-2.301278639278,-1.433747617233));
#3769 = CARTESIAN_POINT('',(-2.327439782996,-1.433747617233));
#3770 = CARTESIAN_POINT('',(-2.340520355423,-1.433747617233));
#3771 = CARTESIAN_POINT('',(-2.353600928191,-1.433747617233));
#3772 = CARTESIAN_POINT('',(-2.366681501072,-1.433747617233));
#3773 = CARTESIAN_POINT('',(-2.37976207384,-1.433747617233));
#3774 = CARTESIAN_POINT('',(-2.392842646267,-1.433747617233));
#3775 = CARTESIAN_POINT('',(-2.419003789985,-1.433747617233));
#3776 = CARTESIAN_POINT('',(-2.432084362412,-1.433747617233));
#3777 = CARTESIAN_POINT('',(-2.44516493518,-1.433747617233));
#3778 = CARTESIAN_POINT('',(-2.458245508061,-1.433747617233));
#3779 = CARTESIAN_POINT('',(-2.471326080829,-1.433747617233));
#3780 = CARTESIAN_POINT('',(-2.484406653256,-1.433747617233));
#3781 = CARTESIAN_POINT('',(-2.510567796974,-1.433747617233));
#3782 = CARTESIAN_POINT('',(-2.523648369401,-1.433747617233));
#3783 = CARTESIAN_POINT('',(-2.536728942169,-1.433747617233));
#3784 = CARTESIAN_POINT('',(-2.54980951505,-1.433747617233));
#3785 = CARTESIAN_POINT('',(-2.562890087818,-1.433747617233));
#3786 = CARTESIAN_POINT('',(-2.575970660245,-1.433747617233));
#3787 = CARTESIAN_POINT('',(-2.602131803963,-1.433747617233));
#3788 = CARTESIAN_POINT('',(-2.61521237639,-1.433747617233));
#3789 = CARTESIAN_POINT('',(-2.628292949158,-1.433747617233));
#3790 = CARTESIAN_POINT('',(-2.641373522039,-1.433747617233));
#3791 = CARTESIAN_POINT('',(-2.654454094807,-1.433747617233));
#3792 = CARTESIAN_POINT('',(-2.667534667234,-1.433747617233));
#3793 = CARTESIAN_POINT('',(-2.693695810952,-1.433747617233));
#3794 = CARTESIAN_POINT('',(-2.706776383379,-1.433747617233));
#3795 = CARTESIAN_POINT('',(-2.719856956147,-1.433747617233));
#3796 = CARTESIAN_POINT('',(-2.732937529028,-1.433747617233));
#3797 = CARTESIAN_POINT('',(-2.746018101796,-1.433747617233));
#3798 = CARTESIAN_POINT('',(-2.759098674223,-1.433747617233));
#3799 = CARTESIAN_POINT('',(-2.785259817942,-1.433747617233));
#3800 = CARTESIAN_POINT('',(-2.798340390369,-1.433747617233));
#3801 = CARTESIAN_POINT('',(-2.811420963136,-1.433747617233));
#3802 = CARTESIAN_POINT('',(-2.824501536017,-1.433747617233));
#3803 = CARTESIAN_POINT('',(-2.837582108785,-1.433747617233));
#3804 = CARTESIAN_POINT('',(-2.850662681212,-1.433747617233));
#3805 = CARTESIAN_POINT('',(-2.876823824931,-1.433747617233));
#3806 = CARTESIAN_POINT('',(-2.889904397358,-1.433747617233));
#3807 = CARTESIAN_POINT('',(-2.902984970125,-1.433747617233));
#3808 = CARTESIAN_POINT('',(-2.916065543006,-1.433747617233));
#3809 = CARTESIAN_POINT('',(-2.929146115774,-1.433747617233));
#3810 = CARTESIAN_POINT('',(-2.942226688201,-1.433747617233));
#3811 = CARTESIAN_POINT('',(-2.96838783192,-1.433747617233));
#3812 = CARTESIAN_POINT('',(-2.981468404347,-1.433747617233));
#3813 = CARTESIAN_POINT('',(-2.994548977114,-1.433747617233));
#3814 = CARTESIAN_POINT('',(-3.007629549995,-1.433747617233));
#3815 = CARTESIAN_POINT('',(-3.020710122763,-1.433747617233));
#3816 = CARTESIAN_POINT('',(-3.03379069519,-1.433747617233));
#3817 = CARTESIAN_POINT('',(-3.059951838909,-1.433747617233));
#3818 = CARTESIAN_POINT('',(-3.073032411336,-1.433747617233));
#3819 = CARTESIAN_POINT('',(-3.086112984103,-1.433747617233));
#3820 = CARTESIAN_POINT('',(-3.099193556985,-1.433747617233));
#3821 = CARTESIAN_POINT('',(-3.112274129752,-1.433747617233));
#3822 = CARTESIAN_POINT('',(-3.125354702179,-1.433747617233));
#3823 = CARTESIAN_POINT('',(-3.151515845898,-1.433747617233));
#3824 = CARTESIAN_POINT('',(-3.164596418325,-1.433747617233));
#3825 = CARTESIAN_POINT('',(-3.177676991092,-1.433747617233));
#3826 = CARTESIAN_POINT('',(-3.190757563974,-1.433747617233));
#3827 = CARTESIAN_POINT('',(-3.203838136741,-1.433747617233));
#3828 = CARTESIAN_POINT('',(-3.216918709168,-1.433747617233));
#3829 = CARTESIAN_POINT('',(-3.243079852887,-1.433747617233));
#3830 = CARTESIAN_POINT('',(-3.256160425314,-1.433747617233));
#3831 = CARTESIAN_POINT('',(-3.269240998081,-1.433747617233));
#3832 = CARTESIAN_POINT('',(-3.282321570963,-1.433747617233));
#3833 = CARTESIAN_POINT('',(-3.29540214373,-1.433747617233));
#3834 = CARTESIAN_POINT('',(-3.308482716157,-1.433747617233));
#3835 = CARTESIAN_POINT('',(-3.334643859876,-1.433747617233));
#3836 = CARTESIAN_POINT('',(-3.347724432303,-1.433747617233));
#3837 = CARTESIAN_POINT('',(-3.360805005071,-1.433747617233));
#3838 = CARTESIAN_POINT('',(-3.373885577952,-1.433747617233));
#3839 = CARTESIAN_POINT('',(-3.386966150719,-1.433747617233));
#3840 = CARTESIAN_POINT('',(-3.400046723146,-1.433747617233));
#3841 = CARTESIAN_POINT('',(-3.426207866865,-1.433747617233));
#3842 = CARTESIAN_POINT('',(-3.439288439292,-1.433747617233));
#3843 = CARTESIAN_POINT('',(-3.45236901206,-1.433747617233));
#3844 = CARTESIAN_POINT('',(-3.465449584941,-1.433747617233));
#3845 = CARTESIAN_POINT('',(-3.478530157708,-1.433747617233));
#3846 = CARTESIAN_POINT('',(-3.491610730135,-1.433747617233));
#3847 = CARTESIAN_POINT('',(-3.517771873854,-1.433747617233));
#3848 = CARTESIAN_POINT('',(-3.530852446281,-1.433747617233));
#3849 = CARTESIAN_POINT('',(-3.543933019049,-1.433747617233));
#3850 = CARTESIAN_POINT('',(-3.55701359193,-1.433747617233));
#3851 = CARTESIAN_POINT('',(-3.570094164697,-1.433747617233));
#3852 = CARTESIAN_POINT('',(-3.583174737124,-1.433747617233));
#3853 = CARTESIAN_POINT('',(-3.609335880843,-1.433747617233));
#3854 = CARTESIAN_POINT('',(-3.62241645327,-1.433747617233));
#3855 = CARTESIAN_POINT('',(-3.635497026038,-1.433747617233));
#3856 = CARTESIAN_POINT('',(-3.648577598919,-1.433747617233));
#3857 = CARTESIAN_POINT('',(-3.661658171686,-1.433747617233));
#3858 = CARTESIAN_POINT('',(-3.674738744113,-1.433747617233));
#3859 = CARTESIAN_POINT('',(-3.700899887832,-1.433747617233));
#3860 = CARTESIAN_POINT('',(-3.713980460259,-1.433747617233));
#3861 = CARTESIAN_POINT('',(-3.727061033027,-1.433747617233));
#3862 = CARTESIAN_POINT('',(-3.740141605908,-1.433747617233));
#3863 = CARTESIAN_POINT('',(-3.753222178676,-1.433747617233));
#3864 = CARTESIAN_POINT('',(-3.766302751103,-1.433747617233));
#3865 = CARTESIAN_POINT('',(-3.792463894821,-1.433747617233));
#3866 = CARTESIAN_POINT('',(-3.805544467248,-1.433747617233));
#3867 = CARTESIAN_POINT('',(-3.818625040016,-1.433747617233));
#3868 = CARTESIAN_POINT('',(-3.831705612897,-1.433747617233));
#3869 = CARTESIAN_POINT('',(-3.844786185665,-1.433747617233));
#3870 = CARTESIAN_POINT('',(-3.857866758092,-1.433747617233));
#3871 = CARTESIAN_POINT('',(-3.88357684768,-1.433747617233));
#3872 = CARTESIAN_POINT('',(-3.896206365885,-1.433747617233));
#3873 = CARTESIAN_POINT('',(-3.908835884377,-1.433747617233));
#3874 = CARTESIAN_POINT('',(-3.921465402963,-1.433747617233));
#3875 = CARTESIAN_POINT('',(-3.934094921454,-1.433747617233));
#3876 = CARTESIAN_POINT('',(-3.94672443966,-1.433747617233));
#3877 = CARTESIAN_POINT('',(-3.972434529248,-1.433747617233));
#3878 = CARTESIAN_POINT('',(-3.985515101675,-1.433747617233));
#3879 = CARTESIAN_POINT('',(-3.998595674443,-1.433747617233));
#3880 = CARTESIAN_POINT('',(-4.011676247324,-1.433747617233));
#3881 = CARTESIAN_POINT('',(-4.024756820091,-1.433747617233));
#3882 = CARTESIAN_POINT('',(-4.037837392518,-1.433747617233));
#3883 = CARTESIAN_POINT('',(-4.063998536237,-1.433747617233));
#3884 = CARTESIAN_POINT('',(-4.077079108664,-1.433747617233));
#3885 = CARTESIAN_POINT('',(-4.090159681432,-1.433747617233));
#3886 = CARTESIAN_POINT('',(-4.103240254313,-1.433747617233));
#3887 = CARTESIAN_POINT('',(-4.11632082708,-1.433747617233));
#3888 = CARTESIAN_POINT('',(-4.129401399507,-1.433747617233));
#3889 = CARTESIAN_POINT('',(-4.155562543226,-1.433747617233));
#3890 = CARTESIAN_POINT('',(-4.168643115653,-1.433747617233));
#3891 = CARTESIAN_POINT('',(-4.181723688421,-1.433747617233));
#3892 = CARTESIAN_POINT('',(-4.194804261302,-1.433747617233));
#3893 = CARTESIAN_POINT('',(-4.207884834069,-1.433747617233));
#3894 = CARTESIAN_POINT('',(-4.220965406496,-1.433747617233));
#3895 = CARTESIAN_POINT('',(-4.247126550215,-1.433747617233));
#3896 = CARTESIAN_POINT('',(-4.260207122642,-1.433747617233));
#3897 = CARTESIAN_POINT('',(-4.27328769541,-1.433747617233));
#3898 = CARTESIAN_POINT('',(-4.286368268291,-1.433747617233));
#3899 = CARTESIAN_POINT('',(-4.299448841059,-1.433747617233));
#3900 = CARTESIAN_POINT('',(-4.312529413486,-1.433747617233));
#3901 = CARTESIAN_POINT('',(-4.338690557204,-1.433747617233));
#3902 = CARTESIAN_POINT('',(-4.351771129631,-1.433747617233));
#3903 = CARTESIAN_POINT('',(-4.364851702399,-1.433747617233));
#3904 = CARTESIAN_POINT('',(-4.37793227528,-1.433747617233));
#3905 = CARTESIAN_POINT('',(-4.391012848048,-1.433747617233));
#3906 = CARTESIAN_POINT('',(-4.404093420475,-1.433747617233));
#3907 = CARTESIAN_POINT('',(-4.430254564193,-1.433747617233));
#3908 = CARTESIAN_POINT('',(-4.44333513662,-1.433747617233));
#3909 = CARTESIAN_POINT('',(-4.456415709388,-1.433747617233));
#3910 = CARTESIAN_POINT('',(-4.469496282269,-1.433747617233));
#3911 = CARTESIAN_POINT('',(-4.482576855037,-1.433747617233));
#3912 = CARTESIAN_POINT('',(-4.495657427464,-1.433747617233));
#3913 = CARTESIAN_POINT('',(-4.521818571182,-1.433747617233));
#3914 = CARTESIAN_POINT('',(-4.534899143609,-1.433747617233));
#3915 = CARTESIAN_POINT('',(-4.547979716377,-1.433747617233));
#3916 = CARTESIAN_POINT('',(-4.561060289258,-1.433747617233));
#3917 = CARTESIAN_POINT('',(-4.574140862026,-1.433747617233));
#3918 = CARTESIAN_POINT('',(-4.587221434453,-1.433747617233));
#3919 = CARTESIAN_POINT('',(-4.613382578171,-1.433747617233));
#3920 = CARTESIAN_POINT('',(-4.626463150598,-1.433747617233));
#3921 = CARTESIAN_POINT('',(-4.639543723366,-1.433747617233));
#3922 = CARTESIAN_POINT('',(-4.652624296247,-1.433747617233));
#3923 = CARTESIAN_POINT('',(-4.665704869015,-1.433747617233));
#3924 = CARTESIAN_POINT('',(-4.678785441442,-1.433747617233));
#3925 = CARTESIAN_POINT('',(-4.70449553103,-1.433747617233));
#3926 = CARTESIAN_POINT('',(-4.717125049235,-1.433747617233));
#3927 = CARTESIAN_POINT('',(-4.729754567727,-1.433747617233));
#3928 = CARTESIAN_POINT('',(-4.742384086313,-1.433747617233));
#3929 = CARTESIAN_POINT('',(-4.755013604804,-1.433747617233));
#3930 = CARTESIAN_POINT('',(-4.76764312301,-1.433747617233));
#3931 = CARTESIAN_POINT('',(-4.793353212598,-1.433747617233));
#3932 = CARTESIAN_POINT('',(-4.806433785025,-1.433747617233));
#3933 = CARTESIAN_POINT('',(-4.819514357793,-1.433747617233));
#3934 = CARTESIAN_POINT('',(-4.832594930674,-1.433747617233));
#3935 = CARTESIAN_POINT('',(-4.845675503441,-1.433747617233));
#3936 = CARTESIAN_POINT('',(-4.858756075868,-1.433747617233));
#3937 = CARTESIAN_POINT('',(-4.884917219587,-1.433747617233));
#3938 = CARTESIAN_POINT('',(-4.897997792014,-1.433747617233));
#3939 = CARTESIAN_POINT('',(-4.911078364782,-1.433747617233));
#3940 = CARTESIAN_POINT('',(-4.924158937663,-1.433747617233));
#3941 = CARTESIAN_POINT('',(-4.937239510431,-1.433747617233));
#3942 = CARTESIAN_POINT('',(-4.950320082858,-1.433747617233));
#3943 = CARTESIAN_POINT('',(-4.976481226576,-1.433747617233));
#3944 = CARTESIAN_POINT('',(-4.989561799003,-1.433747617233));
#3945 = CARTESIAN_POINT('',(-5.002642371771,-1.433747617233));
#3946 = CARTESIAN_POINT('',(-5.015722944652,-1.433747617233));
#3947 = CARTESIAN_POINT('',(-5.02880351742,-1.433747617233));
#3948 = CARTESIAN_POINT('',(-5.041884089847,-1.433747617233));
#3949 = CARTESIAN_POINT('',(-5.068045233565,-1.433747617233));
#3950 = CARTESIAN_POINT('',(-5.081125805992,-1.433747617233));
#3951 = CARTESIAN_POINT('',(-5.09420637876,-1.433747617233));
#3952 = CARTESIAN_POINT('',(-5.107286951641,-1.433747617233));
#3953 = CARTESIAN_POINT('',(-5.120367524409,-1.433747617233));
#3954 = CARTESIAN_POINT('',(-5.133448096836,-1.433747617233));
#3955 = CARTESIAN_POINT('',(-5.159609240554,-1.433747617233));
#3956 = CARTESIAN_POINT('',(-5.172689812981,-1.433747617233));
#3957 = CARTESIAN_POINT('',(-5.185770385749,-1.433747617233));
#3958 = CARTESIAN_POINT('',(-5.19885095863,-1.433747617233));
#3959 = CARTESIAN_POINT('',(-5.211931531398,-1.433747617233));
#3960 = CARTESIAN_POINT('',(-5.225012103825,-1.433747617233));
#3961 = CARTESIAN_POINT('',(-5.251173247543,-1.433747617233));
#3962 = CARTESIAN_POINT('',(-5.26425381997,-1.433747617233));
#3963 = CARTESIAN_POINT('',(-5.277334392738,-1.433747617233));
#3964 = CARTESIAN_POINT('',(-5.290414965619,-1.433747617233));
#3965 = CARTESIAN_POINT('',(-5.303495538387,-1.433747617233));
#3966 = CARTESIAN_POINT('',(-5.316576110814,-1.433747617233));
#3967 = CARTESIAN_POINT('',(-5.342737254532,-1.433747617233));
#3968 = CARTESIAN_POINT('',(-5.355817826959,-1.433747617233));
#3969 = CARTESIAN_POINT('',(-5.368898399727,-1.433747617233));
#3970 = CARTESIAN_POINT('',(-5.381978972608,-1.433747617233));
#3971 = CARTESIAN_POINT('',(-5.395059545376,-1.433747617233));
#3972 = CARTESIAN_POINT('',(-5.408140117803,-1.433747617233));
#3973 = CARTESIAN_POINT('',(-5.434301261521,-1.433747617233));
#3974 = CARTESIAN_POINT('',(-5.447381833948,-1.433747617233));
#3975 = CARTESIAN_POINT('',(-5.460462406716,-1.433747617233));
#3976 = CARTESIAN_POINT('',(-5.473542979597,-1.433747617233));
#3977 = CARTESIAN_POINT('',(-5.486623552365,-1.433747617233));
#3978 = CARTESIAN_POINT('',(-5.499704124792,-1.433747617233));
#3979 = CARTESIAN_POINT('',(-5.52586526851,-1.433747617233));
#3980 = CARTESIAN_POINT('',(-5.538945840937,-1.433747617233));
#3981 = CARTESIAN_POINT('',(-5.552026413705,-1.433747617233));
#3982 = CARTESIAN_POINT('',(-5.565106986586,-1.433747617233));
#3983 = CARTESIAN_POINT('',(-5.578187559354,-1.433747617233));
#3984 = CARTESIAN_POINT('',(-5.591268131781,-1.433747617233));
#3985 = CARTESIAN_POINT('',(-5.701313434064,-1.433747617233));
#3986 = CARTESIAN_POINT('',(-5.798314918454,-1.433747617233));
#3987 = CARTESIAN_POINT('',(-5.895286309896,-1.433747617233));
#3988 = CARTESIAN_POINT('',(-5.992247700924,-1.433747617233));
#3989 = CARTESIAN_POINT('',(-6.089219092365,-1.433747617233));
#3990 = CARTESIAN_POINT('',(-6.186220576755,-1.433747617233));
#3991 = CARTESIAN_POINT('',(-6.28318530718,-1.433747617233));
#3992 = ( GEOMETRIC_REPRESENTATION_CONTEXT(2) 
PARAMETRIC_REPRESENTATION_CONTEXT() REPRESENTATION_CONTEXT('2D SPACE',''
  ) );
#3993 = ORIENTED_EDGE('',*,*,#2834,.F.);
#3994 = ADVANCED_FACE('',(#3995),#2549,.F.);
#3995 = FACE_BOUND('',#3996,.T.);
#3996 = EDGE_LOOP('',(#3997,#3998,#4021,#4048));
#3997 = ORIENTED_EDGE('',*,*,#2528,.T.);
#3998 = ORIENTED_EDGE('',*,*,#3999,.T.);
#3999 = EDGE_CURVE('',#2529,#4000,#4002,.T.);
#4000 = VERTEX_POINT('',#4001);
#4001 = CARTESIAN_POINT('',(-116.575,85.375,56.075));
#4002 = SEAM_CURVE('',#4003,(#4007,#4014),.PCURVE_S1.);
#4003 = LINE('',#4004,#4005);
#4004 = CARTESIAN_POINT('',(-148.425,85.375,56.075));
#4005 = VECTOR('',#4006,1.);
#4006 = DIRECTION('',(1.,-0.,0.));
#4007 = PCURVE('',#2549,#4008);
#4008 = DEFINITIONAL_REPRESENTATION('',(#4009),#4013);
#4009 = LINE('',#4010,#4011);
#4010 = CARTESIAN_POINT('',(-6.28318530718,0.));
#4011 = VECTOR('',#4012,1.);
#4012 = DIRECTION('',(-0.,-1.));
#4013 = ( GEOMETRIC_REPRESENTATION_CONTEXT(2) 
PARAMETRIC_REPRESENTATION_CONTEXT() REPRESENTATION_CONTEXT('2D SPACE',''
  ) );
#4014 = PCURVE('',#2549,#4015);
#4015 = DEFINITIONAL_REPRESENTATION('',(#4016),#4020);
#4016 = LINE('',#4017,#4018);
#4017 = CARTESIAN_POINT('',(-0.,0.));
#4018 = VECTOR('',#4019,1.);
#4019 = DIRECTION('',(-0.,-1.));
#4020 = ( GEOMETRIC_REPRESENTATION_CONTEXT(2) 
PARAMETRIC_REPRESENTATION_CONTEXT() REPRESENTATION_CONTEXT('2D SPACE',''
  ) );
#4021 = ORIENTED_EDGE('',*,*,#4022,.T.);
#4022 = EDGE_CURVE('',#4000,#4000,#4023,.T.);
#4023 = SURFACE_CURVE('',#4024,(#4029,#4036),.PCURVE_S1.);
#4024 = CIRCLE('',#4025,3.5);
#4025 = AXIS2_PLACEMENT_3D('',#4026,#4027,#4028);
#4026 = CARTESIAN_POINT('',(-116.575,85.375,52.575));
#4027 = DIRECTION('',(1.,0.,-0.));
#4028 = DIRECTION('',(0.,0.,1.));
#4029 = PCURVE('',#2549,#4030);
#4030 = DEFINITIONAL_REPRESENTATION('',(#4031),#4035);
#4031 = LINE('',#4032,#4033);
#4032 = CARTESIAN_POINT('',(-0.,-31.85));
#4033 = VECTOR('',#4034,1.);
#4034 = DIRECTION('',(-1.,0.));
#4035 = ( GEOMETRIC_REPRESENTATION_CONTEXT(2) 
PARAMETRIC_REPRESENTATION_CONTEXT() REPRESENTATION_CONTEXT('2D SPACE',''
  ) );
#4036 = PCURVE('',#4037,#4042);
#4037 = PLANE('',#4038);
#4038 = AXIS2_PLACEMENT_3D('',#4039,#4040,#4041);
#4039 = CARTESIAN_POINT('',(-116.575,85.375,52.575));
#4040 = DIRECTION('',(1.,0.,0.));
#4041 = DIRECTION('',(-0.,0.,1.));
#4042 = DEFINITIONAL_REPRESENTATION('',(#4043),#4047);
#4043 = CIRCLE('',#4044,3.5);
#4044 = AXIS2_PLACEMENT_2D('',#4045,#4046);
#4045 = CARTESIAN_POINT('',(0.,0.));
#4046 = DIRECTION('',(1.,0.));
#4047 = ( GEOMETRIC_REPRESENTATION_CONTEXT(2) 
PARAMETRIC_REPRESENTATION_CONTEXT() REPRESENTATION_CONTEXT('2D SPACE',''
  ) );
#4048 = ORIENTED_EDGE('',*,*,#3999,.F.);
#4049 = ADVANCED_FACE('',(#4050),#2587,.F.);
#4050 = FACE_BOUND('',#4051,.F.);
#4051 = EDGE_LOOP('',(#4052,#4075,#4102,#4103));
#4052 = ORIENTED_EDGE('',*,*,#4053,.T.);
#4053 = EDGE_CURVE('',#2571,#4054,#4056,.T.);
#4054 = VERTEX_POINT('',#4055);
#4055 = CARTESIAN_POINT('',(-130.4,84.25,71.2));
#4056 = SEAM_CURVE('',#4057,(#4061,#4068),.PCURVE_S1.);
#4057 = LINE('',#4058,#4059);
#4058 = CARTESIAN_POINT('',(-134.,84.25,71.2));
#4059 = VECTOR('',#4060,1.);
#4060 = DIRECTION('',(1.,-0.,-0.));
#4061 = PCURVE('',#2587,#4062);
#4062 = DEFINITIONAL_REPRESENTATION('',(#4063),#4067);
#4063 = LINE('',#4064,#4065);
#4064 = CARTESIAN_POINT('',(0.,0.));
#4065 = VECTOR('',#4066,1.);
#4066 = DIRECTION('',(0.,-1.));
#4067 = ( GEOMETRIC_REPRESENTATION_CONTEXT(2) 
PARAMETRIC_REPRESENTATION_CONTEXT() REPRESENTATION_CONTEXT('2D SPACE',''
  ) );
#4068 = PCURVE('',#2587,#4069);
#4069 = DEFINITIONAL_REPRESENTATION('',(#4070),#4074);
#4070 = LINE('',#4071,#4072);
#4071 = CARTESIAN_POINT('',(6.28318530718,0.));
#4072 = VECTOR('',#4073,1.);
#4073 = DIRECTION('',(0.,-1.));
#4074 = ( GEOMETRIC_REPRESENTATION_CONTEXT(2) 
PARAMETRIC_REPRESENTATION_CONTEXT() REPRESENTATION_CONTEXT('2D SPACE',''
  ) );
#4075 = ORIENTED_EDGE('',*,*,#4076,.T.);
#4076 = EDGE_CURVE('',#4054,#4054,#4077,.T.);
#4077 = SURFACE_CURVE('',#4078,(#4083,#4090),.PCURVE_S1.);
#4078 = CIRCLE('',#4079,6.4);
#4079 = AXIS2_PLACEMENT_3D('',#4080,#4081,#4082);
#4080 = CARTESIAN_POINT('',(-130.4,84.25,77.6));
#4081 = DIRECTION('',(-1.,0.,0.));
#4082 = DIRECTION('',(0.,0.,-1.));
#4083 = PCURVE('',#2587,#4084);
#4084 = DEFINITIONAL_REPRESENTATION('',(#4085),#4089);
#4085 = LINE('',#4086,#4087);
#4086 = CARTESIAN_POINT('',(0.,-3.6));
#4087 = VECTOR('',#4088,1.);
#4088 = DIRECTION('',(1.,0.));
#4089 = ( GEOMETRIC_REPRESENTATION_CONTEXT(2) 
PARAMETRIC_REPRESENTATION_CONTEXT() REPRESENTATION_CONTEXT('2D SPACE',''
  ) );
#4090 = PCURVE('',#4091,#4096);
#4091 = PLANE('',#4092);
#4092 = AXIS2_PLACEMENT_3D('',#4093,#4094,#4095);
#4093 = CARTESIAN_POINT('',(-130.4,84.25,77.6));
#4094 = DIRECTION('',(-1.,-0.,-0.));
#4095 = DIRECTION('',(0.,0.,-1.));
#4096 = DEFINITIONAL_REPRESENTATION('',(#4097),#4101);
#4097 = CIRCLE('',#4098,6.4);
#4098 = AXIS2_PLACEMENT_2D('',#4099,#4100);
#4099 = CARTESIAN_POINT('',(0.,1.42108547152E-14));
#4100 = DIRECTION('',(1.,0.));
#4101 = ( GEOMETRIC_REPRESENTATION_CONTEXT(2) 
PARAMETRIC_REPRESENTATION_CONTEXT() REPRESENTATION_CONTEXT('2D SPACE',''
  ) );
#4102 = ORIENTED_EDGE('',*,*,#4053,.F.);
#4103 = ORIENTED_EDGE('',*,*,#2570,.F.);
#4104 = ADVANCED_FACE('',(#4105,#4108),#2654,.T.);
#4105 = FACE_BOUND('',#4106,.T.);
#4106 = EDGE_LOOP('',(#4107));
#4107 = ORIENTED_EDGE('',*,*,#2639,.T.);
#4108 = FACE_BOUND('',#4109,.T.);
#4109 = EDGE_LOOP('',(#4110));
#4110 = ORIENTED_EDGE('',*,*,#4111,.F.);
#4111 = EDGE_CURVE('',#4112,#4112,#4114,.T.);
#4112 = VERTEX_POINT('',#4113);
#4113 = CARTESIAN_POINT('',(138.,43.375,-69.75));
#4114 = SURFACE_CURVE('',#4115,(#4120,#4127),.PCURVE_S1.);
#4115 = CIRCLE('',#4116,29.);
#4116 = AXIS2_PLACEMENT_3D('',#4117,#4118,#4119);
#4117 = CARTESIAN_POINT('',(138.,14.375,-69.75));
#4118 = DIRECTION('',(1.,-0.,0.));
#4119 = DIRECTION('',(0.,1.,-2.476837423129E-16));
#4120 = PCURVE('',#2654,#4121);
#4121 = DEFINITIONAL_REPRESENTATION('',(#4122),#4126);
#4122 = CIRCLE('',#4123,29.);
#4123 = AXIS2_PLACEMENT_2D('',#4124,#4125);
#4124 = CARTESIAN_POINT('',(-1.42108547152E-14,-7.105427357601E-15));
#4125 = DIRECTION('',(-2.476837423129E-16,-1.));
#4126 = ( GEOMETRIC_REPRESENTATION_CONTEXT(2) 
PARAMETRIC_REPRESENTATION_CONTEXT() REPRESENTATION_CONTEXT('2D SPACE',''
  ) );
#4127 = PCURVE('',#4128,#4133);
#4128 = CYLINDRICAL_SURFACE('',#4129,29.);
#4129 = AXIS2_PLACEMENT_3D('',#4130,#4131,#4132);
#4130 = CARTESIAN_POINT('',(150.,14.375,-69.75));
#4131 = DIRECTION('',(1.,-0.,0.));
#4132 = DIRECTION('',(0.,1.,-2.476837423129E-16));
#4133 = DEFINITIONAL_REPRESENTATION('',(#4134),#4138);
#4134 = LINE('',#4135,#4136);
#4135 = CARTESIAN_POINT('',(0.,-12.));
#4136 = VECTOR('',#4137,1.);
#4137 = DIRECTION('',(1.,0.));
#4138 = ( GEOMETRIC_REPRESENTATION_CONTEXT(2) 
PARAMETRIC_REPRESENTATION_CONTEXT() REPRESENTATION_CONTEXT('2D SPACE',''
  ) );
#4139 = ADVANCED_FACE('',(#4140,#4143),#2709,.F.);
#4140 = FACE_BOUND('',#4141,.F.);
#4141 = EDGE_LOOP('',(#4142));
#4142 = ORIENTED_EDGE('',*,*,#2694,.T.);
#4143 = FACE_BOUND('',#4144,.F.);
#4144 = EDGE_LOOP('',(#4145));
#4145 = ORIENTED_EDGE('',*,*,#2749,.T.);
#4146 = ADVANCED_FACE('',(#4147),#2817,.F.);
#4147 = FACE_BOUND('',#4148,.T.);
#4148 = EDGE_LOOP('',(#4149,#4150,#4173,#4200));
#4149 = ORIENTED_EDGE('',*,*,#2802,.T.);
#4150 = ORIENTED_EDGE('',*,*,#4151,.T.);
#4151 = EDGE_CURVE('',#2782,#4152,#4154,.T.);
#4152 = VERTEX_POINT('',#4153);
#4153 = CARTESIAN_POINT('',(-118.8,86.913747617232,83.));
#4154 = SEAM_CURVE('',#4155,(#4159,#4166),.PCURVE_S1.);
#4155 = LINE('',#4156,#4157);
#4156 = CARTESIAN_POINT('',(-118.8,123.71374761723,83.));
#4157 = VECTOR('',#4158,1.);
#4158 = DIRECTION('',(0.,-1.,0.));
#4159 = PCURVE('',#2817,#4160);
#4160 = DEFINITIONAL_REPRESENTATION('',(#4161),#4165);
#4161 = LINE('',#4162,#4163);
#4162 = CARTESIAN_POINT('',(-6.28318530718,0.));
#4163 = VECTOR('',#4164,1.);
#4164 = DIRECTION('',(-0.,-1.));
#4165 = ( GEOMETRIC_REPRESENTATION_CONTEXT(2) 
PARAMETRIC_REPRESENTATION_CONTEXT() REPRESENTATION_CONTEXT('2D SPACE',''
  ) );
#4166 = PCURVE('',#2817,#4167);
#4167 = DEFINITIONAL_REPRESENTATION('',(#4168),#4172);
#4168 = LINE('',#4169,#4170);
#4169 = CARTESIAN_POINT('',(-0.,0.));
#4170 = VECTOR('',#4171,1.);
#4171 = DIRECTION('',(-0.,-1.));
#4172 = ( GEOMETRIC_REPRESENTATION_CONTEXT(2) 
PARAMETRIC_REPRESENTATION_CONTEXT() REPRESENTATION_CONTEXT('2D SPACE',''
  ) );
#4173 = ORIENTED_EDGE('',*,*,#4174,.T.);
#4174 = EDGE_CURVE('',#4152,#4152,#4175,.T.);
#4175 = SURFACE_CURVE('',#4176,(#4181,#4188),.PCURVE_S1.);
#4176 = CIRCLE('',#4177,4.);
#4177 = AXIS2_PLACEMENT_3D('',#4178,#4179,#4180);
#4178 = CARTESIAN_POINT('',(-118.8,86.913747617232,87.));
#4179 = DIRECTION('',(0.,-1.,0.));
#4180 = DIRECTION('',(0.,0.,-1.));
#4181 = PCURVE('',#2817,#4182);
#4182 = DEFINITIONAL_REPRESENTATION('',(#4183),#4187);
#4183 = LINE('',#4184,#4185);
#4184 = CARTESIAN_POINT('',(-0.,-36.8));
#4185 = VECTOR('',#4186,1.);
#4186 = DIRECTION('',(-1.,0.));
#4187 = ( GEOMETRIC_REPRESENTATION_CONTEXT(2) 
PARAMETRIC_REPRESENTATION_CONTEXT() REPRESENTATION_CONTEXT('2D SPACE',''
  ) );
#4188 = PCURVE('',#4189,#4194);
#4189 = PLANE('',#4190);
#4190 = AXIS2_PLACEMENT_3D('',#4191,#4192,#4193);
#4191 = CARTESIAN_POINT('',(-118.8,86.913747617232,87.));
#4192 = DIRECTION('',(-0.,-1.,1.051814540295E-30));
#4193 = DIRECTION('',(0.,-1.051814540295E-30,-1.));
#4194 = DEFINITIONAL_REPRESENTATION('',(#4195),#4199);
#4195 = CIRCLE('',#4196,4.);
#4196 = AXIS2_PLACEMENT_2D('',#4197,#4198);
#4197 = CARTESIAN_POINT('',(0.,0.));
#4198 = DIRECTION('',(1.,0.));
#4199 = ( GEOMETRIC_REPRESENTATION_CONTEXT(2) 
PARAMETRIC_REPRESENTATION_CONTEXT() REPRESENTATION_CONTEXT('2D SPACE',''
  ) );
#4200 = ORIENTED_EDGE('',*,*,#4151,.F.);
#4201 = ADVANCED_FACE('',(#4202),#3611,.F.);
#4202 = FACE_BOUND('',#4203,.T.);
#4203 = EDGE_LOOP('',(#4204,#4205,#4228,#4255));
#4204 = ORIENTED_EDGE('',*,*,#2855,.F.);
#4205 = ORIENTED_EDGE('',*,*,#4206,.T.);
#4206 = EDGE_CURVE('',#2835,#4207,#4209,.T.);
#4207 = VERTEX_POINT('',#4208);
#4208 = CARTESIAN_POINT('',(-103.2,86.913747617232,83.));
#4209 = SEAM_CURVE('',#4210,(#4214,#4221),.PCURVE_S1.);
#4210 = LINE('',#4211,#4212);
#4211 = CARTESIAN_POINT('',(-103.2,123.71374761723,83.));
#4212 = VECTOR('',#4213,1.);
#4213 = DIRECTION('',(0.,-1.,0.));
#4214 = PCURVE('',#3611,#4215);
#4215 = DEFINITIONAL_REPRESENTATION('',(#4216),#4220);
#4216 = LINE('',#4217,#4218);
#4217 = CARTESIAN_POINT('',(-6.28318530718,0.));
#4218 = VECTOR('',#4219,1.);
#4219 = DIRECTION('',(-0.,-1.));
#4220 = ( GEOMETRIC_REPRESENTATION_CONTEXT(2) 
PARAMETRIC_REPRESENTATION_CONTEXT() REPRESENTATION_CONTEXT('2D SPACE',''
  ) );
#4221 = PCURVE('',#3611,#4222);
#4222 = DEFINITIONAL_REPRESENTATION('',(#4223),#4227);
#4223 = LINE('',#4224,#4225);
#4224 = CARTESIAN_POINT('',(-0.,0.));
#4225 = VECTOR('',#4226,1.);
#4226 = DIRECTION('',(-0.,-1.));
#4227 = ( GEOMETRIC_REPRESENTATION_CONTEXT(2) 
PARAMETRIC_REPRESENTATION_CONTEXT() REPRESENTATION_CONTEXT('2D SPACE',''
  ) );
#4228 = ORIENTED_EDGE('',*,*,#4229,.T.);
#4229 = EDGE_CURVE('',#4207,#4207,#4230,.T.);
#4230 = SURFACE_CURVE('',#4231,(#4236,#4243),.PCURVE_S1.);
#4231 = CIRCLE('',#4232,4.);
#4232 = AXIS2_PLACEMENT_3D('',#4233,#4234,#4235);
#4233 = CARTESIAN_POINT('',(-103.2,86.913747617232,87.));
#4234 = DIRECTION('',(0.,-1.,0.));
#4235 = DIRECTION('',(0.,0.,-1.));
#4236 = PCURVE('',#3611,#4237);
#4237 = DEFINITIONAL_REPRESENTATION('',(#4238),#4242);
#4238 = LINE('',#4239,#4240);
#4239 = CARTESIAN_POINT('',(-0.,-36.8));
#4240 = VECTOR('',#4241,1.);
#4241 = DIRECTION('',(-1.,0.));
#4242 = ( GEOMETRIC_REPRESENTATION_CONTEXT(2) 
PARAMETRIC_REPRESENTATION_CONTEXT() REPRESENTATION_CONTEXT('2D SPACE',''
  ) );
#4243 = PCURVE('',#4244,#4249);
#4244 = PLANE('',#4245);
#4245 = AXIS2_PLACEMENT_3D('',#4246,#4247,#4248);
#4246 = CARTESIAN_POINT('',(-103.2,86.913747617232,87.));
#4247 = DIRECTION('',(-2.524354896707E-29,-1.,1.051814540295E-30));
#4248 = DIRECTION('',(-1.,2.524354896707E-29,0.));
#4249 = DEFINITIONAL_REPRESENTATION('',(#4250),#4254);
#4250 = CIRCLE('',#4251,4.);
#4251 = AXIS2_PLACEMENT_2D('',#4252,#4253);
#4252 = CARTESIAN_POINT('',(-1.42108547152E-14,-3.773199616178E-73));
#4253 = DIRECTION('',(0.,1.));
#4254 = ( GEOMETRIC_REPRESENTATION_CONTEXT(2) 
PARAMETRIC_REPRESENTATION_CONTEXT() REPRESENTATION_CONTEXT('2D SPACE',''
  ) );
#4255 = ORIENTED_EDGE('',*,*,#4206,.F.);
#4256 = ADVANCED_FACE('',(#4257),#4037,.F.);
#4257 = FACE_BOUND('',#4258,.F.);
#4258 = EDGE_LOOP('',(#4259));
#4259 = ORIENTED_EDGE('',*,*,#4022,.T.);
#4260 = ADVANCED_FACE('',(#4261,#4264),#4091,.T.);
#4261 = FACE_BOUND('',#4262,.T.);
#4262 = EDGE_LOOP('',(#4263));
#4263 = ORIENTED_EDGE('',*,*,#4076,.T.);
#4264 = FACE_BOUND('',#4265,.T.);
#4265 = EDGE_LOOP('',(#4266));
#4266 = ORIENTED_EDGE('',*,*,#4267,.F.);
#4267 = EDGE_CURVE('',#4268,#4268,#4270,.T.);
#4268 = VERTEX_POINT('',#4269);
#4269 = CARTESIAN_POINT('',(-130.4,84.25,73.6));
#4270 = SURFACE_CURVE('',#4271,(#4276,#4283),.PCURVE_S1.);
#4271 = CIRCLE('',#4272,4.);
#4272 = AXIS2_PLACEMENT_3D('',#4273,#4274,#4275);
#4273 = CARTESIAN_POINT('',(-130.4,84.25,77.6));
#4274 = DIRECTION('',(-1.,0.,0.));
#4275 = DIRECTION('',(0.,0.,-1.));
#4276 = PCURVE('',#4091,#4277);
#4277 = DEFINITIONAL_REPRESENTATION('',(#4278),#4282);
#4278 = CIRCLE('',#4279,4.);
#4279 = AXIS2_PLACEMENT_2D('',#4280,#4281);
#4280 = CARTESIAN_POINT('',(0.,0.));
#4281 = DIRECTION('',(1.,0.));
#4282 = ( GEOMETRIC_REPRESENTATION_CONTEXT(2) 
PARAMETRIC_REPRESENTATION_CONTEXT() REPRESENTATION_CONTEXT('2D SPACE',''
  ) );
#4283 = PCURVE('',#4284,#4289);
#4284 = CYLINDRICAL_SURFACE('',#4285,4.);
#4285 = AXIS2_PLACEMENT_3D('',#4286,#4287,#4288);
#4286 = CARTESIAN_POINT('',(-132.2,84.25,77.6));
#4287 = DIRECTION('',(-1.,0.,0.));
#4288 = DIRECTION('',(0.,0.,-1.));
#4289 = DEFINITIONAL_REPRESENTATION('',(#4290),#4294);
#4290 = LINE('',#4291,#4292);
#4291 = CARTESIAN_POINT('',(0.,-1.8));
#4292 = VECTOR('',#4293,1.);
#4293 = DIRECTION('',(1.,0.));
#4294 = ( GEOMETRIC_REPRESENTATION_CONTEXT(2) 
PARAMETRIC_REPRESENTATION_CONTEXT() REPRESENTATION_CONTEXT('2D SPACE',''
  ) );
#4295 = ADVANCED_FACE('',(#4296),#4128,.T.);
#4296 = FACE_BOUND('',#4297,.T.);
#4297 = EDGE_LOOP('',(#4298,#4321,#4322,#4323));
#4298 = ORIENTED_EDGE('',*,*,#4299,.T.);
#4299 = EDGE_CURVE('',#4300,#4112,#4302,.T.);
#4300 = VERTEX_POINT('',#4301);
#4301 = CARTESIAN_POINT('',(150.,43.375,-69.75));
#4302 = SEAM_CURVE('',#4303,(#4307,#4314),.PCURVE_S1.);
#4303 = LINE('',#4304,#4305);
#4304 = CARTESIAN_POINT('',(150.,43.375,-69.75));
#4305 = VECTOR('',#4306,1.);
#4306 = DIRECTION('',(-1.,0.,-0.));
#4307 = PCURVE('',#4128,#4308);
#4308 = DEFINITIONAL_REPRESENTATION('',(#4309),#4313);
#4309 = LINE('',#4310,#4311);
#4310 = CARTESIAN_POINT('',(0.,0.));
#4311 = VECTOR('',#4312,1.);
#4312 = DIRECTION('',(0.,-1.));
#4313 = ( GEOMETRIC_REPRESENTATION_CONTEXT(2) 
PARAMETRIC_REPRESENTATION_CONTEXT() REPRESENTATION_CONTEXT('2D SPACE',''
  ) );
#4314 = PCURVE('',#4128,#4315);
#4315 = DEFINITIONAL_REPRESENTATION('',(#4316),#4320);
#4316 = LINE('',#4317,#4318);
#4317 = CARTESIAN_POINT('',(6.28318530718,0.));
#4318 = VECTOR('',#4319,1.);
#4319 = DIRECTION('',(0.,-1.));
#4320 = ( GEOMETRIC_REPRESENTATION_CONTEXT(2) 
PARAMETRIC_REPRESENTATION_CONTEXT() REPRESENTATION_CONTEXT('2D SPACE',''
  ) );
#4321 = ORIENTED_EDGE('',*,*,#4111,.T.);
#4322 = ORIENTED_EDGE('',*,*,#4299,.F.);
#4323 = ORIENTED_EDGE('',*,*,#4324,.F.);
#4324 = EDGE_CURVE('',#4300,#4300,#4325,.T.);
#4325 = SURFACE_CURVE('',#4326,(#4331,#4338),.PCURVE_S1.);
#4326 = CIRCLE('',#4327,29.);
#4327 = AXIS2_PLACEMENT_3D('',#4328,#4329,#4330);
#4328 = CARTESIAN_POINT('',(150.,14.375,-69.75));
#4329 = DIRECTION('',(1.,-0.,0.));
#4330 = DIRECTION('',(0.,1.,-2.476837423129E-16));
#4331 = PCURVE('',#4128,#4332);
#4332 = DEFINITIONAL_REPRESENTATION('',(#4333),#4337);
#4333 = LINE('',#4334,#4335);
#4334 = CARTESIAN_POINT('',(0.,0.));
#4335 = VECTOR('',#4336,1.);
#4336 = DIRECTION('',(1.,0.));
#4337 = ( GEOMETRIC_REPRESENTATION_CONTEXT(2) 
PARAMETRIC_REPRESENTATION_CONTEXT() REPRESENTATION_CONTEXT('2D SPACE',''
  ) );
#4338 = PCURVE('',#4339,#4344);
#4339 = PLANE('',#4340);
#4340 = AXIS2_PLACEMENT_3D('',#4341,#4342,#4343);
#4341 = CARTESIAN_POINT('',(150.,-125.,-150.));
#4342 = DIRECTION('',(1.,0.,0.));
#4343 = DIRECTION('',(0.,0.,1.));
#4344 = DEFINITIONAL_REPRESENTATION('',(#4345),#4349);
#4345 = CIRCLE('',#4346,29.);
#4346 = AXIS2_PLACEMENT_2D('',#4347,#4348);
#4347 = CARTESIAN_POINT('',(80.25,-139.375));
#4348 = DIRECTION('',(-2.476837423129E-16,-1.));
#4349 = ( GEOMETRIC_REPRESENTATION_CONTEXT(2) 
PARAMETRIC_REPRESENTATION_CONTEXT() REPRESENTATION_CONTEXT('2D SPACE',''
  ) );
#4350 = ADVANCED_FACE('',(#4351),#4189,.F.);
#4351 = FACE_BOUND('',#4352,.F.);
#4352 = EDGE_LOOP('',(#4353));
#4353 = ORIENTED_EDGE('',*,*,#4174,.T.);
#4354 = ADVANCED_FACE('',(#4355),#4244,.F.);
#4355 = FACE_BOUND('',#4356,.F.);
#4356 = EDGE_LOOP('',(#4357));
#4357 = ORIENTED_EDGE('',*,*,#4229,.T.);
#4358 = ADVANCED_FACE('',(#4359),#4284,.F.);
#4359 = FACE_BOUND('',#4360,.F.);
#4360 = EDGE_LOOP('',(#4361,#4362,#4385,#4412));
#4361 = ORIENTED_EDGE('',*,*,#4267,.F.);
#4362 = ORIENTED_EDGE('',*,*,#4363,.T.);
#4363 = EDGE_CURVE('',#4268,#4364,#4366,.T.);
#4364 = VERTEX_POINT('',#4365);
#4365 = CARTESIAN_POINT('',(-95.8,84.25,73.6));
#4366 = SEAM_CURVE('',#4367,(#4371,#4378),.PCURVE_S1.);
#4367 = LINE('',#4368,#4369);
#4368 = CARTESIAN_POINT('',(-132.2,84.25,73.6));
#4369 = VECTOR('',#4370,1.);
#4370 = DIRECTION('',(1.,-0.,-0.));
#4371 = PCURVE('',#4284,#4372);
#4372 = DEFINITIONAL_REPRESENTATION('',(#4373),#4377);
#4373 = LINE('',#4374,#4375);
#4374 = CARTESIAN_POINT('',(6.28318530718,0.));
#4375 = VECTOR('',#4376,1.);
#4376 = DIRECTION('',(0.,-1.));
#4377 = ( GEOMETRIC_REPRESENTATION_CONTEXT(2) 
PARAMETRIC_REPRESENTATION_CONTEXT() REPRESENTATION_CONTEXT('2D SPACE',''
  ) );
#4378 = PCURVE('',#4284,#4379);
#4379 = DEFINITIONAL_REPRESENTATION('',(#4380),#4384);
#4380 = LINE('',#4381,#4382);
#4381 = CARTESIAN_POINT('',(0.,0.));
#4382 = VECTOR('',#4383,1.);
#4383 = DIRECTION('',(0.,-1.));
#4384 = ( GEOMETRIC_REPRESENTATION_CONTEXT(2) 
PARAMETRIC_REPRESENTATION_CONTEXT() REPRESENTATION_CONTEXT('2D SPACE',''
  ) );
#4385 = ORIENTED_EDGE('',*,*,#4386,.T.);
#4386 = EDGE_CURVE('',#4364,#4364,#4387,.T.);
#4387 = SURFACE_CURVE('',#4388,(#4393,#4400),.PCURVE_S1.);
#4388 = CIRCLE('',#4389,4.);
#4389 = AXIS2_PLACEMENT_3D('',#4390,#4391,#4392);
#4390 = CARTESIAN_POINT('',(-95.8,84.25,77.6));
#4391 = DIRECTION('',(-1.,0.,0.));
#4392 = DIRECTION('',(0.,0.,-1.));
#4393 = PCURVE('',#4284,#4394);
#4394 = DEFINITIONAL_REPRESENTATION('',(#4395),#4399);
#4395 = LINE('',#4396,#4397);
#4396 = CARTESIAN_POINT('',(0.,-36.4));
#4397 = VECTOR('',#4398,1.);
#4398 = DIRECTION('',(1.,0.));
#4399 = ( GEOMETRIC_REPRESENTATION_CONTEXT(2) 
PARAMETRIC_REPRESENTATION_CONTEXT() REPRESENTATION_CONTEXT('2D SPACE',''
  ) );
#4400 = PCURVE('',#4401,#4406);
#4401 = PLANE('',#4402);
#4402 = AXIS2_PLACEMENT_3D('',#4403,#4404,#4405);
#4403 = CARTESIAN_POINT('',(-95.8,84.25,77.6));
#4404 = DIRECTION('',(-1.,-0.,-0.));
#4405 = DIRECTION('',(0.,0.,-1.));
#4406 = DEFINITIONAL_REPRESENTATION('',(#4407),#4411);
#4407 = CIRCLE('',#4408,4.);
#4408 = AXIS2_PLACEMENT_2D('',#4409,#4410);
#4409 = CARTESIAN_POINT('',(0.,0.));
#4410 = DIRECTION('',(1.,0.));
#4411 = ( GEOMETRIC_REPRESENTATION_CONTEXT(2) 
PARAMETRIC_REPRESENTATION_CONTEXT() REPRESENTATION_CONTEXT('2D SPACE',''
  ) );
#4412 = ORIENTED_EDGE('',*,*,#4363,.F.);
#4413 = ADVANCED_FACE('',(#4414),#4339,.T.);
#4414 = FACE_BOUND('',#4415,.T.);
#4415 = EDGE_LOOP('',(#4416));
#4416 = ORIENTED_EDGE('',*,*,#4324,.T.);
#4417 = ADVANCED_FACE('',(#4418),#4401,.T.);
#4418 = FACE_BOUND('',#4419,.T.);
#4419 = EDGE_LOOP('',(#4420));
#4420 = ORIENTED_EDGE('',*,*,#4386,.T.);
#4421 = MANIFOLD_SOLID_BREP('PartBody',#4422);
#4422 = CLOSED_SHELL('',(#4423,#4543,#4654,#4725,#4752,#4825,#4834,#4889
    ));
#4423 = ADVANCED_FACE('',(#4424),#4438,.F.);
#4424 = FACE_BOUND('',#4425,.F.);
#4425 = EDGE_LOOP('',(#4426,#4461,#4489,#4517));
#4426 = ORIENTED_EDGE('',*,*,#4427,.T.);
#4427 = EDGE_CURVE('',#4428,#4430,#4432,.T.);
#4428 = VERTEX_POINT('',#4429);
#4429 = CARTESIAN_POINT('',(-85.2,-125.,-150.));
#4430 = VERTEX_POINT('',#4431);
#4431 = CARTESIAN_POINT('',(-85.2,-125.,-90.));
#4432 = SURFACE_CURVE('',#4433,(#4437,#4449),.PCURVE_S1.);
#4433 = LINE('',#4434,#4435);
#4434 = CARTESIAN_POINT('',(-85.2,-125.,-150.));
#4435 = VECTOR('',#4436,1.);
#4436 = DIRECTION('',(0.,-0.,1.));
#4437 = PCURVE('',#4438,#4443);
#4438 = PLANE('',#4439);
#4439 = AXIS2_PLACEMENT_3D('',#4440,#4441,#4442);
#4440 = CARTESIAN_POINT('',(-85.2,-125.,-150.));
#4441 = DIRECTION('',(-0.,1.,0.));
#4442 = DIRECTION('',(1.,0.,0.));
#4443 = DEFINITIONAL_REPRESENTATION('',(#4444),#4448);
#4444 = LINE('',#4445,#4446);
#4445 = CARTESIAN_POINT('',(0.,0.));
#4446 = VECTOR('',#4447,1.);
#4447 = DIRECTION('',(0.,-1.));
#4448 = ( GEOMETRIC_REPRESENTATION_CONTEXT(2) 
PARAMETRIC_REPRESENTATION_CONTEXT() REPRESENTATION_CONTEXT('2D SPACE',''
  ) );
#4449 = PCURVE('',#4450,#4455);
#4450 = PLANE('',#4451);
#4451 = AXIS2_PLACEMENT_3D('',#4452,#4453,#4454);
#4452 = CARTESIAN_POINT('',(-85.2,125.,-150.));
#4453 = DIRECTION('',(1.,0.,0.));
#4454 = DIRECTION('',(0.,-1.,0.));
#4455 = DEFINITIONAL_REPRESENTATION('',(#4456),#4460);
#4456 = LINE('',#4457,#4458);
#4457 = CARTESIAN_POINT('',(250.,0.));
#4458 = VECTOR('',#4459,1.);
#4459 = DIRECTION('',(0.,-1.));
#4460 = ( GEOMETRIC_REPRESENTATION_CONTEXT(2) 
PARAMETRIC_REPRESENTATION_CONTEXT() REPRESENTATION_CONTEXT('2D SPACE',''
  ) );
#4461 = ORIENTED_EDGE('',*,*,#4462,.T.);
#4462 = EDGE_CURVE('',#4430,#4463,#4465,.T.);
#4463 = VERTEX_POINT('',#4464);
#4464 = CARTESIAN_POINT('',(66.3,-125.,-90.));
#4465 = SURFACE_CURVE('',#4466,(#4470,#4477),.PCURVE_S1.);
#4466 = LINE('',#4467,#4468);
#4467 = CARTESIAN_POINT('',(-85.2,-125.,-90.));
#4468 = VECTOR('',#4469,1.);
#4469 = DIRECTION('',(1.,0.,0.));
#4470 = PCURVE('',#4438,#4471);
#4471 = DEFINITIONAL_REPRESENTATION('',(#4472),#4476);
#4472 = LINE('',#4473,#4474);
#4473 = CARTESIAN_POINT('',(0.,-60.));
#4474 = VECTOR('',#4475,1.);
#4475 = DIRECTION('',(1.,0.));
#4476 = ( GEOMETRIC_REPRESENTATION_CONTEXT(2) 
PARAMETRIC_REPRESENTATION_CONTEXT() REPRESENTATION_CONTEXT('2D SPACE',''
  ) );
#4477 = PCURVE('',#4478,#4483);
#4478 = PLANE('',#4479);
#4479 = AXIS2_PLACEMENT_3D('',#4480,#4481,#4482);
#4480 = CARTESIAN_POINT('',(-9.45,0.,-90.));
#4481 = DIRECTION('',(0.,0.,1.));
#4482 = DIRECTION('',(1.,0.,-0.));
#4483 = DEFINITIONAL_REPRESENTATION('',(#4484),#4488);
#4484 = LINE('',#4485,#4486);
#4485 = CARTESIAN_POINT('',(-75.75,-125.));
#4486 = VECTOR('',#4487,1.);
#4487 = DIRECTION('',(1.,0.));
#4488 = ( GEOMETRIC_REPRESENTATION_CONTEXT(2) 
PARAMETRIC_REPRESENTATION_CONTEXT() REPRESENTATION_CONTEXT('2D SPACE',''
  ) );
#4489 = ORIENTED_EDGE('',*,*,#4490,.F.);
#4490 = EDGE_CURVE('',#4491,#4463,#4493,.T.);
#4491 = VERTEX_POINT('',#4492);
#4492 = CARTESIAN_POINT('',(66.3,-125.,-150.));
#4493 = SURFACE_CURVE('',#4494,(#4498,#4505),.PCURVE_S1.);
#4494 = LINE('',#4495,#4496);
#4495 = CARTESIAN_POINT('',(66.3,-125.,-150.));
#4496 = VECTOR('',#4497,1.);
#4497 = DIRECTION('',(0.,-0.,1.));
#4498 = PCURVE('',#4438,#4499);
#4499 = DEFINITIONAL_REPRESENTATION('',(#4500),#4504);
#4500 = LINE('',#4501,#4502);
#4501 = CARTESIAN_POINT('',(151.5,0.));
#4502 = VECTOR('',#4503,1.);
#4503 = DIRECTION('',(0.,-1.));
#4504 = ( GEOMETRIC_REPRESENTATION_CONTEXT(2) 
PARAMETRIC_REPRESENTATION_CONTEXT() REPRESENTATION_CONTEXT('2D SPACE',''
  ) );
#4505 = PCURVE('',#4506,#4511);
#4506 = PLANE('',#4507);
#4507 = AXIS2_PLACEMENT_3D('',#4508,#4509,#4510);
#4508 = CARTESIAN_POINT('',(66.3,-125.,-150.));
#4509 = DIRECTION('',(-1.,0.,0.));
#4510 = DIRECTION('',(0.,1.,0.));
#4511 = DEFINITIONAL_REPRESENTATION('',(#4512),#4516);
#4512 = LINE('',#4513,#4514);
#4513 = CARTESIAN_POINT('',(0.,0.));
#4514 = VECTOR('',#4515,1.);
#4515 = DIRECTION('',(0.,-1.));
#4516 = ( GEOMETRIC_REPRESENTATION_CONTEXT(2) 
PARAMETRIC_REPRESENTATION_CONTEXT() REPRESENTATION_CONTEXT('2D SPACE',''
  ) );
#4517 = ORIENTED_EDGE('',*,*,#4518,.F.);
#4518 = EDGE_CURVE('',#4428,#4491,#4519,.T.);
#4519 = SURFACE_CURVE('',#4520,(#4524,#4531),.PCURVE_S1.);
#4520 = LINE('',#4521,#4522);
#4521 = CARTESIAN_POINT('',(-85.2,-125.,-150.));
#4522 = VECTOR('',#4523,1.);
#4523 = DIRECTION('',(1.,0.,0.));
#4524 = PCURVE('',#4438,#4525);
#4525 = DEFINITIONAL_REPRESENTATION('',(#4526),#4530);
#4526 = LINE('',#4527,#4528);
#4527 = CARTESIAN_POINT('',(0.,0.));
#4528 = VECTOR('',#4529,1.);
#4529 = DIRECTION('',(1.,0.));
#4530 = ( GEOMETRIC_REPRESENTATION_CONTEXT(2) 
PARAMETRIC_REPRESENTATION_CONTEXT() REPRESENTATION_CONTEXT('2D SPACE',''
  ) );
#4531 = PCURVE('',#4532,#4537);
#4532 = PLANE('',#4533);
#4533 = AXIS2_PLACEMENT_3D('',#4534,#4535,#4536);
#4534 = CARTESIAN_POINT('',(-9.45,0.,-150.));
#4535 = DIRECTION('',(0.,0.,1.));
#4536 = DIRECTION('',(1.,0.,-0.));
#4537 = DEFINITIONAL_REPRESENTATION('',(#4538),#4542);
#4538 = LINE('',#4539,#4540);
#4539 = CARTESIAN_POINT('',(-75.75,-125.));
#4540 = VECTOR('',#4541,1.);
#4541 = DIRECTION('',(1.,0.));
#4542 = ( GEOMETRIC_REPRESENTATION_CONTEXT(2) 
PARAMETRIC_REPRESENTATION_CONTEXT() REPRESENTATION_CONTEXT('2D SPACE',''
  ) );
#4543 = ADVANCED_FACE('',(#4544,#4619),#4450,.F.);
#4544 = FACE_BOUND('',#4545,.F.);
#4545 = EDGE_LOOP('',(#4546,#4576,#4597,#4598));
#4546 = ORIENTED_EDGE('',*,*,#4547,.T.);
#4547 = EDGE_CURVE('',#4548,#4550,#4552,.T.);
#4548 = VERTEX_POINT('',#4549);
#4549 = CARTESIAN_POINT('',(-85.2,125.,-150.));
#4550 = VERTEX_POINT('',#4551);
#4551 = CARTESIAN_POINT('',(-85.2,125.,-90.));
#4552 = SURFACE_CURVE('',#4553,(#4557,#4564),.PCURVE_S1.);
#4553 = LINE('',#4554,#4555);
#4554 = CARTESIAN_POINT('',(-85.2,125.,-150.));
#4555 = VECTOR('',#4556,1.);
#4556 = DIRECTION('',(0.,-0.,1.));
#4557 = PCURVE('',#4450,#4558);
#4558 = DEFINITIONAL_REPRESENTATION('',(#4559),#4563);
#4559 = LINE('',#4560,#4561);
#4560 = CARTESIAN_POINT('',(0.,0.));
#4561 = VECTOR('',#4562,1.);
#4562 = DIRECTION('',(0.,-1.));
#4563 = ( GEOMETRIC_REPRESENTATION_CONTEXT(2) 
PARAMETRIC_REPRESENTATION_CONTEXT() REPRESENTATION_CONTEXT('2D SPACE',''
  ) );
#4564 = PCURVE('',#4565,#4570);
#4565 = PLANE('',#4566);
#4566 = AXIS2_PLACEMENT_3D('',#4567,#4568,#4569);
#4567 = CARTESIAN_POINT('',(-150.,125.,-150.));
#4568 = DIRECTION('',(0.,1.,0.));
#4569 = DIRECTION('',(0.,0.,1.));
#4570 = DEFINITIONAL_REPRESENTATION('',(#4571),#4575);
#4571 = LINE('',#4572,#4573);
#4572 = CARTESIAN_POINT('',(0.,64.8));
#4573 = VECTOR('',#4574,1.);
#4574 = DIRECTION('',(1.,0.));
#4575 = ( GEOMETRIC_REPRESENTATION_CONTEXT(2) 
PARAMETRIC_REPRESENTATION_CONTEXT() REPRESENTATION_CONTEXT('2D SPACE',''
  ) );
#4576 = ORIENTED_EDGE('',*,*,#4577,.T.);
#4577 = EDGE_CURVE('',#4550,#4430,#4578,.T.);
#4578 = SURFACE_CURVE('',#4579,(#4583,#4590),.PCURVE_S1.);
#4579 = LINE('',#4580,#4581);
#4580 = CARTESIAN_POINT('',(-85.2,125.,-90.));
#4581 = VECTOR('',#4582,1.);
#4582 = DIRECTION('',(0.,-1.,0.));
#4583 = PCURVE('',#4450,#4584);
#4584 = DEFINITIONAL_REPRESENTATION('',(#4585),#4589);
#4585 = LINE('',#4586,#4587);
#4586 = CARTESIAN_POINT('',(0.,-60.));
#4587 = VECTOR('',#4588,1.);
#4588 = DIRECTION('',(1.,0.));
#4589 = ( GEOMETRIC_REPRESENTATION_CONTEXT(2) 
PARAMETRIC_REPRESENTATION_CONTEXT() REPRESENTATION_CONTEXT('2D SPACE',''
  ) );
#4590 = PCURVE('',#4478,#4591);
#4591 = DEFINITIONAL_REPRESENTATION('',(#4592),#4596);
#4592 = LINE('',#4593,#4594);
#4593 = CARTESIAN_POINT('',(-75.75,125.));
#4594 = VECTOR('',#4595,1.);
#4595 = DIRECTION('',(0.,-1.));
#4596 = ( GEOMETRIC_REPRESENTATION_CONTEXT(2) 
PARAMETRIC_REPRESENTATION_CONTEXT() REPRESENTATION_CONTEXT('2D SPACE',''
  ) );
#4597 = ORIENTED_EDGE('',*,*,#4427,.F.);
#4598 = ORIENTED_EDGE('',*,*,#4599,.F.);
#4599 = EDGE_CURVE('',#4548,#4428,#4600,.T.);
#4600 = SURFACE_CURVE('',#4601,(#4605,#4612),.PCURVE_S1.);
#4601 = LINE('',#4602,#4603);
#4602 = CARTESIAN_POINT('',(-85.2,125.,-150.));
#4603 = VECTOR('',#4604,1.);
#4604 = DIRECTION('',(0.,-1.,0.));
#4605 = PCURVE('',#4450,#4606);
#4606 = DEFINITIONAL_REPRESENTATION('',(#4607),#4611);
#4607 = LINE('',#4608,#4609);
#4608 = CARTESIAN_POINT('',(0.,0.));
#4609 = VECTOR('',#4610,1.);
#4610 = DIRECTION('',(1.,0.));
#4611 = ( GEOMETRIC_REPRESENTATION_CONTEXT(2) 
PARAMETRIC_REPRESENTATION_CONTEXT() REPRESENTATION_CONTEXT('2D SPACE',''
  ) );
#4612 = PCURVE('',#4532,#4613);
#4613 = DEFINITIONAL_REPRESENTATION('',(#4614),#4618);
#4614 = LINE('',#4615,#4616);
#4615 = CARTESIAN_POINT('',(-75.75,125.));
#4616 = VECTOR('',#4617,1.);
#4617 = DIRECTION('',(0.,-1.));
#4618 = ( GEOMETRIC_REPRESENTATION_CONTEXT(2) 
PARAMETRIC_REPRESENTATION_CONTEXT() REPRESENTATION_CONTEXT('2D SPACE',''
  ) );
#4619 = FACE_BOUND('',#4620,.F.);
#4620 = EDGE_LOOP('',(#4621));
#4621 = ORIENTED_EDGE('',*,*,#4622,.T.);
#4622 = EDGE_CURVE('',#4623,#4623,#4625,.T.);
#4623 = VERTEX_POINT('',#4624);
#4624 = CARTESIAN_POINT('',(-85.2,105.5,-110.));
#4625 = SURFACE_CURVE('',#4626,(#4631,#4642),.PCURVE_S1.);
#4626 = CIRCLE('',#4627,8.5);
#4627 = AXIS2_PLACEMENT_3D('',#4628,#4629,#4630);
#4628 = CARTESIAN_POINT('',(-85.2,105.5,-118.5));
#4629 = DIRECTION('',(-1.,-0.,0.));
#4630 = DIRECTION('',(0.,0.,1.));
#4631 = PCURVE('',#4450,#4632);
#4632 = DEFINITIONAL_REPRESENTATION('',(#4633),#4641);
#4633 = ( BOUNDED_CURVE() B_SPLINE_CURVE(2,(#4634,#4635,#4636,#4637,
#4638,#4639,#4640),.UNSPECIFIED.,.T.,.F.) B_SPLINE_CURVE_WITH_KNOTS((1,2
    ,2,2,2,1),(-2.094395102393,0.,2.094395102393,4.188790204786,
6.28318530718,8.377580409573),.UNSPECIFIED.) CURVE() 
GEOMETRIC_REPRESENTATION_ITEM() RATIONAL_B_SPLINE_CURVE((1.,0.5,1.,0.5,
1.,0.5,1.)) REPRESENTATION_ITEM('') );
#4634 = CARTESIAN_POINT('',(19.5,-40.));
#4635 = CARTESIAN_POINT('',(4.777568135665,-40.));
#4636 = CARTESIAN_POINT('',(12.138784067832,-27.25));
#4637 = CARTESIAN_POINT('',(19.5,-14.5));
#4638 = CARTESIAN_POINT('',(26.861215932168,-27.25));
#4639 = CARTESIAN_POINT('',(34.222431864335,-40.));
#4640 = CARTESIAN_POINT('',(19.5,-40.));
#4641 = ( GEOMETRIC_REPRESENTATION_CONTEXT(2) 
PARAMETRIC_REPRESENTATION_CONTEXT() REPRESENTATION_CONTEXT('2D SPACE',''
  ) );
#4642 = PCURVE('',#4643,#4648);
#4643 = CYLINDRICAL_SURFACE('',#4644,8.5);
#4644 = AXIS2_PLACEMENT_3D('',#4645,#4646,#4647);
#4645 = CARTESIAN_POINT('',(-114.175,105.5,-118.5));
#4646 = DIRECTION('',(-1.,-0.,0.));
#4647 = DIRECTION('',(0.,0.,1.));
#4648 = DEFINITIONAL_REPRESENTATION('',(#4649),#4653);
#4649 = LINE('',#4650,#4651);
#4650 = CARTESIAN_POINT('',(-6.28318530718,-28.975));
#4651 = VECTOR('',#4652,1.);
#4652 = DIRECTION('',(1.,-0.));
#4653 = ( GEOMETRIC_REPRESENTATION_CONTEXT(2) 
PARAMETRIC_REPRESENTATION_CONTEXT() REPRESENTATION_CONTEXT('2D SPACE',''
  ) );
#4654 = ADVANCED_FACE('',(#4655),#4506,.F.);
#4655 = FACE_BOUND('',#4656,.F.);
#4656 = EDGE_LOOP('',(#4657,#4658,#4681,#4704));
#4657 = ORIENTED_EDGE('',*,*,#4490,.T.);
#4658 = ORIENTED_EDGE('',*,*,#4659,.T.);
#4659 = EDGE_CURVE('',#4463,#4660,#4662,.T.);
#4660 = VERTEX_POINT('',#4661);
#4661 = CARTESIAN_POINT('',(66.3,125.,-90.));
#4662 = SURFACE_CURVE('',#4663,(#4667,#4674),.PCURVE_S1.);
#4663 = LINE('',#4664,#4665);
#4664 = CARTESIAN_POINT('',(66.3,-125.,-90.));
#4665 = VECTOR('',#4666,1.);
#4666 = DIRECTION('',(0.,1.,0.));
#4667 = PCURVE('',#4506,#4668);
#4668 = DEFINITIONAL_REPRESENTATION('',(#4669),#4673);
#4669 = LINE('',#4670,#4671);
#4670 = CARTESIAN_POINT('',(0.,-60.));
#4671 = VECTOR('',#4672,1.);
#4672 = DIRECTION('',(1.,0.));
#4673 = ( GEOMETRIC_REPRESENTATION_CONTEXT(2) 
PARAMETRIC_REPRESENTATION_CONTEXT() REPRESENTATION_CONTEXT('2D SPACE',''
  ) );
#4674 = PCURVE('',#4478,#4675);
#4675 = DEFINITIONAL_REPRESENTATION('',(#4676),#4680);
#4676 = LINE('',#4677,#4678);
#4677 = CARTESIAN_POINT('',(75.75,-125.));
#4678 = VECTOR('',#4679,1.);
#4679 = DIRECTION('',(0.,1.));
#4680 = ( GEOMETRIC_REPRESENTATION_CONTEXT(2) 
PARAMETRIC_REPRESENTATION_CONTEXT() REPRESENTATION_CONTEXT('2D SPACE',''
  ) );
#4681 = ORIENTED_EDGE('',*,*,#4682,.F.);
#4682 = EDGE_CURVE('',#4683,#4660,#4685,.T.);
#4683 = VERTEX_POINT('',#4684);
#4684 = CARTESIAN_POINT('',(66.3,125.,-150.));
#4685 = SURFACE_CURVE('',#4686,(#4690,#4697),.PCURVE_S1.);
#4686 = LINE('',#4687,#4688);
#4687 = CARTESIAN_POINT('',(66.3,125.,-150.));
#4688 = VECTOR('',#4689,1.);
#4689 = DIRECTION('',(0.,-0.,1.));
#4690 = PCURVE('',#4506,#4691);
#4691 = DEFINITIONAL_REPRESENTATION('',(#4692),#4696);
#4692 = LINE('',#4693,#4694);
#4693 = CARTESIAN_POINT('',(250.,0.));
#4694 = VECTOR('',#4695,1.);
#4695 = DIRECTION('',(0.,-1.));
#4696 = ( GEOMETRIC_REPRESENTATION_CONTEXT(2) 
PARAMETRIC_REPRESENTATION_CONTEXT() REPRESENTATION_CONTEXT('2D SPACE',''
  ) );
#4697 = PCURVE('',#4565,#4698);
#4698 = DEFINITIONAL_REPRESENTATION('',(#4699),#4703);
#4699 = LINE('',#4700,#4701);
#4700 = CARTESIAN_POINT('',(0.,216.3));
#4701 = VECTOR('',#4702,1.);
#4702 = DIRECTION('',(1.,0.));
#4703 = ( GEOMETRIC_REPRESENTATION_CONTEXT(2) 
PARAMETRIC_REPRESENTATION_CONTEXT() REPRESENTATION_CONTEXT('2D SPACE',''
  ) );
#4704 = ORIENTED_EDGE('',*,*,#4705,.F.);
#4705 = EDGE_CURVE('',#4491,#4683,#4706,.T.);
#4706 = SURFACE_CURVE('',#4707,(#4711,#4718),.PCURVE_S1.);
#4707 = LINE('',#4708,#4709);
#4708 = CARTESIAN_POINT('',(66.3,-125.,-150.));
#4709 = VECTOR('',#4710,1.);
#4710 = DIRECTION('',(0.,1.,0.));
#4711 = PCURVE('',#4506,#4712);
#4712 = DEFINITIONAL_REPRESENTATION('',(#4713),#4717);
#4713 = LINE('',#4714,#4715);
#4714 = CARTESIAN_POINT('',(0.,0.));
#4715 = VECTOR('',#4716,1.);
#4716 = DIRECTION('',(1.,0.));
#4717 = ( GEOMETRIC_REPRESENTATION_CONTEXT(2) 
PARAMETRIC_REPRESENTATION_CONTEXT() REPRESENTATION_CONTEXT('2D SPACE',''
  ) );
#4718 = PCURVE('',#4532,#4719);
#4719 = DEFINITIONAL_REPRESENTATION('',(#4720),#4724);
#4720 = LINE('',#4721,#4722);
#4721 = CARTESIAN_POINT('',(75.75,-125.));
#4722 = VECTOR('',#4723,1.);
#4723 = DIRECTION('',(0.,1.));
#4724 = ( GEOMETRIC_REPRESENTATION_CONTEXT(2) 
PARAMETRIC_REPRESENTATION_CONTEXT() REPRESENTATION_CONTEXT('2D SPACE',''
  ) );
#4725 = ADVANCED_FACE('',(#4726),#4532,.F.);
#4726 = FACE_BOUND('',#4727,.F.);
#4727 = EDGE_LOOP('',(#4728,#4729,#4750,#4751));
#4728 = ORIENTED_EDGE('',*,*,#4705,.T.);
#4729 = ORIENTED_EDGE('',*,*,#4730,.T.);
#4730 = EDGE_CURVE('',#4683,#4548,#4731,.T.);
#4731 = SURFACE_CURVE('',#4732,(#4736,#4743),.PCURVE_S1.);
#4732 = LINE('',#4733,#4734);
#4733 = CARTESIAN_POINT('',(66.3,125.,-150.));
#4734 = VECTOR('',#4735,1.);
#4735 = DIRECTION('',(-1.,0.,0.));
#4736 = PCURVE('',#4532,#4737);
#4737 = DEFINITIONAL_REPRESENTATION('',(#4738),#4742);
#4738 = LINE('',#4739,#4740);
#4739 = CARTESIAN_POINT('',(75.75,125.));
#4740 = VECTOR('',#4741,1.);
#4741 = DIRECTION('',(-1.,0.));
#4742 = ( GEOMETRIC_REPRESENTATION_CONTEXT(2) 
PARAMETRIC_REPRESENTATION_CONTEXT() REPRESENTATION_CONTEXT('2D SPACE',''
  ) );
#4743 = PCURVE('',#4565,#4744);
#4744 = DEFINITIONAL_REPRESENTATION('',(#4745),#4749);
#4745 = LINE('',#4746,#4747);
#4746 = CARTESIAN_POINT('',(0.,216.3));
#4747 = VECTOR('',#4748,1.);
#4748 = DIRECTION('',(0.,-1.));
#4749 = ( GEOMETRIC_REPRESENTATION_CONTEXT(2) 
PARAMETRIC_REPRESENTATION_CONTEXT() REPRESENTATION_CONTEXT('2D SPACE',''
  ) );
#4750 = ORIENTED_EDGE('',*,*,#4599,.T.);
#4751 = ORIENTED_EDGE('',*,*,#4518,.T.);
#4752 = ADVANCED_FACE('',(#4753),#4478,.T.);
#4753 = FACE_BOUND('',#4754,.T.);
#4754 = EDGE_LOOP('',(#4755,#4756,#4779,#4802,#4823,#4824));
#4755 = ORIENTED_EDGE('',*,*,#4659,.T.);
#4756 = ORIENTED_EDGE('',*,*,#4757,.T.);
#4757 = EDGE_CURVE('',#4660,#4758,#4760,.T.);
#4758 = VERTEX_POINT('',#4759);
#4759 = CARTESIAN_POINT('',(23.430749027718,125.,-90.));
#4760 = SURFACE_CURVE('',#4761,(#4765,#4772),.PCURVE_S1.);
#4761 = LINE('',#4762,#4763);
#4762 = CARTESIAN_POINT('',(66.3,125.,-90.));
#4763 = VECTOR('',#4764,1.);
#4764 = DIRECTION('',(-1.,0.,0.));
#4765 = PCURVE('',#4478,#4766);
#4766 = DEFINITIONAL_REPRESENTATION('',(#4767),#4771);
#4767 = LINE('',#4768,#4769);
#4768 = CARTESIAN_POINT('',(75.75,125.));
#4769 = VECTOR('',#4770,1.);
#4770 = DIRECTION('',(-1.,0.));
#4771 = ( GEOMETRIC_REPRESENTATION_CONTEXT(2) 
PARAMETRIC_REPRESENTATION_CONTEXT() REPRESENTATION_CONTEXT('2D SPACE',''
  ) );
#4772 = PCURVE('',#4565,#4773);
#4773 = DEFINITIONAL_REPRESENTATION('',(#4774),#4778);
#4774 = LINE('',#4775,#4776);
#4775 = CARTESIAN_POINT('',(60.,216.3));
#4776 = VECTOR('',#4777,1.);
#4777 = DIRECTION('',(0.,-1.));
#4778 = ( GEOMETRIC_REPRESENTATION_CONTEXT(2) 
PARAMETRIC_REPRESENTATION_CONTEXT() REPRESENTATION_CONTEXT('2D SPACE',''
  ) );
#4779 = ORIENTED_EDGE('',*,*,#4780,.T.);
#4780 = EDGE_CURVE('',#4758,#4781,#4783,.T.);
#4781 = VERTEX_POINT('',#4782);
#4782 = CARTESIAN_POINT('',(-23.43074902772,125.,-90.));
#4783 = SURFACE_CURVE('',#4784,(#4788,#4795),.PCURVE_S1.);
#4784 = LINE('',#4785,#4786);
#4785 = CARTESIAN_POINT('',(66.3,125.,-90.));
#4786 = VECTOR('',#4787,1.);
#4787 = DIRECTION('',(-1.,0.,0.));
#4788 = PCURVE('',#4478,#4789);
#4789 = DEFINITIONAL_REPRESENTATION('',(#4790),#4794);
#4790 = LINE('',#4791,#4792);
#4791 = CARTESIAN_POINT('',(75.75,125.));
#4792 = VECTOR('',#4793,1.);
#4793 = DIRECTION('',(-1.,0.));
#4794 = ( GEOMETRIC_REPRESENTATION_CONTEXT(2) 
PARAMETRIC_REPRESENTATION_CONTEXT() REPRESENTATION_CONTEXT('2D SPACE',''
  ) );
#4795 = PCURVE('',#4565,#4796);
#4796 = DEFINITIONAL_REPRESENTATION('',(#4797),#4801);
#4797 = LINE('',#4798,#4799);
#4798 = CARTESIAN_POINT('',(60.,216.3));
#4799 = VECTOR('',#4800,1.);
#4800 = DIRECTION('',(0.,-1.));
#4801 = ( GEOMETRIC_REPRESENTATION_CONTEXT(2) 
PARAMETRIC_REPRESENTATION_CONTEXT() REPRESENTATION_CONTEXT('2D SPACE',''
  ) );
#4802 = ORIENTED_EDGE('',*,*,#4803,.T.);
#4803 = EDGE_CURVE('',#4781,#4550,#4804,.T.);
#4804 = SURFACE_CURVE('',#4805,(#4809,#4816),.PCURVE_S1.);
#4805 = LINE('',#4806,#4807);
#4806 = CARTESIAN_POINT('',(66.3,125.,-90.));
#4807 = VECTOR('',#4808,1.);
#4808 = DIRECTION('',(-1.,0.,0.));
#4809 = PCURVE('',#4478,#4810);
#4810 = DEFINITIONAL_REPRESENTATION('',(#4811),#4815);
#4811 = LINE('',#4812,#4813);
#4812 = CARTESIAN_POINT('',(75.75,125.));
#4813 = VECTOR('',#4814,1.);
#4814 = DIRECTION('',(-1.,0.));
#4815 = ( GEOMETRIC_REPRESENTATION_CONTEXT(2) 
PARAMETRIC_REPRESENTATION_CONTEXT() REPRESENTATION_CONTEXT('2D SPACE',''
  ) );
#4816 = PCURVE('',#4565,#4817);
#4817 = DEFINITIONAL_REPRESENTATION('',(#4818),#4822);
#4818 = LINE('',#4819,#4820);
#4819 = CARTESIAN_POINT('',(60.,216.3));
#4820 = VECTOR('',#4821,1.);
#4821 = DIRECTION('',(0.,-1.));
#4822 = ( GEOMETRIC_REPRESENTATION_CONTEXT(2) 
PARAMETRIC_REPRESENTATION_CONTEXT() REPRESENTATION_CONTEXT('2D SPACE',''
  ) );
#4823 = ORIENTED_EDGE('',*,*,#4577,.T.);
#4824 = ORIENTED_EDGE('',*,*,#4462,.T.);
#4825 = ADVANCED_FACE('',(#4826),#4565,.T.);
#4826 = FACE_BOUND('',#4827,.T.);
#4827 = EDGE_LOOP('',(#4828,#4829,#4830,#4831,#4832,#4833));
#4828 = ORIENTED_EDGE('',*,*,#4682,.F.);
#4829 = ORIENTED_EDGE('',*,*,#4730,.T.);
#4830 = ORIENTED_EDGE('',*,*,#4547,.T.);
#4831 = ORIENTED_EDGE('',*,*,#4803,.F.);
#4832 = ORIENTED_EDGE('',*,*,#4780,.F.);
#4833 = ORIENTED_EDGE('',*,*,#4757,.F.);
#4834 = ADVANCED_FACE('',(#4835),#4643,.F.);
#4835 = FACE_BOUND('',#4836,.T.);
#4836 = EDGE_LOOP('',(#4837,#4838,#4861,#4888));
#4837 = ORIENTED_EDGE('',*,*,#4622,.T.);
#4838 = ORIENTED_EDGE('',*,*,#4839,.T.);
#4839 = EDGE_CURVE('',#4623,#4840,#4842,.T.);
#4840 = VERTEX_POINT('',#4841);
#4841 = CARTESIAN_POINT('',(-84.825,105.5,-110.));
#4842 = SEAM_CURVE('',#4843,(#4847,#4854),.PCURVE_S1.);
#4843 = LINE('',#4844,#4845);
#4844 = CARTESIAN_POINT('',(-114.175,105.5,-110.));
#4845 = VECTOR('',#4846,1.);
#4846 = DIRECTION('',(1.,-0.,0.));
#4847 = PCURVE('',#4643,#4848);
#4848 = DEFINITIONAL_REPRESENTATION('',(#4849),#4853);
#4849 = LINE('',#4850,#4851);
#4850 = CARTESIAN_POINT('',(-6.28318530718,0.));
#4851 = VECTOR('',#4852,1.);
#4852 = DIRECTION('',(-0.,-1.));
#4853 = ( GEOMETRIC_REPRESENTATION_CONTEXT(2) 
PARAMETRIC_REPRESENTATION_CONTEXT() REPRESENTATION_CONTEXT('2D SPACE',''
  ) );
#4854 = PCURVE('',#4643,#4855);
#4855 = DEFINITIONAL_REPRESENTATION('',(#4856),#4860);
#4856 = LINE('',#4857,#4858);
#4857 = CARTESIAN_POINT('',(-0.,0.));
#4858 = VECTOR('',#4859,1.);
#4859 = DIRECTION('',(-0.,-1.));
#4860 = ( GEOMETRIC_REPRESENTATION_CONTEXT(2) 
PARAMETRIC_REPRESENTATION_CONTEXT() REPRESENTATION_CONTEXT('2D SPACE',''
  ) );
#4861 = ORIENTED_EDGE('',*,*,#4862,.T.);
#4862 = EDGE_CURVE('',#4840,#4840,#4863,.T.);
#4863 = SURFACE_CURVE('',#4864,(#4869,#4876),.PCURVE_S1.);
#4864 = CIRCLE('',#4865,8.5);
#4865 = AXIS2_PLACEMENT_3D('',#4866,#4867,#4868);
#4866 = CARTESIAN_POINT('',(-84.825,105.5,-118.5));
#4867 = DIRECTION('',(1.,0.,-0.));
#4868 = DIRECTION('',(0.,0.,1.));
#4869 = PCURVE('',#4643,#4870);
#4870 = DEFINITIONAL_REPRESENTATION('',(#4871),#4875);
#4871 = LINE('',#4872,#4873);
#4872 = CARTESIAN_POINT('',(-0.,-29.35));
#4873 = VECTOR('',#4874,1.);
#4874 = DIRECTION('',(-1.,0.));
#4875 = ( GEOMETRIC_REPRESENTATION_CONTEXT(2) 
PARAMETRIC_REPRESENTATION_CONTEXT() REPRESENTATION_CONTEXT('2D SPACE',''
  ) );
#4876 = PCURVE('',#4877,#4882);
#4877 = PLANE('',#4878);
#4878 = AXIS2_PLACEMENT_3D('',#4879,#4880,#4881);
#4879 = CARTESIAN_POINT('',(-84.825,105.5,-118.5));
#4880 = DIRECTION('',(1.,0.,0.));
#4881 = DIRECTION('',(-0.,0.,1.));
#4882 = DEFINITIONAL_REPRESENTATION('',(#4883),#4887);
#4883 = CIRCLE('',#4884,8.5);
#4884 = AXIS2_PLACEMENT_2D('',#4885,#4886);
#4885 = CARTESIAN_POINT('',(1.42108547152E-14,0.));
#4886 = DIRECTION('',(1.,0.));
#4887 = ( GEOMETRIC_REPRESENTATION_CONTEXT(2) 
PARAMETRIC_REPRESENTATION_CONTEXT() REPRESENTATION_CONTEXT('2D SPACE',''
  ) );
#4888 = ORIENTED_EDGE('',*,*,#4839,.F.);
#4889 = ADVANCED_FACE('',(#4890),#4877,.F.);
#4890 = FACE_BOUND('',#4891,.F.);
#4891 = EDGE_LOOP('',(#4892));
#4892 = ORIENTED_EDGE('',*,*,#4862,.T.);
#4893 = MANIFOLD_SOLID_BREP('PartBody',#4894);
#4894 = CLOSED_SHELL('',(#4895,#5015,#5091,#5162,#5189,#5262));
#4895 = ADVANCED_FACE('',(#4896),#4910,.T.);
#4896 = FACE_BOUND('',#4897,.T.);
#4897 = EDGE_LOOP('',(#4898,#4933,#4961,#4989));
#4898 = ORIENTED_EDGE('',*,*,#4899,.T.);
#4899 = EDGE_CURVE('',#4900,#4902,#4904,.T.);
#4900 = VERTEX_POINT('',#4901);
#4901 = CARTESIAN_POINT('',(-58.5,-125.,150.));
#4902 = VERTEX_POINT('',#4903);
#4903 = CARTESIAN_POINT('',(-58.5,-125.,90.));
#4904 = SURFACE_CURVE('',#4905,(#4909,#4921),.PCURVE_S1.);
#4905 = LINE('',#4906,#4907);
#4906 = CARTESIAN_POINT('',(-58.5,-125.,150.));
#4907 = VECTOR('',#4908,1.);
#4908 = DIRECTION('',(-0.,0.,-1.));
#4909 = PCURVE('',#4910,#4915);
#4910 = PLANE('',#4911);
#4911 = AXIS2_PLACEMENT_3D('',#4912,#4913,#4914);
#4912 = CARTESIAN_POINT('',(-58.5,-125.,150.));
#4913 = DIRECTION('',(0.,-1.,-0.));
#4914 = DIRECTION('',(1.,0.,0.));
#4915 = DEFINITIONAL_REPRESENTATION('',(#4916),#4920);
#4916 = LINE('',#4917,#4918);
#4917 = CARTESIAN_POINT('',(0.,0.));
#4918 = VECTOR('',#4919,1.);
#4919 = DIRECTION('',(0.,-1.));
#4920 = ( GEOMETRIC_REPRESENTATION_CONTEXT(2) 
PARAMETRIC_REPRESENTATION_CONTEXT() REPRESENTATION_CONTEXT('2D SPACE',''
  ) );
#4921 = PCURVE('',#4922,#4927);
#4922 = PLANE('',#4923);
#4923 = AXIS2_PLACEMENT_3D('',#4924,#4925,#4926);
#4924 = CARTESIAN_POINT('',(-58.5,125.,150.));
#4925 = DIRECTION('',(-1.,0.,0.));
#4926 = DIRECTION('',(0.,-1.,0.));
#4927 = DEFINITIONAL_REPRESENTATION('',(#4928),#4932);
#4928 = LINE('',#4929,#4930);
#4929 = CARTESIAN_POINT('',(250.,0.));
#4930 = VECTOR('',#4931,1.);
#4931 = DIRECTION('',(0.,-1.));
#4932 = ( GEOMETRIC_REPRESENTATION_CONTEXT(2) 
PARAMETRIC_REPRESENTATION_CONTEXT() REPRESENTATION_CONTEXT('2D SPACE',''
  ) );
#4933 = ORIENTED_EDGE('',*,*,#4934,.T.);
#4934 = EDGE_CURVE('',#4902,#4935,#4937,.T.);
#4935 = VERTEX_POINT('',#4936);
#4936 = CARTESIAN_POINT('',(42.,-125.,90.));
#4937 = SURFACE_CURVE('',#4938,(#4942,#4949),.PCURVE_S1.);
#4938 = LINE('',#4939,#4940);
#4939 = CARTESIAN_POINT('',(-58.5,-125.,90.));
#4940 = VECTOR('',#4941,1.);
#4941 = DIRECTION('',(1.,0.,0.));
#4942 = PCURVE('',#4910,#4943);
#4943 = DEFINITIONAL_REPRESENTATION('',(#4944),#4948);
#4944 = LINE('',#4945,#4946);
#4945 = CARTESIAN_POINT('',(0.,-60.));
#4946 = VECTOR('',#4947,1.);
#4947 = DIRECTION('',(1.,0.));
#4948 = ( GEOMETRIC_REPRESENTATION_CONTEXT(2) 
PARAMETRIC_REPRESENTATION_CONTEXT() REPRESENTATION_CONTEXT('2D SPACE',''
  ) );
#4949 = PCURVE('',#4950,#4955);
#4950 = PLANE('',#4951);
#4951 = AXIS2_PLACEMENT_3D('',#4952,#4953,#4954);
#4952 = CARTESIAN_POINT('',(-8.25,0.,90.));
#4953 = DIRECTION('',(0.,0.,1.));
#4954 = DIRECTION('',(1.,0.,-0.));
#4955 = DEFINITIONAL_REPRESENTATION('',(#4956),#4960);
#4956 = LINE('',#4957,#4958);
#4957 = CARTESIAN_POINT('',(-50.25,-125.));
#4958 = VECTOR('',#4959,1.);
#4959 = DIRECTION('',(1.,0.));
#4960 = ( GEOMETRIC_REPRESENTATION_CONTEXT(2) 
PARAMETRIC_REPRESENTATION_CONTEXT() REPRESENTATION_CONTEXT('2D SPACE',''
  ) );
#4961 = ORIENTED_EDGE('',*,*,#4962,.F.);
#4962 = EDGE_CURVE('',#4963,#4935,#4965,.T.);
#4963 = VERTEX_POINT('',#4964);
#4964 = CARTESIAN_POINT('',(42.,-125.,150.));
#4965 = SURFACE_CURVE('',#4966,(#4970,#4977),.PCURVE_S1.);
#4966 = LINE('',#4967,#4968);
#4967 = CARTESIAN_POINT('',(42.,-125.,150.));
#4968 = VECTOR('',#4969,1.);
#4969 = DIRECTION('',(-0.,0.,-1.));
#4970 = PCURVE('',#4910,#4971);
#4971 = DEFINITIONAL_REPRESENTATION('',(#4972),#4976);
#4972 = LINE('',#4973,#4974);
#4973 = CARTESIAN_POINT('',(100.5,0.));
#4974 = VECTOR('',#4975,1.);
#4975 = DIRECTION('',(0.,-1.));
#4976 = ( GEOMETRIC_REPRESENTATION_CONTEXT(2) 
PARAMETRIC_REPRESENTATION_CONTEXT() REPRESENTATION_CONTEXT('2D SPACE',''
  ) );
#4977 = PCURVE('',#4978,#4983);
#4978 = PLANE('',#4979);
#4979 = AXIS2_PLACEMENT_3D('',#4980,#4981,#4982);
#4980 = CARTESIAN_POINT('',(42.,-125.,150.));
#4981 = DIRECTION('',(1.,0.,-0.));
#4982 = DIRECTION('',(0.,1.,0.));
#4983 = DEFINITIONAL_REPRESENTATION('',(#4984),#4988);
#4984 = LINE('',#4985,#4986);
#4985 = CARTESIAN_POINT('',(0.,0.));
#4986 = VECTOR('',#4987,1.);
#4987 = DIRECTION('',(0.,-1.));
#4988 = ( GEOMETRIC_REPRESENTATION_CONTEXT(2) 
PARAMETRIC_REPRESENTATION_CONTEXT() REPRESENTATION_CONTEXT('2D SPACE',''
  ) );
#4989 = ORIENTED_EDGE('',*,*,#4990,.F.);
#4990 = EDGE_CURVE('',#4900,#4963,#4991,.T.);
#4991 = SURFACE_CURVE('',#4992,(#4996,#5003),.PCURVE_S1.);
#4992 = LINE('',#4993,#4994);
#4993 = CARTESIAN_POINT('',(-58.5,-125.,150.));
#4994 = VECTOR('',#4995,1.);
#4995 = DIRECTION('',(1.,0.,0.));
#4996 = PCURVE('',#4910,#4997);
#4997 = DEFINITIONAL_REPRESENTATION('',(#4998),#5002);
#4998 = LINE('',#4999,#5000);
#4999 = CARTESIAN_POINT('',(0.,0.));
#5000 = VECTOR('',#5001,1.);
#5001 = DIRECTION('',(1.,0.));
#5002 = ( GEOMETRIC_REPRESENTATION_CONTEXT(2) 
PARAMETRIC_REPRESENTATION_CONTEXT() REPRESENTATION_CONTEXT('2D SPACE',''
  ) );
#5003 = PCURVE('',#5004,#5009);
#5004 = PLANE('',#5005);
#5005 = AXIS2_PLACEMENT_3D('',#5006,#5007,#5008);
#5006 = CARTESIAN_POINT('',(-8.25,0.,150.));
#5007 = DIRECTION('',(0.,0.,1.));
#5008 = DIRECTION('',(1.,0.,-0.));
#5009 = DEFINITIONAL_REPRESENTATION('',(#5010),#5014);
#5010 = LINE('',#5011,#5012);
#5011 = CARTESIAN_POINT('',(-50.25,-125.));
#5012 = VECTOR('',#5013,1.);
#5013 = DIRECTION('',(1.,0.));
#5014 = ( GEOMETRIC_REPRESENTATION_CONTEXT(2) 
PARAMETRIC_REPRESENTATION_CONTEXT() REPRESENTATION_CONTEXT('2D SPACE',''
  ) );
#5015 = ADVANCED_FACE('',(#5016),#4922,.T.);
#5016 = FACE_BOUND('',#5017,.T.);
#5017 = EDGE_LOOP('',(#5018,#5048,#5069,#5070));
#5018 = ORIENTED_EDGE('',*,*,#5019,.T.);
#5019 = EDGE_CURVE('',#5020,#5022,#5024,.T.);
#5020 = VERTEX_POINT('',#5021);
#5021 = CARTESIAN_POINT('',(-58.5,125.,150.));
#5022 = VERTEX_POINT('',#5023);
#5023 = CARTESIAN_POINT('',(-58.5,125.,90.));
#5024 = SURFACE_CURVE('',#5025,(#5029,#5036),.PCURVE_S1.);
#5025 = LINE('',#5026,#5027);
#5026 = CARTESIAN_POINT('',(-58.5,125.,150.));
#5027 = VECTOR('',#5028,1.);
#5028 = DIRECTION('',(-0.,0.,-1.));
#5029 = PCURVE('',#4922,#5030);
#5030 = DEFINITIONAL_REPRESENTATION('',(#5031),#5035);
#5031 = LINE('',#5032,#5033);
#5032 = CARTESIAN_POINT('',(0.,0.));
#5033 = VECTOR('',#5034,1.);
#5034 = DIRECTION('',(0.,-1.));
#5035 = ( GEOMETRIC_REPRESENTATION_CONTEXT(2) 
PARAMETRIC_REPRESENTATION_CONTEXT() REPRESENTATION_CONTEXT('2D SPACE',''
  ) );
#5036 = PCURVE('',#5037,#5042);
#5037 = PLANE('',#5038);
#5038 = AXIS2_PLACEMENT_3D('',#5039,#5040,#5041);
#5039 = CARTESIAN_POINT('',(-150.,125.,-150.));
#5040 = DIRECTION('',(0.,1.,0.));
#5041 = DIRECTION('',(0.,0.,1.));
#5042 = DEFINITIONAL_REPRESENTATION('',(#5043),#5047);
#5043 = LINE('',#5044,#5045);
#5044 = CARTESIAN_POINT('',(300.,91.5));
#5045 = VECTOR('',#5046,1.);
#5046 = DIRECTION('',(-1.,0.));
#5047 = ( GEOMETRIC_REPRESENTATION_CONTEXT(2) 
PARAMETRIC_REPRESENTATION_CONTEXT() REPRESENTATION_CONTEXT('2D SPACE',''
  ) );
#5048 = ORIENTED_EDGE('',*,*,#5049,.T.);
#5049 = EDGE_CURVE('',#5022,#4902,#5050,.T.);
#5050 = SURFACE_CURVE('',#5051,(#5055,#5062),.PCURVE_S1.);
#5051 = LINE('',#5052,#5053);
#5052 = CARTESIAN_POINT('',(-58.5,125.,90.));
#5053 = VECTOR('',#5054,1.);
#5054 = DIRECTION('',(0.,-1.,0.));
#5055 = PCURVE('',#4922,#5056);
#5056 = DEFINITIONAL_REPRESENTATION('',(#5057),#5061);
#5057 = LINE('',#5058,#5059);
#5058 = CARTESIAN_POINT('',(0.,-60.));
#5059 = VECTOR('',#5060,1.);
#5060 = DIRECTION('',(1.,0.));
#5061 = ( GEOMETRIC_REPRESENTATION_CONTEXT(2) 
PARAMETRIC_REPRESENTATION_CONTEXT() REPRESENTATION_CONTEXT('2D SPACE',''
  ) );
#5062 = PCURVE('',#4950,#5063);
#5063 = DEFINITIONAL_REPRESENTATION('',(#5064),#5068);
#5064 = LINE('',#5065,#5066);
#5065 = CARTESIAN_POINT('',(-50.25,125.));
#5066 = VECTOR('',#5067,1.);
#5067 = DIRECTION('',(0.,-1.));
#5068 = ( GEOMETRIC_REPRESENTATION_CONTEXT(2) 
PARAMETRIC_REPRESENTATION_CONTEXT() REPRESENTATION_CONTEXT('2D SPACE',''
  ) );
#5069 = ORIENTED_EDGE('',*,*,#4899,.F.);
#5070 = ORIENTED_EDGE('',*,*,#5071,.F.);
#5071 = EDGE_CURVE('',#5020,#4900,#5072,.T.);
#5072 = SURFACE_CURVE('',#5073,(#5077,#5084),.PCURVE_S1.);
#5073 = LINE('',#5074,#5075);
#5074 = CARTESIAN_POINT('',(-58.5,125.,150.));
#5075 = VECTOR('',#5076,1.);
#5076 = DIRECTION('',(0.,-1.,0.));
#5077 = PCURVE('',#4922,#5078);
#5078 = DEFINITIONAL_REPRESENTATION('',(#5079),#5083);
#5079 = LINE('',#5080,#5081);
#5080 = CARTESIAN_POINT('',(0.,0.));
#5081 = VECTOR('',#5082,1.);
#5082 = DIRECTION('',(1.,0.));
#5083 = ( GEOMETRIC_REPRESENTATION_CONTEXT(2) 
PARAMETRIC_REPRESENTATION_CONTEXT() REPRESENTATION_CONTEXT('2D SPACE',''
  ) );
#5084 = PCURVE('',#5004,#5085);
#5085 = DEFINITIONAL_REPRESENTATION('',(#5086),#5090);
#5086 = LINE('',#5087,#5088);
#5087 = CARTESIAN_POINT('',(-50.25,125.));
#5088 = VECTOR('',#5089,1.);
#5089 = DIRECTION('',(0.,-1.));
#5090 = ( GEOMETRIC_REPRESENTATION_CONTEXT(2) 
PARAMETRIC_REPRESENTATION_CONTEXT() REPRESENTATION_CONTEXT('2D SPACE',''
  ) );
#5091 = ADVANCED_FACE('',(#5092),#4978,.T.);
#5092 = FACE_BOUND('',#5093,.T.);
#5093 = EDGE_LOOP('',(#5094,#5095,#5118,#5141));
#5094 = ORIENTED_EDGE('',*,*,#4962,.T.);
#5095 = ORIENTED_EDGE('',*,*,#5096,.T.);
#5096 = EDGE_CURVE('',#4935,#5097,#5099,.T.);
#5097 = VERTEX_POINT('',#5098);
#5098 = CARTESIAN_POINT('',(42.,125.,90.));
#5099 = SURFACE_CURVE('',#5100,(#5104,#5111),.PCURVE_S1.);
#5100 = LINE('',#5101,#5102);
#5101 = CARTESIAN_POINT('',(42.,-125.,90.));
#5102 = VECTOR('',#5103,1.);
#5103 = DIRECTION('',(0.,1.,0.));
#5104 = PCURVE('',#4978,#5105);
#5105 = DEFINITIONAL_REPRESENTATION('',(#5106),#5110);
#5106 = LINE('',#5107,#5108);
#5107 = CARTESIAN_POINT('',(0.,-60.));
#5108 = VECTOR('',#5109,1.);
#5109 = DIRECTION('',(1.,0.));
#5110 = ( GEOMETRIC_REPRESENTATION_CONTEXT(2) 
PARAMETRIC_REPRESENTATION_CONTEXT() REPRESENTATION_CONTEXT('2D SPACE',''
  ) );
#5111 = PCURVE('',#4950,#5112);
#5112 = DEFINITIONAL_REPRESENTATION('',(#5113),#5117);
#5113 = LINE('',#5114,#5115);
#5114 = CARTESIAN_POINT('',(50.25,-125.));
#5115 = VECTOR('',#5116,1.);
#5116 = DIRECTION('',(0.,1.));
#5117 = ( GEOMETRIC_REPRESENTATION_CONTEXT(2) 
PARAMETRIC_REPRESENTATION_CONTEXT() REPRESENTATION_CONTEXT('2D SPACE',''
  ) );
#5118 = ORIENTED_EDGE('',*,*,#5119,.F.);
#5119 = EDGE_CURVE('',#5120,#5097,#5122,.T.);
#5120 = VERTEX_POINT('',#5121);
#5121 = CARTESIAN_POINT('',(42.,125.,150.));
#5122 = SURFACE_CURVE('',#5123,(#5127,#5134),.PCURVE_S1.);
#5123 = LINE('',#5124,#5125);
#5124 = CARTESIAN_POINT('',(42.,125.,150.));
#5125 = VECTOR('',#5126,1.);
#5126 = DIRECTION('',(-0.,0.,-1.));
#5127 = PCURVE('',#4978,#5128);
#5128 = DEFINITIONAL_REPRESENTATION('',(#5129),#5133);
#5129 = LINE('',#5130,#5131);
#5130 = CARTESIAN_POINT('',(250.,0.));
#5131 = VECTOR('',#5132,1.);
#5132 = DIRECTION('',(0.,-1.));
#5133 = ( GEOMETRIC_REPRESENTATION_CONTEXT(2) 
PARAMETRIC_REPRESENTATION_CONTEXT() REPRESENTATION_CONTEXT('2D SPACE',''
  ) );
#5134 = PCURVE('',#5037,#5135);
#5135 = DEFINITIONAL_REPRESENTATION('',(#5136),#5140);
#5136 = LINE('',#5137,#5138);
#5137 = CARTESIAN_POINT('',(300.,192.));
#5138 = VECTOR('',#5139,1.);
#5139 = DIRECTION('',(-1.,0.));
#5140 = ( GEOMETRIC_REPRESENTATION_CONTEXT(2) 
PARAMETRIC_REPRESENTATION_CONTEXT() REPRESENTATION_CONTEXT('2D SPACE',''
  ) );
#5141 = ORIENTED_EDGE('',*,*,#5142,.F.);
#5142 = EDGE_CURVE('',#4963,#5120,#5143,.T.);
#5143 = SURFACE_CURVE('',#5144,(#5148,#5155),.PCURVE_S1.);
#5144 = LINE('',#5145,#5146);
#5145 = CARTESIAN_POINT('',(42.,-125.,150.));
#5146 = VECTOR('',#5147,1.);
#5147 = DIRECTION('',(0.,1.,0.));
#5148 = PCURVE('',#4978,#5149);
#5149 = DEFINITIONAL_REPRESENTATION('',(#5150),#5154);
#5150 = LINE('',#5151,#5152);
#5151 = CARTESIAN_POINT('',(0.,0.));
#5152 = VECTOR('',#5153,1.);
#5153 = DIRECTION('',(1.,0.));
#5154 = ( GEOMETRIC_REPRESENTATION_CONTEXT(2) 
PARAMETRIC_REPRESENTATION_CONTEXT() REPRESENTATION_CONTEXT('2D SPACE',''
  ) );
#5155 = PCURVE('',#5004,#5156);
#5156 = DEFINITIONAL_REPRESENTATION('',(#5157),#5161);
#5157 = LINE('',#5158,#5159);
#5158 = CARTESIAN_POINT('',(50.25,-125.));
#5159 = VECTOR('',#5160,1.);
#5160 = DIRECTION('',(0.,1.));
#5161 = ( GEOMETRIC_REPRESENTATION_CONTEXT(2) 
PARAMETRIC_REPRESENTATION_CONTEXT() REPRESENTATION_CONTEXT('2D SPACE',''
  ) );
#5162 = ADVANCED_FACE('',(#5163),#5004,.T.);
#5163 = FACE_BOUND('',#5164,.T.);
#5164 = EDGE_LOOP('',(#5165,#5166,#5187,#5188));
#5165 = ORIENTED_EDGE('',*,*,#5142,.T.);
#5166 = ORIENTED_EDGE('',*,*,#5167,.T.);
#5167 = EDGE_CURVE('',#5120,#5020,#5168,.T.);
#5168 = SURFACE_CURVE('',#5169,(#5173,#5180),.PCURVE_S1.);
#5169 = LINE('',#5170,#5171);
#5170 = CARTESIAN_POINT('',(42.,125.,150.));
#5171 = VECTOR('',#5172,1.);
#5172 = DIRECTION('',(-1.,0.,0.));
#5173 = PCURVE('',#5004,#5174);
#5174 = DEFINITIONAL_REPRESENTATION('',(#5175),#5179);
#5175 = LINE('',#5176,#5177);
#5176 = CARTESIAN_POINT('',(50.25,125.));
#5177 = VECTOR('',#5178,1.);
#5178 = DIRECTION('',(-1.,0.));
#5179 = ( GEOMETRIC_REPRESENTATION_CONTEXT(2) 
PARAMETRIC_REPRESENTATION_CONTEXT() REPRESENTATION_CONTEXT('2D SPACE',''
  ) );
#5180 = PCURVE('',#5037,#5181);
#5181 = DEFINITIONAL_REPRESENTATION('',(#5182),#5186);
#5182 = LINE('',#5183,#5184);
#5183 = CARTESIAN_POINT('',(300.,192.));
#5184 = VECTOR('',#5185,1.);
#5185 = DIRECTION('',(0.,-1.));
#5186 = ( GEOMETRIC_REPRESENTATION_CONTEXT(2) 
PARAMETRIC_REPRESENTATION_CONTEXT() REPRESENTATION_CONTEXT('2D SPACE',''
  ) );
#5187 = ORIENTED_EDGE('',*,*,#5071,.T.);
#5188 = ORIENTED_EDGE('',*,*,#4990,.T.);
#5189 = ADVANCED_FACE('',(#5190),#4950,.F.);
#5190 = FACE_BOUND('',#5191,.F.);
#5191 = EDGE_LOOP('',(#5192,#5193,#5216,#5239,#5260,#5261));
#5192 = ORIENTED_EDGE('',*,*,#5096,.T.);
#5193 = ORIENTED_EDGE('',*,*,#5194,.T.);
#5194 = EDGE_CURVE('',#5097,#5195,#5197,.T.);
#5195 = VERTEX_POINT('',#5196);
#5196 = CARTESIAN_POINT('',(23.430749027723,125.,90.));
#5197 = SURFACE_CURVE('',#5198,(#5202,#5209),.PCURVE_S1.);
#5198 = LINE('',#5199,#5200);
#5199 = CARTESIAN_POINT('',(42.,125.,90.));
#5200 = VECTOR('',#5201,1.);
#5201 = DIRECTION('',(-1.,0.,0.));
#5202 = PCURVE('',#4950,#5203);
#5203 = DEFINITIONAL_REPRESENTATION('',(#5204),#5208);
#5204 = LINE('',#5205,#5206);
#5205 = CARTESIAN_POINT('',(50.25,125.));
#5206 = VECTOR('',#5207,1.);
#5207 = DIRECTION('',(-1.,0.));
#5208 = ( GEOMETRIC_REPRESENTATION_CONTEXT(2) 
PARAMETRIC_REPRESENTATION_CONTEXT() REPRESENTATION_CONTEXT('2D SPACE',''
  ) );
#5209 = PCURVE('',#5037,#5210);
#5210 = DEFINITIONAL_REPRESENTATION('',(#5211),#5215);
#5211 = LINE('',#5212,#5213);
#5212 = CARTESIAN_POINT('',(240.,192.));
#5213 = VECTOR('',#5214,1.);
#5214 = DIRECTION('',(0.,-1.));
#5215 = ( GEOMETRIC_REPRESENTATION_CONTEXT(2) 
PARAMETRIC_REPRESENTATION_CONTEXT() REPRESENTATION_CONTEXT('2D SPACE',''
  ) );
#5216 = ORIENTED_EDGE('',*,*,#5217,.T.);
#5217 = EDGE_CURVE('',#5195,#5218,#5220,.T.);
#5218 = VERTEX_POINT('',#5219);
#5219 = CARTESIAN_POINT('',(-23.43074902772,125.,90.));
#5220 = SURFACE_CURVE('',#5221,(#5225,#5232),.PCURVE_S1.);
#5221 = LINE('',#5222,#5223);
#5222 = CARTESIAN_POINT('',(42.,125.,90.));
#5223 = VECTOR('',#5224,1.);
#5224 = DIRECTION('',(-1.,0.,0.));
#5225 = PCURVE('',#4950,#5226);
#5226 = DEFINITIONAL_REPRESENTATION('',(#5227),#5231);
#5227 = LINE('',#5228,#5229);
#5228 = CARTESIAN_POINT('',(50.25,125.));
#5229 = VECTOR('',#5230,1.);
#5230 = DIRECTION('',(-1.,0.));
#5231 = ( GEOMETRIC_REPRESENTATION_CONTEXT(2) 
PARAMETRIC_REPRESENTATION_CONTEXT() REPRESENTATION_CONTEXT('2D SPACE',''
  ) );
#5232 = PCURVE('',#5037,#5233);
#5233 = DEFINITIONAL_REPRESENTATION('',(#5234),#5238);
#5234 = LINE('',#5235,#5236);
#5235 = CARTESIAN_POINT('',(240.,192.));
#5236 = VECTOR('',#5237,1.);
#5237 = DIRECTION('',(0.,-1.));
#5238 = ( GEOMETRIC_REPRESENTATION_CONTEXT(2) 
PARAMETRIC_REPRESENTATION_CONTEXT() REPRESENTATION_CONTEXT('2D SPACE',''
  ) );
#5239 = ORIENTED_EDGE('',*,*,#5240,.T.);
#5240 = EDGE_CURVE('',#5218,#5022,#5241,.T.);
#5241 = SURFACE_CURVE('',#5242,(#5246,#5253),.PCURVE_S1.);
#5242 = LINE('',#5243,#5244);
#5243 = CARTESIAN_POINT('',(42.,125.,90.));
#5244 = VECTOR('',#5245,1.);
#5245 = DIRECTION('',(-1.,0.,0.));
#5246 = PCURVE('',#4950,#5247);
#5247 = DEFINITIONAL_REPRESENTATION('',(#5248),#5252);
#5248 = LINE('',#5249,#5250);
#5249 = CARTESIAN_POINT('',(50.25,125.));
#5250 = VECTOR('',#5251,1.);
#5251 = DIRECTION('',(-1.,0.));
#5252 = ( GEOMETRIC_REPRESENTATION_CONTEXT(2) 
PARAMETRIC_REPRESENTATION_CONTEXT() REPRESENTATION_CONTEXT('2D SPACE',''
  ) );
#5253 = PCURVE('',#5037,#5254);
#5254 = DEFINITIONAL_REPRESENTATION('',(#5255),#5259);
#5255 = LINE('',#5256,#5257);
#5256 = CARTESIAN_POINT('',(240.,192.));
#5257 = VECTOR('',#5258,1.);
#5258 = DIRECTION('',(0.,-1.));
#5259 = ( GEOMETRIC_REPRESENTATION_CONTEXT(2) 
PARAMETRIC_REPRESENTATION_CONTEXT() REPRESENTATION_CONTEXT('2D SPACE',''
  ) );
#5260 = ORIENTED_EDGE('',*,*,#5049,.T.);
#5261 = ORIENTED_EDGE('',*,*,#4934,.T.);
#5262 = ADVANCED_FACE('',(#5263),#5037,.T.);
#5263 = FACE_BOUND('',#5264,.T.);
#5264 = EDGE_LOOP('',(#5265,#5266,#5267,#5268,#5269,#5270));
#5265 = ORIENTED_EDGE('',*,*,#5167,.F.);
#5266 = ORIENTED_EDGE('',*,*,#5119,.T.);
#5267 = ORIENTED_EDGE('',*,*,#5194,.T.);
#5268 = ORIENTED_EDGE('',*,*,#5217,.T.);
#5269 = ORIENTED_EDGE('',*,*,#5240,.T.);
#5270 = ORIENTED_EDGE('',*,*,#5019,.F.);
#5271 = MANIFOLD_SOLID_BREP('PartBody',#5272);
#5272 = CLOSED_SHELL('',(#5273,#5467,#5471,#5519,#5524));
#5273 = ADVANCED_FACE('',(#5274),#5289,.T.);
#5274 = FACE_BOUND('',#5275,.T.);
#5275 = EDGE_LOOP('',(#5276,#5312,#5335,#5362,#5363,#5387,#5416,#5440));
#5276 = ORIENTED_EDGE('',*,*,#5277,.T.);
#5277 = EDGE_CURVE('',#5278,#5280,#5282,.T.);
#5278 = VERTEX_POINT('',#5279);
#5279 = CARTESIAN_POINT('',(23.430749027723,125.,90.));
#5280 = VERTEX_POINT('',#5281);
#5281 = CARTESIAN_POINT('',(93.,125.,0.));
#5282 = SURFACE_CURVE('',#5283,(#5288,#5300),.PCURVE_S1.);
#5283 = CIRCLE('',#5284,93.);
#5284 = AXIS2_PLACEMENT_3D('',#5285,#5286,#5287);
#5285 = CARTESIAN_POINT('',(0.,125.,0.));
#5286 = DIRECTION('',(-0.,1.,0.));
#5287 = DIRECTION('',(1.,0.,0.));
#5288 = PCURVE('',#5289,#5294);
#5289 = CONICAL_SURFACE('',#5290,93.,0.174532925199);
#5290 = AXIS2_PLACEMENT_3D('',#5291,#5292,#5293);
#5291 = CARTESIAN_POINT('',(0.,125.,0.));
#5292 = DIRECTION('',(-0.,-1.,-0.));
#5293 = DIRECTION('',(1.,0.,0.));
#5294 = DEFINITIONAL_REPRESENTATION('',(#5295),#5299);
#5295 = LINE('',#5296,#5297);
#5296 = CARTESIAN_POINT('',(-0.,-0.));
#5297 = VECTOR('',#5298,1.);
#5298 = DIRECTION('',(-1.,-0.));
#5299 = ( GEOMETRIC_REPRESENTATION_CONTEXT(2) 
PARAMETRIC_REPRESENTATION_CONTEXT() REPRESENTATION_CONTEXT('2D SPACE',''
  ) );
#5300 = PCURVE('',#5301,#5306);
#5301 = PLANE('',#5302);
#5302 = AXIS2_PLACEMENT_3D('',#5303,#5304,#5305);
#5303 = CARTESIAN_POINT('',(0.,125.,0.));
#5304 = DIRECTION('',(0.,1.,0.));
#5305 = DIRECTION('',(1.,-0.,0.));
#5306 = DEFINITIONAL_REPRESENTATION('',(#5307),#5311);
#5307 = CIRCLE('',#5308,93.);
#5308 = AXIS2_PLACEMENT_2D('',#5309,#5310);
#5309 = CARTESIAN_POINT('',(0.,0.));
#5310 = DIRECTION('',(1.,-0.));
#5311 = ( GEOMETRIC_REPRESENTATION_CONTEXT(2) 
PARAMETRIC_REPRESENTATION_CONTEXT() REPRESENTATION_CONTEXT('2D SPACE',''
  ) );
#5312 = ORIENTED_EDGE('',*,*,#5313,.T.);
#5313 = EDGE_CURVE('',#5280,#5314,#5316,.T.);
#5314 = VERTEX_POINT('',#5315);
#5315 = CARTESIAN_POINT('',(62.319105356727,299.,0.));
#5316 = SEAM_CURVE('',#5317,(#5321,#5328),.PCURVE_S1.);
#5317 = LINE('',#5318,#5319);
#5318 = CARTESIAN_POINT('',(93.,125.,0.));
#5319 = VECTOR('',#5320,1.);
#5320 = DIRECTION('',(-0.173648177667,0.984807753012,0.));
#5321 = PCURVE('',#5289,#5322);
#5322 = DEFINITIONAL_REPRESENTATION('',(#5323),#5327);
#5323 = LINE('',#5324,#5325);
#5324 = CARTESIAN_POINT('',(-0.,-0.));
#5325 = VECTOR('',#5326,1.);
#5326 = DIRECTION('',(-0.,-1.));
#5327 = ( GEOMETRIC_REPRESENTATION_CONTEXT(2) 
PARAMETRIC_REPRESENTATION_CONTEXT() REPRESENTATION_CONTEXT('2D SPACE',''
  ) );
#5328 = PCURVE('',#5289,#5329);
#5329 = DEFINITIONAL_REPRESENTATION('',(#5330),#5334);
#5330 = LINE('',#5331,#5332);
#5331 = CARTESIAN_POINT('',(-6.28318530718,-0.));
#5332 = VECTOR('',#5333,1.);
#5333 = DIRECTION('',(-0.,-1.));
#5334 = ( GEOMETRIC_REPRESENTATION_CONTEXT(2) 
PARAMETRIC_REPRESENTATION_CONTEXT() REPRESENTATION_CONTEXT('2D SPACE',''
  ) );
#5335 = ORIENTED_EDGE('',*,*,#5336,.F.);
#5336 = EDGE_CURVE('',#5314,#5314,#5337,.T.);
#5337 = SURFACE_CURVE('',#5338,(#5343,#5350),.PCURVE_S1.);
#5338 = CIRCLE('',#5339,62.319105356727);
#5339 = AXIS2_PLACEMENT_3D('',#5340,#5341,#5342);
#5340 = CARTESIAN_POINT('',(0.,299.,0.));
#5341 = DIRECTION('',(-0.,1.,0.));
#5342 = DIRECTION('',(1.,0.,0.));
#5343 = PCURVE('',#5289,#5344);
#5344 = DEFINITIONAL_REPRESENTATION('',(#5345),#5349);
#5345 = LINE('',#5346,#5347);
#5346 = CARTESIAN_POINT('',(-0.,-174.));
#5347 = VECTOR('',#5348,1.);
#5348 = DIRECTION('',(-1.,-0.));
#5349 = ( GEOMETRIC_REPRESENTATION_CONTEXT(2) 
PARAMETRIC_REPRESENTATION_CONTEXT() REPRESENTATION_CONTEXT('2D SPACE',''
  ) );
#5350 = PCURVE('',#5351,#5356);
#5351 = PLANE('',#5352);
#5352 = AXIS2_PLACEMENT_3D('',#5353,#5354,#5355);
#5353 = CARTESIAN_POINT('',(0.,299.,0.));
#5354 = DIRECTION('',(0.,1.,0.));
#5355 = DIRECTION('',(1.,0.,0.));
#5356 = DEFINITIONAL_REPRESENTATION('',(#5357),#5361);
#5357 = CIRCLE('',#5358,62.319105356727);
#5358 = AXIS2_PLACEMENT_2D('',#5359,#5360);
#5359 = CARTESIAN_POINT('',(0.,0.));
#5360 = DIRECTION('',(1.,0.));
#5361 = ( GEOMETRIC_REPRESENTATION_CONTEXT(2) 
PARAMETRIC_REPRESENTATION_CONTEXT() REPRESENTATION_CONTEXT('2D SPACE',''
  ) );
#5362 = ORIENTED_EDGE('',*,*,#5313,.F.);
#5363 = ORIENTED_EDGE('',*,*,#5364,.T.);
#5364 = EDGE_CURVE('',#5280,#5365,#5367,.T.);
#5365 = VERTEX_POINT('',#5366);
#5366 = CARTESIAN_POINT('',(23.430749027718,125.,-90.));
#5367 = SURFACE_CURVE('',#5368,(#5373,#5380),.PCURVE_S1.);
#5368 = CIRCLE('',#5369,93.);
#5369 = AXIS2_PLACEMENT_3D('',#5370,#5371,#5372);
#5370 = CARTESIAN_POINT('',(0.,125.,0.));
#5371 = DIRECTION('',(-0.,1.,0.));
#5372 = DIRECTION('',(1.,0.,0.));
#5373 = PCURVE('',#5289,#5374);
#5374 = DEFINITIONAL_REPRESENTATION('',(#5375),#5379);
#5375 = LINE('',#5376,#5377);
#5376 = CARTESIAN_POINT('',(-0.,-0.));
#5377 = VECTOR('',#5378,1.);
#5378 = DIRECTION('',(-1.,-0.));
#5379 = ( GEOMETRIC_REPRESENTATION_CONTEXT(2) 
PARAMETRIC_REPRESENTATION_CONTEXT() REPRESENTATION_CONTEXT('2D SPACE',''
  ) );
#5380 = PCURVE('',#5301,#5381);
#5381 = DEFINITIONAL_REPRESENTATION('',(#5382),#5386);
#5382 = CIRCLE('',#5383,93.);
#5383 = AXIS2_PLACEMENT_2D('',#5384,#5385);
#5384 = CARTESIAN_POINT('',(0.,0.));
#5385 = DIRECTION('',(1.,-0.));
#5386 = ( GEOMETRIC_REPRESENTATION_CONTEXT(2) 
PARAMETRIC_REPRESENTATION_CONTEXT() REPRESENTATION_CONTEXT('2D SPACE',''
  ) );
#5387 = ORIENTED_EDGE('',*,*,#5388,.T.);
#5388 = EDGE_CURVE('',#5365,#5389,#5391,.T.);
#5389 = VERTEX_POINT('',#5390);
#5390 = CARTESIAN_POINT('',(-23.43074902772,125.,-90.));
#5391 = SURFACE_CURVE('',#5392,(#5397,#5404),.PCURVE_S1.);
#5392 = CIRCLE('',#5393,93.);
#5393 = AXIS2_PLACEMENT_3D('',#5394,#5395,#5396);
#5394 = CARTESIAN_POINT('',(0.,125.,0.));
#5395 = DIRECTION('',(-0.,1.,0.));
#5396 = DIRECTION('',(1.,0.,0.));
#5397 = PCURVE('',#5289,#5398);
#5398 = DEFINITIONAL_REPRESENTATION('',(#5399),#5403);
#5399 = LINE('',#5400,#5401);
#5400 = CARTESIAN_POINT('',(-0.,-0.));
#5401 = VECTOR('',#5402,1.);
#5402 = DIRECTION('',(-1.,-0.));
#5403 = ( GEOMETRIC_REPRESENTATION_CONTEXT(2) 
PARAMETRIC_REPRESENTATION_CONTEXT() REPRESENTATION_CONTEXT('2D SPACE',''
  ) );
#5404 = PCURVE('',#5405,#5410);
#5405 = PLANE('',#5406);
#5406 = AXIS2_PLACEMENT_3D('',#5407,#5408,#5409);
#5407 = CARTESIAN_POINT('',(0.,125.,0.));
#5408 = DIRECTION('',(0.,1.,0.));
#5409 = DIRECTION('',(1.,-0.,0.));
#5410 = DEFINITIONAL_REPRESENTATION('',(#5411),#5415);
#5411 = CIRCLE('',#5412,93.);
#5412 = AXIS2_PLACEMENT_2D('',#5413,#5414);
#5413 = CARTESIAN_POINT('',(0.,0.));
#5414 = DIRECTION('',(1.,-0.));
#5415 = ( GEOMETRIC_REPRESENTATION_CONTEXT(2) 
PARAMETRIC_REPRESENTATION_CONTEXT() REPRESENTATION_CONTEXT('2D SPACE',''
  ) );
#5416 = ORIENTED_EDGE('',*,*,#5417,.T.);
#5417 = EDGE_CURVE('',#5389,#5418,#5420,.T.);
#5418 = VERTEX_POINT('',#5419);
#5419 = CARTESIAN_POINT('',(-23.43074902772,125.,90.));
#5420 = SURFACE_CURVE('',#5421,(#5426,#5433),.PCURVE_S1.);
#5421 = CIRCLE('',#5422,93.);
#5422 = AXIS2_PLACEMENT_3D('',#5423,#5424,#5425);
#5423 = CARTESIAN_POINT('',(0.,125.,0.));
#5424 = DIRECTION('',(-0.,1.,0.));
#5425 = DIRECTION('',(1.,0.,0.));
#5426 = PCURVE('',#5289,#5427);
#5427 = DEFINITIONAL_REPRESENTATION('',(#5428),#5432);
#5428 = LINE('',#5429,#5430);
#5429 = CARTESIAN_POINT('',(-0.,-0.));
#5430 = VECTOR('',#5431,1.);
#5431 = DIRECTION('',(-1.,-0.));
#5432 = ( GEOMETRIC_REPRESENTATION_CONTEXT(2) 
PARAMETRIC_REPRESENTATION_CONTEXT() REPRESENTATION_CONTEXT('2D SPACE',''
  ) );
#5433 = PCURVE('',#5301,#5434);
#5434 = DEFINITIONAL_REPRESENTATION('',(#5435),#5439);
#5435 = CIRCLE('',#5436,93.);
#5436 = AXIS2_PLACEMENT_2D('',#5437,#5438);
#5437 = CARTESIAN_POINT('',(0.,0.));
#5438 = DIRECTION('',(1.,-0.));
#5439 = ( GEOMETRIC_REPRESENTATION_CONTEXT(2) 
PARAMETRIC_REPRESENTATION_CONTEXT() REPRESENTATION_CONTEXT('2D SPACE',''
  ) );
#5440 = ORIENTED_EDGE('',*,*,#5441,.T.);
#5441 = EDGE_CURVE('',#5418,#5278,#5442,.T.);
#5442 = SURFACE_CURVE('',#5443,(#5448,#5455),.PCURVE_S1.);
#5443 = CIRCLE('',#5444,93.);
#5444 = AXIS2_PLACEMENT_3D('',#5445,#5446,#5447);
#5445 = CARTESIAN_POINT('',(0.,125.,0.));
#5446 = DIRECTION('',(-0.,1.,0.));
#5447 = DIRECTION('',(1.,0.,0.));
#5448 = PCURVE('',#5289,#5449);
#5449 = DEFINITIONAL_REPRESENTATION('',(#5450),#5454);
#5450 = LINE('',#5451,#5452);
#5451 = CARTESIAN_POINT('',(-0.,-0.));
#5452 = VECTOR('',#5453,1.);
#5453 = DIRECTION('',(-1.,-0.));
#5454 = ( GEOMETRIC_REPRESENTATION_CONTEXT(2) 
PARAMETRIC_REPRESENTATION_CONTEXT() REPRESENTATION_CONTEXT('2D SPACE',''
  ) );
#5455 = PCURVE('',#5456,#5461);
#5456 = PLANE('',#5457);
#5457 = AXIS2_PLACEMENT_3D('',#5458,#5459,#5460);
#5458 = CARTESIAN_POINT('',(0.,125.,0.));
#5459 = DIRECTION('',(0.,1.,0.));
#5460 = DIRECTION('',(1.,-0.,0.));
#5461 = DEFINITIONAL_REPRESENTATION('',(#5462),#5466);
#5462 = CIRCLE('',#5463,93.);
#5463 = AXIS2_PLACEMENT_2D('',#5464,#5465);
#5464 = CARTESIAN_POINT('',(0.,0.));
#5465 = DIRECTION('',(1.,-0.));
#5466 = ( GEOMETRIC_REPRESENTATION_CONTEXT(2) 
PARAMETRIC_REPRESENTATION_CONTEXT() REPRESENTATION_CONTEXT('2D SPACE',''
  ) );
#5467 = ADVANCED_FACE('',(#5468),#5351,.T.);
#5468 = FACE_BOUND('',#5469,.T.);
#5469 = EDGE_LOOP('',(#5470));
#5470 = ORIENTED_EDGE('',*,*,#5336,.T.);
#5471 = ADVANCED_FACE('',(#5472),#5301,.F.);
#5472 = FACE_BOUND('',#5473,.T.);
#5473 = EDGE_LOOP('',(#5474,#5475,#5476,#5497,#5498));
#5474 = ORIENTED_EDGE('',*,*,#5364,.F.);
#5475 = ORIENTED_EDGE('',*,*,#5277,.F.);
#5476 = ORIENTED_EDGE('',*,*,#5477,.T.);
#5477 = EDGE_CURVE('',#5278,#5418,#5478,.T.);
#5478 = SURFACE_CURVE('',#5479,(#5483,#5490),.PCURVE_S1.);
#5479 = LINE('',#5480,#5481);
#5480 = CARTESIAN_POINT('',(42.,125.,90.));
#5481 = VECTOR('',#5482,1.);
#5482 = DIRECTION('',(-1.,0.,0.));
#5483 = PCURVE('',#5301,#5484);
#5484 = DEFINITIONAL_REPRESENTATION('',(#5485),#5489);
#5485 = LINE('',#5486,#5487);
#5486 = CARTESIAN_POINT('',(42.,-90.));
#5487 = VECTOR('',#5488,1.);
#5488 = DIRECTION('',(-1.,0.));
#5489 = ( GEOMETRIC_REPRESENTATION_CONTEXT(2) 
PARAMETRIC_REPRESENTATION_CONTEXT() REPRESENTATION_CONTEXT('2D SPACE',''
  ) );
#5490 = PCURVE('',#5456,#5491);
#5491 = DEFINITIONAL_REPRESENTATION('',(#5492),#5496);
#5492 = LINE('',#5493,#5494);
#5493 = CARTESIAN_POINT('',(42.,-90.));
#5494 = VECTOR('',#5495,1.);
#5495 = DIRECTION('',(-1.,0.));
#5496 = ( GEOMETRIC_REPRESENTATION_CONTEXT(2) 
PARAMETRIC_REPRESENTATION_CONTEXT() REPRESENTATION_CONTEXT('2D SPACE',''
  ) );
#5497 = ORIENTED_EDGE('',*,*,#5417,.F.);
#5498 = ORIENTED_EDGE('',*,*,#5499,.F.);
#5499 = EDGE_CURVE('',#5365,#5389,#5500,.T.);
#5500 = SURFACE_CURVE('',#5501,(#5505,#5512),.PCURVE_S1.);
#5501 = LINE('',#5502,#5503);
#5502 = CARTESIAN_POINT('',(66.3,125.,-90.));
#5503 = VECTOR('',#5504,1.);
#5504 = DIRECTION('',(-1.,0.,0.));
#5505 = PCURVE('',#5301,#5506);
#5506 = DEFINITIONAL_REPRESENTATION('',(#5507),#5511);
#5507 = LINE('',#5508,#5509);
#5508 = CARTESIAN_POINT('',(66.3,90.));
#5509 = VECTOR('',#5510,1.);
#5510 = DIRECTION('',(-1.,0.));
#5511 = ( GEOMETRIC_REPRESENTATION_CONTEXT(2) 
PARAMETRIC_REPRESENTATION_CONTEXT() REPRESENTATION_CONTEXT('2D SPACE',''
  ) );
#5512 = PCURVE('',#5405,#5513);
#5513 = DEFINITIONAL_REPRESENTATION('',(#5514),#5518);
#5514 = LINE('',#5515,#5516);
#5515 = CARTESIAN_POINT('',(66.3,90.));
#5516 = VECTOR('',#5517,1.);
#5517 = DIRECTION('',(-1.,0.));
#5518 = ( GEOMETRIC_REPRESENTATION_CONTEXT(2) 
PARAMETRIC_REPRESENTATION_CONTEXT() REPRESENTATION_CONTEXT('2D SPACE',''
  ) );
#5519 = ADVANCED_FACE('',(#5520),#5405,.F.);
#5520 = FACE_BOUND('',#5521,.T.);
#5521 = EDGE_LOOP('',(#5522,#5523));
#5522 = ORIENTED_EDGE('',*,*,#5388,.F.);
#5523 = ORIENTED_EDGE('',*,*,#5499,.T.);
#5524 = ADVANCED_FACE('',(#5525),#5456,.F.);
#5525 = FACE_BOUND('',#5526,.T.);
#5526 = EDGE_LOOP('',(#5527,#5528));
#5527 = ORIENTED_EDGE('',*,*,#5441,.F.);
#5528 = ORIENTED_EDGE('',*,*,#5477,.F.);
#5529 = MANIFOLD_SOLID_BREP('PartBody',#5530);
#5530 = CLOSED_SHELL('',(#5531,#5651,#5727,#5805,#5876,#5923,#5931));
#5531 = ADVANCED_FACE('',(#5532),#5546,.F.);
#5532 = FACE_BOUND('',#5533,.F.);
#5533 = EDGE_LOOP('',(#5534,#5569,#5597,#5625));
#5534 = ORIENTED_EDGE('',*,*,#5535,.T.);
#5535 = EDGE_CURVE('',#5536,#5538,#5540,.T.);
#5536 = VERTEX_POINT('',#5537);
#5537 = CARTESIAN_POINT('',(-2.027869751516E-06,-124.9999811443,-0.));
#5538 = VERTEX_POINT('',#5539);
#5539 = CARTESIAN_POINT('',(-2.027869751516E-06,-124.9999811443,-81.));
#5540 = SURFACE_CURVE('',#5541,(#5545,#5557),.PCURVE_S1.);
#5541 = LINE('',#5542,#5543);
#5542 = CARTESIAN_POINT('',(-2.027869751516E-06,-124.9999811443,-0.));
#5543 = VECTOR('',#5544,1.);
#5544 = DIRECTION('',(-0.,-0.,-1.));
#5545 = PCURVE('',#5546,#5551);
#5546 = PLANE('',#5547);
#5547 = AXIS2_PLACEMENT_3D('',#5548,#5549,#5550);
#5548 = CARTESIAN_POINT('',(-2.027869751516E-06,-124.9999811443,0.));
#5549 = DIRECTION('',(0.,-1.,0.));
#5550 = DIRECTION('',(1.,0.,0.));
#5551 = DEFINITIONAL_REPRESENTATION('',(#5552),#5556);
#5552 = LINE('',#5553,#5554);
#5553 = CARTESIAN_POINT('',(0.,0.));
#5554 = VECTOR('',#5555,1.);
#5555 = DIRECTION('',(0.,-1.));
#5556 = ( GEOMETRIC_REPRESENTATION_CONTEXT(2) 
PARAMETRIC_REPRESENTATION_CONTEXT() REPRESENTATION_CONTEXT('2D SPACE',''
  ) );
#5557 = PCURVE('',#5558,#5563);
#5558 = PLANE('',#5559);
#5559 = AXIS2_PLACEMENT_3D('',#5560,#5561,#5562);
#5560 = CARTESIAN_POINT('',(-124.5,-125.,0.));
#5561 = DIRECTION('',(1.514507992294E-07,-1.,0.));
#5562 = DIRECTION('',(1.,1.514507992294E-07,0.));
#5563 = DEFINITIONAL_REPRESENTATION('',(#5564),#5568);
#5564 = LINE('',#5565,#5566);
#5565 = CARTESIAN_POINT('',(124.49999797213,0.));
#5566 = VECTOR('',#5567,1.);
#5567 = DIRECTION('',(0.,-1.));
#5568 = ( GEOMETRIC_REPRESENTATION_CONTEXT(2) 
PARAMETRIC_REPRESENTATION_CONTEXT() REPRESENTATION_CONTEXT('2D SPACE',''
  ) );
#5569 = ORIENTED_EDGE('',*,*,#5570,.T.);
#5570 = EDGE_CURVE('',#5538,#5571,#5573,.T.);
#5571 = VERTEX_POINT('',#5572);
#5572 = CARTESIAN_POINT('',(124.49999797213,-124.9999811443,-81.));
#5573 = SURFACE_CURVE('',#5574,(#5578,#5585),.PCURVE_S1.);
#5574 = LINE('',#5575,#5576);
#5575 = CARTESIAN_POINT('',(-2.027869751516E-06,-124.9999811443,-81.));
#5576 = VECTOR('',#5577,1.);
#5577 = DIRECTION('',(1.,0.,0.));
#5578 = PCURVE('',#5546,#5579);
#5579 = DEFINITIONAL_REPRESENTATION('',(#5580),#5584);
#5580 = LINE('',#5581,#5582);
#5581 = CARTESIAN_POINT('',(0.,-81.));
#5582 = VECTOR('',#5583,1.);
#5583 = DIRECTION('',(1.,0.));
#5584 = ( GEOMETRIC_REPRESENTATION_CONTEXT(2) 
PARAMETRIC_REPRESENTATION_CONTEXT() REPRESENTATION_CONTEXT('2D SPACE',''
  ) );
#5585 = PCURVE('',#5586,#5591);
#5586 = PLANE('',#5587);
#5587 = AXIS2_PLACEMENT_3D('',#5588,#5589,#5590);
#5588 = CARTESIAN_POINT('',(4.357451505646E-05,-260.0184195212,-81.));
#5589 = DIRECTION('',(-0.,-0.,-1.));
#5590 = DIRECTION('',(-1.,0.,0.));
#5591 = DEFINITIONAL_REPRESENTATION('',(#5592),#5596);
#5592 = LINE('',#5593,#5594);
#5593 = CARTESIAN_POINT('',(4.560238480797E-05,135.0184383769));
#5594 = VECTOR('',#5595,1.);
#5595 = DIRECTION('',(-1.,0.));
#5596 = ( GEOMETRIC_REPRESENTATION_CONTEXT(2) 
PARAMETRIC_REPRESENTATION_CONTEXT() REPRESENTATION_CONTEXT('2D SPACE',''
  ) );
#5597 = ORIENTED_EDGE('',*,*,#5598,.F.);
#5598 = EDGE_CURVE('',#5599,#5571,#5601,.T.);
#5599 = VERTEX_POINT('',#5600);
#5600 = CARTESIAN_POINT('',(124.49999797213,-124.9999811443,0.));
#5601 = SURFACE_CURVE('',#5602,(#5606,#5613),.PCURVE_S1.);
#5602 = LINE('',#5603,#5604);
#5603 = CARTESIAN_POINT('',(124.49999797213,-124.9999811443,0.));
#5604 = VECTOR('',#5605,1.);
#5605 = DIRECTION('',(-0.,-0.,-1.));
#5606 = PCURVE('',#5546,#5607);
#5607 = DEFINITIONAL_REPRESENTATION('',(#5608),#5612);
#5608 = LINE('',#5609,#5610);
#5609 = CARTESIAN_POINT('',(124.5,0.));
#5610 = VECTOR('',#5611,1.);
#5611 = DIRECTION('',(0.,-1.));
#5612 = ( GEOMETRIC_REPRESENTATION_CONTEXT(2) 
PARAMETRIC_REPRESENTATION_CONTEXT() REPRESENTATION_CONTEXT('2D SPACE',''
  ) );
#5613 = PCURVE('',#5614,#5619);
#5614 = PLANE('',#5615);
#5615 = AXIS2_PLACEMENT_3D('',#5616,#5617,#5618);
#5616 = CARTESIAN_POINT('',(124.49999797213,-124.9999811443,0.));
#5617 = DIRECTION('',(-0.994114712973,0.108332531824,0.));
#5618 = DIRECTION('',(-0.108332531824,-0.994114712973,0.));
#5619 = DEFINITIONAL_REPRESENTATION('',(#5620),#5624);
#5620 = LINE('',#5621,#5622);
#5621 = CARTESIAN_POINT('',(0.,0.));
#5622 = VECTOR('',#5623,1.);
#5623 = DIRECTION('',(0.,-1.));
#5624 = ( GEOMETRIC_REPRESENTATION_CONTEXT(2) 
PARAMETRIC_REPRESENTATION_CONTEXT() REPRESENTATION_CONTEXT('2D SPACE',''
  ) );
#5625 = ORIENTED_EDGE('',*,*,#5626,.F.);
#5626 = EDGE_CURVE('',#5536,#5599,#5627,.T.);
#5627 = SURFACE_CURVE('',#5628,(#5632,#5639),.PCURVE_S1.);
#5628 = LINE('',#5629,#5630);
#5629 = CARTESIAN_POINT('',(-2.027869751516E-06,-124.9999811443,-0.));
#5630 = VECTOR('',#5631,1.);
#5631 = DIRECTION('',(1.,0.,0.));
#5632 = PCURVE('',#5546,#5633);
#5633 = DEFINITIONAL_REPRESENTATION('',(#5634),#5638);
#5634 = LINE('',#5635,#5636);
#5635 = CARTESIAN_POINT('',(0.,0.));
#5636 = VECTOR('',#5637,1.);
#5637 = DIRECTION('',(1.,0.));
#5638 = ( GEOMETRIC_REPRESENTATION_CONTEXT(2) 
PARAMETRIC_REPRESENTATION_CONTEXT() REPRESENTATION_CONTEXT('2D SPACE',''
  ) );
#5639 = PCURVE('',#5640,#5645);
#5640 = PLANE('',#5641);
#5641 = AXIS2_PLACEMENT_3D('',#5642,#5643,#5644);
#5642 = CARTESIAN_POINT('',(4.357451505646E-05,-260.0184195212,0.));
#5643 = DIRECTION('',(-0.,-0.,-1.));
#5644 = DIRECTION('',(-1.,0.,0.));
#5645 = DEFINITIONAL_REPRESENTATION('',(#5646),#5650);
#5646 = LINE('',#5647,#5648);
#5647 = CARTESIAN_POINT('',(4.560238480797E-05,135.0184383769));
#5648 = VECTOR('',#5649,1.);
#5649 = DIRECTION('',(-1.,0.));
#5650 = ( GEOMETRIC_REPRESENTATION_CONTEXT(2) 
PARAMETRIC_REPRESENTATION_CONTEXT() REPRESENTATION_CONTEXT('2D SPACE',''
  ) );
#5651 = ADVANCED_FACE('',(#5652),#5614,.F.);
#5652 = FACE_BOUND('',#5653,.F.);
#5653 = EDGE_LOOP('',(#5654,#5655,#5678,#5706));
#5654 = ORIENTED_EDGE('',*,*,#5598,.T.);
#5655 = ORIENTED_EDGE('',*,*,#5656,.T.);
#5656 = EDGE_CURVE('',#5571,#5657,#5659,.T.);
#5657 = VERTEX_POINT('',#5658);
#5658 = CARTESIAN_POINT('',(99.000109318702,-359.,-81.));
#5659 = SURFACE_CURVE('',#5660,(#5664,#5671),.PCURVE_S1.);
#5660 = LINE('',#5661,#5662);
#5661 = CARTESIAN_POINT('',(124.49999797213,-124.9999811443,-81.));
#5662 = VECTOR('',#5663,1.);
#5663 = DIRECTION('',(-0.108332531824,-0.994114712973,0.));
#5664 = PCURVE('',#5614,#5665);
#5665 = DEFINITIONAL_REPRESENTATION('',(#5666),#5670);
#5666 = LINE('',#5667,#5668);
#5667 = CARTESIAN_POINT('',(-0.,-81.));
#5668 = VECTOR('',#5669,1.);
#5669 = DIRECTION('',(1.,0.));
#5670 = ( GEOMETRIC_REPRESENTATION_CONTEXT(2) 
PARAMETRIC_REPRESENTATION_CONTEXT() REPRESENTATION_CONTEXT('2D SPACE',''
  ) );
#5671 = PCURVE('',#5586,#5672);
#5672 = DEFINITIONAL_REPRESENTATION('',(#5673),#5677);
#5673 = LINE('',#5674,#5675);
#5674 = CARTESIAN_POINT('',(-124.4999543976,135.0184383769));
#5675 = VECTOR('',#5676,1.);
#5676 = DIRECTION('',(0.108332531824,-0.994114712973));
#5677 = ( GEOMETRIC_REPRESENTATION_CONTEXT(2) 
PARAMETRIC_REPRESENTATION_CONTEXT() REPRESENTATION_CONTEXT('2D SPACE',''
  ) );
#5678 = ORIENTED_EDGE('',*,*,#5679,.F.);
#5679 = EDGE_CURVE('',#5680,#5657,#5682,.T.);
#5680 = VERTEX_POINT('',#5681);
#5681 = CARTESIAN_POINT('',(99.000109318702,-359.,0.));
#5682 = SURFACE_CURVE('',#5683,(#5687,#5694),.PCURVE_S1.);
#5683 = LINE('',#5684,#5685);
#5684 = CARTESIAN_POINT('',(99.000109318702,-359.,0.));
#5685 = VECTOR('',#5686,1.);
#5686 = DIRECTION('',(-0.,-0.,-1.));
#5687 = PCURVE('',#5614,#5688);
#5688 = DEFINITIONAL_REPRESENTATION('',(#5689),#5693);
#5689 = LINE('',#5690,#5691);
#5690 = CARTESIAN_POINT('',(235.38532907929,0.));
#5691 = VECTOR('',#5692,1.);
#5692 = DIRECTION('',(0.,-1.));
#5693 = ( GEOMETRIC_REPRESENTATION_CONTEXT(2) 
PARAMETRIC_REPRESENTATION_CONTEXT() REPRESENTATION_CONTEXT('2D SPACE',''
  ) );
#5694 = PCURVE('',#5695,#5700);
#5695 = CYLINDRICAL_SURFACE('',#5696,99.586116728374);
#5696 = AXIS2_PLACEMENT_3D('',#5697,#5698,#5699);
#5697 = CARTESIAN_POINT('',(8.54712196088E-05,-348.2115838402,0.));
#5698 = DIRECTION('',(-0.,0.,1.));
#5699 = DIRECTION('',(0.994114712973,-0.108332531824,0.));
#5700 = DEFINITIONAL_REPRESENTATION('',(#5701),#5705);
#5701 = LINE('',#5702,#5703);
#5702 = CARTESIAN_POINT('',(-5.551115123126E-17,0.));
#5703 = VECTOR('',#5704,1.);
#5704 = DIRECTION('',(-0.,-1.));
#5705 = ( GEOMETRIC_REPRESENTATION_CONTEXT(2) 
PARAMETRIC_REPRESENTATION_CONTEXT() REPRESENTATION_CONTEXT('2D SPACE',''
  ) );
#5706 = ORIENTED_EDGE('',*,*,#5707,.F.);
#5707 = EDGE_CURVE('',#5599,#5680,#5708,.T.);
#5708 = SURFACE_CURVE('',#5709,(#5713,#5720),.PCURVE_S1.);
#5709 = LINE('',#5710,#5711);
#5710 = CARTESIAN_POINT('',(124.49999797213,-124.9999811443,0.));
#5711 = VECTOR('',#5712,1.);
#5712 = DIRECTION('',(-0.108332531824,-0.994114712973,0.));
#5713 = PCURVE('',#5614,#5714);
#5714 = DEFINITIONAL_REPRESENTATION('',(#5715),#5719);
#5715 = LINE('',#5716,#5717);
#5716 = CARTESIAN_POINT('',(0.,0.));
#5717 = VECTOR('',#5718,1.);
#5718 = DIRECTION('',(1.,0.));
#5719 = ( GEOMETRIC_REPRESENTATION_CONTEXT(2) 
PARAMETRIC_REPRESENTATION_CONTEXT() REPRESENTATION_CONTEXT('2D SPACE',''
  ) );
#5720 = PCURVE('',#5640,#5721);
#5721 = DEFINITIONAL_REPRESENTATION('',(#5722),#5726);
#5722 = LINE('',#5723,#5724);
#5723 = CARTESIAN_POINT('',(-124.4999543976,135.0184383769));
#5724 = VECTOR('',#5725,1.);
#5725 = DIRECTION('',(0.108332531824,-0.994114712973));
#5726 = ( GEOMETRIC_REPRESENTATION_CONTEXT(2) 
PARAMETRIC_REPRESENTATION_CONTEXT() REPRESENTATION_CONTEXT('2D SPACE',''
  ) );
#5727 = ADVANCED_FACE('',(#5728),#5695,.T.);
#5728 = FACE_BOUND('',#5729,.F.);
#5729 = EDGE_LOOP('',(#5730,#5731,#5755,#5783));
#5730 = ORIENTED_EDGE('',*,*,#5679,.T.);
#5731 = ORIENTED_EDGE('',*,*,#5732,.T.);
#5732 = EDGE_CURVE('',#5657,#5733,#5735,.T.);
#5733 = VERTEX_POINT('',#5734);
#5734 = CARTESIAN_POINT('',(-98.99993847845,-358.9999990622,-81.));
#5735 = SURFACE_CURVE('',#5736,(#5741,#5748),.PCURVE_S1.);
#5736 = CIRCLE('',#5737,99.586116728374);
#5737 = AXIS2_PLACEMENT_3D('',#5738,#5739,#5740);
#5738 = CARTESIAN_POINT('',(8.54712196088E-05,-348.2115838402,-81.));
#5739 = DIRECTION('',(0.,-0.,-1.));
#5740 = DIRECTION('',(0.994114712973,-0.108332531824,0.));
#5741 = PCURVE('',#5695,#5742);
#5742 = DEFINITIONAL_REPRESENTATION('',(#5743),#5747);
#5743 = LINE('',#5744,#5745);
#5744 = CARTESIAN_POINT('',(-0.,-81.));
#5745 = VECTOR('',#5746,1.);
#5746 = DIRECTION('',(-1.,0.));
#5747 = ( GEOMETRIC_REPRESENTATION_CONTEXT(2) 
PARAMETRIC_REPRESENTATION_CONTEXT() REPRESENTATION_CONTEXT('2D SPACE',''
  ) );
#5748 = PCURVE('',#5586,#5749);
#5749 = DEFINITIONAL_REPRESENTATION('',(#5750),#5754);
#5750 = CIRCLE('',#5751,99.586116728374);
#5751 = AXIS2_PLACEMENT_2D('',#5752,#5753);
#5752 = CARTESIAN_POINT('',(-4.189670455235E-05,-88.19316431899));
#5753 = DIRECTION('',(-0.994114712973,-0.108332531824));
#5754 = ( GEOMETRIC_REPRESENTATION_CONTEXT(2) 
PARAMETRIC_REPRESENTATION_CONTEXT() REPRESENTATION_CONTEXT('2D SPACE',''
  ) );
#5755 = ORIENTED_EDGE('',*,*,#5756,.F.);
#5756 = EDGE_CURVE('',#5757,#5733,#5759,.T.);
#5757 = VERTEX_POINT('',#5758);
#5758 = CARTESIAN_POINT('',(-98.99993847845,-358.9999990622,0.));
#5759 = SURFACE_CURVE('',#5760,(#5764,#5771),.PCURVE_S1.);
#5760 = LINE('',#5761,#5762);
#5761 = CARTESIAN_POINT('',(-98.99993847845,-358.9999990622,0.));
#5762 = VECTOR('',#5763,1.);
#5763 = DIRECTION('',(-0.,-0.,-1.));
#5764 = PCURVE('',#5695,#5765);
#5765 = DEFINITIONAL_REPRESENTATION('',(#5766),#5770);
#5766 = LINE('',#5767,#5768);
#5767 = CARTESIAN_POINT('',(-2.924501550915,0.));
#5768 = VECTOR('',#5769,1.);
#5769 = DIRECTION('',(-0.,-1.));
#5770 = ( GEOMETRIC_REPRESENTATION_CONTEXT(2) 
PARAMETRIC_REPRESENTATION_CONTEXT() REPRESENTATION_CONTEXT('2D SPACE',''
  ) );
#5771 = PCURVE('',#5772,#5777);
#5772 = PLANE('',#5773);
#5773 = AXIS2_PLACEMENT_3D('',#5774,#5775,#5776);
#5774 = CARTESIAN_POINT('',(-98.99993847845,-358.9999990622,0.));
#5775 = DIRECTION('',(0.994114632894,0.108333266666,-0.));
#5776 = DIRECTION('',(-0.108333266666,0.994114632894,-0.));
#5777 = DEFINITIONAL_REPRESENTATION('',(#5778),#5782);
#5778 = LINE('',#5779,#5780);
#5779 = CARTESIAN_POINT('',(0.,0.));
#5780 = VECTOR('',#5781,1.);
#5781 = DIRECTION('',(0.,-1.));
#5782 = ( GEOMETRIC_REPRESENTATION_CONTEXT(2) 
PARAMETRIC_REPRESENTATION_CONTEXT() REPRESENTATION_CONTEXT('2D SPACE',''
  ) );
#5783 = ORIENTED_EDGE('',*,*,#5784,.F.);
#5784 = EDGE_CURVE('',#5680,#5757,#5785,.T.);
#5785 = SURFACE_CURVE('',#5786,(#5791,#5798),.PCURVE_S1.);
#5786 = CIRCLE('',#5787,99.586116728374);
#5787 = AXIS2_PLACEMENT_3D('',#5788,#5789,#5790);
#5788 = CARTESIAN_POINT('',(8.54712196088E-05,-348.2115838402,0.));
#5789 = DIRECTION('',(0.,-0.,-1.));
#5790 = DIRECTION('',(0.994114712973,-0.108332531824,0.));
#5791 = PCURVE('',#5695,#5792);
#5792 = DEFINITIONAL_REPRESENTATION('',(#5793),#5797);
#5793 = LINE('',#5794,#5795);
#5794 = CARTESIAN_POINT('',(-0.,0.));
#5795 = VECTOR('',#5796,1.);
#5796 = DIRECTION('',(-1.,0.));
#5797 = ( GEOMETRIC_REPRESENTATION_CONTEXT(2) 
PARAMETRIC_REPRESENTATION_CONTEXT() REPRESENTATION_CONTEXT('2D SPACE',''
  ) );
#5798 = PCURVE('',#5640,#5799);
#5799 = DEFINITIONAL_REPRESENTATION('',(#5800),#5804);
#5800 = CIRCLE('',#5801,99.586116728374);
#5801 = AXIS2_PLACEMENT_2D('',#5802,#5803);
#5802 = CARTESIAN_POINT('',(-4.189670455235E-05,-88.19316431899));
#5803 = DIRECTION('',(-0.994114712973,-0.108332531824));
#5804 = ( GEOMETRIC_REPRESENTATION_CONTEXT(2) 
PARAMETRIC_REPRESENTATION_CONTEXT() REPRESENTATION_CONTEXT('2D SPACE',''
  ) );
#5805 = ADVANCED_FACE('',(#5806),#5772,.F.);
#5806 = FACE_BOUND('',#5807,.F.);
#5807 = EDGE_LOOP('',(#5808,#5809,#5832,#5855));
#5808 = ORIENTED_EDGE('',*,*,#5756,.T.);
#5809 = ORIENTED_EDGE('',*,*,#5810,.T.);
#5810 = EDGE_CURVE('',#5733,#5811,#5813,.T.);
#5811 = VERTEX_POINT('',#5812);
#5812 = CARTESIAN_POINT('',(-124.5,-125.,-81.));
#5813 = SURFACE_CURVE('',#5814,(#5818,#5825),.PCURVE_S1.);
#5814 = LINE('',#5815,#5816);
#5815 = CARTESIAN_POINT('',(-98.99993847845,-358.9999990622,-81.));
#5816 = VECTOR('',#5817,1.);
#5817 = DIRECTION('',(-0.108333266666,0.994114632894,-0.));
#5818 = PCURVE('',#5772,#5819);
#5819 = DEFINITIONAL_REPRESENTATION('',(#5820),#5824);
#5820 = LINE('',#5821,#5822);
#5821 = CARTESIAN_POINT('',(0.,-81.));
#5822 = VECTOR('',#5823,1.);
#5823 = DIRECTION('',(1.,0.));
#5824 = ( GEOMETRIC_REPRESENTATION_CONTEXT(2) 
PARAMETRIC_REPRESENTATION_CONTEXT() REPRESENTATION_CONTEXT('2D SPACE',''
  ) );
#5825 = PCURVE('',#5586,#5826);
#5826 = DEFINITIONAL_REPRESENTATION('',(#5827),#5831);
#5827 = LINE('',#5828,#5829);
#5828 = CARTESIAN_POINT('',(98.999982052969,-98.98157954095));
#5829 = VECTOR('',#5830,1.);
#5830 = DIRECTION('',(0.108333266666,0.994114632894));
#5831 = ( GEOMETRIC_REPRESENTATION_CONTEXT(2) 
PARAMETRIC_REPRESENTATION_CONTEXT() REPRESENTATION_CONTEXT('2D SPACE',''
  ) );
#5832 = ORIENTED_EDGE('',*,*,#5833,.F.);
#5833 = EDGE_CURVE('',#5834,#5811,#5836,.T.);
#5834 = VERTEX_POINT('',#5835);
#5835 = CARTESIAN_POINT('',(-124.5,-125.,0.));
#5836 = SURFACE_CURVE('',#5837,(#5841,#5848),.PCURVE_S1.);
#5837 = LINE('',#5838,#5839);
#5838 = CARTESIAN_POINT('',(-124.5,-125.,0.));
#5839 = VECTOR('',#5840,1.);
#5840 = DIRECTION('',(-0.,-0.,-1.));
#5841 = PCURVE('',#5772,#5842);
#5842 = DEFINITIONAL_REPRESENTATION('',(#5843),#5847);
#5843 = LINE('',#5844,#5845);
#5844 = CARTESIAN_POINT('',(235.3853281297,0.));
#5845 = VECTOR('',#5846,1.);
#5846 = DIRECTION('',(0.,-1.));
#5847 = ( GEOMETRIC_REPRESENTATION_CONTEXT(2) 
PARAMETRIC_REPRESENTATION_CONTEXT() REPRESENTATION_CONTEXT('2D SPACE',''
  ) );
#5848 = PCURVE('',#5558,#5849);
#5849 = DEFINITIONAL_REPRESENTATION('',(#5850),#5854);
#5850 = LINE('',#5851,#5852);
#5851 = CARTESIAN_POINT('',(0.,0.));
#5852 = VECTOR('',#5853,1.);
#5853 = DIRECTION('',(0.,-1.));
#5854 = ( GEOMETRIC_REPRESENTATION_CONTEXT(2) 
PARAMETRIC_REPRESENTATION_CONTEXT() REPRESENTATION_CONTEXT('2D SPACE',''
  ) );
#5855 = ORIENTED_EDGE('',*,*,#5856,.F.);
#5856 = EDGE_CURVE('',#5757,#5834,#5857,.T.);
#5857 = SURFACE_CURVE('',#5858,(#5862,#5869),.PCURVE_S1.);
#5858 = LINE('',#5859,#5860);
#5859 = CARTESIAN_POINT('',(-98.99993847845,-358.9999990622,0.));
#5860 = VECTOR('',#5861,1.);
#5861 = DIRECTION('',(-0.108333266666,0.994114632894,-0.));
#5862 = PCURVE('',#5772,#5863);
#5863 = DEFINITIONAL_REPRESENTATION('',(#5864),#5868);
#5864 = LINE('',#5865,#5866);
#5865 = CARTESIAN_POINT('',(0.,0.));
#5866 = VECTOR('',#5867,1.);
#5867 = DIRECTION('',(1.,0.));
#5868 = ( GEOMETRIC_REPRESENTATION_CONTEXT(2) 
PARAMETRIC_REPRESENTATION_CONTEXT() REPRESENTATION_CONTEXT('2D SPACE',''
  ) );
#5869 = PCURVE('',#5640,#5870);
#5870 = DEFINITIONAL_REPRESENTATION('',(#5871),#5875);
#5871 = LINE('',#5872,#5873);
#5872 = CARTESIAN_POINT('',(98.999982052969,-98.98157954095));
#5873 = VECTOR('',#5874,1.);
#5874 = DIRECTION('',(0.108333266666,0.994114632894));
#5875 = ( GEOMETRIC_REPRESENTATION_CONTEXT(2) 
PARAMETRIC_REPRESENTATION_CONTEXT() REPRESENTATION_CONTEXT('2D SPACE',''
  ) );
#5876 = ADVANCED_FACE('',(#5877),#5558,.F.);
#5877 = FACE_BOUND('',#5878,.F.);
#5878 = EDGE_LOOP('',(#5879,#5880,#5901,#5902));
#5879 = ORIENTED_EDGE('',*,*,#5833,.T.);
#5880 = ORIENTED_EDGE('',*,*,#5881,.T.);
#5881 = EDGE_CURVE('',#5811,#5538,#5882,.T.);
#5882 = SURFACE_CURVE('',#5883,(#5887,#5894),.PCURVE_S1.);
#5883 = LINE('',#5884,#5885);
#5884 = CARTESIAN_POINT('',(-124.5,-125.,-81.));
#5885 = VECTOR('',#5886,1.);
#5886 = DIRECTION('',(1.,1.514507992294E-07,0.));
#5887 = PCURVE('',#5558,#5888);
#5888 = DEFINITIONAL_REPRESENTATION('',(#5889),#5893);
#5889 = LINE('',#5890,#5891);
#5890 = CARTESIAN_POINT('',(0.,-81.));
#5891 = VECTOR('',#5892,1.);
#5892 = DIRECTION('',(1.,0.));
#5893 = ( GEOMETRIC_REPRESENTATION_CONTEXT(2) 
PARAMETRIC_REPRESENTATION_CONTEXT() REPRESENTATION_CONTEXT('2D SPACE',''
  ) );
#5894 = PCURVE('',#5586,#5895);
#5895 = DEFINITIONAL_REPRESENTATION('',(#5896),#5900);
#5896 = LINE('',#5897,#5898);
#5897 = CARTESIAN_POINT('',(124.50004357451,135.01841952128));
#5898 = VECTOR('',#5899,1.);
#5899 = DIRECTION('',(-1.,1.514507992294E-07));
#5900 = ( GEOMETRIC_REPRESENTATION_CONTEXT(2) 
PARAMETRIC_REPRESENTATION_CONTEXT() REPRESENTATION_CONTEXT('2D SPACE',''
  ) );
#5901 = ORIENTED_EDGE('',*,*,#5535,.F.);
#5902 = ORIENTED_EDGE('',*,*,#5903,.F.);
#5903 = EDGE_CURVE('',#5834,#5536,#5904,.T.);
#5904 = SURFACE_CURVE('',#5905,(#5909,#5916),.PCURVE_S1.);
#5905 = LINE('',#5906,#5907);
#5906 = CARTESIAN_POINT('',(-124.5,-125.,0.));
#5907 = VECTOR('',#5908,1.);
#5908 = DIRECTION('',(1.,1.514507992294E-07,0.));
#5909 = PCURVE('',#5558,#5910);
#5910 = DEFINITIONAL_REPRESENTATION('',(#5911),#5915);
#5911 = LINE('',#5912,#5913);
#5912 = CARTESIAN_POINT('',(0.,0.));
#5913 = VECTOR('',#5914,1.);
#5914 = DIRECTION('',(1.,0.));
#5915 = ( GEOMETRIC_REPRESENTATION_CONTEXT(2) 
PARAMETRIC_REPRESENTATION_CONTEXT() REPRESENTATION_CONTEXT('2D SPACE',''
  ) );
#5916 = PCURVE('',#5640,#5917);
#5917 = DEFINITIONAL_REPRESENTATION('',(#5918),#5922);
#5918 = LINE('',#5919,#5920);
#5919 = CARTESIAN_POINT('',(124.50004357451,135.01841952128));
#5920 = VECTOR('',#5921,1.);
#5921 = DIRECTION('',(-1.,1.514507992294E-07));
#5922 = ( GEOMETRIC_REPRESENTATION_CONTEXT(2) 
PARAMETRIC_REPRESENTATION_CONTEXT() REPRESENTATION_CONTEXT('2D SPACE',''
  ) );
#5923 = ADVANCED_FACE('',(#5924),#5640,.F.);
#5924 = FACE_BOUND('',#5925,.F.);
#5925 = EDGE_LOOP('',(#5926,#5927,#5928,#5929,#5930));
#5926 = ORIENTED_EDGE('',*,*,#5626,.T.);
#5927 = ORIENTED_EDGE('',*,*,#5707,.T.);
#5928 = ORIENTED_EDGE('',*,*,#5784,.T.);
#5929 = ORIENTED_EDGE('',*,*,#5856,.T.);
#5930 = ORIENTED_EDGE('',*,*,#5903,.T.);
#5931 = ADVANCED_FACE('',(#5932),#5586,.T.);
#5932 = FACE_BOUND('',#5933,.T.);
#5933 = EDGE_LOOP('',(#5934,#5935,#5936,#5937,#5938));
#5934 = ORIENTED_EDGE('',*,*,#5570,.T.);
#5935 = ORIENTED_EDGE('',*,*,#5656,.T.);
#5936 = ORIENTED_EDGE('',*,*,#5732,.T.);
#5937 = ORIENTED_EDGE('',*,*,#5810,.T.);
#5938 = ORIENTED_EDGE('',*,*,#5881,.T.);
#5939 = ( GEOMETRIC_REPRESENTATION_CONTEXT(3) 
GLOBAL_UNCERTAINTY_ASSIGNED_CONTEXT((#5943)) 
GLOBAL_UNIT_ASSIGNED_CONTEXT((#5940,#5941,#5942)) REPRESENTATION_CONTEXT
('Context #1','3D Context with UNIT and UNCERTAINTY') );
#5940 = ( LENGTH_UNIT() NAMED_UNIT(*) SI_UNIT(.MILLI.,.METRE.) );
#5941 = ( NAMED_UNIT(*) PLANE_ANGLE_UNIT() SI_UNIT($,.RADIAN.) );
#5942 = ( NAMED_UNIT(*) SI_UNIT($,.STERADIAN.) SOLID_ANGLE_UNIT() );
#5943 = UNCERTAINTY_MEASURE_WITH_UNIT(LENGTH_MEASURE(1.E-07),#5940,
  'distance_accuracy_value','confusion accuracy');
#5944 = PRODUCT_RELATED_PRODUCT_CATEGORY('part',$,(#7));
ENDSEC;
END-ISO-10303-21;
